ISO-10303-21;
HEADER;
FILE_DESCRIPTION(('STEP AP214'),'1');
FILE_NAME('CONN-TH_2P-P5.08_XY2500V-D-5.08-2P.stp','2021-08-18T14:16:38',(' '),(' '),'Spatial InterOp 3D',' ',' ');
FILE_SCHEMA(('AUTOMOTIVE_DESIGN { 1 0 10303 214 1 1 1 1 }'));
ENDSEC;
DATA;
#1=MECHANICAL_DESIGN_GEOMETRIC_PRESENTATION_REPRESENTATION(' ',(#15,#16,#17,#18,#19,#20,#21,#22,#23,#24,#25,#26,#27,#28,#29,#30,#31,#32,#33,#34,#35,#36,#37,#38,#39,#40,#41,#42,#43,#44,#45,#46,#47,#48,#49,#50,#51,#52,#53,#54,#55,#56,#57,#58,#59,#60,#61,#62,#63,#64,#65,#66,#67,#68,#69,#70,#71,#72,#73,#74,#75,#76,#77,#78,#79,#80,#81,#82,#83,#84,#85,#86,#87,#88,#89,#90,#91,#92,#93,#94,#95,#96,#97,#98,#99,#100,#101,#102,#103,#104,#105,#106,#107,#108,#109,#110,#111,#112,#113,#114,#115,#116,#117,#118,#119,#120,#121,#122,#123,#124,#125,#126,#127,#128,#129,#130,#131,#132,#133,#134,#135,#136,#137,#138,#139,#140,#141,#142,#143,#144,#145,#146,#147,#148,#149,#150,#151,#152,#153,#154,#155,#156,#157,#158,#159,#160,#161,#162,#163,#164,#165,#166,#167,#168,#169,#170,#171,#172,#173,#174,#175,#176,#177,#178,#179,#180,#181,#182,#183,#184,#185,#186,#187,#188,#189,#190,#191,#192,#193,#194,#195,#196,#197,#198,#199,#200,#201,#202,#203,#204,#205,#206,#207,#208,#209,#210,#211,#212,#213,#214,#215,#216,#217,#218,#219,#220,#221,#222,#223,#224,#225,#226,#227,#228,#229,#230,#231,#232),#6);
#2=PRODUCT_DEFINITION_CONTEXT('',#233,'design');
#3=APPLICATION_PROTOCOL_DEFINITION('INTERNATIONAL STANDARD','automotive_design',1994,#233);
#4=PRODUCT_CATEGORY_RELATIONSHIP('NONE','NONE',#234,#235);
#5=SHAPE_DEFINITION_REPRESENTATION(#236,#237);
#6= (GEOMETRIC_REPRESENTATION_CONTEXT(3)GLOBAL_UNCERTAINTY_ASSIGNED_CONTEXT((#240))GLOBAL_UNIT_ASSIGNED_CONTEXT((#242,#243,#244))REPRESENTATION_CONTEXT('NONE','WORKSPACE'));
#7=CONSTRUCTIVE_GEOMETRY_REPRESENTATION('',(#246),#6);
#8=SHAPE_REPRESENTATION('',(),#6);
#9=CONSTRUCTIVE_GEOMETRY_REPRESENTATION_RELATIONSHIP('','',#8,#7);
#10=PROPERTY_DEFINITION_REPRESENTATION(#247,#248);
#11=GENERAL_PROPERTY_ASSOCIATION('','',#249,#247);
#15=STYLED_ITEM('',(#250),#251);
#16=STYLED_ITEM('',(#252),#253);
#17=STYLED_ITEM('',(#254),#255);
#18=STYLED_ITEM('',(#256),#257);
#19=STYLED_ITEM('',(#258),#259);
#20=STYLED_ITEM('',(#260),#261);
#21=STYLED_ITEM('',(#262),#263);
#22=STYLED_ITEM('',(#264),#265);
#23=STYLED_ITEM('',(#266),#267);
#24=STYLED_ITEM('',(#268),#269);
#25=STYLED_ITEM('',(#270),#271);
#26=STYLED_ITEM('',(#272),#273);
#27=STYLED_ITEM('',(#274),#275);
#28=STYLED_ITEM('',(#276),#277);
#29=STYLED_ITEM('',(#278),#279);
#30=STYLED_ITEM('',(#280),#281);
#31=STYLED_ITEM('',(#282),#283);
#32=STYLED_ITEM('',(#284),#285);
#33=STYLED_ITEM('',(#286),#287);
#34=STYLED_ITEM('',(#288),#289);
#35=STYLED_ITEM('',(#290),#291);
#36=STYLED_ITEM('',(#292),#293);
#37=STYLED_ITEM('',(#294),#295);
#38=STYLED_ITEM('',(#296),#297);
#39=STYLED_ITEM('',(#298),#299);
#40=STYLED_ITEM('',(#300),#301);
#41=STYLED_ITEM('',(#302),#303);
#42=STYLED_ITEM('',(#304),#305);
#43=STYLED_ITEM('',(#306),#307);
#44=STYLED_ITEM('',(#308),#309);
#45=STYLED_ITEM('',(#310),#311);
#46=STYLED_ITEM('',(#312),#313);
#47=STYLED_ITEM('',(#314),#315);
#48=STYLED_ITEM('',(#316),#317);
#49=STYLED_ITEM('',(#318),#319);
#50=STYLED_ITEM('',(#320),#321);
#51=STYLED_ITEM('',(#322),#323);
#52=STYLED_ITEM('',(#324),#325);
#53=STYLED_ITEM('',(#326),#327);
#54=STYLED_ITEM('',(#328),#329);
#55=STYLED_ITEM('',(#330),#331);
#56=STYLED_ITEM('',(#332),#333);
#57=STYLED_ITEM('',(#334),#335);
#58=STYLED_ITEM('',(#336),#337);
#59=STYLED_ITEM('',(#338),#339);
#60=STYLED_ITEM('',(#340),#341);
#61=STYLED_ITEM('',(#342),#343);
#62=STYLED_ITEM('',(#344),#345);
#63=STYLED_ITEM('',(#346),#347);
#64=STYLED_ITEM('',(#348),#349);
#65=STYLED_ITEM('',(#350),#351);
#66=STYLED_ITEM('',(#352),#353);
#67=STYLED_ITEM('',(#354),#355);
#68=STYLED_ITEM('',(#356),#357);
#69=STYLED_ITEM('',(#358),#359);
#70=STYLED_ITEM('',(#360),#361);
#71=STYLED_ITEM('',(#362),#363);
#72=STYLED_ITEM('',(#364),#365);
#73=STYLED_ITEM('',(#366),#367);
#74=STYLED_ITEM('',(#368),#369);
#75=STYLED_ITEM('',(#370),#371);
#76=STYLED_ITEM('',(#372),#373);
#77=STYLED_ITEM('',(#374),#375);
#78=STYLED_ITEM('',(#376),#377);
#79=STYLED_ITEM('',(#378),#379);
#80=STYLED_ITEM('',(#380),#381);
#81=STYLED_ITEM('',(#382),#383);
#82=STYLED_ITEM('',(#384),#385);
#83=STYLED_ITEM('',(#386),#387);
#84=STYLED_ITEM('',(#388),#389);
#85=STYLED_ITEM('',(#390),#391);
#86=STYLED_ITEM('',(#392),#393);
#87=STYLED_ITEM('',(#394),#395);
#88=STYLED_ITEM('',(#396),#397);
#89=STYLED_ITEM('',(#398),#399);
#90=STYLED_ITEM('',(#400),#401);
#91=STYLED_ITEM('',(#402),#403);
#92=STYLED_ITEM('',(#404),#405);
#93=STYLED_ITEM('',(#406),#407);
#94=STYLED_ITEM('',(#408),#409);
#95=STYLED_ITEM('',(#410),#411);
#96=STYLED_ITEM('',(#412),#413);
#97=STYLED_ITEM('',(#414),#415);
#98=STYLED_ITEM('',(#416),#417);
#99=STYLED_ITEM('',(#418),#419);
#100=STYLED_ITEM('',(#420),#421);
#101=STYLED_ITEM('',(#422),#423);
#102=STYLED_ITEM('',(#424),#425);
#103=STYLED_ITEM('',(#426),#427);
#104=STYLED_ITEM('',(#428),#429);
#105=STYLED_ITEM('',(#430),#431);
#106=STYLED_ITEM('',(#432),#433);
#107=STYLED_ITEM('',(#434),#435);
#108=STYLED_ITEM('',(#436),#437);
#109=STYLED_ITEM('',(#438),#439);
#110=STYLED_ITEM('',(#440),#441);
#111=STYLED_ITEM('',(#442),#443);
#112=STYLED_ITEM('',(#444),#445);
#113=STYLED_ITEM('',(#446),#447);
#114=STYLED_ITEM('',(#448),#449);
#115=STYLED_ITEM('',(#450),#451);
#116=STYLED_ITEM('',(#452),#453);
#117=STYLED_ITEM('',(#454),#455);
#118=STYLED_ITEM('',(#456),#457);
#119=STYLED_ITEM('',(#458),#459);
#120=STYLED_ITEM('',(#460),#461);
#121=STYLED_ITEM('',(#462),#463);
#122=STYLED_ITEM('',(#464),#465);
#123=STYLED_ITEM('',(#466),#467);
#124=STYLED_ITEM('',(#468),#469);
#125=STYLED_ITEM('',(#470),#471);
#126=STYLED_ITEM('',(#472),#473);
#127=STYLED_ITEM('',(#474),#475);
#128=STYLED_ITEM('',(#476),#477);
#129=STYLED_ITEM('',(#478),#479);
#130=STYLED_ITEM('',(#480),#481);
#131=STYLED_ITEM('',(#482),#483);
#132=STYLED_ITEM('',(#484),#485);
#133=STYLED_ITEM('',(#486),#487);
#134=STYLED_ITEM('',(#488),#489);
#135=STYLED_ITEM('',(#490),#491);
#136=STYLED_ITEM('',(#492),#493);
#137=STYLED_ITEM('',(#494),#495);
#138=STYLED_ITEM('',(#496),#497);
#139=STYLED_ITEM('',(#498),#499);
#140=STYLED_ITEM('',(#500),#501);
#141=STYLED_ITEM('',(#502),#503);
#142=STYLED_ITEM('',(#504),#505);
#143=STYLED_ITEM('',(#506),#507);
#144=STYLED_ITEM('',(#508),#509);
#145=STYLED_ITEM('',(#510),#511);
#146=STYLED_ITEM('',(#512),#513);
#147=STYLED_ITEM('',(#514),#515);
#148=STYLED_ITEM('',(#516),#517);
#149=STYLED_ITEM('',(#518),#519);
#150=STYLED_ITEM('',(#520),#521);
#151=STYLED_ITEM('',(#522),#523);
#152=STYLED_ITEM('',(#524),#525);
#153=STYLED_ITEM('',(#526),#527);
#154=STYLED_ITEM('',(#528),#529);
#155=STYLED_ITEM('',(#530),#531);
#156=STYLED_ITEM('',(#532),#533);
#157=STYLED_ITEM('',(#534),#535);
#158=STYLED_ITEM('',(#536),#537);
#159=STYLED_ITEM('',(#538),#539);
#160=STYLED_ITEM('',(#540),#541);
#161=STYLED_ITEM('',(#542),#543);
#162=STYLED_ITEM('',(#544),#545);
#163=STYLED_ITEM('',(#546),#547);
#164=STYLED_ITEM('',(#548),#549);
#165=STYLED_ITEM('',(#550),#551);
#166=STYLED_ITEM('',(#552),#553);
#167=STYLED_ITEM('',(#554),#555);
#168=STYLED_ITEM('',(#556),#557);
#169=STYLED_ITEM('',(#558),#559);
#170=STYLED_ITEM('',(#560),#561);
#171=STYLED_ITEM('',(#562),#563);
#172=STYLED_ITEM('',(#564),#565);
#173=STYLED_ITEM('',(#566),#567);
#174=STYLED_ITEM('',(#568),#569);
#175=STYLED_ITEM('',(#570),#571);
#176=STYLED_ITEM('',(#572),#573);
#177=STYLED_ITEM('',(#574),#575);
#178=STYLED_ITEM('',(#576),#577);
#179=STYLED_ITEM('',(#578),#579);
#180=STYLED_ITEM('',(#580),#581);
#181=STYLED_ITEM('',(#582),#583);
#182=STYLED_ITEM('',(#584),#585);
#183=STYLED_ITEM('',(#586),#587);
#184=STYLED_ITEM('',(#588),#589);
#185=STYLED_ITEM('',(#590),#591);
#186=STYLED_ITEM('',(#592),#593);
#187=STYLED_ITEM('',(#594),#595);
#188=STYLED_ITEM('',(#596),#597);
#189=STYLED_ITEM('',(#598),#599);
#190=STYLED_ITEM('',(#600),#601);
#191=STYLED_ITEM('',(#602),#603);
#192=STYLED_ITEM('',(#604),#605);
#193=STYLED_ITEM('',(#606),#607);
#194=STYLED_ITEM('',(#608),#609);
#195=STYLED_ITEM('',(#610),#611);
#196=STYLED_ITEM('',(#612),#613);
#197=STYLED_ITEM('',(#614),#615);
#198=STYLED_ITEM('',(#616),#617);
#199=STYLED_ITEM('',(#618),#619);
#200=STYLED_ITEM('',(#620),#621);
#201=STYLED_ITEM('',(#622),#623);
#202=STYLED_ITEM('',(#624),#625);
#203=STYLED_ITEM('',(#626),#627);
#204=STYLED_ITEM('',(#628),#629);
#205=STYLED_ITEM('',(#630),#631);
#206=STYLED_ITEM('',(#632),#633);
#207=STYLED_ITEM('',(#634),#635);
#208=STYLED_ITEM('',(#636),#637);
#209=STYLED_ITEM('',(#638),#639);
#210=STYLED_ITEM('',(#640),#641);
#211=STYLED_ITEM('',(#642),#643);
#212=STYLED_ITEM('',(#644),#645);
#213=STYLED_ITEM('',(#646),#647);
#214=STYLED_ITEM('',(#648),#649);
#215=STYLED_ITEM('',(#650),#651);
#216=STYLED_ITEM('',(#652),#653);
#217=STYLED_ITEM('',(#654),#655);
#218=STYLED_ITEM('',(#656),#657);
#219=STYLED_ITEM('',(#658),#659);
#220=STYLED_ITEM('',(#660),#661);
#221=STYLED_ITEM('',(#662),#663);
#222=STYLED_ITEM('',(#664),#665);
#223=STYLED_ITEM('',(#666),#667);
#224=STYLED_ITEM('',(#668),#669);
#225=STYLED_ITEM('',(#670),#671);
#226=STYLED_ITEM('',(#672),#673);
#227=STYLED_ITEM('',(#674),#675);
#228=STYLED_ITEM('',(#676),#677);
#229=STYLED_ITEM('',(#678),#679);
#230=STYLED_ITEM('',(#680),#681);
#231=STYLED_ITEM('',(#682),#683);
#232=STYLED_ITEM('',(#684),#685);
#233=APPLICATION_CONTEXT(' ');
#234=PRODUCT_CATEGORY('part','NONE');
#235=PRODUCT_RELATED_PRODUCT_CATEGORY('detail',' ',(#686));
#236=PRODUCT_DEFINITION_SHAPE('NONE','NONE',#687);
#237=ADVANCED_BREP_SHAPE_REPRESENTATION('11',(#688,#689),#6);
#240=UNCERTAINTY_MEASURE_WITH_UNIT(LENGTH_MEASURE(1.0E-06),#242,'','');
#242= (CONVERSION_BASED_UNIT('MILLIMETRE',#692)LENGTH_UNIT()NAMED_UNIT(#695));
#243= (NAMED_UNIT(#697)PLANE_ANGLE_UNIT()SI_UNIT($,.RADIAN.));
#244= (NAMED_UNIT(#697)SOLID_ANGLE_UNIT()SI_UNIT($,.STERADIAN.));
#246=AXIS2_PLACEMENT_3D('PRT_CSYS_DEF',#703,#704,#705);
#247=PROPERTY_DEFINITION('MODELED_BY','',#687);
#248=REPRESENTATION('',(#706),#6);
#249=GENERAL_PROPERTY('','','');
#250=PRESENTATION_STYLE_ASSIGNMENT((#707));
#251=ADVANCED_FACE('',(#708),#709,.T.);
#252=PRESENTATION_STYLE_ASSIGNMENT((#710));
#253=ADVANCED_FACE('',(#711),#712,.T.);
#254=PRESENTATION_STYLE_ASSIGNMENT((#713));
#255=ADVANCED_FACE('',(#714),#715,.T.);
#256=PRESENTATION_STYLE_ASSIGNMENT((#716));
#257=ADVANCED_FACE('',(#717),#718,.T.);
#258=PRESENTATION_STYLE_ASSIGNMENT((#719));
#259=ADVANCED_FACE('',(#720),#721,.F.);
#260=PRESENTATION_STYLE_ASSIGNMENT((#722));
#261=ADVANCED_FACE('',(#723),#724,.T.);
#262=PRESENTATION_STYLE_ASSIGNMENT((#725));
#263=ADVANCED_FACE('',(#726),#727,.T.);
#264=PRESENTATION_STYLE_ASSIGNMENT((#728));
#265=ADVANCED_FACE('',(#729),#730,.T.);
#266=PRESENTATION_STYLE_ASSIGNMENT((#731));
#267=ADVANCED_FACE('',(#732,#733),#734,.T.);
#268=PRESENTATION_STYLE_ASSIGNMENT((#735));
#269=ADVANCED_FACE('',(#736),#737,.T.);
#270=PRESENTATION_STYLE_ASSIGNMENT((#738));
#271=ADVANCED_FACE('',(#739),#740,.T.);
#272=PRESENTATION_STYLE_ASSIGNMENT((#741));
#273=ADVANCED_FACE('',(#742),#743,.T.);
#274=PRESENTATION_STYLE_ASSIGNMENT((#744));
#275=ADVANCED_FACE('',(#745),#746,.T.);
#276=PRESENTATION_STYLE_ASSIGNMENT((#747));
#277=ADVANCED_FACE('',(#748),#749,.T.);
#278=PRESENTATION_STYLE_ASSIGNMENT((#750));
#279=ADVANCED_FACE('',(#751),#752,.T.);
#280=PRESENTATION_STYLE_ASSIGNMENT((#753));
#281=ADVANCED_FACE('',(#754),#755,.T.);
#282=PRESENTATION_STYLE_ASSIGNMENT((#756));
#283=ADVANCED_FACE('',(#757),#758,.T.);
#284=PRESENTATION_STYLE_ASSIGNMENT((#759));
#285=ADVANCED_FACE('',(#760,#761,#762,#763,#764,#765),#766,.F.);
#286=PRESENTATION_STYLE_ASSIGNMENT((#767));
#287=ADVANCED_FACE('',(#768),#769,.T.);
#288=PRESENTATION_STYLE_ASSIGNMENT((#770));
#289=ADVANCED_FACE('',(#771),#772,.T.);
#290=PRESENTATION_STYLE_ASSIGNMENT((#773));
#291=ADVANCED_FACE('',(#774),#775,.T.);
#292=PRESENTATION_STYLE_ASSIGNMENT((#776));
#293=ADVANCED_FACE('',(#777),#778,.T.);
#294=PRESENTATION_STYLE_ASSIGNMENT((#779));
#295=ADVANCED_FACE('',(#780),#781,.T.);
#296=PRESENTATION_STYLE_ASSIGNMENT((#782));
#297=ADVANCED_FACE('',(#783),#784,.T.);
#298=PRESENTATION_STYLE_ASSIGNMENT((#785));
#299=ADVANCED_FACE('',(#786),#787,.T.);
#300=PRESENTATION_STYLE_ASSIGNMENT((#788));
#301=ADVANCED_FACE('',(#789),#790,.T.);
#302=PRESENTATION_STYLE_ASSIGNMENT((#791));
#303=ADVANCED_FACE('',(#792),#793,.T.);
#304=PRESENTATION_STYLE_ASSIGNMENT((#794));
#305=ADVANCED_FACE('',(#795),#796,.T.);
#306=PRESENTATION_STYLE_ASSIGNMENT((#797));
#307=ADVANCED_FACE('',(#798),#799,.T.);
#308=PRESENTATION_STYLE_ASSIGNMENT((#800));
#309=ADVANCED_FACE('',(#801),#802,.T.);
#310=PRESENTATION_STYLE_ASSIGNMENT((#803));
#311=ADVANCED_FACE('',(#804),#805,.T.);
#312=PRESENTATION_STYLE_ASSIGNMENT((#806));
#313=ADVANCED_FACE('',(#807),#808,.T.);
#314=PRESENTATION_STYLE_ASSIGNMENT((#809));
#315=ADVANCED_FACE('',(#810),#811,.T.);
#316=PRESENTATION_STYLE_ASSIGNMENT((#812));
#317=ADVANCED_FACE('',(#813),#814,.T.);
#318=PRESENTATION_STYLE_ASSIGNMENT((#815));
#319=ADVANCED_FACE('',(#816),#817,.T.);
#320=PRESENTATION_STYLE_ASSIGNMENT((#818));
#321=ADVANCED_FACE('',(#819),#820,.T.);
#322=PRESENTATION_STYLE_ASSIGNMENT((#821));
#323=ADVANCED_FACE('',(#822),#823,.T.);
#324=PRESENTATION_STYLE_ASSIGNMENT((#824));
#325=ADVANCED_FACE('',(#825),#826,.T.);
#326=PRESENTATION_STYLE_ASSIGNMENT((#827));
#327=ADVANCED_FACE('',(#828),#829,.T.);
#328=PRESENTATION_STYLE_ASSIGNMENT((#830));
#329=ADVANCED_FACE('',(#831),#832,.T.);
#330=PRESENTATION_STYLE_ASSIGNMENT((#833));
#331=ADVANCED_FACE('',(#834),#835,.T.);
#332=PRESENTATION_STYLE_ASSIGNMENT((#836));
#333=ADVANCED_FACE('',(#837),#838,.T.);
#334=PRESENTATION_STYLE_ASSIGNMENT((#839));
#335=ADVANCED_FACE('',(#840),#841,.T.);
#336=PRESENTATION_STYLE_ASSIGNMENT((#842));
#337=ADVANCED_FACE('',(#843),#844,.T.);
#338=PRESENTATION_STYLE_ASSIGNMENT((#845));
#339=ADVANCED_FACE('',(#846),#847,.T.);
#340=PRESENTATION_STYLE_ASSIGNMENT((#848));
#341=ADVANCED_FACE('',(#849),#850,.T.);
#342=PRESENTATION_STYLE_ASSIGNMENT((#851));
#343=ADVANCED_FACE('',(#852),#853,.T.);
#344=PRESENTATION_STYLE_ASSIGNMENT((#854));
#345=ADVANCED_FACE('',(#855),#856,.T.);
#346=PRESENTATION_STYLE_ASSIGNMENT((#857));
#347=ADVANCED_FACE('',(#858),#859,.T.);
#348=PRESENTATION_STYLE_ASSIGNMENT((#860));
#349=ADVANCED_FACE('',(#861),#862,.T.);
#350=PRESENTATION_STYLE_ASSIGNMENT((#863));
#351=ADVANCED_FACE('',(#864),#865,.T.);
#352=PRESENTATION_STYLE_ASSIGNMENT((#866));
#353=ADVANCED_FACE('',(#867),#868,.T.);
#354=PRESENTATION_STYLE_ASSIGNMENT((#869));
#355=ADVANCED_FACE('',(#870),#871,.T.);
#356=PRESENTATION_STYLE_ASSIGNMENT((#872));
#357=ADVANCED_FACE('',(#873),#874,.T.);
#358=PRESENTATION_STYLE_ASSIGNMENT((#875));
#359=ADVANCED_FACE('',(#876),#877,.T.);
#360=PRESENTATION_STYLE_ASSIGNMENT((#878));
#361=ADVANCED_FACE('',(#879),#880,.T.);
#362=PRESENTATION_STYLE_ASSIGNMENT((#881));
#363=ADVANCED_FACE('',(#882),#883,.T.);
#364=PRESENTATION_STYLE_ASSIGNMENT((#884));
#365=ADVANCED_FACE('',(#885),#886,.T.);
#366=PRESENTATION_STYLE_ASSIGNMENT((#887));
#367=ADVANCED_FACE('',(#888),#889,.T.);
#368=PRESENTATION_STYLE_ASSIGNMENT((#890));
#369=ADVANCED_FACE('',(#891),#892,.T.);
#370=PRESENTATION_STYLE_ASSIGNMENT((#893));
#371=ADVANCED_FACE('',(#894),#895,.T.);
#372=PRESENTATION_STYLE_ASSIGNMENT((#896));
#373=ADVANCED_FACE('',(#897),#898,.T.);
#374=PRESENTATION_STYLE_ASSIGNMENT((#899));
#375=ADVANCED_FACE('',(#900),#901,.T.);
#376=PRESENTATION_STYLE_ASSIGNMENT((#902));
#377=ADVANCED_FACE('',(#903),#904,.T.);
#378=PRESENTATION_STYLE_ASSIGNMENT((#905));
#379=ADVANCED_FACE('',(#906),#907,.T.);
#380=PRESENTATION_STYLE_ASSIGNMENT((#908));
#381=ADVANCED_FACE('',(#909),#910,.T.);
#382=PRESENTATION_STYLE_ASSIGNMENT((#911));
#383=ADVANCED_FACE('',(#912),#913,.T.);
#384=PRESENTATION_STYLE_ASSIGNMENT((#914));
#385=ADVANCED_FACE('',(#915),#916,.T.);
#386=PRESENTATION_STYLE_ASSIGNMENT((#917));
#387=ADVANCED_FACE('',(#918),#919,.T.);
#388=PRESENTATION_STYLE_ASSIGNMENT((#920));
#389=ADVANCED_FACE('',(#921),#922,.T.);
#390=PRESENTATION_STYLE_ASSIGNMENT((#923));
#391=ADVANCED_FACE('',(#924),#925,.T.);
#392=PRESENTATION_STYLE_ASSIGNMENT((#926));
#393=ADVANCED_FACE('',(#927),#928,.T.);
#394=PRESENTATION_STYLE_ASSIGNMENT((#929));
#395=ADVANCED_FACE('',(#930),#931,.T.);
#396=PRESENTATION_STYLE_ASSIGNMENT((#932));
#397=ADVANCED_FACE('',(#933),#934,.T.);
#398=PRESENTATION_STYLE_ASSIGNMENT((#935));
#399=ADVANCED_FACE('',(#936),#937,.T.);
#400=PRESENTATION_STYLE_ASSIGNMENT((#938));
#401=ADVANCED_FACE('',(#939),#940,.T.);
#402=PRESENTATION_STYLE_ASSIGNMENT((#941));
#403=ADVANCED_FACE('',(#942),#943,.T.);
#404=PRESENTATION_STYLE_ASSIGNMENT((#944));
#405=ADVANCED_FACE('',(#945),#946,.T.);
#406=PRESENTATION_STYLE_ASSIGNMENT((#947));
#407=ADVANCED_FACE('',(#948),#949,.T.);
#408=PRESENTATION_STYLE_ASSIGNMENT((#950));
#409=ADVANCED_FACE('',(#951),#952,.T.);
#410=PRESENTATION_STYLE_ASSIGNMENT((#953));
#411=ADVANCED_FACE('',(#954),#955,.T.);
#412=PRESENTATION_STYLE_ASSIGNMENT((#956));
#413=ADVANCED_FACE('',(#957),#958,.T.);
#414=PRESENTATION_STYLE_ASSIGNMENT((#959));
#415=ADVANCED_FACE('',(#960),#961,.T.);
#416=PRESENTATION_STYLE_ASSIGNMENT((#962));
#417=ADVANCED_FACE('',(#963),#964,.T.);
#418=PRESENTATION_STYLE_ASSIGNMENT((#965));
#419=ADVANCED_FACE('',(#966),#967,.T.);
#420=PRESENTATION_STYLE_ASSIGNMENT((#968));
#421=ADVANCED_FACE('',(#969),#970,.T.);
#422=PRESENTATION_STYLE_ASSIGNMENT((#971));
#423=ADVANCED_FACE('',(#972),#973,.T.);
#424=PRESENTATION_STYLE_ASSIGNMENT((#974));
#425=ADVANCED_FACE('',(#975),#976,.T.);
#426=PRESENTATION_STYLE_ASSIGNMENT((#977));
#427=ADVANCED_FACE('',(#978),#979,.T.);
#428=PRESENTATION_STYLE_ASSIGNMENT((#980));
#429=ADVANCED_FACE('',(#981),#982,.T.);
#430=PRESENTATION_STYLE_ASSIGNMENT((#983));
#431=ADVANCED_FACE('',(#984),#985,.T.);
#432=PRESENTATION_STYLE_ASSIGNMENT((#986));
#433=ADVANCED_FACE('',(#987),#988,.F.);
#434=PRESENTATION_STYLE_ASSIGNMENT((#989));
#435=ADVANCED_FACE('',(#990),#991,.F.);
#436=PRESENTATION_STYLE_ASSIGNMENT((#992));
#437=ADVANCED_FACE('',(#993),#994,.T.);
#438=PRESENTATION_STYLE_ASSIGNMENT((#995));
#439=ADVANCED_FACE('',(#996),#997,.T.);
#440=PRESENTATION_STYLE_ASSIGNMENT((#998));
#441=ADVANCED_FACE('',(#999),#1000,.F.);
#442=PRESENTATION_STYLE_ASSIGNMENT((#1001));
#443=ADVANCED_FACE('',(#1002),#1003,.F.);
#444=PRESENTATION_STYLE_ASSIGNMENT((#1004));
#445=ADVANCED_FACE('',(#1005),#1006,.T.);
#446=PRESENTATION_STYLE_ASSIGNMENT((#1007));
#447=ADVANCED_FACE('',(#1008),#1009,.F.);
#448=PRESENTATION_STYLE_ASSIGNMENT((#1010));
#449=ADVANCED_FACE('',(#1011),#1012,.F.);
#450=PRESENTATION_STYLE_ASSIGNMENT((#1013));
#451=ADVANCED_FACE('',(#1014),#1015,.T.);
#452=PRESENTATION_STYLE_ASSIGNMENT((#1016));
#453=ADVANCED_FACE('',(#1017),#1018,.T.);
#454=PRESENTATION_STYLE_ASSIGNMENT((#1019));
#455=ADVANCED_FACE('',(#1020),#1021,.T.);
#456=PRESENTATION_STYLE_ASSIGNMENT((#1022));
#457=ADVANCED_FACE('',(#1023,#1024),#1025,.T.);
#458=PRESENTATION_STYLE_ASSIGNMENT((#1026));
#459=ADVANCED_FACE('',(#1027),#1028,.F.);
#460=PRESENTATION_STYLE_ASSIGNMENT((#1029));
#461=ADVANCED_FACE('',(#1030),#1031,.F.);
#462=PRESENTATION_STYLE_ASSIGNMENT((#1032));
#463=ADVANCED_FACE('',(#1033),#1034,.F.);
#464=PRESENTATION_STYLE_ASSIGNMENT((#1035));
#465=ADVANCED_FACE('',(#1036,#1037),#1038,.T.);
#466=PRESENTATION_STYLE_ASSIGNMENT((#1039));
#467=ADVANCED_FACE('',(#1040),#1041,.F.);
#468=PRESENTATION_STYLE_ASSIGNMENT((#1042));
#469=ADVANCED_FACE('',(#1043),#1044,.F.);
#470=PRESENTATION_STYLE_ASSIGNMENT((#1045));
#471=ADVANCED_FACE('',(#1046,#1047),#1048,.T.);
#472=PRESENTATION_STYLE_ASSIGNMENT((#1049));
#473=ADVANCED_FACE('',(#1050),#1051,.F.);
#474=PRESENTATION_STYLE_ASSIGNMENT((#1052));
#475=ADVANCED_FACE('',(#1053),#1054,.T.);
#476=PRESENTATION_STYLE_ASSIGNMENT((#1055));
#477=ADVANCED_FACE('',(#1056),#1057,.T.);
#478=PRESENTATION_STYLE_ASSIGNMENT((#1058));
#479=ADVANCED_FACE('',(#1059),#1060,.F.);
#480=PRESENTATION_STYLE_ASSIGNMENT((#1061));
#481=ADVANCED_FACE('',(#1062),#1063,.F.);
#482=PRESENTATION_STYLE_ASSIGNMENT((#1064));
#483=ADVANCED_FACE('',(#1065),#1066,.F.);
#484=PRESENTATION_STYLE_ASSIGNMENT((#1067));
#485=ADVANCED_FACE('',(#1068),#1069,.T.);
#486=PRESENTATION_STYLE_ASSIGNMENT((#1070));
#487=ADVANCED_FACE('',(#1071),#1072,.T.);
#488=PRESENTATION_STYLE_ASSIGNMENT((#1073));
#489=ADVANCED_FACE('',(#1074),#1075,.T.);
#490=PRESENTATION_STYLE_ASSIGNMENT((#1076));
#491=ADVANCED_FACE('',(#1077),#1078,.T.);
#492=PRESENTATION_STYLE_ASSIGNMENT((#1079));
#493=ADVANCED_FACE('',(#1080),#1081,.T.);
#494=PRESENTATION_STYLE_ASSIGNMENT((#1082));
#495=ADVANCED_FACE('',(#1083),#1084,.T.);
#496=PRESENTATION_STYLE_ASSIGNMENT((#1085));
#497=ADVANCED_FACE('',(#1086),#1087,.T.);
#498=PRESENTATION_STYLE_ASSIGNMENT((#1088));
#499=ADVANCED_FACE('',(#1089),#1090,.T.);
#500=PRESENTATION_STYLE_ASSIGNMENT((#1091));
#501=ADVANCED_FACE('',(#1092),#1093,.T.);
#502=PRESENTATION_STYLE_ASSIGNMENT((#1094));
#503=ADVANCED_FACE('',(#1095),#1096,.T.);
#504=PRESENTATION_STYLE_ASSIGNMENT((#1097));
#505=ADVANCED_FACE('',(#1098),#1099,.T.);
#506=PRESENTATION_STYLE_ASSIGNMENT((#1100));
#507=ADVANCED_FACE('',(#1101),#1102,.T.);
#508=PRESENTATION_STYLE_ASSIGNMENT((#1103));
#509=ADVANCED_FACE('',(#1104),#1105,.F.);
#510=PRESENTATION_STYLE_ASSIGNMENT((#1106));
#511=ADVANCED_FACE('',(#1107),#1108,.F.);
#512=PRESENTATION_STYLE_ASSIGNMENT((#1109));
#513=ADVANCED_FACE('',(#1110),#1111,.F.);
#514=PRESENTATION_STYLE_ASSIGNMENT((#1112));
#515=ADVANCED_FACE('',(#1113),#1114,.F.);
#516=PRESENTATION_STYLE_ASSIGNMENT((#1115));
#517=ADVANCED_FACE('',(#1116),#1117,.F.);
#518=PRESENTATION_STYLE_ASSIGNMENT((#1118));
#519=ADVANCED_FACE('',(#1119),#1120,.F.);
#520=PRESENTATION_STYLE_ASSIGNMENT((#1121));
#521=ADVANCED_FACE('',(#1122),#1123,.F.);
#522=PRESENTATION_STYLE_ASSIGNMENT((#1124));
#523=ADVANCED_FACE('',(#1125),#1126,.F.);
#524=PRESENTATION_STYLE_ASSIGNMENT((#1127));
#525=ADVANCED_FACE('',(#1128),#1129,.F.);
#526=PRESENTATION_STYLE_ASSIGNMENT((#1130));
#527=ADVANCED_FACE('',(#1131),#1132,.F.);
#528=PRESENTATION_STYLE_ASSIGNMENT((#1133));
#529=ADVANCED_FACE('',(#1134),#1135,.F.);
#530=PRESENTATION_STYLE_ASSIGNMENT((#1136));
#531=ADVANCED_FACE('',(#1137),#1138,.F.);
#532=PRESENTATION_STYLE_ASSIGNMENT((#1139));
#533=ADVANCED_FACE('',(#1140),#1141,.T.);
#534=PRESENTATION_STYLE_ASSIGNMENT((#1142));
#535=ADVANCED_FACE('',(#1143),#1144,.F.);
#536=PRESENTATION_STYLE_ASSIGNMENT((#1145));
#537=ADVANCED_FACE('',(#1146),#1147,.F.);
#538=PRESENTATION_STYLE_ASSIGNMENT((#1148));
#539=ADVANCED_FACE('',(#1149),#1150,.F.);
#540=PRESENTATION_STYLE_ASSIGNMENT((#1151));
#541=ADVANCED_FACE('',(#1152),#1153,.F.);
#542=PRESENTATION_STYLE_ASSIGNMENT((#1154));
#543=ADVANCED_FACE('',(#1155),#1156,.F.);
#544=PRESENTATION_STYLE_ASSIGNMENT((#1157));
#545=ADVANCED_FACE('',(#1158),#1159,.F.);
#546=PRESENTATION_STYLE_ASSIGNMENT((#1160));
#547=ADVANCED_FACE('',(#1161),#1162,.F.);
#548=PRESENTATION_STYLE_ASSIGNMENT((#1163));
#549=ADVANCED_FACE('',(#1164),#1165,.F.);
#550=PRESENTATION_STYLE_ASSIGNMENT((#1166));
#551=ADVANCED_FACE('',(#1167),#1168,.F.);
#552=PRESENTATION_STYLE_ASSIGNMENT((#1169));
#553=ADVANCED_FACE('',(#1170),#1171,.F.);
#554=PRESENTATION_STYLE_ASSIGNMENT((#1172));
#555=ADVANCED_FACE('',(#1173),#1174,.F.);
#556=PRESENTATION_STYLE_ASSIGNMENT((#1175));
#557=ADVANCED_FACE('',(#1176),#1177,.F.);
#558=PRESENTATION_STYLE_ASSIGNMENT((#1178));
#559=ADVANCED_FACE('',(#1179,#1180),#1181,.T.);
#560=PRESENTATION_STYLE_ASSIGNMENT((#1182));
#561=ADVANCED_FACE('',(#1183,#1184),#1185,.T.);
#562=PRESENTATION_STYLE_ASSIGNMENT((#1186));
#563=ADVANCED_FACE('',(#1187),#1188,.F.);
#564=PRESENTATION_STYLE_ASSIGNMENT((#1189));
#565=ADVANCED_FACE('',(#1190),#1191,.T.);
#566=PRESENTATION_STYLE_ASSIGNMENT((#1192));
#567=ADVANCED_FACE('',(#1193),#1194,.F.);
#568=PRESENTATION_STYLE_ASSIGNMENT((#1195));
#569=ADVANCED_FACE('',(#1196,#1197,#1198),#1199,.T.);
#570=PRESENTATION_STYLE_ASSIGNMENT((#1200));
#571=ADVANCED_FACE('',(#1201),#1202,.F.);
#572=PRESENTATION_STYLE_ASSIGNMENT((#1203));
#573=ADVANCED_FACE('',(#1204),#1205,.T.);
#574=PRESENTATION_STYLE_ASSIGNMENT((#1206));
#575=ADVANCED_FACE('',(#1207),#1208,.F.);
#576=PRESENTATION_STYLE_ASSIGNMENT((#1209));
#577=ADVANCED_FACE('',(#1210),#1211,.T.);
#578=PRESENTATION_STYLE_ASSIGNMENT((#1212));
#579=ADVANCED_FACE('',(#1213),#1214,.F.);
#580=PRESENTATION_STYLE_ASSIGNMENT((#1215));
#581=ADVANCED_FACE('',(#1216),#1217,.F.);
#582=PRESENTATION_STYLE_ASSIGNMENT((#1218));
#583=ADVANCED_FACE('',(#1219),#1220,.T.);
#584=PRESENTATION_STYLE_ASSIGNMENT((#1221));
#585=ADVANCED_FACE('',(#1222),#1223,.F.);
#586=PRESENTATION_STYLE_ASSIGNMENT((#1224));
#587=ADVANCED_FACE('',(#1225),#1226,.F.);
#588=PRESENTATION_STYLE_ASSIGNMENT((#1227));
#589=ADVANCED_FACE('',(#1228),#1229,.T.);
#590=PRESENTATION_STYLE_ASSIGNMENT((#1230));
#591=ADVANCED_FACE('',(#1231),#1232,.F.);
#592=PRESENTATION_STYLE_ASSIGNMENT((#1233));
#593=ADVANCED_FACE('',(#1234),#1235,.F.);
#594=PRESENTATION_STYLE_ASSIGNMENT((#1236));
#595=ADVANCED_FACE('',(#1237),#1238,.F.);
#596=PRESENTATION_STYLE_ASSIGNMENT((#1239));
#597=ADVANCED_FACE('',(#1240),#1241,.T.);
#598=PRESENTATION_STYLE_ASSIGNMENT((#1242));
#599=ADVANCED_FACE('',(#1243),#1244,.T.);
#600=PRESENTATION_STYLE_ASSIGNMENT((#1245));
#601=ADVANCED_FACE('',(#1246),#1247,.T.);
#602=PRESENTATION_STYLE_ASSIGNMENT((#1248));
#603=ADVANCED_FACE('',(#1249),#1250,.T.);
#604=PRESENTATION_STYLE_ASSIGNMENT((#1251));
#605=ADVANCED_FACE('',(#1252),#1253,.T.);
#606=PRESENTATION_STYLE_ASSIGNMENT((#1254));
#607=ADVANCED_FACE('',(#1255),#1256,.F.);
#608=PRESENTATION_STYLE_ASSIGNMENT((#1257));
#609=ADVANCED_FACE('',(#1258),#1259,.F.);
#610=PRESENTATION_STYLE_ASSIGNMENT((#1260));
#611=ADVANCED_FACE('',(#1261),#1262,.F.);
#612=PRESENTATION_STYLE_ASSIGNMENT((#1263));
#613=ADVANCED_FACE('',(#1264),#1265,.T.);
#614=PRESENTATION_STYLE_ASSIGNMENT((#1266));
#615=ADVANCED_FACE('',(#1267),#1268,.F.);
#616=PRESENTATION_STYLE_ASSIGNMENT((#1269));
#617=ADVANCED_FACE('',(#1270),#1271,.F.);
#618=PRESENTATION_STYLE_ASSIGNMENT((#1272));
#619=ADVANCED_FACE('',(#1273),#1274,.F.);
#620=PRESENTATION_STYLE_ASSIGNMENT((#1275));
#621=ADVANCED_FACE('',(#1276),#1277,.F.);
#622=PRESENTATION_STYLE_ASSIGNMENT((#1278));
#623=ADVANCED_FACE('',(#1279),#1280,.T.);
#624=PRESENTATION_STYLE_ASSIGNMENT((#1281));
#625=ADVANCED_FACE('',(#1282),#1283,.T.);
#626=PRESENTATION_STYLE_ASSIGNMENT((#1284));
#627=ADVANCED_FACE('',(#1285),#1286,.T.);
#628=PRESENTATION_STYLE_ASSIGNMENT((#1287));
#629=ADVANCED_FACE('',(#1288),#1289,.T.);
#630=PRESENTATION_STYLE_ASSIGNMENT((#1290));
#631=ADVANCED_FACE('',(#1291),#1292,.T.);
#632=PRESENTATION_STYLE_ASSIGNMENT((#1293));
#633=ADVANCED_FACE('',(#1294),#1295,.T.);
#634=PRESENTATION_STYLE_ASSIGNMENT((#1296));
#635=ADVANCED_FACE('',(#1297),#1298,.T.);
#636=PRESENTATION_STYLE_ASSIGNMENT((#1299));
#637=ADVANCED_FACE('',(#1300),#1301,.T.);
#638=PRESENTATION_STYLE_ASSIGNMENT((#1302));
#639=ADVANCED_FACE('',(#1303),#1304,.T.);
#640=PRESENTATION_STYLE_ASSIGNMENT((#1305));
#641=ADVANCED_FACE('',(#1306),#1307,.T.);
#642=PRESENTATION_STYLE_ASSIGNMENT((#1308));
#643=ADVANCED_FACE('',(#1309),#1310,.T.);
#644=PRESENTATION_STYLE_ASSIGNMENT((#1311));
#645=ADVANCED_FACE('',(#1312),#1313,.T.);
#646=PRESENTATION_STYLE_ASSIGNMENT((#1314));
#647=ADVANCED_FACE('',(#1315),#1316,.T.);
#648=PRESENTATION_STYLE_ASSIGNMENT((#1317));
#649=ADVANCED_FACE('',(#1318),#1319,.T.);
#650=PRESENTATION_STYLE_ASSIGNMENT((#1320));
#651=ADVANCED_FACE('',(#1321),#1322,.T.);
#652=PRESENTATION_STYLE_ASSIGNMENT((#1323));
#653=ADVANCED_FACE('',(#1324),#1325,.T.);
#654=PRESENTATION_STYLE_ASSIGNMENT((#1326));
#655=ADVANCED_FACE('',(#1327),#1328,.T.);
#656=PRESENTATION_STYLE_ASSIGNMENT((#1329));
#657=ADVANCED_FACE('',(#1330),#1331,.T.);
#658=PRESENTATION_STYLE_ASSIGNMENT((#1332));
#659=ADVANCED_FACE('',(#1333),#1334,.T.);
#660=PRESENTATION_STYLE_ASSIGNMENT((#1335));
#661=ADVANCED_FACE('',(#1336),#1337,.T.);
#662=PRESENTATION_STYLE_ASSIGNMENT((#1338));
#663=ADVANCED_FACE('',(#1339),#1340,.T.);
#664=PRESENTATION_STYLE_ASSIGNMENT((#1341));
#665=ADVANCED_FACE('',(#1342),#1343,.T.);
#666=PRESENTATION_STYLE_ASSIGNMENT((#1344));
#667=ADVANCED_FACE('',(#1345),#1346,.T.);
#668=PRESENTATION_STYLE_ASSIGNMENT((#1347));
#669=ADVANCED_FACE('',(#1348),#1349,.T.);
#670=PRESENTATION_STYLE_ASSIGNMENT((#1350));
#671=ADVANCED_FACE('',(#1351),#1352,.T.);
#672=PRESENTATION_STYLE_ASSIGNMENT((#1353));
#673=ADVANCED_FACE('',(#1354),#1355,.T.);
#674=PRESENTATION_STYLE_ASSIGNMENT((#1356));
#675=ADVANCED_FACE('',(#1357),#1358,.T.);
#676=PRESENTATION_STYLE_ASSIGNMENT((#1359));
#677=ADVANCED_FACE('',(#1360),#1361,.T.);
#678=PRESENTATION_STYLE_ASSIGNMENT((#1362));
#679=ADVANCED_FACE('',(#1363),#1364,.T.);
#680=PRESENTATION_STYLE_ASSIGNMENT((#1365));
#681=ADVANCED_FACE('',(#1366),#1367,.T.);
#682=PRESENTATION_STYLE_ASSIGNMENT((#1368));
#683=ADVANCED_FACE('',(#1369),#1370,.T.);
#684=PRESENTATION_STYLE_ASSIGNMENT((#1371));
#685=ADVANCED_FACE('',(#1372),#1373,.T.);
#686=PRODUCT('11','11','PART-11-DESC',(#1374));
#687=PRODUCT_DEFINITION('','NONE',#1375,#2);
#688=BREP_WITH_VOIDS('11',#1376,(#1377,#1378));
#689=AXIS2_PLACEMENT_3D('',#1379,#1380,#1381);
#692=LENGTH_MEASURE_WITH_UNIT(LENGTH_MEASURE(1.0),#1382);
#695=DIMENSIONAL_EXPONENTS(1.0,0.0,0.0,0.0,0.0,0.0,0.0);
#697=DIMENSIONAL_EXPONENTS(0.0,0.0,0.0,0.0,0.0,0.0,0.0);
#703=CARTESIAN_POINT('',(0.0,0.0,0.0));
#704=DIRECTION('',(0.0,0.0,1.0));
#705=DIRECTION('',(1.0,0.0,0.0));
#706=DESCRIPTIVE_REPRESENTATION_ITEM('','');
#707=SURFACE_STYLE_USAGE(.BOTH.,#1383);
#708=FACE_OUTER_BOUND('',#1384,.T.);
#709=TOROIDAL_SURFACE('',#1385,0.8,0.1);
#710=SURFACE_STYLE_USAGE(.BOTH.,#1386);
#711=FACE_OUTER_BOUND('',#1387,.T.);
#712=TOROIDAL_SURFACE('',#1388,0.8,0.1);
#713=SURFACE_STYLE_USAGE(.BOTH.,#1389);
#714=FACE_OUTER_BOUND('',#1390,.T.);
#715=TOROIDAL_SURFACE('',#1391,0.8,0.1);
#716=SURFACE_STYLE_USAGE(.BOTH.,#1392);
#717=FACE_OUTER_BOUND('',#1393,.T.);
#718=TOROIDAL_SURFACE('',#1394,0.8,0.1);
#719=SURFACE_STYLE_USAGE(.BOTH.,#1395);
#720=FACE_OUTER_BOUND('',#1396,.T.);
#721=PLANE('',#1397);
#722=SURFACE_STYLE_USAGE(.BOTH.,#1398);
#723=FACE_OUTER_BOUND('',#1399,.T.);
#724=PLANE('',#1400);
#725=SURFACE_STYLE_USAGE(.BOTH.,#1401);
#726=FACE_OUTER_BOUND('',#1402,.T.);
#727=PLANE('',#1403);
#728=SURFACE_STYLE_USAGE(.BOTH.,#1404);
#729=FACE_OUTER_BOUND('',#1405,.T.);
#730=PLANE('',#1406);
#731=SURFACE_STYLE_USAGE(.BOTH.,#1407);
#732=FACE_BOUND('',#1408,.T.);
#733=FACE_OUTER_BOUND('',#1409,.T.);
#734=PLANE('',#1410);
#735=SURFACE_STYLE_USAGE(.BOTH.,#1411);
#736=FACE_OUTER_BOUND('',#1412,.T.);
#737=PLANE('',#1413);
#738=SURFACE_STYLE_USAGE(.BOTH.,#1414);
#739=FACE_OUTER_BOUND('',#1415,.T.);
#740=PLANE('',#1416);
#741=SURFACE_STYLE_USAGE(.BOTH.,#1417);
#742=FACE_OUTER_BOUND('',#1418,.T.);
#743=PLANE('',#1419);
#744=SURFACE_STYLE_USAGE(.BOTH.,#1420);
#745=FACE_OUTER_BOUND('',#1421,.T.);
#746=PLANE('',#1422);
#747=SURFACE_STYLE_USAGE(.BOTH.,#1423);
#748=FACE_OUTER_BOUND('',#1424,.T.);
#749=PLANE('',#1425);
#750=SURFACE_STYLE_USAGE(.BOTH.,#1426);
#751=FACE_OUTER_BOUND('',#1427,.T.);
#752=PLANE('',#1428);
#753=SURFACE_STYLE_USAGE(.BOTH.,#1429);
#754=FACE_OUTER_BOUND('',#1430,.T.);
#755=PLANE('',#1431);
#756=SURFACE_STYLE_USAGE(.BOTH.,#1432);
#757=FACE_OUTER_BOUND('',#1433,.T.);
#758=PLANE('',#1434);
#759=SURFACE_STYLE_USAGE(.BOTH.,#1435);
#760=FACE_BOUND('',#1436,.T.);
#761=FACE_BOUND('',#1437,.T.);
#762=FACE_BOUND('',#1438,.T.);
#763=FACE_BOUND('',#1439,.T.);
#764=FACE_BOUND('',#1440,.T.);
#765=FACE_OUTER_BOUND('',#1441,.T.);
#766=PLANE('',#1442);
#767=SURFACE_STYLE_USAGE(.BOTH.,#1443);
#768=FACE_OUTER_BOUND('',#1444,.T.);
#769=PLANE('',#1445);
#770=SURFACE_STYLE_USAGE(.BOTH.,#1446);
#771=FACE_OUTER_BOUND('',#1447,.T.);
#772=PLANE('',#1448);
#773=SURFACE_STYLE_USAGE(.BOTH.,#1449);
#774=FACE_OUTER_BOUND('',#1450,.T.);
#775=PLANE('',#1451);
#776=SURFACE_STYLE_USAGE(.BOTH.,#1452);
#777=FACE_OUTER_BOUND('',#1453,.T.);
#778=PLANE('',#1454);
#779=SURFACE_STYLE_USAGE(.BOTH.,#1455);
#780=FACE_OUTER_BOUND('',#1456,.T.);
#781=PLANE('',#1457);
#782=SURFACE_STYLE_USAGE(.BOTH.,#1458);
#783=FACE_OUTER_BOUND('',#1459,.T.);
#784=PLANE('',#1460);
#785=SURFACE_STYLE_USAGE(.BOTH.,#1461);
#786=FACE_OUTER_BOUND('',#1462,.T.);
#787=PLANE('',#1463);
#788=SURFACE_STYLE_USAGE(.BOTH.,#1464);
#789=FACE_OUTER_BOUND('',#1465,.T.);
#790=PLANE('',#1466);
#791=SURFACE_STYLE_USAGE(.BOTH.,#1467);
#792=FACE_OUTER_BOUND('',#1468,.T.);
#793=PLANE('',#1469);
#794=SURFACE_STYLE_USAGE(.BOTH.,#1470);
#795=FACE_OUTER_BOUND('',#1471,.T.);
#796=PLANE('',#1472);
#797=SURFACE_STYLE_USAGE(.BOTH.,#1473);
#798=FACE_OUTER_BOUND('',#1474,.T.);
#799=PLANE('',#1475);
#800=SURFACE_STYLE_USAGE(.BOTH.,#1476);
#801=FACE_OUTER_BOUND('',#1477,.T.);
#802=PLANE('',#1478);
#803=SURFACE_STYLE_USAGE(.BOTH.,#1479);
#804=FACE_OUTER_BOUND('',#1480,.T.);
#805=PLANE('',#1481);
#806=SURFACE_STYLE_USAGE(.BOTH.,#1482);
#807=FACE_OUTER_BOUND('',#1483,.T.);
#808=PLANE('',#1484);
#809=SURFACE_STYLE_USAGE(.BOTH.,#1485);
#810=FACE_OUTER_BOUND('',#1486,.T.);
#811=PLANE('',#1487);
#812=SURFACE_STYLE_USAGE(.BOTH.,#1488);
#813=FACE_OUTER_BOUND('',#1489,.T.);
#814=PLANE('',#1490);
#815=SURFACE_STYLE_USAGE(.BOTH.,#1491);
#816=FACE_OUTER_BOUND('',#1492,.T.);
#817=PLANE('',#1493);
#818=SURFACE_STYLE_USAGE(.BOTH.,#1494);
#819=FACE_OUTER_BOUND('',#1495,.T.);
#820=PLANE('',#1496);
#821=SURFACE_STYLE_USAGE(.BOTH.,#1497);
#822=FACE_OUTER_BOUND('',#1498,.T.);
#823=PLANE('',#1499);
#824=SURFACE_STYLE_USAGE(.BOTH.,#1500);
#825=FACE_OUTER_BOUND('',#1501,.T.);
#826=PLANE('',#1502);
#827=SURFACE_STYLE_USAGE(.BOTH.,#1503);
#828=FACE_OUTER_BOUND('',#1504,.T.);
#829=PLANE('',#1505);
#830=SURFACE_STYLE_USAGE(.BOTH.,#1506);
#831=FACE_OUTER_BOUND('',#1507,.T.);
#832=PLANE('',#1508);
#833=SURFACE_STYLE_USAGE(.BOTH.,#1509);
#834=FACE_OUTER_BOUND('',#1510,.T.);
#835=PLANE('',#1511);
#836=SURFACE_STYLE_USAGE(.BOTH.,#1512);
#837=FACE_OUTER_BOUND('',#1513,.T.);
#838=PLANE('',#1514);
#839=SURFACE_STYLE_USAGE(.BOTH.,#1515);
#840=FACE_OUTER_BOUND('',#1516,.T.);
#841=PLANE('',#1517);
#842=SURFACE_STYLE_USAGE(.BOTH.,#1518);
#843=FACE_OUTER_BOUND('',#1519,.T.);
#844=PLANE('',#1520);
#845=SURFACE_STYLE_USAGE(.BOTH.,#1521);
#846=FACE_OUTER_BOUND('',#1522,.T.);
#847=PLANE('',#1523);
#848=SURFACE_STYLE_USAGE(.BOTH.,#1524);
#849=FACE_OUTER_BOUND('',#1525,.T.);
#850=PLANE('',#1526);
#851=SURFACE_STYLE_USAGE(.BOTH.,#1527);
#852=FACE_OUTER_BOUND('',#1528,.T.);
#853=PLANE('',#1529);
#854=SURFACE_STYLE_USAGE(.BOTH.,#1530);
#855=FACE_OUTER_BOUND('',#1531,.T.);
#856=PLANE('',#1532);
#857=SURFACE_STYLE_USAGE(.BOTH.,#1533);
#858=FACE_OUTER_BOUND('',#1534,.T.);
#859=PLANE('',#1535);
#860=SURFACE_STYLE_USAGE(.BOTH.,#1536);
#861=FACE_OUTER_BOUND('',#1537,.T.);
#862=PLANE('',#1538);
#863=SURFACE_STYLE_USAGE(.BOTH.,#1539);
#864=FACE_OUTER_BOUND('',#1540,.T.);
#865=PLANE('',#1541);
#866=SURFACE_STYLE_USAGE(.BOTH.,#1542);
#867=FACE_OUTER_BOUND('',#1543,.T.);
#868=PLANE('',#1544);
#869=SURFACE_STYLE_USAGE(.BOTH.,#1545);
#870=FACE_OUTER_BOUND('',#1546,.T.);
#871=PLANE('',#1547);
#872=SURFACE_STYLE_USAGE(.BOTH.,#1548);
#873=FACE_OUTER_BOUND('',#1549,.T.);
#874=PLANE('',#1550);
#875=SURFACE_STYLE_USAGE(.BOTH.,#1551);
#876=FACE_OUTER_BOUND('',#1552,.T.);
#877=PLANE('',#1553);
#878=SURFACE_STYLE_USAGE(.BOTH.,#1554);
#879=FACE_OUTER_BOUND('',#1555,.T.);
#880=PLANE('',#1556);
#881=SURFACE_STYLE_USAGE(.BOTH.,#1557);
#882=FACE_OUTER_BOUND('',#1558,.T.);
#883=PLANE('',#1559);
#884=SURFACE_STYLE_USAGE(.BOTH.,#1560);
#885=FACE_OUTER_BOUND('',#1561,.T.);
#886=PLANE('',#1562);
#887=SURFACE_STYLE_USAGE(.BOTH.,#1563);
#888=FACE_OUTER_BOUND('',#1564,.T.);
#889=PLANE('',#1565);
#890=SURFACE_STYLE_USAGE(.BOTH.,#1566);
#891=FACE_OUTER_BOUND('',#1567,.T.);
#892=PLANE('',#1568);
#893=SURFACE_STYLE_USAGE(.BOTH.,#1569);
#894=FACE_OUTER_BOUND('',#1570,.T.);
#895=PLANE('',#1571);
#896=SURFACE_STYLE_USAGE(.BOTH.,#1572);
#897=FACE_OUTER_BOUND('',#1573,.T.);
#898=PLANE('',#1574);
#899=SURFACE_STYLE_USAGE(.BOTH.,#1575);
#900=FACE_OUTER_BOUND('',#1576,.T.);
#901=PLANE('',#1577);
#902=SURFACE_STYLE_USAGE(.BOTH.,#1578);
#903=FACE_OUTER_BOUND('',#1579,.T.);
#904=PLANE('',#1580);
#905=SURFACE_STYLE_USAGE(.BOTH.,#1581);
#906=FACE_OUTER_BOUND('',#1582,.T.);
#907=PLANE('',#1583);
#908=SURFACE_STYLE_USAGE(.BOTH.,#1584);
#909=FACE_OUTER_BOUND('',#1585,.T.);
#910=PLANE('',#1586);
#911=SURFACE_STYLE_USAGE(.BOTH.,#1587);
#912=FACE_OUTER_BOUND('',#1588,.T.);
#913=PLANE('',#1589);
#914=SURFACE_STYLE_USAGE(.BOTH.,#1590);
#915=FACE_OUTER_BOUND('',#1591,.T.);
#916=PLANE('',#1592);
#917=SURFACE_STYLE_USAGE(.BOTH.,#1593);
#918=FACE_OUTER_BOUND('',#1594,.T.);
#919=PLANE('',#1595);
#920=SURFACE_STYLE_USAGE(.BOTH.,#1596);
#921=FACE_OUTER_BOUND('',#1597,.T.);
#922=PLANE('',#1598);
#923=SURFACE_STYLE_USAGE(.BOTH.,#1599);
#924=FACE_OUTER_BOUND('',#1600,.T.);
#925=PLANE('',#1601);
#926=SURFACE_STYLE_USAGE(.BOTH.,#1602);
#927=FACE_OUTER_BOUND('',#1603,.T.);
#928=PLANE('',#1604);
#929=SURFACE_STYLE_USAGE(.BOTH.,#1605);
#930=FACE_OUTER_BOUND('',#1606,.T.);
#931=PLANE('',#1607);
#932=SURFACE_STYLE_USAGE(.BOTH.,#1608);
#933=FACE_OUTER_BOUND('',#1609,.T.);
#934=PLANE('',#1610);
#935=SURFACE_STYLE_USAGE(.BOTH.,#1611);
#936=FACE_OUTER_BOUND('',#1612,.T.);
#937=PLANE('',#1613);
#938=SURFACE_STYLE_USAGE(.BOTH.,#1614);
#939=FACE_OUTER_BOUND('',#1615,.T.);
#940=PLANE('',#1616);
#941=SURFACE_STYLE_USAGE(.BOTH.,#1617);
#942=FACE_OUTER_BOUND('',#1618,.T.);
#943=PLANE('',#1619);
#944=SURFACE_STYLE_USAGE(.BOTH.,#1620);
#945=FACE_OUTER_BOUND('',#1621,.T.);
#946=PLANE('',#1622);
#947=SURFACE_STYLE_USAGE(.BOTH.,#1623);
#948=FACE_OUTER_BOUND('',#1624,.T.);
#949=PLANE('',#1625);
#950=SURFACE_STYLE_USAGE(.BOTH.,#1626);
#951=FACE_OUTER_BOUND('',#1627,.T.);
#952=PLANE('',#1628);
#953=SURFACE_STYLE_USAGE(.BOTH.,#1629);
#954=FACE_OUTER_BOUND('',#1630,.T.);
#955=PLANE('',#1631);
#956=SURFACE_STYLE_USAGE(.BOTH.,#1632);
#957=FACE_OUTER_BOUND('',#1633,.T.);
#958=PLANE('',#1634);
#959=SURFACE_STYLE_USAGE(.BOTH.,#1635);
#960=FACE_OUTER_BOUND('',#1636,.T.);
#961=PLANE('',#1637);
#962=SURFACE_STYLE_USAGE(.BOTH.,#1638);
#963=FACE_OUTER_BOUND('',#1639,.T.);
#964=PLANE('',#1640);
#965=SURFACE_STYLE_USAGE(.BOTH.,#1641);
#966=FACE_OUTER_BOUND('',#1642,.T.);
#967=PLANE('',#1643);
#968=SURFACE_STYLE_USAGE(.BOTH.,#1644);
#969=FACE_OUTER_BOUND('',#1645,.T.);
#970=PLANE('',#1646);
#971=SURFACE_STYLE_USAGE(.BOTH.,#1647);
#972=FACE_OUTER_BOUND('',#1648,.T.);
#973=PLANE('',#1649);
#974=SURFACE_STYLE_USAGE(.BOTH.,#1650);
#975=FACE_OUTER_BOUND('',#1651,.T.);
#976=PLANE('',#1652);
#977=SURFACE_STYLE_USAGE(.BOTH.,#1653);
#978=FACE_OUTER_BOUND('',#1654,.T.);
#979=PLANE('',#1655);
#980=SURFACE_STYLE_USAGE(.BOTH.,#1656);
#981=FACE_OUTER_BOUND('',#1657,.T.);
#982=PLANE('',#1658);
#983=SURFACE_STYLE_USAGE(.BOTH.,#1659);
#984=FACE_OUTER_BOUND('',#1660,.T.);
#985=PLANE('',#1661);
#986=SURFACE_STYLE_USAGE(.BOTH.,#1662);
#987=FACE_OUTER_BOUND('',#1663,.T.);
#988=PLANE('',#1664);
#989=SURFACE_STYLE_USAGE(.BOTH.,#1665);
#990=FACE_OUTER_BOUND('',#1666,.T.);
#991=PLANE('',#1667);
#992=SURFACE_STYLE_USAGE(.BOTH.,#1668);
#993=FACE_OUTER_BOUND('',#1669,.T.);
#994=PLANE('',#1670);
#995=SURFACE_STYLE_USAGE(.BOTH.,#1671);
#996=FACE_OUTER_BOUND('',#1672,.T.);
#997=PLANE('',#1673);
#998=SURFACE_STYLE_USAGE(.BOTH.,#1674);
#999=FACE_OUTER_BOUND('',#1675,.T.);
#1000=PLANE('',#1676);
#1001=SURFACE_STYLE_USAGE(.BOTH.,#1677);
#1002=FACE_OUTER_BOUND('',#1678,.T.);
#1003=PLANE('',#1679);
#1004=SURFACE_STYLE_USAGE(.BOTH.,#1680);
#1005=FACE_OUTER_BOUND('',#1681,.T.);
#1006=PLANE('',#1682);
#1007=SURFACE_STYLE_USAGE(.BOTH.,#1683);
#1008=FACE_OUTER_BOUND('',#1684,.T.);
#1009=PLANE('',#1685);
#1010=SURFACE_STYLE_USAGE(.BOTH.,#1686);
#1011=FACE_OUTER_BOUND('',#1687,.T.);
#1012=PLANE('',#1688);
#1013=SURFACE_STYLE_USAGE(.BOTH.,#1689);
#1014=FACE_OUTER_BOUND('',#1690,.T.);
#1015=PLANE('',#1691);
#1016=SURFACE_STYLE_USAGE(.BOTH.,#1692);
#1017=FACE_OUTER_BOUND('',#1693,.T.);
#1018=PLANE('',#1694);
#1019=SURFACE_STYLE_USAGE(.BOTH.,#1695);
#1020=FACE_OUTER_BOUND('',#1696,.T.);
#1021=PLANE('',#1697);
#1022=SURFACE_STYLE_USAGE(.BOTH.,#1698);
#1023=FACE_BOUND('',#1699,.T.);
#1024=FACE_OUTER_BOUND('',#1700,.T.);
#1025=PLANE('',#1701);
#1026=SURFACE_STYLE_USAGE(.BOTH.,#1702);
#1027=FACE_OUTER_BOUND('',#1703,.T.);
#1028=PLANE('',#1704);
#1029=SURFACE_STYLE_USAGE(.BOTH.,#1705);
#1030=FACE_OUTER_BOUND('',#1706,.T.);
#1031=PLANE('',#1707);
#1032=SURFACE_STYLE_USAGE(.BOTH.,#1708);
#1033=FACE_OUTER_BOUND('',#1709,.T.);
#1034=PLANE('',#1710);
#1035=SURFACE_STYLE_USAGE(.BOTH.,#1711);
#1036=FACE_BOUND('',#1712,.T.);
#1037=FACE_OUTER_BOUND('',#1713,.T.);
#1038=PLANE('',#1714);
#1039=SURFACE_STYLE_USAGE(.BOTH.,#1715);
#1040=FACE_OUTER_BOUND('',#1716,.T.);
#1041=PLANE('',#1717);
#1042=SURFACE_STYLE_USAGE(.BOTH.,#1718);
#1043=FACE_OUTER_BOUND('',#1719,.T.);
#1044=PLANE('',#1720);
#1045=SURFACE_STYLE_USAGE(.BOTH.,#1721);
#1046=FACE_BOUND('',#1722,.T.);
#1047=FACE_OUTER_BOUND('',#1723,.T.);
#1048=PLANE('',#1724);
#1049=SURFACE_STYLE_USAGE(.BOTH.,#1725);
#1050=FACE_OUTER_BOUND('',#1726,.T.);
#1051=PLANE('',#1727);
#1052=SURFACE_STYLE_USAGE(.BOTH.,#1728);
#1053=FACE_OUTER_BOUND('',#1729,.T.);
#1054=PLANE('',#1730);
#1055=SURFACE_STYLE_USAGE(.BOTH.,#1731);
#1056=FACE_OUTER_BOUND('',#1732,.T.);
#1057=PLANE('',#1733);
#1058=SURFACE_STYLE_USAGE(.BOTH.,#1734);
#1059=FACE_OUTER_BOUND('',#1735,.T.);
#1060=PLANE('',#1736);
#1061=SURFACE_STYLE_USAGE(.BOTH.,#1737);
#1062=FACE_OUTER_BOUND('',#1738,.T.);
#1063=PLANE('',#1739);
#1064=SURFACE_STYLE_USAGE(.BOTH.,#1740);
#1065=FACE_OUTER_BOUND('',#1741,.T.);
#1066=PLANE('',#1742);
#1067=SURFACE_STYLE_USAGE(.BOTH.,#1743);
#1068=FACE_OUTER_BOUND('',#1744,.T.);
#1069=PLANE('',#1745);
#1070=SURFACE_STYLE_USAGE(.BOTH.,#1746);
#1071=FACE_OUTER_BOUND('',#1747,.T.);
#1072=PLANE('',#1748);
#1073=SURFACE_STYLE_USAGE(.BOTH.,#1749);
#1074=FACE_OUTER_BOUND('',#1750,.T.);
#1075=PLANE('',#1751);
#1076=SURFACE_STYLE_USAGE(.BOTH.,#1752);
#1077=FACE_OUTER_BOUND('',#1753,.T.);
#1078=PLANE('',#1754);
#1079=SURFACE_STYLE_USAGE(.BOTH.,#1755);
#1080=FACE_OUTER_BOUND('',#1756,.T.);
#1081=PLANE('',#1757);
#1082=SURFACE_STYLE_USAGE(.BOTH.,#1758);
#1083=FACE_OUTER_BOUND('',#1759,.T.);
#1084=PLANE('',#1760);
#1085=SURFACE_STYLE_USAGE(.BOTH.,#1761);
#1086=FACE_OUTER_BOUND('',#1762,.T.);
#1087=PLANE('',#1763);
#1088=SURFACE_STYLE_USAGE(.BOTH.,#1764);
#1089=FACE_OUTER_BOUND('',#1765,.T.);
#1090=PLANE('',#1766);
#1091=SURFACE_STYLE_USAGE(.BOTH.,#1767);
#1092=FACE_OUTER_BOUND('',#1768,.T.);
#1093=PLANE('',#1769);
#1094=SURFACE_STYLE_USAGE(.BOTH.,#1770);
#1095=FACE_OUTER_BOUND('',#1771,.T.);
#1096=PLANE('',#1772);
#1097=SURFACE_STYLE_USAGE(.BOTH.,#1773);
#1098=FACE_OUTER_BOUND('',#1774,.T.);
#1099=PLANE('',#1775);
#1100=SURFACE_STYLE_USAGE(.BOTH.,#1776);
#1101=FACE_OUTER_BOUND('',#1777,.T.);
#1102=PLANE('',#1778);
#1103=SURFACE_STYLE_USAGE(.BOTH.,#1779);
#1104=FACE_OUTER_BOUND('',#1780,.T.);
#1105=PLANE('',#1781);
#1106=SURFACE_STYLE_USAGE(.BOTH.,#1782);
#1107=FACE_OUTER_BOUND('',#1783,.T.);
#1108=PLANE('',#1784);
#1109=SURFACE_STYLE_USAGE(.BOTH.,#1785);
#1110=FACE_OUTER_BOUND('',#1786,.T.);
#1111=PLANE('',#1787);
#1112=SURFACE_STYLE_USAGE(.BOTH.,#1788);
#1113=FACE_OUTER_BOUND('',#1789,.T.);
#1114=PLANE('',#1790);
#1115=SURFACE_STYLE_USAGE(.BOTH.,#1791);
#1116=FACE_OUTER_BOUND('',#1792,.T.);
#1117=PLANE('',#1793);
#1118=SURFACE_STYLE_USAGE(.BOTH.,#1794);
#1119=FACE_OUTER_BOUND('',#1795,.T.);
#1120=PLANE('',#1796);
#1121=SURFACE_STYLE_USAGE(.BOTH.,#1797);
#1122=FACE_OUTER_BOUND('',#1798,.T.);
#1123=PLANE('',#1799);
#1124=SURFACE_STYLE_USAGE(.BOTH.,#1800);
#1125=FACE_OUTER_BOUND('',#1801,.T.);
#1126=PLANE('',#1802);
#1127=SURFACE_STYLE_USAGE(.BOTH.,#1803);
#1128=FACE_OUTER_BOUND('',#1804,.T.);
#1129=PLANE('',#1805);
#1130=SURFACE_STYLE_USAGE(.BOTH.,#1806);
#1131=FACE_OUTER_BOUND('',#1807,.T.);
#1132=PLANE('',#1808);
#1133=SURFACE_STYLE_USAGE(.BOTH.,#1809);
#1134=FACE_OUTER_BOUND('',#1810,.T.);
#1135=PLANE('',#1811);
#1136=SURFACE_STYLE_USAGE(.BOTH.,#1812);
#1137=FACE_OUTER_BOUND('',#1813,.T.);
#1138=PLANE('',#1814);
#1139=SURFACE_STYLE_USAGE(.BOTH.,#1815);
#1140=FACE_OUTER_BOUND('',#1816,.T.);
#1141=PLANE('',#1817);
#1142=SURFACE_STYLE_USAGE(.BOTH.,#1818);
#1143=FACE_OUTER_BOUND('',#1819,.T.);
#1144=PLANE('',#1820);
#1145=SURFACE_STYLE_USAGE(.BOTH.,#1821);
#1146=FACE_OUTER_BOUND('',#1822,.T.);
#1147=CYLINDRICAL_SURFACE('',#1823,2.42976190476191);
#1148=SURFACE_STYLE_USAGE(.BOTH.,#1824);
#1149=FACE_OUTER_BOUND('',#1825,.T.);
#1150=PLANE('',#1826);
#1151=SURFACE_STYLE_USAGE(.BOTH.,#1827);
#1152=FACE_OUTER_BOUND('',#1828,.T.);
#1153=CYLINDRICAL_SURFACE('',#1829,2.42976190476191);
#1154=SURFACE_STYLE_USAGE(.BOTH.,#1830);
#1155=FACE_OUTER_BOUND('',#1831,.T.);
#1156=PLANE('',#1832);
#1157=SURFACE_STYLE_USAGE(.BOTH.,#1833);
#1158=FACE_OUTER_BOUND('',#1834,.T.);
#1159=PLANE('',#1835);
#1160=SURFACE_STYLE_USAGE(.BOTH.,#1836);
#1161=FACE_OUTER_BOUND('',#1837,.T.);
#1162=PLANE('',#1838);
#1163=SURFACE_STYLE_USAGE(.BOTH.,#1839);
#1164=FACE_OUTER_BOUND('',#1840,.T.);
#1165=PLANE('',#1841);
#1166=SURFACE_STYLE_USAGE(.BOTH.,#1842);
#1167=FACE_OUTER_BOUND('',#1843,.T.);
#1168=PLANE('',#1844);
#1169=SURFACE_STYLE_USAGE(.BOTH.,#1845);
#1170=FACE_OUTER_BOUND('',#1846,.T.);
#1171=PLANE('',#1847);
#1172=SURFACE_STYLE_USAGE(.BOTH.,#1848);
#1173=FACE_OUTER_BOUND('',#1849,.T.);
#1174=PLANE('',#1850);
#1175=SURFACE_STYLE_USAGE(.BOTH.,#1851);
#1176=FACE_OUTER_BOUND('',#1852,.T.);
#1177=PLANE('',#1853);
#1178=SURFACE_STYLE_USAGE(.BOTH.,#1854);
#1179=FACE_BOUND('',#1855,.T.);
#1180=FACE_OUTER_BOUND('',#1856,.T.);
#1181=PLANE('',#1857);
#1182=SURFACE_STYLE_USAGE(.BOTH.,#1858);
#1183=FACE_BOUND('',#1859,.T.);
#1184=FACE_OUTER_BOUND('',#1860,.T.);
#1185=PLANE('',#1861);
#1186=SURFACE_STYLE_USAGE(.BOTH.,#1862);
#1187=FACE_OUTER_BOUND('',#1863,.T.);
#1188=PLANE('',#1864);
#1189=SURFACE_STYLE_USAGE(.BOTH.,#1865);
#1190=FACE_OUTER_BOUND('',#1866,.T.);
#1191=PLANE('',#1867);
#1192=SURFACE_STYLE_USAGE(.BOTH.,#1868);
#1193=FACE_OUTER_BOUND('',#1869,.T.);
#1194=PLANE('',#1870);
#1195=SURFACE_STYLE_USAGE(.BOTH.,#1871);
#1196=FACE_OUTER_BOUND('',#1872,.T.);
#1197=FACE_BOUND('',#1873,.T.);
#1198=FACE_BOUND('',#1874,.T.);
#1199=PLANE('',#1875);
#1200=SURFACE_STYLE_USAGE(.BOTH.,#1876);
#1201=FACE_OUTER_BOUND('',#1877,.T.);
#1202=PLANE('',#1878);
#1203=SURFACE_STYLE_USAGE(.BOTH.,#1879);
#1204=FACE_OUTER_BOUND('',#1880,.T.);
#1205=PLANE('',#1881);
#1206=SURFACE_STYLE_USAGE(.BOTH.,#1882);
#1207=FACE_OUTER_BOUND('',#1883,.T.);
#1208=PLANE('',#1884);
#1209=SURFACE_STYLE_USAGE(.BOTH.,#1885);
#1210=FACE_OUTER_BOUND('',#1886,.T.);
#1211=PLANE('',#1887);
#1212=SURFACE_STYLE_USAGE(.BOTH.,#1888);
#1213=FACE_OUTER_BOUND('',#1889,.T.);
#1214=PLANE('',#1890);
#1215=SURFACE_STYLE_USAGE(.BOTH.,#1891);
#1216=FACE_OUTER_BOUND('',#1892,.T.);
#1217=PLANE('',#1893);
#1218=SURFACE_STYLE_USAGE(.BOTH.,#1894);
#1219=FACE_OUTER_BOUND('',#1895,.T.);
#1220=PLANE('',#1896);
#1221=SURFACE_STYLE_USAGE(.BOTH.,#1897);
#1222=FACE_OUTER_BOUND('',#1898,.T.);
#1223=PLANE('',#1899);
#1224=SURFACE_STYLE_USAGE(.BOTH.,#1900);
#1225=FACE_OUTER_BOUND('',#1901,.T.);
#1226=PLANE('',#1902);
#1227=SURFACE_STYLE_USAGE(.BOTH.,#1903);
#1228=FACE_OUTER_BOUND('',#1904,.T.);
#1229=PLANE('',#1905);
#1230=SURFACE_STYLE_USAGE(.BOTH.,#1906);
#1231=FACE_OUTER_BOUND('',#1907,.T.);
#1232=PLANE('',#1908);
#1233=SURFACE_STYLE_USAGE(.BOTH.,#1909);
#1234=FACE_OUTER_BOUND('',#1910,.T.);
#1235=PLANE('',#1911);
#1236=SURFACE_STYLE_USAGE(.BOTH.,#1912);
#1237=FACE_OUTER_BOUND('',#1913,.T.);
#1238=PLANE('',#1914);
#1239=SURFACE_STYLE_USAGE(.BOTH.,#1915);
#1240=FACE_OUTER_BOUND('',#1916,.T.);
#1241=PLANE('',#1917);
#1242=SURFACE_STYLE_USAGE(.BOTH.,#1918);
#1243=FACE_OUTER_BOUND('',#1919,.T.);
#1244=TOROIDAL_SURFACE('',#1920,0.8,0.1);
#1245=SURFACE_STYLE_USAGE(.BOTH.,#1921);
#1246=FACE_OUTER_BOUND('',#1922,.T.);
#1247=TOROIDAL_SURFACE('',#1923,0.8,0.1);
#1248=SURFACE_STYLE_USAGE(.BOTH.,#1924);
#1249=FACE_OUTER_BOUND('',#1925,.T.);
#1250=TOROIDAL_SURFACE('',#1926,0.8,0.1);
#1251=SURFACE_STYLE_USAGE(.BOTH.,#1927);
#1252=FACE_OUTER_BOUND('',#1928,.T.);
#1253=TOROIDAL_SURFACE('',#1929,0.8,0.1);
#1254=SURFACE_STYLE_USAGE(.BOTH.,#1930);
#1255=FACE_OUTER_BOUND('',#1931,.T.);
#1256=PLANE('',#1932);
#1257=SURFACE_STYLE_USAGE(.BOTH.,#1933);
#1258=FACE_OUTER_BOUND('',#1934,.T.);
#1259=PLANE('',#1935);
#1260=SURFACE_STYLE_USAGE(.BOTH.,#1936);
#1261=FACE_OUTER_BOUND('',#1937,.T.);
#1262=PLANE('',#1938);
#1263=SURFACE_STYLE_USAGE(.BOTH.,#1939);
#1264=FACE_OUTER_BOUND('',#1940,.T.);
#1265=PLANE('',#1941);
#1266=SURFACE_STYLE_USAGE(.BOTH.,#1942);
#1267=FACE_OUTER_BOUND('',#1943,.T.);
#1268=PLANE('',#1944);
#1269=SURFACE_STYLE_USAGE(.BOTH.,#1945);
#1270=FACE_OUTER_BOUND('',#1946,.T.);
#1271=PLANE('',#1947);
#1272=SURFACE_STYLE_USAGE(.BOTH.,#1948);
#1273=FACE_OUTER_BOUND('',#1949,.T.);
#1274=PLANE('',#1950);
#1275=SURFACE_STYLE_USAGE(.BOTH.,#1951);
#1276=FACE_OUTER_BOUND('',#1952,.T.);
#1277=PLANE('',#1953);
#1278=SURFACE_STYLE_USAGE(.BOTH.,#1954);
#1279=FACE_OUTER_BOUND('',#1955,.T.);
#1280=CYLINDRICAL_SURFACE('',#1956,0.9);
#1281=SURFACE_STYLE_USAGE(.BOTH.,#1957);
#1282=FACE_OUTER_BOUND('',#1958,.T.);
#1283=CYLINDRICAL_SURFACE('',#1959,0.9);
#1284=SURFACE_STYLE_USAGE(.BOTH.,#1960);
#1285=FACE_OUTER_BOUND('',#1961,.T.);
#1286=CYLINDRICAL_SURFACE('',#1962,0.9);
#1287=SURFACE_STYLE_USAGE(.BOTH.,#1963);
#1288=FACE_OUTER_BOUND('',#1964,.T.);
#1289=CYLINDRICAL_SURFACE('',#1965,0.9);
#1290=SURFACE_STYLE_USAGE(.BOTH.,#1966);
#1291=FACE_OUTER_BOUND('',#1967,.T.);
#1292=PLANE('',#1968);
#1293=SURFACE_STYLE_USAGE(.BOTH.,#1969);
#1294=FACE_OUTER_BOUND('',#1970,.T.);
#1295=PLANE('',#1971);
#1296=SURFACE_STYLE_USAGE(.BOTH.,#1972);
#1297=FACE_OUTER_BOUND('',#1973,.T.);
#1298=PLANE('',#1974);
#1299=SURFACE_STYLE_USAGE(.BOTH.,#1975);
#1300=FACE_OUTER_BOUND('',#1976,.T.);
#1301=PLANE('',#1977);
#1302=SURFACE_STYLE_USAGE(.BOTH.,#1978);
#1303=FACE_OUTER_BOUND('',#1979,.T.);
#1304=PLANE('',#1980);
#1305=SURFACE_STYLE_USAGE(.BOTH.,#1981);
#1306=FACE_OUTER_BOUND('',#1982,.T.);
#1307=PLANE('',#1983);
#1308=SURFACE_STYLE_USAGE(.BOTH.,#1984);
#1309=FACE_OUTER_BOUND('',#1985,.T.);
#1310=PLANE('',#1986);
#1311=SURFACE_STYLE_USAGE(.BOTH.,#1987);
#1312=FACE_OUTER_BOUND('',#1988,.T.);
#1313=PLANE('',#1989);
#1314=SURFACE_STYLE_USAGE(.BOTH.,#1990);
#1315=FACE_OUTER_BOUND('',#1991,.T.);
#1316=PLANE('',#1992);
#1317=SURFACE_STYLE_USAGE(.BOTH.,#1993);
#1318=FACE_OUTER_BOUND('',#1994,.T.);
#1319=PLANE('',#1995);
#1320=SURFACE_STYLE_USAGE(.BOTH.,#1996);
#1321=FACE_OUTER_BOUND('',#1997,.T.);
#1322=PLANE('',#1998);
#1323=SURFACE_STYLE_USAGE(.BOTH.,#1999);
#1324=FACE_OUTER_BOUND('',#2000,.T.);
#1325=PLANE('',#2001);
#1326=SURFACE_STYLE_USAGE(.BOTH.,#2002);
#1327=FACE_OUTER_BOUND('',#2003,.T.);
#1328=PLANE('',#2004);
#1329=SURFACE_STYLE_USAGE(.BOTH.,#2005);
#1330=FACE_OUTER_BOUND('',#2006,.T.);
#1331=PLANE('',#2007);
#1332=SURFACE_STYLE_USAGE(.BOTH.,#2008);
#1333=FACE_OUTER_BOUND('',#2009,.T.);
#1334=PLANE('',#2010);
#1335=SURFACE_STYLE_USAGE(.BOTH.,#2011);
#1336=FACE_OUTER_BOUND('',#2012,.T.);
#1337=PLANE('',#2013);
#1338=SURFACE_STYLE_USAGE(.BOTH.,#2014);
#1339=FACE_OUTER_BOUND('',#2015,.T.);
#1340=PLANE('',#2016);
#1341=SURFACE_STYLE_USAGE(.BOTH.,#2017);
#1342=FACE_OUTER_BOUND('',#2018,.T.);
#1343=PLANE('',#2019);
#1344=SURFACE_STYLE_USAGE(.BOTH.,#2020);
#1345=FACE_OUTER_BOUND('',#2021,.T.);
#1346=PLANE('',#2022);
#1347=SURFACE_STYLE_USAGE(.BOTH.,#2023);
#1348=FACE_OUTER_BOUND('',#2024,.T.);
#1349=PLANE('',#2025);
#1350=SURFACE_STYLE_USAGE(.BOTH.,#2026);
#1351=FACE_OUTER_BOUND('',#2027,.T.);
#1352=PLANE('',#2028);
#1353=SURFACE_STYLE_USAGE(.BOTH.,#2029);
#1354=FACE_OUTER_BOUND('',#2030,.T.);
#1355=PLANE('',#2031);
#1356=SURFACE_STYLE_USAGE(.BOTH.,#2032);
#1357=FACE_OUTER_BOUND('',#2033,.T.);
#1358=PLANE('',#2034);
#1359=SURFACE_STYLE_USAGE(.BOTH.,#2035);
#1360=FACE_OUTER_BOUND('',#2036,.T.);
#1361=PLANE('',#2037);
#1362=SURFACE_STYLE_USAGE(.BOTH.,#2038);
#1363=FACE_OUTER_BOUND('',#2039,.T.);
#1364=PLANE('',#2040);
#1365=SURFACE_STYLE_USAGE(.BOTH.,#2041);
#1366=FACE_OUTER_BOUND('',#2042,.T.);
#1367=PLANE('',#2043);
#1368=SURFACE_STYLE_USAGE(.BOTH.,#2044);
#1369=FACE_OUTER_BOUND('',#2045,.T.);
#1370=PLANE('',#2046);
#1371=SURFACE_STYLE_USAGE(.BOTH.,#2047);
#1372=FACE_OUTER_BOUND('',#2048,.T.);
#1373=PLANE('',#2049);
#1374=PRODUCT_CONTEXT('',#233,'mechanical');
#1375=PRODUCT_DEFINITION_FORMATION_WITH_SPECIFIED_SOURCE(' ','NONE',#686,.NOT_KNOWN.);
#1376=CLOSED_SHELL('',(#251,#253,#255,#257,#259,#261,#263,#265,#267,#269,#271,#273,#275,#277,#279,#281,#283,#285,#287,#289,#291,#293,#295,#297,#299,#301,#303,#305,#307,#309,#311,#313,#315,#317,#319,#321,#323,#325,#327,#329,#331,#333,#335,#337,#339,#341,#343,#345,#347,#349,#351,#353,#355,#357,#359,#361,#363,#365,#367,#369,#371,#373,#375,#377,#379,#381,#383,#385,#387,#389,#391,#393,#395,#397,#399,#401,#403,#405,#407,#409,#411,#413,#415,#417,#419,#421,#423,#425,#427,#429,#431,#433,#435,#437,#439,#441,#443,#445,#447,#449,#451,#453,#455,#457,#459,#461,#463,#465,#467,#469,#471,#473,#475,#477,#479,#481,#483,#485,#487,#489,#491,#493,#495,#497,#499,#501,#503,#505,#507,#509,#511,#513,#515,#517,#519,#521,#523,#525,#527,#529,#531,#533,#535,#537,#539,#541,#543,#545,#547,#549,#551,#553,#555,#557,#559,#561,#563,#565,#567,#569,#571,#573,#575,#577,#579,#581,#583,#585,#587,#589,#591,#593,#595,#597,#599,#601,#603,#605,#607,#609,#611,#613,#615,#617,#619,#621,#623,#625,#627,#629));
#1377=ORIENTED_CLOSED_SHELL('',*,#2050,.T.);
#1378=ORIENTED_CLOSED_SHELL('',*,#2051,.T.);
#1379=CARTESIAN_POINT('',(0.0,0.0,0.0));
#1380=DIRECTION('',(0.0,0.0,1.0));
#1381=DIRECTION('',(1.0,0.0,0.0));
#1382= (NAMED_UNIT(#695)LENGTH_UNIT()SI_UNIT(.MILLI.,.METRE.));
#1383=SURFACE_SIDE_STYLE('',(#2053));
#1384=EDGE_LOOP('',(#2054,#2055,#2056,#2057));
#1385=AXIS2_PLACEMENT_3D('',#2058,#2059,#2060);
#1386=SURFACE_SIDE_STYLE('',(#2061));
#1387=EDGE_LOOP('',(#2062,#2063,#2064,#2065));
#1388=AXIS2_PLACEMENT_3D('',#2066,#2067,#2068);
#1389=SURFACE_SIDE_STYLE('',(#2069));
#1390=EDGE_LOOP('',(#2070,#2071,#2072,#2073));
#1391=AXIS2_PLACEMENT_3D('',#2074,#2075,#2076);
#1392=SURFACE_SIDE_STYLE('',(#2077));
#1393=EDGE_LOOP('',(#2078,#2079,#2080,#2081));
#1394=AXIS2_PLACEMENT_3D('',#2082,#2083,#2084);
#1395=SURFACE_SIDE_STYLE('',(#2085));
#1396=EDGE_LOOP('',(#2086,#2087,#2088));
#1397=AXIS2_PLACEMENT_3D('',#2089,#2090,#2091);
#1398=SURFACE_SIDE_STYLE('',(#2092));
#1399=EDGE_LOOP('',(#2093,#2094,#2095,#2096));
#1400=AXIS2_PLACEMENT_3D('',#2097,#2098,#2099);
#1401=SURFACE_SIDE_STYLE('',(#2100));
#1402=EDGE_LOOP('',(#2101,#2102,#2103,#2104));
#1403=AXIS2_PLACEMENT_3D('',#2105,#2106,#2107);
#1404=SURFACE_SIDE_STYLE('',(#2108));
#1405=EDGE_LOOP('',(#2109,#2110,#2111,#2112));
#1406=AXIS2_PLACEMENT_3D('',#2113,#2114,#2115);
#1407=SURFACE_SIDE_STYLE('',(#2116));
#1408=EDGE_LOOP('',(#2117,#2118,#2119));
#1409=EDGE_LOOP('',(#2120,#2121,#2122,#2123,#2124,#2125,#2126,#2127));
#1410=AXIS2_PLACEMENT_3D('',#2128,#2129,#2130);
#1411=SURFACE_SIDE_STYLE('',(#2131));
#1412=EDGE_LOOP('',(#2132,#2133,#2134,#2135));
#1413=AXIS2_PLACEMENT_3D('',#2136,#2137,#2138);
#1414=SURFACE_SIDE_STYLE('',(#2139));
#1415=EDGE_LOOP('',(#2140,#2141,#2142,#2143));
#1416=AXIS2_PLACEMENT_3D('',#2144,#2145,#2146);
#1417=SURFACE_SIDE_STYLE('',(#2147));
#1418=EDGE_LOOP('',(#2148,#2149,#2150,#2151));
#1419=AXIS2_PLACEMENT_3D('',#2152,#2153,#2154);
#1420=SURFACE_SIDE_STYLE('',(#2155));
#1421=EDGE_LOOP('',(#2156,#2157,#2158,#2159));
#1422=AXIS2_PLACEMENT_3D('',#2160,#2161,#2162);
#1423=SURFACE_SIDE_STYLE('',(#2163));
#1424=EDGE_LOOP('',(#2164,#2165,#2166,#2167));
#1425=AXIS2_PLACEMENT_3D('',#2168,#2169,#2170);
#1426=SURFACE_SIDE_STYLE('',(#2171));
#1427=EDGE_LOOP('',(#2172,#2173,#2174,#2175));
#1428=AXIS2_PLACEMENT_3D('',#2176,#2177,#2178);
#1429=SURFACE_SIDE_STYLE('',(#2179));
#1430=EDGE_LOOP('',(#2180,#2181,#2182,#2183));
#1431=AXIS2_PLACEMENT_3D('',#2184,#2185,#2186);
#1432=SURFACE_SIDE_STYLE('',(#2187));
#1433=EDGE_LOOP('',(#2188,#2189,#2190,#2191));
#1434=AXIS2_PLACEMENT_3D('',#2192,#2193,#2194);
#1435=SURFACE_SIDE_STYLE('',(#2195));
#1436=EDGE_LOOP('',(#2196,#2197,#2198,#2199,#2200,#2201));
#1437=EDGE_LOOP('',(#2202,#2203,#2204,#2205,#2206,#2207,#2208,#2209,#2210,#2211,#2212,#2213,#2214,#2215,#2216,#2217,#2218,#2219,#2220,#2221,#2222,#2223,#2224,#2225,#2226,#2227,#2228,#2229,#2230,#2231,#2232,#2233,#2234,#2235,#2236,#2237,#2238,#2239,#2240,#2241));
#1438=EDGE_LOOP('',(#2242,#2243,#2244,#2245,#2246,#2247,#2248,#2249,#2250,#2251,#2252,#2253));
#1439=EDGE_LOOP('',(#2254,#2255,#2256,#2257,#2258,#2259,#2260,#2261,#2262,#2263,#2264,#2265,#2266,#2267));
#1440=EDGE_LOOP('',(#2268,#2269,#2270,#2271,#2272,#2273,#2274,#2275));
#1441=EDGE_LOOP('',(#2276,#2277,#2278,#2279,#2280,#2281,#2282,#2283,#2284,#2285,#2286,#2287));
#1442=AXIS2_PLACEMENT_3D('',#2288,#2289,#2290);
#1443=SURFACE_SIDE_STYLE('',(#2291));
#1444=EDGE_LOOP('',(#2292,#2293,#2294,#2295));
#1445=AXIS2_PLACEMENT_3D('',#2296,#2297,#2298);
#1446=SURFACE_SIDE_STYLE('',(#2299));
#1447=EDGE_LOOP('',(#2300,#2301,#2302,#2303));
#1448=AXIS2_PLACEMENT_3D('',#2304,#2305,#2306);
#1449=SURFACE_SIDE_STYLE('',(#2307));
#1450=EDGE_LOOP('',(#2308,#2309,#2310,#2311));
#1451=AXIS2_PLACEMENT_3D('',#2312,#2313,#2314);
#1452=SURFACE_SIDE_STYLE('',(#2315));
#1453=EDGE_LOOP('',(#2316,#2317,#2318,#2319));
#1454=AXIS2_PLACEMENT_3D('',#2320,#2321,#2322);
#1455=SURFACE_SIDE_STYLE('',(#2323));
#1456=EDGE_LOOP('',(#2324,#2325,#2326,#2327));
#1457=AXIS2_PLACEMENT_3D('',#2328,#2329,#2330);
#1458=SURFACE_SIDE_STYLE('',(#2331));
#1459=EDGE_LOOP('',(#2332,#2333,#2334,#2335));
#1460=AXIS2_PLACEMENT_3D('',#2336,#2337,#2338);
#1461=SURFACE_SIDE_STYLE('',(#2339));
#1462=EDGE_LOOP('',(#2340,#2341,#2342,#2343));
#1463=AXIS2_PLACEMENT_3D('',#2344,#2345,#2346);
#1464=SURFACE_SIDE_STYLE('',(#2347));
#1465=EDGE_LOOP('',(#2348,#2349,#2350,#2351));
#1466=AXIS2_PLACEMENT_3D('',#2352,#2353,#2354);
#1467=SURFACE_SIDE_STYLE('',(#2355));
#1468=EDGE_LOOP('',(#2356,#2357,#2358,#2359));
#1469=AXIS2_PLACEMENT_3D('',#2360,#2361,#2362);
#1470=SURFACE_SIDE_STYLE('',(#2363));
#1471=EDGE_LOOP('',(#2364,#2365,#2366,#2367));
#1472=AXIS2_PLACEMENT_3D('',#2368,#2369,#2370);
#1473=SURFACE_SIDE_STYLE('',(#2371));
#1474=EDGE_LOOP('',(#2372,#2373,#2374,#2375));
#1475=AXIS2_PLACEMENT_3D('',#2376,#2377,#2378);
#1476=SURFACE_SIDE_STYLE('',(#2379));
#1477=EDGE_LOOP('',(#2380,#2381,#2382,#2383));
#1478=AXIS2_PLACEMENT_3D('',#2384,#2385,#2386);
#1479=SURFACE_SIDE_STYLE('',(#2387));
#1480=EDGE_LOOP('',(#2388,#2389,#2390,#2391));
#1481=AXIS2_PLACEMENT_3D('',#2392,#2393,#2394);
#1482=SURFACE_SIDE_STYLE('',(#2395));
#1483=EDGE_LOOP('',(#2396,#2397,#2398,#2399));
#1484=AXIS2_PLACEMENT_3D('',#2400,#2401,#2402);
#1485=SURFACE_SIDE_STYLE('',(#2403));
#1486=EDGE_LOOP('',(#2404,#2405,#2406,#2407));
#1487=AXIS2_PLACEMENT_3D('',#2408,#2409,#2410);
#1488=SURFACE_SIDE_STYLE('',(#2411));
#1489=EDGE_LOOP('',(#2412,#2413,#2414,#2415));
#1490=AXIS2_PLACEMENT_3D('',#2416,#2417,#2418);
#1491=SURFACE_SIDE_STYLE('',(#2419));
#1492=EDGE_LOOP('',(#2420,#2421,#2422,#2423));
#1493=AXIS2_PLACEMENT_3D('',#2424,#2425,#2426);
#1494=SURFACE_SIDE_STYLE('',(#2427));
#1495=EDGE_LOOP('',(#2428,#2429,#2430,#2431));
#1496=AXIS2_PLACEMENT_3D('',#2432,#2433,#2434);
#1497=SURFACE_SIDE_STYLE('',(#2435));
#1498=EDGE_LOOP('',(#2436,#2437,#2438,#2439));
#1499=AXIS2_PLACEMENT_3D('',#2440,#2441,#2442);
#1500=SURFACE_SIDE_STYLE('',(#2443));
#1501=EDGE_LOOP('',(#2444,#2445,#2446,#2447));
#1502=AXIS2_PLACEMENT_3D('',#2448,#2449,#2450);
#1503=SURFACE_SIDE_STYLE('',(#2451));
#1504=EDGE_LOOP('',(#2452,#2453,#2454,#2455));
#1505=AXIS2_PLACEMENT_3D('',#2456,#2457,#2458);
#1506=SURFACE_SIDE_STYLE('',(#2459));
#1507=EDGE_LOOP('',(#2460,#2461,#2462,#2463));
#1508=AXIS2_PLACEMENT_3D('',#2464,#2465,#2466);
#1509=SURFACE_SIDE_STYLE('',(#2467));
#1510=EDGE_LOOP('',(#2468,#2469,#2470,#2471));
#1511=AXIS2_PLACEMENT_3D('',#2472,#2473,#2474);
#1512=SURFACE_SIDE_STYLE('',(#2475));
#1513=EDGE_LOOP('',(#2476,#2477,#2478,#2479));
#1514=AXIS2_PLACEMENT_3D('',#2480,#2481,#2482);
#1515=SURFACE_SIDE_STYLE('',(#2483));
#1516=EDGE_LOOP('',(#2484,#2485,#2486,#2487));
#1517=AXIS2_PLACEMENT_3D('',#2488,#2489,#2490);
#1518=SURFACE_SIDE_STYLE('',(#2491));
#1519=EDGE_LOOP('',(#2492,#2493,#2494,#2495));
#1520=AXIS2_PLACEMENT_3D('',#2496,#2497,#2498);
#1521=SURFACE_SIDE_STYLE('',(#2499));
#1522=EDGE_LOOP('',(#2500,#2501,#2502,#2503));
#1523=AXIS2_PLACEMENT_3D('',#2504,#2505,#2506);
#1524=SURFACE_SIDE_STYLE('',(#2507));
#1525=EDGE_LOOP('',(#2508,#2509,#2510,#2511));
#1526=AXIS2_PLACEMENT_3D('',#2512,#2513,#2514);
#1527=SURFACE_SIDE_STYLE('',(#2515));
#1528=EDGE_LOOP('',(#2516,#2517,#2518,#2519));
#1529=AXIS2_PLACEMENT_3D('',#2520,#2521,#2522);
#1530=SURFACE_SIDE_STYLE('',(#2523));
#1531=EDGE_LOOP('',(#2524,#2525,#2526,#2527));
#1532=AXIS2_PLACEMENT_3D('',#2528,#2529,#2530);
#1533=SURFACE_SIDE_STYLE('',(#2531));
#1534=EDGE_LOOP('',(#2532,#2533,#2534,#2535));
#1535=AXIS2_PLACEMENT_3D('',#2536,#2537,#2538);
#1536=SURFACE_SIDE_STYLE('',(#2539));
#1537=EDGE_LOOP('',(#2540,#2541,#2542,#2543));
#1538=AXIS2_PLACEMENT_3D('',#2544,#2545,#2546);
#1539=SURFACE_SIDE_STYLE('',(#2547));
#1540=EDGE_LOOP('',(#2548,#2549,#2550,#2551));
#1541=AXIS2_PLACEMENT_3D('',#2552,#2553,#2554);
#1542=SURFACE_SIDE_STYLE('',(#2555));
#1543=EDGE_LOOP('',(#2556,#2557,#2558,#2559));
#1544=AXIS2_PLACEMENT_3D('',#2560,#2561,#2562);
#1545=SURFACE_SIDE_STYLE('',(#2563));
#1546=EDGE_LOOP('',(#2564,#2565,#2566,#2567));
#1547=AXIS2_PLACEMENT_3D('',#2568,#2569,#2570);
#1548=SURFACE_SIDE_STYLE('',(#2571));
#1549=EDGE_LOOP('',(#2572,#2573,#2574,#2575));
#1550=AXIS2_PLACEMENT_3D('',#2576,#2577,#2578);
#1551=SURFACE_SIDE_STYLE('',(#2579));
#1552=EDGE_LOOP('',(#2580,#2581,#2582,#2583));
#1553=AXIS2_PLACEMENT_3D('',#2584,#2585,#2586);
#1554=SURFACE_SIDE_STYLE('',(#2587));
#1555=EDGE_LOOP('',(#2588,#2589,#2590,#2591));
#1556=AXIS2_PLACEMENT_3D('',#2592,#2593,#2594);
#1557=SURFACE_SIDE_STYLE('',(#2595));
#1558=EDGE_LOOP('',(#2596,#2597,#2598,#2599));
#1559=AXIS2_PLACEMENT_3D('',#2600,#2601,#2602);
#1560=SURFACE_SIDE_STYLE('',(#2603));
#1561=EDGE_LOOP('',(#2604,#2605,#2606,#2607));
#1562=AXIS2_PLACEMENT_3D('',#2608,#2609,#2610);
#1563=SURFACE_SIDE_STYLE('',(#2611));
#1564=EDGE_LOOP('',(#2612,#2613,#2614,#2615));
#1565=AXIS2_PLACEMENT_3D('',#2616,#2617,#2618);
#1566=SURFACE_SIDE_STYLE('',(#2619));
#1567=EDGE_LOOP('',(#2620,#2621,#2622,#2623));
#1568=AXIS2_PLACEMENT_3D('',#2624,#2625,#2626);
#1569=SURFACE_SIDE_STYLE('',(#2627));
#1570=EDGE_LOOP('',(#2628,#2629,#2630,#2631));
#1571=AXIS2_PLACEMENT_3D('',#2632,#2633,#2634);
#1572=SURFACE_SIDE_STYLE('',(#2635));
#1573=EDGE_LOOP('',(#2636,#2637,#2638,#2639));
#1574=AXIS2_PLACEMENT_3D('',#2640,#2641,#2642);
#1575=SURFACE_SIDE_STYLE('',(#2643));
#1576=EDGE_LOOP('',(#2644,#2645,#2646,#2647));
#1577=AXIS2_PLACEMENT_3D('',#2648,#2649,#2650);
#1578=SURFACE_SIDE_STYLE('',(#2651));
#1579=EDGE_LOOP('',(#2652,#2653,#2654,#2655));
#1580=AXIS2_PLACEMENT_3D('',#2656,#2657,#2658);
#1581=SURFACE_SIDE_STYLE('',(#2659));
#1582=EDGE_LOOP('',(#2660,#2661,#2662,#2663));
#1583=AXIS2_PLACEMENT_3D('',#2664,#2665,#2666);
#1584=SURFACE_SIDE_STYLE('',(#2667));
#1585=EDGE_LOOP('',(#2668,#2669,#2670,#2671));
#1586=AXIS2_PLACEMENT_3D('',#2672,#2673,#2674);
#1587=SURFACE_SIDE_STYLE('',(#2675));
#1588=EDGE_LOOP('',(#2676,#2677,#2678,#2679));
#1589=AXIS2_PLACEMENT_3D('',#2680,#2681,#2682);
#1590=SURFACE_SIDE_STYLE('',(#2683));
#1591=EDGE_LOOP('',(#2684,#2685,#2686,#2687));
#1592=AXIS2_PLACEMENT_3D('',#2688,#2689,#2690);
#1593=SURFACE_SIDE_STYLE('',(#2691));
#1594=EDGE_LOOP('',(#2692,#2693,#2694,#2695));
#1595=AXIS2_PLACEMENT_3D('',#2696,#2697,#2698);
#1596=SURFACE_SIDE_STYLE('',(#2699));
#1597=EDGE_LOOP('',(#2700,#2701,#2702,#2703));
#1598=AXIS2_PLACEMENT_3D('',#2704,#2705,#2706);
#1599=SURFACE_SIDE_STYLE('',(#2707));
#1600=EDGE_LOOP('',(#2708,#2709,#2710,#2711));
#1601=AXIS2_PLACEMENT_3D('',#2712,#2713,#2714);
#1602=SURFACE_SIDE_STYLE('',(#2715));
#1603=EDGE_LOOP('',(#2716,#2717,#2718,#2719));
#1604=AXIS2_PLACEMENT_3D('',#2720,#2721,#2722);
#1605=SURFACE_SIDE_STYLE('',(#2723));
#1606=EDGE_LOOP('',(#2724,#2725,#2726,#2727));
#1607=AXIS2_PLACEMENT_3D('',#2728,#2729,#2730);
#1608=SURFACE_SIDE_STYLE('',(#2731));
#1609=EDGE_LOOP('',(#2732,#2733,#2734,#2735));
#1610=AXIS2_PLACEMENT_3D('',#2736,#2737,#2738);
#1611=SURFACE_SIDE_STYLE('',(#2739));
#1612=EDGE_LOOP('',(#2740,#2741,#2742,#2743));
#1613=AXIS2_PLACEMENT_3D('',#2744,#2745,#2746);
#1614=SURFACE_SIDE_STYLE('',(#2747));
#1615=EDGE_LOOP('',(#2748,#2749,#2750,#2751));
#1616=AXIS2_PLACEMENT_3D('',#2752,#2753,#2754);
#1617=SURFACE_SIDE_STYLE('',(#2755));
#1618=EDGE_LOOP('',(#2756,#2757,#2758,#2759));
#1619=AXIS2_PLACEMENT_3D('',#2760,#2761,#2762);
#1620=SURFACE_SIDE_STYLE('',(#2763));
#1621=EDGE_LOOP('',(#2764,#2765,#2766,#2767));
#1622=AXIS2_PLACEMENT_3D('',#2768,#2769,#2770);
#1623=SURFACE_SIDE_STYLE('',(#2771));
#1624=EDGE_LOOP('',(#2772,#2773,#2774,#2775));
#1625=AXIS2_PLACEMENT_3D('',#2776,#2777,#2778);
#1626=SURFACE_SIDE_STYLE('',(#2779));
#1627=EDGE_LOOP('',(#2780,#2781,#2782,#2783));
#1628=AXIS2_PLACEMENT_3D('',#2784,#2785,#2786);
#1629=SURFACE_SIDE_STYLE('',(#2787));
#1630=EDGE_LOOP('',(#2788,#2789,#2790,#2791));
#1631=AXIS2_PLACEMENT_3D('',#2792,#2793,#2794);
#1632=SURFACE_SIDE_STYLE('',(#2795));
#1633=EDGE_LOOP('',(#2796,#2797,#2798,#2799));
#1634=AXIS2_PLACEMENT_3D('',#2800,#2801,#2802);
#1635=SURFACE_SIDE_STYLE('',(#2803));
#1636=EDGE_LOOP('',(#2804,#2805,#2806,#2807));
#1637=AXIS2_PLACEMENT_3D('',#2808,#2809,#2810);
#1638=SURFACE_SIDE_STYLE('',(#2811));
#1639=EDGE_LOOP('',(#2812,#2813,#2814,#2815));
#1640=AXIS2_PLACEMENT_3D('',#2816,#2817,#2818);
#1641=SURFACE_SIDE_STYLE('',(#2819));
#1642=EDGE_LOOP('',(#2820,#2821,#2822,#2823));
#1643=AXIS2_PLACEMENT_3D('',#2824,#2825,#2826);
#1644=SURFACE_SIDE_STYLE('',(#2827));
#1645=EDGE_LOOP('',(#2828,#2829,#2830,#2831));
#1646=AXIS2_PLACEMENT_3D('',#2832,#2833,#2834);
#1647=SURFACE_SIDE_STYLE('',(#2835));
#1648=EDGE_LOOP('',(#2836,#2837,#2838,#2839));
#1649=AXIS2_PLACEMENT_3D('',#2840,#2841,#2842);
#1650=SURFACE_SIDE_STYLE('',(#2843));
#1651=EDGE_LOOP('',(#2844,#2845,#2846,#2847));
#1652=AXIS2_PLACEMENT_3D('',#2848,#2849,#2850);
#1653=SURFACE_SIDE_STYLE('',(#2851));
#1654=EDGE_LOOP('',(#2852,#2853,#2854,#2855));
#1655=AXIS2_PLACEMENT_3D('',#2856,#2857,#2858);
#1656=SURFACE_SIDE_STYLE('',(#2859));
#1657=EDGE_LOOP('',(#2860,#2861,#2862,#2863));
#1658=AXIS2_PLACEMENT_3D('',#2864,#2865,#2866);
#1659=SURFACE_SIDE_STYLE('',(#2867));
#1660=EDGE_LOOP('',(#2868,#2869,#2870,#2871));
#1661=AXIS2_PLACEMENT_3D('',#2872,#2873,#2874);
#1662=SURFACE_SIDE_STYLE('',(#2875));
#1663=EDGE_LOOP('',(#2876,#2877,#2878,#2879));
#1664=AXIS2_PLACEMENT_3D('',#2880,#2881,#2882);
#1665=SURFACE_SIDE_STYLE('',(#2883));
#1666=EDGE_LOOP('',(#2884,#2885,#2886,#2887));
#1667=AXIS2_PLACEMENT_3D('',#2888,#2889,#2890);
#1668=SURFACE_SIDE_STYLE('',(#2891));
#1669=EDGE_LOOP('',(#2892,#2893,#2894,#2895,#2896,#2897,#2898,#2899,#2900,#2901,#2902,#2903,#2904,#2905,#2906,#2907,#2908,#2909,#2910,#2911));
#1670=AXIS2_PLACEMENT_3D('',#2912,#2913,#2914);
#1671=SURFACE_SIDE_STYLE('',(#2915));
#1672=EDGE_LOOP('',(#2916,#2917,#2918,#2919));
#1673=AXIS2_PLACEMENT_3D('',#2920,#2921,#2922);
#1674=SURFACE_SIDE_STYLE('',(#2923));
#1675=EDGE_LOOP('',(#2924,#2925,#2926,#2927));
#1676=AXIS2_PLACEMENT_3D('',#2928,#2929,#2930);
#1677=SURFACE_SIDE_STYLE('',(#2931));
#1678=EDGE_LOOP('',(#2932,#2933,#2934,#2935));
#1679=AXIS2_PLACEMENT_3D('',#2936,#2937,#2938);
#1680=SURFACE_SIDE_STYLE('',(#2939));
#1681=EDGE_LOOP('',(#2940,#2941,#2942,#2943,#2944,#2945,#2946));
#1682=AXIS2_PLACEMENT_3D('',#2947,#2948,#2949);
#1683=SURFACE_SIDE_STYLE('',(#2950));
#1684=EDGE_LOOP('',(#2951,#2952,#2953,#2954));
#1685=AXIS2_PLACEMENT_3D('',#2955,#2956,#2957);
#1686=SURFACE_SIDE_STYLE('',(#2958));
#1687=EDGE_LOOP('',(#2959,#2960,#2961,#2962,#2963,#2964,#2965));
#1688=AXIS2_PLACEMENT_3D('',#2966,#2967,#2968);
#1689=SURFACE_SIDE_STYLE('',(#2969));
#1690=EDGE_LOOP('',(#2970,#2971,#2972,#2973,#2974,#2975));
#1691=AXIS2_PLACEMENT_3D('',#2976,#2977,#2978);
#1692=SURFACE_SIDE_STYLE('',(#2979));
#1693=EDGE_LOOP('',(#2980,#2981,#2982,#2983,#2984,#2985,#2986,#2987,#2988,#2989,#2990,#2991,#2992,#2993,#2994,#2995,#2996,#2997,#2998,#2999,#3000,#3001,#3002,#3003,#3004,#3005,#3006,#3007,#3008,#3009,#3010,#3011,#3012,#3013,#3014,#3015,#3016,#3017,#3018,#3019));
#1694=AXIS2_PLACEMENT_3D('',#3020,#3021,#3022);
#1695=SURFACE_SIDE_STYLE('',(#3023));
#1696=EDGE_LOOP('',(#3024,#3025,#3026,#3027,#3028,#3029,#3030,#3031,#3032,#3033,#3034,#3035));
#1697=AXIS2_PLACEMENT_3D('',#3036,#3037,#3038);
#1698=SURFACE_SIDE_STYLE('',(#3039));
#1699=EDGE_LOOP('',(#3040,#3041,#3042,#3043,#3044,#3045,#3046,#3047,#3048,#3049,#3050,#3051));
#1700=EDGE_LOOP('',(#3052,#3053,#3054,#3055,#3056,#3057,#3058,#3059,#3060,#3061,#3062,#3063,#3064,#3065));
#1701=AXIS2_PLACEMENT_3D('',#3066,#3067,#3068);
#1702=SURFACE_SIDE_STYLE('',(#3069));
#1703=EDGE_LOOP('',(#3070,#3071,#3072,#3073,#3074,#3075,#3076,#3077));
#1704=AXIS2_PLACEMENT_3D('',#3078,#3079,#3080);
#1705=SURFACE_SIDE_STYLE('',(#3081));
#1706=EDGE_LOOP('',(#3082,#3083,#3084,#3085,#3086,#3087,#3088,#3089));
#1707=AXIS2_PLACEMENT_3D('',#3090,#3091,#3092);
#1708=SURFACE_SIDE_STYLE('',(#3093));
#1709=EDGE_LOOP('',(#3094,#3095,#3096,#3097));
#1710=AXIS2_PLACEMENT_3D('',#3098,#3099,#3100);
#1711=SURFACE_SIDE_STYLE('',(#3101));
#1712=EDGE_LOOP('',(#3102,#3103,#3104,#3105));
#1713=EDGE_LOOP('',(#3106,#3107,#3108,#3109));
#1714=AXIS2_PLACEMENT_3D('',#3110,#3111,#3112);
#1715=SURFACE_SIDE_STYLE('',(#3113));
#1716=EDGE_LOOP('',(#3114,#3115,#3116,#3117));
#1717=AXIS2_PLACEMENT_3D('',#3118,#3119,#3120);
#1718=SURFACE_SIDE_STYLE('',(#3121));
#1719=EDGE_LOOP('',(#3122,#3123,#3124,#3125));
#1720=AXIS2_PLACEMENT_3D('',#3126,#3127,#3128);
#1721=SURFACE_SIDE_STYLE('',(#3129));
#1722=EDGE_LOOP('',(#3130,#3131,#3132,#3133));
#1723=EDGE_LOOP('',(#3134,#3135,#3136,#3137));
#1724=AXIS2_PLACEMENT_3D('',#3138,#3139,#3140);
#1725=SURFACE_SIDE_STYLE('',(#3141));
#1726=EDGE_LOOP('',(#3142,#3143,#3144,#3145));
#1727=AXIS2_PLACEMENT_3D('',#3146,#3147,#3148);
#1728=SURFACE_SIDE_STYLE('',(#3149));
#1729=EDGE_LOOP('',(#3150,#3151,#3152,#3153,#3154,#3155,#3156,#3157,#3158,#3159,#3160,#3161,#3162,#3163,#3164,#3165));
#1730=AXIS2_PLACEMENT_3D('',#3166,#3167,#3168);
#1731=SURFACE_SIDE_STYLE('',(#3169));
#1732=EDGE_LOOP('',(#3170,#3171,#3172,#3173,#3174,#3175,#3176,#3177));
#1733=AXIS2_PLACEMENT_3D('',#3178,#3179,#3180);
#1734=SURFACE_SIDE_STYLE('',(#3181));
#1735=EDGE_LOOP('',(#3182,#3183,#3184,#3185));
#1736=AXIS2_PLACEMENT_3D('',#3186,#3187,#3188);
#1737=SURFACE_SIDE_STYLE('',(#3189));
#1738=EDGE_LOOP('',(#3190,#3191,#3192,#3193));
#1739=AXIS2_PLACEMENT_3D('',#3194,#3195,#3196);
#1740=SURFACE_SIDE_STYLE('',(#3197));
#1741=EDGE_LOOP('',(#3198,#3199,#3200,#3201));
#1742=AXIS2_PLACEMENT_3D('',#3202,#3203,#3204);
#1743=SURFACE_SIDE_STYLE('',(#3205));
#1744=EDGE_LOOP('',(#3206,#3207,#3208,#3209));
#1745=AXIS2_PLACEMENT_3D('',#3210,#3211,#3212);
#1746=SURFACE_SIDE_STYLE('',(#3213));
#1747=EDGE_LOOP('',(#3214,#3215,#3216,#3217));
#1748=AXIS2_PLACEMENT_3D('',#3218,#3219,#3220);
#1749=SURFACE_SIDE_STYLE('',(#3221));
#1750=EDGE_LOOP('',(#3222,#3223,#3224,#3225));
#1751=AXIS2_PLACEMENT_3D('',#3226,#3227,#3228);
#1752=SURFACE_SIDE_STYLE('',(#3229));
#1753=EDGE_LOOP('',(#3230,#3231,#3232,#3233));
#1754=AXIS2_PLACEMENT_3D('',#3234,#3235,#3236);
#1755=SURFACE_SIDE_STYLE('',(#3237));
#1756=EDGE_LOOP('',(#3238,#3239,#3240,#3241));
#1757=AXIS2_PLACEMENT_3D('',#3242,#3243,#3244);
#1758=SURFACE_SIDE_STYLE('',(#3245));
#1759=EDGE_LOOP('',(#3246,#3247,#3248,#3249));
#1760=AXIS2_PLACEMENT_3D('',#3250,#3251,#3252);
#1761=SURFACE_SIDE_STYLE('',(#3253));
#1762=EDGE_LOOP('',(#3254,#3255,#3256,#3257));
#1763=AXIS2_PLACEMENT_3D('',#3258,#3259,#3260);
#1764=SURFACE_SIDE_STYLE('',(#3261));
#1765=EDGE_LOOP('',(#3262,#3263,#3264,#3265));
#1766=AXIS2_PLACEMENT_3D('',#3266,#3267,#3268);
#1767=SURFACE_SIDE_STYLE('',(#3269));
#1768=EDGE_LOOP('',(#3270,#3271,#3272,#3273));
#1769=AXIS2_PLACEMENT_3D('',#3274,#3275,#3276);
#1770=SURFACE_SIDE_STYLE('',(#3277));
#1771=EDGE_LOOP('',(#3278,#3279,#3280,#3281));
#1772=AXIS2_PLACEMENT_3D('',#3282,#3283,#3284);
#1773=SURFACE_SIDE_STYLE('',(#3285));
#1774=EDGE_LOOP('',(#3286,#3287,#3288,#3289));
#1775=AXIS2_PLACEMENT_3D('',#3290,#3291,#3292);
#1776=SURFACE_SIDE_STYLE('',(#3293));
#1777=EDGE_LOOP('',(#3294,#3295,#3296,#3297));
#1778=AXIS2_PLACEMENT_3D('',#3298,#3299,#3300);
#1779=SURFACE_SIDE_STYLE('',(#3301));
#1780=EDGE_LOOP('',(#3302,#3303,#3304,#3305));
#1781=AXIS2_PLACEMENT_3D('',#3306,#3307,#3308);
#1782=SURFACE_SIDE_STYLE('',(#3309));
#1783=EDGE_LOOP('',(#3310,#3311,#3312,#3313));
#1784=AXIS2_PLACEMENT_3D('',#3314,#3315,#3316);
#1785=SURFACE_SIDE_STYLE('',(#3317));
#1786=EDGE_LOOP('',(#3318,#3319,#3320,#3321));
#1787=AXIS2_PLACEMENT_3D('',#3322,#3323,#3324);
#1788=SURFACE_SIDE_STYLE('',(#3325));
#1789=EDGE_LOOP('',(#3326,#3327,#3328,#3329));
#1790=AXIS2_PLACEMENT_3D('',#3330,#3331,#3332);
#1791=SURFACE_SIDE_STYLE('',(#3333));
#1792=EDGE_LOOP('',(#3334,#3335,#3336,#3337));
#1793=AXIS2_PLACEMENT_3D('',#3338,#3339,#3340);
#1794=SURFACE_SIDE_STYLE('',(#3341));
#1795=EDGE_LOOP('',(#3342,#3343,#3344,#3345));
#1796=AXIS2_PLACEMENT_3D('',#3346,#3347,#3348);
#1797=SURFACE_SIDE_STYLE('',(#3349));
#1798=EDGE_LOOP('',(#3350,#3351,#3352,#3353));
#1799=AXIS2_PLACEMENT_3D('',#3354,#3355,#3356);
#1800=SURFACE_SIDE_STYLE('',(#3357));
#1801=EDGE_LOOP('',(#3358,#3359,#3360,#3361));
#1802=AXIS2_PLACEMENT_3D('',#3362,#3363,#3364);
#1803=SURFACE_SIDE_STYLE('',(#3365));
#1804=EDGE_LOOP('',(#3366,#3367,#3368,#3369));
#1805=AXIS2_PLACEMENT_3D('',#3370,#3371,#3372);
#1806=SURFACE_SIDE_STYLE('',(#3373));
#1807=EDGE_LOOP('',(#3374,#3375,#3376,#3377));
#1808=AXIS2_PLACEMENT_3D('',#3378,#3379,#3380);
#1809=SURFACE_SIDE_STYLE('',(#3381));
#1810=EDGE_LOOP('',(#3382,#3383,#3384,#3385));
#1811=AXIS2_PLACEMENT_3D('',#3386,#3387,#3388);
#1812=SURFACE_SIDE_STYLE('',(#3389));
#1813=EDGE_LOOP('',(#3390,#3391,#3392,#3393));
#1814=AXIS2_PLACEMENT_3D('',#3394,#3395,#3396);
#1815=SURFACE_SIDE_STYLE('',(#3397));
#1816=EDGE_LOOP('',(#3398,#3399,#3400,#3401,#3402,#3403,#3404,#3405,#3406));
#1817=AXIS2_PLACEMENT_3D('',#3407,#3408,#3409);
#1818=SURFACE_SIDE_STYLE('',(#3410));
#1819=EDGE_LOOP('',(#3411,#3412,#3413,#3414));
#1820=AXIS2_PLACEMENT_3D('',#3415,#3416,#3417);
#1821=SURFACE_SIDE_STYLE('',(#3418));
#1822=EDGE_LOOP('',(#3419,#3420,#3421,#3422,#3423,#3424,#3425,#3426));
#1823=AXIS2_PLACEMENT_3D('',#3427,#3428,#3429);
#1824=SURFACE_SIDE_STYLE('',(#3430));
#1825=EDGE_LOOP('',(#3431,#3432,#3433,#3434));
#1826=AXIS2_PLACEMENT_3D('',#3435,#3436,#3437);
#1827=SURFACE_SIDE_STYLE('',(#3438));
#1828=EDGE_LOOP('',(#3439,#3440,#3441,#3442,#3443,#3444,#3445,#3446));
#1829=AXIS2_PLACEMENT_3D('',#3447,#3448,#3449);
#1830=SURFACE_SIDE_STYLE('',(#3450));
#1831=EDGE_LOOP('',(#3451,#3452,#3453,#3454));
#1832=AXIS2_PLACEMENT_3D('',#3455,#3456,#3457);
#1833=SURFACE_SIDE_STYLE('',(#3458));
#1834=EDGE_LOOP('',(#3459,#3460,#3461,#3462,#3463,#3464,#3465,#3466,#3467));
#1835=AXIS2_PLACEMENT_3D('',#3468,#3469,#3470);
#1836=SURFACE_SIDE_STYLE('',(#3471));
#1837=EDGE_LOOP('',(#3472,#3473,#3474,#3475));
#1838=AXIS2_PLACEMENT_3D('',#3476,#3477,#3478);
#1839=SURFACE_SIDE_STYLE('',(#3479));
#1840=EDGE_LOOP('',(#3480,#3481,#3482,#3483));
#1841=AXIS2_PLACEMENT_3D('',#3484,#3485,#3486);
#1842=SURFACE_SIDE_STYLE('',(#3487));
#1843=EDGE_LOOP('',(#3488,#3489,#3490,#3491));
#1844=AXIS2_PLACEMENT_3D('',#3492,#3493,#3494);
#1845=SURFACE_SIDE_STYLE('',(#3495));
#1846=EDGE_LOOP('',(#3496,#3497,#3498,#3499));
#1847=AXIS2_PLACEMENT_3D('',#3500,#3501,#3502);
#1848=SURFACE_SIDE_STYLE('',(#3503));
#1849=EDGE_LOOP('',(#3504,#3505,#3506,#3507));
#1850=AXIS2_PLACEMENT_3D('',#3508,#3509,#3510);
#1851=SURFACE_SIDE_STYLE('',(#3511));
#1852=EDGE_LOOP('',(#3512,#3513,#3514,#3515,#3516,#3517,#3518,#3519,#3520,#3521,#3522,#3523));
#1853=AXIS2_PLACEMENT_3D('',#3524,#3525,#3526);
#1854=SURFACE_SIDE_STYLE('',(#3527));
#1855=EDGE_LOOP('',(#3528,#3529,#3530,#3531));
#1856=EDGE_LOOP('',(#3532,#3533,#3534,#3535));
#1857=AXIS2_PLACEMENT_3D('',#3536,#3537,#3538);
#1858=SURFACE_SIDE_STYLE('',(#3539));
#1859=EDGE_LOOP('',(#3540,#3541,#3542,#3543));
#1860=EDGE_LOOP('',(#3544,#3545,#3546,#3547));
#1861=AXIS2_PLACEMENT_3D('',#3548,#3549,#3550);
#1862=SURFACE_SIDE_STYLE('',(#3551));
#1863=EDGE_LOOP('',(#3552,#3553,#3554,#3555,#3556,#3557,#3558,#3559,#3560,#3561,#3562,#3563,#3564,#3565,#3566,#3567));
#1864=AXIS2_PLACEMENT_3D('',#3568,#3569,#3570);
#1865=SURFACE_SIDE_STYLE('',(#3571));
#1866=EDGE_LOOP('',(#3572,#3573,#3574,#3575));
#1867=AXIS2_PLACEMENT_3D('',#3576,#3577,#3578);
#1868=SURFACE_SIDE_STYLE('',(#3579));
#1869=EDGE_LOOP('',(#3580,#3581,#3582,#3583));
#1870=AXIS2_PLACEMENT_3D('',#3584,#3585,#3586);
#1871=SURFACE_SIDE_STYLE('',(#3587));
#1872=EDGE_LOOP('',(#3588,#3589,#3590,#3591,#3592,#3593,#3594,#3595,#3596,#3597,#3598,#3599,#3600,#3601,#3602,#3603,#3604,#3605,#3606,#3607));
#1873=EDGE_LOOP('',(#3608,#3609));
#1874=EDGE_LOOP('',(#3610,#3611));
#1875=AXIS2_PLACEMENT_3D('',#3612,#3613,#3614);
#1876=SURFACE_SIDE_STYLE('',(#3615));
#1877=EDGE_LOOP('',(#3616,#3617,#3618,#3619));
#1878=AXIS2_PLACEMENT_3D('',#3620,#3621,#3622);
#1879=SURFACE_SIDE_STYLE('',(#3623));
#1880=EDGE_LOOP('',(#3624,#3625,#3626,#3627,#3628));
#1881=AXIS2_PLACEMENT_3D('',#3629,#3630,#3631);
#1882=SURFACE_SIDE_STYLE('',(#3632));
#1883=EDGE_LOOP('',(#3633,#3634,#3635,#3636));
#1884=AXIS2_PLACEMENT_3D('',#3637,#3638,#3639);
#1885=SURFACE_SIDE_STYLE('',(#3640));
#1886=EDGE_LOOP('',(#3641,#3642,#3643,#3644,#3645,#3646));
#1887=AXIS2_PLACEMENT_3D('',#3647,#3648,#3649);
#1888=SURFACE_SIDE_STYLE('',(#3650));
#1889=EDGE_LOOP('',(#3651,#3652,#3653,#3654));
#1890=AXIS2_PLACEMENT_3D('',#3655,#3656,#3657);
#1891=SURFACE_SIDE_STYLE('',(#3658));
#1892=EDGE_LOOP('',(#3659,#3660,#3661,#3662));
#1893=AXIS2_PLACEMENT_3D('',#3663,#3664,#3665);
#1894=SURFACE_SIDE_STYLE('',(#3666));
#1895=EDGE_LOOP('',(#3667,#3668,#3669,#3670,#3671));
#1896=AXIS2_PLACEMENT_3D('',#3672,#3673,#3674);
#1897=SURFACE_SIDE_STYLE('',(#3675));
#1898=EDGE_LOOP('',(#3676,#3677,#3678,#3679));
#1899=AXIS2_PLACEMENT_3D('',#3680,#3681,#3682);
#1900=SURFACE_SIDE_STYLE('',(#3683));
#1901=EDGE_LOOP('',(#3684,#3685,#3686,#3687));
#1902=AXIS2_PLACEMENT_3D('',#3688,#3689,#3690);
#1903=SURFACE_SIDE_STYLE('',(#3691));
#1904=EDGE_LOOP('',(#3692,#3693,#3694,#3695));
#1905=AXIS2_PLACEMENT_3D('',#3696,#3697,#3698);
#1906=SURFACE_SIDE_STYLE('',(#3699));
#1907=EDGE_LOOP('',(#3700,#3701,#3702,#3703));
#1908=AXIS2_PLACEMENT_3D('',#3704,#3705,#3706);
#1909=SURFACE_SIDE_STYLE('',(#3707));
#1910=EDGE_LOOP('',(#3708,#3709,#3710,#3711));
#1911=AXIS2_PLACEMENT_3D('',#3712,#3713,#3714);
#1912=SURFACE_SIDE_STYLE('',(#3715));
#1913=EDGE_LOOP('',(#3716,#3717,#3718,#3719));
#1914=AXIS2_PLACEMENT_3D('',#3720,#3721,#3722);
#1915=SURFACE_SIDE_STYLE('',(#3723));
#1916=EDGE_LOOP('',(#3724,#3725,#3726,#3727));
#1917=AXIS2_PLACEMENT_3D('',#3728,#3729,#3730);
#1918=SURFACE_SIDE_STYLE('',(#3731));
#1919=EDGE_LOOP('',(#3732,#3733,#3734,#3735));
#1920=AXIS2_PLACEMENT_3D('',#3736,#3737,#3738);
#1921=SURFACE_SIDE_STYLE('',(#3739));
#1922=EDGE_LOOP('',(#3740,#3741,#3742,#3743));
#1923=AXIS2_PLACEMENT_3D('',#3744,#3745,#3746);
#1924=SURFACE_SIDE_STYLE('',(#3747));
#1925=EDGE_LOOP('',(#3748,#3749,#3750,#3751));
#1926=AXIS2_PLACEMENT_3D('',#3752,#3753,#3754);
#1927=SURFACE_SIDE_STYLE('',(#3755));
#1928=EDGE_LOOP('',(#3756,#3757,#3758,#3759));
#1929=AXIS2_PLACEMENT_3D('',#3760,#3761,#3762);
#1930=SURFACE_SIDE_STYLE('',(#3763));
#1931=EDGE_LOOP('',(#3764,#3765,#3766,#3767));
#1932=AXIS2_PLACEMENT_3D('',#3768,#3769,#3770);
#1933=SURFACE_SIDE_STYLE('',(#3771));
#1934=EDGE_LOOP('',(#3772,#3773,#3774,#3775));
#1935=AXIS2_PLACEMENT_3D('',#3776,#3777,#3778);
#1936=SURFACE_SIDE_STYLE('',(#3779));
#1937=EDGE_LOOP('',(#3780,#3781,#3782,#3783));
#1938=AXIS2_PLACEMENT_3D('',#3784,#3785,#3786);
#1939=SURFACE_SIDE_STYLE('',(#3787));
#1940=EDGE_LOOP('',(#3788,#3789,#3790,#3791));
#1941=AXIS2_PLACEMENT_3D('',#3792,#3793,#3794);
#1942=SURFACE_SIDE_STYLE('',(#3795));
#1943=EDGE_LOOP('',(#3796,#3797,#3798,#3799));
#1944=AXIS2_PLACEMENT_3D('',#3800,#3801,#3802);
#1945=SURFACE_SIDE_STYLE('',(#3803));
#1946=EDGE_LOOP('',(#3804,#3805,#3806,#3807));
#1947=AXIS2_PLACEMENT_3D('',#3808,#3809,#3810);
#1948=SURFACE_SIDE_STYLE('',(#3811));
#1949=EDGE_LOOP('',(#3812,#3813,#3814,#3815));
#1950=AXIS2_PLACEMENT_3D('',#3816,#3817,#3818);
#1951=SURFACE_SIDE_STYLE('',(#3819));
#1952=EDGE_LOOP('',(#3820,#3821,#3822,#3823));
#1953=AXIS2_PLACEMENT_3D('',#3824,#3825,#3826);
#1954=SURFACE_SIDE_STYLE('',(#3827));
#1955=EDGE_LOOP('',(#3828,#3829,#3830,#3831,#3832));
#1956=AXIS2_PLACEMENT_3D('',#3833,#3834,#3835);
#1957=SURFACE_SIDE_STYLE('',(#3836));
#1958=EDGE_LOOP('',(#3837,#3838,#3839,#3840,#3841));
#1959=AXIS2_PLACEMENT_3D('',#3842,#3843,#3844);
#1960=SURFACE_SIDE_STYLE('',(#3845));
#1961=EDGE_LOOP('',(#3846,#3847,#3848,#3849,#3850));
#1962=AXIS2_PLACEMENT_3D('',#3851,#3852,#3853);
#1963=SURFACE_SIDE_STYLE('',(#3854));
#1964=EDGE_LOOP('',(#3855,#3856,#3857,#3858,#3859));
#1965=AXIS2_PLACEMENT_3D('',#3860,#3861,#3862);
#1966=SURFACE_SIDE_STYLE('',(#3863));
#1967=EDGE_LOOP('',(#3864,#3865,#3866,#3867));
#1968=AXIS2_PLACEMENT_3D('',#3868,#3869,#3870);
#1969=SURFACE_SIDE_STYLE('',(#3871));
#1970=EDGE_LOOP('',(#3872,#3873,#3874,#3875));
#1971=AXIS2_PLACEMENT_3D('',#3876,#3877,#3878);
#1972=SURFACE_SIDE_STYLE('',(#3879));
#1973=EDGE_LOOP('',(#3880,#3881,#3882,#3883));
#1974=AXIS2_PLACEMENT_3D('',#3884,#3885,#3886);
#1975=SURFACE_SIDE_STYLE('',(#3887));
#1976=EDGE_LOOP('',(#3888,#3889,#3890,#3891));
#1977=AXIS2_PLACEMENT_3D('',#3892,#3893,#3894);
#1978=SURFACE_SIDE_STYLE('',(#3895));
#1979=EDGE_LOOP('',(#3896,#3897,#3898,#3899));
#1980=AXIS2_PLACEMENT_3D('',#3900,#3901,#3902);
#1981=SURFACE_SIDE_STYLE('',(#3903));
#1982=EDGE_LOOP('',(#3904,#3905,#3906,#3907));
#1983=AXIS2_PLACEMENT_3D('',#3908,#3909,#3910);
#1984=SURFACE_SIDE_STYLE('',(#3911));
#1985=EDGE_LOOP('',(#3912,#3913,#3914,#3915));
#1986=AXIS2_PLACEMENT_3D('',#3916,#3917,#3918);
#1987=SURFACE_SIDE_STYLE('',(#3919));
#1988=EDGE_LOOP('',(#3920,#3921,#3922,#3923));
#1989=AXIS2_PLACEMENT_3D('',#3924,#3925,#3926);
#1990=SURFACE_SIDE_STYLE('',(#3927));
#1991=EDGE_LOOP('',(#3928,#3929,#3930,#3931));
#1992=AXIS2_PLACEMENT_3D('',#3932,#3933,#3934);
#1993=SURFACE_SIDE_STYLE('',(#3935));
#1994=EDGE_LOOP('',(#3936,#3937,#3938,#3939));
#1995=AXIS2_PLACEMENT_3D('',#3940,#3941,#3942);
#1996=SURFACE_SIDE_STYLE('',(#3943));
#1997=EDGE_LOOP('',(#3944,#3945,#3946,#3947));
#1998=AXIS2_PLACEMENT_3D('',#3948,#3949,#3950);
#1999=SURFACE_SIDE_STYLE('',(#3951));
#2000=EDGE_LOOP('',(#3952,#3953,#3954,#3955));
#2001=AXIS2_PLACEMENT_3D('',#3956,#3957,#3958);
#2002=SURFACE_SIDE_STYLE('',(#3959));
#2003=EDGE_LOOP('',(#3960,#3961,#3962,#3963));
#2004=AXIS2_PLACEMENT_3D('',#3964,#3965,#3966);
#2005=SURFACE_SIDE_STYLE('',(#3967));
#2006=EDGE_LOOP('',(#3968,#3969,#3970,#3971));
#2007=AXIS2_PLACEMENT_3D('',#3972,#3973,#3974);
#2008=SURFACE_SIDE_STYLE('',(#3975));
#2009=EDGE_LOOP('',(#3976,#3977,#3978,#3979));
#2010=AXIS2_PLACEMENT_3D('',#3980,#3981,#3982);
#2011=SURFACE_SIDE_STYLE('',(#3983));
#2012=EDGE_LOOP('',(#3984,#3985,#3986,#3987));
#2013=AXIS2_PLACEMENT_3D('',#3988,#3989,#3990);
#2014=SURFACE_SIDE_STYLE('',(#3991));
#2015=EDGE_LOOP('',(#3992,#3993,#3994,#3995));
#2016=AXIS2_PLACEMENT_3D('',#3996,#3997,#3998);
#2017=SURFACE_SIDE_STYLE('',(#3999));
#2018=EDGE_LOOP('',(#4000,#4001,#4002,#4003));
#2019=AXIS2_PLACEMENT_3D('',#4004,#4005,#4006);
#2020=SURFACE_SIDE_STYLE('',(#4007));
#2021=EDGE_LOOP('',(#4008,#4009,#4010,#4011));
#2022=AXIS2_PLACEMENT_3D('',#4012,#4013,#4014);
#2023=SURFACE_SIDE_STYLE('',(#4015));
#2024=EDGE_LOOP('',(#4016,#4017,#4018,#4019));
#2025=AXIS2_PLACEMENT_3D('',#4020,#4021,#4022);
#2026=SURFACE_SIDE_STYLE('',(#4023));
#2027=EDGE_LOOP('',(#4024,#4025,#4026,#4027));
#2028=AXIS2_PLACEMENT_3D('',#4028,#4029,#4030);
#2029=SURFACE_SIDE_STYLE('',(#4031));
#2030=EDGE_LOOP('',(#4032,#4033,#4034,#4035));
#2031=AXIS2_PLACEMENT_3D('',#4036,#4037,#4038);
#2032=SURFACE_SIDE_STYLE('',(#4039));
#2033=EDGE_LOOP('',(#4040,#4041,#4042,#4043));
#2034=AXIS2_PLACEMENT_3D('',#4044,#4045,#4046);
#2035=SURFACE_SIDE_STYLE('',(#4047));
#2036=EDGE_LOOP('',(#4048,#4049,#4050,#4051));
#2037=AXIS2_PLACEMENT_3D('',#4052,#4053,#4054);
#2038=SURFACE_SIDE_STYLE('',(#4055));
#2039=EDGE_LOOP('',(#4056,#4057,#4058,#4059));
#2040=AXIS2_PLACEMENT_3D('',#4060,#4061,#4062);
#2041=SURFACE_SIDE_STYLE('',(#4063));
#2042=EDGE_LOOP('',(#4064,#4065,#4066,#4067));
#2043=AXIS2_PLACEMENT_3D('',#4068,#4069,#4070);
#2044=SURFACE_SIDE_STYLE('',(#4071));
#2045=EDGE_LOOP('',(#4072,#4073,#4074,#4075));
#2046=AXIS2_PLACEMENT_3D('',#4076,#4077,#4078);
#2047=SURFACE_SIDE_STYLE('',(#4079));
#2048=EDGE_LOOP('',(#4080,#4081,#4082,#4083));
#2049=AXIS2_PLACEMENT_3D('',#4084,#4085,#4086);
#2050=CLOSED_SHELL('',(#631,#633,#635,#637,#639,#641,#643,#645,#647,#649,#651,#653,#655,#657));
#2051=CLOSED_SHELL('',(#659,#661,#663,#665,#667,#669,#671,#673,#675,#677,#679,#681,#683,#685));
#2053=SURFACE_STYLE_FILL_AREA(#4087);
#2054=ORIENTED_EDGE('',*,*,#4088,.F.);
#2055=ORIENTED_EDGE('',*,*,#4089,.F.);
#2056=ORIENTED_EDGE('',*,*,#4090,.T.);
#2057=ORIENTED_EDGE('',*,*,#4091,.T.);
#2058=CARTESIAN_POINT('',(2.54,-0.200000000000001,4.8));
#2059=DIRECTION('',(0.0,0.0,1.0));
#2060=DIRECTION('',(-0.996852784657899,0.0792750005978663,0.0));
#2061=SURFACE_STYLE_FILL_AREA(#4092);
#2062=ORIENTED_EDGE('',*,*,#4093,.F.);
#2063=ORIENTED_EDGE('',*,*,#4094,.F.);
#2064=ORIENTED_EDGE('',*,*,#4095,.T.);
#2065=ORIENTED_EDGE('',*,*,#4096,.T.);
#2066=CARTESIAN_POINT('',(2.54,-0.200000000000001,4.8));
#2067=DIRECTION('',(0.0,0.0,1.0));
#2068=DIRECTION('',(0.996852784657899,-0.0792750005978661,0.0));
#2069=SURFACE_STYLE_FILL_AREA(#4097);
#2070=ORIENTED_EDGE('',*,*,#4098,.F.);
#2071=ORIENTED_EDGE('',*,*,#4099,.F.);
#2072=ORIENTED_EDGE('',*,*,#4100,.T.);
#2073=ORIENTED_EDGE('',*,*,#4101,.T.);
#2074=CARTESIAN_POINT('',(-2.54,-0.200000000000001,4.8));
#2075=DIRECTION('',(0.0,0.0,1.0));
#2076=DIRECTION('',(-0.996852784657899,0.0792750005978663,0.0));
#2077=SURFACE_STYLE_FILL_AREA(#4102);
#2078=ORIENTED_EDGE('',*,*,#4103,.F.);
#2079=ORIENTED_EDGE('',*,*,#4104,.F.);
#2080=ORIENTED_EDGE('',*,*,#4105,.T.);
#2081=ORIENTED_EDGE('',*,*,#4106,.T.);
#2082=CARTESIAN_POINT('',(-2.54,-0.200000000000001,4.8));
#2083=DIRECTION('',(0.0,0.0,1.0));
#2084=DIRECTION('',(0.996852784657899,-0.0792750005978661,0.0));
#2085=SURFACE_STYLE_FILL_AREA(#4107);
#2086=ORIENTED_EDGE('',*,*,#4108,.F.);
#2087=ORIENTED_EDGE('',*,*,#4109,.F.);
#2088=ORIENTED_EDGE('',*,*,#4110,.F.);
#2089=CARTESIAN_POINT('',(0.0,0.0,0.0));
#2090=DIRECTION('',(0.0,0.0,1.0));
#2091=DIRECTION('',(1.0,0.0,0.0));
#2092=SURFACE_STYLE_FILL_AREA(#4111);
#2093=ORIENTED_EDGE('',*,*,#4112,.T.);
#2094=ORIENTED_EDGE('',*,*,#4113,.F.);
#2095=ORIENTED_EDGE('',*,*,#4114,.F.);
#2096=ORIENTED_EDGE('',*,*,#4108,.T.);
#2097=CARTESIAN_POINT('',(-0.157659583091736,1.37333320617676,0.0));
#2098=DIRECTION('',(-0.310280021327647,0.950645206354566,0.0));
#2099=DIRECTION('',(0.950645206354566,0.310280021327647,0.0));
#2100=SURFACE_STYLE_FILL_AREA(#4115);
#2101=ORIENTED_EDGE('',*,*,#4114,.T.);
#2102=ORIENTED_EDGE('',*,*,#4116,.F.);
#2103=ORIENTED_EDGE('',*,*,#4117,.F.);
#2104=ORIENTED_EDGE('',*,*,#4109,.T.);
#2105=CARTESIAN_POINT('',(-0.157659583091736,1.67333320617676,0.0));
#2106=DIRECTION('',(1.0,0.0,0.0));
#2107=DIRECTION('',(0.0,-1.0,0.0));
#2108=SURFACE_STYLE_FILL_AREA(#4118);
#2109=ORIENTED_EDGE('',*,*,#4117,.T.);
#2110=ORIENTED_EDGE('',*,*,#4119,.F.);
#2111=ORIENTED_EDGE('',*,*,#4112,.F.);
#2112=ORIENTED_EDGE('',*,*,#4110,.T.);
#2113=CARTESIAN_POINT('',(0.301914901733398,1.52333320617676,0.0));
#2114=DIRECTION('',(-0.310280021327647,-0.950645206354566,-0.0));
#2115=DIRECTION('',(-0.950645206354566,0.310280021327647,0.0));
#2116=SURFACE_STYLE_FILL_AREA(#4120);
#2117=ORIENTED_EDGE('',*,*,#4116,.T.);
#2118=ORIENTED_EDGE('',*,*,#4113,.T.);
#2119=ORIENTED_EDGE('',*,*,#4119,.T.);
#2120=ORIENTED_EDGE('',*,*,#4121,.T.);
#2121=ORIENTED_EDGE('',*,*,#4122,.T.);
#2122=ORIENTED_EDGE('',*,*,#4123,.T.);
#2123=ORIENTED_EDGE('',*,*,#4124,.T.);
#2124=ORIENTED_EDGE('',*,*,#4125,.T.);
#2125=ORIENTED_EDGE('',*,*,#4126,.T.);
#2126=ORIENTED_EDGE('',*,*,#4127,.T.);
#2127=ORIENTED_EDGE('',*,*,#4128,.T.);
#2128=CARTESIAN_POINT('',(0.0,0.0,-0.1));
#2129=DIRECTION('',(0.0,0.0,-1.0));
#2130=DIRECTION('',(0.0,1.0,0.0));
#2131=SURFACE_STYLE_FILL_AREA(#4129);
#2132=ORIENTED_EDGE('',*,*,#4130,.T.);
#2133=ORIENTED_EDGE('',*,*,#4121,.F.);
#2134=ORIENTED_EDGE('',*,*,#4131,.F.);
#2135=ORIENTED_EDGE('',*,*,#4132,.T.);
#2136=CARTESIAN_POINT('',(0.37,1.45666679382324,0.0));
#2137=DIRECTION('',(0.316227901727063,-0.948683252813762,0.0));
#2138=DIRECTION('',(-0.948683252813762,-0.316227901727063,0.0));
#2139=SURFACE_STYLE_FILL_AREA(#4133);
#2140=ORIENTED_EDGE('',*,*,#4134,.T.);
#2141=ORIENTED_EDGE('',*,*,#4122,.F.);
#2142=ORIENTED_EDGE('',*,*,#4130,.F.);
#2143=ORIENTED_EDGE('',*,*,#4135,.T.);
#2144=CARTESIAN_POINT('',(-0.43,1.19,0.0));
#2145=DIRECTION('',(-1.0,0.0,0.0));
#2146=DIRECTION('',(0.0,1.0,0.0));
#2147=SURFACE_STYLE_FILL_AREA(#4136);
#2148=ORIENTED_EDGE('',*,*,#4137,.T.);
#2149=ORIENTED_EDGE('',*,*,#4123,.F.);
#2150=ORIENTED_EDGE('',*,*,#4134,.F.);
#2151=ORIENTED_EDGE('',*,*,#4138,.T.);
#2152=CARTESIAN_POINT('',(-0.43,1.29,0.0));
#2153=DIRECTION('',(-0.310280567074032,0.950645028228843,0.0));
#2154=DIRECTION('',(0.950645028228843,0.310280567074032,0.0));
#2155=SURFACE_STYLE_FILL_AREA(#4139);
#2156=ORIENTED_EDGE('',*,*,#4140,.T.);
#2157=ORIENTED_EDGE('',*,*,#4124,.F.);
#2158=ORIENTED_EDGE('',*,*,#4137,.F.);
#2159=ORIENTED_EDGE('',*,*,#4141,.T.);
#2160=CARTESIAN_POINT('',(-0.225744681358337,1.35666679382324,0.0));
#2161=DIRECTION('',(-1.0,0.0,0.0));
#2162=DIRECTION('',(0.0,1.0,0.0));
#2163=SURFACE_STYLE_FILL_AREA(#4142);
#2164=ORIENTED_EDGE('',*,*,#4143,.T.);
#2165=ORIENTED_EDGE('',*,*,#4125,.F.);
#2166=ORIENTED_EDGE('',*,*,#4140,.F.);
#2167=ORIENTED_EDGE('',*,*,#4144,.T.);
#2168=CARTESIAN_POINT('',(-0.225744681358337,1.69,0.0));
#2169=DIRECTION('',(-0.310280567074032,-0.950645028228843,-0.0));
#2170=DIRECTION('',(-0.950645028228843,0.310280567074032,0.0));
#2171=SURFACE_STYLE_FILL_AREA(#4145);
#2172=ORIENTED_EDGE('',*,*,#4146,.T.);
#2173=ORIENTED_EDGE('',*,*,#4126,.F.);
#2174=ORIENTED_EDGE('',*,*,#4143,.F.);
#2175=ORIENTED_EDGE('',*,*,#4147,.T.);
#2176=CARTESIAN_POINT('',(-0.43,1.75666679382324,0.0));
#2177=DIRECTION('',(-1.0,0.0,0.0));
#2178=DIRECTION('',(0.0,1.0,0.0));
#2179=SURFACE_STYLE_FILL_AREA(#4148);
#2180=ORIENTED_EDGE('',*,*,#4149,.T.);
#2181=ORIENTED_EDGE('',*,*,#4127,.F.);
#2182=ORIENTED_EDGE('',*,*,#4146,.F.);
#2183=ORIENTED_EDGE('',*,*,#4150,.T.);
#2184=CARTESIAN_POINT('',(-0.43,1.85666679382324,0.0));
#2185=DIRECTION('',(0.316227901727063,0.948683252813762,0.0));
#2186=DIRECTION('',(0.948683252813762,-0.316227901727063,0.0));
#2187=SURFACE_STYLE_FILL_AREA(#4151);
#2188=ORIENTED_EDGE('',*,*,#4131,.T.);
#2189=ORIENTED_EDGE('',*,*,#4128,.F.);
#2190=ORIENTED_EDGE('',*,*,#4149,.F.);
#2191=ORIENTED_EDGE('',*,*,#4152,.T.);
#2192=CARTESIAN_POINT('',(0.37,1.59,0.0));
#2193=DIRECTION('',(1.0,0.0,0.0));
#2194=DIRECTION('',(0.0,-1.0,0.0));
#2195=SURFACE_STYLE_FILL_AREA(#4153);
#2196=ORIENTED_EDGE('',*,*,#4154,.F.);
#2197=ORIENTED_EDGE('',*,*,#4155,.F.);
#2198=ORIENTED_EDGE('',*,*,#4156,.F.);
#2199=ORIENTED_EDGE('',*,*,#4157,.F.);
#2200=ORIENTED_EDGE('',*,*,#4158,.F.);
#2201=ORIENTED_EDGE('',*,*,#4159,.F.);
#2202=ORIENTED_EDGE('',*,*,#4160,.F.);
#2203=ORIENTED_EDGE('',*,*,#4161,.F.);
#2204=ORIENTED_EDGE('',*,*,#4162,.F.);
#2205=ORIENTED_EDGE('',*,*,#4163,.F.);
#2206=ORIENTED_EDGE('',*,*,#4164,.F.);
#2207=ORIENTED_EDGE('',*,*,#4165,.F.);
#2208=ORIENTED_EDGE('',*,*,#4166,.F.);
#2209=ORIENTED_EDGE('',*,*,#4167,.F.);
#2210=ORIENTED_EDGE('',*,*,#4168,.F.);
#2211=ORIENTED_EDGE('',*,*,#4169,.F.);
#2212=ORIENTED_EDGE('',*,*,#4170,.F.);
#2213=ORIENTED_EDGE('',*,*,#4171,.F.);
#2214=ORIENTED_EDGE('',*,*,#4172,.F.);
#2215=ORIENTED_EDGE('',*,*,#4173,.F.);
#2216=ORIENTED_EDGE('',*,*,#4174,.F.);
#2217=ORIENTED_EDGE('',*,*,#4175,.F.);
#2218=ORIENTED_EDGE('',*,*,#4176,.F.);
#2219=ORIENTED_EDGE('',*,*,#4177,.F.);
#2220=ORIENTED_EDGE('',*,*,#4178,.F.);
#2221=ORIENTED_EDGE('',*,*,#4179,.F.);
#2222=ORIENTED_EDGE('',*,*,#4180,.F.);
#2223=ORIENTED_EDGE('',*,*,#4181,.F.);
#2224=ORIENTED_EDGE('',*,*,#4182,.F.);
#2225=ORIENTED_EDGE('',*,*,#4183,.F.);
#2226=ORIENTED_EDGE('',*,*,#4184,.F.);
#2227=ORIENTED_EDGE('',*,*,#4185,.F.);
#2228=ORIENTED_EDGE('',*,*,#4186,.F.);
#2229=ORIENTED_EDGE('',*,*,#4187,.F.);
#2230=ORIENTED_EDGE('',*,*,#4188,.F.);
#2231=ORIENTED_EDGE('',*,*,#4189,.F.);
#2232=ORIENTED_EDGE('',*,*,#4190,.F.);
#2233=ORIENTED_EDGE('',*,*,#4191,.F.);
#2234=ORIENTED_EDGE('',*,*,#4192,.F.);
#2235=ORIENTED_EDGE('',*,*,#4193,.F.);
#2236=ORIENTED_EDGE('',*,*,#4194,.F.);
#2237=ORIENTED_EDGE('',*,*,#4195,.F.);
#2238=ORIENTED_EDGE('',*,*,#4196,.F.);
#2239=ORIENTED_EDGE('',*,*,#4197,.F.);
#2240=ORIENTED_EDGE('',*,*,#4198,.F.);
#2241=ORIENTED_EDGE('',*,*,#4199,.F.);
#2242=ORIENTED_EDGE('',*,*,#4200,.F.);
#2243=ORIENTED_EDGE('',*,*,#4201,.F.);
#2244=ORIENTED_EDGE('',*,*,#4202,.F.);
#2245=ORIENTED_EDGE('',*,*,#4203,.F.);
#2246=ORIENTED_EDGE('',*,*,#4204,.F.);
#2247=ORIENTED_EDGE('',*,*,#4205,.F.);
#2248=ORIENTED_EDGE('',*,*,#4206,.F.);
#2249=ORIENTED_EDGE('',*,*,#4207,.F.);
#2250=ORIENTED_EDGE('',*,*,#4208,.F.);
#2251=ORIENTED_EDGE('',*,*,#4209,.F.);
#2252=ORIENTED_EDGE('',*,*,#4210,.F.);
#2253=ORIENTED_EDGE('',*,*,#4211,.F.);
#2254=ORIENTED_EDGE('',*,*,#4212,.F.);
#2255=ORIENTED_EDGE('',*,*,#4213,.F.);
#2256=ORIENTED_EDGE('',*,*,#4214,.F.);
#2257=ORIENTED_EDGE('',*,*,#4215,.F.);
#2258=ORIENTED_EDGE('',*,*,#4216,.F.);
#2259=ORIENTED_EDGE('',*,*,#4217,.F.);
#2260=ORIENTED_EDGE('',*,*,#4218,.F.);
#2261=ORIENTED_EDGE('',*,*,#4219,.F.);
#2262=ORIENTED_EDGE('',*,*,#4220,.F.);
#2263=ORIENTED_EDGE('',*,*,#4221,.F.);
#2264=ORIENTED_EDGE('',*,*,#4222,.F.);
#2265=ORIENTED_EDGE('',*,*,#4223,.F.);
#2266=ORIENTED_EDGE('',*,*,#4224,.F.);
#2267=ORIENTED_EDGE('',*,*,#4225,.F.);
#2268=ORIENTED_EDGE('',*,*,#4150,.F.);
#2269=ORIENTED_EDGE('',*,*,#4147,.F.);
#2270=ORIENTED_EDGE('',*,*,#4144,.F.);
#2271=ORIENTED_EDGE('',*,*,#4141,.F.);
#2272=ORIENTED_EDGE('',*,*,#4138,.F.);
#2273=ORIENTED_EDGE('',*,*,#4135,.F.);
#2274=ORIENTED_EDGE('',*,*,#4132,.F.);
#2275=ORIENTED_EDGE('',*,*,#4152,.F.);
#2276=ORIENTED_EDGE('',*,*,#4226,.T.);
#2277=ORIENTED_EDGE('',*,*,#4227,.T.);
#2278=ORIENTED_EDGE('',*,*,#4228,.F.);
#2279=ORIENTED_EDGE('',*,*,#4229,.F.);
#2280=ORIENTED_EDGE('',*,*,#4230,.T.);
#2281=ORIENTED_EDGE('',*,*,#4231,.T.);
#2282=ORIENTED_EDGE('',*,*,#4232,.F.);
#2283=ORIENTED_EDGE('',*,*,#4233,.T.);
#2284=ORIENTED_EDGE('',*,*,#4234,.F.);
#2285=ORIENTED_EDGE('',*,*,#4235,.F.);
#2286=ORIENTED_EDGE('',*,*,#4236,.T.);
#2287=ORIENTED_EDGE('',*,*,#4237,.T.);
#2288=CARTESIAN_POINT('',(0.0,0.0,0.0));
#2289=DIRECTION('',(0.0,0.0,1.0));
#2290=DIRECTION('',(1.0,0.0,0.0));
#2291=SURFACE_STYLE_FILL_AREA(#4238);
#2292=ORIENTED_EDGE('',*,*,#4239,.T.);
#2293=ORIENTED_EDGE('',*,*,#4240,.F.);
#2294=ORIENTED_EDGE('',*,*,#4241,.F.);
#2295=ORIENTED_EDGE('',*,*,#4154,.T.);
#2296=CARTESIAN_POINT('',(0.37,-1.76,0.0));
#2297=DIRECTION('',(1.0,0.0,0.0));
#2298=DIRECTION('',(0.0,-1.0,0.0));
#2299=SURFACE_STYLE_FILL_AREA(#4242);
#2300=ORIENTED_EDGE('',*,*,#4241,.T.);
#2301=ORIENTED_EDGE('',*,*,#4243,.F.);
#2302=ORIENTED_EDGE('',*,*,#4244,.F.);
#2303=ORIENTED_EDGE('',*,*,#4155,.T.);
#2304=CARTESIAN_POINT('',(-0.327872340679169,-1.76,0.0));
#2305=DIRECTION('',(-0.0,1.0,0.0));
#2306=DIRECTION('',(1.0,0.0,0.0));
#2307=SURFACE_STYLE_FILL_AREA(#4245);
#2308=ORIENTED_EDGE('',*,*,#4244,.T.);
#2309=ORIENTED_EDGE('',*,*,#4246,.F.);
#2310=ORIENTED_EDGE('',*,*,#4247,.F.);
#2311=ORIENTED_EDGE('',*,*,#4156,.T.);
#2312=CARTESIAN_POINT('',(-0.327872340679169,-1.26,0.0));
#2313=DIRECTION('',(1.0,0.0,0.0));
#2314=DIRECTION('',(0.0,-1.0,0.0));
#2315=SURFACE_STYLE_FILL_AREA(#4248);
#2316=ORIENTED_EDGE('',*,*,#4247,.T.);
#2317=ORIENTED_EDGE('',*,*,#4249,.F.);
#2318=ORIENTED_EDGE('',*,*,#4250,.F.);
#2319=ORIENTED_EDGE('',*,*,#4157,.T.);
#2320=CARTESIAN_POINT('',(-0.43,-1.26,0.0));
#2321=DIRECTION('',(-0.0,1.0,0.0));
#2322=DIRECTION('',(1.0,0.0,0.0));
#2323=SURFACE_STYLE_FILL_AREA(#4251);
#2324=ORIENTED_EDGE('',*,*,#4250,.T.);
#2325=ORIENTED_EDGE('',*,*,#4252,.F.);
#2326=ORIENTED_EDGE('',*,*,#4253,.F.);
#2327=ORIENTED_EDGE('',*,*,#4158,.T.);
#2328=CARTESIAN_POINT('',(-0.43,-1.86,0.0));
#2329=DIRECTION('',(-1.0,0.0,0.0));
#2330=DIRECTION('',(0.0,1.0,0.0));
#2331=SURFACE_STYLE_FILL_AREA(#4254);
#2332=ORIENTED_EDGE('',*,*,#4253,.T.);
#2333=ORIENTED_EDGE('',*,*,#4255,.F.);
#2334=ORIENTED_EDGE('',*,*,#4239,.F.);
#2335=ORIENTED_EDGE('',*,*,#4159,.T.);
#2336=CARTESIAN_POINT('',(0.37,-1.86,0.0));
#2337=DIRECTION('',(-0.0,-1.0,-0.0));
#2338=DIRECTION('',(-1.0,0.0,0.0));
#2339=SURFACE_STYLE_FILL_AREA(#4256);
#2340=ORIENTED_EDGE('',*,*,#4257,.T.);
#2341=ORIENTED_EDGE('',*,*,#4258,.F.);
#2342=ORIENTED_EDGE('',*,*,#4259,.F.);
#2343=ORIENTED_EDGE('',*,*,#4160,.T.);
#2344=CARTESIAN_POINT('',(-0.310851066112518,-0.49333330154419,0.0));
#2345=DIRECTION('',(-0.192182121447667,0.98135927783655,0.0));
#2346=DIRECTION('',(0.98135927783655,0.192182121447667,0.0));
#2347=SURFACE_STYLE_FILL_AREA(#4260);
#2348=ORIENTED_EDGE('',*,*,#4259,.T.);
#2349=ORIENTED_EDGE('',*,*,#4261,.F.);
#2350=ORIENTED_EDGE('',*,*,#4262,.F.);
#2351=ORIENTED_EDGE('',*,*,#4161,.T.);
#2352=CARTESIAN_POINT('',(-0.378936170339584,-0.56,0.0));
#2353=DIRECTION('',(-0.699624974232933,0.714510248652577,0.0));
#2354=DIRECTION('',(0.714510248652577,0.699624974232933,0.0));
#2355=SURFACE_STYLE_FILL_AREA(#4263);
#2356=ORIENTED_EDGE('',*,*,#4262,.T.);
#2357=ORIENTED_EDGE('',*,*,#4264,.F.);
#2358=ORIENTED_EDGE('',*,*,#4265,.F.);
#2359=ORIENTED_EDGE('',*,*,#4162,.T.);
#2360=CARTESIAN_POINT('',(-0.412978723943233,-0.626666698455811,0.0));
#2361=DIRECTION('',(-0.890605350509623,0.454776988911742,0.0));
#2362=DIRECTION('',(0.454776988911742,0.890605350509623,0.0));
#2363=SURFACE_STYLE_FILL_AREA(#4266);
#2364=ORIENTED_EDGE('',*,*,#4265,.T.);
#2365=ORIENTED_EDGE('',*,*,#4267,.F.);
#2366=ORIENTED_EDGE('',*,*,#4268,.F.);
#2367=ORIENTED_EDGE('',*,*,#4163,.T.);
#2368=CARTESIAN_POINT('',(-0.43,-0.71,0.0));
#2369=DIRECTION('',(-0.979770690874502,0.200123445161481,0.0));
#2370=DIRECTION('',(0.200123445161481,0.979770690874502,0.0));
#2371=SURFACE_STYLE_FILL_AREA(#4269);
#2372=ORIENTED_EDGE('',*,*,#4268,.T.);
#2373=ORIENTED_EDGE('',*,*,#4270,.F.);
#2374=ORIENTED_EDGE('',*,*,#4271,.F.);
#2375=ORIENTED_EDGE('',*,*,#4164,.T.);
#2376=CARTESIAN_POINT('',(-0.43,-0.86,0.0));
#2377=DIRECTION('',(-1.0,0.0,0.0));
#2378=DIRECTION('',(0.0,1.0,0.0));
#2379=SURFACE_STYLE_FILL_AREA(#4272);
#2380=ORIENTED_EDGE('',*,*,#4271,.T.);
#2381=ORIENTED_EDGE('',*,*,#4273,.F.);
#2382=ORIENTED_EDGE('',*,*,#4274,.F.);
#2383=ORIENTED_EDGE('',*,*,#4165,.T.);
#2384=CARTESIAN_POINT('',(-0.412978723943233,-0.94333330154419,0.0));
#2385=DIRECTION('',(-0.979770690874502,-0.200123445161481,-0.0));
#2386=DIRECTION('',(-0.200123445161481,0.979770690874502,0.0));
#2387=SURFACE_STYLE_FILL_AREA(#4275);
#2388=ORIENTED_EDGE('',*,*,#4274,.T.);
#2389=ORIENTED_EDGE('',*,*,#4276,.F.);
#2390=ORIENTED_EDGE('',*,*,#4277,.F.);
#2391=ORIENTED_EDGE('',*,*,#4166,.T.);
#2392=CARTESIAN_POINT('',(-0.378936170339584,-1.01,0.0));
#2393=DIRECTION('',(-0.890605350509624,-0.454776988911741,-0.0));
#2394=DIRECTION('',(-0.454776988911741,0.890605350509624,0.0));
#2395=SURFACE_STYLE_FILL_AREA(#4278);
#2396=ORIENTED_EDGE('',*,*,#4277,.T.);
#2397=ORIENTED_EDGE('',*,*,#4279,.F.);
#2398=ORIENTED_EDGE('',*,*,#4280,.F.);
#2399=ORIENTED_EDGE('',*,*,#4167,.T.);
#2400=CARTESIAN_POINT('',(-0.310851066112518,-1.07666665077209,0.0));
#2401=DIRECTION('',(-0.69962471876076,-0.714510498802451,-0.0));
#2402=DIRECTION('',(-0.714510498802451,0.69962471876076,0.0));
#2403=SURFACE_STYLE_FILL_AREA(#4281);
#2404=ORIENTED_EDGE('',*,*,#4280,.T.);
#2405=ORIENTED_EDGE('',*,*,#4282,.F.);
#2406=ORIENTED_EDGE('',*,*,#4283,.F.);
#2407=ORIENTED_EDGE('',*,*,#4168,.T.);
#2408=CARTESIAN_POINT('',(-0.242765955924988,-1.11,0.0));
#2409=DIRECTION('',(-0.439713602853418,-0.89813804477133,-0.0));
#2410=DIRECTION('',(-0.89813804477133,0.439713602853418,0.0));
#2411=SURFACE_STYLE_FILL_AREA(#4284);
#2412=ORIENTED_EDGE('',*,*,#4283,.T.);
#2413=ORIENTED_EDGE('',*,*,#4285,.F.);
#2414=ORIENTED_EDGE('',*,*,#4286,.F.);
#2415=ORIENTED_EDGE('',*,*,#4169,.T.);
#2416=CARTESIAN_POINT('',(-0.157659583091736,-1.1266666507721,0.0));
#2417=DIRECTION('',(-0.192182676904349,-0.98135916905987,-0.0));
#2418=DIRECTION('',(-0.98135916905987,0.192182676904349,0.0));
#2419=SURFACE_STYLE_FILL_AREA(#4287);
#2420=ORIENTED_EDGE('',*,*,#4286,.T.);
#2421=ORIENTED_EDGE('',*,*,#4288,.F.);
#2422=ORIENTED_EDGE('',*,*,#4289,.F.);
#2423=ORIENTED_EDGE('',*,*,#4170,.T.);
#2424=CARTESIAN_POINT('',(0.0976595592498778,-1.1266666507721,0.0));
#2425=DIRECTION('',(-0.0,-1.0,-0.0));
#2426=DIRECTION('',(-1.0,0.0,0.0));
#2427=SURFACE_STYLE_FILL_AREA(#4290);
#2428=ORIENTED_EDGE('',*,*,#4289,.T.);
#2429=ORIENTED_EDGE('',*,*,#4291,.F.);
#2430=ORIENTED_EDGE('',*,*,#4292,.F.);
#2431=ORIENTED_EDGE('',*,*,#4171,.T.);
#2432=CARTESIAN_POINT('',(0.182765979766846,-1.11,0.0));
#2433=DIRECTION('',(0.192182573204533,-0.981359189367728,0.0));
#2434=DIRECTION('',(-0.981359189367728,-0.192182573204533,0.0));
#2435=SURFACE_STYLE_FILL_AREA(#4293);
#2436=ORIENTED_EDGE('',*,*,#4292,.T.);
#2437=ORIENTED_EDGE('',*,*,#4294,.F.);
#2438=ORIENTED_EDGE('',*,*,#4295,.F.);
#2439=ORIENTED_EDGE('',*,*,#4172,.T.);
#2440=CARTESIAN_POINT('',(0.250851078033447,-1.07666665077209,0.0));
#2441=DIRECTION('',(0.439713664956635,-0.898138014366614,0.0));
#2442=DIRECTION('',(-0.898138014366614,-0.439713664956635,0.0));
#2443=SURFACE_STYLE_FILL_AREA(#4296);
#2444=ORIENTED_EDGE('',*,*,#4295,.T.);
#2445=ORIENTED_EDGE('',*,*,#4297,.F.);
#2446=ORIENTED_EDGE('',*,*,#4298,.F.);
#2447=ORIENTED_EDGE('',*,*,#4173,.T.);
#2448=CARTESIAN_POINT('',(0.318936176300049,-1.01,0.0));
#2449=DIRECTION('',(0.6996247500295,-0.714510468185148,0.0));
#2450=DIRECTION('',(-0.714510468185148,-0.6996247500295,0.0));
#2451=SURFACE_STYLE_FILL_AREA(#4299);
#2452=ORIENTED_EDGE('',*,*,#4298,.T.);
#2453=ORIENTED_EDGE('',*,*,#4300,.F.);
#2454=ORIENTED_EDGE('',*,*,#4301,.F.);
#2455=ORIENTED_EDGE('',*,*,#4174,.T.);
#2456=CARTESIAN_POINT('',(0.35297872543335,-0.94333330154419,0.0));
#2457=DIRECTION('',(0.890605374697709,-0.454776941543383,0.0));
#2458=DIRECTION('',(-0.454776941543383,-0.890605374697709,0.0));
#2459=SURFACE_STYLE_FILL_AREA(#4302);
#2460=ORIENTED_EDGE('',*,*,#4301,.T.);
#2461=ORIENTED_EDGE('',*,*,#4303,.F.);
#2462=ORIENTED_EDGE('',*,*,#4304,.F.);
#2463=ORIENTED_EDGE('',*,*,#4175,.T.);
#2464=CARTESIAN_POINT('',(0.37,-0.86,0.0));
#2465=DIRECTION('',(0.979770694309674,-0.200123428343461,0.0));
#2466=DIRECTION('',(-0.200123428343461,-0.979770694309674,0.0));
#2467=SURFACE_STYLE_FILL_AREA(#4305);
#2468=ORIENTED_EDGE('',*,*,#4304,.T.);
#2469=ORIENTED_EDGE('',*,*,#4306,.F.);
#2470=ORIENTED_EDGE('',*,*,#4307,.F.);
#2471=ORIENTED_EDGE('',*,*,#4176,.T.);
#2472=CARTESIAN_POINT('',(0.37,-0.71,0.0));
#2473=DIRECTION('',(1.0,0.0,0.0));
#2474=DIRECTION('',(0.0,-1.0,0.0));
#2475=SURFACE_STYLE_FILL_AREA(#4308);
#2476=ORIENTED_EDGE('',*,*,#4307,.T.);
#2477=ORIENTED_EDGE('',*,*,#4309,.F.);
#2478=ORIENTED_EDGE('',*,*,#4310,.F.);
#2479=ORIENTED_EDGE('',*,*,#4177,.T.);
#2480=CARTESIAN_POINT('',(0.35297872543335,-0.626666698455811,0.0));
#2481=DIRECTION('',(0.979770694309674,0.200123428343461,0.0));
#2482=DIRECTION('',(0.200123428343461,-0.979770694309674,0.0));
#2483=SURFACE_STYLE_FILL_AREA(#4311);
#2484=ORIENTED_EDGE('',*,*,#4310,.T.);
#2485=ORIENTED_EDGE('',*,*,#4312,.F.);
#2486=ORIENTED_EDGE('',*,*,#4313,.F.);
#2487=ORIENTED_EDGE('',*,*,#4178,.T.);
#2488=CARTESIAN_POINT('',(0.318936176300049,-0.56,0.0));
#2489=DIRECTION('',(0.890605374697708,0.454776941543385,0.0));
#2490=DIRECTION('',(0.454776941543385,-0.890605374697708,0.0));
#2491=SURFACE_STYLE_FILL_AREA(#4314);
#2492=ORIENTED_EDGE('',*,*,#4313,.T.);
#2493=ORIENTED_EDGE('',*,*,#4315,.F.);
#2494=ORIENTED_EDGE('',*,*,#4316,.F.);
#2495=ORIENTED_EDGE('',*,*,#4179,.T.);
#2496=CARTESIAN_POINT('',(0.250851078033447,-0.49333330154419,0.0));
#2497=DIRECTION('',(0.699625005501663,0.714510218035262,0.0));
#2498=DIRECTION('',(0.714510218035262,-0.699625005501663,0.0));
#2499=SURFACE_STYLE_FILL_AREA(#4317);
#2500=ORIENTED_EDGE('',*,*,#4316,.T.);
#2501=ORIENTED_EDGE('',*,*,#4318,.F.);
#2502=ORIENTED_EDGE('',*,*,#4319,.F.);
#2503=ORIENTED_EDGE('',*,*,#4180,.T.);
#2504=CARTESIAN_POINT('',(0.165744657516479,-0.476666698455811,0.0));
#2505=DIRECTION('',(0.192182043673013,0.981359293067358,0.0));
#2506=DIRECTION('',(0.981359293067358,-0.192182043673013,0.0));
#2507=SURFACE_STYLE_FILL_AREA(#4320);
#2508=ORIENTED_EDGE('',*,*,#4319,.T.);
#2509=ORIENTED_EDGE('',*,*,#4321,.F.);
#2510=ORIENTED_EDGE('',*,*,#4322,.F.);
#2511=ORIENTED_EDGE('',*,*,#4181,.T.);
#2512=CARTESIAN_POINT('',(0.165744657516479,-0.576666698455811,0.0));
#2513=DIRECTION('',(-1.0,0.0,0.0));
#2514=DIRECTION('',(0.0,1.0,0.0));
#2515=SURFACE_STYLE_FILL_AREA(#4323);
#2516=ORIENTED_EDGE('',*,*,#4322,.T.);
#2517=ORIENTED_EDGE('',*,*,#4324,.F.);
#2518=ORIENTED_EDGE('',*,*,#4325,.F.);
#2519=ORIENTED_EDGE('',*,*,#4182,.T.);
#2520=CARTESIAN_POINT('',(0.216808528900146,-0.59333330154419,0.0));
#2521=DIRECTION('',(-0.310278733449588,-0.950645626702674,-0.0));
#2522=DIRECTION('',(-0.950645626702674,0.310278733449588,0.0));
#2523=SURFACE_STYLE_FILL_AREA(#4326);
#2524=ORIENTED_EDGE('',*,*,#4325,.T.);
#2525=ORIENTED_EDGE('',*,*,#4327,.F.);
#2526=ORIENTED_EDGE('',*,*,#4328,.F.);
#2527=ORIENTED_EDGE('',*,*,#4183,.T.);
#2528=CARTESIAN_POINT('',(0.250851078033447,-0.64333330154419,0.0));
#2529=DIRECTION('',(-0.826599278799619,-0.562790931241744,-0.0));
#2530=DIRECTION('',(-0.562790931241744,0.826599278799619,0.0));
#2531=SURFACE_STYLE_FILL_AREA(#4329);
#2532=ORIENTED_EDGE('',*,*,#4328,.T.);
#2533=ORIENTED_EDGE('',*,*,#4330,.F.);
#2534=ORIENTED_EDGE('',*,*,#4331,.F.);
#2535=ORIENTED_EDGE('',*,*,#4184,.T.);
#2536=CARTESIAN_POINT('',(0.267872352600098,-0.71,0.0));
#2537=DIRECTION('',(-0.968917745967776,-0.247383106837805,-0.0));
#2538=DIRECTION('',(-0.247383106837805,0.968917745967776,0.0));
#2539=SURFACE_STYLE_FILL_AREA(#4332);
#2540=ORIENTED_EDGE('',*,*,#4331,.T.);
#2541=ORIENTED_EDGE('',*,*,#4333,.F.);
#2542=ORIENTED_EDGE('',*,*,#4334,.F.);
#2543=ORIENTED_EDGE('',*,*,#4185,.T.);
#2544=CARTESIAN_POINT('',(0.267872352600098,-0.86,0.0));
#2545=DIRECTION('',(-1.0,0.0,0.0));
#2546=DIRECTION('',(0.0,1.0,0.0));
#2547=SURFACE_STYLE_FILL_AREA(#4335);
#2548=ORIENTED_EDGE('',*,*,#4334,.T.);
#2549=ORIENTED_EDGE('',*,*,#4336,.F.);
#2550=ORIENTED_EDGE('',*,*,#4337,.F.);
#2551=ORIENTED_EDGE('',*,*,#4186,.T.);
#2552=CARTESIAN_POINT('',(0.250851078033447,-0.926666698455811,0.0));
#2553=DIRECTION('',(-0.968917745967776,0.247383106837805,0.0));
#2554=DIRECTION('',(0.247383106837805,0.968917745967776,0.0));
#2555=SURFACE_STYLE_FILL_AREA(#4338);
#2556=ORIENTED_EDGE('',*,*,#4337,.T.);
#2557=ORIENTED_EDGE('',*,*,#4339,.F.);
#2558=ORIENTED_EDGE('',*,*,#4340,.F.);
#2559=ORIENTED_EDGE('',*,*,#4187,.T.);
#2560=CARTESIAN_POINT('',(0.216808528900146,-0.976666698455811,0.0));
#2561=DIRECTION('',(-0.82659927879962,0.562790931241743,0.0));
#2562=DIRECTION('',(0.562790931241743,0.82659927879962,0.0));
#2563=SURFACE_STYLE_FILL_AREA(#4341);
#2564=ORIENTED_EDGE('',*,*,#4340,.T.);
#2565=ORIENTED_EDGE('',*,*,#4342,.F.);
#2566=ORIENTED_EDGE('',*,*,#4343,.F.);
#2567=ORIENTED_EDGE('',*,*,#4188,.T.);
#2568=CARTESIAN_POINT('',(0.165744657516479,-1.01,0.0));
#2569=DIRECTION('',(-0.546621823167572,0.837379592799442,0.0));
#2570=DIRECTION('',(0.837379592799442,0.546621823167572,0.0));
#2571=SURFACE_STYLE_FILL_AREA(#4344);
#2572=ORIENTED_EDGE('',*,*,#4343,.T.);
#2573=ORIENTED_EDGE('',*,*,#4345,.F.);
#2574=ORIENTED_EDGE('',*,*,#4346,.F.);
#2575=ORIENTED_EDGE('',*,*,#4189,.T.);
#2576=CARTESIAN_POINT('',(0.0976595592498778,-1.02666669845581,0.0));
#2577=DIRECTION('',(-0.237771780341104,0.971321049125068,0.0));
#2578=DIRECTION('',(0.971321049125068,0.237771780341104,0.0));
#2579=SURFACE_STYLE_FILL_AREA(#4347);
#2580=ORIENTED_EDGE('',*,*,#4346,.T.);
#2581=ORIENTED_EDGE('',*,*,#4348,.F.);
#2582=ORIENTED_EDGE('',*,*,#4349,.F.);
#2583=ORIENTED_EDGE('',*,*,#4190,.T.);
#2584=CARTESIAN_POINT('',(-0.157659583091736,-1.02666669845581,0.0));
#2585=DIRECTION('',(-0.0,1.0,0.0));
#2586=DIRECTION('',(1.0,0.0,0.0));
#2587=SURFACE_STYLE_FILL_AREA(#4350);
#2588=ORIENTED_EDGE('',*,*,#4349,.T.);
#2589=ORIENTED_EDGE('',*,*,#4351,.F.);
#2590=ORIENTED_EDGE('',*,*,#4352,.F.);
#2591=ORIENTED_EDGE('',*,*,#4191,.T.);
#2592=CARTESIAN_POINT('',(-0.225744681358337,-1.01,0.0));
#2593=DIRECTION('',(0.237771780341104,0.971321049125068,0.0));
#2594=DIRECTION('',(0.971321049125068,-0.237771780341104,0.0));
#2595=SURFACE_STYLE_FILL_AREA(#4353);
#2596=ORIENTED_EDGE('',*,*,#4352,.T.);
#2597=ORIENTED_EDGE('',*,*,#4354,.F.);
#2598=ORIENTED_EDGE('',*,*,#4355,.F.);
#2599=ORIENTED_EDGE('',*,*,#4192,.T.);
#2600=CARTESIAN_POINT('',(-0.276808505058289,-0.976666698455811,0.0));
#2601=DIRECTION('',(0.546622181089486,0.837379359156274,0.0));
#2602=DIRECTION('',(0.837379359156274,-0.546622181089486,0.0));
#2603=SURFACE_STYLE_FILL_AREA(#4356);
#2604=ORIENTED_EDGE('',*,*,#4355,.T.);
#2605=ORIENTED_EDGE('',*,*,#4357,.F.);
#2606=ORIENTED_EDGE('',*,*,#4358,.F.);
#2607=ORIENTED_EDGE('',*,*,#4193,.T.);
#2608=CARTESIAN_POINT('',(-0.310851066112518,-0.926666698455811,0.0));
#2609=DIRECTION('',(0.826599187119065,0.56279106589755,0.0));
#2610=DIRECTION('',(0.56279106589755,-0.826599187119065,0.0));
#2611=SURFACE_STYLE_FILL_AREA(#4359);
#2612=ORIENTED_EDGE('',*,*,#4358,.T.);
#2613=ORIENTED_EDGE('',*,*,#4360,.F.);
#2614=ORIENTED_EDGE('',*,*,#4361,.F.);
#2615=ORIENTED_EDGE('',*,*,#4194,.T.);
#2616=CARTESIAN_POINT('',(-0.327872340679169,-0.86,0.0));
#2617=DIRECTION('',(0.968917745967776,0.247383106837805,0.0));
#2618=DIRECTION('',(0.247383106837805,-0.968917745967776,0.0));
#2619=SURFACE_STYLE_FILL_AREA(#4362);
#2620=ORIENTED_EDGE('',*,*,#4361,.T.);
#2621=ORIENTED_EDGE('',*,*,#4363,.F.);
#2622=ORIENTED_EDGE('',*,*,#4364,.F.);
#2623=ORIENTED_EDGE('',*,*,#4195,.T.);
#2624=CARTESIAN_POINT('',(-0.327872340679169,-0.71,0.0));
#2625=DIRECTION('',(1.0,0.0,0.0));
#2626=DIRECTION('',(0.0,-1.0,0.0));
#2627=SURFACE_STYLE_FILL_AREA(#4365);
#2628=ORIENTED_EDGE('',*,*,#4364,.T.);
#2629=ORIENTED_EDGE('',*,*,#4366,.F.);
#2630=ORIENTED_EDGE('',*,*,#4367,.F.);
#2631=ORIENTED_EDGE('',*,*,#4196,.T.);
#2632=CARTESIAN_POINT('',(-0.310851066112518,-0.64333330154419,0.0));
#2633=DIRECTION('',(0.968917745967776,-0.247383106837805,0.0));
#2634=DIRECTION('',(-0.247383106837805,-0.968917745967776,0.0));
#2635=SURFACE_STYLE_FILL_AREA(#4368);
#2636=ORIENTED_EDGE('',*,*,#4367,.T.);
#2637=ORIENTED_EDGE('',*,*,#4369,.F.);
#2638=ORIENTED_EDGE('',*,*,#4370,.F.);
#2639=ORIENTED_EDGE('',*,*,#4197,.T.);
#2640=CARTESIAN_POINT('',(-0.276808505058289,-0.59333330154419,0.0));
#2641=DIRECTION('',(0.826599187119065,-0.562791065897551,0.0));
#2642=DIRECTION('',(-0.562791065897551,-0.826599187119065,0.0));
#2643=SURFACE_STYLE_FILL_AREA(#4371);
#2644=ORIENTED_EDGE('',*,*,#4370,.T.);
#2645=ORIENTED_EDGE('',*,*,#4372,.F.);
#2646=ORIENTED_EDGE('',*,*,#4373,.F.);
#2647=ORIENTED_EDGE('',*,*,#4198,.T.);
#2648=CARTESIAN_POINT('',(-0.225744681358337,-0.576666698455811,0.0));
#2649=DIRECTION('',(0.310278995295634,-0.95064554123939,0.0));
#2650=DIRECTION('',(-0.95064554123939,-0.310278995295634,0.0));
#2651=SURFACE_STYLE_FILL_AREA(#4374);
#2652=ORIENTED_EDGE('',*,*,#4373,.T.);
#2653=ORIENTED_EDGE('',*,*,#4375,.F.);
#2654=ORIENTED_EDGE('',*,*,#4257,.F.);
#2655=ORIENTED_EDGE('',*,*,#4199,.T.);
#2656=CARTESIAN_POINT('',(-0.225744681358337,-0.476666698455811,0.0));
#2657=DIRECTION('',(1.0,0.0,0.0));
#2658=DIRECTION('',(0.0,-1.0,0.0));
#2659=SURFACE_STYLE_FILL_AREA(#4376);
#2660=ORIENTED_EDGE('',*,*,#4377,.T.);
#2661=ORIENTED_EDGE('',*,*,#4378,.F.);
#2662=ORIENTED_EDGE('',*,*,#4379,.F.);
#2663=ORIENTED_EDGE('',*,*,#4200,.T.);
#2664=CARTESIAN_POINT('',(-0.43,0.256666603088379,0.0));
#2665=DIRECTION('',(-0.0,1.0,0.0));
#2666=DIRECTION('',(1.0,0.0,0.0));
#2667=SURFACE_STYLE_FILL_AREA(#4380);
#2668=ORIENTED_EDGE('',*,*,#4379,.T.);
#2669=ORIENTED_EDGE('',*,*,#4381,.F.);
#2670=ORIENTED_EDGE('',*,*,#4382,.F.);
#2671=ORIENTED_EDGE('',*,*,#4201,.T.);
#2672=CARTESIAN_POINT('',(-0.43,-0.34333330154419,0.0));
#2673=DIRECTION('',(-1.0,0.0,0.0));
#2674=DIRECTION('',(0.0,1.0,0.0));
#2675=SURFACE_STYLE_FILL_AREA(#4383);
#2676=ORIENTED_EDGE('',*,*,#4382,.T.);
#2677=ORIENTED_EDGE('',*,*,#4384,.F.);
#2678=ORIENTED_EDGE('',*,*,#4385,.F.);
#2679=ORIENTED_EDGE('',*,*,#4202,.T.);
#2680=CARTESIAN_POINT('',(0.37,-0.34333330154419,0.0));
#2681=DIRECTION('',(-0.0,-1.0,-0.0));
#2682=DIRECTION('',(-1.0,0.0,0.0));
#2683=SURFACE_STYLE_FILL_AREA(#4386);
#2684=ORIENTED_EDGE('',*,*,#4385,.T.);
#2685=ORIENTED_EDGE('',*,*,#4387,.F.);
#2686=ORIENTED_EDGE('',*,*,#4388,.F.);
#2687=ORIENTED_EDGE('',*,*,#4203,.T.);
#2688=CARTESIAN_POINT('',(0.37,0.256666603088379,0.0));
#2689=DIRECTION('',(1.0,0.0,0.0));
#2690=DIRECTION('',(0.0,-1.0,0.0));
#2691=SURFACE_STYLE_FILL_AREA(#4389);
#2692=ORIENTED_EDGE('',*,*,#4388,.T.);
#2693=ORIENTED_EDGE('',*,*,#4390,.F.);
#2694=ORIENTED_EDGE('',*,*,#4391,.F.);
#2695=ORIENTED_EDGE('',*,*,#4204,.T.);
#2696=CARTESIAN_POINT('',(0.267872352600098,0.256666603088379,0.0));
#2697=DIRECTION('',(-0.0,1.0,0.0));
#2698=DIRECTION('',(1.0,0.0,0.0));
#2699=SURFACE_STYLE_FILL_AREA(#4392);
#2700=ORIENTED_EDGE('',*,*,#4391,.T.);
#2701=ORIENTED_EDGE('',*,*,#4393,.F.);
#2702=ORIENTED_EDGE('',*,*,#4394,.F.);
#2703=ORIENTED_EDGE('',*,*,#4205,.T.);
#2704=CARTESIAN_POINT('',(0.267872352600098,-0.243333396911621,0.0));
#2705=DIRECTION('',(-1.0,0.0,0.0));
#2706=DIRECTION('',(0.0,1.0,0.0));
#2707=SURFACE_STYLE_FILL_AREA(#4395);
#2708=ORIENTED_EDGE('',*,*,#4394,.T.);
#2709=ORIENTED_EDGE('',*,*,#4396,.F.);
#2710=ORIENTED_EDGE('',*,*,#4397,.F.);
#2711=ORIENTED_EDGE('',*,*,#4206,.T.);
#2712=CARTESIAN_POINT('',(0.0465957355499267,-0.243333396911621,0.0));
#2713=DIRECTION('',(-0.0,1.0,0.0));
#2714=DIRECTION('',(1.0,0.0,0.0));
#2715=SURFACE_STYLE_FILL_AREA(#4398);
#2716=ORIENTED_EDGE('',*,*,#4397,.T.);
#2717=ORIENTED_EDGE('',*,*,#4399,.F.);
#2718=ORIENTED_EDGE('',*,*,#4400,.F.);
#2719=ORIENTED_EDGE('',*,*,#4207,.T.);
#2720=CARTESIAN_POINT('',(0.0465957355499267,0.19,0.0));
#2721=DIRECTION('',(1.0,0.0,0.0));
#2722=DIRECTION('',(0.0,-1.0,0.0));
#2723=SURFACE_STYLE_FILL_AREA(#4401);
#2724=ORIENTED_EDGE('',*,*,#4400,.T.);
#2725=ORIENTED_EDGE('',*,*,#4402,.F.);
#2726=ORIENTED_EDGE('',*,*,#4403,.F.);
#2727=ORIENTED_EDGE('',*,*,#4208,.T.);
#2728=CARTESIAN_POINT('',(-0.0555319118499756,0.19,0.0));
#2729=DIRECTION('',(-0.0,1.0,0.0));
#2730=DIRECTION('',(1.0,0.0,0.0));
#2731=SURFACE_STYLE_FILL_AREA(#4404);
#2732=ORIENTED_EDGE('',*,*,#4403,.T.);
#2733=ORIENTED_EDGE('',*,*,#4405,.F.);
#2734=ORIENTED_EDGE('',*,*,#4406,.F.);
#2735=ORIENTED_EDGE('',*,*,#4209,.T.);
#2736=CARTESIAN_POINT('',(-0.0555319118499756,-0.243333396911621,0.0));
#2737=DIRECTION('',(-1.0,0.0,0.0));
#2738=DIRECTION('',(0.0,1.0,0.0));
#2739=SURFACE_STYLE_FILL_AREA(#4407);
#2740=ORIENTED_EDGE('',*,*,#4406,.T.);
#2741=ORIENTED_EDGE('',*,*,#4408,.F.);
#2742=ORIENTED_EDGE('',*,*,#4409,.F.);
#2743=ORIENTED_EDGE('',*,*,#4210,.T.);
#2744=CARTESIAN_POINT('',(-0.327872340679169,-0.243333396911621,0.0));
#2745=DIRECTION('',(-0.0,1.0,0.0));
#2746=DIRECTION('',(1.0,0.0,0.0));
#2747=SURFACE_STYLE_FILL_AREA(#4410);
#2748=ORIENTED_EDGE('',*,*,#4409,.T.);
#2749=ORIENTED_EDGE('',*,*,#4411,.F.);
#2750=ORIENTED_EDGE('',*,*,#4377,.F.);
#2751=ORIENTED_EDGE('',*,*,#4211,.T.);
#2752=CARTESIAN_POINT('',(-0.327872340679169,0.256666603088379,0.0));
#2753=DIRECTION('',(1.0,0.0,0.0));
#2754=DIRECTION('',(0.0,-1.0,0.0));
#2755=SURFACE_STYLE_FILL_AREA(#4412);
#2756=ORIENTED_EDGE('',*,*,#4413,.T.);
#2757=ORIENTED_EDGE('',*,*,#4414,.F.);
#2758=ORIENTED_EDGE('',*,*,#4415,.F.);
#2759=ORIENTED_EDGE('',*,*,#4212,.T.);
#2760=CARTESIAN_POINT('',(0.35297872543335,0.873333396911621,0.0));
#2761=DIRECTION('',(0.979770739215335,0.200123208492759,0.0));
#2762=DIRECTION('',(0.200123208492759,-0.979770739215335,0.0));
#2763=SURFACE_STYLE_FILL_AREA(#4416);
#2764=ORIENTED_EDGE('',*,*,#4415,.T.);
#2765=ORIENTED_EDGE('',*,*,#4417,.F.);
#2766=ORIENTED_EDGE('',*,*,#4418,.F.);
#2767=ORIENTED_EDGE('',*,*,#4213,.T.);
#2768=CARTESIAN_POINT('',(0.318936176300049,0.94,0.0));
#2769=DIRECTION('',(0.890605111201687,0.454777457556365,0.0));
#2770=DIRECTION('',(0.454777457556365,-0.890605111201687,0.0));
#2771=SURFACE_STYLE_FILL_AREA(#4419);
#2772=ORIENTED_EDGE('',*,*,#4418,.T.);
#2773=ORIENTED_EDGE('',*,*,#4420,.F.);
#2774=ORIENTED_EDGE('',*,*,#4421,.F.);
#2775=ORIENTED_EDGE('',*,*,#4214,.T.);
#2776=CARTESIAN_POINT('',(0.250851078033447,1.00666660308838,0.0));
#2777=DIRECTION('',(0.699624494557072,0.714510718335115,0.0));
#2778=DIRECTION('',(0.714510718335115,-0.699624494557072,0.0));
#2779=SURFACE_STYLE_FILL_AREA(#4422);
#2780=ORIENTED_EDGE('',*,*,#4421,.T.);
#2781=ORIENTED_EDGE('',*,*,#4423,.F.);
#2782=ORIENTED_EDGE('',*,*,#4424,.F.);
#2783=ORIENTED_EDGE('',*,*,#4215,.T.);
#2784=CARTESIAN_POINT('',(0.182765979766846,1.04,0.0));
#2785=DIRECTION('',(0.439714172352678,0.898137765953642,0.0));
#2786=DIRECTION('',(0.898137765953642,-0.439714172352678,0.0));
#2787=SURFACE_STYLE_FILL_AREA(#4425);
#2788=ORIENTED_EDGE('',*,*,#4424,.T.);
#2789=ORIENTED_EDGE('',*,*,#4426,.F.);
#2790=ORIENTED_EDGE('',*,*,#4427,.F.);
#2791=ORIENTED_EDGE('',*,*,#4216,.T.);
#2792=CARTESIAN_POINT('',(0.0976595592498778,1.05666660308838,0.0));
#2793=DIRECTION('',(0.192182043673011,0.981359293067358,0.0));
#2794=DIRECTION('',(0.981359293067358,-0.192182043673011,0.0));
#2795=SURFACE_STYLE_FILL_AREA(#4428);
#2796=ORIENTED_EDGE('',*,*,#4427,.T.);
#2797=ORIENTED_EDGE('',*,*,#4429,.F.);
#2798=ORIENTED_EDGE('',*,*,#4430,.F.);
#2799=ORIENTED_EDGE('',*,*,#4217,.T.);
#2800=CARTESIAN_POINT('',(-0.157659583091736,1.05666660308838,0.0));
#2801=DIRECTION('',(-0.0,1.0,0.0));
#2802=DIRECTION('',(1.0,0.0,0.0));
#2803=SURFACE_STYLE_FILL_AREA(#4431);
#2804=ORIENTED_EDGE('',*,*,#4430,.T.);
#2805=ORIENTED_EDGE('',*,*,#4432,.F.);
#2806=ORIENTED_EDGE('',*,*,#4433,.F.);
#2807=ORIENTED_EDGE('',*,*,#4218,.T.);
#2808=CARTESIAN_POINT('',(-0.242765955924988,1.04,0.0));
#2809=DIRECTION('',(-0.192182147372563,0.98135927275961,0.0));
#2810=DIRECTION('',(0.98135927275961,0.192182147372563,0.0));
#2811=SURFACE_STYLE_FILL_AREA(#4434);
#2812=ORIENTED_EDGE('',*,*,#4433,.T.);
#2813=ORIENTED_EDGE('',*,*,#4435,.F.);
#2814=ORIENTED_EDGE('',*,*,#4436,.F.);
#2815=ORIENTED_EDGE('',*,*,#4219,.T.);
#2816=CARTESIAN_POINT('',(-0.310851066112518,1.00666660308838,0.0));
#2817=DIRECTION('',(-0.439714110249424,0.898137796358419,0.0));
#2818=DIRECTION('',(0.898137796358419,0.439714110249424,0.0));
#2819=SURFACE_STYLE_FILL_AREA(#4437);
#2820=ORIENTED_EDGE('',*,*,#4436,.T.);
#2821=ORIENTED_EDGE('',*,*,#4438,.F.);
#2822=ORIENTED_EDGE('',*,*,#4439,.F.);
#2823=ORIENTED_EDGE('',*,*,#4220,.T.);
#2824=CARTESIAN_POINT('',(-0.378936170339584,0.94,0.0));
#2825=DIRECTION('',(-0.699624463288321,0.714510748952407,0.0));
#2826=DIRECTION('',(0.714510748952407,0.699624463288321,0.0));
#2827=SURFACE_STYLE_FILL_AREA(#4440);
#2828=ORIENTED_EDGE('',*,*,#4439,.T.);
#2829=ORIENTED_EDGE('',*,*,#4441,.F.);
#2830=ORIENTED_EDGE('',*,*,#4442,.F.);
#2831=ORIENTED_EDGE('',*,*,#4221,.T.);
#2832=CARTESIAN_POINT('',(-0.412978723943233,0.873333396911621,0.0));
#2833=DIRECTION('',(-0.890605087013554,0.454777504924749,0.0));
#2834=DIRECTION('',(0.454777504924749,0.890605087013554,0.0));
#2835=SURFACE_STYLE_FILL_AREA(#4443);
#2836=ORIENTED_EDGE('',*,*,#4442,.T.);
#2837=ORIENTED_EDGE('',*,*,#4444,.F.);
#2838=ORIENTED_EDGE('',*,*,#4445,.F.);
#2839=ORIENTED_EDGE('',*,*,#4222,.T.);
#2840=CARTESIAN_POINT('',(-0.43,0.79,0.0));
#2841=DIRECTION('',(-0.979770735780171,0.200123225310763,0.0));
#2842=DIRECTION('',(0.200123225310763,0.979770735780171,0.0));
#2843=SURFACE_STYLE_FILL_AREA(#4446);
#2844=ORIENTED_EDGE('',*,*,#4445,.T.);
#2845=ORIENTED_EDGE('',*,*,#4447,.F.);
#2846=ORIENTED_EDGE('',*,*,#4448,.F.);
#2847=ORIENTED_EDGE('',*,*,#4223,.T.);
#2848=CARTESIAN_POINT('',(-0.43,0.39,0.0));
#2849=DIRECTION('',(-1.0,0.0,0.0));
#2850=DIRECTION('',(0.0,1.0,0.0));
#2851=SURFACE_STYLE_FILL_AREA(#4449);
#2852=ORIENTED_EDGE('',*,*,#4448,.T.);
#2853=ORIENTED_EDGE('',*,*,#4450,.F.);
#2854=ORIENTED_EDGE('',*,*,#4451,.F.);
#2855=ORIENTED_EDGE('',*,*,#4224,.T.);
#2856=CARTESIAN_POINT('',(0.37,0.39,0.0));
#2857=DIRECTION('',(-0.0,-1.0,-0.0));
#2858=DIRECTION('',(-1.0,0.0,0.0));
#2859=SURFACE_STYLE_FILL_AREA(#4452);
#2860=ORIENTED_EDGE('',*,*,#4451,.T.);
#2861=ORIENTED_EDGE('',*,*,#4453,.F.);
#2862=ORIENTED_EDGE('',*,*,#4413,.F.);
#2863=ORIENTED_EDGE('',*,*,#4225,.T.);
#2864=CARTESIAN_POINT('',(0.37,0.79,0.0));
#2865=DIRECTION('',(1.0,0.0,0.0));
#2866=DIRECTION('',(0.0,-1.0,0.0));
#2867=SURFACE_STYLE_FILL_AREA(#4454);
#2868=ORIENTED_EDGE('',*,*,#4226,.F.);
#2869=ORIENTED_EDGE('',*,*,#4455,.T.);
#2870=ORIENTED_EDGE('',*,*,#4456,.T.);
#2871=ORIENTED_EDGE('',*,*,#4457,.T.);
#2872=CARTESIAN_POINT('',(4.04,0.0,0.0));
#2873=DIRECTION('',(-1.0,0.0,0.0));
#2874=DIRECTION('',(0.0,-1.0,0.0));
#2875=SURFACE_STYLE_FILL_AREA(#4458);
#2876=ORIENTED_EDGE('',*,*,#4459,.T.);
#2877=ORIENTED_EDGE('',*,*,#4460,.T.);
#2878=ORIENTED_EDGE('',*,*,#4227,.F.);
#2879=ORIENTED_EDGE('',*,*,#4457,.F.);
#2880=CARTESIAN_POINT('',(4.04,2.1,0.4));
#2881=DIRECTION('',(0.0,1.0,0.0));
#2882=DIRECTION('',(0.0,0.0,-1.0));
#2883=SURFACE_STYLE_FILL_AREA(#4461);
#2884=ORIENTED_EDGE('',*,*,#4462,.F.);
#2885=ORIENTED_EDGE('',*,*,#4463,.F.);
#2886=ORIENTED_EDGE('',*,*,#4228,.T.);
#2887=ORIENTED_EDGE('',*,*,#4460,.F.);
#2888=CARTESIAN_POINT('',(1.04,0.0,0.0));
#2889=DIRECTION('',(-1.0,0.0,0.0));
#2890=DIRECTION('',(0.0,-1.0,0.0));
#2891=SURFACE_STYLE_FILL_AREA(#4464);
#2892=ORIENTED_EDGE('',*,*,#4465,.F.);
#2893=ORIENTED_EDGE('',*,*,#4233,.F.);
#2894=ORIENTED_EDGE('',*,*,#4466,.T.);
#2895=ORIENTED_EDGE('',*,*,#4467,.F.);
#2896=ORIENTED_EDGE('',*,*,#4468,.T.);
#2897=ORIENTED_EDGE('',*,*,#4469,.F.);
#2898=ORIENTED_EDGE('',*,*,#4470,.F.);
#2899=ORIENTED_EDGE('',*,*,#4471,.F.);
#2900=ORIENTED_EDGE('',*,*,#4472,.F.);
#2901=ORIENTED_EDGE('',*,*,#4229,.T.);
#2902=ORIENTED_EDGE('',*,*,#4463,.T.);
#2903=ORIENTED_EDGE('',*,*,#4473,.F.);
#2904=ORIENTED_EDGE('',*,*,#4474,.T.);
#2905=ORIENTED_EDGE('',*,*,#4475,.F.);
#2906=ORIENTED_EDGE('',*,*,#4476,.F.);
#2907=ORIENTED_EDGE('',*,*,#4477,.F.);
#2908=ORIENTED_EDGE('',*,*,#4455,.F.);
#2909=ORIENTED_EDGE('',*,*,#4237,.F.);
#2910=ORIENTED_EDGE('',*,*,#4478,.T.);
#2911=ORIENTED_EDGE('',*,*,#4479,.T.);
#2912=CARTESIAN_POINT('',(-5.08,-4.2,0.0));
#2913=DIRECTION('',(0.0,-1.0,0.0));
#2914=DIRECTION('',(1.0,0.0,0.0));
#2915=SURFACE_STYLE_FILL_AREA(#4480);
#2916=ORIENTED_EDGE('',*,*,#4472,.T.);
#2917=ORIENTED_EDGE('',*,*,#4481,.T.);
#2918=ORIENTED_EDGE('',*,*,#4482,.T.);
#2919=ORIENTED_EDGE('',*,*,#4230,.F.);
#2920=CARTESIAN_POINT('',(-1.04,0.0,0.0));
#2921=DIRECTION('',(-1.0,0.0,0.0));
#2922=DIRECTION('',(0.0,-1.0,0.0));
#2923=SURFACE_STYLE_FILL_AREA(#4483);
#2924=ORIENTED_EDGE('',*,*,#4482,.F.);
#2925=ORIENTED_EDGE('',*,*,#4484,.T.);
#2926=ORIENTED_EDGE('',*,*,#4485,.T.);
#2927=ORIENTED_EDGE('',*,*,#4231,.F.);
#2928=CARTESIAN_POINT('',(-1.04,2.1,0.4));
#2929=DIRECTION('',(0.0,1.0,0.0));
#2930=DIRECTION('',(0.0,0.0,-1.0));
#2931=SURFACE_STYLE_FILL_AREA(#4486);
#2932=ORIENTED_EDGE('',*,*,#4485,.F.);
#2933=ORIENTED_EDGE('',*,*,#4487,.F.);
#2934=ORIENTED_EDGE('',*,*,#4466,.F.);
#2935=ORIENTED_EDGE('',*,*,#4232,.T.);
#2936=CARTESIAN_POINT('',(-4.04,0.0,0.0));
#2937=DIRECTION('',(-1.0,0.0,0.0));
#2938=DIRECTION('',(0.0,-1.0,0.0));
#2939=SURFACE_STYLE_FILL_AREA(#4488);
#2940=ORIENTED_EDGE('',*,*,#4489,.T.);
#2941=ORIENTED_EDGE('',*,*,#4490,.T.);
#2942=ORIENTED_EDGE('',*,*,#4491,.T.);
#2943=ORIENTED_EDGE('',*,*,#4234,.T.);
#2944=ORIENTED_EDGE('',*,*,#4465,.T.);
#2945=ORIENTED_EDGE('',*,*,#4492,.T.);
#2946=ORIENTED_EDGE('',*,*,#4493,.T.);
#2947=CARTESIAN_POINT('',(-5.83,0.0,0.0));
#2948=DIRECTION('',(-1.0,0.0,0.0));
#2949=DIRECTION('',(0.0,-1.0,0.0));
#2950=SURFACE_STYLE_FILL_AREA(#4494);
#2951=ORIENTED_EDGE('',*,*,#4491,.F.);
#2952=ORIENTED_EDGE('',*,*,#4495,.F.);
#2953=ORIENTED_EDGE('',*,*,#4496,.T.);
#2954=ORIENTED_EDGE('',*,*,#4235,.T.);
#2955=CARTESIAN_POINT('',(-5.08,3.7,0.0));
#2956=DIRECTION('',(0.0,-1.0,0.0));
#2957=DIRECTION('',(0.0,0.0,1.0));
#2958=SURFACE_STYLE_FILL_AREA(#4497);
#2959=ORIENTED_EDGE('',*,*,#4498,.F.);
#2960=ORIENTED_EDGE('',*,*,#4478,.F.);
#2961=ORIENTED_EDGE('',*,*,#4236,.F.);
#2962=ORIENTED_EDGE('',*,*,#4496,.F.);
#2963=ORIENTED_EDGE('',*,*,#4499,.F.);
#2964=ORIENTED_EDGE('',*,*,#4500,.F.);
#2965=ORIENTED_EDGE('',*,*,#4501,.F.);
#2966=CARTESIAN_POINT('',(5.83,0.0,0.0));
#2967=DIRECTION('',(-1.0,0.0,0.0));
#2968=DIRECTION('',(0.0,-1.0,0.0));
#2969=SURFACE_STYLE_FILL_AREA(#4502);
#2970=ORIENTED_EDGE('',*,*,#4252,.T.);
#2971=ORIENTED_EDGE('',*,*,#4249,.T.);
#2972=ORIENTED_EDGE('',*,*,#4246,.T.);
#2973=ORIENTED_EDGE('',*,*,#4243,.T.);
#2974=ORIENTED_EDGE('',*,*,#4240,.T.);
#2975=ORIENTED_EDGE('',*,*,#4255,.T.);
#2976=CARTESIAN_POINT('',(0.0,0.0,-0.1));
#2977=DIRECTION('',(0.0,0.0,-1.0));
#2978=DIRECTION('',(0.0,1.0,0.0));
#2979=SURFACE_STYLE_FILL_AREA(#4503);
#2980=ORIENTED_EDGE('',*,*,#4372,.T.);
#2981=ORIENTED_EDGE('',*,*,#4369,.T.);
#2982=ORIENTED_EDGE('',*,*,#4366,.T.);
#2983=ORIENTED_EDGE('',*,*,#4363,.T.);
#2984=ORIENTED_EDGE('',*,*,#4360,.T.);
#2985=ORIENTED_EDGE('',*,*,#4357,.T.);
#2986=ORIENTED_EDGE('',*,*,#4354,.T.);
#2987=ORIENTED_EDGE('',*,*,#4351,.T.);
#2988=ORIENTED_EDGE('',*,*,#4348,.T.);
#2989=ORIENTED_EDGE('',*,*,#4345,.T.);
#2990=ORIENTED_EDGE('',*,*,#4342,.T.);
#2991=ORIENTED_EDGE('',*,*,#4339,.T.);
#2992=ORIENTED_EDGE('',*,*,#4336,.T.);
#2993=ORIENTED_EDGE('',*,*,#4333,.T.);
#2994=ORIENTED_EDGE('',*,*,#4330,.T.);
#2995=ORIENTED_EDGE('',*,*,#4327,.T.);
#2996=ORIENTED_EDGE('',*,*,#4324,.T.);
#2997=ORIENTED_EDGE('',*,*,#4321,.T.);
#2998=ORIENTED_EDGE('',*,*,#4318,.T.);
#2999=ORIENTED_EDGE('',*,*,#4315,.T.);
#3000=ORIENTED_EDGE('',*,*,#4312,.T.);
#3001=ORIENTED_EDGE('',*,*,#4309,.T.);
#3002=ORIENTED_EDGE('',*,*,#4306,.T.);
#3003=ORIENTED_EDGE('',*,*,#4303,.T.);
#3004=ORIENTED_EDGE('',*,*,#4300,.T.);
#3005=ORIENTED_EDGE('',*,*,#4297,.T.);
#3006=ORIENTED_EDGE('',*,*,#4294,.T.);
#3007=ORIENTED_EDGE('',*,*,#4291,.T.);
#3008=ORIENTED_EDGE('',*,*,#4288,.T.);
#3009=ORIENTED_EDGE('',*,*,#4285,.T.);
#3010=ORIENTED_EDGE('',*,*,#4282,.T.);
#3011=ORIENTED_EDGE('',*,*,#4279,.T.);
#3012=ORIENTED_EDGE('',*,*,#4276,.T.);
#3013=ORIENTED_EDGE('',*,*,#4273,.T.);
#3014=ORIENTED_EDGE('',*,*,#4270,.T.);
#3015=ORIENTED_EDGE('',*,*,#4267,.T.);
#3016=ORIENTED_EDGE('',*,*,#4264,.T.);
#3017=ORIENTED_EDGE('',*,*,#4261,.T.);
#3018=ORIENTED_EDGE('',*,*,#4258,.T.);
#3019=ORIENTED_EDGE('',*,*,#4375,.T.);
#3020=CARTESIAN_POINT('',(0.0,0.0,-0.1));
#3021=DIRECTION('',(0.0,0.0,-1.0));
#3022=DIRECTION('',(0.0,1.0,0.0));
#3023=SURFACE_STYLE_FILL_AREA(#4504);
#3024=ORIENTED_EDGE('',*,*,#4408,.T.);
#3025=ORIENTED_EDGE('',*,*,#4405,.T.);
#3026=ORIENTED_EDGE('',*,*,#4402,.T.);
#3027=ORIENTED_EDGE('',*,*,#4399,.T.);
#3028=ORIENTED_EDGE('',*,*,#4396,.T.);
#3029=ORIENTED_EDGE('',*,*,#4393,.T.);
#3030=ORIENTED_EDGE('',*,*,#4390,.T.);
#3031=ORIENTED_EDGE('',*,*,#4387,.T.);
#3032=ORIENTED_EDGE('',*,*,#4384,.T.);
#3033=ORIENTED_EDGE('',*,*,#4381,.T.);
#3034=ORIENTED_EDGE('',*,*,#4378,.T.);
#3035=ORIENTED_EDGE('',*,*,#4411,.T.);
#3036=CARTESIAN_POINT('',(0.0,0.0,-0.1));
#3037=DIRECTION('',(0.0,0.0,-1.0));
#3038=DIRECTION('',(0.0,1.0,0.0));
#3039=SURFACE_STYLE_FILL_AREA(#4505);
#3040=ORIENTED_EDGE('',*,*,#4506,.T.);
#3041=ORIENTED_EDGE('',*,*,#4507,.T.);
#3042=ORIENTED_EDGE('',*,*,#4508,.T.);
#3043=ORIENTED_EDGE('',*,*,#4509,.T.);
#3044=ORIENTED_EDGE('',*,*,#4510,.T.);
#3045=ORIENTED_EDGE('',*,*,#4511,.T.);
#3046=ORIENTED_EDGE('',*,*,#4512,.T.);
#3047=ORIENTED_EDGE('',*,*,#4513,.T.);
#3048=ORIENTED_EDGE('',*,*,#4514,.T.);
#3049=ORIENTED_EDGE('',*,*,#4515,.T.);
#3050=ORIENTED_EDGE('',*,*,#4516,.T.);
#3051=ORIENTED_EDGE('',*,*,#4517,.T.);
#3052=ORIENTED_EDGE('',*,*,#4450,.T.);
#3053=ORIENTED_EDGE('',*,*,#4447,.T.);
#3054=ORIENTED_EDGE('',*,*,#4444,.T.);
#3055=ORIENTED_EDGE('',*,*,#4441,.T.);
#3056=ORIENTED_EDGE('',*,*,#4438,.T.);
#3057=ORIENTED_EDGE('',*,*,#4435,.T.);
#3058=ORIENTED_EDGE('',*,*,#4432,.T.);
#3059=ORIENTED_EDGE('',*,*,#4429,.T.);
#3060=ORIENTED_EDGE('',*,*,#4426,.T.);
#3061=ORIENTED_EDGE('',*,*,#4423,.T.);
#3062=ORIENTED_EDGE('',*,*,#4420,.T.);
#3063=ORIENTED_EDGE('',*,*,#4417,.T.);
#3064=ORIENTED_EDGE('',*,*,#4414,.T.);
#3065=ORIENTED_EDGE('',*,*,#4453,.T.);
#3066=CARTESIAN_POINT('',(0.0,0.0,-0.1));
#3067=DIRECTION('',(0.0,0.0,-1.0));
#3068=DIRECTION('',(0.0,1.0,0.0));
#3069=SURFACE_STYLE_FILL_AREA(#4518);
#3070=ORIENTED_EDGE('',*,*,#4477,.T.);
#3071=ORIENTED_EDGE('',*,*,#4519,.F.);
#3072=ORIENTED_EDGE('',*,*,#4520,.F.);
#3073=ORIENTED_EDGE('',*,*,#4521,.F.);
#3074=ORIENTED_EDGE('',*,*,#4473,.T.);
#3075=ORIENTED_EDGE('',*,*,#4462,.T.);
#3076=ORIENTED_EDGE('',*,*,#4459,.F.);
#3077=ORIENTED_EDGE('',*,*,#4456,.F.);
#3078=CARTESIAN_POINT('',(4.04,-4.2,0.4));
#3079=DIRECTION('',(0.0,-0.0,1.0));
#3080=DIRECTION('',(0.0,1.0,0.0));
#3081=SURFACE_STYLE_FILL_AREA(#4522);
#3082=ORIENTED_EDGE('',*,*,#4523,.F.);
#3083=ORIENTED_EDGE('',*,*,#4524,.F.);
#3084=ORIENTED_EDGE('',*,*,#4525,.F.);
#3085=ORIENTED_EDGE('',*,*,#4467,.T.);
#3086=ORIENTED_EDGE('',*,*,#4487,.T.);
#3087=ORIENTED_EDGE('',*,*,#4484,.F.);
#3088=ORIENTED_EDGE('',*,*,#4481,.F.);
#3089=ORIENTED_EDGE('',*,*,#4471,.T.);
#3090=CARTESIAN_POINT('',(-1.04,-4.2,0.4));
#3091=DIRECTION('',(0.0,-0.0,1.0));
#3092=DIRECTION('',(0.0,1.0,0.0));
#3093=SURFACE_STYLE_FILL_AREA(#4526);
#3094=ORIENTED_EDGE('',*,*,#4527,.F.);
#3095=ORIENTED_EDGE('',*,*,#4468,.F.);
#3096=ORIENTED_EDGE('',*,*,#4525,.T.);
#3097=ORIENTED_EDGE('',*,*,#4528,.T.);
#3098=CARTESIAN_POINT('',(-3.14,-4.2,0.0));
#3099=DIRECTION('',(-1.0,0.0,0.0));
#3100=DIRECTION('',(0.0,1.0,0.0));
#3101=SURFACE_STYLE_FILL_AREA(#4529);
#3102=ORIENTED_EDGE('',*,*,#4530,.T.);
#3103=ORIENTED_EDGE('',*,*,#4531,.T.);
#3104=ORIENTED_EDGE('',*,*,#4532,.T.);
#3105=ORIENTED_EDGE('',*,*,#4533,.T.);
#3106=ORIENTED_EDGE('',*,*,#4527,.T.);
#3107=ORIENTED_EDGE('',*,*,#4534,.T.);
#3108=ORIENTED_EDGE('',*,*,#4535,.T.);
#3109=ORIENTED_EDGE('',*,*,#4469,.T.);
#3110=CARTESIAN_POINT('',(0.0,0.0,2.4));
#3111=DIRECTION('',(0.0,0.0,-1.0));
#3112=DIRECTION('',(-1.0,0.0,0.0));
#3113=SURFACE_STYLE_FILL_AREA(#4536);
#3114=ORIENTED_EDGE('',*,*,#4523,.T.);
#3115=ORIENTED_EDGE('',*,*,#4470,.T.);
#3116=ORIENTED_EDGE('',*,*,#4535,.F.);
#3117=ORIENTED_EDGE('',*,*,#4537,.F.);
#3118=CARTESIAN_POINT('',(-1.94,0.5,0.0));
#3119=DIRECTION('',(1.0,0.0,0.0));
#3120=DIRECTION('',(0.0,-1.0,0.0));
#3121=SURFACE_STYLE_FILL_AREA(#4538);
#3122=ORIENTED_EDGE('',*,*,#4539,.T.);
#3123=ORIENTED_EDGE('',*,*,#4540,.F.);
#3124=ORIENTED_EDGE('',*,*,#4474,.F.);
#3125=ORIENTED_EDGE('',*,*,#4521,.T.);
#3126=CARTESIAN_POINT('',(1.94,-4.2,0.0));
#3127=DIRECTION('',(-1.0,0.0,0.0));
#3128=DIRECTION('',(0.0,1.0,0.0));
#3129=SURFACE_STYLE_FILL_AREA(#4541);
#3130=ORIENTED_EDGE('',*,*,#4542,.T.);
#3131=ORIENTED_EDGE('',*,*,#4543,.T.);
#3132=ORIENTED_EDGE('',*,*,#4544,.T.);
#3133=ORIENTED_EDGE('',*,*,#4545,.T.);
#3134=ORIENTED_EDGE('',*,*,#4546,.T.);
#3135=ORIENTED_EDGE('',*,*,#4547,.T.);
#3136=ORIENTED_EDGE('',*,*,#4475,.T.);
#3137=ORIENTED_EDGE('',*,*,#4540,.T.);
#3138=CARTESIAN_POINT('',(5.08,0.0,2.4));
#3139=DIRECTION('',(0.0,0.0,-1.0));
#3140=DIRECTION('',(-1.0,0.0,0.0));
#3141=SURFACE_STYLE_FILL_AREA(#4548);
#3142=ORIENTED_EDGE('',*,*,#4476,.T.);
#3143=ORIENTED_EDGE('',*,*,#4547,.F.);
#3144=ORIENTED_EDGE('',*,*,#4549,.F.);
#3145=ORIENTED_EDGE('',*,*,#4519,.T.);
#3146=CARTESIAN_POINT('',(3.14,0.5,0.0));
#3147=DIRECTION('',(1.0,0.0,0.0));
#3148=DIRECTION('',(0.0,-1.0,0.0));
#3149=SURFACE_STYLE_FILL_AREA(#4550);
#3150=ORIENTED_EDGE('',*,*,#4551,.T.);
#3151=ORIENTED_EDGE('',*,*,#4552,.T.);
#3152=ORIENTED_EDGE('',*,*,#4553,.F.);
#3153=ORIENTED_EDGE('',*,*,#4554,.T.);
#3154=ORIENTED_EDGE('',*,*,#4555,.F.);
#3155=ORIENTED_EDGE('',*,*,#4556,.F.);
#3156=ORIENTED_EDGE('',*,*,#4557,.F.);
#3157=ORIENTED_EDGE('',*,*,#4558,.T.);
#3158=ORIENTED_EDGE('',*,*,#4559,.T.);
#3159=ORIENTED_EDGE('',*,*,#4560,.T.);
#3160=ORIENTED_EDGE('',*,*,#4561,.F.);
#3161=ORIENTED_EDGE('',*,*,#4562,.F.);
#3162=ORIENTED_EDGE('',*,*,#4492,.F.);
#3163=ORIENTED_EDGE('',*,*,#4479,.F.);
#3164=ORIENTED_EDGE('',*,*,#4498,.T.);
#3165=ORIENTED_EDGE('',*,*,#4563,.F.);
#3166=CARTESIAN_POINT('',(0.0,0.0,12.0));
#3167=DIRECTION('',(0.0,0.0,1.0));
#3168=DIRECTION('',(1.0,0.0,0.0));
#3169=SURFACE_STYLE_FILL_AREA(#4564);
#3170=ORIENTED_EDGE('',*,*,#4489,.F.);
#3171=ORIENTED_EDGE('',*,*,#4565,.F.);
#3172=ORIENTED_EDGE('',*,*,#4566,.T.);
#3173=ORIENTED_EDGE('',*,*,#4567,.F.);
#3174=ORIENTED_EDGE('',*,*,#4568,.T.);
#3175=ORIENTED_EDGE('',*,*,#4569,.F.);
#3176=ORIENTED_EDGE('',*,*,#4500,.T.);
#3177=ORIENTED_EDGE('',*,*,#4570,.T.);
#3178=CARTESIAN_POINT('',(5.08,4.2,0.0));
#3179=DIRECTION('',(0.0,1.0,-0.0));
#3180=DIRECTION('',(-1.0,0.0,0.0));
#3181=SURFACE_STYLE_FILL_AREA(#4571);
#3182=ORIENTED_EDGE('',*,*,#4490,.F.);
#3183=ORIENTED_EDGE('',*,*,#4570,.F.);
#3184=ORIENTED_EDGE('',*,*,#4499,.T.);
#3185=ORIENTED_EDGE('',*,*,#4495,.T.);
#3186=CARTESIAN_POINT('',(-5.08,3.7,8.9));
#3187=DIRECTION('',(0.0,-0.0,1.0));
#3188=DIRECTION('',(0.0,1.0,0.0));
#3189=SURFACE_STYLE_FILL_AREA(#4572);
#3190=ORIENTED_EDGE('',*,*,#4573,.F.);
#3191=ORIENTED_EDGE('',*,*,#4565,.T.);
#3192=ORIENTED_EDGE('',*,*,#4493,.F.);
#3193=ORIENTED_EDGE('',*,*,#4562,.T.);
#3194=CARTESIAN_POINT('',(-5.08,4.2,10.5));
#3195=DIRECTION('',(-0.0,-0.966234939601246,-0.257662650560332));
#3196=DIRECTION('',(0.0,-0.257662650560332,0.966234939601246));
#3197=SURFACE_STYLE_FILL_AREA(#4574);
#3198=ORIENTED_EDGE('',*,*,#4575,.F.);
#3199=ORIENTED_EDGE('',*,*,#4563,.T.);
#3200=ORIENTED_EDGE('',*,*,#4501,.T.);
#3201=ORIENTED_EDGE('',*,*,#4569,.T.);
#3202=CARTESIAN_POINT('',(-5.08,4.2,10.5));
#3203=DIRECTION('',(-0.0,-0.966234939601246,-0.257662650560332));
#3204=DIRECTION('',(0.0,-0.257662650560332,0.966234939601246));
#3205=SURFACE_STYLE_FILL_AREA(#4576);
#3206=ORIENTED_EDGE('',*,*,#4577,.T.);
#3207=ORIENTED_EDGE('',*,*,#4506,.F.);
#3208=ORIENTED_EDGE('',*,*,#4578,.F.);
#3209=ORIENTED_EDGE('',*,*,#4579,.T.);
#3210=CARTESIAN_POINT('',(0.267872352600098,0.79,0.0));
#3211=DIRECTION('',(-0.968917661143726,-0.247383439065293,-0.0));
#3212=DIRECTION('',(-0.247383439065293,0.968917661143726,0.0));
#3213=SURFACE_STYLE_FILL_AREA(#4580);
#3214=ORIENTED_EDGE('',*,*,#4581,.T.);
#3215=ORIENTED_EDGE('',*,*,#4507,.F.);
#3216=ORIENTED_EDGE('',*,*,#4577,.F.);
#3217=ORIENTED_EDGE('',*,*,#4582,.T.);
#3218=CARTESIAN_POINT('',(0.250851078033447,0.856666603088379,0.0));
#3219=DIRECTION('',(-0.826599278799619,-0.562790931241744,-0.0));
#3220=DIRECTION('',(-0.562790931241744,0.826599278799619,0.0));
#3221=SURFACE_STYLE_FILL_AREA(#4583);
#3222=ORIENTED_EDGE('',*,*,#4584,.T.);
#3223=ORIENTED_EDGE('',*,*,#4508,.F.);
#3224=ORIENTED_EDGE('',*,*,#4581,.F.);
#3225=ORIENTED_EDGE('',*,*,#4585,.T.);
#3226=CARTESIAN_POINT('',(0.216808528900146,0.906666603088379,0.0));
#3227=DIRECTION('',(-0.546622919779362,-0.837378876955877,-0.0));
#3228=DIRECTION('',(-0.837378876955877,0.546622919779362,0.0));
#3229=SURFACE_STYLE_FILL_AREA(#4586);
#3230=ORIENTED_EDGE('',*,*,#4587,.T.);
#3231=ORIENTED_EDGE('',*,*,#4509,.F.);
#3232=ORIENTED_EDGE('',*,*,#4584,.F.);
#3233=ORIENTED_EDGE('',*,*,#4588,.T.);
#3234=CARTESIAN_POINT('',(0.165744657516479,0.94,0.0));
#3235=DIRECTION('',(-0.237770496720646,-0.971321363344397,-0.0));
#3236=DIRECTION('',(-0.971321363344397,0.237770496720646,0.0));
#3237=SURFACE_STYLE_FILL_AREA(#4589);
#3238=ORIENTED_EDGE('',*,*,#4590,.T.);
#3239=ORIENTED_EDGE('',*,*,#4510,.F.);
#3240=ORIENTED_EDGE('',*,*,#4587,.F.);
#3241=ORIENTED_EDGE('',*,*,#4591,.T.);
#3242=CARTESIAN_POINT('',(0.0976595592498778,0.956666603088378,0.0));
#3243=DIRECTION('',(-0.0,-1.0,-0.0));
#3244=DIRECTION('',(-1.0,0.0,0.0));
#3245=SURFACE_STYLE_FILL_AREA(#4592);
#3246=ORIENTED_EDGE('',*,*,#4593,.T.);
#3247=ORIENTED_EDGE('',*,*,#4511,.F.);
#3248=ORIENTED_EDGE('',*,*,#4590,.F.);
#3249=ORIENTED_EDGE('',*,*,#4594,.T.);
#3250=CARTESIAN_POINT('',(-0.157659583091736,0.956666603088378,0.0));
#3251=DIRECTION('',(0.237770496720646,-0.971321363344397,0.0));
#3252=DIRECTION('',(-0.971321363344397,-0.237770496720646,0.0));
#3253=SURFACE_STYLE_FILL_AREA(#4595);
#3254=ORIENTED_EDGE('',*,*,#4596,.T.);
#3255=ORIENTED_EDGE('',*,*,#4512,.F.);
#3256=ORIENTED_EDGE('',*,*,#4593,.F.);
#3257=ORIENTED_EDGE('',*,*,#4597,.T.);
#3258=CARTESIAN_POINT('',(-0.225744681358337,0.94,0.0));
#3259=DIRECTION('',(0.546623277701382,-0.837378643311972,0.0));
#3260=DIRECTION('',(-0.837378643311972,-0.546623277701382,0.0));
#3261=SURFACE_STYLE_FILL_AREA(#4598);
#3262=ORIENTED_EDGE('',*,*,#4599,.T.);
#3263=ORIENTED_EDGE('',*,*,#4513,.F.);
#3264=ORIENTED_EDGE('',*,*,#4596,.F.);
#3265=ORIENTED_EDGE('',*,*,#4600,.T.);
#3266=CARTESIAN_POINT('',(-0.276808505058289,0.906666603088379,0.0));
#3267=DIRECTION('',(0.826599187119065,-0.562791065897551,0.0));
#3268=DIRECTION('',(-0.562791065897551,-0.826599187119065,0.0));
#3269=SURFACE_STYLE_FILL_AREA(#4601);
#3270=ORIENTED_EDGE('',*,*,#4602,.T.);
#3271=ORIENTED_EDGE('',*,*,#4514,.F.);
#3272=ORIENTED_EDGE('',*,*,#4599,.F.);
#3273=ORIENTED_EDGE('',*,*,#4603,.T.);
#3274=CARTESIAN_POINT('',(-0.310851066112518,0.856666603088379,0.0));
#3275=DIRECTION('',(0.968917661143726,-0.247383439065293,0.0));
#3276=DIRECTION('',(-0.247383439065293,-0.968917661143726,0.0));
#3277=SURFACE_STYLE_FILL_AREA(#4604);
#3278=ORIENTED_EDGE('',*,*,#4605,.T.);
#3279=ORIENTED_EDGE('',*,*,#4515,.F.);
#3280=ORIENTED_EDGE('',*,*,#4602,.F.);
#3281=ORIENTED_EDGE('',*,*,#4606,.T.);
#3282=CARTESIAN_POINT('',(-0.327872340679169,0.79,0.0));
#3283=DIRECTION('',(1.0,0.0,0.0));
#3284=DIRECTION('',(0.0,-1.0,0.0));
#3285=SURFACE_STYLE_FILL_AREA(#4607);
#3286=ORIENTED_EDGE('',*,*,#4608,.T.);
#3287=ORIENTED_EDGE('',*,*,#4516,.F.);
#3288=ORIENTED_EDGE('',*,*,#4605,.F.);
#3289=ORIENTED_EDGE('',*,*,#4609,.T.);
#3290=CARTESIAN_POINT('',(-0.327872340679169,0.49,0.0));
#3291=DIRECTION('',(-0.0,1.0,0.0));
#3292=DIRECTION('',(1.0,0.0,0.0));
#3293=SURFACE_STYLE_FILL_AREA(#4610);
#3294=ORIENTED_EDGE('',*,*,#4578,.T.);
#3295=ORIENTED_EDGE('',*,*,#4517,.F.);
#3296=ORIENTED_EDGE('',*,*,#4608,.F.);
#3297=ORIENTED_EDGE('',*,*,#4611,.T.);
#3298=CARTESIAN_POINT('',(0.267872352600098,0.49,0.0));
#3299=DIRECTION('',(-1.0,0.0,0.0));
#3300=DIRECTION('',(0.0,1.0,0.0));
#3301=SURFACE_STYLE_FILL_AREA(#4612);
#3302=ORIENTED_EDGE('',*,*,#4549,.T.);
#3303=ORIENTED_EDGE('',*,*,#4546,.F.);
#3304=ORIENTED_EDGE('',*,*,#4539,.F.);
#3305=ORIENTED_EDGE('',*,*,#4520,.T.);
#3306=CARTESIAN_POINT('',(1.94,0.5,0.0));
#3307=DIRECTION('',(-0.0,1.0,0.0));
#3308=DIRECTION('',(1.0,0.0,0.0));
#3309=SURFACE_STYLE_FILL_AREA(#4613);
#3310=ORIENTED_EDGE('',*,*,#4524,.T.);
#3311=ORIENTED_EDGE('',*,*,#4537,.T.);
#3312=ORIENTED_EDGE('',*,*,#4534,.F.);
#3313=ORIENTED_EDGE('',*,*,#4528,.F.);
#3314=CARTESIAN_POINT('',(-3.14,0.5,0.0));
#3315=DIRECTION('',(-0.0,1.0,0.0));
#3316=DIRECTION('',(1.0,0.0,0.0));
#3317=SURFACE_STYLE_FILL_AREA(#4614);
#3318=ORIENTED_EDGE('',*,*,#4615,.T.);
#3319=ORIENTED_EDGE('',*,*,#4530,.F.);
#3320=ORIENTED_EDGE('',*,*,#4616,.F.);
#3321=ORIENTED_EDGE('',*,*,#4617,.T.);
#3322=CARTESIAN_POINT('',(-2.015,-0.725,4.9));
#3323=DIRECTION('',(1.0,0.0,0.0));
#3324=DIRECTION('',(0.0,1.0,0.0));
#3325=SURFACE_STYLE_FILL_AREA(#4618);
#3326=ORIENTED_EDGE('',*,*,#4619,.T.);
#3327=ORIENTED_EDGE('',*,*,#4531,.F.);
#3328=ORIENTED_EDGE('',*,*,#4615,.F.);
#3329=ORIENTED_EDGE('',*,*,#4620,.T.);
#3330=CARTESIAN_POINT('',(-2.015,0.324999999999999,4.9));
#3331=DIRECTION('',(0.0,1.0,-0.0));
#3332=DIRECTION('',(-1.0,0.0,0.0));
#3333=SURFACE_STYLE_FILL_AREA(#4621);
#3334=ORIENTED_EDGE('',*,*,#4622,.T.);
#3335=ORIENTED_EDGE('',*,*,#4532,.F.);
#3336=ORIENTED_EDGE('',*,*,#4619,.F.);
#3337=ORIENTED_EDGE('',*,*,#4623,.T.);
#3338=CARTESIAN_POINT('',(-3.065,0.324999999999999,4.9));
#3339=DIRECTION('',(-1.0,0.0,0.0));
#3340=DIRECTION('',(0.0,-1.0,0.0));
#3341=SURFACE_STYLE_FILL_AREA(#4624);
#3342=ORIENTED_EDGE('',*,*,#4616,.T.);
#3343=ORIENTED_EDGE('',*,*,#4533,.F.);
#3344=ORIENTED_EDGE('',*,*,#4622,.F.);
#3345=ORIENTED_EDGE('',*,*,#4625,.T.);
#3346=CARTESIAN_POINT('',(-3.065,-0.725,4.9));
#3347=DIRECTION('',(0.0,-1.0,0.0));
#3348=DIRECTION('',(1.0,0.0,0.0));
#3349=SURFACE_STYLE_FILL_AREA(#4626);
#3350=ORIENTED_EDGE('',*,*,#4627,.T.);
#3351=ORIENTED_EDGE('',*,*,#4628,.T.);
#3352=ORIENTED_EDGE('',*,*,#4542,.F.);
#3353=ORIENTED_EDGE('',*,*,#4629,.F.);
#3354=CARTESIAN_POINT('',(3.065,-0.725,4.9));
#3355=DIRECTION('',(1.0,0.0,0.0));
#3356=DIRECTION('',(0.0,1.0,0.0));
#3357=SURFACE_STYLE_FILL_AREA(#4630);
#3358=ORIENTED_EDGE('',*,*,#4631,.T.);
#3359=ORIENTED_EDGE('',*,*,#4632,.T.);
#3360=ORIENTED_EDGE('',*,*,#4543,.F.);
#3361=ORIENTED_EDGE('',*,*,#4628,.F.);
#3362=CARTESIAN_POINT('',(3.065,0.324999999999999,4.9));
#3363=DIRECTION('',(0.0,1.0,-0.0));
#3364=DIRECTION('',(-1.0,0.0,0.0));
#3365=SURFACE_STYLE_FILL_AREA(#4633);
#3366=ORIENTED_EDGE('',*,*,#4544,.F.);
#3367=ORIENTED_EDGE('',*,*,#4632,.F.);
#3368=ORIENTED_EDGE('',*,*,#4634,.T.);
#3369=ORIENTED_EDGE('',*,*,#4635,.T.);
#3370=CARTESIAN_POINT('',(2.015,0.324999999999999,4.9));
#3371=DIRECTION('',(-1.0,0.0,0.0));
#3372=DIRECTION('',(0.0,-1.0,0.0));
#3373=SURFACE_STYLE_FILL_AREA(#4636);
#3374=ORIENTED_EDGE('',*,*,#4637,.T.);
#3375=ORIENTED_EDGE('',*,*,#4629,.T.);
#3376=ORIENTED_EDGE('',*,*,#4545,.F.);
#3377=ORIENTED_EDGE('',*,*,#4635,.F.);
#3378=CARTESIAN_POINT('',(2.015,-0.725,4.9));
#3379=DIRECTION('',(0.0,-1.0,0.0));
#3380=DIRECTION('',(1.0,0.0,0.0));
#3381=SURFACE_STYLE_FILL_AREA(#4638);
#3382=ORIENTED_EDGE('',*,*,#4551,.F.);
#3383=ORIENTED_EDGE('',*,*,#4575,.T.);
#3384=ORIENTED_EDGE('',*,*,#4639,.F.);
#3385=ORIENTED_EDGE('',*,*,#4640,.F.);
#3386=CARTESIAN_POINT('',(3.74,4.2,12.0));
#3387=DIRECTION('',(0.98058067569092,0.0,-0.196116135138184));
#3388=DIRECTION('',(-0.196116135138184,0.0,-0.98058067569092));
#3389=SURFACE_STYLE_FILL_AREA(#4641);
#3390=ORIENTED_EDGE('',*,*,#4642,.F.);
#3391=ORIENTED_EDGE('',*,*,#4552,.F.);
#3392=ORIENTED_EDGE('',*,*,#4640,.T.);
#3393=ORIENTED_EDGE('',*,*,#4643,.F.);
#3394=CARTESIAN_POINT('',(-5.08,3.1,12.0));
#3395=DIRECTION('',(0.0,0.966234939601246,-0.257662650560332));
#3396=DIRECTION('',(0.0,-0.257662650560332,-0.966234939601246));
#3397=SURFACE_STYLE_FILL_AREA(#4644);
#3398=ORIENTED_EDGE('',*,*,#4642,.T.);
#3399=ORIENTED_EDGE('',*,*,#4645,.F.);
#3400=ORIENTED_EDGE('',*,*,#4646,.F.);
#3401=ORIENTED_EDGE('',*,*,#4647,.T.);
#3402=ORIENTED_EDGE('',*,*,#4648,.F.);
#3403=ORIENTED_EDGE('',*,*,#4649,.F.);
#3404=ORIENTED_EDGE('',*,*,#4650,.F.);
#3405=ORIENTED_EDGE('',*,*,#4651,.T.);
#3406=ORIENTED_EDGE('',*,*,#4553,.T.);
#3407=CARTESIAN_POINT('',(5.23,0.0,0.0));
#3408=DIRECTION('',(-1.0,0.0,0.0));
#3409=DIRECTION('',(0.0,-1.0,0.0));
#3410=SURFACE_STYLE_FILL_AREA(#4652);
#3411=ORIENTED_EDGE('',*,*,#4651,.F.);
#3412=ORIENTED_EDGE('',*,*,#4653,.T.);
#3413=ORIENTED_EDGE('',*,*,#4654,.T.);
#3414=ORIENTED_EDGE('',*,*,#4554,.F.);
#3415=CARTESIAN_POINT('',(-5.08,-2.45,12.0));
#3416=DIRECTION('',(0.0,-1.0,0.0));
#3417=DIRECTION('',(1.0,0.0,0.0));
#3418=SURFACE_STYLE_FILL_AREA(#4655);
#3419=ORIENTED_EDGE('',*,*,#4656,.T.);
#3420=ORIENTED_EDGE('',*,*,#4657,.F.);
#3421=ORIENTED_EDGE('',*,*,#4658,.F.);
#3422=ORIENTED_EDGE('',*,*,#4555,.T.);
#3423=ORIENTED_EDGE('',*,*,#4654,.F.);
#3424=ORIENTED_EDGE('',*,*,#4659,.F.);
#3425=ORIENTED_EDGE('',*,*,#4660,.F.);
#3426=ORIENTED_EDGE('',*,*,#4661,.F.);
#3427=CARTESIAN_POINT('',(2.54,-1.07023809523809,12.0));
#3428=DIRECTION('',(0.0,0.0,1.0));
#3429=DIRECTION('',(1.0,0.0,0.0));
#3430=SURFACE_STYLE_FILL_AREA(#4662);
#3431=ORIENTED_EDGE('',*,*,#4663,.T.);
#3432=ORIENTED_EDGE('',*,*,#4556,.T.);
#3433=ORIENTED_EDGE('',*,*,#4658,.T.);
#3434=ORIENTED_EDGE('',*,*,#4664,.F.);
#3435=CARTESIAN_POINT('',(-5.08,-2.45,12.0));
#3436=DIRECTION('',(0.0,-1.0,0.0));
#3437=DIRECTION('',(1.0,0.0,0.0));
#3438=SURFACE_STYLE_FILL_AREA(#4665);
#3439=ORIENTED_EDGE('',*,*,#4666,.T.);
#3440=ORIENTED_EDGE('',*,*,#4667,.F.);
#3441=ORIENTED_EDGE('',*,*,#4668,.F.);
#3442=ORIENTED_EDGE('',*,*,#4557,.T.);
#3443=ORIENTED_EDGE('',*,*,#4663,.F.);
#3444=ORIENTED_EDGE('',*,*,#4669,.F.);
#3445=ORIENTED_EDGE('',*,*,#4670,.F.);
#3446=ORIENTED_EDGE('',*,*,#4671,.F.);
#3447=CARTESIAN_POINT('',(-2.54,-1.07023809523809,12.0));
#3448=DIRECTION('',(0.0,0.0,1.0));
#3449=DIRECTION('',(1.0,0.0,0.0));
#3450=SURFACE_STYLE_FILL_AREA(#4672);
#3451=ORIENTED_EDGE('',*,*,#4673,.T.);
#3452=ORIENTED_EDGE('',*,*,#4558,.F.);
#3453=ORIENTED_EDGE('',*,*,#4668,.T.);
#3454=ORIENTED_EDGE('',*,*,#4674,.T.);
#3455=CARTESIAN_POINT('',(-5.08,-2.45,12.0));
#3456=DIRECTION('',(0.0,-1.0,0.0));
#3457=DIRECTION('',(1.0,0.0,0.0));
#3458=SURFACE_STYLE_FILL_AREA(#4675);
#3459=ORIENTED_EDGE('',*,*,#4676,.F.);
#3460=ORIENTED_EDGE('',*,*,#4677,.T.);
#3461=ORIENTED_EDGE('',*,*,#4678,.T.);
#3462=ORIENTED_EDGE('',*,*,#4679,.F.);
#3463=ORIENTED_EDGE('',*,*,#4559,.F.);
#3464=ORIENTED_EDGE('',*,*,#4673,.F.);
#3465=ORIENTED_EDGE('',*,*,#4680,.T.);
#3466=ORIENTED_EDGE('',*,*,#4681,.T.);
#3467=ORIENTED_EDGE('',*,*,#4682,.T.);
#3468=CARTESIAN_POINT('',(-5.23,0.0,0.0));
#3469=DIRECTION('',(-1.0,0.0,0.0));
#3470=DIRECTION('',(0.0,-1.0,0.0));
#3471=SURFACE_STYLE_FILL_AREA(#4683);
#3472=ORIENTED_EDGE('',*,*,#4679,.T.);
#3473=ORIENTED_EDGE('',*,*,#4684,.F.);
#3474=ORIENTED_EDGE('',*,*,#4685,.T.);
#3475=ORIENTED_EDGE('',*,*,#4560,.F.);
#3476=CARTESIAN_POINT('',(-5.08,3.1,12.0));
#3477=DIRECTION('',(0.0,0.966234939601246,-0.257662650560332));
#3478=DIRECTION('',(0.0,-0.257662650560332,-0.966234939601246));
#3479=SURFACE_STYLE_FILL_AREA(#4686);
#3480=ORIENTED_EDGE('',*,*,#4687,.T.);
#3481=ORIENTED_EDGE('',*,*,#4573,.T.);
#3482=ORIENTED_EDGE('',*,*,#4561,.T.);
#3483=ORIENTED_EDGE('',*,*,#4685,.F.);
#3484=CARTESIAN_POINT('',(-3.44,4.2,10.5));
#3485=DIRECTION('',(-0.98058067569092,0.0,-0.196116135138183));
#3486=DIRECTION('',(-0.196116135138183,0.0,0.98058067569092));
#3487=SURFACE_STYLE_FILL_AREA(#4688);
#3488=ORIENTED_EDGE('',*,*,#4689,.T.);
#3489=ORIENTED_EDGE('',*,*,#4690,.T.);
#3490=ORIENTED_EDGE('',*,*,#4566,.F.);
#3491=ORIENTED_EDGE('',*,*,#4687,.F.);
#3492=CARTESIAN_POINT('',(-3.44,2.7,10.5));
#3493=DIRECTION('',(0.0,0.0,-1.0));
#3494=DIRECTION('',(0.0,1.0,0.0));
#3495=SURFACE_STYLE_FILL_AREA(#4691);
#3496=ORIENTED_EDGE('',*,*,#4692,.F.);
#3497=ORIENTED_EDGE('',*,*,#4567,.T.);
#3498=ORIENTED_EDGE('',*,*,#4693,.F.);
#3499=ORIENTED_EDGE('',*,*,#4694,.T.);
#3500=CARTESIAN_POINT('',(-5.08,4.2,10.5));
#3501=DIRECTION('',(-0.0,-0.966234939601246,-0.257662650560332));
#3502=DIRECTION('',(0.0,-0.257662650560332,0.966234939601246));
#3503=SURFACE_STYLE_FILL_AREA(#4695);
#3504=ORIENTED_EDGE('',*,*,#4696,.T.);
#3505=ORIENTED_EDGE('',*,*,#4639,.T.);
#3506=ORIENTED_EDGE('',*,*,#4568,.F.);
#3507=ORIENTED_EDGE('',*,*,#4697,.F.);
#3508=CARTESIAN_POINT('',(1.64,2.7,10.5));
#3509=DIRECTION('',(0.0,0.0,-1.0));
#3510=DIRECTION('',(0.0,1.0,0.0));
#3511=SURFACE_STYLE_FILL_AREA(#4698);
#3512=ORIENTED_EDGE('',*,*,#4609,.F.);
#3513=ORIENTED_EDGE('',*,*,#4606,.F.);
#3514=ORIENTED_EDGE('',*,*,#4603,.F.);
#3515=ORIENTED_EDGE('',*,*,#4600,.F.);
#3516=ORIENTED_EDGE('',*,*,#4597,.F.);
#3517=ORIENTED_EDGE('',*,*,#4594,.F.);
#3518=ORIENTED_EDGE('',*,*,#4591,.F.);
#3519=ORIENTED_EDGE('',*,*,#4588,.F.);
#3520=ORIENTED_EDGE('',*,*,#4585,.F.);
#3521=ORIENTED_EDGE('',*,*,#4582,.F.);
#3522=ORIENTED_EDGE('',*,*,#4579,.F.);
#3523=ORIENTED_EDGE('',*,*,#4611,.F.);
#3524=CARTESIAN_POINT('',(0.0,0.0,0.0));
#3525=DIRECTION('',(0.0,0.0,1.0));
#3526=DIRECTION('',(1.0,0.0,0.0));
#3527=SURFACE_STYLE_FILL_AREA(#4699);
#3528=ORIENTED_EDGE('',*,*,#4623,.F.);
#3529=ORIENTED_EDGE('',*,*,#4620,.F.);
#3530=ORIENTED_EDGE('',*,*,#4617,.F.);
#3531=ORIENTED_EDGE('',*,*,#4625,.F.);
#3532=ORIENTED_EDGE('',*,*,#4104,.T.);
#3533=ORIENTED_EDGE('',*,*,#4700,.T.);
#3534=ORIENTED_EDGE('',*,*,#4099,.T.);
#3535=ORIENTED_EDGE('',*,*,#4701,.T.);
#3536=CARTESIAN_POINT('',(0.0,0.0,4.9));
#3537=DIRECTION('',(0.0,0.0,1.0));
#3538=DIRECTION('',(1.0,0.0,0.0));
#3539=SURFACE_STYLE_FILL_AREA(#4702);
#3540=ORIENTED_EDGE('',*,*,#4634,.F.);
#3541=ORIENTED_EDGE('',*,*,#4631,.F.);
#3542=ORIENTED_EDGE('',*,*,#4627,.F.);
#3543=ORIENTED_EDGE('',*,*,#4637,.F.);
#3544=ORIENTED_EDGE('',*,*,#4094,.T.);
#3545=ORIENTED_EDGE('',*,*,#4703,.T.);
#3546=ORIENTED_EDGE('',*,*,#4089,.T.);
#3547=ORIENTED_EDGE('',*,*,#4704,.T.);
#3548=CARTESIAN_POINT('',(5.08,0.0,4.9));
#3549=DIRECTION('',(0.0,0.0,1.0));
#3550=DIRECTION('',(1.0,0.0,0.0));
#3551=SURFACE_STYLE_FILL_AREA(#4705);
#3552=ORIENTED_EDGE('',*,*,#4643,.T.);
#3553=ORIENTED_EDGE('',*,*,#4696,.F.);
#3554=ORIENTED_EDGE('',*,*,#4706,.T.);
#3555=ORIENTED_EDGE('',*,*,#4689,.F.);
#3556=ORIENTED_EDGE('',*,*,#4684,.T.);
#3557=ORIENTED_EDGE('',*,*,#4678,.F.);
#3558=ORIENTED_EDGE('',*,*,#4707,.F.);
#3559=ORIENTED_EDGE('',*,*,#4708,.F.);
#3560=ORIENTED_EDGE('',*,*,#4709,.F.);
#3561=ORIENTED_EDGE('',*,*,#4710,.T.);
#3562=ORIENTED_EDGE('',*,*,#4711,.F.);
#3563=ORIENTED_EDGE('',*,*,#4712,.F.);
#3564=ORIENTED_EDGE('',*,*,#4713,.F.);
#3565=ORIENTED_EDGE('',*,*,#4714,.T.);
#3566=ORIENTED_EDGE('',*,*,#4715,.F.);
#3567=ORIENTED_EDGE('',*,*,#4645,.T.);
#3568=CARTESIAN_POINT('',(5.08000000000001,2.7,12.0));
#3569=DIRECTION('',(0.0,1.0,-0.0));
#3570=DIRECTION('',(-1.0,0.0,0.0));
#3571=SURFACE_STYLE_FILL_AREA(#4716);
#3572=ORIENTED_EDGE('',*,*,#4646,.T.);
#3573=ORIENTED_EDGE('',*,*,#4715,.T.);
#3574=ORIENTED_EDGE('',*,*,#4717,.T.);
#3575=ORIENTED_EDGE('',*,*,#4718,.T.);
#3576=CARTESIAN_POINT('',(0.0,0.0,1.4));
#3577=DIRECTION('',(0.0,0.0,1.0));
#3578=DIRECTION('',(1.0,0.0,0.0));
#3579=SURFACE_STYLE_FILL_AREA(#4719);
#3580=ORIENTED_EDGE('',*,*,#4718,.F.);
#3581=ORIENTED_EDGE('',*,*,#4720,.F.);
#3582=ORIENTED_EDGE('',*,*,#4721,.F.);
#3583=ORIENTED_EDGE('',*,*,#4647,.F.);
#3584=CARTESIAN_POINT('',(3.44,0.5,3.4));
#3585=DIRECTION('',(0.0,-1.0,0.0));
#3586=DIRECTION('',(1.0,0.0,0.0));
#3587=SURFACE_STYLE_FILL_AREA(#4722);
#3588=ORIENTED_EDGE('',*,*,#4648,.T.);
#3589=ORIENTED_EDGE('',*,*,#4721,.T.);
#3590=ORIENTED_EDGE('',*,*,#4723,.F.);
#3591=ORIENTED_EDGE('',*,*,#4713,.T.);
#3592=ORIENTED_EDGE('',*,*,#4724,.T.);
#3593=ORIENTED_EDGE('',*,*,#4725,.T.);
#3594=ORIENTED_EDGE('',*,*,#4726,.F.);
#3595=ORIENTED_EDGE('',*,*,#4709,.T.);
#3596=ORIENTED_EDGE('',*,*,#4727,.T.);
#3597=ORIENTED_EDGE('',*,*,#4728,.T.);
#3598=ORIENTED_EDGE('',*,*,#4682,.F.);
#3599=ORIENTED_EDGE('',*,*,#4729,.F.);
#3600=ORIENTED_EDGE('',*,*,#4730,.F.);
#3601=ORIENTED_EDGE('',*,*,#4671,.T.);
#3602=ORIENTED_EDGE('',*,*,#4731,.F.);
#3603=ORIENTED_EDGE('',*,*,#4732,.T.);
#3604=ORIENTED_EDGE('',*,*,#4733,.F.);
#3605=ORIENTED_EDGE('',*,*,#4661,.T.);
#3606=ORIENTED_EDGE('',*,*,#4734,.F.);
#3607=ORIENTED_EDGE('',*,*,#4735,.F.);
#3608=ORIENTED_EDGE('',*,*,#4736,.F.);
#3609=ORIENTED_EDGE('',*,*,#4737,.F.);
#3610=ORIENTED_EDGE('',*,*,#4738,.F.);
#3611=ORIENTED_EDGE('',*,*,#4739,.F.);
#3612=CARTESIAN_POINT('',(0.0,0.0,3.4));
#3613=DIRECTION('',(0.0,0.0,1.0));
#3614=DIRECTION('',(1.0,0.0,0.0));
#3615=SURFACE_STYLE_FILL_AREA(#4740);
#3616=ORIENTED_EDGE('',*,*,#4735,.T.);
#3617=ORIENTED_EDGE('',*,*,#4741,.T.);
#3618=ORIENTED_EDGE('',*,*,#4742,.F.);
#3619=ORIENTED_EDGE('',*,*,#4649,.T.);
#3620=CARTESIAN_POINT('',(5.08,-0.900000000000001,3.4));
#3621=DIRECTION('',(0.0,1.0,-0.0));
#3622=DIRECTION('',(-1.0,0.0,0.0));
#3623=SURFACE_STYLE_FILL_AREA(#4743);
#3624=ORIENTED_EDGE('',*,*,#4650,.T.);
#3625=ORIENTED_EDGE('',*,*,#4742,.T.);
#3626=ORIENTED_EDGE('',*,*,#4744,.T.);
#3627=ORIENTED_EDGE('',*,*,#4659,.T.);
#3628=ORIENTED_EDGE('',*,*,#4653,.F.);
#3629=CARTESIAN_POINT('',(0.0,0.0,1.4));
#3630=DIRECTION('',(0.0,0.0,1.0));
#3631=DIRECTION('',(1.0,0.0,0.0));
#3632=SURFACE_STYLE_FILL_AREA(#4745);
#3633=ORIENTED_EDGE('',*,*,#4733,.T.);
#3634=ORIENTED_EDGE('',*,*,#4746,.T.);
#3635=ORIENTED_EDGE('',*,*,#4747,.F.);
#3636=ORIENTED_EDGE('',*,*,#4656,.F.);
#3637=CARTESIAN_POINT('',(1.64,-3.32717028602988,3.4));
#3638=DIRECTION('',(1.0,0.0,0.0));
#3639=DIRECTION('',(0.0,1.0,0.0));
#3640=SURFACE_STYLE_FILL_AREA(#4748);
#3641=ORIENTED_EDGE('',*,*,#4749,.T.);
#3642=ORIENTED_EDGE('',*,*,#4669,.T.);
#3643=ORIENTED_EDGE('',*,*,#4664,.T.);
#3644=ORIENTED_EDGE('',*,*,#4657,.T.);
#3645=ORIENTED_EDGE('',*,*,#4747,.T.);
#3646=ORIENTED_EDGE('',*,*,#4750,.T.);
#3647=CARTESIAN_POINT('',(0.0,0.0,1.4));
#3648=DIRECTION('',(0.0,0.0,1.0));
#3649=DIRECTION('',(1.0,0.0,0.0));
#3650=SURFACE_STYLE_FILL_AREA(#4751);
#3651=ORIENTED_EDGE('',*,*,#4744,.F.);
#3652=ORIENTED_EDGE('',*,*,#4741,.F.);
#3653=ORIENTED_EDGE('',*,*,#4734,.T.);
#3654=ORIENTED_EDGE('',*,*,#4660,.T.);
#3655=CARTESIAN_POINT('',(3.44,-0.900000000000001,3.4));
#3656=DIRECTION('',(-1.0,1.82965823373052E-16,0.0));
#3657=DIRECTION('',(-1.82965823373052E-16,-1.0,0.0));
#3658=SURFACE_STYLE_FILL_AREA(#4752);
#3659=ORIENTED_EDGE('',*,*,#4753,.T.);
#3660=ORIENTED_EDGE('',*,*,#4754,.F.);
#3661=ORIENTED_EDGE('',*,*,#4666,.F.);
#3662=ORIENTED_EDGE('',*,*,#4730,.T.);
#3663=CARTESIAN_POINT('',(-3.44,-3.32717028602988,3.4));
#3664=DIRECTION('',(1.0,0.0,0.0));
#3665=DIRECTION('',(0.0,1.0,0.0));
#3666=SURFACE_STYLE_FILL_AREA(#4755);
#3667=ORIENTED_EDGE('',*,*,#4680,.F.);
#3668=ORIENTED_EDGE('',*,*,#4674,.F.);
#3669=ORIENTED_EDGE('',*,*,#4667,.T.);
#3670=ORIENTED_EDGE('',*,*,#4754,.T.);
#3671=ORIENTED_EDGE('',*,*,#4756,.T.);
#3672=CARTESIAN_POINT('',(0.0,0.0,1.4));
#3673=DIRECTION('',(0.0,0.0,1.0));
#3674=DIRECTION('',(1.0,0.0,0.0));
#3675=SURFACE_STYLE_FILL_AREA(#4757);
#3676=ORIENTED_EDGE('',*,*,#4670,.T.);
#3677=ORIENTED_EDGE('',*,*,#4749,.F.);
#3678=ORIENTED_EDGE('',*,*,#4758,.F.);
#3679=ORIENTED_EDGE('',*,*,#4731,.T.);
#3680=CARTESIAN_POINT('',(-1.64,-0.900000000000001,3.4));
#3681=DIRECTION('',(-1.0,1.82965823373052E-16,0.0));
#3682=DIRECTION('',(-1.82965823373052E-16,-1.0,0.0));
#3683=SURFACE_STYLE_FILL_AREA(#4759);
#3684=ORIENTED_EDGE('',*,*,#4728,.F.);
#3685=ORIENTED_EDGE('',*,*,#4760,.T.);
#3686=ORIENTED_EDGE('',*,*,#4761,.F.);
#3687=ORIENTED_EDGE('',*,*,#4676,.T.);
#3688=CARTESIAN_POINT('',(-5.08,0.5,3.4));
#3689=DIRECTION('',(0.0,-1.0,0.0));
#3690=DIRECTION('',(1.0,0.0,0.0));
#3691=SURFACE_STYLE_FILL_AREA(#4762);
#3692=ORIENTED_EDGE('',*,*,#4677,.F.);
#3693=ORIENTED_EDGE('',*,*,#4761,.T.);
#3694=ORIENTED_EDGE('',*,*,#4763,.T.);
#3695=ORIENTED_EDGE('',*,*,#4707,.T.);
#3696=CARTESIAN_POINT('',(0.0,0.0,1.4));
#3697=DIRECTION('',(0.0,0.0,1.0));
#3698=DIRECTION('',(1.0,0.0,0.0));
#3699=SURFACE_STYLE_FILL_AREA(#4764);
#3700=ORIENTED_EDGE('',*,*,#4756,.F.);
#3701=ORIENTED_EDGE('',*,*,#4753,.F.);
#3702=ORIENTED_EDGE('',*,*,#4729,.T.);
#3703=ORIENTED_EDGE('',*,*,#4681,.F.);
#3704=CARTESIAN_POINT('',(-3.44,-0.900000000000001,3.4));
#3705=DIRECTION('',(0.0,1.0,-0.0));
#3706=DIRECTION('',(-1.0,0.0,0.0));
#3707=SURFACE_STYLE_FILL_AREA(#4765);
#3708=ORIENTED_EDGE('',*,*,#4766,.F.);
#3709=ORIENTED_EDGE('',*,*,#4693,.T.);
#3710=ORIENTED_EDGE('',*,*,#4690,.F.);
#3711=ORIENTED_EDGE('',*,*,#4767,.F.);
#3712=CARTESIAN_POINT('',(-1.34,4.2,12.0));
#3713=DIRECTION('',(0.98058067569092,0.0,-0.196116135138184));
#3714=DIRECTION('',(-0.196116135138184,0.0,-0.98058067569092));
#3715=SURFACE_STYLE_FILL_AREA(#4768);
#3716=ORIENTED_EDGE('',*,*,#4697,.T.);
#3717=ORIENTED_EDGE('',*,*,#4692,.T.);
#3718=ORIENTED_EDGE('',*,*,#4769,.T.);
#3719=ORIENTED_EDGE('',*,*,#4770,.F.);
#3720=CARTESIAN_POINT('',(1.64,4.2,10.5));
#3721=DIRECTION('',(-0.98058067569092,0.0,-0.196116135138183));
#3722=DIRECTION('',(-0.196116135138183,0.0,0.98058067569092));
#3723=SURFACE_STYLE_FILL_AREA(#4771);
#3724=ORIENTED_EDGE('',*,*,#4769,.F.);
#3725=ORIENTED_EDGE('',*,*,#4694,.F.);
#3726=ORIENTED_EDGE('',*,*,#4766,.T.);
#3727=ORIENTED_EDGE('',*,*,#4772,.T.);
#3728=CARTESIAN_POINT('',(0.0,0.0,12.0));
#3729=DIRECTION('',(0.0,0.0,1.0));
#3730=DIRECTION('',(1.0,0.0,0.0));
#3731=SURFACE_STYLE_FILL_AREA(#4773);
#3732=ORIENTED_EDGE('',*,*,#4103,.T.);
#3733=ORIENTED_EDGE('',*,*,#4774,.T.);
#3734=ORIENTED_EDGE('',*,*,#4100,.F.);
#3735=ORIENTED_EDGE('',*,*,#4700,.F.);
#3736=CARTESIAN_POINT('',(-2.54,-0.200000000000001,4.8));
#3737=DIRECTION('',(0.0,0.0,1.0));
#3738=DIRECTION('',(0.996852784657899,-0.0792750005978661,0.0));
#3739=SURFACE_STYLE_FILL_AREA(#4775);
#3740=ORIENTED_EDGE('',*,*,#4098,.T.);
#3741=ORIENTED_EDGE('',*,*,#4776,.T.);
#3742=ORIENTED_EDGE('',*,*,#4105,.F.);
#3743=ORIENTED_EDGE('',*,*,#4701,.F.);
#3744=CARTESIAN_POINT('',(-2.54,-0.200000000000001,4.8));
#3745=DIRECTION('',(0.0,0.0,1.0));
#3746=DIRECTION('',(-0.996852784657899,0.0792750005978663,0.0));
#3747=SURFACE_STYLE_FILL_AREA(#4777);
#3748=ORIENTED_EDGE('',*,*,#4093,.T.);
#3749=ORIENTED_EDGE('',*,*,#4778,.T.);
#3750=ORIENTED_EDGE('',*,*,#4090,.F.);
#3751=ORIENTED_EDGE('',*,*,#4703,.F.);
#3752=CARTESIAN_POINT('',(2.54,-0.200000000000001,4.8));
#3753=DIRECTION('',(0.0,0.0,1.0));
#3754=DIRECTION('',(0.996852784657899,-0.0792750005978661,0.0));
#3755=SURFACE_STYLE_FILL_AREA(#4779);
#3756=ORIENTED_EDGE('',*,*,#4088,.T.);
#3757=ORIENTED_EDGE('',*,*,#4780,.T.);
#3758=ORIENTED_EDGE('',*,*,#4095,.F.);
#3759=ORIENTED_EDGE('',*,*,#4704,.F.);
#3760=CARTESIAN_POINT('',(2.54,-0.200000000000001,4.8));
#3761=DIRECTION('',(0.0,0.0,1.0));
#3762=DIRECTION('',(-0.996852784657899,0.0792750005978663,0.0));
#3763=SURFACE_STYLE_FILL_AREA(#4781);
#3764=ORIENTED_EDGE('',*,*,#4767,.T.);
#3765=ORIENTED_EDGE('',*,*,#4706,.F.);
#3766=ORIENTED_EDGE('',*,*,#4770,.T.);
#3767=ORIENTED_EDGE('',*,*,#4772,.F.);
#3768=CARTESIAN_POINT('',(-5.08,3.1,12.0));
#3769=DIRECTION('',(0.0,0.966234939601246,-0.257662650560332));
#3770=DIRECTION('',(0.0,-0.257662650560332,-0.966234939601246));
#3771=SURFACE_STYLE_FILL_AREA(#4782);
#3772=ORIENTED_EDGE('',*,*,#4708,.T.);
#3773=ORIENTED_EDGE('',*,*,#4763,.F.);
#3774=ORIENTED_EDGE('',*,*,#4760,.F.);
#3775=ORIENTED_EDGE('',*,*,#4727,.F.);
#3776=CARTESIAN_POINT('',(-3.44,0.5,3.4));
#3777=DIRECTION('',(1.0,0.0,0.0));
#3778=DIRECTION('',(0.0,1.0,0.0));
#3779=SURFACE_STYLE_FILL_AREA(#4783);
#3780=ORIENTED_EDGE('',*,*,#4784,.T.);
#3781=ORIENTED_EDGE('',*,*,#4785,.F.);
#3782=ORIENTED_EDGE('',*,*,#4710,.F.);
#3783=ORIENTED_EDGE('',*,*,#4726,.T.);
#3784=CARTESIAN_POINT('',(-1.64,2.7,3.4));
#3785=DIRECTION('',(-1.0,1.00929365875014E-16,0.0));
#3786=DIRECTION('',(-1.00929365875014E-16,-1.0,0.0));
#3787=SURFACE_STYLE_FILL_AREA(#4786);
#3788=ORIENTED_EDGE('',*,*,#4785,.T.);
#3789=ORIENTED_EDGE('',*,*,#4787,.T.);
#3790=ORIENTED_EDGE('',*,*,#4788,.T.);
#3791=ORIENTED_EDGE('',*,*,#4711,.T.);
#3792=CARTESIAN_POINT('',(0.0,0.0,1.4));
#3793=DIRECTION('',(0.0,0.0,1.0));
#3794=DIRECTION('',(1.0,0.0,0.0));
#3795=SURFACE_STYLE_FILL_AREA(#4789);
#3796=ORIENTED_EDGE('',*,*,#4724,.F.);
#3797=ORIENTED_EDGE('',*,*,#4712,.T.);
#3798=ORIENTED_EDGE('',*,*,#4788,.F.);
#3799=ORIENTED_EDGE('',*,*,#4790,.F.);
#3800=CARTESIAN_POINT('',(1.64,0.5,3.4));
#3801=DIRECTION('',(1.0,0.0,0.0));
#3802=DIRECTION('',(0.0,1.0,0.0));
#3803=SURFACE_STYLE_FILL_AREA(#4791);
#3804=ORIENTED_EDGE('',*,*,#4723,.T.);
#3805=ORIENTED_EDGE('',*,*,#4720,.T.);
#3806=ORIENTED_EDGE('',*,*,#4717,.F.);
#3807=ORIENTED_EDGE('',*,*,#4714,.F.);
#3808=CARTESIAN_POINT('',(3.44,2.7,3.4));
#3809=DIRECTION('',(-1.0,1.00929365875014E-16,0.0));
#3810=DIRECTION('',(-1.00929365875014E-16,-1.0,0.0));
#3811=SURFACE_STYLE_FILL_AREA(#4792);
#3812=ORIENTED_EDGE('',*,*,#4784,.F.);
#3813=ORIENTED_EDGE('',*,*,#4725,.F.);
#3814=ORIENTED_EDGE('',*,*,#4790,.T.);
#3815=ORIENTED_EDGE('',*,*,#4787,.F.);
#3816=CARTESIAN_POINT('',(-1.64,0.5,3.4));
#3817=DIRECTION('',(0.0,-1.0,0.0));
#3818=DIRECTION('',(1.0,0.0,0.0));
#3819=SURFACE_STYLE_FILL_AREA(#4793);
#3820=ORIENTED_EDGE('',*,*,#4758,.T.);
#3821=ORIENTED_EDGE('',*,*,#4750,.F.);
#3822=ORIENTED_EDGE('',*,*,#4746,.F.);
#3823=ORIENTED_EDGE('',*,*,#4732,.F.);
#3824=CARTESIAN_POINT('',(-1.66563468995678E-15,-0.900000000000001,3.4));
#3825=DIRECTION('',(0.0,1.0,-0.0));
#3826=DIRECTION('',(-1.0,0.0,0.0));
#3827=SURFACE_STYLE_FILL_AREA(#4794);
#3828=ORIENTED_EDGE('',*,*,#4795,.F.);
#3829=ORIENTED_EDGE('',*,*,#4736,.T.);
#3830=ORIENTED_EDGE('',*,*,#4796,.T.);
#3831=ORIENTED_EDGE('',*,*,#4780,.F.);
#3832=ORIENTED_EDGE('',*,*,#4091,.F.);
#3833=CARTESIAN_POINT('',(2.54,-0.200000000000001,3.4));
#3834=DIRECTION('',(0.0,0.0,1.0));
#3835=DIRECTION('',(1.0,0.0,0.0));
#3836=SURFACE_STYLE_FILL_AREA(#4797);
#3837=ORIENTED_EDGE('',*,*,#4796,.F.);
#3838=ORIENTED_EDGE('',*,*,#4737,.T.);
#3839=ORIENTED_EDGE('',*,*,#4795,.T.);
#3840=ORIENTED_EDGE('',*,*,#4778,.F.);
#3841=ORIENTED_EDGE('',*,*,#4096,.F.);
#3842=CARTESIAN_POINT('',(2.54,-0.200000000000001,3.4));
#3843=DIRECTION('',(0.0,0.0,1.0));
#3844=DIRECTION('',(1.0,0.0,0.0));
#3845=SURFACE_STYLE_FILL_AREA(#4798);
#3846=ORIENTED_EDGE('',*,*,#4799,.F.);
#3847=ORIENTED_EDGE('',*,*,#4738,.T.);
#3848=ORIENTED_EDGE('',*,*,#4800,.T.);
#3849=ORIENTED_EDGE('',*,*,#4776,.F.);
#3850=ORIENTED_EDGE('',*,*,#4101,.F.);
#3851=CARTESIAN_POINT('',(-2.54,-0.200000000000001,3.4));
#3852=DIRECTION('',(0.0,0.0,1.0));
#3853=DIRECTION('',(1.0,0.0,0.0));
#3854=SURFACE_STYLE_FILL_AREA(#4801);
#3855=ORIENTED_EDGE('',*,*,#4800,.F.);
#3856=ORIENTED_EDGE('',*,*,#4739,.T.);
#3857=ORIENTED_EDGE('',*,*,#4799,.T.);
#3858=ORIENTED_EDGE('',*,*,#4774,.F.);
#3859=ORIENTED_EDGE('',*,*,#4106,.F.);
#3860=CARTESIAN_POINT('',(-2.54,-0.200000000000001,3.4));
#3861=DIRECTION('',(0.0,0.0,1.0));
#3862=DIRECTION('',(1.0,0.0,0.0));
#3863=SURFACE_STYLE_FILL_AREA(#4802);
#3864=ORIENTED_EDGE('',*,*,#4803,.T.);
#3865=ORIENTED_EDGE('',*,*,#4804,.F.);
#3866=ORIENTED_EDGE('',*,*,#4805,.F.);
#3867=ORIENTED_EDGE('',*,*,#4806,.T.);
#3868=CARTESIAN_POINT('',(3.04,0.299999999999999,9.8));
#3869=DIRECTION('',(1.0,0.0,0.0));
#3870=DIRECTION('',(0.0,-1.0,0.0));
#3871=SURFACE_STYLE_FILL_AREA(#4807);
#3872=ORIENTED_EDGE('',*,*,#4808,.T.);
#3873=ORIENTED_EDGE('',*,*,#4809,.F.);
#3874=ORIENTED_EDGE('',*,*,#4803,.F.);
#3875=ORIENTED_EDGE('',*,*,#4810,.T.);
#3876=CARTESIAN_POINT('',(3.04,-0.7,9.8));
#3877=DIRECTION('',(-0.0,-1.0,-0.0));
#3878=DIRECTION('',(-1.0,0.0,0.0));
#3879=SURFACE_STYLE_FILL_AREA(#4811);
#3880=ORIENTED_EDGE('',*,*,#4804,.T.);
#3881=ORIENTED_EDGE('',*,*,#4812,.T.);
#3882=ORIENTED_EDGE('',*,*,#4813,.F.);
#3883=ORIENTED_EDGE('',*,*,#4814,.F.);
#3884=CARTESIAN_POINT('',(2.915,-0.200000000000001,-3.6));
#3885=DIRECTION('',(0.923076923076923,0.0,-0.384615384615385));
#3886=DIRECTION('',(0.0,-1.0,0.0));
#3887=SURFACE_STYLE_FILL_AREA(#4815);
#3888=ORIENTED_EDGE('',*,*,#4805,.T.);
#3889=ORIENTED_EDGE('',*,*,#4816,.T.);
#3890=ORIENTED_EDGE('',*,*,#4817,.F.);
#3891=ORIENTED_EDGE('',*,*,#4818,.F.);
#3892=CARTESIAN_POINT('',(2.04,0.299999999999999,9.8));
#3893=DIRECTION('',(-0.0,1.0,0.0));
#3894=DIRECTION('',(1.0,0.0,0.0));
#3895=SURFACE_STYLE_FILL_AREA(#4819);
#3896=ORIENTED_EDGE('',*,*,#4806,.F.);
#3897=ORIENTED_EDGE('',*,*,#4820,.T.);
#3898=ORIENTED_EDGE('',*,*,#4821,.F.);
#3899=ORIENTED_EDGE('',*,*,#4822,.F.);
#3900=CARTESIAN_POINT('',(2.915,-0.200000000000001,10.1));
#3901=DIRECTION('',(0.923076923076923,-0.0,0.384615384615385));
#3902=DIRECTION('',(0.0,1.0,0.0));
#3903=SURFACE_STYLE_FILL_AREA(#4823);
#3904=ORIENTED_EDGE('',*,*,#4817,.T.);
#3905=ORIENTED_EDGE('',*,*,#4824,.T.);
#3906=ORIENTED_EDGE('',*,*,#4808,.F.);
#3907=ORIENTED_EDGE('',*,*,#4825,.F.);
#3908=CARTESIAN_POINT('',(2.04,-0.7,9.8));
#3909=DIRECTION('',(-1.0,0.0,0.0));
#3910=DIRECTION('',(0.0,1.0,0.0));
#3911=SURFACE_STYLE_FILL_AREA(#4826);
#3912=ORIENTED_EDGE('',*,*,#4809,.T.);
#3913=ORIENTED_EDGE('',*,*,#4827,.T.);
#3914=ORIENTED_EDGE('',*,*,#4828,.F.);
#3915=ORIENTED_EDGE('',*,*,#4812,.F.);
#3916=CARTESIAN_POINT('',(2.54,-0.575,-3.6));
#3917=DIRECTION('',(-0.0,-0.923076923076923,-0.384615384615385));
#3918=DIRECTION('',(-1.0,0.0,0.0));
#3919=SURFACE_STYLE_FILL_AREA(#4829);
#3920=ORIENTED_EDGE('',*,*,#4810,.F.);
#3921=ORIENTED_EDGE('',*,*,#4822,.T.);
#3922=ORIENTED_EDGE('',*,*,#4830,.F.);
#3923=ORIENTED_EDGE('',*,*,#4831,.F.);
#3924=CARTESIAN_POINT('',(2.54,-0.575,10.1));
#3925=DIRECTION('',(0.0,-0.923076923076923,0.384615384615385));
#3926=DIRECTION('',(1.0,0.0,0.0));
#3927=SURFACE_STYLE_FILL_AREA(#4832);
#3928=ORIENTED_EDGE('',*,*,#4813,.T.);
#3929=ORIENTED_EDGE('',*,*,#4828,.T.);
#3930=ORIENTED_EDGE('',*,*,#4833,.T.);
#3931=ORIENTED_EDGE('',*,*,#4834,.T.);
#3932=CARTESIAN_POINT('',(5.08,0.0,-3.9));
#3933=DIRECTION('',(-0.0,-0.0,-1.0));
#3934=DIRECTION('',(0.0,-1.0,0.0));
#3935=SURFACE_STYLE_FILL_AREA(#4835);
#3936=ORIENTED_EDGE('',*,*,#4816,.F.);
#3937=ORIENTED_EDGE('',*,*,#4814,.T.);
#3938=ORIENTED_EDGE('',*,*,#4834,.F.);
#3939=ORIENTED_EDGE('',*,*,#4836,.F.);
#3940=CARTESIAN_POINT('',(2.54,0.174999999999999,-3.6));
#3941=DIRECTION('',(0.0,0.923076923076923,-0.384615384615385));
#3942=DIRECTION('',(1.0,0.0,0.0));
#3943=SURFACE_STYLE_FILL_AREA(#4837);
#3944=ORIENTED_EDGE('',*,*,#4818,.T.);
#3945=ORIENTED_EDGE('',*,*,#4838,.T.);
#3946=ORIENTED_EDGE('',*,*,#4839,.F.);
#3947=ORIENTED_EDGE('',*,*,#4820,.F.);
#3948=CARTESIAN_POINT('',(2.54,0.174999999999999,10.1));
#3949=DIRECTION('',(0.0,0.923076923076923,0.384615384615385));
#3950=DIRECTION('',(-1.0,0.0,0.0));
#3951=SURFACE_STYLE_FILL_AREA(#4840);
#3952=ORIENTED_EDGE('',*,*,#4821,.T.);
#3953=ORIENTED_EDGE('',*,*,#4839,.T.);
#3954=ORIENTED_EDGE('',*,*,#4841,.T.);
#3955=ORIENTED_EDGE('',*,*,#4830,.T.);
#3956=CARTESIAN_POINT('',(5.08,0.0,10.4));
#3957=DIRECTION('',(0.0,-0.0,1.0));
#3958=DIRECTION('',(0.0,1.0,0.0));
#3959=SURFACE_STYLE_FILL_AREA(#4842);
#3960=ORIENTED_EDGE('',*,*,#4833,.F.);
#3961=ORIENTED_EDGE('',*,*,#4827,.F.);
#3962=ORIENTED_EDGE('',*,*,#4824,.F.);
#3963=ORIENTED_EDGE('',*,*,#4836,.T.);
#3964=CARTESIAN_POINT('',(2.165,-0.200000000000001,-3.6));
#3965=DIRECTION('',(-0.923076923076923,0.0,-0.384615384615384));
#3966=DIRECTION('',(0.0,1.0,0.0));
#3967=SURFACE_STYLE_FILL_AREA(#4843);
#3968=ORIENTED_EDGE('',*,*,#4841,.F.);
#3969=ORIENTED_EDGE('',*,*,#4838,.F.);
#3970=ORIENTED_EDGE('',*,*,#4825,.T.);
#3971=ORIENTED_EDGE('',*,*,#4831,.T.);
#3972=CARTESIAN_POINT('',(2.165,-0.200000000000001,10.1));
#3973=DIRECTION('',(-0.923076923076923,0.0,0.384615384615384));
#3974=DIRECTION('',(0.0,-1.0,0.0));
#3975=SURFACE_STYLE_FILL_AREA(#4844);
#3976=ORIENTED_EDGE('',*,*,#4845,.T.);
#3977=ORIENTED_EDGE('',*,*,#4846,.F.);
#3978=ORIENTED_EDGE('',*,*,#4847,.F.);
#3979=ORIENTED_EDGE('',*,*,#4848,.T.);
#3980=CARTESIAN_POINT('',(-2.04,0.299999999999999,9.8));
#3981=DIRECTION('',(1.0,0.0,0.0));
#3982=DIRECTION('',(0.0,-1.0,0.0));
#3983=SURFACE_STYLE_FILL_AREA(#4849);
#3984=ORIENTED_EDGE('',*,*,#4850,.T.);
#3985=ORIENTED_EDGE('',*,*,#4851,.F.);
#3986=ORIENTED_EDGE('',*,*,#4845,.F.);
#3987=ORIENTED_EDGE('',*,*,#4852,.T.);
#3988=CARTESIAN_POINT('',(-2.04,-0.7,9.8));
#3989=DIRECTION('',(-0.0,-1.0,-0.0));
#3990=DIRECTION('',(-1.0,0.0,0.0));
#3991=SURFACE_STYLE_FILL_AREA(#4853);
#3992=ORIENTED_EDGE('',*,*,#4854,.T.);
#3993=ORIENTED_EDGE('',*,*,#4855,.F.);
#3994=ORIENTED_EDGE('',*,*,#4856,.F.);
#3995=ORIENTED_EDGE('',*,*,#4846,.T.);
#3996=CARTESIAN_POINT('',(-2.165,-0.200000000000001,-3.6));
#3997=DIRECTION('',(0.923076923076923,0.0,-0.384615384615385));
#3998=DIRECTION('',(0.0,-1.0,0.0));
#3999=SURFACE_STYLE_FILL_AREA(#4857);
#4000=ORIENTED_EDGE('',*,*,#4847,.T.);
#4001=ORIENTED_EDGE('',*,*,#4858,.T.);
#4002=ORIENTED_EDGE('',*,*,#4859,.F.);
#4003=ORIENTED_EDGE('',*,*,#4860,.F.);
#4004=CARTESIAN_POINT('',(-3.04,0.299999999999999,9.8));
#4005=DIRECTION('',(-0.0,1.0,0.0));
#4006=DIRECTION('',(1.0,0.0,0.0));
#4007=SURFACE_STYLE_FILL_AREA(#4861);
#4008=ORIENTED_EDGE('',*,*,#4862,.T.);
#4009=ORIENTED_EDGE('',*,*,#4863,.F.);
#4010=ORIENTED_EDGE('',*,*,#4864,.F.);
#4011=ORIENTED_EDGE('',*,*,#4848,.F.);
#4012=CARTESIAN_POINT('',(-2.165,-0.200000000000001,10.1));
#4013=DIRECTION('',(0.923076923076923,-0.0,0.384615384615385));
#4014=DIRECTION('',(0.0,1.0,0.0));
#4015=SURFACE_STYLE_FILL_AREA(#4865);
#4016=ORIENTED_EDGE('',*,*,#4859,.T.);
#4017=ORIENTED_EDGE('',*,*,#4866,.T.);
#4018=ORIENTED_EDGE('',*,*,#4850,.F.);
#4019=ORIENTED_EDGE('',*,*,#4867,.F.);
#4020=CARTESIAN_POINT('',(-3.04,-0.7,9.8));
#4021=DIRECTION('',(-1.0,0.0,0.0));
#4022=DIRECTION('',(0.0,1.0,0.0));
#4023=SURFACE_STYLE_FILL_AREA(#4868);
#4024=ORIENTED_EDGE('',*,*,#4869,.T.);
#4025=ORIENTED_EDGE('',*,*,#4870,.F.);
#4026=ORIENTED_EDGE('',*,*,#4854,.F.);
#4027=ORIENTED_EDGE('',*,*,#4851,.T.);
#4028=CARTESIAN_POINT('',(-2.54,-0.575,-3.6));
#4029=DIRECTION('',(-0.0,-0.923076923076923,-0.384615384615385));
#4030=DIRECTION('',(-1.0,0.0,0.0));
#4031=SURFACE_STYLE_FILL_AREA(#4871);
#4032=ORIENTED_EDGE('',*,*,#4864,.T.);
#4033=ORIENTED_EDGE('',*,*,#4872,.F.);
#4034=ORIENTED_EDGE('',*,*,#4873,.F.);
#4035=ORIENTED_EDGE('',*,*,#4852,.F.);
#4036=CARTESIAN_POINT('',(-2.54,-0.575,10.1));
#4037=DIRECTION('',(0.0,-0.923076923076923,0.384615384615385));
#4038=DIRECTION('',(1.0,0.0,0.0));
#4039=SURFACE_STYLE_FILL_AREA(#4874);
#4040=ORIENTED_EDGE('',*,*,#4855,.T.);
#4041=ORIENTED_EDGE('',*,*,#4870,.T.);
#4042=ORIENTED_EDGE('',*,*,#4875,.T.);
#4043=ORIENTED_EDGE('',*,*,#4876,.T.);
#4044=CARTESIAN_POINT('',(0.0,0.0,-3.9));
#4045=DIRECTION('',(-0.0,-0.0,-1.0));
#4046=DIRECTION('',(0.0,-1.0,0.0));
#4047=SURFACE_STYLE_FILL_AREA(#4877);
#4048=ORIENTED_EDGE('',*,*,#4856,.T.);
#4049=ORIENTED_EDGE('',*,*,#4876,.F.);
#4050=ORIENTED_EDGE('',*,*,#4878,.F.);
#4051=ORIENTED_EDGE('',*,*,#4858,.F.);
#4052=CARTESIAN_POINT('',(-2.54,0.174999999999999,-3.6));
#4053=DIRECTION('',(0.0,0.923076923076923,-0.384615384615385));
#4054=DIRECTION('',(1.0,0.0,0.0));
#4055=SURFACE_STYLE_FILL_AREA(#4879);
#4056=ORIENTED_EDGE('',*,*,#4880,.T.);
#4057=ORIENTED_EDGE('',*,*,#4881,.F.);
#4058=ORIENTED_EDGE('',*,*,#4862,.F.);
#4059=ORIENTED_EDGE('',*,*,#4860,.T.);
#4060=CARTESIAN_POINT('',(-2.54,0.174999999999999,10.1));
#4061=DIRECTION('',(0.0,0.923076923076923,0.384615384615385));
#4062=DIRECTION('',(-1.0,0.0,0.0));
#4063=SURFACE_STYLE_FILL_AREA(#4882);
#4064=ORIENTED_EDGE('',*,*,#4863,.T.);
#4065=ORIENTED_EDGE('',*,*,#4881,.T.);
#4066=ORIENTED_EDGE('',*,*,#4883,.T.);
#4067=ORIENTED_EDGE('',*,*,#4872,.T.);
#4068=CARTESIAN_POINT('',(0.0,0.0,10.4));
#4069=DIRECTION('',(0.0,-0.0,1.0));
#4070=DIRECTION('',(0.0,1.0,0.0));
#4071=SURFACE_STYLE_FILL_AREA(#4884);
#4072=ORIENTED_EDGE('',*,*,#4878,.T.);
#4073=ORIENTED_EDGE('',*,*,#4875,.F.);
#4074=ORIENTED_EDGE('',*,*,#4869,.F.);
#4075=ORIENTED_EDGE('',*,*,#4866,.F.);
#4076=CARTESIAN_POINT('',(-2.915,-0.200000000000001,-3.6));
#4077=DIRECTION('',(-0.923076923076923,0.0,-0.384615384615384));
#4078=DIRECTION('',(0.0,1.0,0.0));
#4079=SURFACE_STYLE_FILL_AREA(#4885);
#4080=ORIENTED_EDGE('',*,*,#4873,.T.);
#4081=ORIENTED_EDGE('',*,*,#4883,.F.);
#4082=ORIENTED_EDGE('',*,*,#4880,.F.);
#4083=ORIENTED_EDGE('',*,*,#4867,.T.);
#4084=CARTESIAN_POINT('',(-2.915,-0.200000000000001,10.1));
#4085=DIRECTION('',(-0.923076923076923,0.0,0.384615384615384));
#4086=DIRECTION('',(0.0,-1.0,0.0));
#4087=FILL_AREA_STYLE('',(#4886));
#4088=EDGE_CURVE('',#4887,#4888,#4889,.T.);
#4089=EDGE_CURVE('',#4890,#4887,#4891,.T.);
#4090=EDGE_CURVE('',#4890,#4892,#4893,.T.);
#4091=EDGE_CURVE('',#4892,#4888,#4894,.T.);
#4092=FILL_AREA_STYLE('',(#4895));
#4093=EDGE_CURVE('',#4896,#4897,#4898,.T.);
#4094=EDGE_CURVE('',#4899,#4896,#4900,.T.);
#4095=EDGE_CURVE('',#4899,#4901,#4902,.T.);
#4096=EDGE_CURVE('',#4901,#4897,#4903,.T.);
#4097=FILL_AREA_STYLE('',(#4904));
#4098=EDGE_CURVE('',#4905,#4906,#4907,.T.);
#4099=EDGE_CURVE('',#4908,#4905,#4909,.T.);
#4100=EDGE_CURVE('',#4908,#4910,#4911,.T.);
#4101=EDGE_CURVE('',#4910,#4906,#4912,.T.);
#4102=FILL_AREA_STYLE('',(#4913));
#4103=EDGE_CURVE('',#4914,#4915,#4916,.T.);
#4104=EDGE_CURVE('',#4917,#4914,#4918,.T.);
#4105=EDGE_CURVE('',#4917,#4919,#4920,.T.);
#4106=EDGE_CURVE('',#4919,#4915,#4921,.T.);
#4107=FILL_AREA_STYLE('',(#4922));
#4108=EDGE_CURVE('',#4923,#4924,#4925,.T.);
#4109=EDGE_CURVE('',#4926,#4923,#4927,.T.);
#4110=EDGE_CURVE('',#4924,#4926,#4928,.T.);
#4111=FILL_AREA_STYLE('',(#4929));
#4112=EDGE_CURVE('',#4924,#4930,#4931,.T.);
#4113=EDGE_CURVE('',#4932,#4930,#4933,.T.);
#4114=EDGE_CURVE('',#4923,#4932,#4934,.T.);
#4115=FILL_AREA_STYLE('',(#4935));
#4116=EDGE_CURVE('',#4936,#4932,#4937,.T.);
#4117=EDGE_CURVE('',#4926,#4936,#4938,.T.);
#4118=FILL_AREA_STYLE('',(#4939));
#4119=EDGE_CURVE('',#4930,#4936,#4940,.T.);
#4120=FILL_AREA_STYLE('',(#4941));
#4121=EDGE_CURVE('',#4942,#4943,#4944,.T.);
#4122=EDGE_CURVE('',#4943,#4945,#4946,.T.);
#4123=EDGE_CURVE('',#4945,#4947,#4948,.T.);
#4124=EDGE_CURVE('',#4947,#4949,#4950,.T.);
#4125=EDGE_CURVE('',#4949,#4951,#4952,.T.);
#4126=EDGE_CURVE('',#4951,#4953,#4954,.T.);
#4127=EDGE_CURVE('',#4953,#4955,#4956,.T.);
#4128=EDGE_CURVE('',#4955,#4942,#4957,.T.);
#4129=FILL_AREA_STYLE('',(#4958));
#4130=EDGE_CURVE('',#4959,#4943,#4960,.T.);
#4131=EDGE_CURVE('',#4961,#4942,#4962,.T.);
#4132=EDGE_CURVE('',#4961,#4959,#4963,.T.);
#4133=FILL_AREA_STYLE('',(#4964));
#4134=EDGE_CURVE('',#4965,#4945,#4966,.T.);
#4135=EDGE_CURVE('',#4959,#4965,#4967,.T.);
#4136=FILL_AREA_STYLE('',(#4968));
#4137=EDGE_CURVE('',#4969,#4947,#4970,.T.);
#4138=EDGE_CURVE('',#4965,#4969,#4971,.T.);
#4139=FILL_AREA_STYLE('',(#4972));
#4140=EDGE_CURVE('',#4973,#4949,#4974,.T.);
#4141=EDGE_CURVE('',#4969,#4973,#4975,.T.);
#4142=FILL_AREA_STYLE('',(#4976));
#4143=EDGE_CURVE('',#4977,#4951,#4978,.T.);
#4144=EDGE_CURVE('',#4973,#4977,#4979,.T.);
#4145=FILL_AREA_STYLE('',(#4980));
#4146=EDGE_CURVE('',#4981,#4953,#4982,.T.);
#4147=EDGE_CURVE('',#4977,#4981,#4983,.T.);
#4148=FILL_AREA_STYLE('',(#4984));
#4149=EDGE_CURVE('',#4985,#4955,#4986,.T.);
#4150=EDGE_CURVE('',#4981,#4985,#4987,.T.);
#4151=FILL_AREA_STYLE('',(#4988));
#4152=EDGE_CURVE('',#4985,#4961,#4989,.T.);
#4153=FILL_AREA_STYLE('',(#4990));
#4154=EDGE_CURVE('',#4991,#4992,#4993,.T.);
#4155=EDGE_CURVE('',#4994,#4991,#4995,.T.);
#4156=EDGE_CURVE('',#4996,#4994,#4997,.T.);
#4157=EDGE_CURVE('',#4998,#4996,#4999,.T.);
#4158=EDGE_CURVE('',#5000,#4998,#5001,.T.);
#4159=EDGE_CURVE('',#4992,#5000,#5002,.T.);
#4160=EDGE_CURVE('',#5003,#5004,#5005,.T.);
#4161=EDGE_CURVE('',#5006,#5003,#5007,.T.);
#4162=EDGE_CURVE('',#5008,#5006,#5009,.T.);
#4163=EDGE_CURVE('',#5010,#5008,#5011,.T.);
#4164=EDGE_CURVE('',#5012,#5010,#5013,.T.);
#4165=EDGE_CURVE('',#5014,#5012,#5015,.T.);
#4166=EDGE_CURVE('',#5016,#5014,#5017,.T.);
#4167=EDGE_CURVE('',#5018,#5016,#5019,.T.);
#4168=EDGE_CURVE('',#5020,#5018,#5021,.T.);
#4169=EDGE_CURVE('',#5022,#5020,#5023,.T.);
#4170=EDGE_CURVE('',#5024,#5022,#5025,.T.);
#4171=EDGE_CURVE('',#5026,#5024,#5027,.T.);
#4172=EDGE_CURVE('',#5028,#5026,#5029,.T.);
#4173=EDGE_CURVE('',#5030,#5028,#5031,.T.);
#4174=EDGE_CURVE('',#5032,#5030,#5033,.T.);
#4175=EDGE_CURVE('',#5034,#5032,#5035,.T.);
#4176=EDGE_CURVE('',#5036,#5034,#5037,.T.);
#4177=EDGE_CURVE('',#5038,#5036,#5039,.T.);
#4178=EDGE_CURVE('',#5040,#5038,#5041,.T.);
#4179=EDGE_CURVE('',#5042,#5040,#5043,.T.);
#4180=EDGE_CURVE('',#5044,#5042,#5045,.T.);
#4181=EDGE_CURVE('',#5046,#5044,#5047,.T.);
#4182=EDGE_CURVE('',#5048,#5046,#5049,.T.);
#4183=EDGE_CURVE('',#5050,#5048,#5051,.T.);
#4184=EDGE_CURVE('',#5052,#5050,#5053,.T.);
#4185=EDGE_CURVE('',#5054,#5052,#5055,.T.);
#4186=EDGE_CURVE('',#5056,#5054,#5057,.T.);
#4187=EDGE_CURVE('',#5058,#5056,#5059,.T.);
#4188=EDGE_CURVE('',#5060,#5058,#5061,.T.);
#4189=EDGE_CURVE('',#5062,#5060,#5063,.T.);
#4190=EDGE_CURVE('',#5064,#5062,#5065,.T.);
#4191=EDGE_CURVE('',#5066,#5064,#5067,.T.);
#4192=EDGE_CURVE('',#5068,#5066,#5069,.T.);
#4193=EDGE_CURVE('',#5070,#5068,#5071,.T.);
#4194=EDGE_CURVE('',#5072,#5070,#5073,.T.);
#4195=EDGE_CURVE('',#5074,#5072,#5075,.T.);
#4196=EDGE_CURVE('',#5076,#5074,#5077,.T.);
#4197=EDGE_CURVE('',#5078,#5076,#5079,.T.);
#4198=EDGE_CURVE('',#5080,#5078,#5081,.T.);
#4199=EDGE_CURVE('',#5004,#5080,#5082,.T.);
#4200=EDGE_CURVE('',#5083,#5084,#5085,.T.);
#4201=EDGE_CURVE('',#5086,#5083,#5087,.T.);
#4202=EDGE_CURVE('',#5088,#5086,#5089,.T.);
#4203=EDGE_CURVE('',#5090,#5088,#5091,.T.);
#4204=EDGE_CURVE('',#5092,#5090,#5093,.T.);
#4205=EDGE_CURVE('',#5094,#5092,#5095,.T.);
#4206=EDGE_CURVE('',#5096,#5094,#5097,.T.);
#4207=EDGE_CURVE('',#5098,#5096,#5099,.T.);
#4208=EDGE_CURVE('',#5100,#5098,#5101,.T.);
#4209=EDGE_CURVE('',#5102,#5100,#5103,.T.);
#4210=EDGE_CURVE('',#5104,#5102,#5105,.T.);
#4211=EDGE_CURVE('',#5084,#5104,#5106,.T.);
#4212=EDGE_CURVE('',#5107,#5108,#5109,.T.);
#4213=EDGE_CURVE('',#5110,#5107,#5111,.T.);
#4214=EDGE_CURVE('',#5112,#5110,#5113,.T.);
#4215=EDGE_CURVE('',#5114,#5112,#5115,.T.);
#4216=EDGE_CURVE('',#5116,#5114,#5117,.T.);
#4217=EDGE_CURVE('',#5118,#5116,#5119,.T.);
#4218=EDGE_CURVE('',#5120,#5118,#5121,.T.);
#4219=EDGE_CURVE('',#5122,#5120,#5123,.T.);
#4220=EDGE_CURVE('',#5124,#5122,#5125,.T.);
#4221=EDGE_CURVE('',#5126,#5124,#5127,.T.);
#4222=EDGE_CURVE('',#5128,#5126,#5129,.T.);
#4223=EDGE_CURVE('',#5130,#5128,#5131,.T.);
#4224=EDGE_CURVE('',#5132,#5130,#5133,.T.);
#4225=EDGE_CURVE('',#5108,#5132,#5134,.T.);
#4226=EDGE_CURVE('',#5135,#5136,#5137,.T.);
#4227=EDGE_CURVE('',#5136,#5138,#5139,.T.);
#4228=EDGE_CURVE('',#5140,#5138,#5141,.T.);
#4229=EDGE_CURVE('',#5142,#5140,#5143,.T.);
#4230=EDGE_CURVE('',#5142,#5144,#5145,.T.);
#4231=EDGE_CURVE('',#5144,#5146,#5147,.T.);
#4232=EDGE_CURVE('',#5148,#5146,#5149,.T.);
#4233=EDGE_CURVE('',#5148,#5150,#5151,.T.);
#4234=EDGE_CURVE('',#5152,#5150,#5153,.T.);
#4235=EDGE_CURVE('',#5154,#5152,#5155,.T.);
#4236=EDGE_CURVE('',#5154,#5156,#5157,.T.);
#4237=EDGE_CURVE('',#5156,#5135,#5158,.T.);
#4238=FILL_AREA_STYLE('',(#5159));
#4239=EDGE_CURVE('',#4992,#5160,#5161,.T.);
#4240=EDGE_CURVE('',#5162,#5160,#5163,.T.);
#4241=EDGE_CURVE('',#4991,#5162,#5164,.T.);
#4242=FILL_AREA_STYLE('',(#5165));
#4243=EDGE_CURVE('',#5166,#5162,#5167,.T.);
#4244=EDGE_CURVE('',#4994,#5166,#5168,.T.);
#4245=FILL_AREA_STYLE('',(#5169));
#4246=EDGE_CURVE('',#5170,#5166,#5171,.T.);
#4247=EDGE_CURVE('',#4996,#5170,#5172,.T.);
#4248=FILL_AREA_STYLE('',(#5173));
#4249=EDGE_CURVE('',#5174,#5170,#5175,.T.);
#4250=EDGE_CURVE('',#4998,#5174,#5176,.T.);
#4251=FILL_AREA_STYLE('',(#5177));
#4252=EDGE_CURVE('',#5178,#5174,#5179,.T.);
#4253=EDGE_CURVE('',#5000,#5178,#5180,.T.);
#4254=FILL_AREA_STYLE('',(#5181));
#4255=EDGE_CURVE('',#5160,#5178,#5182,.T.);
#4256=FILL_AREA_STYLE('',(#5183));
#4257=EDGE_CURVE('',#5004,#5184,#5185,.T.);
#4258=EDGE_CURVE('',#5186,#5184,#5187,.T.);
#4259=EDGE_CURVE('',#5003,#5186,#5188,.T.);
#4260=FILL_AREA_STYLE('',(#5189));
#4261=EDGE_CURVE('',#5190,#5186,#5191,.T.);
#4262=EDGE_CURVE('',#5006,#5190,#5192,.T.);
#4263=FILL_AREA_STYLE('',(#5193));
#4264=EDGE_CURVE('',#5194,#5190,#5195,.T.);
#4265=EDGE_CURVE('',#5008,#5194,#5196,.T.);
#4266=FILL_AREA_STYLE('',(#5197));
#4267=EDGE_CURVE('',#5198,#5194,#5199,.T.);
#4268=EDGE_CURVE('',#5010,#5198,#5200,.T.);
#4269=FILL_AREA_STYLE('',(#5201));
#4270=EDGE_CURVE('',#5202,#5198,#5203,.T.);
#4271=EDGE_CURVE('',#5012,#5202,#5204,.T.);
#4272=FILL_AREA_STYLE('',(#5205));
#4273=EDGE_CURVE('',#5206,#5202,#5207,.T.);
#4274=EDGE_CURVE('',#5014,#5206,#5208,.T.);
#4275=FILL_AREA_STYLE('',(#5209));
#4276=EDGE_CURVE('',#5210,#5206,#5211,.T.);
#4277=EDGE_CURVE('',#5016,#5210,#5212,.T.);
#4278=FILL_AREA_STYLE('',(#5213));
#4279=EDGE_CURVE('',#5214,#5210,#5215,.T.);
#4280=EDGE_CURVE('',#5018,#5214,#5216,.T.);
#4281=FILL_AREA_STYLE('',(#5217));
#4282=EDGE_CURVE('',#5218,#5214,#5219,.T.);
#4283=EDGE_CURVE('',#5020,#5218,#5220,.T.);
#4284=FILL_AREA_STYLE('',(#5221));
#4285=EDGE_CURVE('',#5222,#5218,#5223,.T.);
#4286=EDGE_CURVE('',#5022,#5222,#5224,.T.);
#4287=FILL_AREA_STYLE('',(#5225));
#4288=EDGE_CURVE('',#5226,#5222,#5227,.T.);
#4289=EDGE_CURVE('',#5024,#5226,#5228,.T.);
#4290=FILL_AREA_STYLE('',(#5229));
#4291=EDGE_CURVE('',#5230,#5226,#5231,.T.);
#4292=EDGE_CURVE('',#5026,#5230,#5232,.T.);
#4293=FILL_AREA_STYLE('',(#5233));
#4294=EDGE_CURVE('',#5234,#5230,#5235,.T.);
#4295=EDGE_CURVE('',#5028,#5234,#5236,.T.);
#4296=FILL_AREA_STYLE('',(#5237));
#4297=EDGE_CURVE('',#5238,#5234,#5239,.T.);
#4298=EDGE_CURVE('',#5030,#5238,#5240,.T.);
#4299=FILL_AREA_STYLE('',(#5241));
#4300=EDGE_CURVE('',#5242,#5238,#5243,.T.);
#4301=EDGE_CURVE('',#5032,#5242,#5244,.T.);
#4302=FILL_AREA_STYLE('',(#5245));
#4303=EDGE_CURVE('',#5246,#5242,#5247,.T.);
#4304=EDGE_CURVE('',#5034,#5246,#5248,.T.);
#4305=FILL_AREA_STYLE('',(#5249));
#4306=EDGE_CURVE('',#5250,#5246,#5251,.T.);
#4307=EDGE_CURVE('',#5036,#5250,#5252,.T.);
#4308=FILL_AREA_STYLE('',(#5253));
#4309=EDGE_CURVE('',#5254,#5250,#5255,.T.);
#4310=EDGE_CURVE('',#5038,#5254,#5256,.T.);
#4311=FILL_AREA_STYLE('',(#5257));
#4312=EDGE_CURVE('',#5258,#5254,#5259,.T.);
#4313=EDGE_CURVE('',#5040,#5258,#5260,.T.);
#4314=FILL_AREA_STYLE('',(#5261));
#4315=EDGE_CURVE('',#5262,#5258,#5263,.T.);
#4316=EDGE_CURVE('',#5042,#5262,#5264,.T.);
#4317=FILL_AREA_STYLE('',(#5265));
#4318=EDGE_CURVE('',#5266,#5262,#5267,.T.);
#4319=EDGE_CURVE('',#5044,#5266,#5268,.T.);
#4320=FILL_AREA_STYLE('',(#5269));
#4321=EDGE_CURVE('',#5270,#5266,#5271,.T.);
#4322=EDGE_CURVE('',#5046,#5270,#5272,.T.);
#4323=FILL_AREA_STYLE('',(#5273));
#4324=EDGE_CURVE('',#5274,#5270,#5275,.T.);
#4325=EDGE_CURVE('',#5048,#5274,#5276,.T.);
#4326=FILL_AREA_STYLE('',(#5277));
#4327=EDGE_CURVE('',#5278,#5274,#5279,.T.);
#4328=EDGE_CURVE('',#5050,#5278,#5280,.T.);
#4329=FILL_AREA_STYLE('',(#5281));
#4330=EDGE_CURVE('',#5282,#5278,#5283,.T.);
#4331=EDGE_CURVE('',#5052,#5282,#5284,.T.);
#4332=FILL_AREA_STYLE('',(#5285));
#4333=EDGE_CURVE('',#5286,#5282,#5287,.T.);
#4334=EDGE_CURVE('',#5054,#5286,#5288,.T.);
#4335=FILL_AREA_STYLE('',(#5289));
#4336=EDGE_CURVE('',#5290,#5286,#5291,.T.);
#4337=EDGE_CURVE('',#5056,#5290,#5292,.T.);
#4338=FILL_AREA_STYLE('',(#5293));
#4339=EDGE_CURVE('',#5294,#5290,#5295,.T.);
#4340=EDGE_CURVE('',#5058,#5294,#5296,.T.);
#4341=FILL_AREA_STYLE('',(#5297));
#4342=EDGE_CURVE('',#5298,#5294,#5299,.T.);
#4343=EDGE_CURVE('',#5060,#5298,#5300,.T.);
#4344=FILL_AREA_STYLE('',(#5301));
#4345=EDGE_CURVE('',#5302,#5298,#5303,.T.);
#4346=EDGE_CURVE('',#5062,#5302,#5304,.T.);
#4347=FILL_AREA_STYLE('',(#5305));
#4348=EDGE_CURVE('',#5306,#5302,#5307,.T.);
#4349=EDGE_CURVE('',#5064,#5306,#5308,.T.);
#4350=FILL_AREA_STYLE('',(#5309));
#4351=EDGE_CURVE('',#5310,#5306,#5311,.T.);
#4352=EDGE_CURVE('',#5066,#5310,#5312,.T.);
#4353=FILL_AREA_STYLE('',(#5313));
#4354=EDGE_CURVE('',#5314,#5310,#5315,.T.);
#4355=EDGE_CURVE('',#5068,#5314,#5316,.T.);
#4356=FILL_AREA_STYLE('',(#5317));
#4357=EDGE_CURVE('',#5318,#5314,#5319,.T.);
#4358=EDGE_CURVE('',#5070,#5318,#5320,.T.);
#4359=FILL_AREA_STYLE('',(#5321));
#4360=EDGE_CURVE('',#5322,#5318,#5323,.T.);
#4361=EDGE_CURVE('',#5072,#5322,#5324,.T.);
#4362=FILL_AREA_STYLE('',(#5325));
#4363=EDGE_CURVE('',#5326,#5322,#5327,.T.);
#4364=EDGE_CURVE('',#5074,#5326,#5328,.T.);
#4365=FILL_AREA_STYLE('',(#5329));
#4366=EDGE_CURVE('',#5330,#5326,#5331,.T.);
#4367=EDGE_CURVE('',#5076,#5330,#5332,.T.);
#4368=FILL_AREA_STYLE('',(#5333));
#4369=EDGE_CURVE('',#5334,#5330,#5335,.T.);
#4370=EDGE_CURVE('',#5078,#5334,#5336,.T.);
#4371=FILL_AREA_STYLE('',(#5337));
#4372=EDGE_CURVE('',#5338,#5334,#5339,.T.);
#4373=EDGE_CURVE('',#5080,#5338,#5340,.T.);
#4374=FILL_AREA_STYLE('',(#5341));
#4375=EDGE_CURVE('',#5184,#5338,#5342,.T.);
#4376=FILL_AREA_STYLE('',(#5343));
#4377=EDGE_CURVE('',#5084,#5344,#5345,.T.);
#4378=EDGE_CURVE('',#5346,#5344,#5347,.T.);
#4379=EDGE_CURVE('',#5083,#5346,#5348,.T.);
#4380=FILL_AREA_STYLE('',(#5349));
#4381=EDGE_CURVE('',#5350,#5346,#5351,.T.);
#4382=EDGE_CURVE('',#5086,#5350,#5352,.T.);
#4383=FILL_AREA_STYLE('',(#5353));
#4384=EDGE_CURVE('',#5354,#5350,#5355,.T.);
#4385=EDGE_CURVE('',#5088,#5354,#5356,.T.);
#4386=FILL_AREA_STYLE('',(#5357));
#4387=EDGE_CURVE('',#5358,#5354,#5359,.T.);
#4388=EDGE_CURVE('',#5090,#5358,#5360,.T.);
#4389=FILL_AREA_STYLE('',(#5361));
#4390=EDGE_CURVE('',#5362,#5358,#5363,.T.);
#4391=EDGE_CURVE('',#5092,#5362,#5364,.T.);
#4392=FILL_AREA_STYLE('',(#5365));
#4393=EDGE_CURVE('',#5366,#5362,#5367,.T.);
#4394=EDGE_CURVE('',#5094,#5366,#5368,.T.);
#4395=FILL_AREA_STYLE('',(#5369));
#4396=EDGE_CURVE('',#5370,#5366,#5371,.T.);
#4397=EDGE_CURVE('',#5096,#5370,#5372,.T.);
#4398=FILL_AREA_STYLE('',(#5373));
#4399=EDGE_CURVE('',#5374,#5370,#5375,.T.);
#4400=EDGE_CURVE('',#5098,#5374,#5376,.T.);
#4401=FILL_AREA_STYLE('',(#5377));
#4402=EDGE_CURVE('',#5378,#5374,#5379,.T.);
#4403=EDGE_CURVE('',#5100,#5378,#5380,.T.);
#4404=FILL_AREA_STYLE('',(#5381));
#4405=EDGE_CURVE('',#5382,#5378,#5383,.T.);
#4406=EDGE_CURVE('',#5102,#5382,#5384,.T.);
#4407=FILL_AREA_STYLE('',(#5385));
#4408=EDGE_CURVE('',#5386,#5382,#5387,.T.);
#4409=EDGE_CURVE('',#5104,#5386,#5388,.T.);
#4410=FILL_AREA_STYLE('',(#5389));
#4411=EDGE_CURVE('',#5344,#5386,#5390,.T.);
#4412=FILL_AREA_STYLE('',(#5391));
#4413=EDGE_CURVE('',#5108,#5392,#5393,.T.);
#4414=EDGE_CURVE('',#5394,#5392,#5395,.T.);
#4415=EDGE_CURVE('',#5107,#5394,#5396,.T.);
#4416=FILL_AREA_STYLE('',(#5397));
#4417=EDGE_CURVE('',#5398,#5394,#5399,.T.);
#4418=EDGE_CURVE('',#5110,#5398,#5400,.T.);
#4419=FILL_AREA_STYLE('',(#5401));
#4420=EDGE_CURVE('',#5402,#5398,#5403,.T.);
#4421=EDGE_CURVE('',#5112,#5402,#5404,.T.);
#4422=FILL_AREA_STYLE('',(#5405));
#4423=EDGE_CURVE('',#5406,#5402,#5407,.T.);
#4424=EDGE_CURVE('',#5114,#5406,#5408,.T.);
#4425=FILL_AREA_STYLE('',(#5409));
#4426=EDGE_CURVE('',#5410,#5406,#5411,.T.);
#4427=EDGE_CURVE('',#5116,#5410,#5412,.T.);
#4428=FILL_AREA_STYLE('',(#5413));
#4429=EDGE_CURVE('',#5414,#5410,#5415,.T.);
#4430=EDGE_CURVE('',#5118,#5414,#5416,.T.);
#4431=FILL_AREA_STYLE('',(#5417));
#4432=EDGE_CURVE('',#5418,#5414,#5419,.T.);
#4433=EDGE_CURVE('',#5120,#5418,#5420,.T.);
#4434=FILL_AREA_STYLE('',(#5421));
#4435=EDGE_CURVE('',#5422,#5418,#5423,.T.);
#4436=EDGE_CURVE('',#5122,#5422,#5424,.T.);
#4437=FILL_AREA_STYLE('',(#5425));
#4438=EDGE_CURVE('',#5426,#5422,#5427,.T.);
#4439=EDGE_CURVE('',#5124,#5426,#5428,.T.);
#4440=FILL_AREA_STYLE('',(#5429));
#4441=EDGE_CURVE('',#5430,#5426,#5431,.T.);
#4442=EDGE_CURVE('',#5126,#5430,#5432,.T.);
#4443=FILL_AREA_STYLE('',(#5433));
#4444=EDGE_CURVE('',#5434,#5430,#5435,.T.);
#4445=EDGE_CURVE('',#5128,#5434,#5436,.T.);
#4446=FILL_AREA_STYLE('',(#5437));
#4447=EDGE_CURVE('',#5438,#5434,#5439,.T.);
#4448=EDGE_CURVE('',#5130,#5438,#5440,.T.);
#4449=FILL_AREA_STYLE('',(#5441));
#4450=EDGE_CURVE('',#5442,#5438,#5443,.T.);
#4451=EDGE_CURVE('',#5132,#5442,#5444,.T.);
#4452=FILL_AREA_STYLE('',(#5445));
#4453=EDGE_CURVE('',#5392,#5442,#5446,.T.);
#4454=FILL_AREA_STYLE('',(#5447));
#4455=EDGE_CURVE('',#5135,#5448,#5449,.T.);
#4456=EDGE_CURVE('',#5448,#5450,#5451,.T.);
#4457=EDGE_CURVE('',#5450,#5136,#5452,.T.);
#4458=FILL_AREA_STYLE('',(#5453));
#4459=EDGE_CURVE('',#5450,#5454,#5455,.T.);
#4460=EDGE_CURVE('',#5454,#5138,#5456,.T.);
#4461=FILL_AREA_STYLE('',(#5457));
#4462=EDGE_CURVE('',#5458,#5454,#5459,.T.);
#4463=EDGE_CURVE('',#5140,#5458,#5460,.T.);
#4464=FILL_AREA_STYLE('',(#5461));
#4465=EDGE_CURVE('',#5150,#5462,#5463,.T.);
#4466=EDGE_CURVE('',#5148,#5464,#5465,.T.);
#4467=EDGE_CURVE('',#5466,#5464,#5467,.T.);
#4468=EDGE_CURVE('',#5466,#5468,#5469,.T.);
#4469=EDGE_CURVE('',#5470,#5468,#5471,.T.);
#4470=EDGE_CURVE('',#5472,#5470,#5473,.T.);
#4471=EDGE_CURVE('',#5474,#5472,#5475,.T.);
#4472=EDGE_CURVE('',#5142,#5474,#5476,.T.);
#4473=EDGE_CURVE('',#5477,#5458,#5478,.T.);
#4474=EDGE_CURVE('',#5477,#5479,#5480,.T.);
#4475=EDGE_CURVE('',#5481,#5479,#5482,.T.);
#4476=EDGE_CURVE('',#5483,#5481,#5484,.T.);
#4477=EDGE_CURVE('',#5448,#5483,#5485,.T.);
#4478=EDGE_CURVE('',#5156,#5486,#5487,.T.);
#4479=EDGE_CURVE('',#5486,#5462,#5488,.T.);
#4480=FILL_AREA_STYLE('',(#5489));
#4481=EDGE_CURVE('',#5474,#5490,#5491,.T.);
#4482=EDGE_CURVE('',#5490,#5144,#5492,.T.);
#4483=FILL_AREA_STYLE('',(#5493));
#4484=EDGE_CURVE('',#5490,#5494,#5495,.T.);
#4485=EDGE_CURVE('',#5494,#5146,#5496,.T.);
#4486=FILL_AREA_STYLE('',(#5497));
#4487=EDGE_CURVE('',#5464,#5494,#5498,.T.);
#4488=FILL_AREA_STYLE('',(#5499));
#4489=EDGE_CURVE('',#5500,#5501,#5502,.T.);
#4490=EDGE_CURVE('',#5501,#5503,#5504,.T.);
#4491=EDGE_CURVE('',#5503,#5152,#5505,.T.);
#4492=EDGE_CURVE('',#5462,#5506,#5507,.T.);
#4493=EDGE_CURVE('',#5506,#5500,#5508,.T.);
#4494=FILL_AREA_STYLE('',(#5509));
#4495=EDGE_CURVE('',#5510,#5503,#5511,.T.);
#4496=EDGE_CURVE('',#5510,#5154,#5512,.T.);
#4497=FILL_AREA_STYLE('',(#5513));
#4498=EDGE_CURVE('',#5486,#5514,#5515,.T.);
#4499=EDGE_CURVE('',#5516,#5510,#5517,.T.);
#4500=EDGE_CURVE('',#5518,#5516,#5519,.T.);
#4501=EDGE_CURVE('',#5514,#5518,#5520,.T.);
#4502=FILL_AREA_STYLE('',(#5521));
#4503=FILL_AREA_STYLE('',(#5522));
#4504=FILL_AREA_STYLE('',(#5523));
#4505=FILL_AREA_STYLE('',(#5524));
#4506=EDGE_CURVE('',#5525,#5526,#5527,.T.);
#4507=EDGE_CURVE('',#5526,#5528,#5529,.T.);
#4508=EDGE_CURVE('',#5528,#5530,#5531,.T.);
#4509=EDGE_CURVE('',#5530,#5532,#5533,.T.);
#4510=EDGE_CURVE('',#5532,#5534,#5535,.T.);
#4511=EDGE_CURVE('',#5534,#5536,#5537,.T.);
#4512=EDGE_CURVE('',#5536,#5538,#5539,.T.);
#4513=EDGE_CURVE('',#5538,#5540,#5541,.T.);
#4514=EDGE_CURVE('',#5540,#5542,#5543,.T.);
#4515=EDGE_CURVE('',#5542,#5544,#5545,.T.);
#4516=EDGE_CURVE('',#5544,#5546,#5547,.T.);
#4517=EDGE_CURVE('',#5546,#5525,#5548,.T.);
#4518=FILL_AREA_STYLE('',(#5549));
#4519=EDGE_CURVE('',#5550,#5483,#5551,.T.);
#4520=EDGE_CURVE('',#5552,#5550,#5553,.T.);
#4521=EDGE_CURVE('',#5477,#5552,#5554,.T.);
#4522=FILL_AREA_STYLE('',(#5555));
#4523=EDGE_CURVE('',#5556,#5472,#5557,.T.);
#4524=EDGE_CURVE('',#5558,#5556,#5559,.T.);
#4525=EDGE_CURVE('',#5466,#5558,#5560,.T.);
#4526=FILL_AREA_STYLE('',(#5561));
#4527=EDGE_CURVE('',#5468,#5562,#5563,.T.);
#4528=EDGE_CURVE('',#5558,#5562,#5564,.T.);
#4529=FILL_AREA_STYLE('',(#5565));
#4530=EDGE_CURVE('',#5566,#5567,#5568,.T.);
#4531=EDGE_CURVE('',#5567,#5569,#5570,.T.);
#4532=EDGE_CURVE('',#5569,#5571,#5572,.T.);
#4533=EDGE_CURVE('',#5571,#5566,#5573,.T.);
#4534=EDGE_CURVE('',#5562,#5574,#5575,.T.);
#4535=EDGE_CURVE('',#5574,#5470,#5576,.T.);
#4536=FILL_AREA_STYLE('',(#5577));
#4537=EDGE_CURVE('',#5556,#5574,#5578,.T.);
#4538=FILL_AREA_STYLE('',(#5579));
#4539=EDGE_CURVE('',#5552,#5580,#5581,.T.);
#4540=EDGE_CURVE('',#5479,#5580,#5582,.T.);
#4541=FILL_AREA_STYLE('',(#5583));
#4542=EDGE_CURVE('',#5584,#5585,#5586,.T.);
#4543=EDGE_CURVE('',#5585,#5587,#5588,.T.);
#4544=EDGE_CURVE('',#5587,#5589,#5590,.T.);
#4545=EDGE_CURVE('',#5589,#5584,#5591,.T.);
#4546=EDGE_CURVE('',#5580,#5592,#5593,.T.);
#4547=EDGE_CURVE('',#5592,#5481,#5594,.T.);
#4548=FILL_AREA_STYLE('',(#5595));
#4549=EDGE_CURVE('',#5550,#5592,#5596,.T.);
#4550=FILL_AREA_STYLE('',(#5597));
#4551=EDGE_CURVE('',#5598,#5599,#5600,.T.);
#4552=EDGE_CURVE('',#5599,#5601,#5602,.T.);
#4553=EDGE_CURVE('',#5603,#5601,#5604,.T.);
#4554=EDGE_CURVE('',#5603,#5605,#5606,.T.);
#4555=EDGE_CURVE('',#5607,#5605,#5608,.T.);
#4556=EDGE_CURVE('',#5609,#5607,#5610,.T.);
#4557=EDGE_CURVE('',#5611,#5609,#5612,.T.);
#4558=EDGE_CURVE('',#5611,#5613,#5614,.T.);
#4559=EDGE_CURVE('',#5613,#5615,#5616,.T.);
#4560=EDGE_CURVE('',#5615,#5617,#5618,.T.);
#4561=EDGE_CURVE('',#5619,#5617,#5620,.T.);
#4562=EDGE_CURVE('',#5506,#5619,#5621,.T.);
#4563=EDGE_CURVE('',#5598,#5514,#5622,.T.);
#4564=FILL_AREA_STYLE('',(#5623));
#4565=EDGE_CURVE('',#5624,#5500,#5625,.T.);
#4566=EDGE_CURVE('',#5624,#5626,#5627,.T.);
#4567=EDGE_CURVE('',#5628,#5626,#5629,.T.);
#4568=EDGE_CURVE('',#5628,#5630,#5631,.T.);
#4569=EDGE_CURVE('',#5518,#5630,#5632,.T.);
#4570=EDGE_CURVE('',#5516,#5501,#5633,.T.);
#4571=FILL_AREA_STYLE('',(#5634));
#4572=FILL_AREA_STYLE('',(#5635));
#4573=EDGE_CURVE('',#5624,#5619,#5636,.T.);
#4574=FILL_AREA_STYLE('',(#5637));
#4575=EDGE_CURVE('',#5598,#5630,#5638,.T.);
#4576=FILL_AREA_STYLE('',(#5639));
#4577=EDGE_CURVE('',#5640,#5526,#5641,.T.);
#4578=EDGE_CURVE('',#5642,#5525,#5643,.T.);
#4579=EDGE_CURVE('',#5642,#5640,#5644,.T.);
#4580=FILL_AREA_STYLE('',(#5645));
#4581=EDGE_CURVE('',#5646,#5528,#5647,.T.);
#4582=EDGE_CURVE('',#5640,#5646,#5648,.T.);
#4583=FILL_AREA_STYLE('',(#5649));
#4584=EDGE_CURVE('',#5650,#5530,#5651,.T.);
#4585=EDGE_CURVE('',#5646,#5650,#5652,.T.);
#4586=FILL_AREA_STYLE('',(#5653));
#4587=EDGE_CURVE('',#5654,#5532,#5655,.T.);
#4588=EDGE_CURVE('',#5650,#5654,#5656,.T.);
#4589=FILL_AREA_STYLE('',(#5657));
#4590=EDGE_CURVE('',#5658,#5534,#5659,.T.);
#4591=EDGE_CURVE('',#5654,#5658,#5660,.T.);
#4592=FILL_AREA_STYLE('',(#5661));
#4593=EDGE_CURVE('',#5662,#5536,#5663,.T.);
#4594=EDGE_CURVE('',#5658,#5662,#5664,.T.);
#4595=FILL_AREA_STYLE('',(#5665));
#4596=EDGE_CURVE('',#5666,#5538,#5667,.T.);
#4597=EDGE_CURVE('',#5662,#5666,#5668,.T.);
#4598=FILL_AREA_STYLE('',(#5669));
#4599=EDGE_CURVE('',#5670,#5540,#5671,.T.);
#4600=EDGE_CURVE('',#5666,#5670,#5672,.T.);
#4601=FILL_AREA_STYLE('',(#5673));
#4602=EDGE_CURVE('',#5674,#5542,#5675,.T.);
#4603=EDGE_CURVE('',#5670,#5674,#5676,.T.);
#4604=FILL_AREA_STYLE('',(#5677));
#4605=EDGE_CURVE('',#5678,#5544,#5679,.T.);
#4606=EDGE_CURVE('',#5674,#5678,#5680,.T.);
#4607=FILL_AREA_STYLE('',(#5681));
#4608=EDGE_CURVE('',#5682,#5546,#5683,.T.);
#4609=EDGE_CURVE('',#5678,#5682,#5684,.T.);
#4610=FILL_AREA_STYLE('',(#5685));
#4611=EDGE_CURVE('',#5682,#5642,#5686,.T.);
#4612=FILL_AREA_STYLE('',(#5687));
#4613=FILL_AREA_STYLE('',(#5688));
#4614=FILL_AREA_STYLE('',(#5689));
#4615=EDGE_CURVE('',#5690,#5567,#5691,.T.);
#4616=EDGE_CURVE('',#5692,#5566,#5693,.T.);
#4617=EDGE_CURVE('',#5692,#5690,#5694,.T.);
#4618=FILL_AREA_STYLE('',(#5695));
#4619=EDGE_CURVE('',#5696,#5569,#5697,.T.);
#4620=EDGE_CURVE('',#5690,#5696,#5698,.T.);
#4621=FILL_AREA_STYLE('',(#5699));
#4622=EDGE_CURVE('',#5700,#5571,#5701,.T.);
#4623=EDGE_CURVE('',#5696,#5700,#5702,.T.);
#4624=FILL_AREA_STYLE('',(#5703));
#4625=EDGE_CURVE('',#5700,#5692,#5704,.T.);
#4626=FILL_AREA_STYLE('',(#5705));
#4627=EDGE_CURVE('',#5706,#5707,#5708,.T.);
#4628=EDGE_CURVE('',#5707,#5585,#5709,.T.);
#4629=EDGE_CURVE('',#5706,#5584,#5710,.T.);
#4630=FILL_AREA_STYLE('',(#5711));
#4631=EDGE_CURVE('',#5707,#5712,#5713,.T.);
#4632=EDGE_CURVE('',#5712,#5587,#5714,.T.);
#4633=FILL_AREA_STYLE('',(#5715));
#4634=EDGE_CURVE('',#5712,#5716,#5717,.T.);
#4635=EDGE_CURVE('',#5716,#5589,#5718,.T.);
#4636=FILL_AREA_STYLE('',(#5719));
#4637=EDGE_CURVE('',#5716,#5706,#5720,.T.);
#4638=FILL_AREA_STYLE('',(#5721));
#4639=EDGE_CURVE('',#5722,#5630,#5723,.T.);
#4640=EDGE_CURVE('',#5599,#5722,#5724,.T.);
#4641=FILL_AREA_STYLE('',(#5725));
#4642=EDGE_CURVE('',#5601,#5726,#5727,.T.);
#4643=EDGE_CURVE('',#5726,#5722,#5728,.T.);
#4644=FILL_AREA_STYLE('',(#5729));
#4645=EDGE_CURVE('',#5730,#5726,#5731,.T.);
#4646=EDGE_CURVE('',#5732,#5730,#5733,.T.);
#4647=EDGE_CURVE('',#5732,#5734,#5735,.T.);
#4648=EDGE_CURVE('',#5736,#5734,#5737,.T.);
#4649=EDGE_CURVE('',#5738,#5736,#5739,.T.);
#4650=EDGE_CURVE('',#5740,#5738,#5741,.T.);
#4651=EDGE_CURVE('',#5740,#5603,#5742,.T.);
#4652=FILL_AREA_STYLE('',(#5743));
#4653=EDGE_CURVE('',#5740,#5744,#5745,.T.);
#4654=EDGE_CURVE('',#5744,#5605,#5746,.T.);
#4655=FILL_AREA_STYLE('',(#5747));
#4656=EDGE_CURVE('',#5748,#5749,#5750,.T.);
#4657=EDGE_CURVE('',#5751,#5749,#5752,.T.);
#4658=EDGE_CURVE('',#5607,#5751,#5753,.T.);
#4659=EDGE_CURVE('',#5754,#5744,#5755,.T.);
#4660=EDGE_CURVE('',#5756,#5754,#5757,.T.);
#4661=EDGE_CURVE('',#5748,#5756,#5758,.T.);
#4662=FILL_AREA_STYLE('',(#5759));
#4663=EDGE_CURVE('',#5760,#5609,#5761,.T.);
#4664=EDGE_CURVE('',#5760,#5751,#5762,.T.);
#4665=FILL_AREA_STYLE('',(#5763));
#4666=EDGE_CURVE('',#5764,#5765,#5766,.T.);
#4667=EDGE_CURVE('',#5767,#5765,#5768,.T.);
#4668=EDGE_CURVE('',#5611,#5767,#5769,.T.);
#4669=EDGE_CURVE('',#5770,#5760,#5771,.T.);
#4670=EDGE_CURVE('',#5772,#5770,#5773,.T.);
#4671=EDGE_CURVE('',#5764,#5772,#5774,.T.);
#4672=FILL_AREA_STYLE('',(#5775));
#4673=EDGE_CURVE('',#5776,#5613,#5777,.T.);
#4674=EDGE_CURVE('',#5767,#5776,#5778,.T.);
#4675=FILL_AREA_STYLE('',(#5779));
#4676=EDGE_CURVE('',#5780,#5781,#5782,.T.);
#4677=EDGE_CURVE('',#5780,#5783,#5784,.T.);
#4678=EDGE_CURVE('',#5783,#5785,#5786,.T.);
#4679=EDGE_CURVE('',#5615,#5785,#5787,.T.);
#4680=EDGE_CURVE('',#5776,#5788,#5789,.T.);
#4681=EDGE_CURVE('',#5788,#5790,#5791,.T.);
#4682=EDGE_CURVE('',#5790,#5781,#5792,.T.);
#4683=FILL_AREA_STYLE('',(#5793));
#4684=EDGE_CURVE('',#5794,#5785,#5795,.T.);
#4685=EDGE_CURVE('',#5794,#5617,#5796,.T.);
#4686=FILL_AREA_STYLE('',(#5797));
#4687=EDGE_CURVE('',#5794,#5624,#5798,.T.);
#4688=FILL_AREA_STYLE('',(#5799));
#4689=EDGE_CURVE('',#5794,#5800,#5801,.T.);
#4690=EDGE_CURVE('',#5800,#5626,#5802,.T.);
#4691=FILL_AREA_STYLE('',(#5803));
#4692=EDGE_CURVE('',#5628,#5804,#5805,.T.);
#4693=EDGE_CURVE('',#5806,#5626,#5807,.T.);
#4694=EDGE_CURVE('',#5806,#5804,#5808,.T.);
#4695=FILL_AREA_STYLE('',(#5809));
#4696=EDGE_CURVE('',#5810,#5722,#5811,.T.);
#4697=EDGE_CURVE('',#5810,#5628,#5812,.T.);
#4698=FILL_AREA_STYLE('',(#5813));
#4699=FILL_AREA_STYLE('',(#5814));
#4700=EDGE_CURVE('',#4914,#4908,#5815,.T.);
#4701=EDGE_CURVE('',#4905,#4917,#5816,.T.);
#4702=FILL_AREA_STYLE('',(#5817));
#4703=EDGE_CURVE('',#4896,#4890,#5818,.T.);
#4704=EDGE_CURVE('',#4887,#4899,#5819,.T.);
#4705=FILL_AREA_STYLE('',(#5820));
#4706=EDGE_CURVE('',#5810,#5800,#5821,.T.);
#4707=EDGE_CURVE('',#5822,#5783,#5823,.T.);
#4708=EDGE_CURVE('',#5824,#5822,#5825,.T.);
#4709=EDGE_CURVE('',#5826,#5824,#5827,.T.);
#4710=EDGE_CURVE('',#5826,#5828,#5829,.T.);
#4711=EDGE_CURVE('',#5830,#5828,#5831,.T.);
#4712=EDGE_CURVE('',#5832,#5830,#5833,.T.);
#4713=EDGE_CURVE('',#5834,#5832,#5835,.T.);
#4714=EDGE_CURVE('',#5834,#5836,#5837,.T.);
#4715=EDGE_CURVE('',#5730,#5836,#5838,.T.);
#4716=FILL_AREA_STYLE('',(#5839));
#4717=EDGE_CURVE('',#5836,#5840,#5841,.T.);
#4718=EDGE_CURVE('',#5840,#5732,#5842,.T.);
#4719=FILL_AREA_STYLE('',(#5843));
#4720=EDGE_CURVE('',#5844,#5840,#5845,.T.);
#4721=EDGE_CURVE('',#5734,#5844,#5846,.T.);
#4722=FILL_AREA_STYLE('',(#5847));
#4723=EDGE_CURVE('',#5834,#5844,#5848,.T.);
#4724=EDGE_CURVE('',#5832,#5849,#5850,.T.);
#4725=EDGE_CURVE('',#5849,#5851,#5852,.T.);
#4726=EDGE_CURVE('',#5826,#5851,#5853,.T.);
#4727=EDGE_CURVE('',#5824,#5854,#5855,.T.);
#4728=EDGE_CURVE('',#5854,#5781,#5856,.T.);
#4729=EDGE_CURVE('',#5857,#5790,#5858,.T.);
#4730=EDGE_CURVE('',#5764,#5857,#5859,.T.);
#4731=EDGE_CURVE('',#5860,#5772,#5861,.T.);
#4732=EDGE_CURVE('',#5860,#5862,#5863,.T.);
#4733=EDGE_CURVE('',#5748,#5862,#5864,.T.);
#4734=EDGE_CURVE('',#5865,#5756,#5866,.T.);
#4735=EDGE_CURVE('',#5736,#5865,#5867,.T.);
#4736=EDGE_CURVE('',#5868,#5869,#5870,.T.);
#4737=EDGE_CURVE('',#5869,#5868,#5871,.T.);
#4738=EDGE_CURVE('',#5872,#5873,#5874,.T.);
#4739=EDGE_CURVE('',#5873,#5872,#5875,.T.);
#4740=FILL_AREA_STYLE('',(#5876));
#4741=EDGE_CURVE('',#5865,#5877,#5878,.T.);
#4742=EDGE_CURVE('',#5738,#5877,#5879,.T.);
#4743=FILL_AREA_STYLE('',(#5880));
#4744=EDGE_CURVE('',#5877,#5754,#5881,.T.);
#4745=FILL_AREA_STYLE('',(#5882));
#4746=EDGE_CURVE('',#5862,#5883,#5884,.T.);
#4747=EDGE_CURVE('',#5749,#5883,#5885,.T.);
#4748=FILL_AREA_STYLE('',(#5886));
#4749=EDGE_CURVE('',#5887,#5770,#5888,.T.);
#4750=EDGE_CURVE('',#5883,#5887,#5889,.T.);
#4751=FILL_AREA_STYLE('',(#5890));
#4752=FILL_AREA_STYLE('',(#5891));
#4753=EDGE_CURVE('',#5857,#5892,#5893,.T.);
#4754=EDGE_CURVE('',#5765,#5892,#5894,.T.);
#4755=FILL_AREA_STYLE('',(#5895));
#4756=EDGE_CURVE('',#5892,#5788,#5896,.T.);
#4757=FILL_AREA_STYLE('',(#5897));
#4758=EDGE_CURVE('',#5860,#5887,#5898,.T.);
#4759=FILL_AREA_STYLE('',(#5899));
#4760=EDGE_CURVE('',#5854,#5900,#5901,.T.);
#4761=EDGE_CURVE('',#5780,#5900,#5902,.T.);
#4762=FILL_AREA_STYLE('',(#5903));
#4763=EDGE_CURVE('',#5900,#5822,#5904,.T.);
#4764=FILL_AREA_STYLE('',(#5905));
#4765=FILL_AREA_STYLE('',(#5906));
#4766=EDGE_CURVE('',#5806,#5907,#5908,.T.);
#4767=EDGE_CURVE('',#5907,#5800,#5909,.T.);
#4768=FILL_AREA_STYLE('',(#5910));
#4769=EDGE_CURVE('',#5804,#5911,#5912,.T.);
#4770=EDGE_CURVE('',#5810,#5911,#5913,.T.);
#4771=FILL_AREA_STYLE('',(#5914));
#4772=EDGE_CURVE('',#5907,#5911,#5915,.T.);
#4773=FILL_AREA_STYLE('',(#5916));
#4774=EDGE_CURVE('',#4915,#4910,#5917,.T.);
#4775=FILL_AREA_STYLE('',(#5918));
#4776=EDGE_CURVE('',#4906,#4919,#5919,.T.);
#4777=FILL_AREA_STYLE('',(#5920));
#4778=EDGE_CURVE('',#4897,#4892,#5921,.T.);
#4779=FILL_AREA_STYLE('',(#5922));
#4780=EDGE_CURVE('',#4888,#4901,#5923,.T.);
#4781=FILL_AREA_STYLE('',(#5924));
#4782=FILL_AREA_STYLE('',(#5925));
#4783=FILL_AREA_STYLE('',(#5926));
#4784=EDGE_CURVE('',#5851,#5927,#5928,.T.);
#4785=EDGE_CURVE('',#5828,#5927,#5929,.T.);
#4786=FILL_AREA_STYLE('',(#5930));
#4787=EDGE_CURVE('',#5927,#5931,#5932,.T.);
#4788=EDGE_CURVE('',#5931,#5830,#5933,.T.);
#4789=FILL_AREA_STYLE('',(#5934));
#4790=EDGE_CURVE('',#5849,#5931,#5935,.T.);
#4791=FILL_AREA_STYLE('',(#5936));
#4792=FILL_AREA_STYLE('',(#5937));
#4793=FILL_AREA_STYLE('',(#5938));
#4794=FILL_AREA_STYLE('',(#5939));
#4795=EDGE_CURVE('',#5868,#4892,#5940,.T.);
#4796=EDGE_CURVE('',#5869,#4901,#5941,.T.);
#4797=FILL_AREA_STYLE('',(#5942));
#4798=FILL_AREA_STYLE('',(#5943));
#4799=EDGE_CURVE('',#5872,#4910,#5944,.T.);
#4800=EDGE_CURVE('',#5873,#4919,#5945,.T.);
#4801=FILL_AREA_STYLE('',(#5946));
#4802=FILL_AREA_STYLE('',(#5947));
#4803=EDGE_CURVE('',#5948,#5949,#5950,.T.);
#4804=EDGE_CURVE('',#5951,#5949,#5952,.T.);
#4805=EDGE_CURVE('',#5953,#5951,#5954,.T.);
#4806=EDGE_CURVE('',#5953,#5948,#5955,.T.);
#4807=FILL_AREA_STYLE('',(#5956));
#4808=EDGE_CURVE('',#5957,#5958,#5959,.T.);
#4809=EDGE_CURVE('',#5949,#5958,#5960,.T.);
#4810=EDGE_CURVE('',#5948,#5957,#5961,.T.);
#4811=FILL_AREA_STYLE('',(#5962));
#4812=EDGE_CURVE('',#5949,#5963,#5964,.T.);
#4813=EDGE_CURVE('',#5965,#5963,#5966,.T.);
#4814=EDGE_CURVE('',#5951,#5965,#5967,.T.);
#4815=FILL_AREA_STYLE('',(#5968));
#4816=EDGE_CURVE('',#5951,#5969,#5970,.T.);
#4817=EDGE_CURVE('',#5971,#5969,#5972,.T.);
#4818=EDGE_CURVE('',#5953,#5971,#5973,.T.);
#4819=FILL_AREA_STYLE('',(#5974));
#4820=EDGE_CURVE('',#5953,#5975,#5976,.T.);
#4821=EDGE_CURVE('',#5977,#5975,#5978,.T.);
#4822=EDGE_CURVE('',#5948,#5977,#5979,.T.);
#4823=FILL_AREA_STYLE('',(#5980));
#4824=EDGE_CURVE('',#5969,#5958,#5981,.T.);
#4825=EDGE_CURVE('',#5971,#5957,#5982,.T.);
#4826=FILL_AREA_STYLE('',(#5983));
#4827=EDGE_CURVE('',#5958,#5984,#5985,.T.);
#4828=EDGE_CURVE('',#5963,#5984,#5986,.T.);
#4829=FILL_AREA_STYLE('',(#5987));
#4830=EDGE_CURVE('',#5988,#5977,#5989,.T.);
#4831=EDGE_CURVE('',#5957,#5988,#5990,.T.);
#4832=FILL_AREA_STYLE('',(#5991));
#4833=EDGE_CURVE('',#5984,#5992,#5993,.T.);
#4834=EDGE_CURVE('',#5992,#5965,#5994,.T.);
#4835=FILL_AREA_STYLE('',(#5995));
#4836=EDGE_CURVE('',#5969,#5992,#5996,.T.);
#4837=FILL_AREA_STYLE('',(#5997));
#4838=EDGE_CURVE('',#5971,#5998,#5999,.T.);
#4839=EDGE_CURVE('',#5975,#5998,#6000,.T.);
#4840=FILL_AREA_STYLE('',(#6001));
#4841=EDGE_CURVE('',#5998,#5988,#6002,.T.);
#4842=FILL_AREA_STYLE('',(#6003));
#4843=FILL_AREA_STYLE('',(#6004));
#4844=FILL_AREA_STYLE('',(#6005));
#4845=EDGE_CURVE('',#6006,#6007,#6008,.T.);
#4846=EDGE_CURVE('',#6009,#6007,#6010,.T.);
#4847=EDGE_CURVE('',#6011,#6009,#6012,.T.);
#4848=EDGE_CURVE('',#6011,#6006,#6013,.T.);
#4849=FILL_AREA_STYLE('',(#6014));
#4850=EDGE_CURVE('',#6015,#6016,#6017,.T.);
#4851=EDGE_CURVE('',#6007,#6016,#6018,.T.);
#4852=EDGE_CURVE('',#6006,#6015,#6019,.T.);
#4853=FILL_AREA_STYLE('',(#6020));
#4854=EDGE_CURVE('',#6007,#6021,#6022,.T.);
#4855=EDGE_CURVE('',#6023,#6021,#6024,.T.);
#4856=EDGE_CURVE('',#6009,#6023,#6025,.T.);
#4857=FILL_AREA_STYLE('',(#6026));
#4858=EDGE_CURVE('',#6009,#6027,#6028,.T.);
#4859=EDGE_CURVE('',#6029,#6027,#6030,.T.);
#4860=EDGE_CURVE('',#6011,#6029,#6031,.T.);
#4861=FILL_AREA_STYLE('',(#6032));
#4862=EDGE_CURVE('',#6011,#6033,#6034,.T.);
#4863=EDGE_CURVE('',#6035,#6033,#6036,.T.);
#4864=EDGE_CURVE('',#6006,#6035,#6037,.T.);
#4865=FILL_AREA_STYLE('',(#6038));
#4866=EDGE_CURVE('',#6027,#6016,#6039,.T.);
#4867=EDGE_CURVE('',#6029,#6015,#6040,.T.);
#4868=FILL_AREA_STYLE('',(#6041));
#4869=EDGE_CURVE('',#6016,#6042,#6043,.T.);
#4870=EDGE_CURVE('',#6021,#6042,#6044,.T.);
#4871=FILL_AREA_STYLE('',(#6045));
#4872=EDGE_CURVE('',#6046,#6035,#6047,.T.);
#4873=EDGE_CURVE('',#6015,#6046,#6048,.T.);
#4874=FILL_AREA_STYLE('',(#6049));
#4875=EDGE_CURVE('',#6042,#6050,#6051,.T.);
#4876=EDGE_CURVE('',#6050,#6023,#6052,.T.);
#4877=FILL_AREA_STYLE('',(#6053));
#4878=EDGE_CURVE('',#6027,#6050,#6054,.T.);
#4879=FILL_AREA_STYLE('',(#6055));
#4880=EDGE_CURVE('',#6029,#6056,#6057,.T.);
#4881=EDGE_CURVE('',#6033,#6056,#6058,.T.);
#4882=FILL_AREA_STYLE('',(#6059));
#4883=EDGE_CURVE('',#6056,#6046,#6060,.T.);
#4884=FILL_AREA_STYLE('',(#6061));
#4885=FILL_AREA_STYLE('',(#6062));
#4886=FILL_AREA_STYLE_COLOUR('',#6063);
#4887=VERTEX_POINT('',#6064);
#4888=VERTEX_POINT('',#6065);
#4889=CIRCLE('',#6066,0.1);
#4890=VERTEX_POINT('',#6067);
#4891=CIRCLE('',#6068,0.8);
#4892=VERTEX_POINT('',#6069);
#4893=CIRCLE('',#6070,0.0999999999999996);
#4894=CIRCLE('',#6071,0.9);
#4895=FILL_AREA_STYLE_COLOUR('',#6072);
#4896=VERTEX_POINT('',#6073);
#4897=VERTEX_POINT('',#6074);
#4898=CIRCLE('',#6075,0.1);
#4899=VERTEX_POINT('',#6076);
#4900=CIRCLE('',#6077,0.8);
#4901=VERTEX_POINT('',#6078);
#4902=CIRCLE('',#6079,0.0999999999999996);
#4903=CIRCLE('',#6080,0.9);
#4904=FILL_AREA_STYLE_COLOUR('',#6081);
#4905=VERTEX_POINT('',#6082);
#4906=VERTEX_POINT('',#6083);
#4907=CIRCLE('',#6084,0.1);
#4908=VERTEX_POINT('',#6085);
#4909=CIRCLE('',#6086,0.8);
#4910=VERTEX_POINT('',#6087);
#4911=CIRCLE('',#6088,0.0999999999999996);
#4912=CIRCLE('',#6089,0.9);
#4913=FILL_AREA_STYLE_COLOUR('',#6090);
#4914=VERTEX_POINT('',#6091);
#4915=VERTEX_POINT('',#6092);
#4916=CIRCLE('',#6093,0.1);
#4917=VERTEX_POINT('',#6094);
#4918=CIRCLE('',#6095,0.8);
#4919=VERTEX_POINT('',#6096);
#4920=CIRCLE('',#6097,0.0999999999999996);
#4921=CIRCLE('',#6098,0.9);
#4922=FILL_AREA_STYLE_COLOUR('',#6099);
#4923=VERTEX_POINT('',#6100);
#4924=VERTEX_POINT('',#6101);
#4925=LINE('',#6102,#6103);
#4926=VERTEX_POINT('',#6104);
#4927=LINE('',#6105,#6106);
#4928=LINE('',#6107,#6108);
#4929=FILL_AREA_STYLE_COLOUR('',#6109);
#4930=VERTEX_POINT('',#6110);
#4931=LINE('',#6111,#6112);
#4932=VERTEX_POINT('',#6113);
#4933=LINE('',#6114,#6115);
#4934=LINE('',#6116,#6117);
#4935=FILL_AREA_STYLE_COLOUR('',#6118);
#4936=VERTEX_POINT('',#6119);
#4937=LINE('',#6120,#6121);
#4938=LINE('',#6122,#6123);
#4939=FILL_AREA_STYLE_COLOUR('',#6124);
#4940=LINE('',#6125,#6126);
#4941=FILL_AREA_STYLE_COLOUR('',#6127);
#4942=VERTEX_POINT('',#6128);
#4943=VERTEX_POINT('',#6129);
#4944=LINE('',#6130,#6131);
#4945=VERTEX_POINT('',#6132);
#4946=LINE('',#6133,#6134);
#4947=VERTEX_POINT('',#6135);
#4948=LINE('',#6136,#6137);
#4949=VERTEX_POINT('',#6138);
#4950=LINE('',#6139,#6140);
#4951=VERTEX_POINT('',#6141);
#4952=LINE('',#6142,#6143);
#4953=VERTEX_POINT('',#6144);
#4954=LINE('',#6145,#6146);
#4955=VERTEX_POINT('',#6147);
#4956=LINE('',#6148,#6149);
#4957=LINE('',#6150,#6151);
#4958=FILL_AREA_STYLE_COLOUR('',#6152);
#4959=VERTEX_POINT('',#6153);
#4960=LINE('',#6154,#6155);
#4961=VERTEX_POINT('',#6156);
#4962=LINE('',#6157,#6158);
#4963=LINE('',#6159,#6160);
#4964=FILL_AREA_STYLE_COLOUR('',#6161);
#4965=VERTEX_POINT('',#6162);
#4966=LINE('',#6163,#6164);
#4967=LINE('',#6165,#6166);
#4968=FILL_AREA_STYLE_COLOUR('',#6167);
#4969=VERTEX_POINT('',#6168);
#4970=LINE('',#6169,#6170);
#4971=LINE('',#6171,#6172);
#4972=FILL_AREA_STYLE_COLOUR('',#6173);
#4973=VERTEX_POINT('',#6174);
#4974=LINE('',#6175,#6176);
#4975=LINE('',#6177,#6178);
#4976=FILL_AREA_STYLE_COLOUR('',#6179);
#4977=VERTEX_POINT('',#6180);
#4978=LINE('',#6181,#6182);
#4979=LINE('',#6183,#6184);
#4980=FILL_AREA_STYLE_COLOUR('',#6185);
#4981=VERTEX_POINT('',#6186);
#4982=LINE('',#6187,#6188);
#4983=LINE('',#6189,#6190);
#4984=FILL_AREA_STYLE_COLOUR('',#6191);
#4985=VERTEX_POINT('',#6192);
#4986=LINE('',#6193,#6194);
#4987=LINE('',#6195,#6196);
#4988=FILL_AREA_STYLE_COLOUR('',#6197);
#4989=LINE('',#6198,#6199);
#4990=FILL_AREA_STYLE_COLOUR('',#6200);
#4991=VERTEX_POINT('',#6201);
#4992=VERTEX_POINT('',#6202);
#4993=LINE('',#6203,#6204);
#4994=VERTEX_POINT('',#6205);
#4995=LINE('',#6206,#6207);
#4996=VERTEX_POINT('',#6208);
#4997=LINE('',#6209,#6210);
#4998=VERTEX_POINT('',#6211);
#4999=LINE('',#6212,#6213);
#5000=VERTEX_POINT('',#6214);
#5001=LINE('',#6215,#6216);
#5002=LINE('',#6217,#6218);
#5003=VERTEX_POINT('',#6219);
#5004=VERTEX_POINT('',#6220);
#5005=LINE('',#6221,#6222);
#5006=VERTEX_POINT('',#6223);
#5007=LINE('',#6224,#6225);
#5008=VERTEX_POINT('',#6226);
#5009=LINE('',#6227,#6228);
#5010=VERTEX_POINT('',#6229);
#5011=LINE('',#6230,#6231);
#5012=VERTEX_POINT('',#6232);
#5013=LINE('',#6233,#6234);
#5014=VERTEX_POINT('',#6235);
#5015=LINE('',#6236,#6237);
#5016=VERTEX_POINT('',#6238);
#5017=LINE('',#6239,#6240);
#5018=VERTEX_POINT('',#6241);
#5019=LINE('',#6242,#6243);
#5020=VERTEX_POINT('',#6244);
#5021=LINE('',#6245,#6246);
#5022=VERTEX_POINT('',#6247);
#5023=LINE('',#6248,#6249);
#5024=VERTEX_POINT('',#6250);
#5025=LINE('',#6251,#6252);
#5026=VERTEX_POINT('',#6253);
#5027=LINE('',#6254,#6255);
#5028=VERTEX_POINT('',#6256);
#5029=LINE('',#6257,#6258);
#5030=VERTEX_POINT('',#6259);
#5031=LINE('',#6260,#6261);
#5032=VERTEX_POINT('',#6262);
#5033=LINE('',#6263,#6264);
#5034=VERTEX_POINT('',#6265);
#5035=LINE('',#6266,#6267);
#5036=VERTEX_POINT('',#6268);
#5037=LINE('',#6269,#6270);
#5038=VERTEX_POINT('',#6271);
#5039=LINE('',#6272,#6273);
#5040=VERTEX_POINT('',#6274);
#5041=LINE('',#6275,#6276);
#5042=VERTEX_POINT('',#6277);
#5043=LINE('',#6278,#6279);
#5044=VERTEX_POINT('',#6280);
#5045=LINE('',#6281,#6282);
#5046=VERTEX_POINT('',#6283);
#5047=LINE('',#6284,#6285);
#5048=VERTEX_POINT('',#6286);
#5049=LINE('',#6287,#6288);
#5050=VERTEX_POINT('',#6289);
#5051=LINE('',#6290,#6291);
#5052=VERTEX_POINT('',#6292);
#5053=LINE('',#6293,#6294);
#5054=VERTEX_POINT('',#6295);
#5055=LINE('',#6296,#6297);
#5056=VERTEX_POINT('',#6298);
#5057=LINE('',#6299,#6300);
#5058=VERTEX_POINT('',#6301);
#5059=LINE('',#6302,#6303);
#5060=VERTEX_POINT('',#6304);
#5061=LINE('',#6305,#6306);
#5062=VERTEX_POINT('',#6307);
#5063=LINE('',#6308,#6309);
#5064=VERTEX_POINT('',#6310);
#5065=LINE('',#6311,#6312);
#5066=VERTEX_POINT('',#6313);
#5067=LINE('',#6314,#6315);
#5068=VERTEX_POINT('',#6316);
#5069=LINE('',#6317,#6318);
#5070=VERTEX_POINT('',#6319);
#5071=LINE('',#6320,#6321);
#5072=VERTEX_POINT('',#6322);
#5073=LINE('',#6323,#6324);
#5074=VERTEX_POINT('',#6325);
#5075=LINE('',#6326,#6327);
#5076=VERTEX_POINT('',#6328);
#5077=LINE('',#6329,#6330);
#5078=VERTEX_POINT('',#6331);
#5079=LINE('',#6332,#6333);
#5080=VERTEX_POINT('',#6334);
#5081=LINE('',#6335,#6336);
#5082=LINE('',#6337,#6338);
#5083=VERTEX_POINT('',#6339);
#5084=VERTEX_POINT('',#6340);
#5085=LINE('',#6341,#6342);
#5086=VERTEX_POINT('',#6343);
#5087=LINE('',#6344,#6345);
#5088=VERTEX_POINT('',#6346);
#5089=LINE('',#6347,#6348);
#5090=VERTEX_POINT('',#6349);
#5091=LINE('',#6350,#6351);
#5092=VERTEX_POINT('',#6352);
#5093=LINE('',#6353,#6354);
#5094=VERTEX_POINT('',#6355);
#5095=LINE('',#6356,#6357);
#5096=VERTEX_POINT('',#6358);
#5097=LINE('',#6359,#6360);
#5098=VERTEX_POINT('',#6361);
#5099=LINE('',#6362,#6363);
#5100=VERTEX_POINT('',#6364);
#5101=LINE('',#6365,#6366);
#5102=VERTEX_POINT('',#6367);
#5103=LINE('',#6368,#6369);
#5104=VERTEX_POINT('',#6370);
#5105=LINE('',#6371,#6372);
#5106=LINE('',#6373,#6374);
#5107=VERTEX_POINT('',#6375);
#5108=VERTEX_POINT('',#6376);
#5109=LINE('',#6377,#6378);
#5110=VERTEX_POINT('',#6379);
#5111=LINE('',#6380,#6381);
#5112=VERTEX_POINT('',#6382);
#5113=LINE('',#6383,#6384);
#5114=VERTEX_POINT('',#6385);
#5115=LINE('',#6386,#6387);
#5116=VERTEX_POINT('',#6388);
#5117=LINE('',#6389,#6390);
#5118=VERTEX_POINT('',#6391);
#5119=LINE('',#6392,#6393);
#5120=VERTEX_POINT('',#6394);
#5121=LINE('',#6395,#6396);
#5122=VERTEX_POINT('',#6397);
#5123=LINE('',#6398,#6399);
#5124=VERTEX_POINT('',#6400);
#5125=LINE('',#6401,#6402);
#5126=VERTEX_POINT('',#6403);
#5127=LINE('',#6404,#6405);
#5128=VERTEX_POINT('',#6406);
#5129=LINE('',#6407,#6408);
#5130=VERTEX_POINT('',#6409);
#5131=LINE('',#6410,#6411);
#5132=VERTEX_POINT('',#6412);
#5133=LINE('',#6413,#6414);
#5134=LINE('',#6415,#6416);
#5135=VERTEX_POINT('',#6417);
#5136=VERTEX_POINT('',#6418);
#5137=LINE('',#6419,#6420);
#5138=VERTEX_POINT('',#6421);
#5139=LINE('',#6422,#6423);
#5140=VERTEX_POINT('',#6424);
#5141=LINE('',#6425,#6426);
#5142=VERTEX_POINT('',#6427);
#5143=LINE('',#6428,#6429);
#5144=VERTEX_POINT('',#6430);
#5145=LINE('',#6431,#6432);
#5146=VERTEX_POINT('',#6433);
#5147=LINE('',#6434,#6435);
#5148=VERTEX_POINT('',#6436);
#5149=LINE('',#6437,#6438);
#5150=VERTEX_POINT('',#6439);
#5151=LINE('',#6440,#6441);
#5152=VERTEX_POINT('',#6442);
#5153=LINE('',#6443,#6444);
#5154=VERTEX_POINT('',#6445);
#5155=LINE('',#6446,#6447);
#5156=VERTEX_POINT('',#6448);
#5157=LINE('',#6449,#6450);
#5158=LINE('',#6451,#6452);
#5159=FILL_AREA_STYLE_COLOUR('',#6453);
#5160=VERTEX_POINT('',#6454);
#5161=LINE('',#6455,#6456);
#5162=VERTEX_POINT('',#6457);
#5163=LINE('',#6458,#6459);
#5164=LINE('',#6460,#6461);
#5165=FILL_AREA_STYLE_COLOUR('',#6462);
#5166=VERTEX_POINT('',#6463);
#5167=LINE('',#6464,#6465);
#5168=LINE('',#6466,#6467);
#5169=FILL_AREA_STYLE_COLOUR('',#6468);
#5170=VERTEX_POINT('',#6469);
#5171=LINE('',#6470,#6471);
#5172=LINE('',#6472,#6473);
#5173=FILL_AREA_STYLE_COLOUR('',#6474);
#5174=VERTEX_POINT('',#6475);
#5175=LINE('',#6476,#6477);
#5176=LINE('',#6478,#6479);
#5177=FILL_AREA_STYLE_COLOUR('',#6480);
#5178=VERTEX_POINT('',#6481);
#5179=LINE('',#6482,#6483);
#5180=LINE('',#6484,#6485);
#5181=FILL_AREA_STYLE_COLOUR('',#6486);
#5182=LINE('',#6487,#6488);
#5183=FILL_AREA_STYLE_COLOUR('',#6489);
#5184=VERTEX_POINT('',#6490);
#5185=LINE('',#6491,#6492);
#5186=VERTEX_POINT('',#6493);
#5187=LINE('',#6494,#6495);
#5188=LINE('',#6496,#6497);
#5189=FILL_AREA_STYLE_COLOUR('',#6498);
#5190=VERTEX_POINT('',#6499);
#5191=LINE('',#6500,#6501);
#5192=LINE('',#6502,#6503);
#5193=FILL_AREA_STYLE_COLOUR('',#6504);
#5194=VERTEX_POINT('',#6505);
#5195=LINE('',#6506,#6507);
#5196=LINE('',#6508,#6509);
#5197=FILL_AREA_STYLE_COLOUR('',#6510);
#5198=VERTEX_POINT('',#6511);
#5199=LINE('',#6512,#6513);
#5200=LINE('',#6514,#6515);
#5201=FILL_AREA_STYLE_COLOUR('',#6516);
#5202=VERTEX_POINT('',#6517);
#5203=LINE('',#6518,#6519);
#5204=LINE('',#6520,#6521);
#5205=FILL_AREA_STYLE_COLOUR('',#6522);
#5206=VERTEX_POINT('',#6523);
#5207=LINE('',#6524,#6525);
#5208=LINE('',#6526,#6527);
#5209=FILL_AREA_STYLE_COLOUR('',#6528);
#5210=VERTEX_POINT('',#6529);
#5211=LINE('',#6530,#6531);
#5212=LINE('',#6532,#6533);
#5213=FILL_AREA_STYLE_COLOUR('',#6534);
#5214=VERTEX_POINT('',#6535);
#5215=LINE('',#6536,#6537);
#5216=LINE('',#6538,#6539);
#5217=FILL_AREA_STYLE_COLOUR('',#6540);
#5218=VERTEX_POINT('',#6541);
#5219=LINE('',#6542,#6543);
#5220=LINE('',#6544,#6545);
#5221=FILL_AREA_STYLE_COLOUR('',#6546);
#5222=VERTEX_POINT('',#6547);
#5223=LINE('',#6548,#6549);
#5224=LINE('',#6550,#6551);
#5225=FILL_AREA_STYLE_COLOUR('',#6552);
#5226=VERTEX_POINT('',#6553);
#5227=LINE('',#6554,#6555);
#5228=LINE('',#6556,#6557);
#5229=FILL_AREA_STYLE_COLOUR('',#6558);
#5230=VERTEX_POINT('',#6559);
#5231=LINE('',#6560,#6561);
#5232=LINE('',#6562,#6563);
#5233=FILL_AREA_STYLE_COLOUR('',#6564);
#5234=VERTEX_POINT('',#6565);
#5235=LINE('',#6566,#6567);
#5236=LINE('',#6568,#6569);
#5237=FILL_AREA_STYLE_COLOUR('',#6570);
#5238=VERTEX_POINT('',#6571);
#5239=LINE('',#6572,#6573);
#5240=LINE('',#6574,#6575);
#5241=FILL_AREA_STYLE_COLOUR('',#6576);
#5242=VERTEX_POINT('',#6577);
#5243=LINE('',#6578,#6579);
#5244=LINE('',#6580,#6581);
#5245=FILL_AREA_STYLE_COLOUR('',#6582);
#5246=VERTEX_POINT('',#6583);
#5247=LINE('',#6584,#6585);
#5248=LINE('',#6586,#6587);
#5249=FILL_AREA_STYLE_COLOUR('',#6588);
#5250=VERTEX_POINT('',#6589);
#5251=LINE('',#6590,#6591);
#5252=LINE('',#6592,#6593);
#5253=FILL_AREA_STYLE_COLOUR('',#6594);
#5254=VERTEX_POINT('',#6595);
#5255=LINE('',#6596,#6597);
#5256=LINE('',#6598,#6599);
#5257=FILL_AREA_STYLE_COLOUR('',#6600);
#5258=VERTEX_POINT('',#6601);
#5259=LINE('',#6602,#6603);
#5260=LINE('',#6604,#6605);
#5261=FILL_AREA_STYLE_COLOUR('',#6606);
#5262=VERTEX_POINT('',#6607);
#5263=LINE('',#6608,#6609);
#5264=LINE('',#6610,#6611);
#5265=FILL_AREA_STYLE_COLOUR('',#6612);
#5266=VERTEX_POINT('',#6613);
#5267=LINE('',#6614,#6615);
#5268=LINE('',#6616,#6617);
#5269=FILL_AREA_STYLE_COLOUR('',#6618);
#5270=VERTEX_POINT('',#6619);
#5271=LINE('',#6620,#6621);
#5272=LINE('',#6622,#6623);
#5273=FILL_AREA_STYLE_COLOUR('',#6624);
#5274=VERTEX_POINT('',#6625);
#5275=LINE('',#6626,#6627);
#5276=LINE('',#6628,#6629);
#5277=FILL_AREA_STYLE_COLOUR('',#6630);
#5278=VERTEX_POINT('',#6631);
#5279=LINE('',#6632,#6633);
#5280=LINE('',#6634,#6635);
#5281=FILL_AREA_STYLE_COLOUR('',#6636);
#5282=VERTEX_POINT('',#6637);
#5283=LINE('',#6638,#6639);
#5284=LINE('',#6640,#6641);
#5285=FILL_AREA_STYLE_COLOUR('',#6642);
#5286=VERTEX_POINT('',#6643);
#5287=LINE('',#6644,#6645);
#5288=LINE('',#6646,#6647);
#5289=FILL_AREA_STYLE_COLOUR('',#6648);
#5290=VERTEX_POINT('',#6649);
#5291=LINE('',#6650,#6651);
#5292=LINE('',#6652,#6653);
#5293=FILL_AREA_STYLE_COLOUR('',#6654);
#5294=VERTEX_POINT('',#6655);
#5295=LINE('',#6656,#6657);
#5296=LINE('',#6658,#6659);
#5297=FILL_AREA_STYLE_COLOUR('',#6660);
#5298=VERTEX_POINT('',#6661);
#5299=LINE('',#6662,#6663);
#5300=LINE('',#6664,#6665);
#5301=FILL_AREA_STYLE_COLOUR('',#6666);
#5302=VERTEX_POINT('',#6667);
#5303=LINE('',#6668,#6669);
#5304=LINE('',#6670,#6671);
#5305=FILL_AREA_STYLE_COLOUR('',#6672);
#5306=VERTEX_POINT('',#6673);
#5307=LINE('',#6674,#6675);
#5308=LINE('',#6676,#6677);
#5309=FILL_AREA_STYLE_COLOUR('',#6678);
#5310=VERTEX_POINT('',#6679);
#5311=LINE('',#6680,#6681);
#5312=LINE('',#6682,#6683);
#5313=FILL_AREA_STYLE_COLOUR('',#6684);
#5314=VERTEX_POINT('',#6685);
#5315=LINE('',#6686,#6687);
#5316=LINE('',#6688,#6689);
#5317=FILL_AREA_STYLE_COLOUR('',#6690);
#5318=VERTEX_POINT('',#6691);
#5319=LINE('',#6692,#6693);
#5320=LINE('',#6694,#6695);
#5321=FILL_AREA_STYLE_COLOUR('',#6696);
#5322=VERTEX_POINT('',#6697);
#5323=LINE('',#6698,#6699);
#5324=LINE('',#6700,#6701);
#5325=FILL_AREA_STYLE_COLOUR('',#6702);
#5326=VERTEX_POINT('',#6703);
#5327=LINE('',#6704,#6705);
#5328=LINE('',#6706,#6707);
#5329=FILL_AREA_STYLE_COLOUR('',#6708);
#5330=VERTEX_POINT('',#6709);
#5331=LINE('',#6710,#6711);
#5332=LINE('',#6712,#6713);
#5333=FILL_AREA_STYLE_COLOUR('',#6714);
#5334=VERTEX_POINT('',#6715);
#5335=LINE('',#6716,#6717);
#5336=LINE('',#6718,#6719);
#5337=FILL_AREA_STYLE_COLOUR('',#6720);
#5338=VERTEX_POINT('',#6721);
#5339=LINE('',#6722,#6723);
#5340=LINE('',#6724,#6725);
#5341=FILL_AREA_STYLE_COLOUR('',#6726);
#5342=LINE('',#6727,#6728);
#5343=FILL_AREA_STYLE_COLOUR('',#6729);
#5344=VERTEX_POINT('',#6730);
#5345=LINE('',#6731,#6732);
#5346=VERTEX_POINT('',#6733);
#5347=LINE('',#6734,#6735);
#5348=LINE('',#6736,#6737);
#5349=FILL_AREA_STYLE_COLOUR('',#6738);
#5350=VERTEX_POINT('',#6739);
#5351=LINE('',#6740,#6741);
#5352=LINE('',#6742,#6743);
#5353=FILL_AREA_STYLE_COLOUR('',#6744);
#5354=VERTEX_POINT('',#6745);
#5355=LINE('',#6746,#6747);
#5356=LINE('',#6748,#6749);
#5357=FILL_AREA_STYLE_COLOUR('',#6750);
#5358=VERTEX_POINT('',#6751);
#5359=LINE('',#6752,#6753);
#5360=LINE('',#6754,#6755);
#5361=FILL_AREA_STYLE_COLOUR('',#6756);
#5362=VERTEX_POINT('',#6757);
#5363=LINE('',#6758,#6759);
#5364=LINE('',#6760,#6761);
#5365=FILL_AREA_STYLE_COLOUR('',#6762);
#5366=VERTEX_POINT('',#6763);
#5367=LINE('',#6764,#6765);
#5368=LINE('',#6766,#6767);
#5369=FILL_AREA_STYLE_COLOUR('',#6768);
#5370=VERTEX_POINT('',#6769);
#5371=LINE('',#6770,#6771);
#5372=LINE('',#6772,#6773);
#5373=FILL_AREA_STYLE_COLOUR('',#6774);
#5374=VERTEX_POINT('',#6775);
#5375=LINE('',#6776,#6777);
#5376=LINE('',#6778,#6779);
#5377=FILL_AREA_STYLE_COLOUR('',#6780);
#5378=VERTEX_POINT('',#6781);
#5379=LINE('',#6782,#6783);
#5380=LINE('',#6784,#6785);
#5381=FILL_AREA_STYLE_COLOUR('',#6786);
#5382=VERTEX_POINT('',#6787);
#5383=LINE('',#6788,#6789);
#5384=LINE('',#6790,#6791);
#5385=FILL_AREA_STYLE_COLOUR('',#6792);
#5386=VERTEX_POINT('',#6793);
#5387=LINE('',#6794,#6795);
#5388=LINE('',#6796,#6797);
#5389=FILL_AREA_STYLE_COLOUR('',#6798);
#5390=LINE('',#6799,#6800);
#5391=FILL_AREA_STYLE_COLOUR('',#6801);
#5392=VERTEX_POINT('',#6802);
#5393=LINE('',#6803,#6804);
#5394=VERTEX_POINT('',#6805);
#5395=LINE('',#6806,#6807);
#5396=LINE('',#6808,#6809);
#5397=FILL_AREA_STYLE_COLOUR('',#6810);
#5398=VERTEX_POINT('',#6811);
#5399=LINE('',#6812,#6813);
#5400=LINE('',#6814,#6815);
#5401=FILL_AREA_STYLE_COLOUR('',#6816);
#5402=VERTEX_POINT('',#6817);
#5403=LINE('',#6818,#6819);
#5404=LINE('',#6820,#6821);
#5405=FILL_AREA_STYLE_COLOUR('',#6822);
#5406=VERTEX_POINT('',#6823);
#5407=LINE('',#6824,#6825);
#5408=LINE('',#6826,#6827);
#5409=FILL_AREA_STYLE_COLOUR('',#6828);
#5410=VERTEX_POINT('',#6829);
#5411=LINE('',#6830,#6831);
#5412=LINE('',#6832,#6833);
#5413=FILL_AREA_STYLE_COLOUR('',#6834);
#5414=VERTEX_POINT('',#6835);
#5415=LINE('',#6836,#6837);
#5416=LINE('',#6838,#6839);
#5417=FILL_AREA_STYLE_COLOUR('',#6840);
#5418=VERTEX_POINT('',#6841);
#5419=LINE('',#6842,#6843);
#5420=LINE('',#6844,#6845);
#5421=FILL_AREA_STYLE_COLOUR('',#6846);
#5422=VERTEX_POINT('',#6847);
#5423=LINE('',#6848,#6849);
#5424=LINE('',#6850,#6851);
#5425=FILL_AREA_STYLE_COLOUR('',#6852);
#5426=VERTEX_POINT('',#6853);
#5427=LINE('',#6854,#6855);
#5428=LINE('',#6856,#6857);
#5429=FILL_AREA_STYLE_COLOUR('',#6858);
#5430=VERTEX_POINT('',#6859);
#5431=LINE('',#6860,#6861);
#5432=LINE('',#6862,#6863);
#5433=FILL_AREA_STYLE_COLOUR('',#6864);
#5434=VERTEX_POINT('',#6865);
#5435=LINE('',#6866,#6867);
#5436=LINE('',#6868,#6869);
#5437=FILL_AREA_STYLE_COLOUR('',#6870);
#5438=VERTEX_POINT('',#6871);
#5439=LINE('',#6872,#6873);
#5440=LINE('',#6874,#6875);
#5441=FILL_AREA_STYLE_COLOUR('',#6876);
#5442=VERTEX_POINT('',#6877);
#5443=LINE('',#6878,#6879);
#5444=LINE('',#6880,#6881);
#5445=FILL_AREA_STYLE_COLOUR('',#6882);
#5446=LINE('',#6883,#6884);
#5447=FILL_AREA_STYLE_COLOUR('',#6885);
#5448=VERTEX_POINT('',#6886);
#5449=LINE('',#6887,#6888);
#5450=VERTEX_POINT('',#6889);
#5451=LINE('',#6890,#6891);
#5452=LINE('',#6892,#6893);
#5453=FILL_AREA_STYLE_COLOUR('',#6894);
#5454=VERTEX_POINT('',#6895);
#5455=LINE('',#6896,#6897);
#5456=LINE('',#6898,#6899);
#5457=FILL_AREA_STYLE_COLOUR('',#6900);
#5458=VERTEX_POINT('',#6901);
#5459=LINE('',#6902,#6903);
#5460=LINE('',#6904,#6905);
#5461=FILL_AREA_STYLE_COLOUR('',#6906);
#5462=VERTEX_POINT('',#6907);
#5463=LINE('',#6908,#6909);
#5464=VERTEX_POINT('',#6910);
#5465=LINE('',#6911,#6912);
#5466=VERTEX_POINT('',#6913);
#5467=LINE('',#6914,#6915);
#5468=VERTEX_POINT('',#6916);
#5469=LINE('',#6917,#6918);
#5470=VERTEX_POINT('',#6919);
#5471=LINE('',#6920,#6921);
#5472=VERTEX_POINT('',#6922);
#5473=LINE('',#6923,#6924);
#5474=VERTEX_POINT('',#6925);
#5475=LINE('',#6926,#6927);
#5476=LINE('',#6928,#6929);
#5477=VERTEX_POINT('',#6930);
#5478=LINE('',#6931,#6932);
#5479=VERTEX_POINT('',#6933);
#5480=LINE('',#6934,#6935);
#5481=VERTEX_POINT('',#6936);
#5482=LINE('',#6937,#6938);
#5483=VERTEX_POINT('',#6939);
#5484=LINE('',#6940,#6941);
#5485=LINE('',#6942,#6943);
#5486=VERTEX_POINT('',#6944);
#5487=LINE('',#6945,#6946);
#5488=LINE('',#6947,#6948);
#5489=FILL_AREA_STYLE_COLOUR('',#6949);
#5490=VERTEX_POINT('',#6950);
#5491=LINE('',#6951,#6952);
#5492=LINE('',#6953,#6954);
#5493=FILL_AREA_STYLE_COLOUR('',#6955);
#5494=VERTEX_POINT('',#6956);
#5495=LINE('',#6957,#6958);
#5496=LINE('',#6959,#6960);
#5497=FILL_AREA_STYLE_COLOUR('',#6961);
#5498=LINE('',#6962,#6963);
#5499=FILL_AREA_STYLE_COLOUR('',#6964);
#5500=VERTEX_POINT('',#6965);
#5501=VERTEX_POINT('',#6966);
#5502=LINE('',#6967,#6968);
#5503=VERTEX_POINT('',#6969);
#5504=LINE('',#6970,#6971);
#5505=LINE('',#6972,#6973);
#5506=VERTEX_POINT('',#6974);
#5507=LINE('',#6975,#6976);
#5508=LINE('',#6977,#6978);
#5509=FILL_AREA_STYLE_COLOUR('',#6979);
#5510=VERTEX_POINT('',#6980);
#5511=LINE('',#6981,#6982);
#5512=LINE('',#6983,#6984);
#5513=FILL_AREA_STYLE_COLOUR('',#6985);
#5514=VERTEX_POINT('',#6986);
#5515=LINE('',#6987,#6988);
#5516=VERTEX_POINT('',#6989);
#5517=LINE('',#6990,#6991);
#5518=VERTEX_POINT('',#6992);
#5519=LINE('',#6993,#6994);
#5520=LINE('',#6995,#6996);
#5521=FILL_AREA_STYLE_COLOUR('',#6997);
#5522=FILL_AREA_STYLE_COLOUR('',#6998);
#5523=FILL_AREA_STYLE_COLOUR('',#6999);
#5524=FILL_AREA_STYLE_COLOUR('',#7000);
#5525=VERTEX_POINT('',#7001);
#5526=VERTEX_POINT('',#7002);
#5527=LINE('',#7003,#7004);
#5528=VERTEX_POINT('',#7005);
#5529=LINE('',#7006,#7007);
#5530=VERTEX_POINT('',#7008);
#5531=LINE('',#7009,#7010);
#5532=VERTEX_POINT('',#7011);
#5533=LINE('',#7012,#7013);
#5534=VERTEX_POINT('',#7014);
#5535=LINE('',#7015,#7016);
#5536=VERTEX_POINT('',#7017);
#5537=LINE('',#7018,#7019);
#5538=VERTEX_POINT('',#7020);
#5539=LINE('',#7021,#7022);
#5540=VERTEX_POINT('',#7023);
#5541=LINE('',#7024,#7025);
#5542=VERTEX_POINT('',#7026);
#5543=LINE('',#7027,#7028);
#5544=VERTEX_POINT('',#7029);
#5545=LINE('',#7030,#7031);
#5546=VERTEX_POINT('',#7032);
#5547=LINE('',#7033,#7034);
#5548=LINE('',#7035,#7036);
#5549=FILL_AREA_STYLE_COLOUR('',#7037);
#5550=VERTEX_POINT('',#7038);
#5551=LINE('',#7039,#7040);
#5552=VERTEX_POINT('',#7041);
#5553=LINE('',#7042,#7043);
#5554=LINE('',#7044,#7045);
#5555=FILL_AREA_STYLE_COLOUR('',#7046);
#5556=VERTEX_POINT('',#7047);
#5557=LINE('',#7048,#7049);
#5558=VERTEX_POINT('',#7050);
#5559=LINE('',#7051,#7052);
#5560=LINE('',#7053,#7054);
#5561=FILL_AREA_STYLE_COLOUR('',#7055);
#5562=VERTEX_POINT('',#7056);
#5563=LINE('',#7057,#7058);
#5564=LINE('',#7059,#7060);
#5565=FILL_AREA_STYLE_COLOUR('',#7061);
#5566=VERTEX_POINT('',#7062);
#5567=VERTEX_POINT('',#7063);
#5568=LINE('',#7064,#7065);
#5569=VERTEX_POINT('',#7066);
#5570=LINE('',#7067,#7068);
#5571=VERTEX_POINT('',#7069);
#5572=LINE('',#7070,#7071);
#5573=LINE('',#7072,#7073);
#5574=VERTEX_POINT('',#7074);
#5575=LINE('',#7075,#7076);
#5576=LINE('',#7077,#7078);
#5577=FILL_AREA_STYLE_COLOUR('',#7079);
#5578=LINE('',#7080,#7081);
#5579=FILL_AREA_STYLE_COLOUR('',#7082);
#5580=VERTEX_POINT('',#7083);
#5581=LINE('',#7084,#7085);
#5582=LINE('',#7086,#7087);
#5583=FILL_AREA_STYLE_COLOUR('',#7088);
#5584=VERTEX_POINT('',#7089);
#5585=VERTEX_POINT('',#7090);
#5586=LINE('',#7091,#7092);
#5587=VERTEX_POINT('',#7093);
#5588=LINE('',#7094,#7095);
#5589=VERTEX_POINT('',#7096);
#5590=LINE('',#7097,#7098);
#5591=LINE('',#7099,#7100);
#5592=VERTEX_POINT('',#7101);
#5593=LINE('',#7102,#7103);
#5594=LINE('',#7104,#7105);
#5595=FILL_AREA_STYLE_COLOUR('',#7106);
#5596=LINE('',#7107,#7108);
#5597=FILL_AREA_STYLE_COLOUR('',#7109);
#5598=VERTEX_POINT('',#7110);
#5599=VERTEX_POINT('',#7111);
#5600=LINE('',#7112,#7113);
#5601=VERTEX_POINT('',#7114);
#5602=LINE('',#7115,#7116);
#5603=VERTEX_POINT('',#7117);
#5604=LINE('',#7118,#7119);
#5605=VERTEX_POINT('',#7120);
#5606=LINE('',#7121,#7122);
#5607=VERTEX_POINT('',#7123);
#5608=CIRCLE('',#7124,2.42976190476195);
#5609=VERTEX_POINT('',#7125);
#5610=LINE('',#7126,#7127);
#5611=VERTEX_POINT('',#7128);
#5612=CIRCLE('',#7129,2.42976190476195);
#5613=VERTEX_POINT('',#7130);
#5614=LINE('',#7131,#7132);
#5615=VERTEX_POINT('',#7133);
#5616=LINE('',#7134,#7135);
#5617=VERTEX_POINT('',#7136);
#5618=LINE('',#7137,#7138);
#5619=VERTEX_POINT('',#7139);
#5620=LINE('',#7140,#7141);
#5621=LINE('',#7142,#7143);
#5622=LINE('',#7144,#7145);
#5623=FILL_AREA_STYLE_COLOUR('',#7146);
#5624=VERTEX_POINT('',#7147);
#5625=LINE('',#7148,#7149);
#5626=VERTEX_POINT('',#7150);
#5627=LINE('',#7151,#7152);
#5628=VERTEX_POINT('',#7153);
#5629=LINE('',#7154,#7155);
#5630=VERTEX_POINT('',#7156);
#5631=LINE('',#7157,#7158);
#5632=LINE('',#7159,#7160);
#5633=LINE('',#7161,#7162);
#5634=FILL_AREA_STYLE_COLOUR('',#7163);
#5635=FILL_AREA_STYLE_COLOUR('',#7164);
#5636=LINE('',#7165,#7166);
#5637=FILL_AREA_STYLE_COLOUR('',#7167);
#5638=LINE('',#7168,#7169);
#5639=FILL_AREA_STYLE_COLOUR('',#7170);
#5640=VERTEX_POINT('',#7171);
#5641=LINE('',#7172,#7173);
#5642=VERTEX_POINT('',#7174);
#5643=LINE('',#7175,#7176);
#5644=LINE('',#7177,#7178);
#5645=FILL_AREA_STYLE_COLOUR('',#7179);
#5646=VERTEX_POINT('',#7180);
#5647=LINE('',#7181,#7182);
#5648=LINE('',#7183,#7184);
#5649=FILL_AREA_STYLE_COLOUR('',#7185);
#5650=VERTEX_POINT('',#7186);
#5651=LINE('',#7187,#7188);
#5652=LINE('',#7189,#7190);
#5653=FILL_AREA_STYLE_COLOUR('',#7191);
#5654=VERTEX_POINT('',#7192);
#5655=LINE('',#7193,#7194);
#5656=LINE('',#7195,#7196);
#5657=FILL_AREA_STYLE_COLOUR('',#7197);
#5658=VERTEX_POINT('',#7198);
#5659=LINE('',#7199,#7200);
#5660=LINE('',#7201,#7202);
#5661=FILL_AREA_STYLE_COLOUR('',#7203);
#5662=VERTEX_POINT('',#7204);
#5663=LINE('',#7205,#7206);
#5664=LINE('',#7207,#7208);
#5665=FILL_AREA_STYLE_COLOUR('',#7209);
#5666=VERTEX_POINT('',#7210);
#5667=LINE('',#7211,#7212);
#5668=LINE('',#7213,#7214);
#5669=FILL_AREA_STYLE_COLOUR('',#7215);
#5670=VERTEX_POINT('',#7216);
#5671=LINE('',#7217,#7218);
#5672=LINE('',#7219,#7220);
#5673=FILL_AREA_STYLE_COLOUR('',#7221);
#5674=VERTEX_POINT('',#7222);
#5675=LINE('',#7223,#7224);
#5676=LINE('',#7225,#7226);
#5677=FILL_AREA_STYLE_COLOUR('',#7227);
#5678=VERTEX_POINT('',#7228);
#5679=LINE('',#7229,#7230);
#5680=LINE('',#7231,#7232);
#5681=FILL_AREA_STYLE_COLOUR('',#7233);
#5682=VERTEX_POINT('',#7234);
#5683=LINE('',#7235,#7236);
#5684=LINE('',#7237,#7238);
#5685=FILL_AREA_STYLE_COLOUR('',#7239);
#5686=LINE('',#7240,#7241);
#5687=FILL_AREA_STYLE_COLOUR('',#7242);
#5688=FILL_AREA_STYLE_COLOUR('',#7243);
#5689=FILL_AREA_STYLE_COLOUR('',#7244);
#5690=VERTEX_POINT('',#7245);
#5691=LINE('',#7246,#7247);
#5692=VERTEX_POINT('',#7248);
#5693=LINE('',#7249,#7250);
#5694=LINE('',#7251,#7252);
#5695=FILL_AREA_STYLE_COLOUR('',#7253);
#5696=VERTEX_POINT('',#7254);
#5697=LINE('',#7255,#7256);
#5698=LINE('',#7257,#7258);
#5699=FILL_AREA_STYLE_COLOUR('',#7259);
#5700=VERTEX_POINT('',#7260);
#5701=LINE('',#7261,#7262);
#5702=LINE('',#7263,#7264);
#5703=FILL_AREA_STYLE_COLOUR('',#7265);
#5704=LINE('',#7266,#7267);
#5705=FILL_AREA_STYLE_COLOUR('',#7268);
#5706=VERTEX_POINT('',#7269);
#5707=VERTEX_POINT('',#7270);
#5708=LINE('',#7271,#7272);
#5709=LINE('',#7273,#7274);
#5710=LINE('',#7275,#7276);
#5711=FILL_AREA_STYLE_COLOUR('',#7277);
#5712=VERTEX_POINT('',#7278);
#5713=LINE('',#7279,#7280);
#5714=LINE('',#7281,#7282);
#5715=FILL_AREA_STYLE_COLOUR('',#7283);
#5716=VERTEX_POINT('',#7284);
#5717=LINE('',#7285,#7286);
#5718=LINE('',#7287,#7288);
#5719=FILL_AREA_STYLE_COLOUR('',#7289);
#5720=LINE('',#7290,#7291);
#5721=FILL_AREA_STYLE_COLOUR('',#7292);
#5722=VERTEX_POINT('',#7293);
#5723=LINE('',#7294,#7295);
#5724=LINE('',#7296,#7297);
#5725=FILL_AREA_STYLE_COLOUR('',#7298);
#5726=VERTEX_POINT('',#7299);
#5727=LINE('',#7300,#7301);
#5728=LINE('',#7302,#7303);
#5729=FILL_AREA_STYLE_COLOUR('',#7304);
#5730=VERTEX_POINT('',#7305);
#5731=LINE('',#7306,#7307);
#5732=VERTEX_POINT('',#7308);
#5733=LINE('',#7309,#7310);
#5734=VERTEX_POINT('',#7311);
#5735=LINE('',#7312,#7313);
#5736=VERTEX_POINT('',#7314);
#5737=LINE('',#7315,#7316);
#5738=VERTEX_POINT('',#7317);
#5739=LINE('',#7318,#7319);
#5740=VERTEX_POINT('',#7320);
#5741=LINE('',#7321,#7322);
#5742=LINE('',#7323,#7324);
#5743=FILL_AREA_STYLE_COLOUR('',#7325);
#5744=VERTEX_POINT('',#7326);
#5745=LINE('',#7327,#7328);
#5746=LINE('',#7329,#7330);
#5747=FILL_AREA_STYLE_COLOUR('',#7331);
#5748=VERTEX_POINT('',#7332);
#5749=VERTEX_POINT('',#7333);
#5750=LINE('',#7334,#7335);
#5751=VERTEX_POINT('',#7336);
#5752=CIRCLE('',#7337,2.42976190476191);
#5753=LINE('',#7338,#7339);
#5754=VERTEX_POINT('',#7340);
#5755=CIRCLE('',#7341,2.42976190476191);
#5756=VERTEX_POINT('',#7342);
#5757=LINE('',#7343,#7344);
#5758=CIRCLE('',#7345,2.42976190476191);
#5759=FILL_AREA_STYLE_COLOUR('',#7346);
#5760=VERTEX_POINT('',#7347);
#5761=LINE('',#7348,#7349);
#5762=LINE('',#7350,#7351);
#5763=FILL_AREA_STYLE_COLOUR('',#7352);
#5764=VERTEX_POINT('',#7353);
#5765=VERTEX_POINT('',#7354);
#5766=LINE('',#7355,#7356);
#5767=VERTEX_POINT('',#7357);
#5768=CIRCLE('',#7358,2.42976190476191);
#5769=LINE('',#7359,#7360);
#5770=VERTEX_POINT('',#7361);
#5771=CIRCLE('',#7362,2.42976190476191);
#5772=VERTEX_POINT('',#7363);
#5773=LINE('',#7364,#7365);
#5774=CIRCLE('',#7366,2.42976190476191);
#5775=FILL_AREA_STYLE_COLOUR('',#7367);
#5776=VERTEX_POINT('',#7368);
#5777=LINE('',#7369,#7370);
#5778=LINE('',#7371,#7372);
#5779=FILL_AREA_STYLE_COLOUR('',#7373);
#5780=VERTEX_POINT('',#7374);
#5781=VERTEX_POINT('',#7375);
#5782=LINE('',#7376,#7377);
#5783=VERTEX_POINT('',#7378);
#5784=LINE('',#7379,#7380);
#5785=VERTEX_POINT('',#7381);
#5786=LINE('',#7382,#7383);
#5787=LINE('',#7384,#7385);
#5788=VERTEX_POINT('',#7386);
#5789=LINE('',#7387,#7388);
#5790=VERTEX_POINT('',#7389);
#5791=LINE('',#7390,#7391);
#5792=LINE('',#7392,#7393);
#5793=FILL_AREA_STYLE_COLOUR('',#7394);
#5794=VERTEX_POINT('',#7395);
#5795=LINE('',#7396,#7397);
#5796=LINE('',#7398,#7399);
#5797=FILL_AREA_STYLE_COLOUR('',#7400);
#5798=LINE('',#7401,#7402);
#5799=FILL_AREA_STYLE_COLOUR('',#7403);
#5800=VERTEX_POINT('',#7404);
#5801=LINE('',#7405,#7406);
#5802=LINE('',#7407,#7408);
#5803=FILL_AREA_STYLE_COLOUR('',#7409);
#5804=VERTEX_POINT('',#7410);
#5805=LINE('',#7411,#7412);
#5806=VERTEX_POINT('',#7413);
#5807=LINE('',#7414,#7415);
#5808=LINE('',#7416,#7417);
#5809=FILL_AREA_STYLE_COLOUR('',#7418);
#5810=VERTEX_POINT('',#7419);
#5811=LINE('',#7420,#7421);
#5812=LINE('',#7422,#7423);
#5813=FILL_AREA_STYLE_COLOUR('',#7424);
#5814=FILL_AREA_STYLE_COLOUR('',#7425);
#5815=CIRCLE('',#7426,0.8);
#5816=CIRCLE('',#7427,0.8);
#5817=FILL_AREA_STYLE_COLOUR('',#7428);
#5818=CIRCLE('',#7429,0.8);
#5819=CIRCLE('',#7430,0.8);
#5820=FILL_AREA_STYLE_COLOUR('',#7431);
#5821=LINE('',#7432,#7433);
#5822=VERTEX_POINT('',#7434);
#5823=LINE('',#7435,#7436);
#5824=VERTEX_POINT('',#7437);
#5825=LINE('',#7438,#7439);
#5826=VERTEX_POINT('',#7440);
#5827=LINE('',#7441,#7442);
#5828=VERTEX_POINT('',#7443);
#5829=LINE('',#7444,#7445);
#5830=VERTEX_POINT('',#7446);
#5831=LINE('',#7447,#7448);
#5832=VERTEX_POINT('',#7449);
#5833=LINE('',#7450,#7451);
#5834=VERTEX_POINT('',#7452);
#5835=LINE('',#7453,#7454);
#5836=VERTEX_POINT('',#7455);
#5837=LINE('',#7456,#7457);
#5838=LINE('',#7458,#7459);
#5839=FILL_AREA_STYLE_COLOUR('',#7460);
#5840=VERTEX_POINT('',#7461);
#5841=LINE('',#7462,#7463);
#5842=LINE('',#7464,#7465);
#5843=FILL_AREA_STYLE_COLOUR('',#7466);
#5844=VERTEX_POINT('',#7467);
#5845=LINE('',#7468,#7469);
#5846=LINE('',#7470,#7471);
#5847=FILL_AREA_STYLE_COLOUR('',#7472);
#5848=LINE('',#7473,#7474);
#5849=VERTEX_POINT('',#7475);
#5850=LINE('',#7476,#7477);
#5851=VERTEX_POINT('',#7478);
#5852=LINE('',#7479,#7480);
#5853=LINE('',#7481,#7482);
#5854=VERTEX_POINT('',#7483);
#5855=LINE('',#7484,#7485);
#5856=LINE('',#7486,#7487);
#5857=VERTEX_POINT('',#7488);
#5858=LINE('',#7489,#7490);
#5859=LINE('',#7491,#7492);
#5860=VERTEX_POINT('',#7493);
#5861=LINE('',#7494,#7495);
#5862=VERTEX_POINT('',#7496);
#5863=LINE('',#7497,#7498);
#5864=LINE('',#7499,#7500);
#5865=VERTEX_POINT('',#7501);
#5866=LINE('',#7502,#7503);
#5867=LINE('',#7504,#7505);
#5868=VERTEX_POINT('',#7506);
#5869=VERTEX_POINT('',#7507);
#5870=CIRCLE('',#7508,0.9);
#5871=CIRCLE('',#7509,0.9);
#5872=VERTEX_POINT('',#7510);
#5873=VERTEX_POINT('',#7511);
#5874=CIRCLE('',#7512,0.9);
#5875=CIRCLE('',#7513,0.9);
#5876=FILL_AREA_STYLE_COLOUR('',#7514);
#5877=VERTEX_POINT('',#7515);
#5878=LINE('',#7516,#7517);
#5879=LINE('',#7518,#7519);
#5880=FILL_AREA_STYLE_COLOUR('',#7520);
#5881=LINE('',#7521,#7522);
#5882=FILL_AREA_STYLE_COLOUR('',#7523);
#5883=VERTEX_POINT('',#7524);
#5884=LINE('',#7525,#7526);
#5885=LINE('',#7527,#7528);
#5886=FILL_AREA_STYLE_COLOUR('',#7529);
#5887=VERTEX_POINT('',#7530);
#5888=LINE('',#7531,#7532);
#5889=LINE('',#7533,#7534);
#5890=FILL_AREA_STYLE_COLOUR('',#7535);
#5891=FILL_AREA_STYLE_COLOUR('',#7536);
#5892=VERTEX_POINT('',#7537);
#5893=LINE('',#7538,#7539);
#5894=LINE('',#7540,#7541);
#5895=FILL_AREA_STYLE_COLOUR('',#7542);
#5896=LINE('',#7543,#7544);
#5897=FILL_AREA_STYLE_COLOUR('',#7545);
#5898=LINE('',#7546,#7547);
#5899=FILL_AREA_STYLE_COLOUR('',#7548);
#5900=VERTEX_POINT('',#7549);
#5901=LINE('',#7550,#7551);
#5902=LINE('',#7552,#7553);
#5903=FILL_AREA_STYLE_COLOUR('',#7554);
#5904=LINE('',#7555,#7556);
#5905=FILL_AREA_STYLE_COLOUR('',#7557);
#5906=FILL_AREA_STYLE_COLOUR('',#7558);
#5907=VERTEX_POINT('',#7559);
#5908=LINE('',#7560,#7561);
#5909=LINE('',#7562,#7563);
#5910=FILL_AREA_STYLE_COLOUR('',#7564);
#5911=VERTEX_POINT('',#7565);
#5912=LINE('',#7566,#7567);
#5913=LINE('',#7568,#7569);
#5914=FILL_AREA_STYLE_COLOUR('',#7570);
#5915=LINE('',#7571,#7572);
#5916=FILL_AREA_STYLE_COLOUR('',#7573);
#5917=CIRCLE('',#7574,0.9);
#5918=FILL_AREA_STYLE_COLOUR('',#7575);
#5919=CIRCLE('',#7576,0.9);
#5920=FILL_AREA_STYLE_COLOUR('',#7577);
#5921=CIRCLE('',#7578,0.9);
#5922=FILL_AREA_STYLE_COLOUR('',#7579);
#5923=CIRCLE('',#7580,0.9);
#5924=FILL_AREA_STYLE_COLOUR('',#7581);
#5925=FILL_AREA_STYLE_COLOUR('',#7582);
#5926=FILL_AREA_STYLE_COLOUR('',#7583);
#5927=VERTEX_POINT('',#7584);
#5928=LINE('',#7585,#7586);
#5929=LINE('',#7587,#7588);
#5930=FILL_AREA_STYLE_COLOUR('',#7589);
#5931=VERTEX_POINT('',#7590);
#5932=LINE('',#7591,#7592);
#5933=LINE('',#7593,#7594);
#5934=FILL_AREA_STYLE_COLOUR('',#7595);
#5935=LINE('',#7596,#7597);
#5936=FILL_AREA_STYLE_COLOUR('',#7598);
#5937=FILL_AREA_STYLE_COLOUR('',#7599);
#5938=FILL_AREA_STYLE_COLOUR('',#7600);
#5939=FILL_AREA_STYLE_COLOUR('',#7601);
#5940=LINE('',#7602,#7603);
#5941=LINE('',#7604,#7605);
#5942=FILL_AREA_STYLE_COLOUR('',#7606);
#5943=FILL_AREA_STYLE_COLOUR('',#7607);
#5944=LINE('',#7608,#7609);
#5945=LINE('',#7610,#7611);
#5946=FILL_AREA_STYLE_COLOUR('',#7612);
#5947=FILL_AREA_STYLE_COLOUR('',#7613);
#5948=VERTEX_POINT('',#7614);
#5949=VERTEX_POINT('',#7615);
#5950=LINE('',#7616,#7617);
#5951=VERTEX_POINT('',#7618);
#5952=LINE('',#7619,#7620);
#5953=VERTEX_POINT('',#7621);
#5954=LINE('',#7622,#7623);
#5955=LINE('',#7624,#7625);
#5956=FILL_AREA_STYLE_COLOUR('',#7626);
#5957=VERTEX_POINT('',#7627);
#5958=VERTEX_POINT('',#7628);
#5959=LINE('',#7629,#7630);
#5960=LINE('',#7631,#7632);
#5961=LINE('',#7633,#7634);
#5962=FILL_AREA_STYLE_COLOUR('',#7635);
#5963=VERTEX_POINT('',#7636);
#5964=LINE('',#7637,#7638);
#5965=VERTEX_POINT('',#7639);
#5966=LINE('',#7640,#7641);
#5967=LINE('',#7642,#7643);
#5968=FILL_AREA_STYLE_COLOUR('',#7644);
#5969=VERTEX_POINT('',#7645);
#5970=LINE('',#7646,#7647);
#5971=VERTEX_POINT('',#7648);
#5972=LINE('',#7649,#7650);
#5973=LINE('',#7651,#7652);
#5974=FILL_AREA_STYLE_COLOUR('',#7653);
#5975=VERTEX_POINT('',#7654);
#5976=LINE('',#7655,#7656);
#5977=VERTEX_POINT('',#7657);
#5978=LINE('',#7658,#7659);
#5979=LINE('',#7660,#7661);
#5980=FILL_AREA_STYLE_COLOUR('',#7662);
#5981=LINE('',#7663,#7664);
#5982=LINE('',#7665,#7666);
#5983=FILL_AREA_STYLE_COLOUR('',#7667);
#5984=VERTEX_POINT('',#7668);
#5985=LINE('',#7669,#7670);
#5986=LINE('',#7671,#7672);
#5987=FILL_AREA_STYLE_COLOUR('',#7673);
#5988=VERTEX_POINT('',#7674);
#5989=LINE('',#7675,#7676);
#5990=LINE('',#7677,#7678);
#5991=FILL_AREA_STYLE_COLOUR('',#7679);
#5992=VERTEX_POINT('',#7680);
#5993=LINE('',#7681,#7682);
#5994=LINE('',#7683,#7684);
#5995=FILL_AREA_STYLE_COLOUR('',#7685);
#5996=LINE('',#7686,#7687);
#5997=FILL_AREA_STYLE_COLOUR('',#7688);
#5998=VERTEX_POINT('',#7689);
#5999=LINE('',#7690,#7691);
#6000=LINE('',#7692,#7693);
#6001=FILL_AREA_STYLE_COLOUR('',#7694);
#6002=LINE('',#7695,#7696);
#6003=FILL_AREA_STYLE_COLOUR('',#7697);
#6004=FILL_AREA_STYLE_COLOUR('',#7698);
#6005=FILL_AREA_STYLE_COLOUR('',#7699);
#6006=VERTEX_POINT('',#7700);
#6007=VERTEX_POINT('',#7701);
#6008=LINE('',#7702,#7703);
#6009=VERTEX_POINT('',#7704);
#6010=LINE('',#7705,#7706);
#6011=VERTEX_POINT('',#7707);
#6012=LINE('',#7708,#7709);
#6013=LINE('',#7710,#7711);
#6014=FILL_AREA_STYLE_COLOUR('',#7712);
#6015=VERTEX_POINT('',#7713);
#6016=VERTEX_POINT('',#7714);
#6017=LINE('',#7715,#7716);
#6018=LINE('',#7717,#7718);
#6019=LINE('',#7719,#7720);
#6020=FILL_AREA_STYLE_COLOUR('',#7721);
#6021=VERTEX_POINT('',#7722);
#6022=LINE('',#7723,#7724);
#6023=VERTEX_POINT('',#7725);
#6024=LINE('',#7726,#7727);
#6025=LINE('',#7728,#7729);
#6026=FILL_AREA_STYLE_COLOUR('',#7730);
#6027=VERTEX_POINT('',#7731);
#6028=LINE('',#7732,#7733);
#6029=VERTEX_POINT('',#7734);
#6030=LINE('',#7735,#7736);
#6031=LINE('',#7737,#7738);
#6032=FILL_AREA_STYLE_COLOUR('',#7739);
#6033=VERTEX_POINT('',#7740);
#6034=LINE('',#7741,#7742);
#6035=VERTEX_POINT('',#7743);
#6036=LINE('',#7744,#7745);
#6037=LINE('',#7746,#7747);
#6038=FILL_AREA_STYLE_COLOUR('',#7748);
#6039=LINE('',#7749,#7750);
#6040=LINE('',#7751,#7752);
#6041=FILL_AREA_STYLE_COLOUR('',#7753);
#6042=VERTEX_POINT('',#7754);
#6043=LINE('',#7755,#7756);
#6044=LINE('',#7757,#7758);
#6045=FILL_AREA_STYLE_COLOUR('',#7759);
#6046=VERTEX_POINT('',#7760);
#6047=LINE('',#7761,#7762);
#6048=LINE('',#7763,#7764);
#6049=FILL_AREA_STYLE_COLOUR('',#7765);
#6050=VERTEX_POINT('',#7766);
#6051=LINE('',#7767,#7768);
#6052=LINE('',#7769,#7770);
#6053=FILL_AREA_STYLE_COLOUR('',#7771);
#6054=LINE('',#7772,#7773);
#6055=FILL_AREA_STYLE_COLOUR('',#7774);
#6056=VERTEX_POINT('',#7775);
#6057=LINE('',#7776,#7777);
#6058=LINE('',#7778,#7779);
#6059=FILL_AREA_STYLE_COLOUR('',#7780);
#6060=LINE('',#7781,#7782);
#6061=FILL_AREA_STYLE_COLOUR('',#7783);
#6062=FILL_AREA_STYLE_COLOUR('',#7784);
#6063=COLOUR_RGB('',0.334677010774612,0.815533995628357,0.438690990209579);
#6064=CARTESIAN_POINT('',(3.33748222772632,-0.263420000478294,4.9));
#6065=CARTESIAN_POINT('',(3.43716750619211,-0.27134750053808,4.8));
#6066=AXIS2_PLACEMENT_3D('',#7785,#7786,#7787);
#6067=CARTESIAN_POINT('',(1.74000000000002,-0.2,4.9));
#6068=AXIS2_PLACEMENT_3D('',#7788,#7789,#7790);
#6069=CARTESIAN_POINT('',(1.64,-0.199999999659172,4.8));
#6070=AXIS2_PLACEMENT_3D('',#7791,#7792,#7793);
#6071=AXIS2_PLACEMENT_3D('',#7794,#7795,#7796);
#6072=COLOUR_RGB('',0.334677010774612,0.815533995628357,0.438690990209579);
#6073=CARTESIAN_POINT('',(1.74251777227368,-0.136579999521708,4.9));
#6074=CARTESIAN_POINT('',(1.64283249380789,-0.128652499461921,4.8));
#6075=AXIS2_PLACEMENT_3D('',#7797,#7798,#7799);
#6076=CARTESIAN_POINT('',(3.33999999999998,-0.200000000000001,4.9));
#6077=AXIS2_PLACEMENT_3D('',#7800,#7801,#7802);
#6078=CARTESIAN_POINT('',(3.44,-0.200000000340829,4.8));
#6079=AXIS2_PLACEMENT_3D('',#7803,#7804,#7805);
#6080=AXIS2_PLACEMENT_3D('',#7806,#7807,#7808);
#6081=COLOUR_RGB('',0.334677010774612,0.815533995628357,0.438690990209579);
#6082=CARTESIAN_POINT('',(-1.74251777227368,-0.263420000478294,4.9));
#6083=CARTESIAN_POINT('',(-1.64283249380789,-0.27134750053808,4.8));
#6084=AXIS2_PLACEMENT_3D('',#7809,#7810,#7811);
#6085=CARTESIAN_POINT('',(-3.33999999999998,-0.2,4.9));
#6086=AXIS2_PLACEMENT_3D('',#7812,#7813,#7814);
#6087=CARTESIAN_POINT('',(-3.44,-0.199999999659172,4.8));
#6088=AXIS2_PLACEMENT_3D('',#7815,#7816,#7817);
#6089=AXIS2_PLACEMENT_3D('',#7818,#7819,#7820);
#6090=COLOUR_RGB('',0.334677010774612,0.815533995628357,0.438690990209579);
#6091=CARTESIAN_POINT('',(-3.33748222772632,-0.136579999521708,4.9));
#6092=CARTESIAN_POINT('',(-3.43716750619211,-0.128652499461921,4.8));
#6093=AXIS2_PLACEMENT_3D('',#7821,#7822,#7823);
#6094=CARTESIAN_POINT('',(-1.74000000000002,-0.200000000000001,4.9));
#6095=AXIS2_PLACEMENT_3D('',#7824,#7825,#7826);
#6096=CARTESIAN_POINT('',(-1.64,-0.200000000340829,4.8));
#6097=AXIS2_PLACEMENT_3D('',#7827,#7828,#7829);
#6098=AXIS2_PLACEMENT_3D('',#7830,#7831,#7832);
#6099=COLOUR_RGB('',0.334677010774612,0.815533995628357,0.438690990209579);
#6100=CARTESIAN_POINT('',(-0.157659583091736,1.37333320617676,0.0));
#6101=CARTESIAN_POINT('',(0.301914901733398,1.52333320617676,0.0));
#6102=CARTESIAN_POINT('',(-0.157659583091736,1.37333320617676,0.0));
#6103=VECTOR('',#7833,1.0);
#6104=CARTESIAN_POINT('',(-0.157659583091736,1.67333320617676,0.0));
#6105=CARTESIAN_POINT('',(-0.157659583091736,1.67333320617676,0.0));
#6106=VECTOR('',#7834,1.0);
#6107=CARTESIAN_POINT('',(0.301914901733398,1.52333320617676,0.0));
#6108=VECTOR('',#7835,1.0);
#6109=COLOUR_RGB('',0.26213601231575,0.26213601231575,0.26213601231575);
#6110=CARTESIAN_POINT('',(0.301914901733398,1.52333320617676,-0.1));
#6111=CARTESIAN_POINT('',(0.301914901733398,1.52333320617676,0.0));
#6112=VECTOR('',#7836,1.0);
#6113=CARTESIAN_POINT('',(-0.157659583091736,1.37333320617676,-0.1));
#6114=CARTESIAN_POINT('',(-0.157659583091736,1.37333320617676,-0.1));
#6115=VECTOR('',#7837,1.0);
#6116=CARTESIAN_POINT('',(-0.157659583091736,1.37333320617676,0.0));
#6117=VECTOR('',#7838,1.0);
#6118=COLOUR_RGB('',0.26213601231575,0.26213601231575,0.26213601231575);
#6119=CARTESIAN_POINT('',(-0.157659583091736,1.67333320617676,-0.1));
#6120=CARTESIAN_POINT('',(-0.157659583091736,1.67333320617676,-0.1));
#6121=VECTOR('',#7839,1.0);
#6122=CARTESIAN_POINT('',(-0.157659583091736,1.67333320617676,0.0));
#6123=VECTOR('',#7840,1.0);
#6124=COLOUR_RGB('',0.26213601231575,0.26213601231575,0.26213601231575);
#6125=CARTESIAN_POINT('',(0.301914901733398,1.52333320617676,-0.1));
#6126=VECTOR('',#7841,1.0);
#6127=COLOUR_RGB('',0.26213601231575,0.26213601231575,0.26213601231575);
#6128=CARTESIAN_POINT('',(0.37,1.45666679382324,-0.1));
#6129=CARTESIAN_POINT('',(-0.43,1.19,-0.1));
#6130=CARTESIAN_POINT('',(0.37,1.45666679382324,-0.1));
#6131=VECTOR('',#7842,1.0);
#6132=CARTESIAN_POINT('',(-0.43,1.29,-0.1));
#6133=CARTESIAN_POINT('',(-0.43,1.19,-0.1));
#6134=VECTOR('',#7843,1.0);
#6135=CARTESIAN_POINT('',(-0.225744681358337,1.35666679382324,-0.1));
#6136=CARTESIAN_POINT('',(-0.43,1.29,-0.1));
#6137=VECTOR('',#7844,1.0);
#6138=CARTESIAN_POINT('',(-0.225744681358337,1.69,-0.1));
#6139=CARTESIAN_POINT('',(-0.225744681358337,1.35666679382324,-0.1));
#6140=VECTOR('',#7845,1.0);
#6141=CARTESIAN_POINT('',(-0.43,1.75666679382324,-0.1));
#6142=CARTESIAN_POINT('',(-0.225744681358337,1.69,-0.1));
#6143=VECTOR('',#7846,1.0);
#6144=CARTESIAN_POINT('',(-0.43,1.85666679382324,-0.1));
#6145=CARTESIAN_POINT('',(-0.43,1.75666679382324,-0.1));
#6146=VECTOR('',#7847,1.0);
#6147=CARTESIAN_POINT('',(0.37,1.59,-0.1));
#6148=CARTESIAN_POINT('',(-0.43,1.85666679382324,-0.1));
#6149=VECTOR('',#7848,1.0);
#6150=CARTESIAN_POINT('',(0.37,1.59,-0.1));
#6151=VECTOR('',#7849,1.0);
#6152=COLOUR_RGB('',0.26213601231575,0.26213601231575,0.26213601231575);
#6153=CARTESIAN_POINT('',(-0.43,1.19,0.0));
#6154=CARTESIAN_POINT('',(-0.43,1.19,0.0));
#6155=VECTOR('',#7850,1.0);
#6156=CARTESIAN_POINT('',(0.37,1.45666679382324,0.0));
#6157=CARTESIAN_POINT('',(0.37,1.45666679382324,0.0));
#6158=VECTOR('',#7851,1.0);
#6159=CARTESIAN_POINT('',(0.37,1.45666679382324,0.0));
#6160=VECTOR('',#7852,1.0);
#6161=COLOUR_RGB('',0.26213601231575,0.26213601231575,0.26213601231575);
#6162=CARTESIAN_POINT('',(-0.43,1.29,0.0));
#6163=CARTESIAN_POINT('',(-0.43,1.29,0.0));
#6164=VECTOR('',#7853,1.0);
#6165=CARTESIAN_POINT('',(-0.43,1.19,0.0));
#6166=VECTOR('',#7854,1.0);
#6167=COLOUR_RGB('',0.26213601231575,0.26213601231575,0.26213601231575);
#6168=CARTESIAN_POINT('',(-0.225744681358337,1.35666679382324,0.0));
#6169=CARTESIAN_POINT('',(-0.225744681358337,1.35666679382324,0.0));
#6170=VECTOR('',#7855,1.0);
#6171=CARTESIAN_POINT('',(-0.43,1.29,0.0));
#6172=VECTOR('',#7856,1.0);
#6173=COLOUR_RGB('',0.26213601231575,0.26213601231575,0.26213601231575);
#6174=CARTESIAN_POINT('',(-0.225744681358337,1.69,0.0));
#6175=CARTESIAN_POINT('',(-0.225744681358337,1.69,0.0));
#6176=VECTOR('',#7857,1.0);
#6177=CARTESIAN_POINT('',(-0.225744681358337,1.35666679382324,0.0));
#6178=VECTOR('',#7858,1.0);
#6179=COLOUR_RGB('',0.26213601231575,0.26213601231575,0.26213601231575);
#6180=CARTESIAN_POINT('',(-0.43,1.75666679382324,0.0));
#6181=CARTESIAN_POINT('',(-0.43,1.75666679382324,0.0));
#6182=VECTOR('',#7859,1.0);
#6183=CARTESIAN_POINT('',(-0.225744681358337,1.69,0.0));
#6184=VECTOR('',#7860,1.0);
#6185=COLOUR_RGB('',0.26213601231575,0.26213601231575,0.26213601231575);
#6186=CARTESIAN_POINT('',(-0.43,1.85666679382324,0.0));
#6187=CARTESIAN_POINT('',(-0.43,1.85666679382324,0.0));
#6188=VECTOR('',#7861,1.0);
#6189=CARTESIAN_POINT('',(-0.43,1.75666679382324,0.0));
#6190=VECTOR('',#7862,1.0);
#6191=COLOUR_RGB('',0.26213601231575,0.26213601231575,0.26213601231575);
#6192=CARTESIAN_POINT('',(0.37,1.59,0.0));
#6193=CARTESIAN_POINT('',(0.37,1.59,0.0));
#6194=VECTOR('',#7863,1.0);
#6195=CARTESIAN_POINT('',(-0.43,1.85666679382324,0.0));
#6196=VECTOR('',#7864,1.0);
#6197=COLOUR_RGB('',0.26213601231575,0.26213601231575,0.26213601231575);
#6198=CARTESIAN_POINT('',(0.37,1.59,0.0));
#6199=VECTOR('',#7865,1.0);
#6200=COLOUR_RGB('',0.334677010774612,0.815533995628357,0.438690990209579);
#6201=CARTESIAN_POINT('',(0.37,-1.76,0.0));
#6202=CARTESIAN_POINT('',(0.37,-1.86,0.0));
#6203=CARTESIAN_POINT('',(0.37,-1.76,0.0));
#6204=VECTOR('',#7866,1.0);
#6205=CARTESIAN_POINT('',(-0.327872340679169,-1.76,0.0));
#6206=CARTESIAN_POINT('',(-0.327872340679169,-1.76,0.0));
#6207=VECTOR('',#7867,1.0);
#6208=CARTESIAN_POINT('',(-0.327872340679169,-1.26,0.0));
#6209=CARTESIAN_POINT('',(-0.327872340679169,-1.26,0.0));
#6210=VECTOR('',#7868,1.0);
#6211=CARTESIAN_POINT('',(-0.43,-1.26,0.0));
#6212=CARTESIAN_POINT('',(-0.43,-1.26,0.0));
#6213=VECTOR('',#7869,1.0);
#6214=CARTESIAN_POINT('',(-0.43,-1.86,0.0));
#6215=CARTESIAN_POINT('',(-0.43,-1.86,0.0));
#6216=VECTOR('',#7870,1.0);
#6217=CARTESIAN_POINT('',(0.37,-1.86,0.0));
#6218=VECTOR('',#7871,1.0);
#6219=CARTESIAN_POINT('',(-0.310851066112518,-0.49333330154419,0.0));
#6220=CARTESIAN_POINT('',(-0.225744681358337,-0.476666698455811,0.0));
#6221=CARTESIAN_POINT('',(-0.310851066112518,-0.49333330154419,0.0));
#6222=VECTOR('',#7872,1.0);
#6223=CARTESIAN_POINT('',(-0.378936170339584,-0.56,0.0));
#6224=CARTESIAN_POINT('',(-0.378936170339584,-0.56,0.0));
#6225=VECTOR('',#7873,1.0);
#6226=CARTESIAN_POINT('',(-0.412978723943233,-0.626666698455811,0.0));
#6227=CARTESIAN_POINT('',(-0.412978723943233,-0.626666698455811,0.0));
#6228=VECTOR('',#7874,1.0);
#6229=CARTESIAN_POINT('',(-0.43,-0.71,0.0));
#6230=CARTESIAN_POINT('',(-0.43,-0.71,0.0));
#6231=VECTOR('',#7875,1.0);
#6232=CARTESIAN_POINT('',(-0.43,-0.86,0.0));
#6233=CARTESIAN_POINT('',(-0.43,-0.86,0.0));
#6234=VECTOR('',#7876,1.0);
#6235=CARTESIAN_POINT('',(-0.412978723943233,-0.94333330154419,0.0));
#6236=CARTESIAN_POINT('',(-0.412978723943233,-0.94333330154419,0.0));
#6237=VECTOR('',#7877,1.0);
#6238=CARTESIAN_POINT('',(-0.378936170339584,-1.01,0.0));
#6239=CARTESIAN_POINT('',(-0.378936170339584,-1.01,0.0));
#6240=VECTOR('',#7878,1.0);
#6241=CARTESIAN_POINT('',(-0.310851066112518,-1.07666665077209,0.0));
#6242=CARTESIAN_POINT('',(-0.310851066112518,-1.07666665077209,0.0));
#6243=VECTOR('',#7879,1.0);
#6244=CARTESIAN_POINT('',(-0.242765955924988,-1.11,0.0));
#6245=CARTESIAN_POINT('',(-0.242765955924988,-1.11,0.0));
#6246=VECTOR('',#7880,1.0);
#6247=CARTESIAN_POINT('',(-0.157659583091736,-1.1266666507721,0.0));
#6248=CARTESIAN_POINT('',(-0.157659583091736,-1.1266666507721,0.0));
#6249=VECTOR('',#7881,1.0);
#6250=CARTESIAN_POINT('',(0.0976595592498778,-1.1266666507721,0.0));
#6251=CARTESIAN_POINT('',(0.0976595592498778,-1.1266666507721,0.0));
#6252=VECTOR('',#7882,1.0);
#6253=CARTESIAN_POINT('',(0.182765979766846,-1.11,0.0));
#6254=CARTESIAN_POINT('',(0.182765979766846,-1.11,0.0));
#6255=VECTOR('',#7883,1.0);
#6256=CARTESIAN_POINT('',(0.250851078033447,-1.07666665077209,0.0));
#6257=CARTESIAN_POINT('',(0.250851078033448,-1.07666665077209,0.0));
#6258=VECTOR('',#7884,1.0);
#6259=CARTESIAN_POINT('',(0.318936176300049,-1.01,0.0));
#6260=CARTESIAN_POINT('',(0.318936176300049,-1.01,0.0));
#6261=VECTOR('',#7885,1.0);
#6262=CARTESIAN_POINT('',(0.35297872543335,-0.94333330154419,0.0));
#6263=CARTESIAN_POINT('',(0.35297872543335,-0.94333330154419,0.0));
#6264=VECTOR('',#7886,1.0);
#6265=CARTESIAN_POINT('',(0.37,-0.86,0.0));
#6266=CARTESIAN_POINT('',(0.37,-0.86,0.0));
#6267=VECTOR('',#7887,1.0);
#6268=CARTESIAN_POINT('',(0.37,-0.71,0.0));
#6269=CARTESIAN_POINT('',(0.37,-0.71,0.0));
#6270=VECTOR('',#7888,1.0);
#6271=CARTESIAN_POINT('',(0.35297872543335,-0.626666698455811,0.0));
#6272=CARTESIAN_POINT('',(0.35297872543335,-0.626666698455811,0.0));
#6273=VECTOR('',#7889,1.0);
#6274=CARTESIAN_POINT('',(0.318936176300049,-0.56,0.0));
#6275=CARTESIAN_POINT('',(0.318936176300049,-0.56,0.0));
#6276=VECTOR('',#7890,1.0);
#6277=CARTESIAN_POINT('',(0.250851078033447,-0.49333330154419,0.0));
#6278=CARTESIAN_POINT('',(0.250851078033447,-0.49333330154419,0.0));
#6279=VECTOR('',#7891,1.0);
#6280=CARTESIAN_POINT('',(0.165744657516479,-0.476666698455811,0.0));
#6281=CARTESIAN_POINT('',(0.165744657516479,-0.476666698455811,0.0));
#6282=VECTOR('',#7892,1.0);
#6283=CARTESIAN_POINT('',(0.165744657516479,-0.576666698455811,0.0));
#6284=CARTESIAN_POINT('',(0.165744657516479,-0.576666698455811,0.0));
#6285=VECTOR('',#7893,1.0);
#6286=CARTESIAN_POINT('',(0.216808528900146,-0.59333330154419,0.0));
#6287=CARTESIAN_POINT('',(0.216808528900146,-0.59333330154419,0.0));
#6288=VECTOR('',#7894,1.0);
#6289=CARTESIAN_POINT('',(0.250851078033447,-0.64333330154419,0.0));
#6290=CARTESIAN_POINT('',(0.250851078033447,-0.64333330154419,0.0));
#6291=VECTOR('',#7895,1.0);
#6292=CARTESIAN_POINT('',(0.267872352600098,-0.71,0.0));
#6293=CARTESIAN_POINT('',(0.267872352600098,-0.71,0.0));
#6294=VECTOR('',#7896,1.0);
#6295=CARTESIAN_POINT('',(0.267872352600098,-0.86,0.0));
#6296=CARTESIAN_POINT('',(0.267872352600098,-0.86,0.0));
#6297=VECTOR('',#7897,1.0);
#6298=CARTESIAN_POINT('',(0.250851078033447,-0.926666698455811,0.0));
#6299=CARTESIAN_POINT('',(0.250851078033447,-0.926666698455811,0.0));
#6300=VECTOR('',#7898,1.0);
#6301=CARTESIAN_POINT('',(0.216808528900146,-0.976666698455811,0.0));
#6302=CARTESIAN_POINT('',(0.216808528900146,-0.976666698455811,0.0));
#6303=VECTOR('',#7899,1.0);
#6304=CARTESIAN_POINT('',(0.165744657516479,-1.01,0.0));
#6305=CARTESIAN_POINT('',(0.165744657516479,-1.01,0.0));
#6306=VECTOR('',#7900,1.0);
#6307=CARTESIAN_POINT('',(0.0976595592498779,-1.02666669845581,0.0));
#6308=CARTESIAN_POINT('',(0.0976595592498779,-1.02666669845581,0.0));
#6309=VECTOR('',#7901,1.0);
#6310=CARTESIAN_POINT('',(-0.157659583091736,-1.02666669845581,0.0));
#6311=CARTESIAN_POINT('',(-0.157659583091736,-1.02666669845581,0.0));
#6312=VECTOR('',#7902,1.0);
#6313=CARTESIAN_POINT('',(-0.225744681358337,-1.01,0.0));
#6314=CARTESIAN_POINT('',(-0.225744681358337,-1.01,0.0));
#6315=VECTOR('',#7903,1.0);
#6316=CARTESIAN_POINT('',(-0.276808505058289,-0.976666698455811,0.0));
#6317=CARTESIAN_POINT('',(-0.276808505058288,-0.976666698455811,0.0));
#6318=VECTOR('',#7904,1.0);
#6319=CARTESIAN_POINT('',(-0.310851066112518,-0.926666698455811,0.0));
#6320=CARTESIAN_POINT('',(-0.310851066112518,-0.926666698455811,0.0));
#6321=VECTOR('',#7905,1.0);
#6322=CARTESIAN_POINT('',(-0.327872340679169,-0.86,0.0));
#6323=CARTESIAN_POINT('',(-0.327872340679169,-0.86,0.0));
#6324=VECTOR('',#7906,1.0);
#6325=CARTESIAN_POINT('',(-0.327872340679169,-0.71,0.0));
#6326=CARTESIAN_POINT('',(-0.327872340679169,-0.71,0.0));
#6327=VECTOR('',#7907,1.0);
#6328=CARTESIAN_POINT('',(-0.310851066112518,-0.64333330154419,0.0));
#6329=CARTESIAN_POINT('',(-0.310851066112518,-0.64333330154419,0.0));
#6330=VECTOR('',#7908,1.0);
#6331=CARTESIAN_POINT('',(-0.276808505058289,-0.59333330154419,0.0));
#6332=CARTESIAN_POINT('',(-0.276808505058289,-0.59333330154419,0.0));
#6333=VECTOR('',#7909,1.0);
#6334=CARTESIAN_POINT('',(-0.225744681358337,-0.576666698455811,0.0));
#6335=CARTESIAN_POINT('',(-0.225744681358337,-0.576666698455811,0.0));
#6336=VECTOR('',#7910,1.0);
#6337=CARTESIAN_POINT('',(-0.225744681358337,-0.476666698455811,0.0));
#6338=VECTOR('',#7911,1.0);
#6339=CARTESIAN_POINT('',(-0.43,0.256666603088379,0.0));
#6340=CARTESIAN_POINT('',(-0.327872340679169,0.256666603088379,0.0));
#6341=CARTESIAN_POINT('',(-0.43,0.256666603088379,0.0));
#6342=VECTOR('',#7912,1.0);
#6343=CARTESIAN_POINT('',(-0.43,-0.34333330154419,0.0));
#6344=CARTESIAN_POINT('',(-0.43,-0.34333330154419,0.0));
#6345=VECTOR('',#7913,1.0);
#6346=CARTESIAN_POINT('',(0.37,-0.34333330154419,0.0));
#6347=CARTESIAN_POINT('',(0.37,-0.34333330154419,0.0));
#6348=VECTOR('',#7914,1.0);
#6349=CARTESIAN_POINT('',(0.37,0.256666603088379,0.0));
#6350=CARTESIAN_POINT('',(0.37,0.256666603088379,0.0));
#6351=VECTOR('',#7915,1.0);
#6352=CARTESIAN_POINT('',(0.267872352600098,0.256666603088379,0.0));
#6353=CARTESIAN_POINT('',(0.267872352600098,0.256666603088379,0.0));
#6354=VECTOR('',#7916,1.0);
#6355=CARTESIAN_POINT('',(0.267872352600098,-0.243333396911621,0.0));
#6356=CARTESIAN_POINT('',(0.267872352600098,-0.243333396911621,0.0));
#6357=VECTOR('',#7917,1.0);
#6358=CARTESIAN_POINT('',(0.0465957355499267,-0.243333396911621,0.0));
#6359=CARTESIAN_POINT('',(0.0465957355499267,-0.243333396911621,0.0));
#6360=VECTOR('',#7918,1.0);
#6361=CARTESIAN_POINT('',(0.0465957355499267,0.19,0.0));
#6362=CARTESIAN_POINT('',(0.0465957355499267,0.19,0.0));
#6363=VECTOR('',#7919,1.0);
#6364=CARTESIAN_POINT('',(-0.0555319118499756,0.19,0.0));
#6365=CARTESIAN_POINT('',(-0.0555319118499756,0.19,0.0));
#6366=VECTOR('',#7920,1.0);
#6367=CARTESIAN_POINT('',(-0.0555319118499756,-0.243333396911621,0.0));
#6368=CARTESIAN_POINT('',(-0.0555319118499756,-0.243333396911621,0.0));
#6369=VECTOR('',#7921,1.0);
#6370=CARTESIAN_POINT('',(-0.327872340679169,-0.243333396911621,0.0));
#6371=CARTESIAN_POINT('',(-0.327872340679169,-0.243333396911621,0.0));
#6372=VECTOR('',#7922,1.0);
#6373=CARTESIAN_POINT('',(-0.327872340679169,0.256666603088379,0.0));
#6374=VECTOR('',#7923,1.0);
#6375=CARTESIAN_POINT('',(0.35297872543335,0.873333396911621,0.0));
#6376=CARTESIAN_POINT('',(0.37,0.79,0.0));
#6377=CARTESIAN_POINT('',(0.35297872543335,0.873333396911621,0.0));
#6378=VECTOR('',#7924,1.0);
#6379=CARTESIAN_POINT('',(0.318936176300049,0.94,0.0));
#6380=CARTESIAN_POINT('',(0.318936176300049,0.94,0.0));
#6381=VECTOR('',#7925,1.0);
#6382=CARTESIAN_POINT('',(0.250851078033447,1.00666660308838,0.0));
#6383=CARTESIAN_POINT('',(0.250851078033447,1.00666660308838,0.0));
#6384=VECTOR('',#7926,1.0);
#6385=CARTESIAN_POINT('',(0.182765979766845,1.04,0.0));
#6386=CARTESIAN_POINT('',(0.182765979766845,1.04,0.0));
#6387=VECTOR('',#7927,1.0);
#6388=CARTESIAN_POINT('',(0.0976595592498778,1.05666660308838,0.0));
#6389=CARTESIAN_POINT('',(0.0976595592498778,1.05666660308838,0.0));
#6390=VECTOR('',#7928,1.0);
#6391=CARTESIAN_POINT('',(-0.157659583091736,1.05666660308838,0.0));
#6392=CARTESIAN_POINT('',(-0.157659583091736,1.05666660308838,0.0));
#6393=VECTOR('',#7929,1.0);
#6394=CARTESIAN_POINT('',(-0.242765955924988,1.04,0.0));
#6395=CARTESIAN_POINT('',(-0.242765955924988,1.04,0.0));
#6396=VECTOR('',#7930,1.0);
#6397=CARTESIAN_POINT('',(-0.310851066112518,1.00666660308838,0.0));
#6398=CARTESIAN_POINT('',(-0.310851066112518,1.00666660308838,0.0));
#6399=VECTOR('',#7931,1.0);
#6400=CARTESIAN_POINT('',(-0.378936170339584,0.94,0.0));
#6401=CARTESIAN_POINT('',(-0.378936170339584,0.94,0.0));
#6402=VECTOR('',#7932,1.0);
#6403=CARTESIAN_POINT('',(-0.412978723943233,0.873333396911621,0.0));
#6404=CARTESIAN_POINT('',(-0.412978723943233,0.873333396911621,0.0));
#6405=VECTOR('',#7933,1.0);
#6406=CARTESIAN_POINT('',(-0.43,0.79,0.0));
#6407=CARTESIAN_POINT('',(-0.43,0.79,0.0));
#6408=VECTOR('',#7934,1.0);
#6409=CARTESIAN_POINT('',(-0.43,0.39,0.0));
#6410=CARTESIAN_POINT('',(-0.43,0.39,0.0));
#6411=VECTOR('',#7935,1.0);
#6412=CARTESIAN_POINT('',(0.37,0.39,0.0));
#6413=CARTESIAN_POINT('',(0.37,0.39,0.0));
#6414=VECTOR('',#7936,1.0);
#6415=CARTESIAN_POINT('',(0.37,0.79,0.0));
#6416=VECTOR('',#7937,1.0);
#6417=CARTESIAN_POINT('',(4.04,-4.2,0.0));
#6418=CARTESIAN_POINT('',(4.04,2.1,0.0));
#6419=CARTESIAN_POINT('',(4.04,-4.2,0.0));
#6420=VECTOR('',#7938,1.0);
#6421=CARTESIAN_POINT('',(1.04,2.1,0.0));
#6422=CARTESIAN_POINT('',(4.04,2.1,0.0));
#6423=VECTOR('',#7939,1.0);
#6424=CARTESIAN_POINT('',(1.04,-4.2,0.0));
#6425=CARTESIAN_POINT('',(1.04,-4.2,0.0));
#6426=VECTOR('',#7940,1.0);
#6427=CARTESIAN_POINT('',(-1.04,-4.2,0.0));
#6428=CARTESIAN_POINT('',(-1.04,-4.2,0.0));
#6429=VECTOR('',#7941,1.0);
#6430=CARTESIAN_POINT('',(-1.04,2.1,0.0));
#6431=CARTESIAN_POINT('',(-1.04,-4.2,0.0));
#6432=VECTOR('',#7942,1.0);
#6433=CARTESIAN_POINT('',(-4.04,2.1,0.0));
#6434=CARTESIAN_POINT('',(-1.04,2.1,0.0));
#6435=VECTOR('',#7943,1.0);
#6436=CARTESIAN_POINT('',(-4.04,-4.2,0.0));
#6437=CARTESIAN_POINT('',(-4.04,-4.2,0.0));
#6438=VECTOR('',#7944,1.0);
#6439=CARTESIAN_POINT('',(-5.83,-4.2,0.0));
#6440=CARTESIAN_POINT('',(-4.04,-4.2,0.0));
#6441=VECTOR('',#7945,1.0);
#6442=CARTESIAN_POINT('',(-5.83,3.7,0.0));
#6443=CARTESIAN_POINT('',(-5.83,3.7,0.0));
#6444=VECTOR('',#7946,1.0);
#6445=CARTESIAN_POINT('',(5.83,3.7,0.0));
#6446=CARTESIAN_POINT('',(5.83,3.7,0.0));
#6447=VECTOR('',#7947,1.0);
#6448=CARTESIAN_POINT('',(5.83,-4.2,0.0));
#6449=CARTESIAN_POINT('',(5.83,3.7,0.0));
#6450=VECTOR('',#7948,1.0);
#6451=CARTESIAN_POINT('',(5.83,-4.2,0.0));
#6452=VECTOR('',#7949,1.0);
#6453=COLOUR_RGB('',0.26213601231575,0.26213601231575,0.26213601231575);
#6454=CARTESIAN_POINT('',(0.37,-1.86,-0.1));
#6455=CARTESIAN_POINT('',(0.37,-1.86,0.0));
#6456=VECTOR('',#7950,1.0);
#6457=CARTESIAN_POINT('',(0.37,-1.76,-0.1));
#6458=CARTESIAN_POINT('',(0.37,-1.76,-0.1));
#6459=VECTOR('',#7951,1.0);
#6460=CARTESIAN_POINT('',(0.37,-1.76,0.0));
#6461=VECTOR('',#7952,1.0);
#6462=COLOUR_RGB('',0.26213601231575,0.26213601231575,0.26213601231575);
#6463=CARTESIAN_POINT('',(-0.327872340679169,-1.76,-0.1));
#6464=CARTESIAN_POINT('',(-0.327872340679169,-1.76,-0.1));
#6465=VECTOR('',#7953,1.0);
#6466=CARTESIAN_POINT('',(-0.327872340679169,-1.76,0.0));
#6467=VECTOR('',#7954,1.0);
#6468=COLOUR_RGB('',0.26213601231575,0.26213601231575,0.26213601231575);
#6469=CARTESIAN_POINT('',(-0.327872340679169,-1.26,-0.1));
#6470=CARTESIAN_POINT('',(-0.327872340679169,-1.26,-0.1));
#6471=VECTOR('',#7955,1.0);
#6472=CARTESIAN_POINT('',(-0.327872340679169,-1.26,0.0));
#6473=VECTOR('',#7956,1.0);
#6474=COLOUR_RGB('',0.26213601231575,0.26213601231575,0.26213601231575);
#6475=CARTESIAN_POINT('',(-0.43,-1.26,-0.1));
#6476=CARTESIAN_POINT('',(-0.43,-1.26,-0.1));
#6477=VECTOR('',#7957,1.0);
#6478=CARTESIAN_POINT('',(-0.43,-1.26,0.0));
#6479=VECTOR('',#7958,1.0);
#6480=COLOUR_RGB('',0.26213601231575,0.26213601231575,0.26213601231575);
#6481=CARTESIAN_POINT('',(-0.43,-1.86,-0.1));
#6482=CARTESIAN_POINT('',(-0.43,-1.86,-0.1));
#6483=VECTOR('',#7959,1.0);
#6484=CARTESIAN_POINT('',(-0.43,-1.86,0.0));
#6485=VECTOR('',#7960,1.0);
#6486=COLOUR_RGB('',0.26213601231575,0.26213601231575,0.26213601231575);
#6487=CARTESIAN_POINT('',(0.37,-1.86,-0.1));
#6488=VECTOR('',#7961,1.0);
#6489=COLOUR_RGB('',0.26213601231575,0.26213601231575,0.26213601231575);
#6490=CARTESIAN_POINT('',(-0.225744681358337,-0.476666698455811,-0.1));
#6491=CARTESIAN_POINT('',(-0.225744681358337,-0.476666698455811,0.0));
#6492=VECTOR('',#7962,1.0);
#6493=CARTESIAN_POINT('',(-0.310851066112518,-0.49333330154419,-0.1));
#6494=CARTESIAN_POINT('',(-0.310851066112518,-0.49333330154419,-0.1));
#6495=VECTOR('',#7963,1.0);
#6496=CARTESIAN_POINT('',(-0.310851066112518,-0.49333330154419,0.0));
#6497=VECTOR('',#7964,1.0);
#6498=COLOUR_RGB('',0.26213601231575,0.26213601231575,0.26213601231575);
#6499=CARTESIAN_POINT('',(-0.378936170339584,-0.56,-0.1));
#6500=CARTESIAN_POINT('',(-0.378936170339584,-0.56,-0.1));
#6501=VECTOR('',#7965,1.0);
#6502=CARTESIAN_POINT('',(-0.378936170339584,-0.56,0.0));
#6503=VECTOR('',#7966,1.0);
#6504=COLOUR_RGB('',0.26213601231575,0.26213601231575,0.26213601231575);
#6505=CARTESIAN_POINT('',(-0.412978723943233,-0.626666698455811,-0.1));
#6506=CARTESIAN_POINT('',(-0.412978723943233,-0.626666698455811,-0.1));
#6507=VECTOR('',#7967,1.0);
#6508=CARTESIAN_POINT('',(-0.412978723943233,-0.626666698455811,0.0));
#6509=VECTOR('',#7968,1.0);
#6510=COLOUR_RGB('',0.26213601231575,0.26213601231575,0.26213601231575);
#6511=CARTESIAN_POINT('',(-0.43,-0.71,-0.1));
#6512=CARTESIAN_POINT('',(-0.43,-0.71,-0.1));
#6513=VECTOR('',#7969,1.0);
#6514=CARTESIAN_POINT('',(-0.43,-0.71,0.0));
#6515=VECTOR('',#7970,1.0);
#6516=COLOUR_RGB('',0.26213601231575,0.26213601231575,0.26213601231575);
#6517=CARTESIAN_POINT('',(-0.43,-0.86,-0.1));
#6518=CARTESIAN_POINT('',(-0.43,-0.86,-0.1));
#6519=VECTOR('',#7971,1.0);
#6520=CARTESIAN_POINT('',(-0.43,-0.86,0.0));
#6521=VECTOR('',#7972,1.0);
#6522=COLOUR_RGB('',0.26213601231575,0.26213601231575,0.26213601231575);
#6523=CARTESIAN_POINT('',(-0.412978723943233,-0.94333330154419,-0.1));
#6524=CARTESIAN_POINT('',(-0.412978723943233,-0.94333330154419,-0.1));
#6525=VECTOR('',#7973,1.0);
#6526=CARTESIAN_POINT('',(-0.412978723943233,-0.94333330154419,0.0));
#6527=VECTOR('',#7974,1.0);
#6528=COLOUR_RGB('',0.26213601231575,0.26213601231575,0.26213601231575);
#6529=CARTESIAN_POINT('',(-0.378936170339584,-1.01,-0.1));
#6530=CARTESIAN_POINT('',(-0.378936170339584,-1.01,-0.1));
#6531=VECTOR('',#7975,1.0);
#6532=CARTESIAN_POINT('',(-0.378936170339584,-1.01,0.0));
#6533=VECTOR('',#7976,1.0);
#6534=COLOUR_RGB('',0.26213601231575,0.26213601231575,0.26213601231575);
#6535=CARTESIAN_POINT('',(-0.310851066112518,-1.07666665077209,-0.1));
#6536=CARTESIAN_POINT('',(-0.310851066112518,-1.07666665077209,-0.1));
#6537=VECTOR('',#7977,1.0);
#6538=CARTESIAN_POINT('',(-0.310851066112518,-1.07666665077209,0.0));
#6539=VECTOR('',#7978,1.0);
#6540=COLOUR_RGB('',0.26213601231575,0.26213601231575,0.26213601231575);
#6541=CARTESIAN_POINT('',(-0.242765955924988,-1.11,-0.1));
#6542=CARTESIAN_POINT('',(-0.242765955924988,-1.11,-0.1));
#6543=VECTOR('',#7979,1.0);
#6544=CARTESIAN_POINT('',(-0.242765955924988,-1.11,0.0));
#6545=VECTOR('',#7980,1.0);
#6546=COLOUR_RGB('',0.26213601231575,0.26213601231575,0.26213601231575);
#6547=CARTESIAN_POINT('',(-0.157659583091736,-1.1266666507721,-0.1));
#6548=CARTESIAN_POINT('',(-0.157659583091736,-1.1266666507721,-0.1));
#6549=VECTOR('',#7981,1.0);
#6550=CARTESIAN_POINT('',(-0.157659583091736,-1.1266666507721,0.0));
#6551=VECTOR('',#7982,1.0);
#6552=COLOUR_RGB('',0.26213601231575,0.26213601231575,0.26213601231575);
#6553=CARTESIAN_POINT('',(0.0976595592498778,-1.1266666507721,-0.1));
#6554=CARTESIAN_POINT('',(0.0976595592498778,-1.1266666507721,-0.1));
#6555=VECTOR('',#7983,1.0);
#6556=CARTESIAN_POINT('',(0.0976595592498778,-1.1266666507721,0.0));
#6557=VECTOR('',#7984,1.0);
#6558=COLOUR_RGB('',0.26213601231575,0.26213601231575,0.26213601231575);
#6559=CARTESIAN_POINT('',(0.182765979766846,-1.11,-0.1));
#6560=CARTESIAN_POINT('',(0.182765979766846,-1.11,-0.1));
#6561=VECTOR('',#7985,1.0);
#6562=CARTESIAN_POINT('',(0.182765979766846,-1.11,0.0));
#6563=VECTOR('',#7986,1.0);
#6564=COLOUR_RGB('',0.26213601231575,0.26213601231575,0.26213601231575);
#6565=CARTESIAN_POINT('',(0.250851078033447,-1.07666665077209,-0.1));
#6566=CARTESIAN_POINT('',(0.250851078033447,-1.07666665077209,-0.1));
#6567=VECTOR('',#7987,1.0);
#6568=CARTESIAN_POINT('',(0.250851078033447,-1.07666665077209,0.0));
#6569=VECTOR('',#7988,1.0);
#6570=COLOUR_RGB('',0.26213601231575,0.26213601231575,0.26213601231575);
#6571=CARTESIAN_POINT('',(0.318936176300049,-1.01,-0.1));
#6572=CARTESIAN_POINT('',(0.318936176300049,-1.01,-0.1));
#6573=VECTOR('',#7989,1.0);
#6574=CARTESIAN_POINT('',(0.318936176300049,-1.01,0.0));
#6575=VECTOR('',#7990,1.0);
#6576=COLOUR_RGB('',0.26213601231575,0.26213601231575,0.26213601231575);
#6577=CARTESIAN_POINT('',(0.35297872543335,-0.94333330154419,-0.1));
#6578=CARTESIAN_POINT('',(0.35297872543335,-0.94333330154419,-0.1));
#6579=VECTOR('',#7991,1.0);
#6580=CARTESIAN_POINT('',(0.35297872543335,-0.94333330154419,0.0));
#6581=VECTOR('',#7992,1.0);
#6582=COLOUR_RGB('',0.26213601231575,0.26213601231575,0.26213601231575);
#6583=CARTESIAN_POINT('',(0.37,-0.86,-0.1));
#6584=CARTESIAN_POINT('',(0.37,-0.86,-0.1));
#6585=VECTOR('',#7993,1.0);
#6586=CARTESIAN_POINT('',(0.37,-0.86,0.0));
#6587=VECTOR('',#7994,1.0);
#6588=COLOUR_RGB('',0.26213601231575,0.26213601231575,0.26213601231575);
#6589=CARTESIAN_POINT('',(0.37,-0.71,-0.1));
#6590=CARTESIAN_POINT('',(0.37,-0.71,-0.1));
#6591=VECTOR('',#7995,1.0);
#6592=CARTESIAN_POINT('',(0.37,-0.71,0.0));
#6593=VECTOR('',#7996,1.0);
#6594=COLOUR_RGB('',0.26213601231575,0.26213601231575,0.26213601231575);
#6595=CARTESIAN_POINT('',(0.35297872543335,-0.626666698455811,-0.1));
#6596=CARTESIAN_POINT('',(0.35297872543335,-0.626666698455811,-0.1));
#6597=VECTOR('',#7997,1.0);
#6598=CARTESIAN_POINT('',(0.35297872543335,-0.626666698455811,0.0));
#6599=VECTOR('',#7998,1.0);
#6600=COLOUR_RGB('',0.26213601231575,0.26213601231575,0.26213601231575);
#6601=CARTESIAN_POINT('',(0.318936176300049,-0.56,-0.1));
#6602=CARTESIAN_POINT('',(0.318936176300049,-0.56,-0.1));
#6603=VECTOR('',#7999,1.0);
#6604=CARTESIAN_POINT('',(0.318936176300049,-0.56,0.0));
#6605=VECTOR('',#8000,1.0);
#6606=COLOUR_RGB('',0.26213601231575,0.26213601231575,0.26213601231575);
#6607=CARTESIAN_POINT('',(0.250851078033447,-0.49333330154419,-0.1));
#6608=CARTESIAN_POINT('',(0.250851078033447,-0.49333330154419,-0.1));
#6609=VECTOR('',#8001,1.0);
#6610=CARTESIAN_POINT('',(0.250851078033447,-0.49333330154419,0.0));
#6611=VECTOR('',#8002,1.0);
#6612=COLOUR_RGB('',0.26213601231575,0.26213601231575,0.26213601231575);
#6613=CARTESIAN_POINT('',(0.165744657516479,-0.476666698455811,-0.1));
#6614=CARTESIAN_POINT('',(0.165744657516479,-0.476666698455811,-0.1));
#6615=VECTOR('',#8003,1.0);
#6616=CARTESIAN_POINT('',(0.165744657516479,-0.476666698455811,0.0));
#6617=VECTOR('',#8004,1.0);
#6618=COLOUR_RGB('',0.26213601231575,0.26213601231575,0.26213601231575);
#6619=CARTESIAN_POINT('',(0.165744657516479,-0.576666698455811,-0.1));
#6620=CARTESIAN_POINT('',(0.165744657516479,-0.576666698455811,-0.1));
#6621=VECTOR('',#8005,1.0);
#6622=CARTESIAN_POINT('',(0.165744657516479,-0.576666698455811,0.0));
#6623=VECTOR('',#8006,1.0);
#6624=COLOUR_RGB('',0.26213601231575,0.26213601231575,0.26213601231575);
#6625=CARTESIAN_POINT('',(0.216808528900146,-0.59333330154419,-0.1));
#6626=CARTESIAN_POINT('',(0.216808528900146,-0.59333330154419,-0.1));
#6627=VECTOR('',#8007,1.0);
#6628=CARTESIAN_POINT('',(0.216808528900146,-0.59333330154419,0.0));
#6629=VECTOR('',#8008,1.0);
#6630=COLOUR_RGB('',0.26213601231575,0.26213601231575,0.26213601231575);
#6631=CARTESIAN_POINT('',(0.250851078033447,-0.64333330154419,-0.1));
#6632=CARTESIAN_POINT('',(0.250851078033447,-0.64333330154419,-0.1));
#6633=VECTOR('',#8009,1.0);
#6634=CARTESIAN_POINT('',(0.250851078033447,-0.64333330154419,0.0));
#6635=VECTOR('',#8010,1.0);
#6636=COLOUR_RGB('',0.26213601231575,0.26213601231575,0.26213601231575);
#6637=CARTESIAN_POINT('',(0.267872352600098,-0.71,-0.1));
#6638=CARTESIAN_POINT('',(0.267872352600098,-0.71,-0.1));
#6639=VECTOR('',#8011,1.0);
#6640=CARTESIAN_POINT('',(0.267872352600098,-0.71,0.0));
#6641=VECTOR('',#8012,1.0);
#6642=COLOUR_RGB('',0.26213601231575,0.26213601231575,0.26213601231575);
#6643=CARTESIAN_POINT('',(0.267872352600098,-0.86,-0.1));
#6644=CARTESIAN_POINT('',(0.267872352600098,-0.86,-0.1));
#6645=VECTOR('',#8013,1.0);
#6646=CARTESIAN_POINT('',(0.267872352600098,-0.86,0.0));
#6647=VECTOR('',#8014,1.0);
#6648=COLOUR_RGB('',0.26213601231575,0.26213601231575,0.26213601231575);
#6649=CARTESIAN_POINT('',(0.250851078033447,-0.926666698455811,-0.1));
#6650=CARTESIAN_POINT('',(0.250851078033447,-0.926666698455811,-0.1));
#6651=VECTOR('',#8015,1.0);
#6652=CARTESIAN_POINT('',(0.250851078033447,-0.926666698455811,0.0));
#6653=VECTOR('',#8016,1.0);
#6654=COLOUR_RGB('',0.26213601231575,0.26213601231575,0.26213601231575);
#6655=CARTESIAN_POINT('',(0.216808528900146,-0.976666698455811,-0.1));
#6656=CARTESIAN_POINT('',(0.216808528900146,-0.976666698455811,-0.1));
#6657=VECTOR('',#8017,1.0);
#6658=CARTESIAN_POINT('',(0.216808528900146,-0.976666698455811,0.0));
#6659=VECTOR('',#8018,1.0);
#6660=COLOUR_RGB('',0.26213601231575,0.26213601231575,0.26213601231575);
#6661=CARTESIAN_POINT('',(0.165744657516479,-1.01,-0.1));
#6662=CARTESIAN_POINT('',(0.165744657516479,-1.01,-0.1));
#6663=VECTOR('',#8019,1.0);
#6664=CARTESIAN_POINT('',(0.165744657516479,-1.01,0.0));
#6665=VECTOR('',#8020,1.0);
#6666=COLOUR_RGB('',0.26213601231575,0.26213601231575,0.26213601231575);
#6667=CARTESIAN_POINT('',(0.0976595592498778,-1.02666669845581,-0.1));
#6668=CARTESIAN_POINT('',(0.0976595592498778,-1.02666669845581,-0.1));
#6669=VECTOR('',#8021,1.0);
#6670=CARTESIAN_POINT('',(0.0976595592498778,-1.02666669845581,0.0));
#6671=VECTOR('',#8022,1.0);
#6672=COLOUR_RGB('',0.26213601231575,0.26213601231575,0.26213601231575);
#6673=CARTESIAN_POINT('',(-0.157659583091736,-1.02666669845581,-0.1));
#6674=CARTESIAN_POINT('',(-0.157659583091736,-1.02666669845581,-0.1));
#6675=VECTOR('',#8023,1.0);
#6676=CARTESIAN_POINT('',(-0.157659583091736,-1.02666669845581,0.0));
#6677=VECTOR('',#8024,1.0);
#6678=COLOUR_RGB('',0.26213601231575,0.26213601231575,0.26213601231575);
#6679=CARTESIAN_POINT('',(-0.225744681358337,-1.01,-0.1));
#6680=CARTESIAN_POINT('',(-0.225744681358337,-1.01,-0.1));
#6681=VECTOR('',#8025,1.0);
#6682=CARTESIAN_POINT('',(-0.225744681358337,-1.01,0.0));
#6683=VECTOR('',#8026,1.0);
#6684=COLOUR_RGB('',0.26213601231575,0.26213601231575,0.26213601231575);
#6685=CARTESIAN_POINT('',(-0.276808505058289,-0.976666698455811,-0.1));
#6686=CARTESIAN_POINT('',(-0.276808505058289,-0.976666698455811,-0.1));
#6687=VECTOR('',#8027,1.0);
#6688=CARTESIAN_POINT('',(-0.276808505058289,-0.976666698455811,0.0));
#6689=VECTOR('',#8028,1.0);
#6690=COLOUR_RGB('',0.26213601231575,0.26213601231575,0.26213601231575);
#6691=CARTESIAN_POINT('',(-0.310851066112518,-0.926666698455811,-0.1));
#6692=CARTESIAN_POINT('',(-0.310851066112518,-0.926666698455811,-0.1));
#6693=VECTOR('',#8029,1.0);
#6694=CARTESIAN_POINT('',(-0.310851066112518,-0.926666698455811,0.0));
#6695=VECTOR('',#8030,1.0);
#6696=COLOUR_RGB('',0.26213601231575,0.26213601231575,0.26213601231575);
#6697=CARTESIAN_POINT('',(-0.327872340679169,-0.86,-0.1));
#6698=CARTESIAN_POINT('',(-0.327872340679169,-0.86,-0.1));
#6699=VECTOR('',#8031,1.0);
#6700=CARTESIAN_POINT('',(-0.327872340679169,-0.86,0.0));
#6701=VECTOR('',#8032,1.0);
#6702=COLOUR_RGB('',0.26213601231575,0.26213601231575,0.26213601231575);
#6703=CARTESIAN_POINT('',(-0.327872340679169,-0.71,-0.1));
#6704=CARTESIAN_POINT('',(-0.327872340679169,-0.71,-0.1));
#6705=VECTOR('',#8033,1.0);
#6706=CARTESIAN_POINT('',(-0.327872340679169,-0.71,0.0));
#6707=VECTOR('',#8034,1.0);
#6708=COLOUR_RGB('',0.26213601231575,0.26213601231575,0.26213601231575);
#6709=CARTESIAN_POINT('',(-0.310851066112518,-0.64333330154419,-0.1));
#6710=CARTESIAN_POINT('',(-0.310851066112518,-0.64333330154419,-0.1));
#6711=VECTOR('',#8035,1.0);
#6712=CARTESIAN_POINT('',(-0.310851066112518,-0.64333330154419,0.0));
#6713=VECTOR('',#8036,1.0);
#6714=COLOUR_RGB('',0.26213601231575,0.26213601231575,0.26213601231575);
#6715=CARTESIAN_POINT('',(-0.276808505058289,-0.59333330154419,-0.1));
#6716=CARTESIAN_POINT('',(-0.276808505058289,-0.59333330154419,-0.1));
#6717=VECTOR('',#8037,1.0);
#6718=CARTESIAN_POINT('',(-0.276808505058289,-0.59333330154419,0.0));
#6719=VECTOR('',#8038,1.0);
#6720=COLOUR_RGB('',0.26213601231575,0.26213601231575,0.26213601231575);
#6721=CARTESIAN_POINT('',(-0.225744681358337,-0.576666698455811,-0.1));
#6722=CARTESIAN_POINT('',(-0.225744681358337,-0.576666698455811,-0.1));
#6723=VECTOR('',#8039,1.0);
#6724=CARTESIAN_POINT('',(-0.225744681358337,-0.576666698455811,0.0));
#6725=VECTOR('',#8040,1.0);
#6726=COLOUR_RGB('',0.26213601231575,0.26213601231575,0.26213601231575);
#6727=CARTESIAN_POINT('',(-0.225744681358337,-0.476666698455811,-0.1));
#6728=VECTOR('',#8041,1.0);
#6729=COLOUR_RGB('',0.26213601231575,0.26213601231575,0.26213601231575);
#6730=CARTESIAN_POINT('',(-0.327872340679169,0.256666603088379,-0.1));
#6731=CARTESIAN_POINT('',(-0.327872340679169,0.256666603088379,0.0));
#6732=VECTOR('',#8042,1.0);
#6733=CARTESIAN_POINT('',(-0.43,0.256666603088379,-0.1));
#6734=CARTESIAN_POINT('',(-0.43,0.256666603088379,-0.1));
#6735=VECTOR('',#8043,1.0);
#6736=CARTESIAN_POINT('',(-0.43,0.256666603088379,0.0));
#6737=VECTOR('',#8044,1.0);
#6738=COLOUR_RGB('',0.26213601231575,0.26213601231575,0.26213601231575);
#6739=CARTESIAN_POINT('',(-0.43,-0.34333330154419,-0.1));
#6740=CARTESIAN_POINT('',(-0.43,-0.34333330154419,-0.1));
#6741=VECTOR('',#8045,1.0);
#6742=CARTESIAN_POINT('',(-0.43,-0.34333330154419,0.0));
#6743=VECTOR('',#8046,1.0);
#6744=COLOUR_RGB('',0.26213601231575,0.26213601231575,0.26213601231575);
#6745=CARTESIAN_POINT('',(0.37,-0.34333330154419,-0.1));
#6746=CARTESIAN_POINT('',(0.37,-0.34333330154419,-0.1));
#6747=VECTOR('',#8047,1.0);
#6748=CARTESIAN_POINT('',(0.37,-0.34333330154419,0.0));
#6749=VECTOR('',#8048,1.0);
#6750=COLOUR_RGB('',0.26213601231575,0.26213601231575,0.26213601231575);
#6751=CARTESIAN_POINT('',(0.37,0.256666603088379,-0.1));
#6752=CARTESIAN_POINT('',(0.37,0.256666603088379,-0.1));
#6753=VECTOR('',#8049,1.0);
#6754=CARTESIAN_POINT('',(0.37,0.256666603088379,0.0));
#6755=VECTOR('',#8050,1.0);
#6756=COLOUR_RGB('',0.26213601231575,0.26213601231575,0.26213601231575);
#6757=CARTESIAN_POINT('',(0.267872352600098,0.256666603088379,-0.1));
#6758=CARTESIAN_POINT('',(0.267872352600098,0.256666603088379,-0.1));
#6759=VECTOR('',#8051,1.0);
#6760=CARTESIAN_POINT('',(0.267872352600098,0.256666603088379,0.0));
#6761=VECTOR('',#8052,1.0);
#6762=COLOUR_RGB('',0.26213601231575,0.26213601231575,0.26213601231575);
#6763=CARTESIAN_POINT('',(0.267872352600098,-0.243333396911621,-0.1));
#6764=CARTESIAN_POINT('',(0.267872352600098,-0.243333396911621,-0.1));
#6765=VECTOR('',#8053,1.0);
#6766=CARTESIAN_POINT('',(0.267872352600098,-0.243333396911621,0.0));
#6767=VECTOR('',#8054,1.0);
#6768=COLOUR_RGB('',0.26213601231575,0.26213601231575,0.26213601231575);
#6769=CARTESIAN_POINT('',(0.0465957355499267,-0.243333396911621,-0.1));
#6770=CARTESIAN_POINT('',(0.0465957355499267,-0.243333396911621,-0.1));
#6771=VECTOR('',#8055,1.0);
#6772=CARTESIAN_POINT('',(0.0465957355499267,-0.243333396911621,0.0));
#6773=VECTOR('',#8056,1.0);
#6774=COLOUR_RGB('',0.26213601231575,0.26213601231575,0.26213601231575);
#6775=CARTESIAN_POINT('',(0.0465957355499267,0.19,-0.1));
#6776=CARTESIAN_POINT('',(0.0465957355499267,0.19,-0.1));
#6777=VECTOR('',#8057,1.0);
#6778=CARTESIAN_POINT('',(0.0465957355499267,0.19,0.0));
#6779=VECTOR('',#8058,1.0);
#6780=COLOUR_RGB('',0.26213601231575,0.26213601231575,0.26213601231575);
#6781=CARTESIAN_POINT('',(-0.0555319118499756,0.19,-0.1));
#6782=CARTESIAN_POINT('',(-0.0555319118499756,0.19,-0.1));
#6783=VECTOR('',#8059,1.0);
#6784=CARTESIAN_POINT('',(-0.0555319118499756,0.19,0.0));
#6785=VECTOR('',#8060,1.0);
#6786=COLOUR_RGB('',0.26213601231575,0.26213601231575,0.26213601231575);
#6787=CARTESIAN_POINT('',(-0.0555319118499756,-0.243333396911621,-0.1));
#6788=CARTESIAN_POINT('',(-0.0555319118499756,-0.243333396911621,-0.1));
#6789=VECTOR('',#8061,1.0);
#6790=CARTESIAN_POINT('',(-0.0555319118499756,-0.243333396911621,0.0));
#6791=VECTOR('',#8062,1.0);
#6792=COLOUR_RGB('',0.26213601231575,0.26213601231575,0.26213601231575);
#6793=CARTESIAN_POINT('',(-0.327872340679169,-0.243333396911621,-0.1));
#6794=CARTESIAN_POINT('',(-0.327872340679169,-0.243333396911621,-0.1));
#6795=VECTOR('',#8063,1.0);
#6796=CARTESIAN_POINT('',(-0.327872340679169,-0.243333396911621,0.0));
#6797=VECTOR('',#8064,1.0);
#6798=COLOUR_RGB('',0.26213601231575,0.26213601231575,0.26213601231575);
#6799=CARTESIAN_POINT('',(-0.327872340679169,0.256666603088379,-0.1));
#6800=VECTOR('',#8065,1.0);
#6801=COLOUR_RGB('',0.26213601231575,0.26213601231575,0.26213601231575);
#6802=CARTESIAN_POINT('',(0.37,0.79,-0.1));
#6803=CARTESIAN_POINT('',(0.37,0.79,0.0));
#6804=VECTOR('',#8066,1.0);
#6805=CARTESIAN_POINT('',(0.35297872543335,0.873333396911621,-0.1));
#6806=CARTESIAN_POINT('',(0.35297872543335,0.873333396911621,-0.1));
#6807=VECTOR('',#8067,1.0);
#6808=CARTESIAN_POINT('',(0.35297872543335,0.873333396911621,0.0));
#6809=VECTOR('',#8068,1.0);
#6810=COLOUR_RGB('',0.26213601231575,0.26213601231575,0.26213601231575);
#6811=CARTESIAN_POINT('',(0.318936176300049,0.94,-0.1));
#6812=CARTESIAN_POINT('',(0.318936176300049,0.94,-0.1));
#6813=VECTOR('',#8069,1.0);
#6814=CARTESIAN_POINT('',(0.318936176300049,0.94,0.0));
#6815=VECTOR('',#8070,1.0);
#6816=COLOUR_RGB('',0.26213601231575,0.26213601231575,0.26213601231575);
#6817=CARTESIAN_POINT('',(0.250851078033447,1.00666660308838,-0.1));
#6818=CARTESIAN_POINT('',(0.250851078033447,1.00666660308838,-0.1));
#6819=VECTOR('',#8071,1.0);
#6820=CARTESIAN_POINT('',(0.250851078033447,1.00666660308838,0.0));
#6821=VECTOR('',#8072,1.0);
#6822=COLOUR_RGB('',0.26213601231575,0.26213601231575,0.26213601231575);
#6823=CARTESIAN_POINT('',(0.182765979766846,1.04,-0.1));
#6824=CARTESIAN_POINT('',(0.182765979766846,1.04,-0.1));
#6825=VECTOR('',#8073,1.0);
#6826=CARTESIAN_POINT('',(0.182765979766846,1.04,0.0));
#6827=VECTOR('',#8074,1.0);
#6828=COLOUR_RGB('',0.26213601231575,0.26213601231575,0.26213601231575);
#6829=CARTESIAN_POINT('',(0.0976595592498778,1.05666660308838,-0.1));
#6830=CARTESIAN_POINT('',(0.0976595592498778,1.05666660308838,-0.1));
#6831=VECTOR('',#8075,1.0);
#6832=CARTESIAN_POINT('',(0.0976595592498778,1.05666660308838,0.0));
#6833=VECTOR('',#8076,1.0);
#6834=COLOUR_RGB('',0.26213601231575,0.26213601231575,0.26213601231575);
#6835=CARTESIAN_POINT('',(-0.157659583091736,1.05666660308838,-0.1));
#6836=CARTESIAN_POINT('',(-0.157659583091736,1.05666660308838,-0.1));
#6837=VECTOR('',#8077,1.0);
#6838=CARTESIAN_POINT('',(-0.157659583091736,1.05666660308838,0.0));
#6839=VECTOR('',#8078,1.0);
#6840=COLOUR_RGB('',0.26213601231575,0.26213601231575,0.26213601231575);
#6841=CARTESIAN_POINT('',(-0.242765955924988,1.04,-0.1));
#6842=CARTESIAN_POINT('',(-0.242765955924988,1.04,-0.1));
#6843=VECTOR('',#8079,1.0);
#6844=CARTESIAN_POINT('',(-0.242765955924988,1.04,0.0));
#6845=VECTOR('',#8080,1.0);
#6846=COLOUR_RGB('',0.26213601231575,0.26213601231575,0.26213601231575);
#6847=CARTESIAN_POINT('',(-0.310851066112518,1.00666660308838,-0.1));
#6848=CARTESIAN_POINT('',(-0.310851066112518,1.00666660308838,-0.1));
#6849=VECTOR('',#8081,1.0);
#6850=CARTESIAN_POINT('',(-0.310851066112518,1.00666660308838,0.0));
#6851=VECTOR('',#8082,1.0);
#6852=COLOUR_RGB('',0.26213601231575,0.26213601231575,0.26213601231575);
#6853=CARTESIAN_POINT('',(-0.378936170339584,0.94,-0.1));
#6854=CARTESIAN_POINT('',(-0.378936170339584,0.94,-0.1));
#6855=VECTOR('',#8083,1.0);
#6856=CARTESIAN_POINT('',(-0.378936170339584,0.94,0.0));
#6857=VECTOR('',#8084,1.0);
#6858=COLOUR_RGB('',0.26213601231575,0.26213601231575,0.26213601231575);
#6859=CARTESIAN_POINT('',(-0.412978723943233,0.873333396911621,-0.1));
#6860=CARTESIAN_POINT('',(-0.412978723943233,0.873333396911621,-0.1));
#6861=VECTOR('',#8085,1.0);
#6862=CARTESIAN_POINT('',(-0.412978723943233,0.873333396911621,0.0));
#6863=VECTOR('',#8086,1.0);
#6864=COLOUR_RGB('',0.26213601231575,0.26213601231575,0.26213601231575);
#6865=CARTESIAN_POINT('',(-0.43,0.79,-0.1));
#6866=CARTESIAN_POINT('',(-0.43,0.79,-0.1));
#6867=VECTOR('',#8087,1.0);
#6868=CARTESIAN_POINT('',(-0.43,0.79,0.0));
#6869=VECTOR('',#8088,1.0);
#6870=COLOUR_RGB('',0.26213601231575,0.26213601231575,0.26213601231575);
#6871=CARTESIAN_POINT('',(-0.43,0.39,-0.1));
#6872=CARTESIAN_POINT('',(-0.43,0.39,-0.1));
#6873=VECTOR('',#8089,1.0);
#6874=CARTESIAN_POINT('',(-0.43,0.39,0.0));
#6875=VECTOR('',#8090,1.0);
#6876=COLOUR_RGB('',0.26213601231575,0.26213601231575,0.26213601231575);
#6877=CARTESIAN_POINT('',(0.37,0.39,-0.1));
#6878=CARTESIAN_POINT('',(0.37,0.39,-0.1));
#6879=VECTOR('',#8091,1.0);
#6880=CARTESIAN_POINT('',(0.37,0.39,0.0));
#6881=VECTOR('',#8092,1.0);
#6882=COLOUR_RGB('',0.26213601231575,0.26213601231575,0.26213601231575);
#6883=CARTESIAN_POINT('',(0.37,0.79,-0.1));
#6884=VECTOR('',#8093,1.0);
#6885=COLOUR_RGB('',0.334677010774612,0.815533995628357,0.438690990209579);
#6886=CARTESIAN_POINT('',(4.04,-4.2,0.4));
#6887=CARTESIAN_POINT('',(4.04,-4.2,0.0));
#6888=VECTOR('',#8094,1.0);
#6889=CARTESIAN_POINT('',(4.04,2.1,0.4));
#6890=CARTESIAN_POINT('',(4.04,-4.2,0.4));
#6891=VECTOR('',#8095,1.0);
#6892=CARTESIAN_POINT('',(4.04,2.1,0.4));
#6893=VECTOR('',#8096,1.0);
#6894=COLOUR_RGB('',0.334677010774612,0.815533995628357,0.438690990209579);
#6895=CARTESIAN_POINT('',(1.04,2.1,0.4));
#6896=CARTESIAN_POINT('',(4.04,2.1,0.4));
#6897=VECTOR('',#8097,1.0);
#6898=CARTESIAN_POINT('',(1.04,2.1,0.4));
#6899=VECTOR('',#8098,1.0);
#6900=COLOUR_RGB('',0.334677010774612,0.815533995628357,0.438690990209579);
#6901=CARTESIAN_POINT('',(1.04,-4.2,0.4));
#6902=CARTESIAN_POINT('',(1.04,-4.2,0.4));
#6903=VECTOR('',#8099,1.0);
#6904=CARTESIAN_POINT('',(1.04,-4.2,0.0));
#6905=VECTOR('',#8100,1.0);
#6906=COLOUR_RGB('',0.334677010774612,0.815533995628357,0.438690990209579);
#6907=CARTESIAN_POINT('',(-5.83,-4.2,12.0));
#6908=CARTESIAN_POINT('',(-5.83,-4.2,0.0));
#6909=VECTOR('',#8101,1.0);
#6910=CARTESIAN_POINT('',(-4.04,-4.2,0.4));
#6911=CARTESIAN_POINT('',(-4.04,-4.2,0.0));
#6912=VECTOR('',#8102,1.0);
#6913=CARTESIAN_POINT('',(-3.14,-4.2,0.4));
#6914=CARTESIAN_POINT('',(-3.14,-4.2,0.4));
#6915=VECTOR('',#8103,1.0);
#6916=CARTESIAN_POINT('',(-3.14,-4.2,2.4));
#6917=CARTESIAN_POINT('',(-3.14,-4.2,0.4));
#6918=VECTOR('',#8104,1.0);
#6919=CARTESIAN_POINT('',(-1.94,-4.2,2.4));
#6920=CARTESIAN_POINT('',(-1.94,-4.2,2.4));
#6921=VECTOR('',#8105,1.0);
#6922=CARTESIAN_POINT('',(-1.94,-4.2,0.4));
#6923=CARTESIAN_POINT('',(-1.94,-4.2,0.4));
#6924=VECTOR('',#8106,1.0);
#6925=CARTESIAN_POINT('',(-1.04,-4.2,0.4));
#6926=CARTESIAN_POINT('',(-1.04,-4.2,0.4));
#6927=VECTOR('',#8107,1.0);
#6928=CARTESIAN_POINT('',(-1.04,-4.2,0.0));
#6929=VECTOR('',#8108,1.0);
#6930=CARTESIAN_POINT('',(1.94,-4.2,0.4));
#6931=CARTESIAN_POINT('',(1.94,-4.2,0.4));
#6932=VECTOR('',#8109,1.0);
#6933=CARTESIAN_POINT('',(1.94,-4.2,2.4));
#6934=CARTESIAN_POINT('',(1.94,-4.2,0.4));
#6935=VECTOR('',#8110,1.0);
#6936=CARTESIAN_POINT('',(3.14,-4.2,2.4));
#6937=CARTESIAN_POINT('',(3.14,-4.2,2.4));
#6938=VECTOR('',#8111,1.0);
#6939=CARTESIAN_POINT('',(3.14,-4.2,0.4));
#6940=CARTESIAN_POINT('',(3.14,-4.2,0.4));
#6941=VECTOR('',#8112,1.0);
#6942=CARTESIAN_POINT('',(4.04,-4.2,0.4));
#6943=VECTOR('',#8113,1.0);
#6944=CARTESIAN_POINT('',(5.83,-4.2,12.0));
#6945=CARTESIAN_POINT('',(5.83,-4.2,0.0));
#6946=VECTOR('',#8114,1.0);
#6947=CARTESIAN_POINT('',(5.83,-4.2,12.0));
#6948=VECTOR('',#8115,1.0);
#6949=COLOUR_RGB('',0.334677010774612,0.815533995628357,0.438690990209579);
#6950=CARTESIAN_POINT('',(-1.04,2.1,0.4));
#6951=CARTESIAN_POINT('',(-1.04,-4.2,0.4));
#6952=VECTOR('',#8116,1.0);
#6953=CARTESIAN_POINT('',(-1.04,2.1,0.4));
#6954=VECTOR('',#8117,1.0);
#6955=COLOUR_RGB('',0.334677010774612,0.815533995628357,0.438690990209579);
#6956=CARTESIAN_POINT('',(-4.04,2.1,0.4));
#6957=CARTESIAN_POINT('',(-1.04,2.1,0.4));
#6958=VECTOR('',#8118,1.0);
#6959=CARTESIAN_POINT('',(-4.04,2.1,0.4));
#6960=VECTOR('',#8119,1.0);
#6961=COLOUR_RGB('',0.334677010774612,0.815533995628357,0.438690990209579);
#6962=CARTESIAN_POINT('',(-4.04,-4.2,0.4));
#6963=VECTOR('',#8120,1.0);
#6964=COLOUR_RGB('',0.334677010774612,0.815533995628357,0.438690990209579);
#6965=CARTESIAN_POINT('',(-5.83,4.2,10.5));
#6966=CARTESIAN_POINT('',(-5.83,4.2,8.9));
#6967=CARTESIAN_POINT('',(-5.83,4.2,10.5));
#6968=VECTOR('',#8121,1.0);
#6969=CARTESIAN_POINT('',(-5.83,3.7,8.9));
#6970=CARTESIAN_POINT('',(-5.83,4.2,8.9));
#6971=VECTOR('',#8122,1.0);
#6972=CARTESIAN_POINT('',(-5.83,3.7,8.9));
#6973=VECTOR('',#8123,1.0);
#6974=CARTESIAN_POINT('',(-5.83,3.8,12.0));
#6975=CARTESIAN_POINT('',(-5.83,-4.2,12.0));
#6976=VECTOR('',#8124,1.0);
#6977=CARTESIAN_POINT('',(-5.83,3.8,12.0));
#6978=VECTOR('',#8125,1.0);
#6979=COLOUR_RGB('',0.334677010774612,0.815533995628357,0.438690990209579);
#6980=CARTESIAN_POINT('',(5.83,3.7,8.9));
#6981=CARTESIAN_POINT('',(5.83,3.7,8.9));
#6982=VECTOR('',#8126,1.0);
#6983=CARTESIAN_POINT('',(5.83,3.7,8.9));
#6984=VECTOR('',#8127,1.0);
#6985=COLOUR_RGB('',0.334677010774612,0.815533995628357,0.438690990209579);
#6986=CARTESIAN_POINT('',(5.83,3.8,12.0));
#6987=CARTESIAN_POINT('',(5.83,-4.2,12.0));
#6988=VECTOR('',#8128,1.0);
#6989=CARTESIAN_POINT('',(5.83,4.2,8.9));
#6990=CARTESIAN_POINT('',(5.83,4.2,8.9));
#6991=VECTOR('',#8129,1.0);
#6992=CARTESIAN_POINT('',(5.83,4.2,10.5));
#6993=CARTESIAN_POINT('',(5.83,4.2,10.5));
#6994=VECTOR('',#8130,1.0);
#6995=CARTESIAN_POINT('',(5.83,3.8,12.0));
#6996=VECTOR('',#8131,1.0);
#6997=COLOUR_RGB('',0.26213601231575,0.26213601231575,0.26213601231575);
#6998=COLOUR_RGB('',0.26213601231575,0.26213601231575,0.26213601231575);
#6999=COLOUR_RGB('',0.26213601231575,0.26213601231575,0.26213601231575);
#7000=COLOUR_RGB('',0.26213601231575,0.26213601231575,0.26213601231575);
#7001=CARTESIAN_POINT('',(0.267872352600098,0.79,-0.1));
#7002=CARTESIAN_POINT('',(0.250851078033447,0.856666603088379,-0.1));
#7003=CARTESIAN_POINT('',(0.267872352600098,0.79,-0.1));
#7004=VECTOR('',#8132,1.0);
#7005=CARTESIAN_POINT('',(0.216808528900146,0.906666603088378,-0.1));
#7006=CARTESIAN_POINT('',(0.250851078033447,0.856666603088379,-0.1));
#7007=VECTOR('',#8133,1.0);
#7008=CARTESIAN_POINT('',(0.165744657516479,0.94,-0.1));
#7009=CARTESIAN_POINT('',(0.216808528900146,0.906666603088379,-0.1));
#7010=VECTOR('',#8134,1.0);
#7011=CARTESIAN_POINT('',(0.0976595592498778,0.956666603088378,-0.1));
#7012=CARTESIAN_POINT('',(0.165744657516479,0.94,-0.1));
#7013=VECTOR('',#8135,1.0);
#7014=CARTESIAN_POINT('',(-0.157659583091736,0.956666603088378,-0.1));
#7015=CARTESIAN_POINT('',(0.0976595592498778,0.956666603088378,-0.1));
#7016=VECTOR('',#8136,1.0);
#7017=CARTESIAN_POINT('',(-0.225744681358337,0.94,-0.1));
#7018=CARTESIAN_POINT('',(-0.157659583091736,0.956666603088378,-0.1));
#7019=VECTOR('',#8137,1.0);
#7020=CARTESIAN_POINT('',(-0.276808505058289,0.906666603088378,-0.1));
#7021=CARTESIAN_POINT('',(-0.225744681358337,0.94,-0.1));
#7022=VECTOR('',#8138,1.0);
#7023=CARTESIAN_POINT('',(-0.310851066112518,0.856666603088379,-0.1));
#7024=CARTESIAN_POINT('',(-0.276808505058289,0.906666603088379,-0.1));
#7025=VECTOR('',#8139,1.0);
#7026=CARTESIAN_POINT('',(-0.327872340679169,0.79,-0.1));
#7027=CARTESIAN_POINT('',(-0.310851066112518,0.856666603088379,-0.1));
#7028=VECTOR('',#8140,1.0);
#7029=CARTESIAN_POINT('',(-0.327872340679169,0.49,-0.1));
#7030=CARTESIAN_POINT('',(-0.327872340679169,0.79,-0.1));
#7031=VECTOR('',#8141,1.0);
#7032=CARTESIAN_POINT('',(0.267872352600098,0.49,-0.1));
#7033=CARTESIAN_POINT('',(-0.327872340679169,0.49,-0.1));
#7034=VECTOR('',#8142,1.0);
#7035=CARTESIAN_POINT('',(0.267872352600098,0.49,-0.1));
#7036=VECTOR('',#8143,1.0);
#7037=COLOUR_RGB('',0.334677010774612,0.815533995628357,0.438690990209579);
#7038=CARTESIAN_POINT('',(3.14,0.5,0.4));
#7039=CARTESIAN_POINT('',(3.14,0.5,0.4));
#7040=VECTOR('',#8144,1.0);
#7041=CARTESIAN_POINT('',(1.94,0.5,0.4));
#7042=CARTESIAN_POINT('',(1.94,0.5,0.4));
#7043=VECTOR('',#8145,1.0);
#7044=CARTESIAN_POINT('',(1.94,-4.2,0.4));
#7045=VECTOR('',#8146,1.0);
#7046=COLOUR_RGB('',0.334677010774612,0.815533995628357,0.438690990209579);
#7047=CARTESIAN_POINT('',(-1.94,0.5,0.4));
#7048=CARTESIAN_POINT('',(-1.94,0.5,0.4));
#7049=VECTOR('',#8147,1.0);
#7050=CARTESIAN_POINT('',(-3.14,0.5,0.4));
#7051=CARTESIAN_POINT('',(-3.14,0.5,0.4));
#7052=VECTOR('',#8148,1.0);
#7053=CARTESIAN_POINT('',(-3.14,-4.2,0.4));
#7054=VECTOR('',#8149,1.0);
#7055=COLOUR_RGB('',0.334677010774612,0.815533995628357,0.438690990209579);
#7056=CARTESIAN_POINT('',(-3.14,0.5,2.4));
#7057=CARTESIAN_POINT('',(-3.14,-4.2,2.4));
#7058=VECTOR('',#8150,1.0);
#7059=CARTESIAN_POINT('',(-3.14,0.5,0.4));
#7060=VECTOR('',#8151,1.0);
#7061=COLOUR_RGB('',0.334677010774612,0.815533995628357,0.438690990209579);
#7062=CARTESIAN_POINT('',(-2.015,-0.725,2.4));
#7063=CARTESIAN_POINT('',(-2.015,0.324999999999999,2.4));
#7064=CARTESIAN_POINT('',(-2.015,-0.725,2.4));
#7065=VECTOR('',#8152,1.0);
#7066=CARTESIAN_POINT('',(-3.065,0.324999999999999,2.4));
#7067=CARTESIAN_POINT('',(-2.015,0.324999999999999,2.4));
#7068=VECTOR('',#8153,1.0);
#7069=CARTESIAN_POINT('',(-3.065,-0.725,2.4));
#7070=CARTESIAN_POINT('',(-3.065,0.324999999999999,2.4));
#7071=VECTOR('',#8154,1.0);
#7072=CARTESIAN_POINT('',(-3.065,-0.725,2.4));
#7073=VECTOR('',#8155,1.0);
#7074=CARTESIAN_POINT('',(-1.94,0.5,2.4));
#7075=CARTESIAN_POINT('',(-3.14,0.5,2.4));
#7076=VECTOR('',#8156,1.0);
#7077=CARTESIAN_POINT('',(-1.94,0.5,2.4));
#7078=VECTOR('',#8157,1.0);
#7079=COLOUR_RGB('',0.334677010774612,0.815533995628357,0.438690990209579);
#7080=CARTESIAN_POINT('',(-1.94,0.5,0.4));
#7081=VECTOR('',#8158,1.0);
#7082=COLOUR_RGB('',0.334677010774612,0.815533995628357,0.438690990209579);
#7083=CARTESIAN_POINT('',(1.94,0.5,2.4));
#7084=CARTESIAN_POINT('',(1.94,0.5,0.4));
#7085=VECTOR('',#8159,1.0);
#7086=CARTESIAN_POINT('',(1.94,-4.2,2.4));
#7087=VECTOR('',#8160,1.0);
#7088=COLOUR_RGB('',0.334677010774612,0.815533995628357,0.438690990209579);
#7089=CARTESIAN_POINT('',(3.065,-0.725,2.4));
#7090=CARTESIAN_POINT('',(3.065,0.324999999999999,2.4));
#7091=CARTESIAN_POINT('',(3.065,-0.725,2.4));
#7092=VECTOR('',#8161,1.0);
#7093=CARTESIAN_POINT('',(2.015,0.324999999999999,2.4));
#7094=CARTESIAN_POINT('',(3.065,0.324999999999999,2.4));
#7095=VECTOR('',#8162,1.0);
#7096=CARTESIAN_POINT('',(2.015,-0.725,2.4));
#7097=CARTESIAN_POINT('',(2.015,0.324999999999999,2.4));
#7098=VECTOR('',#8163,1.0);
#7099=CARTESIAN_POINT('',(2.015,-0.725,2.4));
#7100=VECTOR('',#8164,1.0);
#7101=CARTESIAN_POINT('',(3.14,0.5,2.4));
#7102=CARTESIAN_POINT('',(1.94,0.5,2.4));
#7103=VECTOR('',#8165,1.0);
#7104=CARTESIAN_POINT('',(3.14,0.5,2.4));
#7105=VECTOR('',#8166,1.0);
#7106=COLOUR_RGB('',0.334677010774612,0.815533995628357,0.438690990209579);
#7107=CARTESIAN_POINT('',(3.14,0.5,0.4));
#7108=VECTOR('',#8167,1.0);
#7109=COLOUR_RGB('',0.334677010774612,0.815533995628357,0.438690990209579);
#7110=CARTESIAN_POINT('',(3.74,3.8,12.0));
#7111=CARTESIAN_POINT('',(3.74,3.1,12.0));
#7112=CARTESIAN_POINT('',(3.74,3.8,12.0));
#7113=VECTOR('',#8168,1.0);
#7114=CARTESIAN_POINT('',(5.23,3.1,12.0));
#7115=CARTESIAN_POINT('',(3.74,3.1,12.0));
#7116=VECTOR('',#8169,1.0);
#7117=CARTESIAN_POINT('',(5.23,-2.45,12.0));
#7118=CARTESIAN_POINT('',(5.23,-2.45,12.0));
#7119=VECTOR('',#8170,1.0);
#7120=CARTESIAN_POINT('',(4.54000000000001,-2.45,12.0));
#7121=CARTESIAN_POINT('',(5.23,-2.45,12.0));
#7122=VECTOR('',#8171,1.0);
#7123=CARTESIAN_POINT('',(0.539999999999985,-2.45,12.0));
#7124=AXIS2_PLACEMENT_3D('',#8172,#8173,#8174);
#7125=CARTESIAN_POINT('',(-0.539999999999985,-2.45,12.0));
#7126=CARTESIAN_POINT('',(-0.539999999999977,-2.45,12.0));
#7127=VECTOR('',#8175,1.0);
#7128=CARTESIAN_POINT('',(-4.54000000000001,-2.45,12.0));
#7129=AXIS2_PLACEMENT_3D('',#8176,#8177,#8178);
#7130=CARTESIAN_POINT('',(-5.23,-2.45,12.0));
#7131=CARTESIAN_POINT('',(-4.54,-2.45,12.0));
#7132=VECTOR('',#8179,1.0);
#7133=CARTESIAN_POINT('',(-5.23,3.1,12.0));
#7134=CARTESIAN_POINT('',(-5.23,-2.45,12.0));
#7135=VECTOR('',#8180,1.0);
#7136=CARTESIAN_POINT('',(-3.74,3.1,12.0));
#7137=CARTESIAN_POINT('',(-5.23,3.1,12.0));
#7138=VECTOR('',#8181,1.0);
#7139=CARTESIAN_POINT('',(-3.74,3.8,12.0));
#7140=CARTESIAN_POINT('',(-3.74,3.8,12.0));
#7141=VECTOR('',#8182,1.0);
#7142=CARTESIAN_POINT('',(-5.83,3.8,12.0));
#7143=VECTOR('',#8183,1.0);
#7144=CARTESIAN_POINT('',(3.74,3.8,12.0));
#7145=VECTOR('',#8184,1.0);
#7146=COLOUR_RGB('',0.334677010774612,0.815533995628357,0.438690990209579);
#7147=CARTESIAN_POINT('',(-3.44,4.2,10.5));
#7148=CARTESIAN_POINT('',(-3.44,4.2,10.5));
#7149=VECTOR('',#8185,1.0);
#7150=CARTESIAN_POINT('',(-1.64,4.2,10.5));
#7151=CARTESIAN_POINT('',(-3.44,4.2,10.5));
#7152=VECTOR('',#8186,1.0);
#7153=CARTESIAN_POINT('',(1.64,4.2,10.5));
#7154=CARTESIAN_POINT('',(1.64,4.2,10.5));
#7155=VECTOR('',#8187,1.0);
#7156=CARTESIAN_POINT('',(3.44,4.2,10.5));
#7157=CARTESIAN_POINT('',(1.64,4.2,10.5));
#7158=VECTOR('',#8188,1.0);
#7159=CARTESIAN_POINT('',(5.83,4.2,10.5));
#7160=VECTOR('',#8189,1.0);
#7161=CARTESIAN_POINT('',(5.83,4.2,8.9));
#7162=VECTOR('',#8190,1.0);
#7163=COLOUR_RGB('',0.334677010774612,0.815533995628357,0.438690990209579);
#7164=COLOUR_RGB('',0.334677010774612,0.815533995628357,0.438690990209579);
#7165=CARTESIAN_POINT('',(-3.44,4.2,10.5));
#7166=VECTOR('',#8191,1.0);
#7167=COLOUR_RGB('',0.334677010774612,0.815533995628357,0.438690990209579);
#7168=CARTESIAN_POINT('',(3.74,3.8,12.0));
#7169=VECTOR('',#8192,1.0);
#7170=COLOUR_RGB('',0.26213601231575,0.26213601231575,0.26213601231575);
#7171=CARTESIAN_POINT('',(0.250851078033447,0.856666603088379,0.0));
#7172=CARTESIAN_POINT('',(0.250851078033447,0.856666603088379,0.0));
#7173=VECTOR('',#8193,1.0);
#7174=CARTESIAN_POINT('',(0.267872352600098,0.79,0.0));
#7175=CARTESIAN_POINT('',(0.267872352600098,0.79,0.0));
#7176=VECTOR('',#8194,1.0);
#7177=CARTESIAN_POINT('',(0.267872352600098,0.79,0.0));
#7178=VECTOR('',#8195,1.0);
#7179=COLOUR_RGB('',0.26213601231575,0.26213601231575,0.26213601231575);
#7180=CARTESIAN_POINT('',(0.216808528900146,0.906666603088378,0.0));
#7181=CARTESIAN_POINT('',(0.216808528900146,0.906666603088379,0.0));
#7182=VECTOR('',#8196,1.0);
#7183=CARTESIAN_POINT('',(0.250851078033447,0.856666603088379,0.0));
#7184=VECTOR('',#8197,1.0);
#7185=COLOUR_RGB('',0.26213601231575,0.26213601231575,0.26213601231575);
#7186=CARTESIAN_POINT('',(0.165744657516479,0.94,0.0));
#7187=CARTESIAN_POINT('',(0.165744657516479,0.94,0.0));
#7188=VECTOR('',#8198,1.0);
#7189=CARTESIAN_POINT('',(0.216808528900147,0.906666603088378,0.0));
#7190=VECTOR('',#8199,1.0);
#7191=COLOUR_RGB('',0.26213601231575,0.26213601231575,0.26213601231575);
#7192=CARTESIAN_POINT('',(0.0976595592498779,0.956666603088378,0.0));
#7193=CARTESIAN_POINT('',(0.0976595592498778,0.956666603088378,0.0));
#7194=VECTOR('',#8200,1.0);
#7195=CARTESIAN_POINT('',(0.165744657516479,0.94,0.0));
#7196=VECTOR('',#8201,1.0);
#7197=COLOUR_RGB('',0.26213601231575,0.26213601231575,0.26213601231575);
#7198=CARTESIAN_POINT('',(-0.157659583091736,0.956666603088378,0.0));
#7199=CARTESIAN_POINT('',(-0.157659583091736,0.956666603088378,0.0));
#7200=VECTOR('',#8202,1.0);
#7201=CARTESIAN_POINT('',(0.0976595592498779,0.956666603088378,0.0));
#7202=VECTOR('',#8203,1.0);
#7203=COLOUR_RGB('',0.26213601231575,0.26213601231575,0.26213601231575);
#7204=CARTESIAN_POINT('',(-0.225744681358337,0.94,0.0));
#7205=CARTESIAN_POINT('',(-0.225744681358337,0.94,0.0));
#7206=VECTOR('',#8204,1.0);
#7207=CARTESIAN_POINT('',(-0.157659583091736,0.956666603088378,0.0));
#7208=VECTOR('',#8205,1.0);
#7209=COLOUR_RGB('',0.26213601231575,0.26213601231575,0.26213601231575);
#7210=CARTESIAN_POINT('',(-0.276808505058289,0.906666603088378,0.0));
#7211=CARTESIAN_POINT('',(-0.276808505058289,0.906666603088379,0.0));
#7212=VECTOR('',#8206,1.0);
#7213=CARTESIAN_POINT('',(-0.225744681358337,0.94,0.0));
#7214=VECTOR('',#8207,1.0);
#7215=COLOUR_RGB('',0.26213601231575,0.26213601231575,0.26213601231575);
#7216=CARTESIAN_POINT('',(-0.310851066112518,0.856666603088379,0.0));
#7217=CARTESIAN_POINT('',(-0.310851066112518,0.856666603088379,0.0));
#7218=VECTOR('',#8208,1.0);
#7219=CARTESIAN_POINT('',(-0.276808505058289,0.906666603088379,0.0));
#7220=VECTOR('',#8209,1.0);
#7221=COLOUR_RGB('',0.26213601231575,0.26213601231575,0.26213601231575);
#7222=CARTESIAN_POINT('',(-0.327872340679169,0.79,0.0));
#7223=CARTESIAN_POINT('',(-0.327872340679169,0.79,0.0));
#7224=VECTOR('',#8210,1.0);
#7225=CARTESIAN_POINT('',(-0.310851066112518,0.856666603088379,0.0));
#7226=VECTOR('',#8211,1.0);
#7227=COLOUR_RGB('',0.26213601231575,0.26213601231575,0.26213601231575);
#7228=CARTESIAN_POINT('',(-0.327872340679169,0.49,0.0));
#7229=CARTESIAN_POINT('',(-0.327872340679169,0.49,0.0));
#7230=VECTOR('',#8212,1.0);
#7231=CARTESIAN_POINT('',(-0.327872340679169,0.79,0.0));
#7232=VECTOR('',#8213,1.0);
#7233=COLOUR_RGB('',0.26213601231575,0.26213601231575,0.26213601231575);
#7234=CARTESIAN_POINT('',(0.267872352600098,0.49,0.0));
#7235=CARTESIAN_POINT('',(0.267872352600098,0.49,0.0));
#7236=VECTOR('',#8214,1.0);
#7237=CARTESIAN_POINT('',(-0.327872340679169,0.49,0.0));
#7238=VECTOR('',#8215,1.0);
#7239=COLOUR_RGB('',0.26213601231575,0.26213601231575,0.26213601231575);
#7240=CARTESIAN_POINT('',(0.267872352600098,0.49,0.0));
#7241=VECTOR('',#8216,1.0);
#7242=COLOUR_RGB('',0.334677010774612,0.815533995628357,0.438690990209579);
#7243=COLOUR_RGB('',0.334677010774612,0.815533995628357,0.438690990209579);
#7244=COLOUR_RGB('',0.334677010774612,0.815533995628357,0.438690990209579);
#7245=CARTESIAN_POINT('',(-2.015,0.324999999999999,4.9));
#7246=CARTESIAN_POINT('',(-2.015,0.324999999999999,4.9));
#7247=VECTOR('',#8217,1.0);
#7248=CARTESIAN_POINT('',(-2.015,-0.725,4.9));
#7249=CARTESIAN_POINT('',(-2.015,-0.725,4.9));
#7250=VECTOR('',#8218,1.0);
#7251=CARTESIAN_POINT('',(-2.015,-0.725,4.9));
#7252=VECTOR('',#8219,1.0);
#7253=COLOUR_RGB('',0.334677010774612,0.815533995628357,0.438690990209579);
#7254=CARTESIAN_POINT('',(-3.065,0.324999999999999,4.9));
#7255=CARTESIAN_POINT('',(-3.065,0.324999999999999,4.9));
#7256=VECTOR('',#8220,1.0);
#7257=CARTESIAN_POINT('',(-2.015,0.324999999999999,4.9));
#7258=VECTOR('',#8221,1.0);
#7259=COLOUR_RGB('',0.334677010774612,0.815533995628357,0.438690990209579);
#7260=CARTESIAN_POINT('',(-3.065,-0.725,4.9));
#7261=CARTESIAN_POINT('',(-3.065,-0.725,4.9));
#7262=VECTOR('',#8222,1.0);
#7263=CARTESIAN_POINT('',(-3.065,0.324999999999999,4.9));
#7264=VECTOR('',#8223,1.0);
#7265=COLOUR_RGB('',0.334677010774612,0.815533995628357,0.438690990209579);
#7266=CARTESIAN_POINT('',(-3.065,-0.725,4.9));
#7267=VECTOR('',#8224,1.0);
#7268=COLOUR_RGB('',0.334677010774612,0.815533995628357,0.438690990209579);
#7269=CARTESIAN_POINT('',(3.065,-0.725,4.9));
#7270=CARTESIAN_POINT('',(3.065,0.324999999999999,4.9));
#7271=CARTESIAN_POINT('',(3.065,-0.725,4.9));
#7272=VECTOR('',#8225,1.0);
#7273=CARTESIAN_POINT('',(3.065,0.324999999999999,4.9));
#7274=VECTOR('',#8226,1.0);
#7275=CARTESIAN_POINT('',(3.065,-0.725,4.9));
#7276=VECTOR('',#8227,1.0);
#7277=COLOUR_RGB('',0.334677010774612,0.815533995628357,0.438690990209579);
#7278=CARTESIAN_POINT('',(2.015,0.324999999999999,4.9));
#7279=CARTESIAN_POINT('',(3.065,0.324999999999999,4.9));
#7280=VECTOR('',#8228,1.0);
#7281=CARTESIAN_POINT('',(2.015,0.324999999999999,4.9));
#7282=VECTOR('',#8229,1.0);
#7283=COLOUR_RGB('',0.334677010774612,0.815533995628357,0.438690990209579);
#7284=CARTESIAN_POINT('',(2.015,-0.725,4.9));
#7285=CARTESIAN_POINT('',(2.015,0.324999999999999,4.9));
#7286=VECTOR('',#8230,1.0);
#7287=CARTESIAN_POINT('',(2.015,-0.725,4.9));
#7288=VECTOR('',#8231,1.0);
#7289=COLOUR_RGB('',0.334677010774612,0.815533995628357,0.438690990209579);
#7290=CARTESIAN_POINT('',(2.015,-0.725,4.9));
#7291=VECTOR('',#8232,1.0);
#7292=COLOUR_RGB('',0.334677010774612,0.815533995628357,0.438690990209579);
#7293=CARTESIAN_POINT('',(3.44,2.7,10.5));
#7294=CARTESIAN_POINT('',(3.44,2.7,10.5));
#7295=VECTOR('',#8233,1.0);
#7296=CARTESIAN_POINT('',(3.74,3.1,12.0));
#7297=VECTOR('',#8234,1.0);
#7298=COLOUR_RGB('',0.334677010774612,0.815533995628357,0.438690990209579);
#7299=CARTESIAN_POINT('',(5.23,2.7,10.5));
#7300=CARTESIAN_POINT('',(5.23,3.1,12.0));
#7301=VECTOR('',#8235,1.0);
#7302=CARTESIAN_POINT('',(5.23,2.7,10.5));
#7303=VECTOR('',#8236,1.0);
#7304=COLOUR_RGB('',0.334677010774612,0.815533995628357,0.438690990209579);
#7305=CARTESIAN_POINT('',(5.23,2.7,1.4));
#7306=CARTESIAN_POINT('',(5.23,2.7,1.4));
#7307=VECTOR('',#8237,1.0);
#7308=CARTESIAN_POINT('',(5.23,0.5,1.4));
#7309=CARTESIAN_POINT('',(5.23,0.5,1.4));
#7310=VECTOR('',#8238,1.0);
#7311=CARTESIAN_POINT('',(5.23,0.5,3.4));
#7312=CARTESIAN_POINT('',(5.23,0.5,1.4));
#7313=VECTOR('',#8239,1.0);
#7314=CARTESIAN_POINT('',(5.23,-0.900000000000001,3.4));
#7315=CARTESIAN_POINT('',(5.23,-0.900000000000001,3.4));
#7316=VECTOR('',#8240,1.0);
#7317=CARTESIAN_POINT('',(5.23,-0.900000000000001,1.4));
#7318=CARTESIAN_POINT('',(5.23,-0.900000000000001,1.4));
#7319=VECTOR('',#8241,1.0);
#7320=CARTESIAN_POINT('',(5.23,-2.45,1.4));
#7321=CARTESIAN_POINT('',(5.23,-2.45,1.4));
#7322=VECTOR('',#8242,1.0);
#7323=CARTESIAN_POINT('',(5.23,-2.45,1.4));
#7324=VECTOR('',#8243,1.0);
#7325=COLOUR_RGB('',0.334677010774612,0.815533995628357,0.438690990209579);
#7326=CARTESIAN_POINT('',(4.54,-2.45,1.4));
#7327=CARTESIAN_POINT('',(5.23,-2.45,1.4));
#7328=VECTOR('',#8244,1.0);
#7329=CARTESIAN_POINT('',(4.54,-2.45,1.4));
#7330=VECTOR('',#8245,1.0);
#7331=COLOUR_RGB('',0.334677010774612,0.815533995628357,0.438690990209579);
#7332=CARTESIAN_POINT('',(1.64,-3.32717028602988,3.4));
#7333=CARTESIAN_POINT('',(1.64,-3.32717028602988,1.4));
#7334=CARTESIAN_POINT('',(1.64,-3.32717028602988,3.4));
#7335=VECTOR('',#8246,1.0);
#7336=CARTESIAN_POINT('',(0.539999999999992,-2.44999999999999,1.4));
#7337=AXIS2_PLACEMENT_3D('',#8247,#8248,#8249);
#7338=CARTESIAN_POINT('',(0.54,-2.45,12.0));
#7339=VECTOR('',#8250,1.0);
#7340=CARTESIAN_POINT('',(3.44,-3.32717028602988,1.4));
#7341=AXIS2_PLACEMENT_3D('',#8251,#8252,#8253);
#7342=CARTESIAN_POINT('',(3.44,-3.32717028602988,3.4));
#7343=CARTESIAN_POINT('',(3.44,-3.32717028602988,3.4));
#7344=VECTOR('',#8254,1.0);
#7345=AXIS2_PLACEMENT_3D('',#8255,#8256,#8257);
#7346=COLOUR_RGB('',0.334677010774612,0.815533995628357,0.438690990209579);
#7347=CARTESIAN_POINT('',(-0.54,-2.45,1.4));
#7348=CARTESIAN_POINT('',(-0.540000000000001,-2.45,1.4));
#7349=VECTOR('',#8258,1.0);
#7350=CARTESIAN_POINT('',(-0.54,-2.45,1.4));
#7351=VECTOR('',#8259,1.0);
#7352=COLOUR_RGB('',0.334677010774612,0.815533995628357,0.438690990209579);
#7353=CARTESIAN_POINT('',(-3.44,-3.32717028602988,3.4));
#7354=CARTESIAN_POINT('',(-3.44,-3.32717028602988,1.4));
#7355=CARTESIAN_POINT('',(-3.44,-3.32717028602988,3.4));
#7356=VECTOR('',#8260,1.0);
#7357=CARTESIAN_POINT('',(-4.54000000000001,-2.44999999999999,1.4));
#7358=AXIS2_PLACEMENT_3D('',#8261,#8262,#8263);
#7359=CARTESIAN_POINT('',(-4.54,-2.45,12.0));
#7360=VECTOR('',#8264,1.0);
#7361=CARTESIAN_POINT('',(-1.64,-3.32717028602988,1.4));
#7362=AXIS2_PLACEMENT_3D('',#8265,#8266,#8267);
#7363=CARTESIAN_POINT('',(-1.64,-3.32717028602988,3.4));
#7364=CARTESIAN_POINT('',(-1.64,-3.32717028602988,3.4));
#7365=VECTOR('',#8268,1.0);
#7366=AXIS2_PLACEMENT_3D('',#8269,#8270,#8271);
#7367=COLOUR_RGB('',0.334677010774612,0.815533995628357,0.438690990209579);
#7368=CARTESIAN_POINT('',(-5.23,-2.45,1.4));
#7369=CARTESIAN_POINT('',(-5.23,-2.45,1.4));
#7370=VECTOR('',#8272,1.0);
#7371=CARTESIAN_POINT('',(-4.54000000000001,-2.45,1.4));
#7372=VECTOR('',#8273,1.0);
#7373=COLOUR_RGB('',0.334677010774612,0.815533995628357,0.438690990209579);
#7374=CARTESIAN_POINT('',(-5.23,0.5,1.4));
#7375=CARTESIAN_POINT('',(-5.23,0.5,3.4));
#7376=CARTESIAN_POINT('',(-5.23,0.5,1.4));
#7377=VECTOR('',#8274,1.0);
#7378=CARTESIAN_POINT('',(-5.23,2.7,1.4));
#7379=CARTESIAN_POINT('',(-5.23,0.5,1.4));
#7380=VECTOR('',#8275,1.0);
#7381=CARTESIAN_POINT('',(-5.23,2.7,10.5));
#7382=CARTESIAN_POINT('',(-5.23,2.7,1.4));
#7383=VECTOR('',#8276,1.0);
#7384=CARTESIAN_POINT('',(-5.23,3.1,12.0));
#7385=VECTOR('',#8277,1.0);
#7386=CARTESIAN_POINT('',(-5.23,-0.900000000000001,1.4));
#7387=CARTESIAN_POINT('',(-5.23,-2.45,1.4));
#7388=VECTOR('',#8278,1.0);
#7389=CARTESIAN_POINT('',(-5.23,-0.900000000000001,3.4));
#7390=CARTESIAN_POINT('',(-5.23,-0.900000000000001,1.4));
#7391=VECTOR('',#8279,1.0);
#7392=CARTESIAN_POINT('',(-5.23,-0.900000000000001,3.4));
#7393=VECTOR('',#8280,1.0);
#7394=COLOUR_RGB('',0.334677010774612,0.815533995628357,0.438690990209579);
#7395=CARTESIAN_POINT('',(-3.44,2.7,10.5));
#7396=CARTESIAN_POINT('',(-3.44,2.7,10.5));
#7397=VECTOR('',#8281,1.0);
#7398=CARTESIAN_POINT('',(-3.44,2.7,10.5));
#7399=VECTOR('',#8282,1.0);
#7400=COLOUR_RGB('',0.334677010774612,0.815533995628357,0.438690990209579);
#7401=CARTESIAN_POINT('',(-3.44,2.7,10.5));
#7402=VECTOR('',#8283,1.0);
#7403=COLOUR_RGB('',0.334677010774612,0.815533995628357,0.438690990209579);
#7404=CARTESIAN_POINT('',(-1.64,2.7,10.5));
#7405=CARTESIAN_POINT('',(-3.44,2.7,10.5));
#7406=VECTOR('',#8284,1.0);
#7407=CARTESIAN_POINT('',(-1.64,2.7,10.5));
#7408=VECTOR('',#8285,1.0);
#7409=COLOUR_RGB('',0.334677010774612,0.815533995628357,0.438690990209579);
#7410=CARTESIAN_POINT('',(1.34,3.8,12.0));
#7411=CARTESIAN_POINT('',(1.64,4.2,10.5));
#7412=VECTOR('',#8286,1.0);
#7413=CARTESIAN_POINT('',(-1.34,3.8,12.0));
#7414=CARTESIAN_POINT('',(-1.34,3.8,12.0));
#7415=VECTOR('',#8287,1.0);
#7416=CARTESIAN_POINT('',(-1.34,3.8,12.0));
#7417=VECTOR('',#8288,1.0);
#7418=COLOUR_RGB('',0.334677010774612,0.815533995628357,0.438690990209579);
#7419=CARTESIAN_POINT('',(1.64,2.7,10.5));
#7420=CARTESIAN_POINT('',(1.64,2.7,10.5));
#7421=VECTOR('',#8289,1.0);
#7422=CARTESIAN_POINT('',(1.64,2.7,10.5));
#7423=VECTOR('',#8290,1.0);
#7424=COLOUR_RGB('',0.334677010774612,0.815533995628357,0.438690990209579);
#7425=COLOUR_RGB('',0.334677010774612,0.815533995628357,0.438690990209579);
#7426=AXIS2_PLACEMENT_3D('',#8291,#8292,#8293);
#7427=AXIS2_PLACEMENT_3D('',#8294,#8295,#8296);
#7428=COLOUR_RGB('',0.334677010774612,0.815533995628357,0.438690990209579);
#7429=AXIS2_PLACEMENT_3D('',#8297,#8298,#8299);
#7430=AXIS2_PLACEMENT_3D('',#8300,#8301,#8302);
#7431=COLOUR_RGB('',0.334677010774612,0.815533995628357,0.438690990209579);
#7432=CARTESIAN_POINT('',(1.64,2.7,10.5));
#7433=VECTOR('',#8303,1.0);
#7434=CARTESIAN_POINT('',(-3.44,2.7,1.4));
#7435=CARTESIAN_POINT('',(-3.44,2.7,1.4));
#7436=VECTOR('',#8304,1.0);
#7437=CARTESIAN_POINT('',(-3.44,2.7,3.4));
#7438=CARTESIAN_POINT('',(-3.44,2.7,3.4));
#7439=VECTOR('',#8305,1.0);
#7440=CARTESIAN_POINT('',(-1.64,2.7,3.4));
#7441=CARTESIAN_POINT('',(-1.64,2.7,3.4));
#7442=VECTOR('',#8306,1.0);
#7443=CARTESIAN_POINT('',(-1.64,2.7,1.4));
#7444=CARTESIAN_POINT('',(-1.64,2.7,3.4));
#7445=VECTOR('',#8307,1.0);
#7446=CARTESIAN_POINT('',(1.64,2.7,1.4));
#7447=CARTESIAN_POINT('',(1.64,2.7,1.4));
#7448=VECTOR('',#8308,1.0);
#7449=CARTESIAN_POINT('',(1.64,2.7,3.4));
#7450=CARTESIAN_POINT('',(1.64,2.7,3.4));
#7451=VECTOR('',#8309,1.0);
#7452=CARTESIAN_POINT('',(3.44,2.7,3.4));
#7453=CARTESIAN_POINT('',(3.44,2.7,3.4));
#7454=VECTOR('',#8310,1.0);
#7455=CARTESIAN_POINT('',(3.44,2.7,1.4));
#7456=CARTESIAN_POINT('',(3.44,2.7,3.4));
#7457=VECTOR('',#8311,1.0);
#7458=CARTESIAN_POINT('',(5.23,2.7,1.4));
#7459=VECTOR('',#8312,1.0);
#7460=COLOUR_RGB('',0.334677010774612,0.815533995628357,0.438690990209579);
#7461=CARTESIAN_POINT('',(3.44,0.5,1.4));
#7462=CARTESIAN_POINT('',(3.44,2.7,1.4));
#7463=VECTOR('',#8313,1.0);
#7464=CARTESIAN_POINT('',(3.44,0.5,1.4));
#7465=VECTOR('',#8314,1.0);
#7466=COLOUR_RGB('',0.334677010774612,0.815533995628357,0.438690990209579);
#7467=CARTESIAN_POINT('',(3.44,0.5,3.4));
#7468=CARTESIAN_POINT('',(3.44,0.5,3.4));
#7469=VECTOR('',#8315,1.0);
#7470=CARTESIAN_POINT('',(5.23,0.5,3.4));
#7471=VECTOR('',#8316,1.0);
#7472=COLOUR_RGB('',0.334677010774612,0.815533995628357,0.438690990209579);
#7473=CARTESIAN_POINT('',(3.44,2.7,3.4));
#7474=VECTOR('',#8317,1.0);
#7475=CARTESIAN_POINT('',(1.64,0.5,3.4));
#7476=CARTESIAN_POINT('',(1.64,2.7,3.4));
#7477=VECTOR('',#8318,1.0);
#7478=CARTESIAN_POINT('',(-1.64,0.5,3.4));
#7479=CARTESIAN_POINT('',(1.64,0.5,3.4));
#7480=VECTOR('',#8319,1.0);
#7481=CARTESIAN_POINT('',(-1.64,2.7,3.4));
#7482=VECTOR('',#8320,1.0);
#7483=CARTESIAN_POINT('',(-3.44,0.5,3.4));
#7484=CARTESIAN_POINT('',(-3.44,2.7,3.4));
#7485=VECTOR('',#8321,1.0);
#7486=CARTESIAN_POINT('',(-3.44,0.5,3.4));
#7487=VECTOR('',#8322,1.0);
#7488=CARTESIAN_POINT('',(-3.44,-0.900000000000001,3.4));
#7489=CARTESIAN_POINT('',(-3.44,-0.900000000000001,3.4));
#7490=VECTOR('',#8323,1.0);
#7491=CARTESIAN_POINT('',(-3.44,-3.32717028602988,3.4));
#7492=VECTOR('',#8324,1.0);
#7493=CARTESIAN_POINT('',(-1.64,-0.900000000000001,3.4));
#7494=CARTESIAN_POINT('',(-1.64,-0.900000000000001,3.4));
#7495=VECTOR('',#8325,1.0);
#7496=CARTESIAN_POINT('',(1.64,-0.900000000000001,3.4));
#7497=CARTESIAN_POINT('',(-1.64,-0.900000000000001,3.4));
#7498=VECTOR('',#8326,1.0);
#7499=CARTESIAN_POINT('',(1.64,-3.32717028602988,3.4));
#7500=VECTOR('',#8327,1.0);
#7501=CARTESIAN_POINT('',(3.44,-0.900000000000001,3.4));
#7502=CARTESIAN_POINT('',(3.44,-0.900000000000001,3.4));
#7503=VECTOR('',#8328,1.0);
#7504=CARTESIAN_POINT('',(5.23,-0.900000000000001,3.4));
#7505=VECTOR('',#8329,1.0);
#7506=CARTESIAN_POINT('',(1.64,-0.200000000000001,3.4));
#7507=CARTESIAN_POINT('',(3.44,-0.200000000000001,3.4));
#7508=AXIS2_PLACEMENT_3D('',#8330,#8331,#8332);
#7509=AXIS2_PLACEMENT_3D('',#8333,#8334,#8335);
#7510=CARTESIAN_POINT('',(-3.44,-0.200000000000001,3.4));
#7511=CARTESIAN_POINT('',(-1.64,-0.200000000000001,3.4));
#7512=AXIS2_PLACEMENT_3D('',#8336,#8337,#8338);
#7513=AXIS2_PLACEMENT_3D('',#8339,#8340,#8341);
#7514=COLOUR_RGB('',0.334677010774612,0.815533995628357,0.438690990209579);
#7515=CARTESIAN_POINT('',(3.44,-0.900000000000001,1.4));
#7516=CARTESIAN_POINT('',(3.44,-0.900000000000001,3.4));
#7517=VECTOR('',#8342,1.0);
#7518=CARTESIAN_POINT('',(5.23,-0.900000000000001,1.4));
#7519=VECTOR('',#8343,1.0);
#7520=COLOUR_RGB('',0.334677010774612,0.815533995628357,0.438690990209579);
#7521=CARTESIAN_POINT('',(3.44,-0.900000000000001,1.4));
#7522=VECTOR('',#8344,1.0);
#7523=COLOUR_RGB('',0.334677010774612,0.815533995628357,0.438690990209579);
#7524=CARTESIAN_POINT('',(1.64,-0.900000000000001,1.4));
#7525=CARTESIAN_POINT('',(1.64,-0.900000000000001,3.4));
#7526=VECTOR('',#8345,1.0);
#7527=CARTESIAN_POINT('',(1.64,-3.32717028602988,1.4));
#7528=VECTOR('',#8346,1.0);
#7529=COLOUR_RGB('',0.334677010774612,0.815533995628357,0.438690990209579);
#7530=CARTESIAN_POINT('',(-1.64,-0.900000000000001,1.4));
#7531=CARTESIAN_POINT('',(-1.64,-0.900000000000001,1.4));
#7532=VECTOR('',#8347,1.0);
#7533=CARTESIAN_POINT('',(1.64,-0.900000000000001,1.4));
#7534=VECTOR('',#8348,1.0);
#7535=COLOUR_RGB('',0.334677010774612,0.815533995628357,0.438690990209579);
#7536=COLOUR_RGB('',0.334677010774612,0.815533995628357,0.438690990209579);
#7537=CARTESIAN_POINT('',(-3.44,-0.900000000000001,1.4));
#7538=CARTESIAN_POINT('',(-3.44,-0.900000000000001,3.4));
#7539=VECTOR('',#8349,1.0);
#7540=CARTESIAN_POINT('',(-3.44,-3.32717028602988,1.4));
#7541=VECTOR('',#8350,1.0);
#7542=COLOUR_RGB('',0.334677010774612,0.815533995628357,0.438690990209579);
#7543=CARTESIAN_POINT('',(-3.44,-0.900000000000001,1.4));
#7544=VECTOR('',#8351,1.0);
#7545=COLOUR_RGB('',0.334677010774612,0.815533995628357,0.438690990209579);
#7546=CARTESIAN_POINT('',(-1.64,-0.900000000000001,3.4));
#7547=VECTOR('',#8352,1.0);
#7548=COLOUR_RGB('',0.334677010774612,0.815533995628357,0.438690990209579);
#7549=CARTESIAN_POINT('',(-3.44,0.5,1.4));
#7550=CARTESIAN_POINT('',(-3.44,0.5,3.4));
#7551=VECTOR('',#8353,1.0);
#7552=CARTESIAN_POINT('',(-5.23,0.5,1.4));
#7553=VECTOR('',#8354,1.0);
#7554=COLOUR_RGB('',0.334677010774612,0.815533995628357,0.438690990209579);
#7555=CARTESIAN_POINT('',(-3.44,0.5,1.4));
#7556=VECTOR('',#8355,1.0);
#7557=COLOUR_RGB('',0.334677010774612,0.815533995628357,0.438690990209579);
#7558=COLOUR_RGB('',0.334677010774612,0.815533995628357,0.438690990209579);
#7559=CARTESIAN_POINT('',(-1.34,3.1,12.0));
#7560=CARTESIAN_POINT('',(-1.34,3.8,12.0));
#7561=VECTOR('',#8356,1.0);
#7562=CARTESIAN_POINT('',(-1.34,3.1,12.0));
#7563=VECTOR('',#8357,1.0);
#7564=COLOUR_RGB('',0.334677010774612,0.815533995628357,0.438690990209579);
#7565=CARTESIAN_POINT('',(1.34,3.1,12.0));
#7566=CARTESIAN_POINT('',(1.34,3.8,12.0));
#7567=VECTOR('',#8358,1.0);
#7568=CARTESIAN_POINT('',(1.64,2.7,10.5));
#7569=VECTOR('',#8359,1.0);
#7570=COLOUR_RGB('',0.334677010774612,0.815533995628357,0.438690990209579);
#7571=CARTESIAN_POINT('',(-1.34,3.1,12.0));
#7572=VECTOR('',#8360,1.0);
#7573=COLOUR_RGB('',0.334677010774612,0.815533995628357,0.438690990209579);
#7574=AXIS2_PLACEMENT_3D('',#8361,#8362,#8363);
#7575=COLOUR_RGB('',0.334677010774612,0.815533995628357,0.438690990209579);
#7576=AXIS2_PLACEMENT_3D('',#8364,#8365,#8366);
#7577=COLOUR_RGB('',0.334677010774612,0.815533995628357,0.438690990209579);
#7578=AXIS2_PLACEMENT_3D('',#8367,#8368,#8369);
#7579=COLOUR_RGB('',0.334677010774612,0.815533995628357,0.438690990209579);
#7580=AXIS2_PLACEMENT_3D('',#8370,#8371,#8372);
#7581=COLOUR_RGB('',0.334677010774612,0.815533995628357,0.438690990209579);
#7582=COLOUR_RGB('',0.334677010774612,0.815533995628357,0.438690990209579);
#7583=COLOUR_RGB('',0.334677010774612,0.815533995628357,0.438690990209579);
#7584=CARTESIAN_POINT('',(-1.64,0.5,1.4));
#7585=CARTESIAN_POINT('',(-1.64,0.5,3.4));
#7586=VECTOR('',#8373,1.0);
#7587=CARTESIAN_POINT('',(-1.64,2.7,1.4));
#7588=VECTOR('',#8374,1.0);
#7589=COLOUR_RGB('',0.334677010774612,0.815533995628357,0.438690990209579);
#7590=CARTESIAN_POINT('',(1.64,0.5,1.4));
#7591=CARTESIAN_POINT('',(-1.64,0.5,1.4));
#7592=VECTOR('',#8375,1.0);
#7593=CARTESIAN_POINT('',(1.64,0.5,1.4));
#7594=VECTOR('',#8376,1.0);
#7595=COLOUR_RGB('',0.334677010774612,0.815533995628357,0.438690990209579);
#7596=CARTESIAN_POINT('',(1.64,0.5,3.4));
#7597=VECTOR('',#8377,1.0);
#7598=COLOUR_RGB('',0.334677010774612,0.815533995628357,0.438690990209579);
#7599=COLOUR_RGB('',0.334677010774612,0.815533995628357,0.438690990209579);
#7600=COLOUR_RGB('',0.334677010774612,0.815533995628357,0.438690990209579);
#7601=COLOUR_RGB('',0.334677010774612,0.815533995628357,0.438690990209579);
#7602=CARTESIAN_POINT('',(1.64,-0.200000000000001,3.4));
#7603=VECTOR('',#8378,1.0);
#7604=CARTESIAN_POINT('',(3.44,-0.200000000000001,3.4));
#7605=VECTOR('',#8379,1.0);
#7606=COLOUR_RGB('',0.334677010774612,0.815533995628357,0.438690990209579);
#7607=COLOUR_RGB('',0.334677010774612,0.815533995628357,0.438690990209579);
#7608=CARTESIAN_POINT('',(-3.44,-0.200000000000001,3.4));
#7609=VECTOR('',#8380,1.0);
#7610=CARTESIAN_POINT('',(-1.64,-0.200000000000001,3.4));
#7611=VECTOR('',#8381,1.0);
#7612=COLOUR_RGB('',0.334677010774612,0.815533995628357,0.438690990209579);
#7613=COLOUR_RGB('',0.723300993442535,0.723300993442535,0.723300993442535);
#7614=CARTESIAN_POINT('',(3.04,-0.7,9.8));
#7615=CARTESIAN_POINT('',(3.04,-0.7,-3.3));
#7616=CARTESIAN_POINT('',(3.04,-0.7,9.8));
#7617=VECTOR('',#8382,1.0);
#7618=CARTESIAN_POINT('',(3.04,0.299999999999999,-3.3));
#7619=CARTESIAN_POINT('',(3.04,0.299999999999999,-3.3));
#7620=VECTOR('',#8383,1.0);
#7621=CARTESIAN_POINT('',(3.04,0.299999999999999,9.8));
#7622=CARTESIAN_POINT('',(3.04,0.299999999999999,9.8));
#7623=VECTOR('',#8384,1.0);
#7624=CARTESIAN_POINT('',(3.04,0.299999999999999,9.8));
#7625=VECTOR('',#8385,1.0);
#7626=COLOUR_RGB('',0.723300993442535,0.723300993442535,0.723300993442535);
#7627=CARTESIAN_POINT('',(2.04,-0.7,9.8));
#7628=CARTESIAN_POINT('',(2.04,-0.7,-3.3));
#7629=CARTESIAN_POINT('',(2.04,-0.7,9.8));
#7630=VECTOR('',#8386,1.0);
#7631=CARTESIAN_POINT('',(3.04,-0.7,-3.3));
#7632=VECTOR('',#8387,1.0);
#7633=CARTESIAN_POINT('',(3.04,-0.7,9.8));
#7634=VECTOR('',#8388,1.0);
#7635=COLOUR_RGB('',0.723300993442535,0.723300993442535,0.723300993442535);
#7636=CARTESIAN_POINT('',(2.79,-0.45,-3.9));
#7637=CARTESIAN_POINT('',(3.04,-0.7,-3.3));
#7638=VECTOR('',#8389,1.0);
#7639=CARTESIAN_POINT('',(2.79,0.0499999999999993,-3.9));
#7640=CARTESIAN_POINT('',(2.79,0.0499999999999993,-3.9));
#7641=VECTOR('',#8390,1.0);
#7642=CARTESIAN_POINT('',(3.04,0.299999999999999,-3.3));
#7643=VECTOR('',#8391,1.0);
#7644=COLOUR_RGB('',0.723300993442535,0.723300993442535,0.723300993442535);
#7645=CARTESIAN_POINT('',(2.04,0.299999999999999,-3.3));
#7646=CARTESIAN_POINT('',(3.04,0.299999999999999,-3.3));
#7647=VECTOR('',#8392,1.0);
#7648=CARTESIAN_POINT('',(2.04,0.299999999999999,9.8));
#7649=CARTESIAN_POINT('',(2.04,0.299999999999999,9.8));
#7650=VECTOR('',#8393,1.0);
#7651=CARTESIAN_POINT('',(3.04,0.299999999999999,9.8));
#7652=VECTOR('',#8394,1.0);
#7653=COLOUR_RGB('',0.723300993442535,0.723300993442535,0.723300993442535);
#7654=CARTESIAN_POINT('',(2.79,0.0499999999999995,10.4));
#7655=CARTESIAN_POINT('',(3.04,0.3,9.8));
#7656=VECTOR('',#8395,1.0);
#7657=CARTESIAN_POINT('',(2.79,-0.450000000000001,10.4));
#7658=CARTESIAN_POINT('',(2.79,-0.450000000000001,10.4));
#7659=VECTOR('',#8396,1.0);
#7660=CARTESIAN_POINT('',(3.04,-0.7,9.8));
#7661=VECTOR('',#8397,1.0);
#7662=COLOUR_RGB('',0.723300993442535,0.723300993442535,0.723300993442535);
#7663=CARTESIAN_POINT('',(2.04,0.3,-3.3));
#7664=VECTOR('',#8398,1.0);
#7665=CARTESIAN_POINT('',(2.04,0.3,9.8));
#7666=VECTOR('',#8399,1.0);
#7667=COLOUR_RGB('',0.723300993442535,0.723300993442535,0.723300993442535);
#7668=CARTESIAN_POINT('',(2.29,-0.450000000000001,-3.9));
#7669=CARTESIAN_POINT('',(2.04,-0.7,-3.3));
#7670=VECTOR('',#8400,1.0);
#7671=CARTESIAN_POINT('',(2.79,-0.45,-3.9));
#7672=VECTOR('',#8401,1.0);
#7673=COLOUR_RGB('',0.723300993442535,0.723300993442535,0.723300993442535);
#7674=CARTESIAN_POINT('',(2.29,-0.450000000000001,10.4));
#7675=CARTESIAN_POINT('',(2.29,-0.45,10.4));
#7676=VECTOR('',#8402,1.0);
#7677=CARTESIAN_POINT('',(2.04,-0.7,9.8));
#7678=VECTOR('',#8403,1.0);
#7679=COLOUR_RGB('',0.723300993442535,0.723300993442535,0.723300993442535);
#7680=CARTESIAN_POINT('',(2.29,0.0499999999999993,-3.9));
#7681=CARTESIAN_POINT('',(2.29,-0.450000000000001,-3.9));
#7682=VECTOR('',#8404,1.0);
#7683=CARTESIAN_POINT('',(2.29,0.0499999999999992,-3.9));
#7684=VECTOR('',#8405,1.0);
#7685=COLOUR_RGB('',0.723300993442535,0.723300993442535,0.723300993442535);
#7686=CARTESIAN_POINT('',(2.04,0.299999999999999,-3.3));
#7687=VECTOR('',#8406,1.0);
#7688=COLOUR_RGB('',0.723300993442535,0.723300993442535,0.723300993442535);
#7689=CARTESIAN_POINT('',(2.29,0.0499999999999993,10.4));
#7690=CARTESIAN_POINT('',(2.04,0.3,9.8));
#7691=VECTOR('',#8407,1.0);
#7692=CARTESIAN_POINT('',(2.79,0.0499999999999997,10.4));
#7693=VECTOR('',#8408,1.0);
#7694=COLOUR_RGB('',0.723300993442535,0.723300993442535,0.723300993442535);
#7695=CARTESIAN_POINT('',(2.29,0.0499999999999994,10.4));
#7696=VECTOR('',#8409,1.0);
#7697=COLOUR_RGB('',0.723300993442535,0.723300993442535,0.723300993442535);
#7698=COLOUR_RGB('',0.723300993442535,0.723300993442535,0.723300993442535);
#7699=COLOUR_RGB('',0.723300993442535,0.723300993442535,0.723300993442535);
#7700=CARTESIAN_POINT('',(-2.04,-0.7,9.8));
#7701=CARTESIAN_POINT('',(-2.04,-0.7,-3.3));
#7702=CARTESIAN_POINT('',(-2.04,-0.7,9.8));
#7703=VECTOR('',#8410,1.0);
#7704=CARTESIAN_POINT('',(-2.04,0.299999999999999,-3.3));
#7705=CARTESIAN_POINT('',(-2.04,0.299999999999999,-3.3));
#7706=VECTOR('',#8411,1.0);
#7707=CARTESIAN_POINT('',(-2.04,0.299999999999999,9.8));
#7708=CARTESIAN_POINT('',(-2.04,0.299999999999999,9.8));
#7709=VECTOR('',#8412,1.0);
#7710=CARTESIAN_POINT('',(-2.04,0.299999999999999,9.8));
#7711=VECTOR('',#8413,1.0);
#7712=COLOUR_RGB('',0.723300993442535,0.723300993442535,0.723300993442535);
#7713=CARTESIAN_POINT('',(-3.04,-0.7,9.8));
#7714=CARTESIAN_POINT('',(-3.04,-0.7,-3.3));
#7715=CARTESIAN_POINT('',(-3.04,-0.7,9.8));
#7716=VECTOR('',#8414,1.0);
#7717=CARTESIAN_POINT('',(-2.04,-0.7,-3.3));
#7718=VECTOR('',#8415,1.0);
#7719=CARTESIAN_POINT('',(-2.04,-0.7,9.8));
#7720=VECTOR('',#8416,1.0);
#7721=COLOUR_RGB('',0.723300993442535,0.723300993442535,0.723300993442535);
#7722=CARTESIAN_POINT('',(-2.29,-0.45,-3.9));
#7723=CARTESIAN_POINT('',(-2.04,-0.7,-3.3));
#7724=VECTOR('',#8417,1.0);
#7725=CARTESIAN_POINT('',(-2.29,0.0499999999999993,-3.9));
#7726=CARTESIAN_POINT('',(-2.29,0.0499999999999993,-3.9));
#7727=VECTOR('',#8418,1.0);
#7728=CARTESIAN_POINT('',(-2.04,0.299999999999999,-3.3));
#7729=VECTOR('',#8419,1.0);
#7730=COLOUR_RGB('',0.723300993442535,0.723300993442535,0.723300993442535);
#7731=CARTESIAN_POINT('',(-3.04,0.299999999999999,-3.3));
#7732=CARTESIAN_POINT('',(-2.04,0.299999999999999,-3.3));
#7733=VECTOR('',#8420,1.0);
#7734=CARTESIAN_POINT('',(-3.04,0.299999999999999,9.8));
#7735=CARTESIAN_POINT('',(-3.04,0.299999999999999,9.8));
#7736=VECTOR('',#8421,1.0);
#7737=CARTESIAN_POINT('',(-2.04,0.299999999999999,9.8));
#7738=VECTOR('',#8422,1.0);
#7739=COLOUR_RGB('',0.723300993442535,0.723300993442535,0.723300993442535);
#7740=CARTESIAN_POINT('',(-2.29,0.0499999999999995,10.4));
#7741=CARTESIAN_POINT('',(-2.04,0.3,9.8));
#7742=VECTOR('',#8423,1.0);
#7743=CARTESIAN_POINT('',(-2.29,-0.450000000000001,10.4));
#7744=CARTESIAN_POINT('',(-2.29,-0.450000000000001,10.4));
#7745=VECTOR('',#8424,1.0);
#7746=CARTESIAN_POINT('',(-2.04,-0.7,9.8));
#7747=VECTOR('',#8425,1.0);
#7748=COLOUR_RGB('',0.723300993442535,0.723300993442535,0.723300993442535);
#7749=CARTESIAN_POINT('',(-3.04,0.3,-3.3));
#7750=VECTOR('',#8426,1.0);
#7751=CARTESIAN_POINT('',(-3.04,0.3,9.8));
#7752=VECTOR('',#8427,1.0);
#7753=COLOUR_RGB('',0.723300993442535,0.723300993442535,0.723300993442535);
#7754=CARTESIAN_POINT('',(-2.79,-0.450000000000001,-3.9));
#7755=CARTESIAN_POINT('',(-3.04,-0.7,-3.3));
#7756=VECTOR('',#8428,1.0);
#7757=CARTESIAN_POINT('',(-2.29,-0.45,-3.9));
#7758=VECTOR('',#8429,1.0);
#7759=COLOUR_RGB('',0.723300993442535,0.723300993442535,0.723300993442535);
#7760=CARTESIAN_POINT('',(-2.79,-0.450000000000001,10.4));
#7761=CARTESIAN_POINT('',(-2.79,-0.45,10.4));
#7762=VECTOR('',#8430,1.0);
#7763=CARTESIAN_POINT('',(-3.04,-0.7,9.8));
#7764=VECTOR('',#8431,1.0);
#7765=COLOUR_RGB('',0.723300993442535,0.723300993442535,0.723300993442535);
#7766=CARTESIAN_POINT('',(-2.79,0.0499999999999993,-3.9));
#7767=CARTESIAN_POINT('',(-2.79,-0.450000000000001,-3.9));
#7768=VECTOR('',#8432,1.0);
#7769=CARTESIAN_POINT('',(-2.79,0.0499999999999992,-3.9));
#7770=VECTOR('',#8433,1.0);
#7771=COLOUR_RGB('',0.723300993442535,0.723300993442535,0.723300993442535);
#7772=CARTESIAN_POINT('',(-3.04,0.299999999999999,-3.3));
#7773=VECTOR('',#8434,1.0);
#7774=COLOUR_RGB('',0.723300993442535,0.723300993442535,0.723300993442535);
#7775=CARTESIAN_POINT('',(-2.79,0.0499999999999993,10.4));
#7776=CARTESIAN_POINT('',(-3.04,0.3,9.8));
#7777=VECTOR('',#8435,1.0);
#7778=CARTESIAN_POINT('',(-2.29,0.0499999999999997,10.4));
#7779=VECTOR('',#8436,1.0);
#7780=COLOUR_RGB('',0.723300993442535,0.723300993442535,0.723300993442535);
#7781=CARTESIAN_POINT('',(-2.79,0.0499999999999994,10.4));
#7782=VECTOR('',#8437,1.0);
#7783=COLOUR_RGB('',0.723300993442535,0.723300993442535,0.723300993442535);
#7784=COLOUR_RGB('',0.723300993442535,0.723300993442535,0.723300993442535);
#7785=CARTESIAN_POINT('',(3.33748222772632,-0.263420000478294,4.8));
#7786=DIRECTION('',(0.0792750005978664,0.996852784657899,0.0));
#7787=DIRECTION('',(0.9968527846579,-0.0792750005978664,0.0));
#7788=CARTESIAN_POINT('',(2.54,-0.200000000000001,4.9));
#7789=DIRECTION('',(0.0,0.0,1.0));
#7790=DIRECTION('',(-1.0,6.93889390390723E-17,0.0));
#7791=CARTESIAN_POINT('',(1.74,-0.199999999137957,4.8));
#7792=DIRECTION('',(-5.01268962491898E-09,-1.0,-8.62043048055224E-09));
#7793=DIRECTION('',(5.21804821573825E-13,-8.62043048055486E-09,1.0));
#7794=CARTESIAN_POINT('',(2.54,-0.200000000000001,4.8));
#7795=DIRECTION('',(0.0,0.0,1.0));
#7796=DIRECTION('',(-1.0,1.5419764230905E-16,0.0));
#7797=CARTESIAN_POINT('',(1.74251777227368,-0.136579999521708,4.8));
#7798=DIRECTION('',(-0.0792750005978662,-0.996852784657899,0.0));
#7799=DIRECTION('',(-0.9968527846579,0.0792750005978662,0.0));
#7800=CARTESIAN_POINT('',(2.54,-0.200000000000001,4.9));
#7801=DIRECTION('',(0.0,0.0,1.0));
#7802=DIRECTION('',(1.0,-9.71445146547012E-16,0.0));
#7803=CARTESIAN_POINT('',(3.34,-0.200000000862044,4.8));
#7804=DIRECTION('',(5.01268887351381E-09,1.0,-8.62043048055232E-09));
#7805=DIRECTION('',(-5.06261699229073E-13,8.62043048055486E-09,1.0));
#7806=CARTESIAN_POINT('',(2.54,-0.200000000000001,4.8));
#7807=DIRECTION('',(0.0,-0.0,1.0));
#7808=DIRECTION('',(1.0,4.31753398465339E-16,0.0));
#7809=CARTESIAN_POINT('',(-1.74251777227368,-0.263420000478294,4.8));
#7810=DIRECTION('',(0.0792750005978664,0.996852784657899,0.0));
#7811=DIRECTION('',(0.996852784657899,-0.0792750005978664,0.0));
#7812=CARTESIAN_POINT('',(-2.54,-0.2,4.9));
#7813=DIRECTION('',(0.0,0.0,1.0));
#7814=DIRECTION('',(-1.0,-2.77555756156289E-16,0.0));
#7815=CARTESIAN_POINT('',(-3.34,-0.199999999137957,4.8));
#7816=DIRECTION('',(-5.01269416694842E-09,-1.0,-8.62042881521772E-09));
#7817=DIRECTION('',(5.19584375524575E-13,-8.62042881522032E-09,1.0));
#7818=CARTESIAN_POINT('',(-2.54,-0.200000000000001,4.8));
#7819=DIRECTION('',(0.0,0.0,1.0));
#7820=DIRECTION('',(-1.0,3.08395284618099E-17,0.0));
#7821=CARTESIAN_POINT('',(-3.33748222772632,-0.136579999521708,4.8));
#7822=DIRECTION('',(-0.0792750005978662,-0.996852784657899,0.0));
#7823=DIRECTION('',(-0.9968527846579,0.0792750005978662,0.0));
#7824=CARTESIAN_POINT('',(-2.54,-0.200000000000001,4.9));
#7825=DIRECTION('',(0.0,0.0,1.0));
#7826=DIRECTION('',(1.0,0.0,0.0));
#7827=CARTESIAN_POINT('',(-1.74,-0.200000000862044,4.8));
#7828=DIRECTION('',(5.01268789225959E-09,1.0,-8.62043297855405E-09));
#7829=DIRECTION('',(-5.21804821573825E-13,8.62043297855667E-09,1.0));
#7830=CARTESIAN_POINT('',(-2.54,-0.200000000000001,4.8));
#7831=DIRECTION('',(0.0,-0.0,1.0));
#7832=DIRECTION('',(1.0,2.77555756156289E-16,0.0));
#7833=DIRECTION('',(0.950645206354566,0.310280021327647,0.0));
#7834=DIRECTION('',(0.0,-1.0,0.0));
#7835=DIRECTION('',(-0.950645206354566,0.310280021327647,0.0));
#7836=DIRECTION('',(0.0,0.0,-1.0));
#7837=DIRECTION('',(0.950645206354566,0.310280021327646,0.0));
#7838=DIRECTION('',(0.0,0.0,-1.0));
#7839=DIRECTION('',(0.0,-1.0,0.0));
#7840=DIRECTION('',(0.0,0.0,-1.0));
#7841=DIRECTION('',(-0.950645206354566,0.310280021327647,0.0));
#7842=DIRECTION('',(-0.948683252813762,-0.316227901727062,0.0));
#7843=DIRECTION('',(0.0,1.0,0.0));
#7844=DIRECTION('',(0.950645028228843,0.310280567074032,0.0));
#7845=DIRECTION('',(0.0,1.0,0.0));
#7846=DIRECTION('',(-0.950645028228843,0.310280567074032,0.0));
#7847=DIRECTION('',(0.0,1.0,0.0));
#7848=DIRECTION('',(0.948683252813762,-0.316227901727062,0.0));
#7849=DIRECTION('',(0.0,-1.0,0.0));
#7850=DIRECTION('',(0.0,0.0,-1.0));
#7851=DIRECTION('',(0.0,0.0,-1.0));
#7852=DIRECTION('',(-0.948683252813762,-0.316227901727062,0.0));
#7853=DIRECTION('',(0.0,0.0,-1.0));
#7854=DIRECTION('',(0.0,1.0,0.0));
#7855=DIRECTION('',(0.0,0.0,-1.0));
#7856=DIRECTION('',(0.950645028228843,0.310280567074032,0.0));
#7857=DIRECTION('',(0.0,0.0,-1.0));
#7858=DIRECTION('',(0.0,1.0,0.0));
#7859=DIRECTION('',(0.0,0.0,-1.0));
#7860=DIRECTION('',(-0.950645028228843,0.310280567074032,0.0));
#7861=DIRECTION('',(0.0,0.0,-1.0));
#7862=DIRECTION('',(0.0,1.0,0.0));
#7863=DIRECTION('',(0.0,0.0,-1.0));
#7864=DIRECTION('',(0.948683252813762,-0.316227901727062,0.0));
#7865=DIRECTION('',(0.0,-1.0,0.0));
#7866=DIRECTION('',(0.0,-1.0,0.0));
#7867=DIRECTION('',(1.0,0.0,0.0));
#7868=DIRECTION('',(0.0,-1.0,0.0));
#7869=DIRECTION('',(1.0,0.0,0.0));
#7870=DIRECTION('',(0.0,1.0,0.0));
#7871=DIRECTION('',(-1.0,0.0,0.0));
#7872=DIRECTION('',(0.98135927783655,0.192182121447667,0.0));
#7873=DIRECTION('',(0.714510248652577,0.699624974232933,0.0));
#7874=DIRECTION('',(0.454776988911742,0.890605350509623,0.0));
#7875=DIRECTION('',(0.200123445161481,0.979770690874502,0.0));
#7876=DIRECTION('',(0.0,1.0,0.0));
#7877=DIRECTION('',(-0.200123445161481,0.979770690874502,0.0));
#7878=DIRECTION('',(-0.454776988911741,0.890605350509624,0.0));
#7879=DIRECTION('',(-0.714510498802452,0.699624718760759,0.0));
#7880=DIRECTION('',(-0.89813804477133,0.439713602853418,0.0));
#7881=DIRECTION('',(-0.98135916905987,0.192182676904349,0.0));
#7882=DIRECTION('',(-1.0,0.0,0.0));
#7883=DIRECTION('',(-0.981359189367728,-0.192182573204533,0.0));
#7884=DIRECTION('',(-0.898138014366614,-0.439713664956635,0.0));
#7885=DIRECTION('',(-0.714510468185148,-0.699624750029501,0.0));
#7886=DIRECTION('',(-0.454776941543383,-0.890605374697709,0.0));
#7887=DIRECTION('',(-0.200123428343461,-0.979770694309673,0.0));
#7888=DIRECTION('',(0.0,-1.0,0.0));
#7889=DIRECTION('',(0.200123428343461,-0.979770694309674,0.0));
#7890=DIRECTION('',(0.454776941543385,-0.890605374697708,0.0));
#7891=DIRECTION('',(0.714510218035262,-0.699625005501663,0.0));
#7892=DIRECTION('',(0.981359293067358,-0.192182043673013,0.0));
#7893=DIRECTION('',(0.0,1.0,0.0));
#7894=DIRECTION('',(-0.950645626702674,0.310278733449588,0.0));
#7895=DIRECTION('',(-0.562790931241744,0.826599278799619,0.0));
#7896=DIRECTION('',(-0.247383106837805,0.968917745967776,0.0));
#7897=DIRECTION('',(0.0,1.0,0.0));
#7898=DIRECTION('',(0.247383106837805,0.968917745967776,0.0));
#7899=DIRECTION('',(0.562790931241743,0.82659927879962,0.0));
#7900=DIRECTION('',(0.837379592799441,0.546621823167573,0.0));
#7901=DIRECTION('',(0.971321049125068,0.237771780341104,0.0));
#7902=DIRECTION('',(1.0,0.0,0.0));
#7903=DIRECTION('',(0.971321049125067,-0.237771780341105,0.0));
#7904=DIRECTION('',(0.837379359156275,-0.546622181089485,0.0));
#7905=DIRECTION('',(0.56279106589755,-0.826599187119065,0.0));
#7906=DIRECTION('',(0.247383106837805,-0.968917745967776,0.0));
#7907=DIRECTION('',(0.0,-1.0,0.0));
#7908=DIRECTION('',(-0.247383106837805,-0.968917745967776,0.0));
#7909=DIRECTION('',(-0.562791065897551,-0.826599187119065,0.0));
#7910=DIRECTION('',(-0.95064554123939,-0.310278995295634,0.0));
#7911=DIRECTION('',(0.0,-1.0,0.0));
#7912=DIRECTION('',(1.0,0.0,0.0));
#7913=DIRECTION('',(0.0,1.0,0.0));
#7914=DIRECTION('',(-1.0,0.0,0.0));
#7915=DIRECTION('',(0.0,-1.0,0.0));
#7916=DIRECTION('',(1.0,0.0,0.0));
#7917=DIRECTION('',(0.0,1.0,0.0));
#7918=DIRECTION('',(1.0,0.0,0.0));
#7919=DIRECTION('',(0.0,-1.0,0.0));
#7920=DIRECTION('',(1.0,0.0,0.0));
#7921=DIRECTION('',(0.0,1.0,0.0));
#7922=DIRECTION('',(1.0,0.0,0.0));
#7923=DIRECTION('',(0.0,-1.0,0.0));
#7924=DIRECTION('',(0.20012320849276,-0.979770739215335,0.0));
#7925=DIRECTION('',(0.454777457556365,-0.890605111201687,0.0));
#7926=DIRECTION('',(0.714510718335115,-0.699624494557072,0.0));
#7927=DIRECTION('',(0.898137765953641,-0.43971417235268,0.0));
#7928=DIRECTION('',(0.981359293067358,-0.192182043673011,0.0));
#7929=DIRECTION('',(1.0,0.0,0.0));
#7930=DIRECTION('',(0.98135927275961,0.192182147372564,0.0));
#7931=DIRECTION('',(0.898137796358419,0.439714110249424,0.0));
#7932=DIRECTION('',(0.714510748952407,0.69962446328832,0.0));
#7933=DIRECTION('',(0.454777504924749,0.890605087013554,0.0));
#7934=DIRECTION('',(0.200123225310763,0.979770735780171,0.0));
#7935=DIRECTION('',(0.0,1.0,0.0));
#7936=DIRECTION('',(-1.0,0.0,0.0));
#7937=DIRECTION('',(0.0,-1.0,0.0));
#7938=DIRECTION('',(0.0,1.0,0.0));
#7939=DIRECTION('',(-1.0,0.0,0.0));
#7940=DIRECTION('',(0.0,1.0,0.0));
#7941=DIRECTION('',(1.0,0.0,0.0));
#7942=DIRECTION('',(0.0,1.0,0.0));
#7943=DIRECTION('',(-1.0,0.0,0.0));
#7944=DIRECTION('',(0.0,1.0,0.0));
#7945=DIRECTION('',(-1.0,0.0,0.0));
#7946=DIRECTION('',(0.0,-1.0,0.0));
#7947=DIRECTION('',(-1.0,0.0,0.0));
#7948=DIRECTION('',(0.0,-1.0,0.0));
#7949=DIRECTION('',(-1.0,0.0,0.0));
#7950=DIRECTION('',(0.0,0.0,-1.0));
#7951=DIRECTION('',(0.0,-1.0,0.0));
#7952=DIRECTION('',(0.0,0.0,-1.0));
#7953=DIRECTION('',(1.0,0.0,0.0));
#7954=DIRECTION('',(0.0,0.0,-1.0));
#7955=DIRECTION('',(0.0,-1.0,0.0));
#7956=DIRECTION('',(0.0,0.0,-1.0));
#7957=DIRECTION('',(1.0,0.0,0.0));
#7958=DIRECTION('',(0.0,0.0,-1.0));
#7959=DIRECTION('',(0.0,1.0,0.0));
#7960=DIRECTION('',(0.0,0.0,-1.0));
#7961=DIRECTION('',(-1.0,0.0,0.0));
#7962=DIRECTION('',(0.0,0.0,-1.0));
#7963=DIRECTION('',(0.98135927783655,0.192182121447667,0.0));
#7964=DIRECTION('',(0.0,0.0,-1.0));
#7965=DIRECTION('',(0.714510248652577,0.699624974232933,0.0));
#7966=DIRECTION('',(0.0,0.0,-1.0));
#7967=DIRECTION('',(0.454776988911742,0.890605350509623,0.0));
#7968=DIRECTION('',(0.0,0.0,-1.0));
#7969=DIRECTION('',(0.200123445161481,0.979770690874502,0.0));
#7970=DIRECTION('',(0.0,0.0,-1.0));
#7971=DIRECTION('',(0.0,1.0,0.0));
#7972=DIRECTION('',(0.0,0.0,-1.0));
#7973=DIRECTION('',(-0.200123445161481,0.979770690874502,0.0));
#7974=DIRECTION('',(0.0,0.0,-1.0));
#7975=DIRECTION('',(-0.454776988911741,0.890605350509624,0.0));
#7976=DIRECTION('',(0.0,0.0,-1.0));
#7977=DIRECTION('',(-0.714510498802451,0.69962471876076,0.0));
#7978=DIRECTION('',(0.0,0.0,-1.0));
#7979=DIRECTION('',(-0.89813804477133,0.439713602853418,0.0));
#7980=DIRECTION('',(0.0,0.0,-1.0));
#7981=DIRECTION('',(-0.98135916905987,0.192182676904349,0.0));
#7982=DIRECTION('',(0.0,0.0,-1.0));
#7983=DIRECTION('',(-1.0,0.0,0.0));
#7984=DIRECTION('',(0.0,0.0,-1.0));
#7985=DIRECTION('',(-0.981359189367728,-0.192182573204533,0.0));
#7986=DIRECTION('',(0.0,0.0,-1.0));
#7987=DIRECTION('',(-0.898138014366614,-0.439713664956635,0.0));
#7988=DIRECTION('',(0.0,0.0,-1.0));
#7989=DIRECTION('',(-0.714510468185148,-0.6996247500295,0.0));
#7990=DIRECTION('',(0.0,0.0,-1.0));
#7991=DIRECTION('',(-0.454776941543383,-0.890605374697709,0.0));
#7992=DIRECTION('',(0.0,0.0,-1.0));
#7993=DIRECTION('',(-0.200123428343461,-0.979770694309674,0.0));
#7994=DIRECTION('',(0.0,0.0,-1.0));
#7995=DIRECTION('',(0.0,-1.0,0.0));
#7996=DIRECTION('',(0.0,0.0,-1.0));
#7997=DIRECTION('',(0.200123428343461,-0.979770694309674,0.0));
#7998=DIRECTION('',(0.0,0.0,-1.0));
#7999=DIRECTION('',(0.454776941543385,-0.890605374697708,0.0));
#8000=DIRECTION('',(0.0,0.0,-1.0));
#8001=DIRECTION('',(0.714510218035262,-0.699625005501663,0.0));
#8002=DIRECTION('',(0.0,0.0,-1.0));
#8003=DIRECTION('',(0.981359293067358,-0.192182043673013,0.0));
#8004=DIRECTION('',(0.0,0.0,-1.0));
#8005=DIRECTION('',(0.0,1.0,0.0));
#8006=DIRECTION('',(0.0,0.0,-1.0));
#8007=DIRECTION('',(-0.950645626702674,0.310278733449588,0.0));
#8008=DIRECTION('',(0.0,0.0,-1.0));
#8009=DIRECTION('',(-0.562790931241744,0.826599278799619,0.0));
#8010=DIRECTION('',(0.0,0.0,-1.0));
#8011=DIRECTION('',(-0.247383106837805,0.968917745967776,0.0));
#8012=DIRECTION('',(0.0,0.0,-1.0));
#8013=DIRECTION('',(0.0,1.0,0.0));
#8014=DIRECTION('',(0.0,0.0,-1.0));
#8015=DIRECTION('',(0.247383106837805,0.968917745967776,0.0));
#8016=DIRECTION('',(0.0,0.0,-1.0));
#8017=DIRECTION('',(0.562790931241743,0.82659927879962,0.0));
#8018=DIRECTION('',(0.0,0.0,-1.0));
#8019=DIRECTION('',(0.837379592799442,0.546621823167572,0.0));
#8020=DIRECTION('',(0.0,0.0,-1.0));
#8021=DIRECTION('',(0.971321049125068,0.237771780341104,0.0));
#8022=DIRECTION('',(0.0,0.0,-1.0));
#8023=DIRECTION('',(1.0,0.0,0.0));
#8024=DIRECTION('',(0.0,0.0,-1.0));
#8025=DIRECTION('',(0.971321049125068,-0.237771780341104,0.0));
#8026=DIRECTION('',(0.0,0.0,-1.0));
#8027=DIRECTION('',(0.837379359156274,-0.546622181089486,0.0));
#8028=DIRECTION('',(0.0,0.0,-1.0));
#8029=DIRECTION('',(0.56279106589755,-0.826599187119065,0.0));
#8030=DIRECTION('',(0.0,0.0,-1.0));
#8031=DIRECTION('',(0.247383106837805,-0.968917745967776,0.0));
#8032=DIRECTION('',(0.0,0.0,-1.0));
#8033=DIRECTION('',(0.0,-1.0,0.0));
#8034=DIRECTION('',(0.0,0.0,-1.0));
#8035=DIRECTION('',(-0.247383106837805,-0.968917745967776,0.0));
#8036=DIRECTION('',(0.0,0.0,-1.0));
#8037=DIRECTION('',(-0.562791065897551,-0.826599187119065,0.0));
#8038=DIRECTION('',(0.0,0.0,-1.0));
#8039=DIRECTION('',(-0.95064554123939,-0.310278995295634,0.0));
#8040=DIRECTION('',(0.0,0.0,-1.0));
#8041=DIRECTION('',(0.0,-1.0,0.0));
#8042=DIRECTION('',(0.0,0.0,-1.0));
#8043=DIRECTION('',(1.0,0.0,0.0));
#8044=DIRECTION('',(0.0,0.0,-1.0));
#8045=DIRECTION('',(0.0,1.0,0.0));
#8046=DIRECTION('',(0.0,0.0,-1.0));
#8047=DIRECTION('',(-1.0,0.0,0.0));
#8048=DIRECTION('',(0.0,0.0,-1.0));
#8049=DIRECTION('',(0.0,-1.0,0.0));
#8050=DIRECTION('',(0.0,0.0,-1.0));
#8051=DIRECTION('',(1.0,0.0,0.0));
#8052=DIRECTION('',(0.0,0.0,-1.0));
#8053=DIRECTION('',(0.0,1.0,0.0));
#8054=DIRECTION('',(0.0,0.0,-1.0));
#8055=DIRECTION('',(1.0,0.0,0.0));
#8056=DIRECTION('',(0.0,0.0,-1.0));
#8057=DIRECTION('',(0.0,-1.0,0.0));
#8058=DIRECTION('',(0.0,0.0,-1.0));
#8059=DIRECTION('',(1.0,0.0,0.0));
#8060=DIRECTION('',(0.0,0.0,-1.0));
#8061=DIRECTION('',(0.0,1.0,0.0));
#8062=DIRECTION('',(0.0,0.0,-1.0));
#8063=DIRECTION('',(1.0,0.0,0.0));
#8064=DIRECTION('',(0.0,0.0,-1.0));
#8065=DIRECTION('',(0.0,-1.0,0.0));
#8066=DIRECTION('',(0.0,0.0,-1.0));
#8067=DIRECTION('',(0.200123208492759,-0.979770739215335,0.0));
#8068=DIRECTION('',(0.0,0.0,-1.0));
#8069=DIRECTION('',(0.454777457556365,-0.890605111201687,0.0));
#8070=DIRECTION('',(0.0,0.0,-1.0));
#8071=DIRECTION('',(0.714510718335115,-0.699624494557072,0.0));
#8072=DIRECTION('',(0.0,0.0,-1.0));
#8073=DIRECTION('',(0.898137765953642,-0.439714172352678,0.0));
#8074=DIRECTION('',(0.0,0.0,-1.0));
#8075=DIRECTION('',(0.981359293067358,-0.192182043673011,0.0));
#8076=DIRECTION('',(0.0,0.0,-1.0));
#8077=DIRECTION('',(1.0,0.0,0.0));
#8078=DIRECTION('',(0.0,0.0,-1.0));
#8079=DIRECTION('',(0.98135927275961,0.192182147372563,0.0));
#8080=DIRECTION('',(0.0,0.0,-1.0));
#8081=DIRECTION('',(0.898137796358419,0.439714110249424,0.0));
#8082=DIRECTION('',(0.0,0.0,-1.0));
#8083=DIRECTION('',(0.714510748952407,0.699624463288321,0.0));
#8084=DIRECTION('',(0.0,0.0,-1.0));
#8085=DIRECTION('',(0.454777504924749,0.890605087013554,0.0));
#8086=DIRECTION('',(0.0,0.0,-1.0));
#8087=DIRECTION('',(0.200123225310763,0.979770735780171,0.0));
#8088=DIRECTION('',(0.0,0.0,-1.0));
#8089=DIRECTION('',(0.0,1.0,0.0));
#8090=DIRECTION('',(0.0,0.0,-1.0));
#8091=DIRECTION('',(-1.0,0.0,0.0));
#8092=DIRECTION('',(0.0,0.0,-1.0));
#8093=DIRECTION('',(0.0,-1.0,0.0));
#8094=DIRECTION('',(0.0,0.0,1.0));
#8095=DIRECTION('',(0.0,1.0,0.0));
#8096=DIRECTION('',(0.0,0.0,-1.0));
#8097=DIRECTION('',(-1.0,0.0,0.0));
#8098=DIRECTION('',(0.0,0.0,-1.0));
#8099=DIRECTION('',(0.0,1.0,0.0));
#8100=DIRECTION('',(0.0,0.0,1.0));
#8101=DIRECTION('',(0.0,0.0,1.0));
#8102=DIRECTION('',(0.0,0.0,1.0));
#8103=DIRECTION('',(-1.0,0.0,0.0));
#8104=DIRECTION('',(0.0,0.0,1.0));
#8105=DIRECTION('',(-1.0,0.0,0.0));
#8106=DIRECTION('',(0.0,0.0,1.0));
#8107=DIRECTION('',(-1.0,0.0,0.0));
#8108=DIRECTION('',(0.0,0.0,1.0));
#8109=DIRECTION('',(-1.0,0.0,0.0));
#8110=DIRECTION('',(0.0,0.0,1.0));
#8111=DIRECTION('',(-1.0,0.0,0.0));
#8112=DIRECTION('',(0.0,0.0,1.0));
#8113=DIRECTION('',(-1.0,0.0,0.0));
#8114=DIRECTION('',(0.0,0.0,1.0));
#8115=DIRECTION('',(-1.0,0.0,0.0));
#8116=DIRECTION('',(0.0,1.0,0.0));
#8117=DIRECTION('',(0.0,0.0,-1.0));
#8118=DIRECTION('',(-1.0,0.0,0.0));
#8119=DIRECTION('',(0.0,0.0,-1.0));
#8120=DIRECTION('',(0.0,1.0,0.0));
#8121=DIRECTION('',(0.0,0.0,-1.0));
#8122=DIRECTION('',(0.0,-1.0,0.0));
#8123=DIRECTION('',(0.0,0.0,-1.0));
#8124=DIRECTION('',(0.0,1.0,0.0));
#8125=DIRECTION('',(0.0,0.257662650560332,-0.966234939601246));
#8126=DIRECTION('',(-1.0,0.0,0.0));
#8127=DIRECTION('',(0.0,0.0,-1.0));
#8128=DIRECTION('',(0.0,1.0,0.0));
#8129=DIRECTION('',(0.0,-1.0,0.0));
#8130=DIRECTION('',(0.0,0.0,-1.0));
#8131=DIRECTION('',(0.0,0.257662650560332,-0.966234939601246));
#8132=DIRECTION('',(-0.247383439065293,0.968917661143726,0.0));
#8133=DIRECTION('',(-0.562790931241744,0.826599278799619,0.0));
#8134=DIRECTION('',(-0.837378876955877,0.546622919779362,0.0));
#8135=DIRECTION('',(-0.971321363344397,0.237770496720646,0.0));
#8136=DIRECTION('',(-1.0,0.0,0.0));
#8137=DIRECTION('',(-0.971321363344397,-0.237770496720646,0.0));
#8138=DIRECTION('',(-0.837378643311972,-0.546623277701382,0.0));
#8139=DIRECTION('',(-0.562791065897551,-0.826599187119065,0.0));
#8140=DIRECTION('',(-0.247383439065293,-0.968917661143726,0.0));
#8141=DIRECTION('',(0.0,-1.0,0.0));
#8142=DIRECTION('',(1.0,0.0,0.0));
#8143=DIRECTION('',(0.0,1.0,0.0));
#8144=DIRECTION('',(0.0,-1.0,0.0));
#8145=DIRECTION('',(1.0,0.0,0.0));
#8146=DIRECTION('',(0.0,1.0,0.0));
#8147=DIRECTION('',(0.0,-1.0,0.0));
#8148=DIRECTION('',(1.0,0.0,0.0));
#8149=DIRECTION('',(0.0,1.0,0.0));
#8150=DIRECTION('',(0.0,1.0,0.0));
#8151=DIRECTION('',(0.0,0.0,1.0));
#8152=DIRECTION('',(0.0,1.0,0.0));
#8153=DIRECTION('',(-1.0,0.0,0.0));
#8154=DIRECTION('',(0.0,-1.0,0.0));
#8155=DIRECTION('',(1.0,0.0,0.0));
#8156=DIRECTION('',(1.0,0.0,0.0));
#8157=DIRECTION('',(0.0,-1.0,0.0));
#8158=DIRECTION('',(0.0,0.0,1.0));
#8159=DIRECTION('',(0.0,0.0,1.0));
#8160=DIRECTION('',(0.0,1.0,0.0));
#8161=DIRECTION('',(0.0,1.0,0.0));
#8162=DIRECTION('',(-1.0,0.0,0.0));
#8163=DIRECTION('',(0.0,-1.0,0.0));
#8164=DIRECTION('',(1.0,0.0,0.0));
#8165=DIRECTION('',(1.0,0.0,0.0));
#8166=DIRECTION('',(0.0,-1.0,0.0));
#8167=DIRECTION('',(0.0,0.0,1.0));
#8168=DIRECTION('',(0.0,-1.0,0.0));
#8169=DIRECTION('',(1.0,0.0,0.0));
#8170=DIRECTION('',(0.0,1.0,0.0));
#8171=DIRECTION('',(-1.0,0.0,0.0));
#8172=CARTESIAN_POINT('',(2.54,-1.07023809523805,12.0));
#8173=DIRECTION('',(0.0,0.0,1.0));
#8174=DIRECTION('',(-0.823125918667314,-0.567858892699665,0.0));
#8175=DIRECTION('',(1.0,0.0,0.0));
#8176=CARTESIAN_POINT('',(-2.54,-1.07023809523805,12.0));
#8177=DIRECTION('',(0.0,0.0,1.0));
#8178=DIRECTION('',(-0.823125918667315,-0.567858892699665,0.0));
#8179=DIRECTION('',(-1.0,0.0,0.0));
#8180=DIRECTION('',(0.0,1.0,0.0));
#8181=DIRECTION('',(1.0,0.0,0.0));
#8182=DIRECTION('',(0.0,-1.0,0.0));
#8183=DIRECTION('',(1.0,0.0,0.0));
#8184=DIRECTION('',(1.0,0.0,0.0));
#8185=DIRECTION('',(-1.0,0.0,0.0));
#8186=DIRECTION('',(1.0,0.0,0.0));
#8187=DIRECTION('',(-1.0,0.0,0.0));
#8188=DIRECTION('',(1.0,0.0,0.0));
#8189=DIRECTION('',(-1.0,0.0,0.0));
#8190=DIRECTION('',(-1.0,0.0,0.0));
#8191=DIRECTION('',(-0.189736659610102,-0.25298221281347,0.948683298050514));
#8192=DIRECTION('',(-0.189736659610102,0.25298221281347,-0.948683298050514));
#8193=DIRECTION('',(0.0,0.0,-1.0));
#8194=DIRECTION('',(0.0,0.0,-1.0));
#8195=DIRECTION('',(-0.247383439065294,0.968917661143726,0.0));
#8196=DIRECTION('',(0.0,0.0,-1.0));
#8197=DIRECTION('',(-0.562790931241744,0.826599278799619,0.0));
#8198=DIRECTION('',(0.0,0.0,-1.0));
#8199=DIRECTION('',(-0.837378876955876,0.546622919779363,0.0));
#8200=DIRECTION('',(0.0,0.0,-1.0));
#8201=DIRECTION('',(-0.971321363344396,0.237770496720647,0.0));
#8202=DIRECTION('',(0.0,0.0,-1.0));
#8203=DIRECTION('',(-1.0,0.0,0.0));
#8204=DIRECTION('',(0.0,0.0,-1.0));
#8205=DIRECTION('',(-0.971321363344396,-0.237770496720647,0.0));
#8206=DIRECTION('',(0.0,0.0,-1.0));
#8207=DIRECTION('',(-0.837378643311971,-0.546623277701382,0.0));
#8208=DIRECTION('',(0.0,0.0,-1.0));
#8209=DIRECTION('',(-0.562791065897551,-0.826599187119065,0.0));
#8210=DIRECTION('',(0.0,0.0,-1.0));
#8211=DIRECTION('',(-0.247383439065293,-0.968917661143726,0.0));
#8212=DIRECTION('',(0.0,0.0,-1.0));
#8213=DIRECTION('',(0.0,-1.0,0.0));
#8214=DIRECTION('',(0.0,0.0,-1.0));
#8215=DIRECTION('',(1.0,0.0,0.0));
#8216=DIRECTION('',(0.0,1.0,0.0));
#8217=DIRECTION('',(0.0,0.0,-1.0));
#8218=DIRECTION('',(0.0,0.0,-1.0));
#8219=DIRECTION('',(0.0,1.0,0.0));
#8220=DIRECTION('',(0.0,0.0,-1.0));
#8221=DIRECTION('',(-1.0,0.0,0.0));
#8222=DIRECTION('',(0.0,0.0,-1.0));
#8223=DIRECTION('',(0.0,-1.0,0.0));
#8224=DIRECTION('',(1.0,0.0,0.0));
#8225=DIRECTION('',(0.0,1.0,0.0));
#8226=DIRECTION('',(0.0,0.0,-1.0));
#8227=DIRECTION('',(0.0,0.0,-1.0));
#8228=DIRECTION('',(-1.0,0.0,0.0));
#8229=DIRECTION('',(0.0,0.0,-1.0));
#8230=DIRECTION('',(0.0,-1.0,0.0));
#8231=DIRECTION('',(0.0,0.0,-1.0));
#8232=DIRECTION('',(1.0,0.0,0.0));
#8233=DIRECTION('',(-2.96059473233375E-16,1.0,0.0));
#8234=DIRECTION('',(-0.189736659610103,-0.25298221281347,-0.948683298050514));
#8235=DIRECTION('',(0.0,-0.257662650560332,-0.966234939601246));
#8236=DIRECTION('',(-1.0,-4.96189061284987E-16,-1.98475624513995E-15));
#8237=DIRECTION('',(0.0,0.0,1.0));
#8238=DIRECTION('',(0.0,1.0,0.0));
#8239=DIRECTION('',(0.0,0.0,1.0));
#8240=DIRECTION('',(0.0,1.0,0.0));
#8241=DIRECTION('',(0.0,0.0,1.0));
#8242=DIRECTION('',(0.0,1.0,0.0));
#8243=DIRECTION('',(0.0,0.0,1.0));
#8244=DIRECTION('',(-1.0,0.0,0.0));
#8245=DIRECTION('',(0.0,0.0,1.0));
#8246=DIRECTION('',(0.0,0.0,-1.0));
#8247=CARTESIAN_POINT('',(2.54,-1.07023809523809,1.4));
#8248=DIRECTION('',(0.0,0.0,1.0));
#8249=DIRECTION('',(-0.823125918667323,-0.567858892699653,0.0));
#8250=DIRECTION('',(-7.54113752575578E-16,0.0,-1.0));
#8251=CARTESIAN_POINT('',(2.54,-1.07023809523809,1.4));
#8252=DIRECTION('',(0.0,0.0,1.0));
#8253=DIRECTION('',(0.370406663400294,-0.928869691457667,0.0));
#8254=DIRECTION('',(0.0,0.0,-1.0));
#8255=CARTESIAN_POINT('',(2.54,-1.07023809523809,3.4));
#8256=DIRECTION('',(0.0,0.0,1.0));
#8257=DIRECTION('',(-0.370406663400294,-0.928869691457667,0.0));
#8258=DIRECTION('',(0.0,0.0,1.0));
#8259=DIRECTION('',(1.0,0.0,0.0));
#8260=DIRECTION('',(0.0,0.0,-1.0));
#8261=CARTESIAN_POINT('',(-2.54,-1.07023809523809,1.4));
#8262=DIRECTION('',(0.0,0.0,1.0));
#8263=DIRECTION('',(-0.823125918667322,-0.567858892699653,0.0));
#8264=DIRECTION('',(-7.54113752575578E-16,0.0,-1.0));
#8265=CARTESIAN_POINT('',(-2.54,-1.07023809523809,1.4));
#8266=DIRECTION('',(0.0,0.0,1.0));
#8267=DIRECTION('',(0.370406663400294,-0.928869691457667,0.0));
#8268=DIRECTION('',(0.0,0.0,-1.0));
#8269=CARTESIAN_POINT('',(-2.54,-1.07023809523809,3.4));
#8270=DIRECTION('',(0.0,0.0,1.0));
#8271=DIRECTION('',(-0.370406663400294,-0.928869691457667,0.0));
#8272=DIRECTION('',(0.0,0.0,1.0));
#8273=DIRECTION('',(-1.0,0.0,0.0));
#8274=DIRECTION('',(0.0,0.0,1.0));
#8275=DIRECTION('',(0.0,1.0,0.0));
#8276=DIRECTION('',(0.0,0.0,1.0));
#8277=DIRECTION('',(0.0,-0.257662650560332,-0.966234939601246));
#8278=DIRECTION('',(0.0,1.0,0.0));
#8279=DIRECTION('',(0.0,0.0,1.0));
#8280=DIRECTION('',(0.0,1.0,0.0));
#8281=DIRECTION('',(-1.0,0.0,0.0));
#8282=DIRECTION('',(-0.189736659610102,0.25298221281347,0.948683298050514));
#8283=DIRECTION('',(0.0,1.0,0.0));
#8284=DIRECTION('',(1.0,0.0,0.0));
#8285=DIRECTION('',(0.0,1.0,0.0));
#8286=DIRECTION('',(-0.189736659610102,-0.25298221281347,0.948683298050514));
#8287=DIRECTION('',(-0.189736659610103,0.25298221281347,-0.948683298050514));
#8288=DIRECTION('',(1.0,0.0,0.0));
#8289=DIRECTION('',(1.0,0.0,0.0));
#8290=DIRECTION('',(0.0,1.0,0.0));
#8291=CARTESIAN_POINT('',(-2.54,-0.200000000000001,4.9));
#8292=DIRECTION('',(0.0,0.0,1.0));
#8293=DIRECTION('',(1.0,0.0,0.0));
#8294=CARTESIAN_POINT('',(-2.54,-0.2,4.9));
#8295=DIRECTION('',(0.0,0.0,1.0));
#8296=DIRECTION('',(-1.0,-2.77555756156289E-16,0.0));
#8297=CARTESIAN_POINT('',(2.54,-0.200000000000001,4.9));
#8298=DIRECTION('',(0.0,0.0,1.0));
#8299=DIRECTION('',(1.0,-9.71445146547012E-16,0.0));
#8300=CARTESIAN_POINT('',(2.54,-0.200000000000001,4.9));
#8301=DIRECTION('',(0.0,0.0,1.0));
#8302=DIRECTION('',(-1.0,6.93889390390723E-17,0.0));
#8303=DIRECTION('',(-1.0,0.0,0.0));
#8304=DIRECTION('',(-1.0,0.0,0.0));
#8305=DIRECTION('',(0.0,0.0,-1.0));
#8306=DIRECTION('',(-1.0,0.0,0.0));
#8307=DIRECTION('',(0.0,0.0,-1.0));
#8308=DIRECTION('',(-1.0,0.0,0.0));
#8309=DIRECTION('',(0.0,0.0,-1.0));
#8310=DIRECTION('',(-1.0,0.0,0.0));
#8311=DIRECTION('',(0.0,0.0,-1.0));
#8312=DIRECTION('',(-1.0,0.0,0.0));
#8313=DIRECTION('',(-2.01858731750028E-16,-1.0,0.0));
#8314=DIRECTION('',(1.0,0.0,0.0));
#8315=DIRECTION('',(0.0,0.0,-1.0));
#8316=DIRECTION('',(-1.0,0.0,0.0));
#8317=DIRECTION('',(-2.01858731750028E-16,-1.0,0.0));
#8318=DIRECTION('',(0.0,-1.0,0.0));
#8319=DIRECTION('',(-1.0,0.0,0.0));
#8320=DIRECTION('',(-1.00929365875014E-16,-1.0,0.0));
#8321=DIRECTION('',(0.0,-1.0,0.0));
#8322=DIRECTION('',(-1.0,0.0,0.0));
#8323=DIRECTION('',(-1.0,0.0,0.0));
#8324=DIRECTION('',(0.0,1.0,0.0));
#8325=DIRECTION('',(-1.82965823373052E-16,-1.0,0.0));
#8326=DIRECTION('',(1.0,0.0,0.0));
#8327=DIRECTION('',(0.0,1.0,0.0));
#8328=DIRECTION('',(-1.82965823373052E-16,-1.0,0.0));
#8329=DIRECTION('',(-1.0,0.0,0.0));
#8330=CARTESIAN_POINT('',(2.54,-0.200000000000001,3.4));
#8331=DIRECTION('',(0.0,0.0,1.0));
#8332=DIRECTION('',(-1.0,0.0,0.0));
#8333=CARTESIAN_POINT('',(2.54,-0.200000000000001,3.4));
#8334=DIRECTION('',(0.0,-0.0,1.0));
#8335=DIRECTION('',(1.0,1.2335811384724E-16,0.0));
#8336=CARTESIAN_POINT('',(-2.54,-0.200000000000001,3.4));
#8337=DIRECTION('',(0.0,0.0,1.0));
#8338=DIRECTION('',(-1.0,0.0,0.0));
#8339=CARTESIAN_POINT('',(-2.54,-0.200000000000001,3.4));
#8340=DIRECTION('',(0.0,-0.0,1.0));
#8341=DIRECTION('',(1.0,1.2335811384724E-16,0.0));
#8342=DIRECTION('',(0.0,0.0,-1.0));
#8343=DIRECTION('',(-1.0,0.0,0.0));
#8344=DIRECTION('',(-1.82965823373052E-16,-1.0,0.0));
#8345=DIRECTION('',(0.0,0.0,-1.0));
#8346=DIRECTION('',(0.0,1.0,0.0));
#8347=DIRECTION('',(-1.82965823373052E-16,-1.0,0.0));
#8348=DIRECTION('',(-1.0,0.0,0.0));
#8349=DIRECTION('',(0.0,0.0,-1.0));
#8350=DIRECTION('',(0.0,1.0,0.0));
#8351=DIRECTION('',(-1.0,0.0,0.0));
#8352=DIRECTION('',(0.0,0.0,-1.0));
#8353=DIRECTION('',(0.0,0.0,-1.0));
#8354=DIRECTION('',(1.0,0.0,0.0));
#8355=DIRECTION('',(0.0,1.0,0.0));
#8356=DIRECTION('',(0.0,-1.0,0.0));
#8357=DIRECTION('',(-0.189736659610103,-0.25298221281347,-0.948683298050514));
#8358=DIRECTION('',(0.0,-1.0,0.0));
#8359=DIRECTION('',(-0.189736659610102,0.25298221281347,0.948683298050514));
#8360=DIRECTION('',(1.0,0.0,0.0));
#8361=CARTESIAN_POINT('',(-2.54,-0.200000000000001,4.8));
#8362=DIRECTION('',(0.0,-0.0,1.0));
#8363=DIRECTION('',(1.0,2.77555756156289E-16,0.0));
#8364=CARTESIAN_POINT('',(-2.54,-0.200000000000001,4.8));
#8365=DIRECTION('',(0.0,0.0,1.0));
#8366=DIRECTION('',(-1.0,3.08395284618099E-17,0.0));
#8367=CARTESIAN_POINT('',(2.54,-0.200000000000001,4.8));
#8368=DIRECTION('',(0.0,-0.0,1.0));
#8369=DIRECTION('',(1.0,4.31753398465339E-16,0.0));
#8370=CARTESIAN_POINT('',(2.54,-0.200000000000001,4.8));
#8371=DIRECTION('',(0.0,0.0,1.0));
#8372=DIRECTION('',(-1.0,1.5419764230905E-16,0.0));
#8373=DIRECTION('',(0.0,0.0,-1.0));
#8374=DIRECTION('',(-1.00929365875014E-16,-1.0,0.0));
#8375=DIRECTION('',(1.0,0.0,0.0));
#8376=DIRECTION('',(0.0,1.0,0.0));
#8377=DIRECTION('',(0.0,0.0,-1.0));
#8378=DIRECTION('',(0.0,0.0,1.0));
#8379=DIRECTION('',(0.0,0.0,1.0));
#8380=DIRECTION('',(0.0,0.0,1.0));
#8381=DIRECTION('',(0.0,0.0,1.0));
#8382=DIRECTION('',(0.0,0.0,-1.0));
#8383=DIRECTION('',(0.0,-1.0,0.0));
#8384=DIRECTION('',(0.0,0.0,-1.0));
#8385=DIRECTION('',(0.0,-1.0,0.0));
#8386=DIRECTION('',(0.0,0.0,-1.0));
#8387=DIRECTION('',(-1.0,0.0,0.0));
#8388=DIRECTION('',(-1.0,0.0,0.0));
#8389=DIRECTION('',(-0.358979079308869,0.358979079308869,-0.861549790341286));
#8390=DIRECTION('',(0.0,-1.0,0.0));
#8391=DIRECTION('',(-0.358979079308869,-0.358979079308869,-0.861549790341286));
#8392=DIRECTION('',(-1.0,0.0,0.0));
#8393=DIRECTION('',(0.0,0.0,-1.0));
#8394=DIRECTION('',(-1.0,0.0,0.0));
#8395=DIRECTION('',(-0.358979079308869,-0.358979079308869,0.861549790341286));
#8396=DIRECTION('',(0.0,1.0,0.0));
#8397=DIRECTION('',(-0.358979079308869,0.358979079308869,0.861549790341286));
#8398=DIRECTION('',(0.0,-1.0,0.0));
#8399=DIRECTION('',(0.0,-1.0,0.0));
#8400=DIRECTION('',(0.358979079308868,0.358979079308869,-0.861549790341286));
#8401=DIRECTION('',(-1.0,0.0,0.0));
#8402=DIRECTION('',(1.0,0.0,0.0));
#8403=DIRECTION('',(0.358979079308869,0.358979079308869,0.861549790341286));
#8404=DIRECTION('',(0.0,1.0,0.0));
#8405=DIRECTION('',(1.0,0.0,0.0));
#8406=DIRECTION('',(0.358979079308869,-0.358979079308869,-0.861549790341286));
#8407=DIRECTION('',(0.358979079308869,-0.358979079308869,0.861549790341286));
#8408=DIRECTION('',(-1.0,0.0,0.0));
#8409=DIRECTION('',(0.0,-1.0,0.0));
#8410=DIRECTION('',(0.0,0.0,-1.0));
#8411=DIRECTION('',(0.0,-1.0,0.0));
#8412=DIRECTION('',(0.0,0.0,-1.0));
#8413=DIRECTION('',(0.0,-1.0,0.0));
#8414=DIRECTION('',(0.0,0.0,-1.0));
#8415=DIRECTION('',(-1.0,0.0,0.0));
#8416=DIRECTION('',(-1.0,0.0,0.0));
#8417=DIRECTION('',(-0.358979079308869,0.358979079308869,-0.861549790341286));
#8418=DIRECTION('',(0.0,-1.0,0.0));
#8419=DIRECTION('',(-0.358979079308869,-0.358979079308869,-0.861549790341286));
#8420=DIRECTION('',(-1.0,0.0,0.0));
#8421=DIRECTION('',(0.0,0.0,-1.0));
#8422=DIRECTION('',(-1.0,0.0,0.0));
#8423=DIRECTION('',(-0.358979079308869,-0.358979079308869,0.861549790341286));
#8424=DIRECTION('',(0.0,1.0,0.0));
#8425=DIRECTION('',(-0.358979079308869,0.358979079308869,0.861549790341286));
#8426=DIRECTION('',(0.0,-1.0,0.0));
#8427=DIRECTION('',(0.0,-1.0,0.0));
#8428=DIRECTION('',(0.358979079308868,0.358979079308869,-0.861549790341286));
#8429=DIRECTION('',(-1.0,0.0,0.0));
#8430=DIRECTION('',(1.0,0.0,0.0));
#8431=DIRECTION('',(0.358979079308869,0.358979079308869,0.861549790341286));
#8432=DIRECTION('',(0.0,1.0,0.0));
#8433=DIRECTION('',(1.0,0.0,0.0));
#8434=DIRECTION('',(0.358979079308869,-0.358979079308869,-0.861549790341286));
#8435=DIRECTION('',(0.358979079308869,-0.358979079308869,0.861549790341286));
#8436=DIRECTION('',(-1.0,0.0,0.0));
#8437=DIRECTION('',(0.0,-1.0,0.0));
#8438=PRESENTATION_LAYER_ASSIGNMENT('0','02___PRT_ALL_AXES',(#559,#561,#623,#625,#627,#629));
ENDSEC;
END-ISO-10303-21;
