ISO-10303-21;
HEADER;
FILE_DESCRIPTION (( 'STEP AP214' ),
    '1' );
FILE_NAME ('SMB_L4.5-W3.6-LS5.3-RD.STEP',
    '2021-09-28T13:46:39',
    ( '' ),
    ( '' ),
    'SwSTEP 2.0',
    'SolidWorks 2018',
    '' );
FILE_SCHEMA (( 'AUTOMOTIVE_DESIGN' ));
ENDSEC;

DATA;
#1 = CARTESIAN_POINT ( 'NONE',  ( -2.249999999999999556, -1.653068987169466597, -0.8900000000000000133 ) ) ;
#2 = CARTESIAN_POINT ( 'NONE',  ( -0.4200686891330065453, 0.06154457113690584014, -1.089000000000000190 ) ) ;
#3 = UNCERTAINTY_MEASURE_WITH_UNIT (LENGTH_MEASURE( 1.000000000000000082E-05 ), #4771, 'distance_accuracy_value', 'NONE');
#4 = ADVANCED_FACE ( 'NONE', ( #4174 ), #2594, .T. ) ;
#5 = FILL_AREA_STYLE ('',( #2111 ) ) ;
#6 = EDGE_LOOP ( 'NONE', ( #1648, #4266, #973, #4061, #3978, #3446, #2614, #2227 ) ) ;
#7 = PLANE ( 'NONE',  #2273 ) ;
#8 = DIRECTION ( 'NONE',  ( 0.000000000000000000, 0.000000000000000000, 1.000000000000000000 ) ) ;
#9 = STYLED_ITEM ( 'NONE', ( #2465 ), #4565 ) ;
#10 =( NAMED_UNIT ( * ) SI_UNIT ( $, .STERADIAN. ) SOLID_ANGLE_UNIT ( ) );
#11 = SURFACE_STYLE_USAGE ( .BOTH. , #1264 ) ;
#12 =( GEOMETRIC_REPRESENTATION_CONTEXT ( 3 ) GLOBAL_UNCERTAINTY_ASSIGNED_CONTEXT ( ( #4922 ) ) GLOBAL_UNIT_ASSIGNED_CONTEXT ( ( #390, #2836, #780 ) ) REPRESENTATION_CONTEXT ( 'NONE', 'WORKASPACE' ) );
#13 = DIRECTION ( 'NONE',  ( 0.3363908276654490881, -0.9417224702971432881, 0.000000000000000000 ) ) ;
#14 = DIRECTION ( 'NONE',  ( -1.000000000000000000, 0.000000000000000000, -2.011111420667069504E-16 ) ) ;
#16 = EDGE_CURVE ( 'NONE', #4555, #4617, #864, .T. ) ;
#15 = VECTOR ( 'NONE', #4244, 1000.000000000000000 ) ;
#17 = COLOUR_RGB ( '',0.7529411764705882248, 0.7529411764705882248, 0.7529411764705882248 ) ;
#18 = ORIENTED_EDGE ( 'NONE', *, *, #2429, .T. ) ;
#19 = CARTESIAN_POINT ( 'NONE',  ( -0.2865195147666112496, -0.007151472132992097233, -1.089999999999999858 ) ) ;
#20 = EDGE_CURVE ( 'NONE', #4246, #1359, #1505, .T. ) ;
#21 = DIRECTION ( 'NONE',  ( -1.000000000000000000, 0.000000000000000000, 0.000000000000000000 ) ) ;
#22 = CARTESIAN_POINT ( 'NONE',  ( -0.2405396432414250996, 0.09638020214007347874, -1.088999999999999968 ) ) ;
#23 = DIRECTION ( 'NONE',  ( -0.000000000000000000, -1.000000000000000000, -0.000000000000000000 ) ) ;
#24 = CARTESIAN_POINT ( 'NONE',  ( 0.08512563165247027941, -0.1024482183449180184, -1.089000000000000190 ) ) ;
#25 = VECTOR ( 'NONE', #207, 1000.000000000000000 ) ;
#26 = CARTESIAN_POINT ( 'NONE',  ( -0.4198191081083284537, 0.06234253802752793422, -1.090000000000000302 ) ) ;
#27 = CARTESIAN_POINT ( 'NONE',  ( 0.1439008382260414387, -0.04790211173157500613, -1.089000000000000190 ) ) ;
#28 = CARTESIAN_POINT ( 'NONE',  ( -2.350000000000000089, -1.000000000000000000, -1.190000000000000169 ) ) ;
#29 = DIRECTION ( 'NONE',  ( 2.011111420667069504E-16, 0.000000000000000000, -1.000000000000000000 ) ) ;
#30 = UNCERTAINTY_MEASURE_WITH_UNIT (LENGTH_MEASURE( 1.000000000000000082E-05 ), #4542, 'distance_accuracy_value', 'NONE');
#31 = VECTOR ( 'NONE', #4529, 1000.000000000000000 ) ;
#32 = SURFACE_SIDE_STYLE ('',( #2655 ) ) ;
#33 = CARTESIAN_POINT ( 'NONE',  ( 0.03456561969986236132, 0.06867416671081143231, -1.089000000000000190 ) ) ;
#34 = CARTESIAN_POINT ( 'NONE',  ( -0.4177708763444484275, 0.07119458265552168486, -1.089000000000000634 ) ) ;
#35 = SURFACE_STYLE_USAGE ( .BOTH. , #2959 ) ;
#36 = STYLED_ITEM ( 'NONE', ( #1615 ), #4352 ) ;
#37 = SURFACE_STYLE_USAGE ( .BOTH. , #4643 ) ;
#38 = DIRECTION ( 'NONE',  ( -1.000000000000000000, 0.000000000000000000, 0.000000000000000000 ) ) ;
#39 = VECTOR ( 'NONE', #3309, 1000.000000000000000 ) ;
#40 = SURFACE_STYLE_FILL_AREA ( #3948 ) ;
#41 = AXIS2_PLACEMENT_3D ( 'NONE', #381, #5025, #3305 ) ;
#42 = CARTESIAN_POINT ( 'NONE',  ( 0.08233630519111512225, 0.08038874294410057464, -1.089000000000000412 ) ) ;
#43 = PRESENTATION_STYLE_ASSIGNMENT (( #3481 ) ) ;
#44 = MECHANICAL_DESIGN_GEOMETRIC_PRESENTATION_REPRESENTATION (  '', ( #1445 ), #1159 ) ;
#45 = CARTESIAN_POINT ( 'NONE',  ( -0.4131327135232504277, 0.06154457113690584014, -1.089000000000000190 ) ) ;
#46 = SURFACE_STYLE_USAGE ( .BOTH. , #1754 ) ;
#47 = ORIENTED_EDGE ( 'NONE', *, *, #3369, .F. ) ;
#48 = STYLED_ITEM ( 'NONE', ( #4224 ), #3090 ) ;
#49 = CARTESIAN_POINT ( 'NONE',  ( -1.550000000000000044, -1.000000000000000000, -1.190000000000000169 ) ) ;
#50 = CARTESIAN_POINT ( 'NONE',  ( 2.057803591027774104, -1.617803591027773269, 1.090000000000000080 ) ) ;
#51 = CARTESIAN_POINT ( 'NONE',  ( -0.5086738720598357189, -0.1000407947167527012, -1.089000000000000190 ) ) ;
#52 = ORIENTED_EDGE ( 'NONE', *, *, #3766, .F. ) ;
#53 = PLANE ( 'NONE',  #3639 ) ;
#54 = CARTESIAN_POINT ( 'NONE',  ( 0.1547407620865057509, -0.002174941058216104360, -1.090000000000000080 ) ) ;
#55 = VERTEX_POINT ( 'NONE', #4305 ) ;
#56 = SURFACE_STYLE_USAGE ( .BOTH. , #2152 ) ;
#57 = CARTESIAN_POINT ( 'NONE',  ( 0.1302745450450616127, -0.06438968432986010015, -1.089000000000000190 ) ) ;
#58 = ORIENTED_EDGE ( 'NONE', *, *, #477, .T. ) ;
#59 = CARTESIAN_POINT ( 'NONE',  ( -0.2815155000903017402, 0.03507490157559465388, -1.088999999999999968 ) ) ;
#60 = CARTESIAN_POINT ( 'NONE',  ( 0.08170829992457397106, -0.08049689148531738447, -1.089000000000000412 ) ) ;
#61 = AXIS2_PLACEMENT_3D ( 'NONE', #146, #572, #4742 ) ;
#62 = UNCERTAINTY_MEASURE_WITH_UNIT (LENGTH_MEASURE( 1.000000000000000082E-05 ), #4653, 'distance_accuracy_value', 'NONE');
#63 = VECTOR ( 'NONE', #1335, 1000.000000000000000 ) ;
#64 = CARTESIAN_POINT ( 'NONE',  ( -0.4134349983092119873, 0.06245614673825827801, -1.090000000000000302 ) ) ;
#65 = ORIENTED_EDGE ( 'NONE', *, *, #4505, .F. ) ;
#66 = DIRECTION ( 'NONE',  ( -0.000000000000000000, -1.000000000000000000, -0.000000000000000000 ) ) ;
#67 = CARTESIAN_POINT ( 'NONE',  ( -0.2908165514343871161, 0.06674499686594492776, -1.089999999999999858 ) ) ;
#68 = CARTESIAN_POINT ( 'NONE',  ( 0.000000000000000000, 0.000000000000000000, -0.8900000000000000133 ) ) ;
#69 = CARTESIAN_POINT ( 'NONE',  ( 0.1399036346754133631, -0.05392588205845234156, -1.090000000000000302 ) ) ;
#70 = LINE ( 'NONE', #4797, #3670 ) ;
#71 = PRESENTATION_LAYER_ASSIGNMENT (  '', '', ( #2129 ) ) ;
#72 = CARTESIAN_POINT ( 'NONE',  ( -0.03306411596227474409, 0.01215432723446682392, -1.090000000000000080 ) ) ;
#73 = CARTESIAN_POINT ( 'NONE',  ( -2.350000000000000089, 1.000000000000000000, -0.2999999999999999334 ) ) ;
#74 =( GEOMETRIC_REPRESENTATION_CONTEXT ( 3 ) GLOBAL_UNCERTAINTY_ASSIGNED_CONTEXT ( ( #1069 ) ) GLOBAL_UNIT_ASSIGNED_CONTEXT ( ( #1485, #5200, #3100 ) ) REPRESENTATION_CONTEXT ( 'NONE', 'WORKASPACE' ) );
#75 = FILL_AREA_STYLE ('',( #2591 ) ) ;
#76 = EDGE_CURVE ( 'NONE', #853, #1480, #1376, .T. ) ;
#77 = EDGE_LOOP ( 'NONE', ( #2636, #1353, #4191, #3556 ) ) ;
#78 = VERTEX_POINT ( 'NONE', #131 ) ;
#79 = ADVANCED_FACE ( 'NONE', ( #2088 ), #2289, .T. ) ;
#80 = CARTESIAN_POINT ( 'NONE',  ( -0.2166896476927851478, -0.07789735431927559406, -1.090000000000000080 ) ) ;
#81 = SURFACE_SIDE_STYLE ('',( #4125 ) ) ;
#82 = CARTESIAN_POINT ( 'NONE',  ( -0.3135519208403236280, 0.002474449185686330988, -1.089000000000000190 ) ) ;
#83 = ORIENTED_EDGE ( 'NONE', *, *, #5266, .T. ) ;
#84 = DIRECTION ( 'NONE',  ( 0.000000000000000000, -0.000000000000000000, 1.000000000000000000 ) ) ;
#85 = CARTESIAN_POINT ( 'NONE',  ( 0.1127130132943462426, -0.07536802193679972839, -1.090000000000000080 ) ) ;
#86 = EDGE_CURVE ( 'NONE', #606, #1672, #4752, .T. ) ;
#87 = FILL_AREA_STYLE ('',( #3455 ) ) ;
#88 = UNCERTAINTY_MEASURE_WITH_UNIT (LENGTH_MEASURE( 1.000000000000000082E-05 ), #5148, 'distance_accuracy_value', 'NONE');
#89 = VECTOR ( 'NONE', #2452, 1000.000000000000000 ) ;
#90 = FACE_OUTER_BOUND ( 'NONE', #5387, .T. ) ;
#91 = VECTOR ( 'NONE', #3362, 1000.000000000000000 ) ;
#92 = CARTESIAN_POINT ( 'NONE',  ( 0.03466622072930845150, -0.09071079099219471475, -1.089000000000000412 ) ) ;
#93 = VERTEX_POINT ( 'NONE', #1034 ) ;
#94 = SURFACE_STYLE_FILL_AREA ( #75 ) ;
#95 = ORIENTED_EDGE ( 'NONE', *, *, #5167, .T. ) ;
#96 = DIRECTION ( 'NONE',  ( 1.000000000000000000, 0.000000000000000000, -0.000000000000000000 ) ) ;
#97 = SURFACE_STYLE_USAGE ( .BOTH. , #1364 ) ;
#98 = ORIENTED_EDGE ( 'NONE', *, *, #3332, .T. ) ;
#99 = ORIENTED_EDGE ( 'NONE', *, *, #4505, .T. ) ;
#100 = VECTOR ( 'NONE', #1847, 1000.000000000000000 ) ;
#101 = LINE ( 'NONE', #3119, #3301 ) ;
#102 = PRESENTATION_LAYER_ASSIGNMENT (  '', '', ( #3826 ) ) ;
#103 = VERTEX_POINT ( 'NONE', #5183 ) ;
#104 = FILL_AREA_STYLE_COLOUR ( '', #5075 ) ;
#105 = CARTESIAN_POINT ( 'NONE',  ( 0.08233630519111512225, 0.08038874294410057464, -1.090000000000000302 ) ) ;
#106 =( NAMED_UNIT ( * ) PLANE_ANGLE_UNIT ( ) SI_UNIT ( $, .RADIAN. ) );
#107 = EDGE_LOOP ( 'NONE', ( #538, #2966, #4950, #1724 ) ) ;
#108 = AXIS2_PLACEMENT_3D ( 'NONE', #627, #1001, #1471 ) ;
#109 = COLOUR_RGB ( '',0.2509803921568627416, 0.2509803921568627416, 0.2509803921568627416 ) ;
#110 = CARTESIAN_POINT ( 'NONE',  ( -0.4163339330354455248, 0.07556896138080829162, -1.089000000000000190 ) ) ;
#111 = FILL_AREA_STYLE_COLOUR ( '', #192 ) ;
#112 = SURFACE_STYLE_USAGE ( .BOTH. , #4300 ) ;
#113 = AXIS2_PLACEMENT_3D ( 'NONE', #3416, #950, #931 ) ;
#114 = EDGE_CURVE ( 'NONE', #78, #752, #1295, .T. ) ;
#115 = CARTESIAN_POINT ( 'NONE',  ( -0.2173076209385521596, 0.07783503860539203734, -1.089000000000000190 ) ) ;
#116 = LINE ( 'NONE', #434, #1220 ) ;
#117 = ORIENTED_EDGE ( 'NONE', *, *, #3542, .T. ) ;
#118 = PRESENTATION_LAYER_ASSIGNMENT (  '', '', ( #3974 ) ) ;
#119 = CARTESIAN_POINT ( 'NONE',  ( 0.07751600687632856368, 0.08041510204202834133, -1.089000000000000412 ) ) ;
#120 =( LENGTH_UNIT ( ) NAMED_UNIT ( * ) SI_UNIT ( .MILLI., .METRE. ) );
#121 = LINE ( 'NONE', #5123, #4557 ) ;
#122 = EDGE_LOOP ( 'NONE', ( #2221, #5431, #818, #3494 ) ) ;
#123 = CARTESIAN_POINT ( 'NONE',  ( 0.2742529572084569933, -0.07808957520455758750, -1.089000000000000190 ) ) ;
#124 = CARTESIAN_POINT ( 'NONE',  ( 0.08412338403772524897, -0.08052859959480147822, -1.090000000000000080 ) ) ;
#125 = ORIENTED_EDGE ( 'NONE', *, *, #3472, .F. ) ;
#126 = STYLED_ITEM ( 'NONE', ( #4200 ), #1450 ) ;
#127 = CARTESIAN_POINT ( 'NONE',  ( -1.550000000000000044, 1.000000000000000000, -0.9600000000000001865 ) ) ;
#128 = VECTOR ( 'NONE', #4769, 1000.000000000000000 ) ;
#129 = VECTOR ( 'NONE', #883, 1000.000000000000000 ) ;
#130 =( NAMED_UNIT ( * ) PLANE_ANGLE_UNIT ( ) SI_UNIT ( $, .RADIAN. ) );
#131 = CARTESIAN_POINT ( 'NONE',  ( 0.3010822255011399440, -0.1000407947167527012, -1.089000000000000190 ) ) ;
#132 = CARTESIAN_POINT ( 'NONE',  ( 0.05514724973833244615, 0.07730423520668172621, -1.089999999999999636 ) ) ;
#133 = DIRECTION ( 'NONE',  ( 1.000000000000000000, 0.000000000000000000, 0.000000000000000000 ) ) ;
#134 = AXIS2_PLACEMENT_3D ( 'NONE', #4541, #816, #3731 ) ;
#135 =( NAMED_UNIT ( * ) SI_UNIT ( $, .STERADIAN. ) SOLID_ANGLE_UNIT ( ) );
#136 = FACE_OUTER_BOUND ( 'NONE', #4934, .T. ) ;
#137 =( GEOMETRIC_REPRESENTATION_CONTEXT ( 3 ) GLOBAL_UNCERTAINTY_ASSIGNED_CONTEXT ( ( #3303 ) ) GLOBAL_UNIT_ASSIGNED_CONTEXT ( ( #4424, #3565, #4817 ) ) REPRESENTATION_CONTEXT ( 'NONE', 'WORKASPACE' ) );
#138 = CARTESIAN_POINT ( 'NONE',  ( -2.419999999999999929, 1.000000000000000000, -0.2999999999999998779 ) ) ;
#139 = CARTESIAN_POINT ( 'NONE',  ( -0.4131327135232504277, 0.06154457113690584014, -1.089000000000000190 ) ) ;
#140 =( GEOMETRIC_REPRESENTATION_CONTEXT ( 3 ) GLOBAL_UNCERTAINTY_ASSIGNED_CONTEXT ( ( #1898 ) ) GLOBAL_UNIT_ASSIGNED_CONTEXT ( ( #1030, #4399, #1903 ) ) REPRESENTATION_CONTEXT ( 'NONE', 'WORKASPACE' ) );
#141 = ORIENTED_EDGE ( 'NONE', *, *, #4733, .T. ) ;
#142 = CARTESIAN_POINT ( 'NONE',  ( -0.03306411596227474409, 0.01215432723446682392, -1.090000000000000080 ) ) ;
#143 = STYLED_ITEM ( 'NONE', ( #1538 ), #3304 ) ;
#144 = DIRECTION ( 'NONE',  ( -1.000000000000000000, 0.000000000000000000, 0.000000000000000000 ) ) ;
#145 = CARTESIAN_POINT ( 'NONE',  ( -0.1525763110842260073, 0.09995920528324733767, -1.089000000000000190 ) ) ;
#146 = CARTESIAN_POINT ( 'NONE',  ( -0.1525763110842260073, -0.1000407947167527012, -1.089000000000000190 ) ) ;
#147 = EDGE_CURVE ( 'NONE', #1762, #5024, #2281, .T. ) ;
#148 = CARTESIAN_POINT ( 'NONE',  ( 0.07333692601878005757, 0.08035191735130509105, -1.089000000000000412 ) ) ;
#149 = SURFACE_STYLE_USAGE ( .BOTH. , #81 ) ;
#150 = LINE ( 'NONE', #302, #279 ) ;
#151 = FILL_AREA_STYLE ('',( #4821 ) ) ;
#152 =( GEOMETRIC_REPRESENTATION_CONTEXT ( 3 ) GLOBAL_UNCERTAINTY_ASSIGNED_CONTEXT ( ( #2267 ) ) GLOBAL_UNIT_ASSIGNED_CONTEXT ( ( #4806, #4001, #2738 ) ) REPRESENTATION_CONTEXT ( 'NONE', 'WORKASPACE' ) );
#153 = ORIENTED_EDGE ( 'NONE', *, *, #4006, .F. ) ;
#154 = ORIENTED_EDGE ( 'NONE', *, *, #4320, .F. ) ;
#155 = UNCERTAINTY_MEASURE_WITH_UNIT (LENGTH_MEASURE( 1.000000000000000082E-05 ), #4130, 'distance_accuracy_value', 'NONE');
#156 = CARTESIAN_POINT ( 'NONE',  ( -0.3095555213372830350, -0.02975355617814511022, -1.089999999999999636 ) ) ;
#157 = ADVANCED_FACE ( 'NONE', ( #1750 ), #1437, .T. ) ;
#158 = PRESENTATION_LAYER_ASSIGNMENT (  '', '', ( #905 ) ) ;
#159 = CARTESIAN_POINT ( 'NONE',  ( 0.04276200868457604581, 0.09799880524600229625, -1.089000000000000190 ) ) ;
#160 = ORIENTED_EDGE ( 'NONE', *, *, #1785, .F. ) ;
#161 = FILL_AREA_STYLE_COLOUR ( '', #4805 ) ;
#162 = VECTOR ( 'NONE', #808, 1000.000000000000000 ) ;
#163 = VECTOR ( 'NONE', #3340, 1000.000000000000000 ) ;
#164 = SURFACE_STYLE_USAGE ( .BOTH. , #2193 ) ;
#165 = DIRECTION ( 'NONE',  ( -0.000000000000000000, -1.000000000000000000, -0.000000000000000000 ) ) ;
#166 = FACE_OUTER_BOUND ( 'NONE', #998, .T. ) ;
#167 =( LENGTH_UNIT ( ) NAMED_UNIT ( * ) SI_UNIT ( .MILLI., .METRE. ) );
#168 = CARTESIAN_POINT ( 'NONE',  ( -0.4501753964500797012, -0.02199201422894781627, -1.090000000000000080 ) ) ;
#169 = CARTESIAN_POINT ( 'NONE',  ( -0.1086738720598357383, 0.09995920528324733767, -1.089000000000000190 ) ) ;
#170 = PRESENTATION_LAYER_ASSIGNMENT (  '', '', ( #3180 ) ) ;
#171 = DIRECTION ( 'NONE',  ( -0.000000000000000000, -0.000000000000000000, -1.000000000000000000 ) ) ;
#172 = SURFACE_SIDE_STYLE ('',( #4444 ) ) ;
#173 = EDGE_LOOP ( 'NONE', ( #1709, #5252, #1836, #5163 ) ) ;
#174 =( GEOMETRIC_REPRESENTATION_CONTEXT ( 3 ) GLOBAL_UNCERTAINTY_ASSIGNED_CONTEXT ( ( #5223 ) ) GLOBAL_UNIT_ASSIGNED_CONTEXT ( ( #197, #1517, #2335 ) ) REPRESENTATION_CONTEXT ( 'NONE', 'WORKASPACE' ) );
#175 = VECTOR ( 'NONE', #2717, 1000.000000000000000 ) ;
#176 = FILL_AREA_STYLE_COLOUR ( '', #433 ) ;
#177 = ORIENTED_EDGE ( 'NONE', *, *, #765, .F. ) ;
#178 = EDGE_CURVE ( 'NONE', #694, #1108, #4120, .T. ) ;
#179 = DIRECTION ( 'NONE',  ( -0.000000000000000000, -1.000000000000000000, -0.000000000000000000 ) ) ;
#180 = CARTESIAN_POINT ( 'NONE',  ( 0.05942715129212539082, -0.09970528581773570320, -1.089000000000000412 ) ) ;
#181 = EDGE_CURVE ( 'NONE', #5059, #3967, #306, .T. ) ;
#182 = VECTOR ( 'NONE', #1484, 1000.000000000000000 ) ;
#183 = DIRECTION ( 'NONE',  ( -0.9353882635801357148, -0.3536223923290756632, 0.000000000000000000 ) ) ;
#184 = ADVANCED_FACE ( 'NONE', ( #5364 ), #1449, .T. ) ;
#185 = CARTESIAN_POINT ( 'NONE',  ( -0.2501608686475206844, 0.09349250239415066166, -1.089000000000000412 ) ) ;
#186 = ORIENTED_EDGE ( 'NONE', *, *, #2688, .F. ) ;
#187 = MECHANICAL_DESIGN_GEOMETRIC_PRESENTATION_REPRESENTATION (  '', ( #1696 ), #4595 ) ;
#188 = DIRECTION ( 'NONE',  ( -0.000000000000000000, -1.000000000000000000, -0.000000000000000000 ) ) ;
#189 = CARTESIAN_POINT ( 'NONE',  ( -0.2182898991265000421, -0.09983578805589082839, -1.089999999999999636 ) ) ;
#190 = DIRECTION ( 'NONE',  ( -0.000000000000000000, -1.000000000000000000, -0.000000000000000000 ) ) ;
#191 = VECTOR ( 'NONE', #4901, 1000.000000000000000 ) ;
#192 = COLOUR_RGB ( '',0.7529411764705882248, 0.7529411764705882248, 0.7529411764705882248 ) ;
#193 = EDGE_CURVE ( 'NONE', #1577, #4384, #3810, .T. ) ;
#194 =( NAMED_UNIT ( * ) SI_UNIT ( $, .STERADIAN. ) SOLID_ANGLE_UNIT ( ) );
#195 = ORIENTED_EDGE ( 'NONE', *, *, #1416, .F. ) ;
#196 = CARTESIAN_POINT ( 'NONE',  ( 0.1813124532281775447, 0.007692711965265699482, -1.088999999999999746 ) ) ;
#197 =( LENGTH_UNIT ( ) NAMED_UNIT ( * ) SI_UNIT ( .MILLI., .METRE. ) );
#198 = DIRECTION ( 'NONE',  ( 0.000000000000000000, -1.000000000000000000, 0.000000000000000000 ) ) ;
#199 = CARTESIAN_POINT ( 'NONE',  ( -1.057803591027772327, 1.653068987169465265, -0.8900000000000000133 ) ) ;
#200 = CARTESIAN_POINT ( 'NONE',  ( -0.03306411596227474409, 0.07800798577105219622, -1.089000000000000190 ) ) ;
#201 = EDGE_LOOP ( 'NONE', ( #3189, #5121, #3730, #5019 ) ) ;
#202 = CARTESIAN_POINT ( 'NONE',  ( -0.2838368963226942654, 0.07361262776351350234, -1.089000000000000190 ) ) ;
#203 = VECTOR ( 'NONE', #3290, 1000.000000000000000 ) ;
#204 = PRESENTATION_LAYER_ASSIGNMENT (  '', '', ( #5375 ) ) ;
#205 = DIRECTION ( 'NONE',  ( 0.3222024856061125875, -0.9466707760722534726, 0.000000000000000000 ) ) ;
#206 = MECHANICAL_DESIGN_GEOMETRIC_PRESENTATION_REPRESENTATION (  '', ( #277 ), #3759 ) ;
#207 = DIRECTION ( 'NONE',  ( 1.000000000000000000, -0.000000000000000000, -0.000000000000000000 ) ) ;
#208 = CARTESIAN_POINT ( 'NONE',  ( -0.3063127689652654362, -0.03942011314589982662, -1.089000000000000412 ) ) ;
#209 = ADVANCED_FACE ( 'NONE', ( #1586 ), #368, .T. ) ;
#210 = EDGE_CURVE ( 'NONE', #3260, #1065, #3672, .T. ) ;
#211 = CARTESIAN_POINT ( 'NONE',  ( 0.1813124532281775447, 0.007692711965265699482, -1.089999999999998526 ) ) ;
#212 = FACE_OUTER_BOUND ( 'NONE', #4439, .T. ) ;
#213 = PLANE ( 'NONE',  #4377 ) ;
#214 = STYLED_ITEM ( 'NONE', ( #3897 ), #3274 ) ;
#215 = CARTESIAN_POINT ( 'NONE',  ( -0.2659473198921650239, -0.05714515630623963338, -1.089000000000000190 ) ) ;
#216 = CARTESIAN_POINT ( 'NONE',  ( -2.350000000000000089, 1.000000000000000000, 5.421010862427522170E-17 ) ) ;
#217 = ORIENTED_EDGE ( 'NONE', *, *, #3727, .T. ) ;
#218 = SURFACE_STYLE_FILL_AREA ( #1975 ) ;
#219 = VECTOR ( 'NONE', #3511, 1000.000000000000000 ) ;
#220 = CARTESIAN_POINT ( 'NONE',  ( 0.09541524888345156996, 0.07915250234183839051, -1.089000000000000190 ) ) ;
#221 = CARTESIAN_POINT ( 'NONE',  ( -0.1037958232793479707, 0.01215432723446682392, -1.089000000000000190 ) ) ;
#222 = VECTOR ( 'NONE', #2337, 1000.000000000000000 ) ;
#223 = CARTESIAN_POINT ( 'NONE',  ( -0.2496291650948276319, -0.09319895803034278225, -1.090000000000000302 ) ) ;
#224 = UNCERTAINTY_MEASURE_WITH_UNIT (LENGTH_MEASURE( 1.000000000000000082E-05 ), #2653, 'distance_accuracy_value', 'NONE');
#225 = COLOUR_RGB ( '',0.7529411764705882248, 0.7529411764705882248, 0.7529411764705882248 ) ;
#226 = CARTESIAN_POINT ( 'NONE',  ( -0.1086738720598357383, 0.09995920528324733767, -1.089000000000000190 ) ) ;
#227 = EDGE_LOOP ( 'NONE', ( #2276, #4588, #4844, #2703 ) ) ;
#228 = FACE_OUTER_BOUND ( 'NONE', #673, .T. ) ;
#229 =( GEOMETRIC_REPRESENTATION_CONTEXT ( 3 ) GLOBAL_UNCERTAINTY_ASSIGNED_CONTEXT ( ( #2676 ) ) GLOBAL_UNIT_ASSIGNED_CONTEXT ( ( #2321, #1467, #3619 ) ) REPRESENTATION_CONTEXT ( 'NONE', 'WORKASPACE' ) );
#230 = CARTESIAN_POINT ( 'NONE',  ( 0.1777340584103217214, 0.02938690273173127573, -1.089000000000000190 ) ) ;
#231 = ORIENTED_EDGE ( 'NONE', *, *, #2710, .T. ) ;
#232 = CARTESIAN_POINT ( 'NONE',  ( -0.2304604746394582349, 0.09849693610183575532, -1.090000000000000302 ) ) ;
#233 = ORIENTED_EDGE ( 'NONE', *, *, #2987, .T. ) ;
#234 = CARTESIAN_POINT ( 'NONE',  ( -0.03306411596227474409, -0.07808957520455758750, -1.089000000000000190 ) ) ;
#235 = SURFACE_STYLE_USAGE ( .BOTH. , #1489 ) ;
#236 = SURFACE_STYLE_FILL_AREA ( #1347 ) ;
#237 = FACE_OUTER_BOUND ( 'NONE', #2283, .T. ) ;
#238 = CARTESIAN_POINT ( 'NONE',  ( -2.249999999999999556, 1.809999999999999387, 0.000000000000000000 ) ) ;
#239 = ADVANCED_FACE ( 'NONE', ( #136 ), #1070, .T. ) ;
#240 = CARTESIAN_POINT ( 'NONE',  ( -0.3021101876839502043, 0.05118028121275395442, -1.088999999999999968 ) ) ;
#241 = CARTESIAN_POINT ( 'NONE',  ( 0.1673852202713627946, -0.06086096628621438104, -1.089000000000000412 ) ) ;
#242 = STYLED_ITEM ( 'NONE', ( #5382 ), #1853 ) ;
#243 = CYLINDRICAL_SURFACE ( 'NONE', #1257, 0.06999999999999996503 ) ;
#244 = LINE ( 'NONE', #4425, #3640 ) ;
#245 = CARTESIAN_POINT ( 'NONE',  ( -0.2590205867873299206, -0.08927152050773021208, -1.089999999999999858 ) ) ;
#246 = CARTESIAN_POINT ( 'NONE',  ( 0.08782003037918867383, -0.1024798191069966058, -1.090000000000000080 ) ) ;
#247 = ORIENTED_EDGE ( 'NONE', *, *, #2316, .T. ) ;
#248 =( GEOMETRIC_REPRESENTATION_CONTEXT ( 3 ) GLOBAL_UNCERTAINTY_ASSIGNED_CONTEXT ( ( #3986 ) ) GLOBAL_UNIT_ASSIGNED_CONTEXT ( ( #4053, #1627, #1201 ) ) REPRESENTATION_CONTEXT ( 'NONE', 'WORKASPACE' ) );
#249 = DIRECTION ( 'NONE',  ( -0.000000000000000000, -1.000000000000000000, -0.000000000000000000 ) ) ;
#250 = CARTESIAN_POINT ( 'NONE',  ( 0.07333692601878005757, 0.08035191735130509105, -1.090000000000000302 ) ) ;
#251 = EDGE_LOOP ( 'NONE', ( #5316, #2682, #4233, #4760 ) ) ;
#252 = CARTESIAN_POINT ( 'NONE',  ( 0.1009414887985932013, 0.1007397237168660836, -1.088999999999999746 ) ) ;
#253 = ORIENTED_EDGE ( 'NONE', *, *, #1175, .F. ) ;
#254 = PRESENTATION_STYLE_ASSIGNMENT (( #1216 ) ) ;
#255 = EDGE_CURVE ( 'NONE', #1707, #1498, #5055, .T. ) ;
#256 = CARTESIAN_POINT ( 'NONE',  ( 0.3010822255011399440, 0.09995920528324733767, -1.089000000000000190 ) ) ;
#257 = UNCERTAINTY_MEASURE_WITH_UNIT (LENGTH_MEASURE( 1.000000000000000082E-05 ), #3779, 'distance_accuracy_value', 'NONE');
#258 = B_SPLINE_SURFACE_WITH_KNOTS ( 'NONE', 3, 1, ( 
 ( #1530, #3202 ),
 ( #4102, #4847 ),
 ( #4909, #2778 ),
 ( #2408, #5339 ),
 ( #2835, #4020 ),
 ( #278, #5322 ),
 ( #760, #3590 ),
 ( #1587, #1128 ),
 ( #3167, #2349 ),
 ( #266, #3187 ),
 ( #699, #2815 ),
 ( #3608, #3666 ),
 ( #2371, #4430 ),
 ( #2798, #4062 ),
 ( #4468, #1160 ),
 ( #1964, #1144 ),
 ( #4888, #3220 ),
 ( #4507, #740 ),
 ( #3646, #1512 ) ),
 .UNSPECIFIED., .F., .F., .F.,
 ( 4, 1, 1, 1, 1, 1, 1, 1, 1, 1, 1, 1, 1, 1, 1, 1, 4 ),
 ( 2, 2 ),
 ( 0.000000000000000000, 0.07430379644281594198, 0.1443936103644179736, 0.2104994961032796985, 0.2735426065034679555, 0.3338247445790732404, 0.3925296724085029498, 0.4500874545995855458, 0.5078206115557879485, 0.5654649127768468508, 0.6231487223336199532, 0.6812971927909358127, 0.7409134981565812517, 0.8018557521958583623, 0.8652412377209435235, 0.9309416570467442531, 1.000000000000000000 ),
 ( 0.000000000000000000, 1.000000000000000000 ),
 .UNSPECIFIED. ) ;
#259 = CARTESIAN_POINT ( 'NONE',  ( 0.1430778562102257290, 0.04599426269305558618, -1.090000000000000080 ) ) ;
#260 = CARTESIAN_POINT ( 'NONE',  ( -0.2304604746394582349, 0.09849693610183575532, -1.089000000000000412 ) ) ;
#261 =( GEOMETRIC_REPRESENTATION_CONTEXT ( 3 ) GLOBAL_UNCERTAINTY_ASSIGNED_CONTEXT ( ( #3540 ) ) GLOBAL_UNIT_ASSIGNED_CONTEXT ( ( #3924, #2197, #3890 ) ) REPRESENTATION_CONTEXT ( 'NONE', 'WORKASPACE' ) );
#262 = CARTESIAN_POINT ( 'NONE',  ( 0.1815700303791886738, -0.003813660570411222129, -1.089000000000000190 ) ) ;
#263 = CARTESIAN_POINT ( 'NONE',  ( 0.03278954257431059699, 0.09447140040519853843, -1.089000000000000190 ) ) ;
#264 = VECTOR ( 'NONE', #1978, 1000.000000000000000 ) ;
#265 = EDGE_CURVE ( 'NONE', #2573, #2669, #2560, .T. ) ;
#266 = CARTESIAN_POINT ( 'NONE',  ( -0.2653596646221536015, 0.05901513308351294396, -1.089000000000000412 ) ) ;
#267 = CARTESIAN_POINT ( 'NONE',  ( -0.2908368297226578969, -0.06490586863998155931, -1.090000000000000302 ) ) ;
#268 = SURFACE_STYLE_USAGE ( .BOTH. , #3655 ) ;
#269 = VERTEX_POINT ( 'NONE', #4069 ) ;
#270 = DIRECTION ( 'NONE',  ( 0.000000000000000000, 1.000000000000000000, 0.000000000000000000 ) ) ;
#271 = VECTOR ( 'NONE', #2039, 1000.000000000000000 ) ;
#272 = CARTESIAN_POINT ( 'NONE',  ( 0.1388532901431359101, 0.05237960482710446453, -1.089999999999999858 ) ) ;
#273 =( NAMED_UNIT ( * ) PLANE_ANGLE_UNIT ( ) SI_UNIT ( $, .RADIAN. ) );
#274 = CARTESIAN_POINT ( 'NONE',  ( 0.1717969299867774247, -0.05268801876074576118, -1.088999999999999968 ) ) ;
#275 = ORIENTED_EDGE ( 'NONE', *, *, #3020, .T. ) ;
#276 = VERTEX_POINT ( 'NONE', #804 ) ;
#277 = STYLED_ITEM ( 'NONE', ( #2746 ), #2159 ) ;
#278 = CARTESIAN_POINT ( 'NONE',  ( -0.2815155000903017402, 0.03507490157559465388, -1.088999999999999968 ) ) ;
#279 = VECTOR ( 'NONE', #4938, 1000.000000000000000 ) ;
#280 = FACE_OUTER_BOUND ( 'NONE', #2944, .T. ) ;
#281 = EDGE_CURVE ( 'NONE', #5170, #5288, #2419, .T. ) ;
#282 = EDGE_CURVE ( 'NONE', #1523, #3585, #375, .T. ) ;
#283 = ORIENTED_EDGE ( 'NONE', *, *, #797, .T. ) ;
#284 = CARTESIAN_POINT ( 'NONE',  ( -0.006234847669591835062, 0.09995920528324733767, -1.090000000000000080 ) ) ;
#285 = PRESENTATION_STYLE_ASSIGNMENT (( #3903 ) ) ;
#286 = FACE_OUTER_BOUND ( 'NONE', #2215, .T. ) ;
#287 = CARTESIAN_POINT ( 'NONE',  ( -2.093068987169464990, 1.653068987169465265, -0.8900000000000000133 ) ) ;
#288 = MECHANICAL_DESIGN_GEOMETRIC_PRESENTATION_REPRESENTATION (  '', ( #3092 ), #1791 ) ;
#289 = CARTESIAN_POINT ( 'NONE',  ( 0.1777340584103217214, 0.02938690273173127573, -1.090000000000000080 ) ) ;
#290 = PLANE ( 'NONE',  #713 ) ;
#291 = CARTESIAN_POINT ( 'NONE',  ( 0.1495357382814162528, -0.08182582286850287323, -1.089000000000000412 ) ) ;
#292 = CARTESIAN_POINT ( 'NONE',  ( 0.1986432011108960061, -0.07808957520455758750, -1.089000000000000190 ) ) ;
#293 = CARTESIAN_POINT ( 'NONE',  ( -0.2473094248580510468, 0.07066996854200174871, -1.090000000000000524 ) ) ;
#294 = ORIENTED_EDGE ( 'NONE', *, *, #796, .T. ) ;
#295 = DIRECTION ( 'NONE',  ( 0.000000000000000000, 1.000000000000000000, 0.000000000000000000 ) ) ;
#296 = ORIENTED_EDGE ( 'NONE', *, *, #1655, .T. ) ;
#297 = CARTESIAN_POINT ( 'NONE',  ( -0.4501753964500797012, -0.02199201422894783015, -1.090000000000000080 ) ) ;
#298 = VECTOR ( 'NONE', #2059, 1000.000000000000000 ) ;
#299 = SURFACE_SIDE_STYLE ('',( #3875 ) ) ;
#300 = DIRECTION ( 'NONE',  ( -1.000000000000000000, 0.000000000000000000, 0.000000000000000000 ) ) ;
#301 = B_SPLINE_CURVE_WITH_KNOTS ( 'NONE', 3,
 ( #5262, #4355, #2697, #593, #1475, #3110, #1054, #4782, #2293, #1039, #5224 ),
 .UNSPECIFIED., .F., .F.,
 ( 4, 1, 1, 1, 1, 1, 1, 1, 4 ),
 ( 0.000000000000000000, 0.1451868664724696723, 0.2834426109197301091, 0.4165243659288290767, 0.5431811235350824107, 0.6651530826377128891, 0.7813602063127155217, 0.8927566556418091714, 1.000000000000000000 ),
 .UNSPECIFIED. ) ;
#302 = CARTESIAN_POINT ( 'NONE',  ( -0.3832927744988601226, -0.02199201422894781627, -1.090000000000000080 ) ) ;
#303 = CARTESIAN_POINT ( 'NONE',  ( 2.350000000000000089, 1.000000000000000000, -0.8900000000000001243 ) ) ;
#304 = STYLED_ITEM ( 'NONE', ( #2918 ), #3584 ) ;
#305 = CARTESIAN_POINT ( 'NONE',  ( -0.006234847669591835062, -0.1000407947167527012, -1.089000000000000190 ) ) ;
#306 = LINE ( 'NONE', #3089, #1040 ) ;
#307 = CARTESIAN_POINT ( 'NONE',  ( 0.06992400785755294168, -0.07979277637729766115, -1.090000000000000080 ) ) ;
#308 = ORIENTED_EDGE ( 'NONE', *, *, #4215, .F. ) ;
#309 = CARTESIAN_POINT ( 'NONE',  ( 0.1423515405471012241, -0.08742073194456825846, -1.088999999999999968 ) ) ;
#310 = PRESENTATION_LAYER_ASSIGNMENT (  '', '', ( #3043 ) ) ;
#311 = DIRECTION ( 'NONE',  ( 1.000000000000000000, 0.000000000000000000, -0.000000000000000000 ) ) ;
#312 = CARTESIAN_POINT ( 'NONE',  ( 0.1262278685990616822, -0.09586293356338063121, -1.090000000000000302 ) ) ;
#313 = ORIENTED_EDGE ( 'NONE', *, *, #2832, .F. ) ;
#314 =( GEOMETRIC_REPRESENTATION_CONTEXT ( 3 ) GLOBAL_UNCERTAINTY_ASSIGNED_CONTEXT ( ( #2946 ) ) GLOBAL_UNIT_ASSIGNED_CONTEXT ( ( #3123, #1863, #689 ) ) REPRESENTATION_CONTEXT ( 'NONE', 'WORKASPACE' ) );
#315 = SURFACE_STYLE_FILL_AREA ( #1730 ) ;
#316 = CARTESIAN_POINT ( 'NONE',  ( 2.350000000000000089, 1.000000000000000000, -0.9600000000000001865 ) ) ;
#317 = LINE ( 'NONE', #325, #588 ) ;
#318 =( LENGTH_UNIT ( ) NAMED_UNIT ( * ) SI_UNIT ( .MILLI., .METRE. ) );
#319 = EDGE_LOOP ( 'NONE', ( #5067, #1527, #1664, #3521 ) ) ;
#320 = FILL_AREA_STYLE ('',( #473 ) ) ;
#321 = UNCERTAINTY_MEASURE_WITH_UNIT (LENGTH_MEASURE( 1.000000000000000082E-05 ), #1876, 'distance_accuracy_value', 'NONE');
#322 = FACE_OUTER_BOUND ( 'NONE', #634, .T. ) ;
#323 = CARTESIAN_POINT ( 'NONE',  ( 2.419999999999999929, -1.000000000000000000, -0.8900000000000001243 ) ) ;
#324 =( NAMED_UNIT ( * ) PLANE_ANGLE_UNIT ( ) SI_UNIT ( $, .RADIAN. ) );
#325 = CARTESIAN_POINT ( 'NONE',  ( -0.03306411596227474409, 0.07800798577105219622, -1.089000000000000190 ) ) ;
#326 = COLOUR_RGB ( '',0.7529411764705882248, 0.7529411764705882248, 0.7529411764705882248 ) ;
#327 = CARTESIAN_POINT ( 'NONE',  ( 0.1521341168205202765, -0.02702703610961646255, -1.089000000000000190 ) ) ;
#328 = DIRECTION ( 'NONE',  ( 0.000000000000000000, 1.000000000000000000, 0.000000000000000000 ) ) ;
#329 = CARTESIAN_POINT ( 'NONE',  ( 0.1547407620865057509, -0.002174941058216104360, -1.089000000000000190 ) ) ;
#330 = CARTESIAN_POINT ( 'NONE',  ( -0.2590205867873299206, -0.08927152050773021208, -1.088999999999999968 ) ) ;
#331 = CARTESIAN_POINT ( 'NONE',  ( 0.1529572254029813450, 0.07330910392467653025, -1.089000000000000412 ) ) ;
#332 = EDGE_LOOP ( 'NONE', ( #3925, #2125, #3062, #4770 ) ) ;
#333 = SURFACE_STYLE_USAGE ( .BOTH. , #2412 ) ;
#334 = SURFACE_STYLE_FILL_AREA ( #886 ) ;
#335 = B_SPLINE_CURVE_WITH_KNOTS ( 'NONE', 3,
 ( #4651, #92, #4248, #3797, #3812, #1278, #3018, #903, #4213, #1298, #4230 ),
 .UNSPECIFIED., .F., .F.,
 ( 4, 1, 1, 1, 1, 1, 1, 1, 4 ),
 ( 0.000000000000000000, 0.1124483899088010164, 0.2265276752126777204, 0.3444019493260284670, 0.4658649724874589504, 0.5916594493521171172, 0.7221684870248873400, 0.8586063875549265756, 1.000000000000000000 ),
 .UNSPECIFIED. ) ;
#336 = CARTESIAN_POINT ( 'NONE',  ( 0.03278954257431059699, 0.09447140040519853843, -1.090000000000000080 ) ) ;
#337 =( GEOMETRIC_REPRESENTATION_CONTEXT ( 3 ) GLOBAL_UNCERTAINTY_ASSIGNED_CONTEXT ( ( #4842 ) ) GLOBAL_UNIT_ASSIGNED_CONTEXT ( ( #4984, #858, #3716 ) ) REPRESENTATION_CONTEXT ( 'NONE', 'WORKASPACE' ) );
#338 = FACE_BOUND ( 'NONE', #4526, .T. ) ;
#339 = CIRCLE ( 'NONE', #2882, 0.2999999999999999334 ) ;
#340 = CARTESIAN_POINT ( 'NONE',  ( -0.4131327135232504277, 0.06154457113690584014, -1.090000000000000080 ) ) ;
#341 = CARTESIAN_POINT ( 'NONE',  ( -0.1794055793769089580, -0.07808957520455758750, -1.089000000000034385 ) ) ;
#342 = CARTESIAN_POINT ( 'NONE',  ( 0.2742529572084569933, 0.09995920528324733767, -1.089000000000000190 ) ) ;
#343 = MECHANICAL_DESIGN_GEOMETRIC_PRESENTATION_REPRESENTATION (  '', ( #3180 ), #2810 ) ;
#344 = DIRECTION ( 'NONE',  ( -1.000000000000000000, -0.000000000000000000, -0.000000000000000000 ) ) ;
#345 = AXIS2_PLACEMENT_3D ( 'NONE', #1662, #4050, #4914 ) ;
#346 = PRESENTATION_STYLE_ASSIGNMENT (( #2824 ) ) ;
#347 = DIRECTION ( 'NONE',  ( 0.000000000000000000, 0.000000000000000000, -1.000000000000000000 ) ) ;
#348 = UNCERTAINTY_MEASURE_WITH_UNIT (LENGTH_MEASURE( 1.000000000000000082E-05 ), #2986, 'distance_accuracy_value', 'NONE');
#349 = SURFACE_STYLE_FILL_AREA ( #3270 ) ;
#350 = EDGE_CURVE ( 'NONE', #1012, #3742, #317, .T. ) ;
#351 = VECTOR ( 'NONE', #2752, 1000.000000000000000 ) ;
#352 = DIRECTION ( 'NONE',  ( 1.000000000000000000, 0.000000000000000000, 0.000000000000000000 ) ) ;
#353 = FILL_AREA_STYLE ('',( #2910 ) ) ;
#354 =( GEOMETRIC_REPRESENTATION_CONTEXT ( 3 ) GLOBAL_UNCERTAINTY_ASSIGNED_CONTEXT ( ( #3643 ) ) GLOBAL_UNIT_ASSIGNED_CONTEXT ( ( #4107, #4512, #1311 ) ) REPRESENTATION_CONTEXT ( 'NONE', 'WORKASPACE' ) );
#355 = FACE_OUTER_BOUND ( 'NONE', #4484, .T. ) ;
#356 = CLOSED_SHELL ( 'NONE', ( #2934, #963, #1045, #184, #2026, #5185, #1225, #4225, #4515, #624, #5324, #3304, #1015, #2770, #805, #1589, #2383, #3274, #658, #4903, #3423, #2713, #3170, #400, #833, #3923, #781, #4645, #3504, #1119, #3980, #2159, #1315, #4837, #4462, #3553, #4403, #5386, #1613, #1828, #4753, #3952, #1503, #4565, #4034, #3527, #1853, #4, #1968, #724, #4172, #3453, #1450, #3584, #2351, #4808, #596, #79, #4964, #4376, #1994, #1071, #909, #1147, #2988, #2800, #3090, #2297, #5293, #239, #2050, #1096, #5238, #157, #2496, #1533, #2687, #4489, #3610, #1886, #1771, #5355, #2529, #750, #5212, #4352, #1481, #209, #2637, #4870, #5088, #3139, #370, #857, #3667, #2563, #2858, #3754, #1747, #2269, #2905, #2740, #2322 ) ) ;
#357 = CARTESIAN_POINT ( 'NONE',  ( 0.03278954257431059699, 0.09447140040519853843, -1.090000000000000080 ) ) ;
#358 = FACE_OUTER_BOUND ( 'NONE', #3057, .T. ) ;
#359 = VECTOR ( 'NONE', #4279, 1000.000000000000000 ) ;
#360 = DIRECTION ( 'NONE',  ( 1.000000000000000000, 0.000000000000000000, 0.000000000000000000 ) ) ;
#361 = CARTESIAN_POINT ( 'NONE',  ( 2.350000000000000089, -1.000000000000000000, -0.8900000000000001243 ) ) ;
#362 = EDGE_CURVE ( 'NONE', #1403, #866, #914, .T. ) ;
#363 = ORIENTED_EDGE ( 'NONE', *, *, #4846, .F. ) ;
#364 = ORIENTED_EDGE ( 'NONE', *, *, #4556, .F. ) ;
#365 =( NAMED_UNIT ( * ) SI_UNIT ( $, .STERADIAN. ) SOLID_ANGLE_UNIT ( ) );
#366 = LINE ( 'NONE', #4387, #1493 ) ;
#367 = CARTESIAN_POINT ( 'NONE',  ( -0.2865195147666112496, -0.007151472132992097233, -1.090000000000000080 ) ) ;
#368 = B_SPLINE_SURFACE_WITH_KNOTS ( 'NONE', 3, 1, ( 
 ( #5312, #648 ),
 ( #4033, #2730 ),
 ( #710, #1885 ),
 ( #220, #4882 ),
 ( #2382, #4401 ),
 ( #4816, #666 ),
 ( #1088, #4443 ),
 ( #2340, #1106 ),
 ( #2769, #3583 ),
 ( #2807, #4011 ),
 ( #3979, #272 ),
 ( #1543, #259 ),
 ( #1502, #2791 ),
 ( #4423, #1118 ),
 ( #4836, #692 ),
 ( #3602, #1938 ),
 ( #2363, #5292 ),
 ( #3124, #623 ),
 ( #749, #2438 ) ),
 .UNSPECIFIED., .F., .F., .F.,
 ( 4, 1, 1, 1, 1, 1, 1, 1, 1, 1, 1, 1, 1, 1, 1, 1, 4 ),
 ( 2, 2 ),
 ( 0.000000000000000000, 0.06460397028839230671, 0.1267024139629473467, 0.1867568140356183348, 0.2455056873654374860, 0.3036520244499754662, 0.3615030739706254770, 0.4202402229284675772, 0.4800333407766962934, 0.5406781347755160727, 0.6011918063807818458, 0.6623335024774423818, 0.7247395102972318259, 0.7894677361728866805, 0.8565048600438308624, 0.9263120958391902748, 1.000000000000000000 ),
 ( 0.000000000000000000, 1.000000000000000000 ),
 .UNSPECIFIED. ) ;
#369 = ORIENTED_EDGE ( 'NONE', *, *, #2555, .T. ) ;
#370 = ADVANCED_FACE ( 'NONE', ( #5233 ), #4581, .T. ) ;
#371 = ORIENTED_EDGE ( 'NONE', *, *, #3366, .F. ) ;
#372 = CARTESIAN_POINT ( 'NONE',  ( -2.649999999999999911, 1.000000000000000000, -0.2999999999999998779 ) ) ;
#373 = ORIENTED_EDGE ( 'NONE', *, *, #5120, .T. ) ;
#374 = LINE ( 'NONE', #2123, #976 ) ;
#375 = B_SPLINE_CURVE_WITH_KNOTS ( 'NONE', 3,
 ( #3675, #2013, #2049, #4921, #289, #1135, #3712, #790, #1581, #2458, #3265, #1186, #2033, #4963, #1205, #4145, #5409, #4983, #2474 ),
 .UNSPECIFIED., .F., .F.,
 ( 4, 1, 1, 1, 1, 1, 1, 1, 1, 1, 1, 1, 1, 1, 1, 1, 4 ),
 ( 0.000000000000000000, 0.07064371857535413357, 0.1382567155089046429, 0.2033641242175800723, 0.2663240938030566052, 0.3279047615429893092, 0.3887377151730921909, 0.4494235281093022505, 0.5108610114593156171, 0.5720793960475145656, 0.6317344287314451412, 0.6911172105788376818, 0.7503600294901705547, 0.8100329005312619790, 0.8713624508287362014, 0.9344271412311534464, 1.000000000000000000 ),
 .UNSPECIFIED. ) ;
#376 = EDGE_LOOP ( 'NONE', ( #641, #2926, #4051, #1203 ) ) ;
#377 = VERTEX_POINT ( 'NONE', #417 ) ;
#378 = AXIS2_PLACEMENT_3D ( 'NONE', #1402, #2651, #1775 ) ;
#379 = FILL_AREA_STYLE_COLOUR ( '', #2146 ) ;
#380 = VECTOR ( 'NONE', #1306, 1000.000000000000000 ) ;
#381 = CARTESIAN_POINT ( 'NONE',  ( -0.3574543598647138554, -0.1000407947167527012, -1.089000000000000190 ) ) ;
#382 = CARTESIAN_POINT ( 'NONE',  ( 0.1813851957955543992, -0.01453031304116988824, -1.089000000000000190 ) ) ;
#383 =( GEOMETRIC_REPRESENTATION_CONTEXT ( 3 ) GLOBAL_UNCERTAINTY_ASSIGNED_CONTEXT ( ( #2584 ) ) GLOBAL_UNIT_ASSIGNED_CONTEXT ( ( #3409, #5155, #3837 ) ) REPRESENTATION_CONTEXT ( 'NONE', 'WORKASPACE' ) );
#384 = CARTESIAN_POINT ( 'NONE',  ( -1.550000000000000044, 1.000000000000000000, -1.190000000000000169 ) ) ;
#385 = VECTOR ( 'NONE', #975, 1000.000000000000000 ) ;
#386 = COLOUR_RGB ( '',1.000000000000000000, 1.000000000000000000, 1.000000000000000000 ) ;
#387 = EDGE_CURVE ( 'NONE', #2911, #622, #583, .T. ) ;
#388 = CARTESIAN_POINT ( 'NONE',  ( -2.249999999999999556, -1.653068987169466597, -0.8900000000000000133 ) ) ;
#389 = EDGE_CURVE ( 'NONE', #3324, #5427, #5117, .T. ) ;
#390 =( LENGTH_UNIT ( ) NAMED_UNIT ( * ) SI_UNIT ( .MILLI., .METRE. ) );
#391 = CARTESIAN_POINT ( 'NONE',  ( -0.2969009756162170333, 0.05923406213334290321, -1.089000000000000412 ) ) ;
#392 =( GEOMETRIC_REPRESENTATION_CONTEXT ( 3 ) GLOBAL_UNCERTAINTY_ASSIGNED_CONTEXT ( ( #1965 ) ) GLOBAL_UNIT_ASSIGNED_CONTEXT ( ( #5165, #1767, #3886 ) ) REPRESENTATION_CONTEXT ( 'NONE', 'WORKASPACE' ) );
#393 = VECTOR ( 'NONE', #2532, 1000.000000000000000 ) ;
#394 = AXIS2_PLACEMENT_3D ( 'NONE', #4631, #451, #4124 ) ;
#395 =( NAMED_UNIT ( * ) SI_UNIT ( $, .STERADIAN. ) SOLID_ANGLE_UNIT ( ) );
#396 = CARTESIAN_POINT ( 'NONE',  ( 0.03844679544379627639, -0.09279751431125408956, -1.090000000000000302 ) ) ;
#397 = LINE ( 'NONE', #407, #3141 ) ;
#398 = ORIENTED_EDGE ( 'NONE', *, *, #464, .T. ) ;
#399 = DIRECTION ( 'NONE',  ( 0.000000000000000000, 0.000000000000000000, -1.000000000000000000 ) ) ;
#400 = ADVANCED_FACE ( 'NONE', ( #3732 ), #5370, .F. ) ;
#401 = FILL_AREA_STYLE_COLOUR ( '', #1962 ) ;
#402 = DIRECTION ( 'NONE',  ( 0.000000000000000000, -1.000000000000000000, -0.000000000000000000 ) ) ;
#403 = FACE_OUTER_BOUND ( 'NONE', #4167, .T. ) ;
#404 = CARTESIAN_POINT ( 'NONE',  ( -0.4169817988891040272, 0.07556896138080829162, -1.090000000000000080 ) ) ;
#405 = CARTESIAN_POINT ( 'NONE',  ( 0.2742529572084569933, -0.07808957520455758750, -1.090000000000000080 ) ) ;
#406 = AXIS2_PLACEMENT_3D ( 'NONE', #68, #3482, #3895 ) ;
#407 = CARTESIAN_POINT ( 'NONE',  ( 1.057803591027772327, -1.810000000000000719, 0.000000000000000000 ) ) ;
#408 = FACE_OUTER_BOUND ( 'NONE', #3175, .T. ) ;
#409 = CARTESIAN_POINT ( 'NONE',  ( 2.350000000000000089, 1.000000000000000000, -0.2300000000000000100 ) ) ;
#410 = CARTESIAN_POINT ( 'NONE',  ( -0.3095572302320345193, 0.03329980115789546447, -1.088999999999999968 ) ) ;
#411 = VERTEX_POINT ( 'NONE', #458 ) ;
#412 = MECHANICAL_DESIGN_GEOMETRIC_PRESENTATION_REPRESENTATION (  '', ( #304 ), #4780 ) ;
#413 = VECTOR ( 'NONE', #4009, 1000.000000000000000 ) ;
#414 = DIRECTION ( 'NONE',  ( 0.3635424856527063042, 0.9315776194850602376, 0.000000000000000000 ) ) ;
#415 =( LENGTH_UNIT ( ) NAMED_UNIT ( * ) SI_UNIT ( .MILLI., .METRE. ) );
#416 = B_SPLINE_SURFACE_WITH_KNOTS ( 'NONE', 3, 1, ( 
 ( #3061, #561 ),
 ( #3519, #2685 ),
 ( #5176, #3484 ),
 ( #595, #988 ),
 ( #3915, #156 ),
 ( #208, #1006 ),
 ( #4750, #2256 ),
 ( #679, #5323 ),
 ( #4868, #267 ),
 ( #3148, #4410 ),
 ( #3609, #5265 ),
 ( #1966, #2780 ),
 ( #3591, #1095 ),
 ( #1946, #1479 ),
 ( #2816, #2331 ),
 ( #723, #4021 ),
 ( #2739, #4002 ),
 ( #4063, #1553 ),
 ( #4431, #3573 ) ),
 .UNSPECIFIED., .F., .F., .F.,
 ( 4, 1, 1, 1, 1, 1, 1, 1, 1, 1, 1, 1, 1, 1, 1, 1, 4 ),
 ( 2, 2 ),
 ( 0.000000000000000000, 0.06806869584499403159, 0.1334274328189550551, 0.1961460338131564562, 0.2570485924493126073, 0.3168826631591618592, 0.3761872086663213821, 0.4359603353635462253, 0.4965352368627260482, 0.5574653434807329555, 0.6176868634101470024, 0.6779436406969059359, 0.7388052848060400191, 0.8009493367665837527, 0.8648146674702262837, 0.9310247810786568268, 1.000000000000000000 ),
 ( 0.000000000000000000, 1.000000000000000000 ),
 .UNSPECIFIED. ) ;
#417 = CARTESIAN_POINT ( 'NONE',  ( -2.350000000000000089, 1.000000000000000000, -1.190000000000000169 ) ) ;
#418 = CARTESIAN_POINT ( 'NONE',  ( 2.350000000000000089, 1.000000000000000000, -0.8900000000000001243 ) ) ;
#419 = CARTESIAN_POINT ( 'NONE',  ( 0.1388532901431359101, 0.05237960482710446453, -1.088999999999999968 ) ) ;
#420 =( GEOMETRIC_REPRESENTATION_CONTEXT ( 3 ) GLOBAL_UNCERTAINTY_ASSIGNED_CONTEXT ( ( #4958 ) ) GLOBAL_UNIT_ASSIGNED_CONTEXT ( ( #3002, #1719, #2939 ) ) REPRESENTATION_CONTEXT ( 'NONE', 'WORKASPACE' ) );
#421 = CARTESIAN_POINT ( 'NONE',  ( -0.2089025305964211376, 0.07800798577105219622, -1.089000000000000190 ) ) ;
#422 = CARTESIAN_POINT ( 'NONE',  ( -0.1794055793769089580, 0.07800798577105219622, -1.089000000000000190 ) ) ;
#423 = UNCERTAINTY_MEASURE_WITH_UNIT (LENGTH_MEASURE( 1.000000000000000082E-05 ), #3001, 'distance_accuracy_value', 'NONE');
#424 = VERTEX_POINT ( 'NONE', #841 ) ;
#425 =( GEOMETRIC_REPRESENTATION_CONTEXT ( 3 ) GLOBAL_UNCERTAINTY_ASSIGNED_CONTEXT ( ( #665 ) ) GLOBAL_UNIT_ASSIGNED_CONTEXT ( ( #3489, #130, #1414 ) ) REPRESENTATION_CONTEXT ( 'NONE', 'WORKASPACE' ) );
#426 = LINE ( 'NONE', #4895, #4347 ) ;
#427 = CARTESIAN_POINT ( 'NONE',  ( -1.550000000000000044, 1.000000000000000000, -1.190000000000000169 ) ) ;
#428 = DIRECTION ( 'NONE',  ( 0.000000000000000000, 0.000000000000000000, 1.000000000000000000 ) ) ;
#429 =( NAMED_UNIT ( * ) PLANE_ANGLE_UNIT ( ) SI_UNIT ( $, .RADIAN. ) );
#430 = VERTEX_POINT ( 'NONE', #5041 ) ;
#431 = EDGE_CURVE ( 'NONE', #4406, #3260, #3520, .T. ) ;
#432 = SURFACE_STYLE_FILL_AREA ( #558 ) ;
#433 = COLOUR_RGB ( '',0.7529411764705882248, 0.7529411764705882248, 0.7529411764705882248 ) ;
#434 = CARTESIAN_POINT ( 'NONE',  ( -0.1086738720598357383, 0.07800798577105219622, -1.090000000000000080 ) ) ;
#435 = CARTESIAN_POINT ( 'NONE',  ( 0.08512563165247027941, -0.1024482183449180184, -1.090000000000000080 ) ) ;
#436 = LINE ( 'NONE', #5403, #4740 ) ;
#437 = DIRECTION ( 'NONE',  ( -0.000000000000000000, -0.000000000000000000, -1.000000000000000000 ) ) ;
#438 = SURFACE_STYLE_USAGE ( .BOTH. , #1206 ) ;
#439 = EDGE_LOOP ( 'NONE', ( #186, #842, #18, #669 ) ) ;
#440 = CARTESIAN_POINT ( 'NONE',  ( 0.1127130132943462426, -0.07536802193679972839, -1.089000000000000190 ) ) ;
#441 = CARTESIAN_POINT ( 'NONE',  ( -0.2747890277182471475, 0.04824827525092707098, -1.089000000000000412 ) ) ;
#442 = PLANE ( 'NONE',  #3145 ) ;
#443 = EDGE_CURVE ( 'NONE', #4887, #3297, #4896, .T. ) ;
#444 = SURFACE_STYLE_FILL_AREA ( #5390 ) ;
#445 = ORIENTED_EDGE ( 'NONE', *, *, #568, .T. ) ;
#446 = CARTESIAN_POINT ( 'NONE',  ( -0.2544516345379532196, -0.06637733229117596945, -1.089999999999999636 ) ) ;
#447 = DIRECTION ( 'NONE',  ( 0.000000000000000000, -0.1736481776669307198, 0.9848077530122080203 ) ) ;
#448 = CARTESIAN_POINT ( 'NONE',  ( -1.498759313441822449, 1.617979918008480400, 1.089000000000000190 ) ) ;
#449 = VECTOR ( 'NONE', #1807, 1000.000000000000114 ) ;
#450 = ORIENTED_EDGE ( 'NONE', *, *, #4155, .F. ) ;
#451 = DIRECTION ( 'NONE',  ( -1.000000000000000000, 0.000000000000000000, 0.000000000000000000 ) ) ;
#452 = B_SPLINE_CURVE_WITH_KNOTS ( 'NONE', 3,
 ( #1997, #1941, #1565, #2385, #4015, #2343, #1109, #2404, #291, #4859, #5315, #1121, #274, #5296, #3622, #4056, #3214, #5278, #262 ),
 .UNSPECIFIED., .F., .F.,
 ( 4, 1, 1, 1, 1, 1, 1, 1, 1, 1, 1, 1, 1, 1, 1, 1, 4 ),
 ( 0.000000000000000000, 0.06783324845577361206, 0.1326555365079041815, 0.1950508840508279329, 0.2555829330687772738, 0.3147998341472899586, 0.3736004728263744856, 0.4325455953267435261, 0.4924306292835653465, 0.5526712559629696209, 0.6125130441881164733, 0.6726102503570065005, 0.7338383693139460817, 0.7965942385677740045, 0.8614497992905733037, 0.9291989423509054991, 1.000000000000000000 ),
 .UNSPECIFIED. ) ;
#453 = LINE ( 'NONE', #3951, #3196 ) ;
#454 = DIRECTION ( 'NONE',  ( 0.9315776194850603487, -0.3635424856527063597, 0.000000000000000000 ) ) ;
#455 = APPLICATION_PROTOCOL_DEFINITION ( 'draft international standard', 'automotive_design', 1998, #3806 ) ;
#456 = ORIENTED_EDGE ( 'NONE', *, *, #3288, .F. ) ;
#457 = PRESENTATION_LAYER_ASSIGNMENT (  '', '', ( #3251 ) ) ;
#458 = CARTESIAN_POINT ( 'NONE',  ( -2.209444794437052106, -1.000000000000000000, -0.2300000000000000100 ) ) ;
#459 = DIRECTION ( 'NONE',  ( -0.000000000000000000, -0.000000000000000000, -1.000000000000000000 ) ) ;
#460 = CARTESIAN_POINT ( 'NONE',  ( 0.1164581798768905413, 0.07184636497056641480, -1.088999999999999968 ) ) ;
#461 = MECHANICAL_DESIGN_GEOMETRIC_PRESENTATION_REPRESENTATION (  '', ( #636 ), #921 ) ;
#462 = DIRECTION ( 'NONE',  ( -1.000000000000000000, 0.000000000000000000, 0.000000000000000000 ) ) ;
#463 =( NAMED_UNIT ( * ) PLANE_ANGLE_UNIT ( ) SI_UNIT ( $, .RADIAN. ) );
#464 = EDGE_CURVE ( 'NONE', #2099, #495, #3793, .T. ) ;
#465 = VECTOR ( 'NONE', #2771, 1000.000000000000000 ) ;
#466 = DIRECTION ( 'NONE',  ( -0.000000000000000000, -0.000000000000000000, -1.000000000000000000 ) ) ;
#467 = CARTESIAN_POINT ( 'NONE',  ( 0.1189392974296098887, -0.07236084176051878203, -1.088999999999999746 ) ) ;
#468 = EDGE_CURVE ( 'NONE', #1564, #2669, #3391, .T. ) ;
#469 = CARTESIAN_POINT ( 'NONE',  ( -2.209444794437052106, 1.000000000000000000, -0.2300000000000000100 ) ) ;
#470 = CARTESIAN_POINT ( 'NONE',  ( -0.2198956458022318650, 0.09971672715042469159, -1.089000000000000190 ) ) ;
#471 = STYLED_ITEM ( 'NONE', ( #3339 ), #624 ) ;
#472 = VERTEX_POINT ( 'NONE', #5057 ) ;
#473 = FILL_AREA_STYLE_COLOUR ( '', #1793 ) ;
#474 = CARTESIAN_POINT ( 'NONE',  ( 0.1546851981164803769, -0.005099182197370351680, -1.090000000000000080 ) ) ;
#475 = ORIENTED_EDGE ( 'NONE', *, *, #1129, .F. ) ;
#476 = B_SPLINE_SURFACE_WITH_KNOTS ( 'NONE', 3, 1, ( 
 ( #2228, #2631 ),
 ( #4694, #1381 ),
 ( #3514, #2647 ),
 ( #1772, #1790 ),
 ( #5171, #2180 ),
 ( #4727, #132 ),
 ( #3035, #1420 ),
 ( #2660, #3944 ),
 ( #148, #3091 ),
 ( #119, #4333 ),
 ( #3463, #3907 ) ),
 .UNSPECIFIED., .F., .F., .F.,
 ( 4, 1, 1, 1, 1, 1, 1, 1, 4 ),
 ( 2, 2 ),
 ( 0.000000000000000000, 0.1252796967356259727, 0.2494199707420513001, 0.3733567994928199130, 0.4966812787822861286, 0.6202029157439825635, 0.7450863201614565945, 0.8712691950190978307, 1.000000000000000000 ),
 ( 0.000000000000000000, 1.000000000000000000 ),
 .UNSPECIFIED. ) ;
#477 = EDGE_CURVE ( 'NONE', #2278, #5004, #1458, .T. ) ;
#478 =( NAMED_UNIT ( * ) PLANE_ANGLE_UNIT ( ) SI_UNIT ( $, .RADIAN. ) );
#479 = FILL_AREA_STYLE ('',( #2590 ) ) ;
#480 = CARTESIAN_POINT ( 'NONE',  ( -0.2785009940182866517, 0.04196576956510817552, -1.089000000000000190 ) ) ;
#481 = CARTESIAN_POINT ( 'NONE',  ( 0.03278954257431059699, -0.06772372154602099292, -1.089000000000000190 ) ) ;
#482 = LINE ( 'NONE', #2218, #4850 ) ;
#483 = FACE_OUTER_BOUND ( 'NONE', #1275, .T. ) ;
#484 = CARTESIAN_POINT ( 'NONE',  ( -0.2708262686707254008, -0.05159687016249910052, -1.089999999999999636 ) ) ;
#485 = CARTESIAN_POINT ( 'NONE',  ( 2.050000000000000266, 1.000000000000000000, -0.2300000000000000100 ) ) ;
#486 = CARTESIAN_POINT ( 'NONE',  ( -0.4794055793769089746, -0.1000407947167527012, -1.089000000000000190 ) ) ;
#487 = DIRECTION ( 'NONE',  ( 0.000000000000000000, 0.000000000000000000, -1.000000000000000000 ) ) ;
#488 = LINE ( 'NONE', #3813, #1667 ) ;
#489 = LINE ( 'NONE', #4917, #1470 ) ;
#490 = AXIS2_PLACEMENT_3D ( 'NONE', #4774, #1463, #1488 ) ;
#491 = FILL_AREA_STYLE ('',( #104 ) ) ;
#492 = CARTESIAN_POINT ( 'NONE',  ( 0.1028207275198062681, 0.07747391449538419683, -1.089999999999999858 ) ) ;
#493 =( LENGTH_UNIT ( ) NAMED_UNIT ( * ) SI_UNIT ( .MILLI., .METRE. ) );
#494 = UNCERTAINTY_MEASURE_WITH_UNIT (LENGTH_MEASURE( 1.000000000000000082E-05 ), #5280, 'distance_accuracy_value', 'NONE');
#495 = VERTEX_POINT ( 'NONE', #4633 ) ;
#496 = DIRECTION ( 'NONE',  ( -1.000000000000000000, 0.000000000000000000, 0.000000000000000000 ) ) ;
#497 =( NAMED_UNIT ( * ) PLANE_ANGLE_UNIT ( ) SI_UNIT ( $, .RADIAN. ) );
#498 = PRESENTATION_STYLE_ASSIGNMENT (( #4841 ) ) ;
#499 = EDGE_CURVE ( 'NONE', #4406, #5023, #1116, .T. ) ;
#500 = FILL_AREA_STYLE_COLOUR ( '', #4402 ) ;
#501 = EDGE_LOOP ( 'NONE', ( #3415, #674, #1798, #4587 ) ) ;
#502 =( GEOMETRIC_REPRESENTATION_CONTEXT ( 3 ) GLOBAL_UNCERTAINTY_ASSIGNED_CONTEXT ( ( #348 ) ) GLOBAL_UNIT_ASSIGNED_CONTEXT ( ( #2986, #2116, #1357 ) ) REPRESENTATION_CONTEXT ( 'NONE', 'WORKASPACE' ) );
#503 =( NAMED_UNIT ( * ) PLANE_ANGLE_UNIT ( ) SI_UNIT ( $, .RADIAN. ) );
#504 = CARTESIAN_POINT ( 'NONE',  ( -0.4134349983092119873, 0.06245614673825827801, -1.089000000000000412 ) ) ;
#505 = PRESENTATION_STYLE_ASSIGNMENT (( #3919 ) ) ;
#506 = CARTESIAN_POINT ( 'NONE',  ( -0.4185028331339259444, 0.06730785225967944596, -1.088999999999999746 ) ) ;
#507 =( NAMED_UNIT ( * ) SI_UNIT ( $, .STERADIAN. ) SOLID_ANGLE_UNIT ( ) );
#508 = SURFACE_STYLE_FILL_AREA ( #4432 ) ;
#509 = LINE ( 'NONE', #2732, #4622 ) ;
#510 =( NAMED_UNIT ( * ) PLANE_ANGLE_UNIT ( ) SI_UNIT ( $, .RADIAN. ) );
#511 = CARTESIAN_POINT ( 'NONE',  ( 0.09173663420452757289, -0.08033238286633657965, -1.090000000000000080 ) ) ;
#512 = SURFACE_STYLE_USAGE ( .BOTH. , #3435 ) ;
#513 = ORIENTED_EDGE ( 'NONE', *, *, #3625, .T. ) ;
#514 = CARTESIAN_POINT ( 'NONE',  ( -0.4306250915720308825, 0.09995920528324733767, -1.089000000000000190 ) ) ;
#515 = PRESENTATION_STYLE_ASSIGNMENT (( #3936 ) ) ;
#516 = DIRECTION ( 'NONE',  ( -0.000000000000000000, -1.000000000000000000, -0.000000000000000000 ) ) ;
#517 = VERTEX_POINT ( 'NONE', #514 ) ;
#518 = DIRECTION ( 'NONE',  ( -0.3363908276654490881, 0.9417224702971432881, 0.000000000000000000 ) ) ;
#519 =( GEOMETRIC_REPRESENTATION_CONTEXT ( 3 ) GLOBAL_UNCERTAINTY_ASSIGNED_CONTEXT ( ( #62 ) ) GLOBAL_UNIT_ASSIGNED_CONTEXT ( ( #4653, #503, #3067 ) ) REPRESENTATION_CONTEXT ( 'NONE', 'WORKASPACE' ) );
#520 = ORIENTED_EDGE ( 'NONE', *, *, #568, .F. ) ;
#521 =( NAMED_UNIT ( * ) SI_UNIT ( $, .STERADIAN. ) SOLID_ANGLE_UNIT ( ) );
#522 = ORIENTED_EDGE ( 'NONE', *, *, #5036, .T. ) ;
#523 = SURFACE_SIDE_STYLE ('',( #5109 ) ) ;
#524 = ORIENTED_EDGE ( 'NONE', *, *, #3574, .T. ) ;
#525 =( LENGTH_UNIT ( ) NAMED_UNIT ( * ) SI_UNIT ( .MILLI., .METRE. ) );
#526 = STYLED_ITEM ( 'NONE', ( #2490 ), #1968 ) ;
#527 = SURFACE_STYLE_USAGE ( .BOTH. , #3413 ) ;
#528 =( LENGTH_UNIT ( ) NAMED_UNIT ( * ) SI_UNIT ( .MILLI., .METRE. ) );
#529 = DIRECTION ( 'NONE',  ( 1.000000000000000000, 0.000000000000000000, 0.000000000000000000 ) ) ;
#530 = LINE ( 'NONE', #1153, #2630 ) ;
#531 = MECHANICAL_DESIGN_GEOMETRIC_PRESENTATION_REPRESENTATION (  '', ( #4000 ), #314 ) ;
#532 = LINE ( 'NONE', #4049, #4140 ) ;
#533 =( NAMED_UNIT ( * ) SI_UNIT ( $, .STERADIAN. ) SOLID_ANGLE_UNIT ( ) );
#534 = STYLED_ITEM ( 'NONE', ( #4673 ), #2800 ) ;
#535 = CARTESIAN_POINT ( 'NONE',  ( -0.2331459639254722382, 0.07548066446245031702, -1.089000000000000634 ) ) ;
#536 = SURFACE_SIDE_STYLE ('',( #2562 ) ) ;
#537 = EDGE_CURVE ( 'NONE', #1400, #4298, #2489, .T. ) ;
#538 = ORIENTED_EDGE ( 'NONE', *, *, #3651, .T. ) ;
#539 = ORIENTED_EDGE ( 'NONE', *, *, #3443, .F. ) ;
#540 = SURFACE_STYLE_USAGE ( .BOTH. , #4743 ) ;
#541 = FILL_AREA_STYLE_COLOUR ( '', #3654 ) ;
#542 = EDGE_LOOP ( 'NONE', ( #860, #3705, #3885, #2896 ) ) ;
#543 = DIRECTION ( 'NONE',  ( 0.000000000000000000, 1.000000000000000000, 0.000000000000000000 ) ) ;
#544 = VECTOR ( 'NONE', #2652, 1000.000000000000000 ) ;
#545 = CARTESIAN_POINT ( 'NONE',  ( -0.4591692988891040716, -0.04394323374114293690, -1.089000000000000190 ) ) ;
#546 = EDGE_CURVE ( 'NONE', #2203, #4678, #1044, .T. ) ;
#547 = VECTOR ( 'NONE', #2843, 1000.000000000000000 ) ;
#548 =( LENGTH_UNIT ( ) NAMED_UNIT ( * ) SI_UNIT ( .MILLI., .METRE. ) );
#549 = DIRECTION ( 'NONE',  ( -0.000000000000000000, -0.000000000000000000, -1.000000000000000000 ) ) ;
#550 = PLANE ( 'NONE',  #4418 ) ;
#551 =( LENGTH_UNIT ( ) NAMED_UNIT ( * ) SI_UNIT ( .MILLI., .METRE. ) );
#552 = ORIENTED_EDGE ( 'NONE', *, *, #2140, .T. ) ;
#553 = COLOUR_RGB ( '',0.7529411764705882248, 0.7529411764705882248, 0.7529411764705882248 ) ;
#554 = DIRECTION ( 'NONE',  ( 0.000000000000000000, 1.000000000000000000, 0.000000000000000000 ) ) ;
#555 = SURFACE_STYLE_FILL_AREA ( #1048 ) ;
#556 = SURFACE_STYLE_USAGE ( .BOTH. , #911 ) ;
#557 = SURFACE_STYLE_FILL_AREA ( #320 ) ;
#558 = FILL_AREA_STYLE ('',( #4270 ) ) ;
#559 = VECTOR ( 'NONE', #2718, 1000.000000000000114 ) ;
#560 = MECHANICAL_DESIGN_GEOMETRIC_PRESENTATION_REPRESENTATION (  '', ( #2129 ), #947 ) ;
#561 = CARTESIAN_POINT ( 'NONE',  ( -0.3135519208403236280, 0.002474449185686330988, -1.089999999999999636 ) ) ;
#562 = ORIENTED_EDGE ( 'NONE', *, *, #5164, .F. ) ;
#563 =( GEOMETRIC_REPRESENTATION_CONTEXT ( 3 ) GLOBAL_UNCERTAINTY_ASSIGNED_CONTEXT ( ( #2005 ) ) GLOBAL_UNIT_ASSIGNED_CONTEXT ( ( #3464, #4696, #2182 ) ) REPRESENTATION_CONTEXT ( 'NONE', 'WORKASPACE' ) );
#564 = VECTOR ( 'NONE', #4758, 1000.000000000000000 ) ;
#565 = FILL_AREA_STYLE ('',( #4811 ) ) ;
#566 = EDGE_CURVE ( 'NONE', #3023, #982, #1050, .T. ) ;
#567 = DIRECTION ( 'NONE',  ( 0.000000000000000000, -1.000000000000000000, 0.000000000000000000 ) ) ;
#568 = EDGE_CURVE ( 'NONE', #1318, #4685, #4971, .T. ) ;
#569 = COLOUR_RGB ( '',0.7529411764705882248, 0.7529411764705882248, 0.7529411764705882248 ) ;
#570 = ORIENTED_EDGE ( 'NONE', *, *, #4762, .T. ) ;
#571 = PRESENTATION_STYLE_ASSIGNMENT (( #2009 ) ) ;
#572 = DIRECTION ( 'NONE',  ( -1.000000000000000000, 0.000000000000000000, 0.000000000000000000 ) ) ;
#573 = FILL_AREA_STYLE_COLOUR ( '', #2095 ) ;
#574 = AXIS2_PLACEMENT_3D ( 'NONE', #1197, #2861, #4139 ) ;
#575 = CARTESIAN_POINT ( 'NONE',  ( -0.4172591380895828705, 0.07403148658660956005, -1.090000000000000080 ) ) ;
#576 = LINE ( 'NONE', #1889, #175 ) ;
#577 = ORIENTED_EDGE ( 'NONE', *, *, #1103, .F. ) ;
#578 = SURFACE_SIDE_STYLE ('',( #1778 ) ) ;
#579 = LINE ( 'NONE', #5052, #2677 ) ;
#580 = CARTESIAN_POINT ( 'NONE',  ( -2.419999999999999929, -1.000000000000000000, -0.8900000000000001243 ) ) ;
#581 = VERTEX_POINT ( 'NONE', #4683 ) ;
#582 = CARTESIAN_POINT ( 'NONE',  ( 0.07985509135479844367, 0.1023982296734912284, -1.089000000000000190 ) ) ;
#583 = LINE ( 'NONE', #3341, #1958 ) ;
#584 = VECTOR ( 'NONE', #459, 1000.000000000000000 ) ;
#585 = PLANE ( 'NONE',  #2210 ) ;
#586 = SURFACE_SIDE_STYLE ('',( #3036 ) ) ;
#587 = CARTESIAN_POINT ( 'NONE',  ( -0.4037958232793479874, 0.09995920528324733767, -1.089000000000000190 ) ) ;
#588 = VECTOR ( 'NONE', #731, 1000.000000000000000 ) ;
#589 =( NAMED_UNIT ( * ) PLANE_ANGLE_UNIT ( ) SI_UNIT ( $, .RADIAN. ) );
#590 = MECHANICAL_DESIGN_GEOMETRIC_PRESENTATION_REPRESENTATION (  '', ( #984 ), #3962 ) ;
#591 = UNCERTAINTY_MEASURE_WITH_UNIT (LENGTH_MEASURE( 1.000000000000000082E-05 ), #4223, 'distance_accuracy_value', 'NONE');
#592 = CARTESIAN_POINT ( 'NONE',  ( -0.2761365894953509703, -0.07867929292331969637, -1.090000000000000302 ) ) ;
#593 = CARTESIAN_POINT ( 'NONE',  ( 0.06633013766670067812, 0.1019409389202750454, -1.090000000000000302 ) ) ;
#594 = STYLED_ITEM ( 'NONE', ( #2566 ), #1828 ) ;
#595 = CARTESIAN_POINT ( 'NONE',  ( -0.3118656605539817384, -0.01951414958969135277, -1.089000000000000412 ) ) ;
#596 = ADVANCED_FACE ( 'NONE', ( #3267 ), #953, .T. ) ;
#597 = PRESENTATION_LAYER_ASSIGNMENT (  '', '', ( #890 ) ) ;
#598 = ORIENTED_EDGE ( 'NONE', *, *, #3651, .F. ) ;
#599 = CARTESIAN_POINT ( 'NONE',  ( 2.093068987169465878, 1.809999999999999387, -0.8900000000000000133 ) ) ;
#600 = AXIS2_PLACEMENT_3D ( 'NONE', #45, #4262, #518 ) ;
#601 = VERTEX_POINT ( 'NONE', #3827 ) ;
#602 = DIRECTION ( 'NONE',  ( -0.1710878697460358477, 0.1710878697460358477, 0.9702875252478136980 ) ) ;
#603 = SURFACE_STYLE_FILL_AREA ( #5194 ) ;
#604 = DIRECTION ( 'NONE',  ( 0.000000000000000000, 0.000000000000000000, -1.000000000000000000 ) ) ;
#605 = CARTESIAN_POINT ( 'NONE',  ( 0.1815700303791886738, -0.003813660570411222129, -1.090000000000000080 ) ) ;
#606 = VERTEX_POINT ( 'NONE', #1782 ) ;
#607 = CARTESIAN_POINT ( 'NONE',  ( -0.4169817988891040272, 0.07556896138080829162, -1.089000000000000190 ) ) ;
#608 = LINE ( 'NONE', #929, #3422 ) ;
#609 = DIRECTION ( 'NONE',  ( 0.3390537954853694580, 0.9407669869669987861, 0.000000000000000000 ) ) ;
#610 =( NAMED_UNIT ( * ) PLANE_ANGLE_UNIT ( ) SI_UNIT ( $, .RADIAN. ) );
#611 = EDGE_LOOP ( 'NONE', ( #2437, #456, #294, #2455 ) ) ;
#612 = SURFACE_STYLE_USAGE ( .BOTH. , #3985 ) ;
#613 = FILL_AREA_STYLE_COLOUR ( '', #1170 ) ;
#614 = COLOUR_RGB ( '',0.7529411764705882248, 0.7529411764705882248, 0.7529411764705882248 ) ;
#615 = MECHANICAL_DESIGN_GEOMETRIC_PRESENTATION_REPRESENTATION (  '', ( #1737 ), #229 ) ;
#616 = CARTESIAN_POINT ( 'NONE',  ( 0.1815700303791886738, -0.003813660570411222129, -1.089000000000000190 ) ) ;
#617 = VERTEX_POINT ( 'NONE', #127 ) ;
#618 = CARTESIAN_POINT ( 'NONE',  ( 0.03844679544379627639, -0.09279751431125408956, -1.090000000000000302 ) ) ;
#619 = LINE ( 'NONE', #4066, #3964 ) ;
#620 = CARTESIAN_POINT ( 'NONE',  ( -0.2708262686707254008, -0.05159687016249910052, -1.088999999999999968 ) ) ;
#621 = CIRCLE ( 'NONE', #1555, 0.2999999999999999334 ) ;
#622 = VERTEX_POINT ( 'NONE', #72 ) ;
#623 = CARTESIAN_POINT ( 'NONE',  ( 0.1546714991906167902, 0.0009142771303475648965, -1.090000000000000080 ) ) ;
#624 = ADVANCED_FACE ( 'NONE', ( #5244 ), #1766, .T. ) ;
#625 = CARTESIAN_POINT ( 'NONE',  ( -0.3095572302320345193, 0.03329980115789546447, -1.088999999999999968 ) ) ;
#626 = LINE ( 'NONE', #1548, #3840 ) ;
#627 = CARTESIAN_POINT ( 'NONE',  ( -2.350000000000000089, 1.000000000000000000, -0.9600000000000001865 ) ) ;
#628 =( GEOMETRIC_REPRESENTATION_CONTEXT ( 3 ) GLOBAL_UNCERTAINTY_ASSIGNED_CONTEXT ( ( #2166 ) ) GLOBAL_UNIT_ASSIGNED_CONTEXT ( ( #2051, #1641, #10 ) ) REPRESENTATION_CONTEXT ( 'NONE', 'WORKASPACE' ) );
#629 = PLANE ( 'NONE',  #1821 ) ;
#630 = CARTESIAN_POINT ( 'NONE',  ( -0.1794055793769089580, -0.07808957520455758750, -1.090000000000000080 ) ) ;
#631 = UNCERTAINTY_MEASURE_WITH_UNIT (LENGTH_MEASURE( 1.000000000000000082E-05 ), #4800, 'distance_accuracy_value', 'NONE');
#632 = FACE_OUTER_BOUND ( 'NONE', #227, .T. ) ;
#633 = DIRECTION ( 'NONE',  ( 0.000000000000000000, 1.000000000000000000, 2.202967291916965395E-13 ) ) ;
#634 = EDGE_LOOP ( 'NONE', ( #5258, #840, #4536, #3657 ) ) ;
#635 = CARTESIAN_POINT ( 'NONE',  ( -1.083775276098227103, -1.617979918008481954, 1.089000000000000190 ) ) ;
#636 = STYLED_ITEM ( 'NONE', ( #5149 ), #2905 ) ;
#637 = VECTOR ( 'NONE', #1854, 1000.000000000000000 ) ;
#638 =( NAMED_UNIT ( * ) SI_UNIT ( $, .STERADIAN. ) SOLID_ANGLE_UNIT ( ) );
#639 = FACE_OUTER_BOUND ( 'NONE', #2749, .T. ) ;
#640 = CARTESIAN_POINT ( 'NONE',  ( -0.2593352954572555324, 0.08980349748511862185, -1.090000000000000080 ) ) ;
#641 = ORIENTED_EDGE ( 'NONE', *, *, #1969, .F. ) ;
#642 = EDGE_CURVE ( 'NONE', #3662, #269, #2626, .T. ) ;
#643 = CARTESIAN_POINT ( 'NONE',  ( -0.2751307418436506058, -0.04552210149087498187, -1.089000000000000190 ) ) ;
#644 = FILL_AREA_STYLE_COLOUR ( '', #4278 ) ;
#645 = ORIENTED_EDGE ( 'NONE', *, *, #3474, .T. ) ;
#646 = COLOUR_RGB ( '',0.2509803921568627416, 0.2509803921568627416, 0.2509803921568627416 ) ;
#647 = VECTOR ( 'NONE', #2571, 1000.000000000000000 ) ;
#648 = CARTESIAN_POINT ( 'NONE',  ( 0.07962643281821303598, 0.08044701016129608695, -1.090000000000000080 ) ) ;
#649 = FILL_AREA_STYLE ('',( #4035 ) ) ;
#650 = ORIENTED_EDGE ( 'NONE', *, *, #2316, .F. ) ;
#651 = STYLED_ITEM ( 'NONE', ( #676 ), #1225 ) ;
#652 = COLOUR_RGB ( '',0.7529411764705882248, 0.7529411764705882248, 0.7529411764705882248 ) ;
#653 = DIRECTION ( 'NONE',  ( -1.000000000000000000, 0.000000000000000000, 0.000000000000000000 ) ) ;
#654 = FILL_AREA_STYLE ('',( #3143 ) ) ;
#655 = VECTOR ( 'NONE', #4081, 1000.000000000000000 ) ;
#656 = ORIENTED_EDGE ( 'NONE', *, *, #2888, .F. ) ;
#657 = EDGE_CURVE ( 'NONE', #4555, #93, #3929, .T. ) ;
#658 = ADVANCED_FACE ( 'NONE', ( #1759 ), #1317, .T. ) ;
#659 = DIRECTION ( 'NONE',  ( -1.000000000000000000, 0.000000000000000000, 0.000000000000000000 ) ) ;
#660 = VERTEX_POINT ( 'NONE', #1393 ) ;
#661 = CARTESIAN_POINT ( 'NONE',  ( -0.2969009756162170333, 0.05923406213334290321, -1.090000000000000302 ) ) ;
#662 = LINE ( 'NONE', #3212, #4702 ) ;
#663 = CARTESIAN_POINT ( 'NONE',  ( -0.2166896476927851478, -0.07789735431927559406, -1.089000000000000412 ) ) ;
#664 = CARTESIAN_POINT ( 'NONE',  ( 0.07752971923003421084, 0.1023815607863695215, -1.090000000000000080 ) ) ;
#665 = UNCERTAINTY_MEASURE_WITH_UNIT (LENGTH_MEASURE( 1.000000000000000082E-05 ), #3489, 'distance_accuracy_value', 'NONE');
#666 = CARTESIAN_POINT ( 'NONE',  ( 0.1098376937835306572, 0.07501717103960543753, -1.090000000000000524 ) ) ;
#667 = DIRECTION ( 'NONE',  ( -0.1710878697460358477, 0.1710878697460358477, -0.9702875252478136980 ) ) ;
#668 = CARTESIAN_POINT ( 'NONE',  ( 0.1717969299867774247, -0.05268801876074576118, -1.088999999999999968 ) ) ;
#669 = ORIENTED_EDGE ( 'NONE', *, *, #1689, .T. ) ;
#670 =( GEOMETRIC_REPRESENTATION_CONTEXT ( 3 ) GLOBAL_UNCERTAINTY_ASSIGNED_CONTEXT ( ( #4881 ) ) GLOBAL_UNIT_ASSIGNED_CONTEXT ( ( #850, #2530, #3802 ) ) REPRESENTATION_CONTEXT ( 'NONE', 'WORKASPACE' ) );
#671 = CARTESIAN_POINT ( 'NONE',  ( -0.2107870764312471112, -0.09997153364152160104, -1.090000000000000080 ) ) ;
#672 =( NAMED_UNIT ( * ) SI_UNIT ( $, .STERADIAN. ) SOLID_ANGLE_UNIT ( ) );
#673 = EDGE_LOOP ( 'NONE', ( #701, #3207, #247, #952 ) ) ;
#674 = ORIENTED_EDGE ( 'NONE', *, *, #5235, .F. ) ;
#675 = STYLED_ITEM ( 'NONE', ( #5362 ), #2496 ) ;
#676 = PRESENTATION_STYLE_ASSIGNMENT (( #1675 ) ) ;
#677 = ORIENTED_EDGE ( 'NONE', *, *, #2173, .F. ) ;
#678 = COLOUR_RGB ( '',1.000000000000000000, 1.000000000000000000, 1.000000000000000000 ) ;
#679 = CARTESIAN_POINT ( 'NONE',  ( -0.2969089398104839406, -0.05698056362044875978, -1.088999999999999746 ) ) ;
#680 = CARTESIAN_POINT ( 'NONE',  ( -0.1086738720598357383, 0.07800798577105219622, -1.089000000000000190 ) ) ;
#681 = EDGE_LOOP ( 'NONE', ( #4818, #3949, #3429, #5349 ) ) ;
#682 = EDGE_CURVE ( 'NONE', #2209, #3805, #1258, .T. ) ;
#683 = EDGE_CURVE ( 'NONE', #1498, #517, #3660, .T. ) ;
#684 = CARTESIAN_POINT ( 'NONE',  ( 0.1799574300910129487, 0.01882810364069225501, -1.089999999999999414 ) ) ;
#685 = FACE_BOUND ( 'NONE', #4920, .T. ) ;
#686 = COLOUR_RGB ( '',0.7529411764705882248, 0.7529411764705882248, 0.7529411764705882248 ) ;
#687 = CARTESIAN_POINT ( 'NONE',  ( -0.3021101876839502043, 0.05118028121275395442, -1.089999999999999858 ) ) ;
#688 = STYLED_ITEM ( 'NONE', ( #1784 ), #3527 ) ;
#689 =( NAMED_UNIT ( * ) SI_UNIT ( $, .STERADIAN. ) SOLID_ANGLE_UNIT ( ) );
#690 = MECHANICAL_DESIGN_GEOMETRIC_PRESENTATION_REPRESENTATION (  '', ( #2927 ), #2247 ) ;
#691 = VECTOR ( 'NONE', #3262, 1000.000000000000000 ) ;
#692 = CARTESIAN_POINT ( 'NONE',  ( 0.1519466916880643503, 0.02401703585502484514, -1.090000000000000302 ) ) ;
#693 = CARTESIAN_POINT ( 'NONE',  ( -0.03306411596227474409, -0.07808957520455758750, -1.089000000000000190 ) ) ;
#694 = VERTEX_POINT ( 'NONE', #1009 ) ;
#695 = DIRECTION ( 'NONE',  ( 0.000000000000000000, 1.000000000000000000, 0.000000000000000000 ) ) ;
#696 = SURFACE_SIDE_STYLE ('',( #3171 ) ) ;
#697 = SURFACE_STYLE_FILL_AREA ( #4134 ) ;
#698 = AXIS2_PLACEMENT_3D ( 'NONE', #2668, #3147, #5228 ) ;
#699 = CARTESIAN_POINT ( 'NONE',  ( -0.2597668596538284524, 0.06346528644155166599, -1.089000000000000190 ) ) ;
#700 = CARTESIAN_POINT ( 'NONE',  ( -0.2252569590016856305, -0.07688819399668823940, -1.090000000000000080 ) ) ;
#701 = ORIENTED_EDGE ( 'NONE', *, *, #2743, .F. ) ;
#702 = CARTESIAN_POINT ( 'NONE',  ( -1.057803591027772327, 1.617803591027771937, -1.090000000000000080 ) ) ;
#703 = LINE ( 'NONE', #3094, #100 ) ;
#704 = LINE ( 'NONE', #5358, #2317 ) ;
#705 = CARTESIAN_POINT ( 'NONE',  ( 0.08346732674874120239, 0.1023141846708005703, -1.089999999999999192 ) ) ;
#706 = SURFACE_STYLE_USAGE ( .BOTH. , #5327 ) ;
#707 = DIRECTION ( 'NONE',  ( -1.000000000000000000, 0.000000000000000000, 2.011111420667069011E-16 ) ) ;
#708 = SURFACE_STYLE_USAGE ( .BOTH. , #4853 ) ;
#709 = ORIENTED_EDGE ( 'NONE', *, *, #1671, .T. ) ;
#710 = CARTESIAN_POINT ( 'NONE',  ( 0.08765095334115120818, 0.08027446827892720238, -1.089000000000000190 ) ) ;
#711 = SURFACE_STYLE_USAGE ( .BOTH. , #1563 ) ;
#712 = CARTESIAN_POINT ( 'NONE',  ( 0.09129184268948895009, -0.1024023876900263669, -1.089000000000000190 ) ) ;
#713 = AXIS2_PLACEMENT_3D ( 'NONE', #733, #3637, #3676 ) ;
#714 = LINE ( 'NONE', #3554, #2867 ) ;
#715 = LINE ( 'NONE', #2881, #1222 ) ;
#716 = CARTESIAN_POINT ( 'NONE',  ( -2.350000000000000089, 1.000000000000000000, -0.8900000000000001243 ) ) ;
#717 = CARTESIAN_POINT ( 'NONE',  ( 0.1753767342866993095, -0.04395897382328493169, -1.090000000000000080 ) ) ;
#718 = ORIENTED_EDGE ( 'NONE', *, *, #3154, .T. ) ;
#719 = EDGE_LOOP ( 'NONE', ( #1389, #3645, #2379, #98 ) ) ;
#720 = PRESENTATION_LAYER_ASSIGNMENT (  '', '', ( #3718 ) ) ;
#721 =( LENGTH_UNIT ( ) NAMED_UNIT ( * ) SI_UNIT ( .MILLI., .METRE. ) );
#722 = VECTOR ( 'NONE', #4255, 1000.000000000000000 ) ;
#723 = CARTESIAN_POINT ( 'NONE',  ( -0.2292615112335773808, -0.09844010433421490625, -1.089000000000000412 ) ) ;
#724 = ADVANCED_FACE ( 'NONE', ( #1164, #4364 ), #5197, .F. ) ;
#725 = DIRECTION ( 'NONE',  ( 0.000000000000000000, -1.000000000000000000, 0.000000000000000000 ) ) ;
#726 = ORIENTED_EDGE ( 'NONE', *, *, #4872, .F. ) ;
#727 = CARTESIAN_POINT ( 'NONE',  ( 2.144038765789265000, -1.704038765789263943, 0.6009360211636013416 ) ) ;
#728 = PLANE ( 'NONE',  #3328 ) ;
#729 = CARTESIAN_POINT ( 'NONE',  ( 0.04276200868457604581, 0.09799880524600229625, -1.089000000000000190 ) ) ;
#730 = ORIENTED_EDGE ( 'NONE', *, *, #2506, .F. ) ;
#731 = DIRECTION ( 'NONE',  ( -0.000000000000000000, -0.000000000000000000, -1.000000000000000000 ) ) ;
#732 = VECTOR ( 'NONE', #1405, 1000.000000000000000 ) ;
#733 = CARTESIAN_POINT ( 'NONE',  ( 0.000000000000000000, 0.000000000000000000, -1.090000000000000080 ) ) ;
#734 = AXIS2_PLACEMENT_3D ( 'NONE', #316, #2393, #2330 ) ;
#735 = CARTESIAN_POINT ( 'NONE',  ( 0.08782003037918867383, -0.1024798191069966058, -1.089000000000000190 ) ) ;
#736 = CARTESIAN_POINT ( 'NONE',  ( 0.1986432011108960061, -0.07808957520455758750, -1.089000000000000190 ) ) ;
#737 = CARTESIAN_POINT ( 'NONE',  ( -0.2331459639254722382, 0.07548066446245031702, -1.090000000000000524 ) ) ;
#738 = LINE ( 'NONE', #4112, #2030 ) ;
#739 = EDGE_CURVE ( 'NONE', #1762, #660, #1609, .T. ) ;
#740 = CARTESIAN_POINT ( 'NONE',  ( -0.2117503858377091375, 0.07794938693723331424, -1.090000000000000302 ) ) ;
#741 = SURFACE_STYLE_USAGE ( .BOTH. , #2837 ) ;
#742 = UNCERTAINTY_MEASURE_WITH_UNIT (LENGTH_MEASURE( 1.000000000000000082E-05 ), #987, 'distance_accuracy_value', 'NONE');
#743 = CARTESIAN_POINT ( 'NONE',  ( 0.2742529572084569933, -0.07808957520455758750, -1.089000000000000190 ) ) ;
#744 = PRODUCT ( 'SMB_L4.5-W3.6-LS5.3-RD', 'SMB_L4.5-W3.6-LS5.3-RD', '', ( #2586 ) ) ;
#745 = EDGE_LOOP ( 'NONE', ( #3883, #1098, #4339, #313, #2230, #1383 ) ) ;
#746 = DIRECTION ( 'NONE',  ( -0.000000000000000000, 0.000000000000000000, 1.000000000000000000 ) ) ;
#747 = CARTESIAN_POINT ( 'NONE',  ( 0.05393243197297852703, 0.1004648728294579157, -1.090000000000000080 ) ) ;
#748 = ORIENTED_EDGE ( 'NONE', *, *, #5343, .T. ) ;
#749 = CARTESIAN_POINT ( 'NONE',  ( 0.1547407620865057509, -0.002174941058216104360, -1.089000000000000190 ) ) ;
#750 = ADVANCED_FACE ( 'NONE', ( #4042 ), #3878, .T. ) ;
#751 = CARTESIAN_POINT ( 'NONE',  ( -0.3765473476695918587, -0.04394323374114293690, -1.089000000000000190 ) ) ;
#752 = VERTEX_POINT ( 'NONE', #2671 ) ;
#753 = CARTESIAN_POINT ( 'NONE',  ( 0.1423515405471012241, -0.08742073194456825846, -1.089999999999999858 ) ) ;
#754 = MECHANICAL_DESIGN_GEOMETRIC_PRESENTATION_REPRESENTATION (  '', ( #9 ), #3750 ) ;
#755 = VECTOR ( 'NONE', #171, 1000.000000000000000 ) ;
#756 = FILL_AREA_STYLE ('',( #3623 ) ) ;
#757 = CARTESIAN_POINT ( 'NONE',  ( 0.1423515405471012241, -0.08742073194456825846, -1.089999999999999858 ) ) ;
#758 = ORIENTED_EDGE ( 'NONE', *, *, #4226, .T. ) ;
#759 =( GEOMETRIC_REPRESENTATION_CONTEXT ( 3 ) GLOBAL_UNCERTAINTY_ASSIGNED_CONTEXT ( ( #4539 ) ) GLOBAL_UNIT_ASSIGNED_CONTEXT ( ( #2191, #2654, #992 ) ) REPRESENTATION_CONTEXT ( 'NONE', 'WORKASPACE' ) );
#760 = CARTESIAN_POINT ( 'NONE',  ( -0.2785009940182866517, 0.04196576956510817552, -1.089000000000000190 ) ) ;
#761 = COLOUR_RGB ( '',0.2509803921568627416, 0.2509803921568627416, 0.2509803921568627416 ) ;
#762 = CARTESIAN_POINT ( 'NONE',  ( -0.2839315456838547025, -0.02404943250316714937, -1.089999999999999858 ) ) ;
#763 = CARTESIAN_POINT ( 'NONE',  ( 0.1745521215424602202, 0.03935308126762003533, -1.089000000000000412 ) ) ;
#764 = EDGE_CURVE ( 'NONE', #1400, #5024, #4987, .T. ) ;
#765 = EDGE_CURVE ( 'NONE', #1472, #2995, #3014, .T. ) ;
#766 = DIRECTION ( 'NONE',  ( -0.000000000000000000, -0.000000000000000000, -1.000000000000000000 ) ) ;
#767 = ORIENTED_EDGE ( 'NONE', *, *, #4556, .T. ) ;
#768 = CYLINDRICAL_SURFACE ( 'NONE', #2003, 0.2999999999999999334 ) ;
#769 = SURFACE_STYLE_FILL_AREA ( #756 ) ;
#770 = CARTESIAN_POINT ( 'NONE',  ( -2.249999999999999556, 1.617979918008480400, 1.089000000000000190 ) ) ;
#771 = DIRECTION ( 'NONE',  ( -1.000000000000000000, 0.000000000000000000, 0.000000000000000000 ) ) ;
#772 = CARTESIAN_POINT ( 'NONE',  ( 0.1521341168205202765, -0.02702703610961646255, -1.089999999999999858 ) ) ;
#773 = CARTESIAN_POINT ( 'NONE',  ( 0.1986432011108960061, -0.07808957520455758750, -1.089000000000000190 ) ) ;
#774 = EDGE_CURVE ( 'NONE', #2488, #1728, #532, .T. ) ;
#775 = ORIENTED_EDGE ( 'NONE', *, *, #178, .F. ) ;
#776 = LINE ( 'NONE', #4483, #3628 ) ;
#777 = CIRCLE ( 'NONE', #345, 0.06999999999999975686 ) ;
#778 = DIRECTION ( 'NONE',  ( 0.1736481776669307198, 0.000000000000000000, -0.9848077530122080203 ) ) ;
#779 = UNCERTAINTY_MEASURE_WITH_UNIT (LENGTH_MEASURE( 1.000000000000000082E-05 ), #3064, 'distance_accuracy_value', 'NONE');
#780 =( NAMED_UNIT ( * ) SI_UNIT ( $, .STERADIAN. ) SOLID_ANGLE_UNIT ( ) );
#781 = ADVANCED_FACE ( 'NONE', ( #5122 ), #1115, .F. ) ;
#782 = DIRECTION ( 'NONE',  ( 0.000000000000000000, -1.000000000000000000, 0.000000000000000000 ) ) ;
#783 = CARTESIAN_POINT ( 'NONE',  ( -0.1135519208403235752, -0.07808957520455758750, -1.089000000000000190 ) ) ;
#784 = B_SPLINE_CURVE_WITH_KNOTS ( 'NONE', 3,
 ( #246, #4449, #1984, #2390, #1942, #312, #5299, #757, #5318, #3201, #4504, #2000, #4926, #717, #4058, #1670, #1230, #4152, #4115 ),
 .UNSPECIFIED., .F., .F.,
 ( 4, 1, 1, 1, 1, 1, 1, 1, 1, 1, 1, 1, 1, 1, 1, 1, 4 ),
 ( 0.000000000000000000, 0.06783324845577361206, 0.1326555365079041815, 0.1950508840508279329, 0.2555829330687772738, 0.3147998341472899586, 0.3736004728263744856, 0.4325455953267435261, 0.4924306292835653465, 0.5526712559629696209, 0.6125130441881164733, 0.6726102503570065005, 0.7338383693139460817, 0.7965942385677740045, 0.8614497992905733037, 0.9291989423509054991, 1.000000000000000000 ),
 .UNSPECIFIED. ) ;
#785 = DIRECTION ( 'NONE',  ( 1.000000000000000000, 0.000000000000000000, 0.000000000000000000 ) ) ;
#786 = PLANE ( 'NONE',  #824 ) ;
#787 = ORIENTED_EDGE ( 'NONE', *, *, #2214, .F. ) ;
#788 = FACE_OUTER_BOUND ( 'NONE', #4690, .T. ) ;
#789 = AXIS2_PLACEMENT_3D ( 'NONE', #4959, #2874, #5037 ) ;
#790 = CARTESIAN_POINT ( 'NONE',  ( 0.1655748005361056263, 0.05756047676315498990, -1.090000000000000080 ) ) ;
#791 =( NAMED_UNIT ( * ) SI_UNIT ( $, .STERADIAN. ) SOLID_ANGLE_UNIT ( ) );
#792 = VERTEX_POINT ( 'NONE', #1148 ) ;
#793 = DIRECTION ( 'NONE',  ( -0.000000000000000000, -0.000000000000000000, -1.000000000000000000 ) ) ;
#794 = PLANE ( 'NONE',  #2286 ) ;
#795 = ORIENTED_EDGE ( 'NONE', *, *, #3815, .F. ) ;
#796 = EDGE_CURVE ( 'NONE', #1606, #913, #3130, .T. ) ;
#797 = EDGE_CURVE ( 'NONE', #5170, #4147, #918, .T. ) ;
#798 = FILL_AREA_STYLE_COLOUR ( '', #4437 ) ;
#799 = VECTOR ( 'NONE', #2484, 1000.000000000000000 ) ;
#800 = DIRECTION ( 'NONE',  ( -1.000000000000000000, 0.000000000000000000, 0.000000000000000000 ) ) ;
#801 = VECTOR ( 'NONE', #1684, 1000.000000000000000 ) ;
#802 =( NAMED_UNIT ( * ) PLANE_ANGLE_UNIT ( ) SI_UNIT ( $, .RADIAN. ) );
#803 = CARTESIAN_POINT ( 'NONE',  ( 0.08782003037918867383, -0.1024798191069966058, -1.089000000000000190 ) ) ;
#804 = CARTESIAN_POINT ( 'NONE',  ( 0.08412338403772524897, -0.08052859959480147822, -1.090000000000000080 ) ) ;
#805 = ADVANCED_FACE ( 'NONE', ( #4371 ), #2472, .T. ) ;
#806 = PRESENTATION_STYLE_ASSIGNMENT (( #56 ) ) ;
#807 = DIRECTION ( 'NONE',  ( 0.000000000000000000, -1.000000000000000000, 0.000000000000000000 ) ) ;
#808 = DIRECTION ( 'NONE',  ( -1.000000000000000000, 0.000000000000000000, 0.000000000000000000 ) ) ;
#809 = AXIS2_PLACEMENT_3D ( 'NONE', #200, #2213, #4351 ) ;
#810 = DIRECTION ( 'NONE',  ( 1.000000000000000000, 0.000000000000000000, 0.000000000000000000 ) ) ;
#811 = CARTESIAN_POINT ( 'NONE',  ( -0.2908368297226578969, -0.06490586863998155931, -1.089000000000000856 ) ) ;
#812 = CARTESIAN_POINT ( 'NONE',  ( -0.4591692988891040716, -0.04394323374114293690, -1.090000000000000080 ) ) ;
#813 = ORIENTED_EDGE ( 'NONE', *, *, #4136, .T. ) ;
#814 = COLOUR_RGB ( '',0.7529411764705882248, 0.7529411764705882248, 0.7529411764705882248 ) ;
#815 = ORIENTED_EDGE ( 'NONE', *, *, #1060, .T. ) ;
#816 = DIRECTION ( 'NONE',  ( -0.000000000000000000, 1.000000000000000000, -0.000000000000000000 ) ) ;
#817 = CARTESIAN_POINT ( 'NONE',  ( 0.07983127031706559185, -0.1023861243974784063, -1.089000000000000190 ) ) ;
#818 = ORIENTED_EDGE ( 'NONE', *, *, #3472, .T. ) ;
#819 = SURFACE_STYLE_FILL_AREA ( #4700 ) ;
#820 = LINE ( 'NONE', #4088, #5136 ) ;
#821 = PLANE ( 'NONE',  #4340 ) ;
#822 =( NAMED_UNIT ( * ) PLANE_ANGLE_UNIT ( ) SI_UNIT ( $, .RADIAN. ) );
#823 = PRODUCT_DEFINITION_CONTEXT ( 'detailed design', #3806, 'design' ) ;
#824 = AXIS2_PLACEMENT_3D ( 'NONE', #4142, #2453, #2875 ) ;
#825 = PLANE ( 'NONE',  #2860 ) ;
#826 =( NAMED_UNIT ( * ) PLANE_ANGLE_UNIT ( ) SI_UNIT ( $, .RADIAN. ) );
#827 = SURFACE_STYLE_FILL_AREA ( #3103 ) ;
#828 = FACE_OUTER_BOUND ( 'NONE', #971, .T. ) ;
#829 = PRESENTATION_LAYER_ASSIGNMENT (  '', '', ( #534 ) ) ;
#830 = ORIENTED_EDGE ( 'NONE', *, *, #2797, .T. ) ;
#831 = CARTESIAN_POINT ( 'NONE',  ( -2.649999999999999911, -1.000000000000000000, -0.2999999999999998779 ) ) ;
#832 = ORIENTED_EDGE ( 'NONE', *, *, #1602, .F. ) ;
#833 = ADVANCED_FACE ( 'NONE', ( #3313 ), #3261, .F. ) ;
#834 = DIRECTION ( 'NONE',  ( 0.000000000000000000, -1.000000000000000000, 0.000000000000000000 ) ) ;
#835 = EDGE_CURVE ( 'NONE', #4545, #5105, #2022, .T. ) ;
#836 = LINE ( 'NONE', #1084, #4031 ) ;
#837 = DIRECTION ( 'NONE',  ( 0.1710878697460358200, 0.1710878697460358477, -0.9702875252478136980 ) ) ;
#838 = STYLED_ITEM ( 'NONE', ( #3751 ), #963 ) ;
#839 = COLOUR_RGB ( '',0.7529411764705882248, 0.7529411764705882248, 0.7529411764705882248 ) ;
#840 = ORIENTED_EDGE ( 'NONE', *, *, #867, .F. ) ;
#841 = CARTESIAN_POINT ( 'NONE',  ( 1.057803591027772327, -1.617803591027773269, -1.090000000000000080 ) ) ;
#842 = ORIENTED_EDGE ( 'NONE', *, *, #387, .F. ) ;
#843 = PLANE ( 'NONE',  #2388 ) ;
#844 = PRESENTATION_STYLE_ASSIGNMENT (( #3549 ) ) ;
#845 = CARTESIAN_POINT ( 'NONE',  ( -0.3135519208403236280, 0.002474449185686330988, -1.089000000000000190 ) ) ;
#846 =( NAMED_UNIT ( * ) PLANE_ANGLE_UNIT ( ) SI_UNIT ( $, .RADIAN. ) );
#847 = EDGE_CURVE ( 'NONE', #495, #4861, #1168, .T. ) ;
#848 = UNCERTAINTY_MEASURE_WITH_UNIT (LENGTH_MEASURE( 1.000000000000000082E-05 ), #3749, 'distance_accuracy_value', 'NONE');
#849 = CARTESIAN_POINT ( 'NONE',  ( -0.2089025305964211376, 0.07800798577105219622, -1.089000000000000190 ) ) ;
#850 =( LENGTH_UNIT ( ) NAMED_UNIT ( * ) SI_UNIT ( .MILLI., .METRE. ) );
#851 = ORIENTED_EDGE ( 'NONE', *, *, #4391, .F. ) ;
#852 =( NAMED_UNIT ( * ) SI_UNIT ( $, .STERADIAN. ) SOLID_ANGLE_UNIT ( ) );
#853 = VERTEX_POINT ( 'NONE', #3804 ) ;
#854 = CARTESIAN_POINT ( 'NONE',  ( 2.209444794437052995, 1.809999999999999387, -0.2299999999999999822 ) ) ;
#855 = PRESENTATION_LAYER_ASSIGNMENT (  '', '', ( #9 ) ) ;
#856 = SURFACE_SIDE_STYLE ('',( #4699 ) ) ;
#857 = ADVANCED_FACE ( 'NONE', ( #3790 ), #2839, .T. ) ;
#858 =( NAMED_UNIT ( * ) PLANE_ANGLE_UNIT ( ) SI_UNIT ( $, .RADIAN. ) );
#859 = CARTESIAN_POINT ( 'NONE',  ( 0.1189392974296098887, -0.07236084176051878203, -1.089999999999999414 ) ) ;
#860 = ORIENTED_EDGE ( 'NONE', *, *, #4123, .F. ) ;
#861 = MECHANICAL_DESIGN_GEOMETRIC_PRESENTATION_REPRESENTATION (  '', ( #2814 ), #12 ) ;
#862 = CARTESIAN_POINT ( 'NONE',  ( 0.03462800860007788500, -0.06875923238162851003, -1.089000000000000190 ) ) ;
#863 = EDGE_CURVE ( 'NONE', #517, #1341, #5049, .T. ) ;
#864 = LINE ( 'NONE', #4710, #1822 ) ;
#865 = VECTOR ( 'NONE', #659, 1000.000000000000000 ) ;
#866 = VERTEX_POINT ( 'NONE', #1290 ) ;
#867 = EDGE_CURVE ( 'NONE', #55, #4545, #3627, .T. ) ;
#868 = SURFACE_SIDE_STYLE ('',( #1556 ) ) ;
#869 = STYLED_ITEM ( 'NONE', ( #1224 ), #833 ) ;
#870 = CARTESIAN_POINT ( 'NONE',  ( 2.350000000000000089, 1.000000000000000000, -0.8900000000000001243 ) ) ;
#871 = ORIENTED_EDGE ( 'NONE', *, *, #566, .T. ) ;
#872 = FILL_AREA_STYLE ('',( #379 ) ) ;
#873 = ORIENTED_EDGE ( 'NONE', *, *, #1302, .F. ) ;
#874 = CARTESIAN_POINT ( 'NONE',  ( 0.1399036346754133631, -0.05392588205845234156, -1.089000000000000412 ) ) ;
#875 = CARTESIAN_POINT ( 'NONE',  ( 0.07694638422575546255, -0.08043437136706975410, -1.089000000000000412 ) ) ;
#876 = FILL_AREA_STYLE ('',( #4285 ) ) ;
#877 = CARTESIAN_POINT ( 'NONE',  ( -0.2659473198921650239, -0.05714515630623963338, -1.089999999999999858 ) ) ;
#878 = CARTESIAN_POINT ( 'NONE',  ( 0.07333692601878005757, 0.08035191735130509105, -1.089000000000000412 ) ) ;
#879 = COLOUR_RGB ( '',0.7529411764705882248, 0.7529411764705882248, 0.7529411764705882248 ) ;
#880 = DIRECTION ( 'NONE',  ( 1.000000000000000000, 0.000000000000000000, -0.000000000000000000 ) ) ;
#881 = ORIENTED_EDGE ( 'NONE', *, *, #3454, .T. ) ;
#882 = PRESENTATION_LAYER_ASSIGNMENT (  '', '', ( #36 ) ) ;
#883 = DIRECTION ( 'NONE',  ( -0.000000000000000000, -0.000000000000000000, -1.000000000000000000 ) ) ;
#884 = LINE ( 'NONE', #5119, #1532 ) ;
#885 = DIRECTION ( 'NONE',  ( -0.000000000000000000, -1.000000000000000000, -0.000000000000000000 ) ) ;
#886 = FILL_AREA_STYLE ('',( #4644 ) ) ;
#887 = DIRECTION ( 'NONE',  ( -0.000000000000000000, -1.000000000000000000, -0.000000000000000000 ) ) ;
#888 = VECTOR ( 'NONE', #360, 1000.000000000000000 ) ;
#889 = CARTESIAN_POINT ( 'NONE',  ( 0.1226764446766349798, 0.06794960350814446826, -1.089000000000000190 ) ) ;
#890 = STYLED_ITEM ( 'NONE', ( #4098 ), #4870 ) ;
#891 = SURFACE_SIDE_STYLE ('',( #94 ) ) ;
#892 =( NAMED_UNIT ( * ) SI_UNIT ( $, .STERADIAN. ) SOLID_ANGLE_UNIT ( ) );
#893 =( GEOMETRIC_REPRESENTATION_CONTEXT ( 3 ) GLOBAL_UNCERTAINTY_ASSIGNED_CONTEXT ( ( #4474 ) ) GLOBAL_UNIT_ASSIGNED_CONTEXT ( ( #2851, #4037, #1600 ) ) REPRESENTATION_CONTEXT ( 'NONE', 'WORKASPACE' ) );
#894 = VECTOR ( 'NONE', #1249, 1000.000000000000000 ) ;
#895 = CARTESIAN_POINT ( 'NONE',  ( -0.2252569590016856305, -0.07688819399668823940, -1.089999999999999858 ) ) ;
#896 = CARTESIAN_POINT ( 'NONE',  ( 0.1399036346754133631, -0.05392588205845234156, -1.089000000000000412 ) ) ;
#897 = CARTESIAN_POINT ( 'NONE',  ( -0.2679764930182177429, 0.08518215914007011558, -1.089999999999999192 ) ) ;
#898 = SURFACE_STYLE_FILL_AREA ( #5124 ) ;
#899 = DIRECTION ( 'NONE',  ( -0.000000000000000000, 0.000000000000000000, 1.000000000000000000 ) ) ;
#900 = UNCERTAINTY_MEASURE_WITH_UNIT (LENGTH_MEASURE( 1.000000000000000082E-05 ), #4858, 'distance_accuracy_value', 'NONE');
#901 = PLANE ( 'NONE',  #3142 ) ;
#902 = CARTESIAN_POINT ( 'NONE',  ( 0.08412338403772524897, -0.08052859959480147822, -1.089000000000000190 ) ) ;
#903 = CARTESIAN_POINT ( 'NONE',  ( 0.07207221653083581425, -0.1017515277951958758, -1.089000000000000190 ) ) ;
#904 = FILL_AREA_STYLE_COLOUR ( '', #1726 ) ;
#905 = STYLED_ITEM ( 'NONE', ( #3807 ), #239 ) ;
#906 = FACE_OUTER_BOUND ( 'NONE', #4657, .T. ) ;
#907 = SURFACE_STYLE_FILL_AREA ( #3926 ) ;
#908 = ORIENTED_EDGE ( 'NONE', *, *, #265, .F. ) ;
#909 = ADVANCED_FACE ( 'NONE', ( #1243 ), #1605, .T. ) ;
#910 = CARTESIAN_POINT ( 'NONE',  ( -0.4131327135232504277, 0.06154457113690584014, -1.090000000000000080 ) ) ;
#911 = SURFACE_SIDE_STYLE ('',( #3987 ) ) ;
#912 = PLANE ( 'NONE',  #3932 ) ;
#913 = VERTEX_POINT ( 'NONE', #783 ) ;
#914 = LINE ( 'NONE', #1561, #191 ) ;
#915 = PRESENTATION_STYLE_ASSIGNMENT (( #2394 ) ) ;
#916 = DIRECTION ( 'NONE',  ( 1.000000000000000000, 0.000000000000000000, 0.000000000000000000 ) ) ;
#917 = DIRECTION ( 'NONE',  ( 0.000000000000000000, 0.000000000000000000, -1.000000000000000000 ) ) ;
#918 = LINE ( 'NONE', #4913, #1959 ) ;
#919 = STYLED_ITEM ( 'NONE', ( #1329 ), #5238 ) ;
#920 = CARTESIAN_POINT ( 'NONE',  ( 0.09910111542164963538, -0.07932286900478324743, -1.089000000000000190 ) ) ;
#921 =( GEOMETRIC_REPRESENTATION_CONTEXT ( 3 ) GLOBAL_UNCERTAINTY_ASSIGNED_CONTEXT ( ( #4314 ) ) GLOBAL_UNIT_ASSIGNED_CONTEXT ( ( #415, #3245, #3774 ) ) REPRESENTATION_CONTEXT ( 'NONE', 'WORKASPACE' ) );
#922 = DIRECTION ( 'NONE',  ( 0.000000000000000000, 0.000000000000000000, -1.000000000000000000 ) ) ;
#923 = EDGE_CURVE ( 'NONE', #1287, #1796, #3282, .T. ) ;
#924 = CARTESIAN_POINT ( 'NONE',  ( 0.1353406547159327622, -0.05944255390783049348, -1.089000000000000412 ) ) ;
#925 = CARTESIAN_POINT ( 'NONE',  ( 2.649999999999999911, 1.000000000000000000, -0.2999999999999998779 ) ) ;
#926 = AXIS2_PLACEMENT_3D ( 'NONE', #2426, #1619, #778 ) ;
#927 = ORIENTED_EDGE ( 'NONE', *, *, #2407, .T. ) ;
#928 = UNCERTAINTY_MEASURE_WITH_UNIT (LENGTH_MEASURE( 1.000000000000000082E-05 ), #1936, 'distance_accuracy_value', 'NONE');
#929 = CARTESIAN_POINT ( 'NONE',  ( -0.1794055793769089580, -0.07808957520455758750, -1.089000000000000190 ) ) ;
#930 = CARTESIAN_POINT ( 'NONE',  ( 0.1496747918391899967, 0.03184450062885229443, -1.090000000000000524 ) ) ;
#931 = DIRECTION ( 'NONE',  ( 1.000000000000000000, 0.000000000000000000, 0.000000000000000000 ) ) ;
#932 = EDGE_LOOP ( 'NONE', ( #1433, #4156, #4638, #141 ) ) ;
#933 = EDGE_LOOP ( 'NONE', ( #5399, #5039, #4480, #709 ) ) ;
#934 = VECTOR ( 'NONE', #295, 1000.000000000000000 ) ;
#935 = ORIENTED_EDGE ( 'NONE', *, *, #2137, .T. ) ;
#936 = EDGE_CURVE ( 'NONE', #1647, #1480, #482, .T. ) ;
#937 = SHAPE_DEFINITION_REPRESENTATION ( #4823, #5291 ) ;
#938 = CARTESIAN_POINT ( 'NONE',  ( 2.350000000000000089, 1.000000000000000000, -1.190000000000000169 ) ) ;
#939 = CARTESIAN_POINT ( 'NONE',  ( 2.250000000000000444, 1.809999999999999387, 0.000000000000000000 ) ) ;
#940 = VECTOR ( 'NONE', #3060, 1000.000000000000000 ) ;
#941 = CIRCLE ( 'NONE', #1644, 0.06999999999999975686 ) ;
#942 = CARTESIAN_POINT ( 'NONE',  ( -0.1525763110842260073, -0.1000407947167527012, -1.090000000000000080 ) ) ;
#943 = DIRECTION ( 'NONE',  ( 0.000000000000000000, -0.1736481776669307198, 0.9848077530122080203 ) ) ;
#944 = VECTOR ( 'NONE', #3137, 1000.000000000000000 ) ;
#945 = FACE_OUTER_BOUND ( 'NONE', #1908, .T. ) ;
#946 = ORIENTED_EDGE ( 'NONE', *, *, #2722, .T. ) ;
#947 =( GEOMETRIC_REPRESENTATION_CONTEXT ( 3 ) GLOBAL_UNCERTAINTY_ASSIGNED_CONTEXT ( ( #2707 ) ) GLOBAL_UNIT_ASSIGNED_CONTEXT ( ( #525, #2201, #507 ) ) REPRESENTATION_CONTEXT ( 'NONE', 'WORKASPACE' ) );
#948 = PLANE ( 'NONE',  #406 ) ;
#949 =( NAMED_UNIT ( * ) SI_UNIT ( $, .STERADIAN. ) SOLID_ANGLE_UNIT ( ) );
#950 = DIRECTION ( 'NONE',  ( 0.000000000000000000, 0.000000000000000000, 1.000000000000000000 ) ) ;
#951 = PRESENTATION_LAYER_ASSIGNMENT (  '', '', ( #1408 ) ) ;
#952 = ORIENTED_EDGE ( 'NONE', *, *, #1103, .T. ) ;
#953 = PLANE ( 'NONE',  #2993 ) ;
#954 = ORIENTED_EDGE ( 'NONE', *, *, #5245, .F. ) ;
#955 =( NAMED_UNIT ( * ) SI_UNIT ( $, .STERADIAN. ) SOLID_ANGLE_UNIT ( ) );
#956 = EDGE_CURVE ( 'NONE', #4032, #424, #5006, .T. ) ;
#957 = FILL_AREA_STYLE ('',( #3440 ) ) ;
#958 = DIRECTION ( 'NONE',  ( 0.000000000000000000, 0.000000000000000000, -1.000000000000000000 ) ) ;
#959 = EDGE_CURVE ( 'NONE', #1743, #4540, #608, .T. ) ;
#960 = ORIENTED_EDGE ( 'NONE', *, *, #5400, .F. ) ;
#961 = EDGE_LOOP ( 'NONE', ( #1919, #2642, #3364, #2507 ) ) ;
#962 = PRESENTATION_LAYER_ASSIGNMENT (  '', '', ( #2471 ) ) ;
#963 = ADVANCED_FACE ( 'NONE', ( #2515, #338, #4930, #3823, #2583, #685 ), #1799, .F. ) ;
#964 = CARTESIAN_POINT ( 'NONE',  ( -0.1135519208403235752, -0.1000407947167527012, -1.089000000000000190 ) ) ;
#965 = PRESENTATION_LAYER_ASSIGNMENT (  '', '', ( #3658 ) ) ;
#966 = COLOUR_RGB ( '',0.7529411764705882248, 0.7529411764705882248, 0.7529411764705882248 ) ;
#967 = SURFACE_STYLE_FILL_AREA ( #2640 ) ;
#968 = DIRECTION ( 'NONE',  ( -1.000000000000000000, 0.000000000000000000, 0.000000000000000000 ) ) ;
#969 = LINE ( 'NONE', #4636, #3377 ) ;
#970 = DIRECTION ( 'NONE',  ( 0.000000000000000000, 1.000000000000000000, 0.000000000000000000 ) ) ;
#971 = EDGE_LOOP ( 'NONE', ( #960, #3998, #1518, #4108 ) ) ;
#972 = UNCERTAINTY_MEASURE_WITH_UNIT (LENGTH_MEASURE( 1.000000000000000082E-05 ), #3344, 'distance_accuracy_value', 'NONE');
#973 = ORIENTED_EDGE ( 'NONE', *, *, #1339, .T. ) ;
#974 =( GEOMETRIC_REPRESENTATION_CONTEXT ( 3 ) GLOBAL_UNCERTAINTY_ASSIGNED_CONTEXT ( ( #5195 ) ) GLOBAL_UNIT_ASSIGNED_CONTEXT ( ( #1020, #1443, #2700 ) ) REPRESENTATION_CONTEXT ( 'NONE', 'WORKASPACE' ) );
#975 = DIRECTION ( 'NONE',  ( 1.000000000000000000, 0.000000000000000000, 2.011111420667069257E-16 ) ) ;
#976 = VECTOR ( 'NONE', #66, 1000.000000000000000 ) ;
#977 = EDGE_LOOP ( 'NONE', ( #1150, #3386, #2287, #946 ) ) ;
#978 = CARTESIAN_POINT ( 'NONE',  ( -0.2537674607634364810, 0.06738164047184180827, -1.088999999999999968 ) ) ;
#979 = FILL_AREA_STYLE ('',( #2212 ) ) ;
#980 = LINE ( 'NONE', #4524, #655 ) ;
#981 = DIRECTION ( 'NONE',  ( 0.3536223923290756632, -0.9353882635801357148, 0.000000000000000000 ) ) ;
#982 = VERTEX_POINT ( 'NONE', #1745 ) ;
#983 = ORIENTED_EDGE ( 'NONE', *, *, #4957, .F. ) ;
#984 = STYLED_ITEM ( 'NONE', ( #5222 ), #4172 ) ;
#985 = PRESENTATION_STYLE_ASSIGNMENT (( #2659 ) ) ;
#986 = MECHANICAL_DESIGN_GEOMETRIC_PRESENTATION_REPRESENTATION (  '', ( #3791 ), #1261 ) ;
#987 =( LENGTH_UNIT ( ) NAMED_UNIT ( * ) SI_UNIT ( .MILLI., .METRE. ) );
#988 = CARTESIAN_POINT ( 'NONE',  ( -0.3118656605539817384, -0.01951414958969135277, -1.089999999999999858 ) ) ;
#989 = COLOUR_RGB ( '',0.7529411764705882248, 0.7529411764705882248, 0.7529411764705882248 ) ;
#990 = PRESENTATION_LAYER_ASSIGNMENT (  '', '', ( #1717 ) ) ;
#991 = CARTESIAN_POINT ( 'NONE',  ( 0.000000000000000000, 0.000000000000000000, -1.089000000000000190 ) ) ;
#992 =( NAMED_UNIT ( * ) SI_UNIT ( $, .STERADIAN. ) SOLID_ANGLE_UNIT ( ) );
#993 = AXIS2_PLACEMENT_3D ( 'NONE', #716, #1123, #4095 ) ;
#994 = FILL_AREA_STYLE_COLOUR ( '', #225 ) ;
#995 = CARTESIAN_POINT ( 'NONE',  ( -2.350000000000000089, 1.000000000000000000, -0.2300000000000000100 ) ) ;
#996 = CARTESIAN_POINT ( 'NONE',  ( -0.4591692988891040716, -0.04394323374114293690, -1.089000000000000190 ) ) ;
#997 = ORIENTED_EDGE ( 'NONE', *, *, #1875, .F. ) ;
#998 = EDGE_LOOP ( 'NONE', ( #1948, #983, #3219, #3844 ) ) ;
#999 = PLANE ( 'NONE',  #4543 ) ;
#1000 = LINE ( 'NONE', #2072, #2575 ) ;
#1001 = DIRECTION ( 'NONE',  ( 0.000000000000000000, 0.000000000000000000, -1.000000000000000000 ) ) ;
#1002 = UNCERTAINTY_MEASURE_WITH_UNIT (LENGTH_MEASURE( 1.000000000000000082E-05 ), #3975, 'distance_accuracy_value', 'NONE');
#1003 = SURFACE_SIDE_STYLE ('',( #1673 ) ) ;
#1004 = ORIENTED_EDGE ( 'NONE', *, *, #255, .F. ) ;
#1005 = FILL_AREA_STYLE ('',( #1057 ) ) ;
#1006 = CARTESIAN_POINT ( 'NONE',  ( -0.3063127689652654362, -0.03942011314589982662, -1.089999999999999858 ) ) ;
#1007 = ORIENTED_EDGE ( 'NONE', *, *, #3454, .F. ) ;
#1008 =( GEOMETRIC_REPRESENTATION_CONTEXT ( 3 ) GLOBAL_UNCERTAINTY_ASSIGNED_CONTEXT ( ( #155 ) ) GLOBAL_UNIT_ASSIGNED_CONTEXT ( ( #4130, #4500, #3692 ) ) REPRESENTATION_CONTEXT ( 'NONE', 'WORKASPACE' ) );
#1009 = CARTESIAN_POINT ( 'NONE',  ( 0.1547407620865057509, -0.002174941058216104360, -1.089000000000000190 ) ) ;
#1010 = VECTOR ( 'NONE', #3709, 1000.000000000000000 ) ;
#1011 = FILL_AREA_STYLE_COLOUR ( '', #5282 ) ;
#1012 = VERTEX_POINT ( 'NONE', #4677 ) ;
#1013 = CARTESIAN_POINT ( 'NONE',  ( 1.057803591027772327, -1.653068987169466597, -0.8900000000000000133 ) ) ;
#1014 = VERTEX_POINT ( 'NONE', #123 ) ;
#1015 = ADVANCED_FACE ( 'NONE', ( #1651 ), #948, .T. ) ;
#1016 = DIRECTION ( 'NONE',  ( -0.000000000000000000, -0.000000000000000000, -1.000000000000000000 ) ) ;
#1017 = ORIENTED_EDGE ( 'NONE', *, *, #2821, .T. ) ;
#1018 = PRESENTATION_STYLE_ASSIGNMENT (( #4135 ) ) ;
#1019 = STYLED_ITEM ( 'NONE', ( #498 ), #4645 ) ;
#1020 =( LENGTH_UNIT ( ) NAMED_UNIT ( * ) SI_UNIT ( .MILLI., .METRE. ) );
#1021 = VERTEX_POINT ( 'NONE', #138 ) ;
#1022 = PRESENTATION_LAYER_ASSIGNMENT (  '', '', ( #3439 ) ) ;
#1023 = CYLINDRICAL_SURFACE ( 'NONE', #378, 0.2999999999999999334 ) ;
#1024 = FACE_OUTER_BOUND ( 'NONE', #1348, .T. ) ;
#1025 =( LENGTH_UNIT ( ) NAMED_UNIT ( * ) SI_UNIT ( .MILLI., .METRE. ) );
#1026 = ORIENTED_EDGE ( 'NONE', *, *, #1316, .F. ) ;
#1027 = CARTESIAN_POINT ( 'NONE',  ( 0.03278954257431059699, -0.08967494105821612049, -1.090000000000000080 ) ) ;
#1028 = EDGE_CURVE ( 'NONE', #411, #5281, #3152, .T. ) ;
#1029 = CARTESIAN_POINT ( 'NONE',  ( -2.350000000000000089, -1.000000000000000000, -0.2999999999999999334 ) ) ;
#1030 =( LENGTH_UNIT ( ) NAMED_UNIT ( * ) SI_UNIT ( .MILLI., .METRE. ) );
#1031 = EDGE_CURVE ( 'NONE', #4617, #1012, #2178, .T. ) ;
#1032 = LINE ( 'NONE', #4995, #2603 ) ;
#1033 = SURFACE_STYLE_FILL_AREA ( #1189 ) ;
#1034 = CARTESIAN_POINT ( 'NONE',  ( -0.1086738720598357383, 0.09995920528324733767, -1.090000000000000080 ) ) ;
#1035 = DIRECTION ( 'NONE',  ( 0.000000000000000000, -1.000000000000000000, 0.000000000000000000 ) ) ;
#1036 = PRESENTATION_LAYER_ASSIGNMENT (  '', '', ( #1597 ) ) ;
#1037 = VECTOR ( 'NONE', #5248, 1000.000000000000000 ) ;
#1038 = CARTESIAN_POINT ( 'NONE',  ( -2.249999999999999556, -1.810000000000000719, 0.000000000000000000 ) ) ;
#1039 = CARTESIAN_POINT ( 'NONE',  ( 0.03438156727644137850, 0.09511763833137322488, -1.089999999999999858 ) ) ;
#1040 = VECTOR ( 'NONE', #4763, 1000.000000000000000 ) ;
#1041 = ORIENTED_EDGE ( 'NONE', *, *, #1111, .T. ) ;
#1042 = VERTEX_POINT ( 'NONE', #3914 ) ;
#1043 = EDGE_CURVE ( 'NONE', #1403, #4199, #2048, .T. ) ;
#1044 = LINE ( 'NONE', #2589, #5044 ) ;
#1045 = ADVANCED_FACE ( 'NONE', ( #408 ), #3843, .T. ) ;
#1046 = VERTEX_POINT ( 'NONE', #4325 ) ;
#1047 = ORIENTED_EDGE ( 'NONE', *, *, #3766, .T. ) ;
#1048 = FILL_AREA_STYLE ('',( #1500 ) ) ;
#1049 = DIRECTION ( 'NONE',  ( -0.9848077530122080203, 0.000000000000000000, -0.1736481776669307198 ) ) ;
#1050 = LINE ( 'NONE', #2606, #5048 ) ;
#1051 = PLANE ( 'NONE',  #3500 ) ;
#1052 = DIRECTION ( 'NONE',  ( 0.000000000000000000, -1.000000000000000000, 0.000000000000000000 ) ) ;
#1053 =( GEOMETRIC_REPRESENTATION_CONTEXT ( 3 ) GLOBAL_UNCERTAINTY_ASSIGNED_CONTEXT ( ( #2372 ) ) GLOBAL_UNIT_ASSIGNED_CONTEXT ( ( #528, #3451, #949 ) ) REPRESENTATION_CONTEXT ( 'NONE', 'WORKASPACE' ) );
#1054 = CARTESIAN_POINT ( 'NONE',  ( 0.04818569807681088307, 0.09939432095108179099, -1.090000000000000080 ) ) ;
#1055 = VECTOR ( 'NONE', #1035, 1000.000000000000000 ) ;
#1056 = PRESENTATION_LAYER_ASSIGNMENT (  '', '', ( #4041 ) ) ;
#1057 = FILL_AREA_STYLE_COLOUR ( '', #2840 ) ;
#1058 =( NAMED_UNIT ( * ) PLANE_ANGLE_UNIT ( ) SI_UNIT ( $, .RADIAN. ) );
#1059 = PRODUCT_DEFINITION ( 'Î´Öª', '', #2237, #823 ) ;
#1060 = EDGE_CURVE ( 'NONE', #2995, #4861, #3216, .T. ) ;
#1061 = EDGE_CURVE ( 'NONE', #601, #866, #1714, .T. ) ;
#1062 = DIRECTION ( 'NONE',  ( -2.396026900520452433E-16, 1.000000000000000000, 0.000000000000000000 ) ) ;
#1063 = DIRECTION ( 'NONE',  ( 1.000000000000000000, 0.000000000000000000, 0.000000000000000000 ) ) ;
#1064 = MECHANICAL_DESIGN_GEOMETRIC_PRESENTATION_REPRESENTATION (  '', ( #4996 ), #5106 ) ;
#1065 = VERTEX_POINT ( 'NONE', #4373 ) ;
#1066 = CARTESIAN_POINT ( 'NONE',  ( -0.2604736409216318882, -0.06208016844866268147, -1.089000000000000634 ) ) ;
#1067 = LINE ( 'NONE', #3626, #5396 ) ;
#1068 = ORIENTED_EDGE ( 'NONE', *, *, #847, .F. ) ;
#1069 = UNCERTAINTY_MEASURE_WITH_UNIT (LENGTH_MEASURE( 1.000000000000000082E-05 ), #1485, 'distance_accuracy_value', 'NONE');
#1070 = PLANE ( 'NONE',  #2195 ) ;
#1071 = ADVANCED_FACE ( 'NONE', ( #2171, #4331 ), #3131, .T. ) ;
#1072 = CARTESIAN_POINT ( 'NONE',  ( -0.3063022325421677627, 0.04251997364209244429, -1.089000000000000412 ) ) ;
#1073 = CARTESIAN_POINT ( 'NONE',  ( 2.350000000000000089, -1.000000000000000000, -0.9600000000000001865 ) ) ;
#1074 = CARTESIAN_POINT ( 'NONE',  ( -0.03306411596227474409, -0.009796892277728305384, -1.089000000000000190 ) ) ;
#1075 = STYLED_ITEM ( 'NONE', ( #3954 ), #1015 ) ;
#1076 = CARTESIAN_POINT ( 'NONE',  ( -0.4591692988891040716, -0.04394323374114293690, -1.089000000000000190 ) ) ;
#1077 = LINE ( 'NONE', #1244, #4596 ) ;
#1078 =( NAMED_UNIT ( * ) SI_UNIT ( $, .STERADIAN. ) SOLID_ANGLE_UNIT ( ) );
#1079 = VECTOR ( 'NONE', #5218, 1000.000000000000000 ) ;
#1080 = ORIENTED_EDGE ( 'NONE', *, *, #3443, .T. ) ;
#1081 = EDGE_CURVE ( 'NONE', #2209, #3585, #4151, .T. ) ;
#1082 = DIRECTION ( 'NONE',  ( -0.000000000000000000, -0.000000000000000000, -1.000000000000000000 ) ) ;
#1083 = DIRECTION ( 'NONE',  ( 0.000000000000000000, -1.000000000000000000, 0.000000000000000000 ) ) ;
#1084 = CARTESIAN_POINT ( 'NONE',  ( 2.250000000000000444, 1.000000000000000000, -3.318932328909063175E-17 ) ) ;
#1085 = CARTESIAN_POINT ( 'NONE',  ( 0.06633013766670067812, 0.1019409389202750454, -1.089000000000000412 ) ) ;
#1086 = FACE_OUTER_BOUND ( 'NONE', #5111, .T. ) ;
#1087 = EDGE_LOOP ( 'NONE', ( #2098, #308, #4630, #2416 ) ) ;
#1088 = CARTESIAN_POINT ( 'NONE',  ( 0.1164581798768905413, 0.07184636497056641480, -1.088999999999999968 ) ) ;
#1089 = CARTESIAN_POINT ( 'NONE',  ( -0.3118621930624919658, 0.02352644956846412089, -1.089000000000000412 ) ) ;
#1090 = CARTESIAN_POINT ( 'NONE',  ( 0.09808136162249279921, -0.1022509618569048262, -1.090000000000000080 ) ) ;
#1091 = STYLED_ITEM ( 'NONE', ( #3327 ), #1994 ) ;
#1092 = ORIENTED_EDGE ( 'NONE', *, *, #4766, .T. ) ;
#1093 = VERTEX_POINT ( 'NONE', #3533 ) ;
#1094 =( GEOMETRIC_REPRESENTATION_CONTEXT ( 3 ) GLOBAL_UNCERTAINTY_ASSIGNED_CONTEXT ( ( #30 ) ) GLOBAL_UNIT_ASSIGNED_CONTEXT ( ( #4542, #2046, #4176 ) ) REPRESENTATION_CONTEXT ( 'NONE', 'WORKASPACE' ) );
#1095 = CARTESIAN_POINT ( 'NONE',  ( -0.2590205867873299206, -0.08927152050773021208, -1.089999999999999414 ) ) ;
#1096 = ADVANCED_FACE ( 'NONE', ( #2232 ), #5246, .T. ) ;
#1097 = CARTESIAN_POINT ( 'NONE',  ( -0.3832927744988601226, -0.02199201422894781627, -1.089000000000000190 ) ) ;
#1098 = ORIENTED_EDGE ( 'NONE', *, *, #1592, .F. ) ;
#1099 = AXIS2_PLACEMENT_3D ( 'NONE', #3541, #1083, #4005 ) ;
#1100 = DIRECTION ( 'NONE',  ( 0.1710878697460358755, -0.1710878697460358477, -0.9702875252478136980 ) ) ;
#1101 = SURFACE_STYLE_FILL_AREA ( #1697 ) ;
#1102 = ORIENTED_EDGE ( 'NONE', *, *, #5145, .F. ) ;
#1103 = EDGE_CURVE ( 'NONE', #606, #4361, #1842, .T. ) ;
#1104 = CARTESIAN_POINT ( 'NONE',  ( 0.07298998666043493566, 0.1023490187734334700, -1.089000000000000190 ) ) ;
#1105 = FACE_OUTER_BOUND ( 'NONE', #501, .T. ) ;
#1106 = CARTESIAN_POINT ( 'NONE',  ( 0.1226764446766349798, 0.06794960350814446826, -1.090000000000000080 ) ) ;
#1107 = CARTESIAN_POINT ( 'NONE',  ( -0.2198956458022318650, 0.09971672715042469159, -1.089000000000000190 ) ) ;
#1108 = VERTEX_POINT ( 'NONE', #2295 ) ;
#1109 = CARTESIAN_POINT ( 'NONE',  ( 0.1345650748508367134, -0.09208751802347178717, -1.089000000000000190 ) ) ;
#1110 = DIRECTION ( 'NONE',  ( -0.000000000000000000, -1.000000000000000000, -0.000000000000000000 ) ) ;
#1111 = EDGE_CURVE ( 'NONE', #3805, #3860, #3088, .T. ) ;
#1112 = CARTESIAN_POINT ( 'NONE',  ( -0.006234847669591835062, -0.1000407947167527012, -1.089000000000000190 ) ) ;
#1113 = CARTESIAN_POINT ( 'NONE',  ( -0.2333203320300569761, -0.07526767509339563067, -1.090000000000000080 ) ) ;
#1114 = CARTESIAN_POINT ( 'NONE',  ( 0.03456561969986236132, 0.06867416671081143231, -1.090000000000000080 ) ) ;
#1115 = PLANE ( 'NONE',  #4129 ) ;
#1116 = B_SPLINE_CURVE_WITH_KNOTS ( 'NONE', 3,
 ( #110, #1749, #2997, #1372, #3417, #3030, #5160 ),
 .UNSPECIFIED., .F., .F.,
 ( 4, 1, 1, 1, 4 ),
 ( 0.000000000000000000, 0.3005411131585078444, 0.5677471464835985859, 0.8000336137369795653, 1.000000000000000000 ),
 .UNSPECIFIED. ) ;
#1117 =( NAMED_UNIT ( * ) PLANE_ANGLE_UNIT ( ) SI_UNIT ( $, .RADIAN. ) );
#1118 = CARTESIAN_POINT ( 'NONE',  ( 0.1496747918391899967, 0.03184450062885229443, -1.090000000000000524 ) ) ;
#1119 = ADVANCED_FACE ( 'NONE', ( #5071 ), #3551, .T. ) ;
#1120 = FACE_OUTER_BOUND ( 'NONE', #3579, .T. ) ;
#1121 = CARTESIAN_POINT ( 'NONE',  ( 0.1673852202713627946, -0.06086096628621438104, -1.089000000000000412 ) ) ;
#1122 = MECHANICAL_DESIGN_GEOMETRIC_PRESENTATION_REPRESENTATION (  '', ( #1293 ), #1404 ) ;
#1123 = DIRECTION ( 'NONE',  ( 0.000000000000000000, -1.000000000000000000, 0.000000000000000000 ) ) ;
#1124 = CARTESIAN_POINT ( 'NONE',  ( -0.006234847669591835062, -0.1000407947167527012, -1.090000000000000080 ) ) ;
#1125 = ORIENTED_EDGE ( 'NONE', *, *, #5383, .F. ) ;
#1126 = ORIENTED_EDGE ( 'NONE', *, *, #5266, .F. ) ;
#1127 = STYLED_ITEM ( 'NONE', ( #1363 ), #2351 ) ;
#1128 = CARTESIAN_POINT ( 'NONE',  ( -0.2747890277182471475, 0.04824827525092707098, -1.090000000000000302 ) ) ;
#1129 = EDGE_CURVE ( 'NONE', #3213, #1400, #1067, .T. ) ;
#1130 = EDGE_CURVE ( 'NONE', #4685, #3243, #3146, .T. ) ;
#1131 = FILL_AREA_STYLE_COLOUR ( '', #3408 ) ;
#1132 = UNCERTAINTY_MEASURE_WITH_UNIT (LENGTH_MEASURE( 1.000000000000000082E-05 ), #3942, 'distance_accuracy_value', 'NONE');
#1133 = DIRECTION ( 'NONE',  ( 0.000000000000000000, -1.000000000000000000, 0.000000000000000000 ) ) ;
#1134 = DIRECTION ( 'NONE',  ( -0.000000000000000000, -0.000000000000000000, -1.000000000000000000 ) ) ;
#1135 = CARTESIAN_POINT ( 'NONE',  ( 0.1745521215424602202, 0.03935308126762003533, -1.090000000000000302 ) ) ;
#1136 = CARTESIAN_POINT ( 'NONE',  ( -1.083775276098227103, 2.114754756274095371, 1.089000000000000190 ) ) ;
#1137 = ORIENTED_EDGE ( 'NONE', *, *, #5036, .F. ) ;
#1138 = CARTESIAN_POINT ( 'NONE',  ( 0.09808136162249279921, -0.1022509618569048262, -1.089000000000000190 ) ) ;
#1139 = ORIENTED_EDGE ( 'NONE', *, *, #4522, .T. ) ;
#1140 = DIRECTION ( 'NONE',  ( -0.000000000000000000, 0.000000000000000000, -1.000000000000000000 ) ) ;
#1141 = CARTESIAN_POINT ( 'NONE',  ( 2.350000000000000089, -1.000000000000000000, 5.421010862427522170E-17 ) ) ;
#1142 = PRESENTATION_STYLE_ASSIGNMENT (( #2644 ) ) ;
#1143 = FACE_OUTER_BOUND ( 'NONE', #1835, .T. ) ;
#1144 = CARTESIAN_POINT ( 'NONE',  ( -0.2254396891056219265, 0.07694418464986789441, -1.090000000000000080 ) ) ;
#1145 = ORIENTED_EDGE ( 'NONE', *, *, #3665, .F. ) ;
#1146 = ORIENTED_EDGE ( 'NONE', *, *, #2615, .T. ) ;
#1147 = ADVANCED_FACE ( 'NONE', ( #4390 ), #258, .T. ) ;
#1148 = CARTESIAN_POINT ( 'NONE',  ( -0.4037958232793479874, 0.09995920528324733767, -1.090000000000000080 ) ) ;
#1149 = DIRECTION ( 'NONE',  ( -0.000000000000000000, 0.000000000000000000, 1.000000000000000000 ) ) ;
#1150 = ORIENTED_EDGE ( 'NONE', *, *, #443, .F. ) ;
#1151 = CARTESIAN_POINT ( 'NONE',  ( 0.03278954257431059699, 0.09447140040519853843, -1.089000000000000190 ) ) ;
#1152 = CARTESIAN_POINT ( 'NONE',  ( -0.4134349983092119873, 0.06245614673825827801, -1.090000000000000302 ) ) ;
#1153 = CARTESIAN_POINT ( 'NONE',  ( -0.2090168598647138554, 0.09995920528324733767, -1.089000000000000190 ) ) ;
#1154 = CARTESIAN_POINT ( 'NONE',  ( 0.1262278685990616822, -0.09586293356338063121, -1.089000000000000412 ) ) ;
#1155 =( GEOMETRIC_REPRESENTATION_CONTEXT ( 3 ) GLOBAL_UNCERTAINTY_ASSIGNED_CONTEXT ( ( #4374 ) ) GLOBAL_UNIT_ASSIGNED_CONTEXT ( ( #4132, #5410, #2538 ) ) REPRESENTATION_CONTEXT ( 'NONE', 'WORKASPACE' ) );
#1156 = SURFACE_STYLE_FILL_AREA ( #5 ) ;
#1157 = DIRECTION ( 'NONE',  ( 1.000000000000000000, 0.000000000000000000, -2.011111420667069504E-16 ) ) ;
#1158 = CARTESIAN_POINT ( 'NONE',  ( -0.2653596646221536015, 0.05901513308351294396, -1.090000000000000302 ) ) ;
#1159 =( GEOMETRIC_REPRESENTATION_CONTEXT ( 3 ) GLOBAL_UNCERTAINTY_ASSIGNED_CONTEXT ( ( #1794 ) ) GLOBAL_UNIT_ASSIGNED_CONTEXT ( ( #4319, #3086, #3872 ) ) REPRESENTATION_CONTEXT ( 'NONE', 'WORKASPACE' ) );
#1160 = CARTESIAN_POINT ( 'NONE',  ( -0.2331459639254722382, 0.07548066446245031702, -1.090000000000000524 ) ) ;
#1161 = CARTESIAN_POINT ( 'NONE',  ( -0.2866536293435612559, -0.001173705456575668479, -1.089999999999999858 ) ) ;
#1162 = CARTESIAN_POINT ( 'NONE',  ( 0.1009414887985932013, 0.1007397237168660836, -1.088999999999999746 ) ) ;
#1163 = ORIENTED_EDGE ( 'NONE', *, *, #281, .F. ) ;
#1164 = FACE_BOUND ( 'NONE', #3210, .T. ) ;
#1165 = CARTESIAN_POINT ( 'NONE',  ( 0.03278954257431059699, -0.06772372154602099292, -1.089000000000000190 ) ) ;
#1166 = PLANE ( 'NONE',  #4620 ) ;
#1167 = ORIENTED_EDGE ( 'NONE', *, *, #1897, .T. ) ;
#1168 = LINE ( 'NONE', #4527, #1629 ) ;
#1169 = DIRECTION ( 'NONE',  ( -1.000000000000000000, 0.000000000000000000, 0.000000000000000000 ) ) ;
#1170 = COLOUR_RGB ( '',0.7529411764705882248, 0.7529411764705882248, 0.7529411764705882248 ) ;
#1171 = CARTESIAN_POINT ( 'NONE',  ( 0.03278954257431059699, -0.06772372154602099292, -1.090000000000000302 ) ) ;
#1172 = CARTESIAN_POINT ( 'NONE',  ( 0.1815700303791886738, -0.003813660570411222129, -1.090000000000000080 ) ) ;
#1173 = VERTEX_POINT ( 'NONE', #2755 ) ;
#1174 = PLANE ( 'NONE',  #4082 ) ;
#1175 = EDGE_CURVE ( 'NONE', #617, #4861, #1320, .T. ) ;
#1176 = CARTESIAN_POINT ( 'NONE',  ( 0.1536443656691746096, -0.01914569174068243840, -1.088999999999999968 ) ) ;
#1177 = CARTESIAN_POINT ( 'NONE',  ( -0.2077973476695918198, -0.07808957520455758750, -1.089000000000000190 ) ) ;
#1178 = DIRECTION ( 'NONE',  ( -0.000000000000000000, -0.000000000000000000, -1.000000000000000000 ) ) ;
#1179 = CARTESIAN_POINT ( 'NONE',  ( 0.3010822255011399440, -0.1000407947167527012, -1.089000000000000190 ) ) ;
#1180 = B_SPLINE_CURVE_WITH_KNOTS ( 'NONE', 3,
 ( #4791, #3599, #663, #1902, #3615, #5236, #3136, #4029, #1066, #215, #620, #643, #1917, #4852, #2359, #2711, #3993, #3122, #2788 ),
 .UNSPECIFIED., .F., .F.,
 ( 4, 1, 1, 1, 1, 1, 1, 1, 1, 1, 1, 1, 1, 1, 1, 1, 4 ),
 ( 0.000000000000000000, 0.07082657255516341954, 0.1381690332797999854, 0.2024753315338422566, 0.2639737544135198899, 0.3233803205980371187, 0.3817976227131854583, 0.4393900745193891066, 0.4969027245459975983, 0.5546621696093703147, 0.6127418784921975226, 0.6715388363911724001, 0.7316557220901981351, 0.7942978116139531863, 0.8594822049793585661, 0.9276813254527899177, 1.000000000000000000 ),
 .UNSPECIFIED. ) ;
#1181 = ORIENTED_EDGE ( 'NONE', *, *, #1028, .T. ) ;
#1182 = FILL_AREA_STYLE ('',( #4126 ) ) ;
#1183 = FILL_AREA_STYLE ('',( #3691 ) ) ;
#1184 = VECTOR ( 'NONE', #1845, 1000.000000000000000 ) ;
#1185 = AXIS2_PLACEMENT_3D ( 'NONE', #2731, #1905, #1469 ) ;
#1186 = CARTESIAN_POINT ( 'NONE',  ( 0.1376234030231444361, 0.08610788978644282055, -1.090000000000000080 ) ) ;
#1187 = SURFACE_STYLE_USAGE ( .BOTH. , #4092 ) ;
#1188 = ORIENTED_EDGE ( 'NONE', *, *, #2353, .T. ) ;
#1189 = FILL_AREA_STYLE ('',( #4165 ) ) ;
#1190 = SURFACE_SIDE_STYLE ('',( #349 ) ) ;
#1191 = ORIENTED_EDGE ( 'NONE', *, *, #2688, .T. ) ;
#1192 = AXIS2_PLACEMENT_3D ( 'NONE', #3678, #4518, #4547 ) ;
#1193 = CARTESIAN_POINT ( 'NONE',  ( -0.2855720011554663262, -0.01586375985887957668, -1.090000000000000302 ) ) ;
#1194 = UNCERTAINTY_MEASURE_WITH_UNIT (LENGTH_MEASURE( 1.000000000000000082E-05 ), #4563, 'distance_accuracy_value', 'NONE');
#1195 = CARTESIAN_POINT ( 'NONE',  ( 0.1376234030231444361, 0.08610788978644282055, -1.089000000000000190 ) ) ;
#1196 = EDGE_CURVE ( 'NONE', #1386, #5059, #4845, .T. ) ;
#1197 = CARTESIAN_POINT ( 'NONE',  ( 0.000000000000000000, 0.000000000000000000, -0.8900000000000000133 ) ) ;
#1198 = VECTOR ( 'NONE', #1918, 1000.000000000000000 ) ;
#1199 = LINE ( 'NONE', #421, #91 ) ;
#1200 = FILL_AREA_STYLE_COLOUR ( '', #2272 ) ;
#1201 =( NAMED_UNIT ( * ) SI_UNIT ( $, .STERADIAN. ) SOLID_ANGLE_UNIT ( ) );
#1202 = PRESENTATION_LAYER_ASSIGNMENT (  '', '', ( #3448 ) ) ;
#1203 = ORIENTED_EDGE ( 'NONE', *, *, #431, .T. ) ;
#1204 = ORIENTED_EDGE ( 'NONE', *, *, #4725, .T. ) ;
#1205 = CARTESIAN_POINT ( 'NONE',  ( 0.1108319115547897887, 0.09846494341933298422, -1.090000000000000524 ) ) ;
#1206 = SURFACE_SIDE_STYLE ('',( #2154 ) ) ;
#1207 = COLOUR_RGB ( '',1.000000000000000000, 1.000000000000000000, 1.000000000000000000 ) ;
#1208 = LINE ( 'NONE', #4781, #2253 ) ;
#1209 = SURFACE_STYLE_USAGE ( .BOTH. , #3250 ) ;
#1210 =( NAMED_UNIT ( * ) SI_UNIT ( $, .STERADIAN. ) SOLID_ANGLE_UNIT ( ) );
#1211 =( NAMED_UNIT ( * ) SI_UNIT ( $, .STERADIAN. ) SOLID_ANGLE_UNIT ( ) );
#1212 = EDGE_CURVE ( 'NONE', #5170, #2920, #4523, .T. ) ;
#1213 = ORIENTED_EDGE ( 'NONE', *, *, #3873, .T. ) ;
#1214 = VECTOR ( 'NONE', #205, 1000.000000000000114 ) ;
#1215 = FILL_AREA_STYLE_COLOUR ( '', #4205 ) ;
#1216 = SURFACE_STYLE_USAGE ( .BOTH. , #4488 ) ;
#1217 = CARTESIAN_POINT ( 'NONE',  ( 0.1799574300910129487, 0.01882810364069225501, -1.089000000000000634 ) ) ;
#1218 = ORIENTED_EDGE ( 'NONE', *, *, #2797, .F. ) ;
#1219 = B_SPLINE_CURVE_WITH_KNOTS ( 'NONE', 3,
 ( #1482, #1114, #1928, #4394, #4412, #1912, #2374, #4829, #250, #2758, #3988 ),
 .UNSPECIFIED., .F., .F.,
 ( 4, 1, 1, 1, 1, 1, 1, 1, 4 ),
 ( 0.000000000000000000, 0.1252796967356259727, 0.2494199707420513001, 0.3733567994928199130, 0.4966812787822861286, 0.6202029157439825635, 0.7450863201614565945, 0.8712691950190978307, 1.000000000000000000 ),
 .UNSPECIFIED. ) ;
#1220 = VECTOR ( 'NONE', #4613, 1000.000000000000000 ) ;
#1221 = AXIS2_PLACEMENT_3D ( 'NONE', #1758, #2183, #487 ) ;
#1222 = VECTOR ( 'NONE', #2084, 1000.000000000000000 ) ;
#1223 = CARTESIAN_POINT ( 'NONE',  ( -2.350000000000000089, 1.000000000000000000, -0.2999999999999999334 ) ) ;
#1224 = PRESENTATION_STYLE_ASSIGNMENT (( #2145 ) ) ;
#1225 = ADVANCED_FACE ( 'NONE', ( #5187 ), #4571, .T. ) ;
#1226 = CARTESIAN_POINT ( 'NONE',  ( 0.03278954257431059699, -0.06772372154602099292, -1.089000000000000190 ) ) ;
#1227 = VERTEX_POINT ( 'NONE', #4953 ) ;
#1228 = FILL_AREA_STYLE ('',( #3757 ) ) ;
#1229 = MECHANICAL_DESIGN_GEOMETRIC_PRESENTATION_REPRESENTATION (  '', ( #675 ), #4866 ) ;
#1230 = CARTESIAN_POINT ( 'NONE',  ( 0.1813851957955543992, -0.01453031304116988824, -1.090000000000000080 ) ) ;
#1231 = UNCERTAINTY_MEASURE_WITH_UNIT (LENGTH_MEASURE( 1.000000000000000082E-05 ), #2889, 'distance_accuracy_value', 'NONE');
#1232 = ORIENTED_EDGE ( 'NONE', *, *, #3063, .F. ) ;
#1233 = AXIS2_PLACEMENT_3D ( 'NONE', #1259, #4193, #1291 ) ;
#1234 = EDGE_CURVE ( 'NONE', #2960, #3814, #1000, .T. ) ;
#1235 = SURFACE_SIDE_STYLE ('',( #3946 ) ) ;
#1236 = EDGE_CURVE ( 'NONE', #4246, #3904, #4712, .T. ) ;
#1237 = SURFACE_STYLE_USAGE ( .BOTH. , #3312 ) ;
#1238 = COLOUR_RGB ( '',0.7529411764705882248, 0.7529411764705882248, 0.7529411764705882248 ) ;
#1239 = VECTOR ( 'NONE', #5385, 1000.000000000000000 ) ;
#1240 = CARTESIAN_POINT ( 'NONE',  ( -2.350000000000000089, -1.000000000000000000, -0.8900000000000001243 ) ) ;
#1241 = ORIENTED_EDGE ( 'NONE', *, *, #3366, .T. ) ;
#1242 =( GEOMETRIC_REPRESENTATION_CONTEXT ( 3 ) GLOBAL_UNCERTAINTY_ASSIGNED_CONTEXT ( ( #5033 ) ) GLOBAL_UNIT_ASSIGNED_CONTEXT ( ( #3049, #5099, #4259 ) ) REPRESENTATION_CONTEXT ( 'NONE', 'WORKASPACE' ) );
#1243 = FACE_OUTER_BOUND ( 'NONE', #1395, .T. ) ;
#1244 = CARTESIAN_POINT ( 'NONE',  ( 2.050000000000000266, 1.000000000000000000, -6.123233995736829515E-18 ) ) ;
#1245 = CARTESIAN_POINT ( 'NONE',  ( 0.03466622072930845150, -0.09071079099219471475, -1.090000000000000302 ) ) ;
#1246 = PLANE ( 'NONE',  #2783 ) ;
#1247 = FACE_OUTER_BOUND ( 'NONE', #2328, .T. ) ;
#1248 =( LENGTH_UNIT ( ) NAMED_UNIT ( * ) SI_UNIT ( .MILLI., .METRE. ) );
#1249 = DIRECTION ( 'NONE',  ( -0.000000000000000000, -0.000000000000000000, -1.000000000000000000 ) ) ;
#1250 = MECHANICAL_DESIGN_GEOMETRIC_PRESENTATION_REPRESENTATION (  '', ( #3448 ), #2513 ) ;
#1251 = VERTEX_POINT ( 'NONE', #4117 ) ;
#1252 = VECTOR ( 'NONE', #810, 1000.000000000000000 ) ;
#1253 = SURFACE_SIDE_STYLE ('',( #3412 ) ) ;
#1254 = CARTESIAN_POINT ( 'NONE',  ( -0.3118621930624919658, 0.02352644956846412089, -1.089000000000000412 ) ) ;
#1255 = CYLINDRICAL_SURFACE ( 'NONE', #3039, 0.06999999999999996503 ) ;
#1256 = EDGE_LOOP ( 'NONE', ( #2764, #2085, #2876, #3319 ) ) ;
#1257 = AXIS2_PLACEMENT_3D ( 'NONE', #870, #885, #4240 ) ;
#1258 = B_SPLINE_CURVE_WITH_KNOTS ( 'NONE', 3,
 ( #582, #3972, #2689, #4378, #3117, #3507, #1878, #159, #2260, #5232, #4395 ),
 .UNSPECIFIED., .F., .F.,
 ( 4, 1, 1, 1, 1, 1, 1, 1, 4 ),
 ( 0.000000000000000000, 0.1451868664724696723, 0.2834426109197301091, 0.4165243659288290767, 0.5431811235350824107, 0.6651530826377128891, 0.7813602063127155217, 0.8927566556418091714, 1.000000000000000000 ),
 .UNSPECIFIED. ) ;
#1259 = CARTESIAN_POINT ( 'NONE',  ( 2.350000000000000089, 1.000000000000000000, -1.190000000000000169 ) ) ;
#1260 = DIRECTION ( 'NONE',  ( -2.396026900520452433E-16, 1.000000000000000000, -4.818677063862201954E-32 ) ) ;
#1261 =( GEOMETRIC_REPRESENTATION_CONTEXT ( 3 ) GLOBAL_UNCERTAINTY_ASSIGNED_CONTEXT ( ( #1865 ) ) GLOBAL_UNIT_ASSIGNED_CONTEXT ( ( #3994, #4385, #3604 ) ) REPRESENTATION_CONTEXT ( 'NONE', 'WORKASPACE' ) );
#1262 =( NAMED_UNIT ( * ) PLANE_ANGLE_UNIT ( ) SI_UNIT ( $, .RADIAN. ) );
#1263 = CARTESIAN_POINT ( 'NONE',  ( 2.419999999999999929, 1.000000000000000000, -0.8900000000000001243 ) ) ;
#1264 = SURFACE_SIDE_STYLE ('',( #2265 ) ) ;
#1265 = EDGE_LOOP ( 'NONE', ( #3169, #1591, #3411, #2833 ) ) ;
#1266 = PRESENTATION_LAYER_ASSIGNMENT (  '', '', ( #919 ) ) ;
#1267 = PRESENTATION_STYLE_ASSIGNMENT (( #5372 ) ) ;
#1268 = MECHANICAL_DESIGN_GEOMETRIC_PRESENTATION_REPRESENTATION (  '', ( #214 ), #3580 ) ;
#1269 = CARTESIAN_POINT ( 'NONE',  ( 0.03278954257431059699, 0.06764213211251560165, -1.089000000000000190 ) ) ;
#1270 =( LENGTH_UNIT ( ) NAMED_UNIT ( * ) SI_UNIT ( .MILLI., .METRE. ) );
#1271 = CARTESIAN_POINT ( 'NONE',  ( -2.649999999999999911, 1.000000000000000000, -0.8900000000000001243 ) ) ;
#1272 = CARTESIAN_POINT ( 'NONE',  ( 0.05758783742117147553, -0.09936420396802513044, -1.090000000000000302 ) ) ;
#1273 = COLOUR_RGB ( '',0.7529411764705882248, 0.7529411764705882248, 0.7529411764705882248 ) ;
#1274 = DIRECTION ( 'NONE',  ( -0.000000000000000000, -1.000000000000000000, -0.000000000000000000 ) ) ;
#1275 = EDGE_LOOP ( 'NONE', ( #1218, #4973, #4457, #3634 ) ) ;
#1276 = CARTESIAN_POINT ( 'NONE',  ( 0.1353406547159327622, -0.05944255390783049348, -1.089000000000000412 ) ) ;
#1277 = SURFACE_STYLE_FILL_AREA ( #1973 ) ;
#1278 = CARTESIAN_POINT ( 'NONE',  ( 0.05758783742117147553, -0.09936420396802513044, -1.089000000000000412 ) ) ;
#1279 = CARTESIAN_POINT ( 'NONE',  ( 0.03832075084706200452, -0.07083915910111290848, -1.089000000000000190 ) ) ;
#1280 = PRESENTATION_LAYER_ASSIGNMENT (  '', '', ( #2023 ) ) ;
#1281 = ORIENTED_EDGE ( 'NONE', *, *, #2254, .F. ) ;
#1282 = CARTESIAN_POINT ( 'NONE',  ( -0.2751307418436506058, -0.04552210149087498187, -1.089000000000000190 ) ) ;
#1283 = CARTESIAN_POINT ( 'NONE',  ( 0.07751600687632856368, 0.08041510204202834133, -1.089000000000000412 ) ) ;
#1284 = FACE_OUTER_BOUND ( 'NONE', #719, .T. ) ;
#1285 = LINE ( 'NONE', #342, #5425 ) ;
#1286 = DIRECTION ( 'NONE',  ( -1.000000000000000000, 0.000000000000000000, 0.000000000000000000 ) ) ;
#1287 = VERTEX_POINT ( 'NONE', #3329 ) ;
#1288 = CARTESIAN_POINT ( 'NONE',  ( -0.2090168598647138554, 0.09995920528324733767, -1.089000000000000190 ) ) ;
#1289 = PRESENTATION_STYLE_ASSIGNMENT (( #4353 ) ) ;
#1290 = CARTESIAN_POINT ( 'NONE',  ( -1.498759313441822449, -1.617803591027773269, 1.090000000000000080 ) ) ;
#1291 = DIRECTION ( 'NONE',  ( 1.000000000000000000, 0.000000000000000000, -0.000000000000000000 ) ) ;
#1292 = ORIENTED_EDGE ( 'NONE', *, *, #2151, .T. ) ;
#1293 = STYLED_ITEM ( 'NONE', ( #1018 ), #4768 ) ;
#1294 = CARTESIAN_POINT ( 'NONE',  ( 0.1986432011108960061, -0.1000407947167527012, -1.089000000000000190 ) ) ;
#1295 = LINE ( 'NONE', #1867, #3392 ) ;
#1296 = CARTESIAN_POINT ( 'NONE',  ( 0.1248113934570933559, -0.06873437639436380531, -1.090000000000000080 ) ) ;
#1297 = EDGE_LOOP ( 'NONE', ( #3603, #5374, #4291, #2963 ) ) ;
#1298 = CARTESIAN_POINT ( 'NONE',  ( 0.08512563165247027941, -0.1024482183449180184, -1.089000000000000190 ) ) ;
#1299 = CARTESIAN_POINT ( 'NONE',  ( 0.05656981193046632661, -0.07740578956990247506, -1.089000000000000190 ) ) ;
#1300 = VECTOR ( 'NONE', #1169, 1000.000000000000000 ) ;
#1301 = VECTOR ( 'NONE', #3381, 1000.000000000000000 ) ;
#1302 = EDGE_CURVE ( 'NONE', #4303, #1647, #5000, .T. ) ;
#1303 = CARTESIAN_POINT ( 'NONE',  ( -0.2252569590016856305, -0.07688819399668823940, -1.089000000000000190 ) ) ;
#1304 = CARTESIAN_POINT ( 'NONE',  ( 0.08669271903996864093, -0.08046237997802481445, -1.089000000000000190 ) ) ;
#1305 = EDGE_CURVE ( 'NONE', #581, #3662, #3209, .T. ) ;
#1306 = DIRECTION ( 'NONE',  ( -0.000000000000000000, -1.000000000000000000, -0.000000000000000000 ) ) ;
#1307 = VERTEX_POINT ( 'NONE', #849 ) ;
#1308 = CARTESIAN_POINT ( 'NONE',  ( -0.2126912326779837326, 0.09987730689273084661, -1.089999999999999636 ) ) ;
#1309 = VECTOR ( 'NONE', #3884, 1000.000000000000000 ) ;
#1310 = STYLED_ITEM ( 'NONE', ( #515 ), #724 ) ;
#1311 =( NAMED_UNIT ( * ) SI_UNIT ( $, .STERADIAN. ) SOLID_ANGLE_UNIT ( ) );
#1312 = CARTESIAN_POINT ( 'NONE',  ( 0.1430778562102257290, 0.04599426269305558618, -1.090000000000000080 ) ) ;
#1313 = DIRECTION ( 'NONE',  ( -2.396026900520451940E-16, 1.000000000000000000, -0.000000000000000000 ) ) ;
#1314 = ORIENTED_EDGE ( 'NONE', *, *, #1934, .T. ) ;
#1315 = ADVANCED_FACE ( 'NONE', ( #403 ), #3538, .F. ) ;
#1316 = EDGE_CURVE ( 'NONE', #1549, #601, #1773, .T. ) ;
#1317 = PLANE ( 'NONE',  #3263 ) ;
#1318 = VERTEX_POINT ( 'NONE', #3682 ) ;
#1319 = CARTESIAN_POINT ( 'NONE',  ( 0.1545366210304555399, 0.006930024237982710701, -1.089000000000000634 ) ) ;
#1320 = LINE ( 'NONE', #4826, #4585 ) ;
#1321 = CARTESIAN_POINT ( 'NONE',  ( -2.350000000000000089, -1.000000000000000000, -0.2999999999999999334 ) ) ;
#1322 = CARTESIAN_POINT ( 'NONE',  ( 0.03278954257431059699, 0.09447140040519853843, -1.090000000000000080 ) ) ;
#1323 = ORIENTED_EDGE ( 'NONE', *, *, #765, .T. ) ;
#1324 = CARTESIAN_POINT ( 'NONE',  ( -0.2865195147666112496, -0.007151472132992097233, -1.089000000000000190 ) ) ;
#1325 = PRESENTATION_STYLE_ASSIGNMENT (( #1911 ) ) ;
#1326 =( NAMED_UNIT ( * ) PLANE_ANGLE_UNIT ( ) SI_UNIT ( $, .RADIAN. ) );
#1327 = MECHANICAL_DESIGN_GEOMETRIC_PRESENTATION_REPRESENTATION (  '', ( #5375 ), #2093 ) ;
#1328 = VECTOR ( 'NONE', #5158, 1000.000000000000000 ) ;
#1329 = PRESENTATION_STYLE_ASSIGNMENT (( #3247 ) ) ;
#1330 = CARTESIAN_POINT ( 'NONE',  ( 0.1248113934570933559, -0.06873437639436380531, -1.090000000000000302 ) ) ;
#1331 =( NAMED_UNIT ( * ) SI_UNIT ( $, .STERADIAN. ) SOLID_ANGLE_UNIT ( ) );
#1332 = ORIENTED_EDGE ( 'NONE', *, *, #181, .T. ) ;
#1333 =( GEOMETRIC_REPRESENTATION_CONTEXT ( 3 ) GLOBAL_UNCERTAINTY_ASSIGNED_CONTEXT ( ( #3889 ) ) GLOBAL_UNIT_ASSIGNED_CONTEXT ( ( #3782, #4627, #5072 ) ) REPRESENTATION_CONTEXT ( 'NONE', 'WORKASPACE' ) );
#1334 = CARTESIAN_POINT ( 'NONE',  ( -0.1135519208403235752, -0.1000407947167527012, -1.089000000000000190 ) ) ;
#1335 = DIRECTION ( 'NONE',  ( 1.000000000000000000, 0.000000000000000000, 0.000000000000000000 ) ) ;
#1336 = VECTOR ( 'NONE', #3033, 1000.000000000000000 ) ;
#1337 = CARTESIAN_POINT ( 'NONE',  ( 0.1500116484809775608, -0.03444724234553477732, -1.089999999999999858 ) ) ;
#1338 = VECTOR ( 'NONE', #1133, 1000.000000000000000 ) ;
#1339 = EDGE_CURVE ( 'NONE', #4892, #1762, #1645, .T. ) ;
#1340 = PLANE ( 'NONE',  #600 ) ;
#1341 = VERTEX_POINT ( 'NONE', #4992 ) ;
#1342 = EDGE_CURVE ( 'NONE', #2960, #2920, #2508, .T. ) ;
#1343 = ORIENTED_EDGE ( 'NONE', *, *, #1618, .F. ) ;
#1344 = PRESENTATION_LAYER_ASSIGNMENT (  '', '', ( #214 ) ) ;
#1345 = SURFACE_STYLE_FILL_AREA ( #2087 ) ;
#1346 =( NAMED_UNIT ( * ) SI_UNIT ( $, .STERADIAN. ) SOLID_ANGLE_UNIT ( ) );
#1347 = FILL_AREA_STYLE ('',( #2163 ) ) ;
#1348 = EDGE_LOOP ( 'NONE', ( #2648, #3776, #4933, #2838 ) ) ;
#1349 = LINE ( 'NONE', #2275, #1608 ) ;
#1350 = CARTESIAN_POINT ( 'NONE',  ( -2.249999999999999556, -0.9999999999999997780, 0.000000000000000000 ) ) ;
#1351 = ORIENTED_EDGE ( 'NONE', *, *, #178, .T. ) ;
#1352 = CARTESIAN_POINT ( 'NONE',  ( 0.1226764446766349798, 0.06794960350814446826, -1.090000000000000080 ) ) ;
#1353 = ORIENTED_EDGE ( 'NONE', *, *, #3941, .T. ) ;
#1354 = STYLED_ITEM ( 'NONE', ( #1720 ), #1045 ) ;
#1355 = FILL_AREA_STYLE_COLOUR ( '', #4698 ) ;
#1356 = CARTESIAN_POINT ( 'NONE',  ( 1.057803591027772327, -2.000000000000000444, -0.8900000000000000133 ) ) ;
#1357 =( NAMED_UNIT ( * ) SI_UNIT ( $, .STERADIAN. ) SOLID_ANGLE_UNIT ( ) );
#1358 = FILL_AREA_STYLE ('',( #3459 ) ) ;
#1359 = VERTEX_POINT ( 'NONE', #831 ) ;
#1360 = ORIENTED_EDGE ( 'NONE', *, *, #3291, .T. ) ;
#1361 = DIRECTION ( 'NONE',  ( 0.000000000000000000, -1.000000000000000000, 0.000000000000000000 ) ) ;
#1362 = FILL_AREA_STYLE ('',( #541 ) ) ;
#1363 = PRESENTATION_STYLE_ASSIGNMENT (( #149 ) ) ;
#1364 = SURFACE_SIDE_STYLE ('',( #236 ) ) ;
#1365 = ORIENTED_EDGE ( 'NONE', *, *, #389, .T. ) ;
#1366 = AXIS2_PLACEMENT_3D ( 'NONE', #5210, #1388, #4311 ) ;
#1367 = CARTESIAN_POINT ( 'NONE',  ( -2.249999999999999556, -1.617979918008481732, 1.089000000000000190 ) ) ;
#1368 = UNCERTAINTY_MEASURE_WITH_UNIT (LENGTH_MEASURE( 1.000000000000000082E-05 ), #548, 'distance_accuracy_value', 'NONE');
#1369 = SURFACE_STYLE_FILL_AREA ( #5340 ) ;
#1370 = EDGE_LOOP ( 'NONE', ( #4966, #997, #4716, #1663 ) ) ;
#1371 = MECHANICAL_DESIGN_GEOMETRIC_PRESENTATION_REPRESENTATION (  '', ( #4078 ), #1094 ) ;
#1372 = CARTESIAN_POINT ( 'NONE',  ( -0.4149164535542103627, 0.06768459593448557243, -1.089000000000000634 ) ) ;
#1373 = PRESENTATION_STYLE_ASSIGNMENT (( #3133 ) ) ;
#1374 =( NAMED_UNIT ( * ) PLANE_ANGLE_UNIT ( ) SI_UNIT ( $, .RADIAN. ) );
#1375 = PRESENTATION_LAYER_ASSIGNMENT (  '', '', ( #1930 ) ) ;
#1376 = LINE ( 'NONE', #1378, #3870 ) ;
#1377 = CARTESIAN_POINT ( 'NONE',  ( -0.4131327135232504277, 0.06154457113690584014, -1.089000000000000190 ) ) ;
#1378 = CARTESIAN_POINT ( 'NONE',  ( 2.649999999999999911, -1.000000000000000000, -0.2999999999999999334 ) ) ;
#1379 = EDGE_CURVE ( 'NONE', #694, #5211, #2947, .T. ) ;
#1380 = VECTOR ( 'NONE', #4883, 1000.000000000000000 ) ;
#1381 = CARTESIAN_POINT ( 'NONE',  ( 0.03456561969986236132, 0.06867416671081143231, -1.090000000000000080 ) ) ;
#1382 = SURFACE_SIDE_STYLE ('',( #898 ) ) ;
#1383 = ORIENTED_EDGE ( 'NONE', *, *, #3833, .F. ) ;
#1384 = ORIENTED_EDGE ( 'NONE', *, *, #2054, .T. ) ;
#1385 = AXIS2_PLACEMENT_3D ( 'NONE', #2600, #970, #84 ) ;
#1386 = VERTEX_POINT ( 'NONE', #2922 ) ;
#1387 = CARTESIAN_POINT ( 'NONE',  ( 0.000000000000000000, 0.000000000000000000, -1.090000000000000080 ) ) ;
#1388 = DIRECTION ( 'NONE',  ( 0.000000000000000000, -1.000000000000000000, 0.000000000000000000 ) ) ;
#1389 = ORIENTED_EDGE ( 'NONE', *, *, #2787, .F. ) ;
#1390 = ORIENTED_EDGE ( 'NONE', *, *, #3087, .T. ) ;
#1391 = ORIENTED_EDGE ( 'NONE', *, *, #4759, .T. ) ;
#1392 = EDGE_CURVE ( 'NONE', #424, #4892, #397, .T. ) ;
#1393 = CARTESIAN_POINT ( 'NONE',  ( 2.093068987169465878, 1.653068987169465265, -0.8900000000000000133 ) ) ;
#1394 = DIRECTION ( 'NONE',  ( 0.3393303772748785807, 0.9406672605435402179, 0.000000000000000000 ) ) ;
#1395 = EDGE_LOOP ( 'NONE', ( #2772, #3120, #3480, #117 ) ) ;
#1396 = CARTESIAN_POINT ( 'NONE',  ( -0.2254396891056219265, 0.07694418464986789441, -1.089000000000000190 ) ) ;
#1397 = CARTESIAN_POINT ( 'NONE',  ( -2.350000000000000089, 1.000000000000000000, -0.8900000000000001243 ) ) ;
#1398 = FACE_OUTER_BOUND ( 'NONE', #3535, .T. ) ;
#1399 = DIRECTION ( 'NONE',  ( 0.000000000000000000, 0.000000000000000000, -1.000000000000000000 ) ) ;
#1400 = VERTEX_POINT ( 'NONE', #50 ) ;
#1401 = UNCERTAINTY_MEASURE_WITH_UNIT (LENGTH_MEASURE( 1.000000000000000082E-05 ), #4057, 'distance_accuracy_value', 'NONE');
#1402 = CARTESIAN_POINT ( 'NONE',  ( 2.350000000000000089, 1.000000000000000000, -0.8900000000000001243 ) ) ;
#1403 = VERTEX_POINT ( 'NONE', #2580 ) ;
#1404 =( GEOMETRIC_REPRESENTATION_CONTEXT ( 3 ) GLOBAL_UNCERTAINTY_ASSIGNED_CONTEXT ( ( #4249 ) ) GLOBAL_UNIT_ASSIGNED_CONTEXT ( ( #1617, #826, #2501 ) ) REPRESENTATION_CONTEXT ( 'NONE', 'WORKASPACE' ) );
#1405 = DIRECTION ( 'NONE',  ( -0.000000000000000000, -0.000000000000000000, -1.000000000000000000 ) ) ;
#1406 = FACE_OUTER_BOUND ( 'NONE', #3022, .T. ) ;
#1407 = COLOUR_RGB ( '',1.000000000000000000, 1.000000000000000000, 1.000000000000000000 ) ;
#1408 = STYLED_ITEM ( 'NONE', ( #1289 ), #2383 ) ;
#1409 = LINE ( 'NONE', #5272, #2976 ) ;
#1410 = DIRECTION ( 'NONE',  ( -1.000000000000000000, 0.000000000000000000, -0.000000000000000000 ) ) ;
#1411 = PLANE ( 'NONE',  #5338 ) ;
#1412 = EDGE_CURVE ( 'NONE', #4877, #1523, #2503, .T. ) ;
#1413 = CIRCLE ( 'NONE', #4755, 0.2999999999999999334 ) ;
#1414 =( NAMED_UNIT ( * ) SI_UNIT ( $, .STERADIAN. ) SOLID_ANGLE_UNIT ( ) );
#1415 = CARTESIAN_POINT ( 'NONE',  ( -0.1037958232793479707, -0.009796892277728305384, -1.090000000000000080 ) ) ;
#1416 = EDGE_CURVE ( 'NONE', #5367, #3230, #4071, .T. ) ;
#1417 = VERTEX_POINT ( 'NONE', #5069 ) ;
#1418 = ORIENTED_EDGE ( 'NONE', *, *, #739, .T. ) ;
#1419 = FILL_AREA_STYLE_COLOUR ( '', #4317 ) ;
#1420 = CARTESIAN_POINT ( 'NONE',  ( 0.06107298873716927173, 0.07874046849093090106, -1.090000000000000524 ) ) ;
#1421 = AXIS2_PLACEMENT_3D ( 'NONE', #1179, #800, #3374 ) ;
#1422 = SURFACE_STYLE_FILL_AREA ( #3973 ) ;
#1423 = CARTESIAN_POINT ( 'NONE',  ( 0.07962643281821303598, 0.08044701016129608695, -1.089000000000000190 ) ) ;
#1424 = SURFACE_STYLE_USAGE ( .BOTH. , #1003 ) ;
#1425 = LINE ( 'NONE', #357, #2932 ) ;
#1426 = DIRECTION ( 'NONE',  ( 0.000000000000000000, 0.000000000000000000, 1.000000000000000000 ) ) ;
#1427 = ORIENTED_EDGE ( 'NONE', *, *, #1060, .F. ) ;
#1428 = DIRECTION ( 'NONE',  ( 1.000000000000000000, 0.000000000000000000, 0.000000000000000000 ) ) ;
#1429 = EDGE_LOOP ( 'NONE', ( #231, #3700, #4982, #1080, #1391, #5046, #4916, #1191, #1816, #2431, #4433, #3808 ) ) ;
#1430 = FACE_OUTER_BOUND ( 'NONE', #3920, .T. ) ;
#1431 = LINE ( 'NONE', #2248, #2735 ) ;
#1432 = SURFACE_STYLE_USAGE ( .BOTH. , #3456 ) ;
#1433 = ORIENTED_EDGE ( 'NONE', *, *, #1515, .F. ) ;
#1434 = CARTESIAN_POINT ( 'NONE',  ( 2.050000000000000266, 1.000000000000000000, -6.123233995736829515E-18 ) ) ;
#1435 = CARTESIAN_POINT ( 'NONE',  ( 1.057803591027772327, 1.809999999999999387, 0.000000000000000000 ) ) ;
#1436 = VECTOR ( 'NONE', #3909, 1000.000000000000114 ) ;
#1437 = PLANE ( 'NONE',  #809 ) ;
#1438 = ORIENTED_EDGE ( 'NONE', *, *, #1416, .T. ) ;
#1439 = CARTESIAN_POINT ( 'NONE',  ( -0.2908368297226578969, -0.06490586863998155931, -1.090000000000000746 ) ) ;
#1440 =( NAMED_UNIT ( * ) PLANE_ANGLE_UNIT ( ) SI_UNIT ( $, .RADIAN. ) );
#1441 = LINE ( 'NONE', #5159, #5376 ) ;
#1442 = AXIS2_PLACEMENT_3D ( 'NONE', #2153, #2998, #496 ) ;
#1443 =( NAMED_UNIT ( * ) PLANE_ANGLE_UNIT ( ) SI_UNIT ( $, .RADIAN. ) );
#1444 = LINE ( 'NONE', #4582, #1827 ) ;
#1445 = STYLED_ITEM ( 'NONE', ( #1142 ), #4964 ) ;
#1446 = DIRECTION ( 'NONE',  ( -1.000000000000000000, 0.000000000000000000, 0.000000000000000000 ) ) ;
#1447 = MECHANICAL_DESIGN_GEOMETRIC_PRESENTATION_REPRESENTATION (  '', ( #3686 ), #2674 ) ;
#1448 = SURFACE_STYLE_USAGE ( .BOTH. , #1935 ) ;
#1449 = PLANE ( 'NONE',  #4264 ) ;
#1450 = ADVANCED_FACE ( 'NONE', ( #4454 ), #4097, .T. ) ;
#1451 = FILL_AREA_STYLE_COLOUR ( '', #4745 ) ;
#1452 = CARTESIAN_POINT ( 'NONE',  ( -0.2292615112335773808, -0.09844010433421490625, -1.090000000000000302 ) ) ;
#1453 = DIRECTION ( 'NONE',  ( -0.1736481776669307198, 0.000000000000000000, 0.9848077530122080203 ) ) ;
#1454 = VERTEX_POINT ( 'NONE', #2957 ) ;
#1455 = DIRECTION ( 'NONE',  ( -4.910211476551097261E-15, 2.202967291916965395E-13, -1.000000000000000000 ) ) ;
#1456 = VECTOR ( 'NONE', #1313, 1000.000000000000000 ) ;
#1457 = CARTESIAN_POINT ( 'NONE',  ( -0.03306411596227474409, -0.009796892277728305384, -1.089000000000000190 ) ) ;
#1458 = LINE ( 'NONE', #2516, #2105 ) ;
#1459 = EDGE_LOOP ( 'NONE', ( #3084, #3882, #3276, #5395 ) ) ;
#1460 = EDGE_CURVE ( 'NONE', #3860, #2488, #2908, .T. ) ;
#1461 = SURFACE_STYLE_FILL_AREA ( #1183 ) ;
#1462 = CARTESIAN_POINT ( 'NONE',  ( 0.05758783742117147553, -0.09936420396802513044, -1.090000000000000302 ) ) ;
#1463 = DIRECTION ( 'NONE',  ( 0.000000000000000000, 1.000000000000000000, 0.000000000000000000 ) ) ;
#1464 = DIRECTION ( 'NONE',  ( 0.000000000000000000, 0.1736481776669307198, 0.9848077530122080203 ) ) ;
#1465 = EDGE_LOOP ( 'NONE', ( #153, #4260, #2520, #1351 ) ) ;
#1466 = UNCERTAINTY_MEASURE_WITH_UNIT (LENGTH_MEASURE( 1.000000000000000082E-05 ), #4918, 'distance_accuracy_value', 'NONE');
#1467 =( NAMED_UNIT ( * ) PLANE_ANGLE_UNIT ( ) SI_UNIT ( $, .RADIAN. ) );
#1468 = LINE ( 'NONE', #2086, #3696 ) ;
#1469 = DIRECTION ( 'NONE',  ( 1.000000000000000000, 0.000000000000000000, -2.011111420667069011E-16 ) ) ;
#1470 = VECTOR ( 'NONE', #3246, 1000.000000000000000 ) ;
#1471 = DIRECTION ( 'NONE',  ( -1.000000000000000000, 0.000000000000000000, -0.000000000000000000 ) ) ;
#1472 = VERTEX_POINT ( 'NONE', #427 ) ;
#1473 = STYLED_ITEM ( 'NONE', ( #2817 ), #1886 ) ;
#1474 = CARTESIAN_POINT ( 'NONE',  ( -0.2069589330354454915, -0.1000407947167527012, -1.089999999999999858 ) ) ;
#1475 = CARTESIAN_POINT ( 'NONE',  ( 0.05998068224109349283, 0.1013641971766432170, -1.090000000000000080 ) ) ;
#1476 = ORIENTED_EDGE ( 'NONE', *, *, #2743, .T. ) ;
#1477 = LINE ( 'NONE', #1038, #1996 ) ;
#1478 =( GEOMETRIC_REPRESENTATION_CONTEXT ( 3 ) GLOBAL_UNCERTAINTY_ASSIGNED_CONTEXT ( ( #4089 ) ) GLOBAL_UNIT_ASSIGNED_CONTEXT ( ( #2433, #5351, #1976 ) ) REPRESENTATION_CONTEXT ( 'NONE', 'WORKASPACE' ) );
#1479 = CARTESIAN_POINT ( 'NONE',  ( -0.2496291650948276319, -0.09319895803034278225, -1.089999999999999858 ) ) ;
#1480 = VERTEX_POINT ( 'NONE', #3056 ) ;
#1481 = ADVANCED_FACE ( 'NONE', ( #2759 ), #476, .T. ) ;
#1482 = CARTESIAN_POINT ( 'NONE',  ( 0.03278954257431059699, 0.06764213211251560165, -1.090000000000000080 ) ) ;
#1483 = PRESENTATION_LAYER_ASSIGNMENT (  '', '', ( #4212 ) ) ;
#1484 = DIRECTION ( 'NONE',  ( -1.000000000000000000, 0.000000000000000000, 0.000000000000000000 ) ) ;
#1485 =( LENGTH_UNIT ( ) NAMED_UNIT ( * ) SI_UNIT ( .MILLI., .METRE. ) );
#1486 = VERTEX_POINT ( 'NONE', #942 ) ;
#1487 = EDGE_CURVE ( 'NONE', #4594, #853, #2892, .T. ) ;
#1488 = DIRECTION ( 'NONE',  ( 0.000000000000000000, -0.000000000000000000, 1.000000000000000000 ) ) ;
#1489 = SURFACE_SIDE_STYLE ('',( #2055 ) ) ;
#1490 =( LENGTH_UNIT ( ) NAMED_UNIT ( * ) SI_UNIT ( .MILLI., .METRE. ) );
#1491 = CARTESIAN_POINT ( 'NONE',  ( -1.498759313441822449, 1.617803591027771937, 1.090000000000000080 ) ) ;
#1492 = PRESENTATION_LAYER_ASSIGNMENT (  '', '', ( #126 ) ) ;
#1493 = VECTOR ( 'NONE', #1052, 1000.000000000000000 ) ;
#1494 = SURFACE_SIDE_STYLE ('',( #5353 ) ) ;
#1495 = ORIENTED_EDGE ( 'NONE', *, *, #5102, .F. ) ;
#1496 = ORIENTED_EDGE ( 'NONE', *, *, #3869, .T. ) ;
#1497 = EDGE_CURVE ( 'NONE', #4736, #4406, #4839, .T. ) ;
#1498 = VERTEX_POINT ( 'NONE', #587 ) ;
#1499 = ORIENTED_EDGE ( 'NONE', *, *, #1514, .F. ) ;
#1500 = FILL_AREA_STYLE_COLOUR ( '', #614 ) ;
#1501 = CARTESIAN_POINT ( 'NONE',  ( 0.07752971923003421084, 0.1023815607863695215, -1.089000000000000190 ) ) ;
#1502 = CARTESIAN_POINT ( 'NONE',  ( 0.1467411962544172555, 0.03918902667549899882, -1.088999999999999968 ) ) ;
#1503 = ADVANCED_FACE ( 'NONE', ( #3739 ), #999, .T. ) ;
#1504 = PLANE ( 'NONE',  #4073 ) ;
#1505 = LINE ( 'NONE', #3513, #4981 ) ;
#1506 = CARTESIAN_POINT ( 'NONE',  ( -0.2077973476695918198, -0.07808957520455758750, -1.090000000000000080 ) ) ;
#1507 = PRESENTATION_LAYER_ASSIGNMENT (  '', '', ( #4372 ) ) ;
#1508 = CARTESIAN_POINT ( 'NONE',  ( -0.2117503858377091375, 0.07794938693723331424, -1.090000000000000302 ) ) ;
#1509 = LINE ( 'NONE', #1136, #4450 ) ;
#1510 = PRESENTATION_LAYER_ASSIGNMENT (  '', '', ( #4519 ) ) ;
#1511 = B_SPLINE_SURFACE_WITH_KNOTS ( 'NONE', 3, 1, ( 
 ( #2492, #2950 ),
 ( #5038, #1245 ),
 ( #2533, #396 ),
 ( #5391, #4164 ),
 ( #3772, #4980 ),
 ( #3281, #1272 ),
 ( #4576, #5424 ),
 ( #2890, #2511 ),
 ( #817, #4598 ),
 ( #24, #435 ),
 ( #803, #5021 ) ),
 .UNSPECIFIED., .F., .F., .F.,
 ( 4, 1, 1, 1, 1, 1, 1, 1, 4 ),
 ( 2, 2 ),
 ( 0.000000000000000000, 0.1124483899088010164, 0.2265276752126777204, 0.3444019493260284670, 0.4658649724874589504, 0.5916594493521171172, 0.7221684870248873400, 0.8586063875549265756, 1.000000000000000000 ),
 ( 0.000000000000000000, 1.000000000000000000 ),
 .UNSPECIFIED. ) ;
#1512 = CARTESIAN_POINT ( 'NONE',  ( -0.2089025305964211376, 0.07800798577105219622, -1.090000000000000080 ) ) ;
#1513 = PRODUCT_RELATED_PRODUCT_CATEGORY ( 'part', '', ( #744 ) ) ;
#1514 = EDGE_CURVE ( 'NONE', #1318, #2203, #3073, .T. ) ;
#1515 = EDGE_CURVE ( 'NONE', #3967, #4783, #4324, .T. ) ;
#1516 = CARTESIAN_POINT ( 'NONE',  ( 0.1596959403011123380, 0.06576873872061188286, -1.089000000000000190 ) ) ;
#1517 =( NAMED_UNIT ( * ) PLANE_ANGLE_UNIT ( ) SI_UNIT ( $, .RADIAN. ) );
#1518 = ORIENTED_EDGE ( 'NONE', *, *, #1236, .T. ) ;
#1519 = EDGE_LOOP ( 'NONE', ( #371, #3399, #3371, #3343 ) ) ;
#1520 = FILL_AREA_STYLE ('',( #4398 ) ) ;
#1521 = CARTESIAN_POINT ( 'NONE',  ( 0.05998068224109349283, 0.1013641971766432170, -1.090000000000000080 ) ) ;
#1522 = MECHANICAL_DESIGN_GEOMETRIC_PRESENTATION_REPRESENTATION (  '', ( #1310 ), #2361 ) ;
#1523 = VERTEX_POINT ( 'NONE', #605 ) ;
#1524 = CARTESIAN_POINT ( 'NONE',  ( 0.04418366253803891752, -0.07339177677842903535, -1.090000000000000080 ) ) ;
#1525 = SURFACE_STYLE_USAGE ( .BOTH. , #3233 ) ;
#1526 = SURFACE_SIDE_STYLE ('',( #3834 ) ) ;
#1527 = ORIENTED_EDGE ( 'NONE', *, *, #3763, .F. ) ;
#1528 = SURFACE_STYLE_FILL_AREA ( #353 ) ;
#1529 = AXIS2_PLACEMENT_3D ( 'NONE', #2504, #4171, #2902 ) ;
#1530 = CARTESIAN_POINT ( 'NONE',  ( -0.2867226525476406218, 0.001902802844222915846, -1.089000000000000190 ) ) ;
#1531 = CARTESIAN_POINT ( 'NONE',  ( -2.350000000000000089, 1.000000000000000000, -0.9600000000000001865 ) ) ;
#1532 = VECTOR ( 'NONE', #4301, 1000.000000000000000 ) ;
#1533 = ADVANCED_FACE ( 'NONE', ( #1120 ), #1051, .T. ) ;
#1534 = FILL_AREA_STYLE_COLOUR ( '', #2733 ) ;
#1535 = ORIENTED_EDGE ( 'NONE', *, *, #3625, .F. ) ;
#1536 = UNCERTAINTY_MEASURE_WITH_UNIT (LENGTH_MEASURE( 1.000000000000000082E-05 ), #2933, 'distance_accuracy_value', 'NONE');
#1537 = CARTESIAN_POINT ( 'NONE',  ( -1.057803591027772327, -1.653068987169466597, -0.8900000000000000133 ) ) ;
#1538 = PRESENTATION_STYLE_ASSIGNMENT (( #3737 ) ) ;
#1539 = DIRECTION ( 'NONE',  ( 0.000000000000000000, -1.000000000000000000, 0.000000000000000000 ) ) ;
#1540 = CARTESIAN_POINT ( 'NONE',  ( 0.03438156727644137850, 0.09511763833137322488, -1.088999999999999968 ) ) ;
#1541 = AXIS2_PLACEMENT_3D ( 'NONE', #1097, #725, #4064 ) ;
#1542 = ORIENTED_EDGE ( 'NONE', *, *, #2547, .T. ) ;
#1543 = CARTESIAN_POINT ( 'NONE',  ( 0.1430778562102257290, 0.04599426269305558618, -1.089000000000000190 ) ) ;
#1544 = CARTESIAN_POINT ( 'NONE',  ( 0.05024509313493250029, -0.07562658899990347405, -1.090000000000000080 ) ) ;
#1545 = DIRECTION ( 'NONE',  ( 0.000000000000000000, -1.000000000000000000, 0.000000000000000000 ) ) ;
#1546 =( GEOMETRIC_REPRESENTATION_CONTEXT ( 3 ) GLOBAL_UNCERTAINTY_ASSIGNED_CONTEXT ( ( #900 ) ) GLOBAL_UNIT_ASSIGNED_CONTEXT ( ( #4858, #3620, #791 ) ) REPRESENTATION_CONTEXT ( 'NONE', 'WORKASPACE' ) );
#1547 = FILL_AREA_STYLE ('',( #1983 ) ) ;
#1548 = CARTESIAN_POINT ( 'NONE',  ( 2.419999999999999929, 1.000000000000000000, -0.2999999999999998779 ) ) ;
#1549 = VERTEX_POINT ( 'NONE', #2323 ) ;
#1550 = VECTOR ( 'NONE', #4728, 1000.000000000000000 ) ;
#1551 = AXIS2_PLACEMENT_3D ( 'NONE', #5373, #270, #2844 ) ;
#1552 = VECTOR ( 'NONE', #1062, 1000.000000000000000 ) ;
#1553 = CARTESIAN_POINT ( 'NONE',  ( -0.2107870764312471112, -0.09997153364152160104, -1.089999999999999636 ) ) ;
#1554 = DIRECTION ( 'NONE',  ( -0.000000000000000000, -0.000000000000000000, -1.000000000000000000 ) ) ;
#1555 = AXIS2_PLACEMENT_3D ( 'NONE', #1321, #3403, #2576 ) ;
#1556 = SURFACE_STYLE_FILL_AREA ( #2943 ) ;
#1557 = CARTESIAN_POINT ( 'NONE',  ( 0.1596959403011123380, 0.06576873872061188286, -1.089999999999998970 ) ) ;
#1558 = FILL_AREA_STYLE_COLOUR ( '', #839 ) ;
#1559 = ORIENTED_EDGE ( 'NONE', *, *, #1487, .F. ) ;
#1560 = PLANE ( 'NONE',  #1610 ) ;
#1561 = CARTESIAN_POINT ( 'NONE',  ( -1.498759313441822449, -1.810000000000000719, 0.000000000000000000 ) ) ;
#1562 = VECTOR ( 'NONE', #3905, 1000.000000000000000 ) ;
#1563 = SURFACE_SIDE_STYLE ('',( #3468 ) ) ;
#1564 = VERTEX_POINT ( 'NONE', #1887 ) ;
#1565 = CARTESIAN_POINT ( 'NONE',  ( 0.09808136162249279921, -0.1022509618569048262, -1.089000000000000190 ) ) ;
#1566 = DIRECTION ( 'NONE',  ( -0.000000000000000000, 0.000000000000000000, -1.000000000000000000 ) ) ;
#1567 = CARTESIAN_POINT ( 'NONE',  ( -2.350000000000000089, -1.000000000000000000, -0.8900000000000001243 ) ) ;
#1568 = FACE_OUTER_BOUND ( 'NONE', #6, .T. ) ;
#1569 = COLOUR_RGB ( '',0.7529411764705882248, 0.7529411764705882248, 0.7529411764705882248 ) ;
#1570 = EDGE_LOOP ( 'NONE', ( #5174, #3432, #1041, #2487 ) ) ;
#1571 = EDGE_CURVE ( 'NONE', #1093, #5230, #2873, .T. ) ;
#1572 = UNCERTAINTY_MEASURE_WITH_UNIT (LENGTH_MEASURE( 1.000000000000000082E-05 ), #2992, 'distance_accuracy_value', 'NONE');
#1573 = CARTESIAN_POINT ( 'NONE',  ( -0.2751307418436506058, -0.04552210149087498187, -1.090000000000000080 ) ) ;
#1574 = SURFACE_STYLE_FILL_AREA ( #565 ) ;
#1575 = CARTESIAN_POINT ( 'NONE',  ( 0.1705001834987484310, 0.04874010918436975232, -1.089000000000000190 ) ) ;
#1576 = CARTESIAN_POINT ( 'NONE',  ( 0.1705001834987484310, 0.04874010918436975232, -1.089999999999998970 ) ) ;
#1577 = VERTEX_POINT ( 'NONE', #1491 ) ;
#1578 = DIRECTION ( 'NONE',  ( -0.000000000000000000, 0.000000000000000000, 1.000000000000000000 ) ) ;
#1579 = CARTESIAN_POINT ( 'NONE',  ( -0.1525763110842260073, -0.1000407947167527012, -1.090000000000000080 ) ) ;
#1580 = FILL_AREA_STYLE_COLOUR ( '', #686 ) ;
#1581 = CARTESIAN_POINT ( 'NONE',  ( 0.1596959403011123380, 0.06576873872061188286, -1.090000000000000080 ) ) ;
#1582 = CARTESIAN_POINT ( 'NONE',  ( 0.07694638422575546255, -0.08043437136706975410, -1.090000000000000302 ) ) ;
#1583 = CARTESIAN_POINT ( 'NONE',  ( 0.1562127338797607845, -0.07552832466194200900, -1.090000000000000080 ) ) ;
#1584 = STYLED_ITEM ( 'NONE', ( #3101 ), #4837 ) ;
#1585 = CARTESIAN_POINT ( 'NONE',  ( 0.2742529572084569933, 0.09995920528324733767, -1.089000000000000190 ) ) ;
#1586 = FACE_OUTER_BOUND ( 'NONE', #1465, .T. ) ;
#1587 = CARTESIAN_POINT ( 'NONE',  ( -0.2747890277182471475, 0.04824827525092707098, -1.089000000000000412 ) ) ;
#1588 = CARTESIAN_POINT ( 'NONE',  ( -0.3135519208403236280, 0.002474449185686330988, -1.089000000000000190 ) ) ;
#1589 = ADVANCED_FACE ( 'NONE', ( #3406 ), #3528, .T. ) ;
#1590 = EDGE_CURVE ( 'NONE', #5427, #1770, #70, .T. ) ;
#1591 = ORIENTED_EDGE ( 'NONE', *, *, #2970, .F. ) ;
#1592 = EDGE_CURVE ( 'NONE', #1014, #4737, #4517, .T. ) ;
#1593 =( NAMED_UNIT ( * ) PLANE_ANGLE_UNIT ( ) SI_UNIT ( $, .RADIAN. ) );
#1594 = VECTOR ( 'NONE', #2684, 1000.000000000000000 ) ;
#1595 = CARTESIAN_POINT ( 'NONE',  ( -2.249999999999999556, 1.809999999999999387, 0.000000000000000000 ) ) ;
#1596 = CARTESIAN_POINT ( 'NONE',  ( 2.419999999999999929, -1.000000000000000000, -0.2999999999999999334 ) ) ;
#1597 = STYLED_ITEM ( 'NONE', ( #806 ), #596 ) ;
#1598 = DIRECTION ( 'NONE',  ( -0.000000000000000000, -0.000000000000000000, -1.000000000000000000 ) ) ;
#1599 = PLANE ( 'NONE',  #1192 ) ;
#1600 =( NAMED_UNIT ( * ) SI_UNIT ( $, .STERADIAN. ) SOLID_ANGLE_UNIT ( ) );
#1601 = DIRECTION ( 'NONE',  ( 0.000000000000000000, -1.000000000000000000, 0.000000000000000000 ) ) ;
#1602 = EDGE_CURVE ( 'NONE', #4018, #4822, #3999, .T. ) ;
#1603 = LINE ( 'NONE', #3940, #5016 ) ;
#1604 = UNCERTAINTY_MEASURE_WITH_UNIT (LENGTH_MEASURE( 1.000000000000000082E-05 ), #167, 'distance_accuracy_value', 'NONE');
#1605 = PLANE ( 'NONE',  #1385 ) ;
#1606 = VERTEX_POINT ( 'NONE', #693 ) ;
#1607 = CARTESIAN_POINT ( 'NONE',  ( 0.03762726941769833217, 0.09643514038893515050, -1.090000000000000302 ) ) ;
#1608 = VECTOR ( 'NONE', #1453, 1000.000000000000000 ) ;
#1609 = LINE ( 'NONE', #599, #1552 ) ;
#1610 = AXIS2_PLACEMENT_3D ( 'NONE', #4472, #1539, #4897 ) ;
#1611 = ORIENTED_EDGE ( 'NONE', *, *, #1196, .T. ) ;
#1612 = SURFACE_STYLE_USAGE ( .BOTH. , #5393 ) ;
#1613 = ADVANCED_FACE ( 'NONE', ( #1247 ), #1504, .F. ) ;
#1614 = CARTESIAN_POINT ( 'NONE',  ( -0.1037958232793479707, 0.01215432723446682392, -1.089000000000000190 ) ) ;
#1615 = PRESENTATION_STYLE_ASSIGNMENT (( #2092 ) ) ;
#1616 = LINE ( 'NONE', #4706, #4295 ) ;
#1617 =( LENGTH_UNIT ( ) NAMED_UNIT ( * ) SI_UNIT ( .MILLI., .METRE. ) );
#1618 = EDGE_CURVE ( 'NONE', #55, #1707, #3735, .T. ) ;
#1619 = DIRECTION ( 'NONE',  ( 0.9848077530122080203, 2.359625868058351608E-16, 0.1736481776669307198 ) ) ;
#1620 = EDGE_CURVE ( 'NONE', #1093, #3728, #530, .T. ) ;
#1621 = CARTESIAN_POINT ( 'NONE',  ( -0.2969089398104839406, -0.05698056362044875978, -1.088999999999999746 ) ) ;
#1622 = DIRECTION ( 'NONE',  ( 0.000000000000000000, 1.000000000000000000, -0.000000000000000000 ) ) ;
#1623 = ORIENTED_EDGE ( 'NONE', *, *, #2073, .T. ) ;
#1624 = PRESENTATION_LAYER_ASSIGNMENT (  '', '', ( #688 ) ) ;
#1625 = CARTESIAN_POINT ( 'NONE',  ( -0.4306250915720308825, 0.09995920528324733767, -1.089000000000000190 ) ) ;
#1626 = SURFACE_SIDE_STYLE ('',( #4426 ) ) ;
#1627 =( NAMED_UNIT ( * ) PLANE_ANGLE_UNIT ( ) SI_UNIT ( $, .RADIAN. ) );
#1628 = ORIENTED_EDGE ( 'NONE', *, *, #4766, .F. ) ;
#1629 = VECTOR ( 'NONE', #2430, 1000.000000000000000 ) ;
#1630 = CARTESIAN_POINT ( 'NONE',  ( -0.4156601511957712658, 0.07145439142593013049, -1.089999999999999858 ) ) ;
#1631 = FILL_AREA_STYLE ('',( #401 ) ) ;
#1632 = DIRECTION ( 'NONE',  ( 0.000000000000000000, 1.000000000000000000, 0.000000000000000000 ) ) ;
#1633 = MECHANICAL_DESIGN_GEOMETRIC_PRESENTATION_REPRESENTATION (  '', ( #2480 ), #152 ) ;
#1634 = UNCERTAINTY_MEASURE_WITH_UNIT (LENGTH_MEASURE( 1.000000000000000082E-05 ), #1248, 'distance_accuracy_value', 'NONE');
#1635 = VECTOR ( 'NONE', #4965, 1000.000000000000000 ) ;
#1636 = PRESENTATION_LAYER_ASSIGNMENT (  '', '', ( #2869 ) ) ;
#1637 = FILL_AREA_STYLE_COLOUR ( '', #4919 ) ;
#1638 = DIRECTION ( 'NONE',  ( 0.000000000000000000, -1.000000000000000000, 0.000000000000000000 ) ) ;
#1639 = CARTESIAN_POINT ( 'NONE',  ( 2.057803591027773216, 1.617803591027771937, 1.090000000000000080 ) ) ;
#1640 = MECHANICAL_DESIGN_GEOMETRIC_PRESENTATION_REPRESENTATION (  '', ( #3215 ), #2493 ) ;
#1641 =( NAMED_UNIT ( * ) PLANE_ANGLE_UNIT ( ) SI_UNIT ( $, .RADIAN. ) );
#1642 = ORIENTED_EDGE ( 'NONE', *, *, #4491, .F. ) ;
#1643 =( NAMED_UNIT ( * ) SI_UNIT ( $, .STERADIAN. ) SOLID_ANGLE_UNIT ( ) );
#1644 = AXIS2_PLACEMENT_3D ( 'NONE', #4559, #5406, #3337 ) ;
#1645 = LINE ( 'NONE', #388, #3744 ) ;
#1646 = CARTESIAN_POINT ( 'NONE',  ( -1.057803591027772327, -2.000000000000000444, -0.8900000000000000133 ) ) ;
#1647 = VERTEX_POINT ( 'NONE', #2439 ) ;
#1648 = ORIENTED_EDGE ( 'NONE', *, *, #956, .T. ) ;
#1649 = PRESENTATION_LAYER_ASSIGNMENT (  '', '', ( #4951 ) ) ;
#1650 = FILL_AREA_STYLE ('',( #1215 ) ) ;
#1651 = FACE_OUTER_BOUND ( 'NONE', #2550, .T. ) ;
#1652 = SURFACE_SIDE_STYLE ('',( #4970 ) ) ;
#1653 = FACE_OUTER_BOUND ( 'NONE', #2587, .T. ) ;
#1654 = CARTESIAN_POINT ( 'NONE',  ( -0.3021101876839502043, 0.05118028121275395442, -1.088999999999999968 ) ) ;
#1655 = EDGE_CURVE ( 'NONE', #276, #1685, #3354, .T. ) ;
#1656 = VERTEX_POINT ( 'NONE', #2403 ) ;
#1657 = LINE ( 'NONE', #1579, #89 ) ;
#1658 = VECTOR ( 'NONE', #2156, 1000.000000000000000 ) ;
#1659 = FILL_AREA_STYLE_COLOUR ( '', #4060 ) ;
#1660 = CARTESIAN_POINT ( 'NONE',  ( -1.550000000000000044, 1.000000000000000000, -1.190000000000000169 ) ) ;
#1661 = STYLED_ITEM ( 'NONE', ( #3818 ), #1119 ) ;
#1662 = CARTESIAN_POINT ( 'NONE',  ( -2.350000000000000089, -1.000000000000000000, -0.8900000000000001243 ) ) ;
#1663 = ORIENTED_EDGE ( 'NONE', *, *, #1755, .T. ) ;
#1664 = ORIENTED_EDGE ( 'NONE', *, *, #5430, .T. ) ;
#1665 = CARTESIAN_POINT ( 'NONE',  ( -0.4169817988891040272, 0.07556896138080829162, -1.090000000000000080 ) ) ;
#1666 = CARTESIAN_POINT ( 'NONE',  ( 1.550000000000000044, 1.000000000000000000, -0.9600000000000001865 ) ) ;
#1667 = VECTOR ( 'NONE', #4263, 999.9999999999998863 ) ;
#1668 = LINE ( 'NONE', #4925, #4601 ) ;
#1669 = FACE_OUTER_BOUND ( 'NONE', #376, .T. ) ;
#1670 = CARTESIAN_POINT ( 'NONE',  ( 0.1801173683355155042, -0.02487740741828059834, -1.090000000000000080 ) ) ;
#1671 = EDGE_CURVE ( 'NONE', #4199, #2983, #1509, .T. ) ;
#1672 = VERTEX_POINT ( 'NONE', #751 ) ;
#1673 = SURFACE_STYLE_FILL_AREA ( #654 ) ;
#1674 = VECTOR ( 'NONE', #2406, 1000.000000000000000 ) ;
#1675 = SURFACE_STYLE_USAGE ( .BOTH. , #1235 ) ;
#1676 = DIRECTION ( 'NONE',  ( -0.000000000000000000, -0.000000000000000000, -1.000000000000000000 ) ) ;
#1677 = CARTESIAN_POINT ( 'NONE',  ( -0.3118621930624919658, 0.02352644956846412089, -1.089999999999999858 ) ) ;
#1678 = ORIENTED_EDGE ( 'NONE', *, *, #4123, .T. ) ;
#1679 = VECTOR ( 'NONE', #190, 1000.000000000000000 ) ;
#1680 = B_SPLINE_CURVE_WITH_KNOTS ( 'NONE', 3,
 ( #3222, #4807, #2756, #700, #1113, #2373, #5303, #2799, #1985, #2410, #3703, #1573, #4931, #5420, #762, #1193, #367, #1161, #3292 ),
 .UNSPECIFIED., .F., .F.,
 ( 4, 1, 1, 1, 1, 1, 1, 1, 1, 1, 1, 1, 1, 1, 1, 1, 4 ),
 ( 0.000000000000000000, 0.07082657255516341954, 0.1381690332797999854, 0.2024753315338422566, 0.2639737544135198899, 0.3233803205980371187, 0.3817976227131854583, 0.4393900745193891066, 0.4969027245459975983, 0.5546621696093703147, 0.6127418784921975226, 0.6715388363911724001, 0.7316557220901981351, 0.7942978116139531863, 0.8594822049793585661, 0.9276813254527899177, 1.000000000000000000 ),
 .UNSPECIFIED. ) ;
#1681 = CARTESIAN_POINT ( 'NONE',  ( 2.209444794437052995, 1.000000000000000000, -0.2300000000000000100 ) ) ;
#1682 = CIRCLE ( 'NONE', #4611, 0.2999999999999999334 ) ;
#1683 = MECHANICAL_DESIGN_GEOMETRIC_PRESENTATION_REPRESENTATION (  '', ( #3251 ), #4208 ) ;
#1684 = DIRECTION ( 'NONE',  ( -0.000000000000000000, -1.000000000000000000, -0.000000000000000000 ) ) ;
#1685 = VERTEX_POINT ( 'NONE', #1171 ) ;
#1686 = DIRECTION ( 'NONE',  ( -0.000000000000000000, -0.000000000000000000, -1.000000000000000000 ) ) ;
#1687 = FILL_AREA_STYLE_COLOUR ( '', #553 ) ;
#1688 = ORIENTED_EDGE ( 'NONE', *, *, #2238, .F. ) ;
#1689 = EDGE_CURVE ( 'NONE', #2602, #4915, #662, .T. ) ;
#1690 = CARTESIAN_POINT ( 'NONE',  ( -0.2604736409216318882, -0.06208016844866268147, -1.089000000000000634 ) ) ;
#1691 = CARTESIAN_POINT ( 'NONE',  ( 0.1500116484809775608, -0.03444724234553477732, -1.089000000000000190 ) ) ;
#1692 = EDGE_CURVE ( 'NONE', #4783, #4461, #2498, .T. ) ;
#1693 = DIRECTION ( 'NONE',  ( 0.000000000000000000, 1.000000000000000000, 0.000000000000000000 ) ) ;
#1694 = LINE ( 'NONE', #2528, #2339 ) ;
#1695 = CARTESIAN_POINT ( 'NONE',  ( -0.2838368963226942654, 0.07361262776351350234, -1.089000000000000190 ) ) ;
#1696 = STYLED_ITEM ( 'NONE', ( #1373 ), #658 ) ;
#1697 = FILL_AREA_STYLE ('',( #1659 ) ) ;
#1698 = PLANE ( 'NONE',  #1233 ) ;
#1699 = DIRECTION ( 'NONE',  ( 0.000000000000000000, 1.000000000000000000, 0.000000000000000000 ) ) ;
#1700 = UNCERTAINTY_MEASURE_WITH_UNIT (LENGTH_MEASURE( 1.000000000000000082E-05 ), #3225, 'distance_accuracy_value', 'NONE');
#1701 = FACE_OUTER_BOUND ( 'NONE', #2760, .T. ) ;
#1702 = CARTESIAN_POINT ( 'NONE',  ( 0.06312196210118967143, -0.07882713251429197820, -1.088999999999999968 ) ) ;
#1703 = CARTESIAN_POINT ( 'NONE',  ( -0.2816685419184126737, -0.03173118452364778047, -1.090000000000000080 ) ) ;
#1704 = CARTESIAN_POINT ( 'NONE',  ( 0.1521341168205202765, -0.02702703610961646255, -1.089000000000000190 ) ) ;
#1705 = CARTESIAN_POINT ( 'NONE',  ( -0.4169817988891040272, 0.07556896138080829162, -1.089000000000000190 ) ) ;
#1706 = CARTESIAN_POINT ( 'NONE',  ( -0.2126912326779837326, 0.09987730689273084661, -1.089000000000000190 ) ) ;
#1707 = VERTEX_POINT ( 'NONE', #2420 ) ;
#1708 = COLOUR_RGB ( '',0.7529411764705882248, 0.7529411764705882248, 0.7529411764705882248 ) ;
#1709 = ORIENTED_EDGE ( 'NONE', *, *, #265, .T. ) ;
#1710 =( GEOMETRIC_REPRESENTATION_CONTEXT ( 3 ) GLOBAL_UNCERTAINTY_ASSIGNED_CONTEXT ( ( #4801 ) ) GLOBAL_UNIT_ASSIGNED_CONTEXT ( ( #5310, #3208, #4086 ) ) REPRESENTATION_CONTEXT ( 'NONE', 'WORKASPACE' ) );
#1711 = CARTESIAN_POINT ( 'NONE',  ( -2.350000000000000089, 1.000000000000000000, -1.190000000000000169 ) ) ;
#1712 = ORIENTED_EDGE ( 'NONE', *, *, #3873, .F. ) ;
#1713 = MECHANICAL_DESIGN_GEOMETRIC_PRESENTATION_REPRESENTATION (  '', ( #1744 ), #3894 ) ;
#1714 = LINE ( 'NONE', #1893, #25 ) ;
#1715 = CARTESIAN_POINT ( 'NONE',  ( -0.4172591380895828705, 0.07403148658660956005, -1.090000000000000302 ) ) ;
#1716 = CARTESIAN_POINT ( 'NONE',  ( 0.1189392974296098887, -0.07236084176051878203, -1.088999999999999746 ) ) ;
#1717 = STYLED_ITEM ( 'NONE', ( #4338 ), #5212 ) ;
#1718 = DIRECTION ( 'NONE',  ( 0.000000000000000000, 0.000000000000000000, 1.000000000000000000 ) ) ;
#1719 =( NAMED_UNIT ( * ) PLANE_ANGLE_UNIT ( ) SI_UNIT ( $, .RADIAN. ) );
#1720 = PRESENTATION_STYLE_ASSIGNMENT (( #3113 ) ) ;
#1721 = LINE ( 'NONE', #216, #413 ) ;
#1722 = CARTESIAN_POINT ( 'NONE',  ( -0.2479057119524306352, -0.06998845198643541266, -1.090000000000000080 ) ) ;
#1723 = CARTESIAN_POINT ( 'NONE',  ( -0.4161007165409541519, 0.07414478292316410701, -1.089999999999999858 ) ) ;
#1724 = ORIENTED_EDGE ( 'NONE', *, *, #193, .F. ) ;
#1725 = CARTESIAN_POINT ( 'NONE',  ( -0.2761792738291464766, 0.07978910142028881880, -1.090000000000000080 ) ) ;
#1726 = COLOUR_RGB ( '',0.7529411764705882248, 0.7529411764705882248, 0.7529411764705882248 ) ;
#1727 = VECTOR ( 'NONE', #179, 1000.000000000000000 ) ;
#1728 = VERTEX_POINT ( 'NONE', #3693 ) ;
#1729 = UNCERTAINTY_MEASURE_WITH_UNIT (LENGTH_MEASURE( 1.000000000000000082E-05 ), #3984, 'distance_accuracy_value', 'NONE');
#1730 = FILL_AREA_STYLE ('',( #2044 ) ) ;
#1731 = CARTESIAN_POINT ( 'NONE',  ( 0.07962643281821303598, 0.08044701016129608695, -1.090000000000000080 ) ) ;
#1732 = LINE ( 'NONE', #5429, #39 ) ;
#1733 = DIRECTION ( 'NONE',  ( -1.000000000000000000, 0.000000000000000000, 2.011111420667069257E-16 ) ) ;
#1734 = CARTESIAN_POINT ( 'NONE',  ( 0.1127130132943462426, -0.07536802193679972839, -1.089999999999999858 ) ) ;
#1735 = CARTESIAN_POINT ( 'NONE',  ( 0.1986432011108960061, -0.07808957520455758750, -1.089000000000000190 ) ) ;
#1736 = CARTESIAN_POINT ( 'NONE',  ( 0.1815700303791886738, -0.003813660570411222129, -1.089000000000000190 ) ) ;
#1737 = STYLED_ITEM ( 'NONE', ( #5161 ), #184 ) ;
#1738 = CARTESIAN_POINT ( 'NONE',  ( -0.2108108614239064260, -0.07802443342119971814, -1.089000000000000190 ) ) ;
#1739 = FILL_AREA_STYLE ('',( #3388 ) ) ;
#1740 = LINE ( 'NONE', #925, #4804 ) ;
#1741 = CARTESIAN_POINT ( 'NONE',  ( -0.4200686891330066008, 0.06154457113690585401, -1.090000000000000080 ) ) ;
#1742 = CARTESIAN_POINT ( 'NONE',  ( -0.3832927744988601226, -0.02199201422894781627, -1.089000000000000190 ) ) ;
#1743 = VERTEX_POINT ( 'NONE', #341 ) ;
#1744 = STYLED_ITEM ( 'NONE', ( #2358 ), #1747 ) ;
#1745 = CARTESIAN_POINT ( 'NONE',  ( 1.550000000000000044, -1.000000000000000000, -0.9600000000000001865 ) ) ;
#1746 = CARTESIAN_POINT ( 'NONE',  ( 0.1439008382260414387, -0.04790211173157500613, -1.090000000000000080 ) ) ;
#1747 = ADVANCED_FACE ( 'NONE', ( #3598 ), #290, .F. ) ;
#1748 = MECHANICAL_DESIGN_GEOMETRIC_PRESENTATION_REPRESENTATION (  '', ( #3718 ), #2955 ) ;
#1749 = CARTESIAN_POINT ( 'NONE',  ( -0.4161007165409541519, 0.07414478292316410701, -1.088999999999999968 ) ) ;
#1750 = FACE_OUTER_BOUND ( 'NONE', #5256, .T. ) ;
#1751 = CARTESIAN_POINT ( 'NONE',  ( 0.1467411962544172555, 0.03918902667549899882, -1.088999999999999968 ) ) ;
#1752 = EDGE_LOOP ( 'NONE', ( #1017, #4458, #4681, #3722, #2753 ) ) ;
#1753 = PLANE ( 'NONE',  #4160 ) ;
#1754 = SURFACE_SIDE_STYLE ('',( #4935 ) ) ;
#1755 = EDGE_CURVE ( 'NONE', #78, #1386, #2953, .T. ) ;
#1756 = DIRECTION ( 'NONE',  ( 0.000000000000000000, -0.000000000000000000, 1.000000000000000000 ) ) ;
#1757 = CARTESIAN_POINT ( 'NONE',  ( -0.1135519208403235752, -0.07808957520455758750, -1.089000000000000190 ) ) ;
#1758 = CARTESIAN_POINT ( 'NONE',  ( 2.350000000000000089, 1.000000000000000000, -0.2999999999999999334 ) ) ;
#1759 = FACE_OUTER_BOUND ( 'NONE', #2075, .T. ) ;
#1760 = AXIS2_PLACEMENT_3D ( 'NONE', #1387, #4293, #4310 ) ;
#1761 = CARTESIAN_POINT ( 'NONE',  ( -0.1086738720598357383, 0.07800798577105219622, -1.089000000000000190 ) ) ;
#1762 = VERTEX_POINT ( 'NONE', #3197 ) ;
#1763 = UNCERTAINTY_MEASURE_WITH_UNIT (LENGTH_MEASURE( 1.000000000000000082E-05 ), #4409, 'distance_accuracy_value', 'NONE');
#1764 = CARTESIAN_POINT ( 'NONE',  ( 0.1545766829938352294, -0.01081015615611796189, -1.090000000000000302 ) ) ;
#1765 = EDGE_CURVE ( 'NONE', #1341, #2757, #738, .T. ) ;
#1766 = PLANE ( 'NONE',  #2078 ) ;
#1767 =( NAMED_UNIT ( * ) PLANE_ANGLE_UNIT ( ) SI_UNIT ( $, .RADIAN. ) );
#1768 = SURFACE_SIDE_STYLE ('',( #1989 ) ) ;
#1769 = ORIENTED_EDGE ( 'NONE', *, *, #3575, .F. ) ;
#1770 = VERTEX_POINT ( 'NONE', #1666 ) ;
#1771 = ADVANCED_FACE ( 'NONE', ( #4635 ), #821, .T. ) ;
#1772 = CARTESIAN_POINT ( 'NONE',  ( 0.04366310679715782600, 0.07329760740592715373, -1.089000000000000190 ) ) ;
#1773 = LINE ( 'NONE', #3256, #271 ) ;
#1774 = VECTOR ( 'NONE', #917, 1000.000000000000000 ) ;
#1775 = DIRECTION ( 'NONE',  ( 0.000000000000000000, 0.000000000000000000, -1.000000000000000000 ) ) ;
#1776 = ORIENTED_EDGE ( 'NONE', *, *, #3055, .T. ) ;
#1777 =( GEOMETRIC_REPRESENTATION_CONTEXT ( 3 ) GLOBAL_UNCERTAINTY_ASSIGNED_CONTEXT ( ( #2552 ) ) GLOBAL_UNIT_ASSIGNED_CONTEXT ( ( #3070, #1440, #5207 ) ) REPRESENTATION_CONTEXT ( 'NONE', 'WORKASPACE' ) );
#1778 = SURFACE_STYLE_FILL_AREA ( #491 ) ;
#1779 =( NAMED_UNIT ( * ) SI_UNIT ( $, .STERADIAN. ) SOLID_ANGLE_UNIT ( ) );
#1780 = CARTESIAN_POINT ( 'NONE',  ( 0.1353406547159327622, -0.05944255390783049348, -1.090000000000000302 ) ) ;
#1781 = PRESENTATION_LAYER_ASSIGNMENT (  '', '', ( #2814 ) ) ;
#1782 = CARTESIAN_POINT ( 'NONE',  ( -0.4591692988891040716, -0.04394323374114293690, -1.089000000000000190 ) ) ;
#1783 = LINE ( 'NONE', #1990, #4277 ) ;
#1784 = PRESENTATION_STYLE_ASSIGNMENT (( #164 ) ) ;
#1785 = EDGE_CURVE ( 'NONE', #5211, #276, #5115, .T. ) ;
#1786 = DIRECTION ( 'NONE',  ( -0.000000000000000000, -0.000000000000000000, -1.000000000000000000 ) ) ;
#1787 = CARTESIAN_POINT ( 'NONE',  ( 0.03278954257431059699, -0.08967494105821612049, -1.089000000000000190 ) ) ;
#1788 = EDGE_CURVE ( 'NONE', #3324, #3743, #3934, .T. ) ;
#1789 = DIRECTION ( 'NONE',  ( 1.000000000000000000, 0.000000000000000000, 0.000000000000000000 ) ) ;
#1790 = CARTESIAN_POINT ( 'NONE',  ( 0.04366310679715782600, 0.07329760740592715373, -1.090000000000000080 ) ) ;
#1791 =( GEOMETRIC_REPRESENTATION_CONTEXT ( 3 ) GLOBAL_UNCERTAINTY_ASSIGNED_CONTEXT ( ( #2334 ) ) GLOBAL_UNIT_ASSIGNED_CONTEXT ( ( #3395, #1593, #3244 ) ) REPRESENTATION_CONTEXT ( 'NONE', 'WORKASPACE' ) );
#1792 = LINE ( 'NONE', #2239, #3295 ) ;
#1793 = COLOUR_RGB ( '',0.7529411764705882248, 0.7529411764705882248, 0.7529411764705882248 ) ;
#1794 = UNCERTAINTY_MEASURE_WITH_UNIT (LENGTH_MEASURE( 1.000000000000000082E-05 ), #4319, 'distance_accuracy_value', 'NONE');
#1795 =( NAMED_UNIT ( * ) SI_UNIT ( $, .STERADIAN. ) SOLID_ANGLE_UNIT ( ) );
#1796 = VERTEX_POINT ( 'NONE', #4546 ) ;
#1797 = COLOUR_RGB ( '',0.7529411764705882248, 0.7529411764705882248, 0.7529411764705882248 ) ;
#1798 = ORIENTED_EDGE ( 'NONE', *, *, #4786, .T. ) ;
#1799 = PLANE ( 'NONE',  #1760 ) ;
#1800 = ORIENTED_EDGE ( 'NONE', *, *, #5383, .T. ) ;
#1801 = MECHANICAL_DESIGN_GEOMETRIC_PRESENTATION_REPRESENTATION (  '', ( #4013 ), #3159 ) ;
#1802 = CARTESIAN_POINT ( 'NONE',  ( -0.1086738720598357383, 0.09995920528324733767, -1.089000000000000190 ) ) ;
#1803 = CARTESIAN_POINT ( 'NONE',  ( -2.419999999999999929, 1.000000000000000000, -0.2999999999999998779 ) ) ;
#1804 = FACE_OUTER_BOUND ( 'NONE', #5184, .T. ) ;
#1805 = COLOUR_RGB ( '',0.7529411764705882248, 0.7529411764705882248, 0.7529411764705882248 ) ;
#1806 = ORIENTED_EDGE ( 'NONE', *, *, #796, .F. ) ;
#1807 = DIRECTION ( 'NONE',  ( 0.1710878697460358755, -0.1710878697460358477, 0.9702875252478136980 ) ) ;
#1808 =( LENGTH_UNIT ( ) NAMED_UNIT ( * ) SI_UNIT ( .MILLI., .METRE. ) );
#1809 =( NAMED_UNIT ( * ) PLANE_ANGLE_UNIT ( ) SI_UNIT ( $, .RADIAN. ) );
#1810 = AXIS2_PLACEMENT_3D ( 'NONE', #234, #198, #1862 ) ;
#1811 = CARTESIAN_POINT ( 'NONE',  ( -0.4794055793769089746, -0.1000407947167527012, -1.089000000000000190 ) ) ;
#1812 = ORIENTED_EDGE ( 'NONE', *, *, #3650, .T. ) ;
#1813 =( LENGTH_UNIT ( ) NAMED_UNIT ( * ) SI_UNIT ( .MILLI., .METRE. ) );
#1814 = LINE ( 'NONE', #2058, #4975 ) ;
#1815 = FILL_AREA_STYLE_COLOUR ( '', #5050 ) ;
#1816 = ORIENTED_EDGE ( 'NONE', *, *, #3166, .T. ) ;
#1817 =( GEOMETRIC_REPRESENTATION_CONTEXT ( 3 ) GLOBAL_UNCERTAINTY_ASSIGNED_CONTEXT ( ( #1466 ) ) GLOBAL_UNIT_ASSIGNED_CONTEXT ( ( #4918, #324, #3229 ) ) REPRESENTATION_CONTEXT ( 'NONE', 'WORKASPACE' ) );
#1818 = SURFACE_STYLE_FILL_AREA ( #2607 ) ;
#1819 = CARTESIAN_POINT ( 'NONE',  ( -2.419999999999999929, 1.000000000000000000, -0.8900000000000001243 ) ) ;
#1820 = PRESENTATION_STYLE_ASSIGNMENT (( #3734 ) ) ;
#1821 = AXIS2_PLACEMENT_3D ( 'NONE', #1961, #2830, #1140 ) ;
#1822 = VECTOR ( 'NONE', #5169, 1000.000000000000000 ) ;
#1823 =( NAMED_UNIT ( * ) PLANE_ANGLE_UNIT ( ) SI_UNIT ( $, .RADIAN. ) );
#1824 = CARTESIAN_POINT ( 'NONE',  ( 0.3010822255011399440, 0.09995920528324733767, -1.090000000000000080 ) ) ;
#1825 = ORIENTED_EDGE ( 'NONE', *, *, #923, .T. ) ;
#1826 =( LENGTH_UNIT ( ) NAMED_UNIT ( * ) SI_UNIT ( .MILLI., .METRE. ) );
#1827 = VECTOR ( 'NONE', #4181, 1000.000000000000000 ) ;
#1828 = ADVANCED_FACE ( 'NONE', ( #1701 ), #843, .F. ) ;
#1829 = CARTESIAN_POINT ( 'NONE',  ( -0.1525763110842260073, 0.09995920528324733767, -1.090000000000000080 ) ) ;
#1830 = CARTESIAN_POINT ( 'NONE',  ( -0.2867226525476406218, 0.001902802844222915846, -1.090000000000000080 ) ) ;
#1831 = SURFACE_STYLE_FILL_AREA ( #3866 ) ;
#1832 = VECTOR ( 'NONE', #1361, 1000.000000000000000 ) ;
#1833 = CARTESIAN_POINT ( 'NONE',  ( -0.2831322286047755488, 0.07401934536911813911, -1.089000000000000412 ) ) ;
#1834 = FILL_AREA_STYLE ('',( #613 ) ) ;
#1835 = EDGE_LOOP ( 'NONE', ( #1427, #177, #1800, #1888 ) ) ;
#1836 = ORIENTED_EDGE ( 'NONE', *, *, #2742, .F. ) ;
#1837 = EDGE_CURVE ( 'NONE', #2721, #4887, #1444, .T. ) ;
#1838 = SURFACE_STYLE_USAGE ( .BOTH. , #4734 ) ;
#1839 = FILL_AREA_STYLE_COLOUR ( '', #109 ) ;
#1840 =( LENGTH_UNIT ( ) NAMED_UNIT ( * ) SI_UNIT ( .MILLI., .METRE. ) );
#1841 = CARTESIAN_POINT ( 'NONE',  ( -0.4200686891330065453, 0.06154457113690584014, -1.090000000000000080 ) ) ;
#1842 = LINE ( 'NONE', #1076, #755 ) ;
#1843 = PRESENTATION_STYLE_ASSIGNMENT (( #4960 ) ) ;
#1844 = CARTESIAN_POINT ( 'NONE',  ( 0.1547407620865057509, -0.002174941058216104360, -1.089000000000000190 ) ) ;
#1845 = DIRECTION ( 'NONE',  ( -0.000000000000000000, -0.000000000000000000, -1.000000000000000000 ) ) ;
#1846 =( NAMED_UNIT ( * ) SI_UNIT ( $, .STERADIAN. ) SOLID_ANGLE_UNIT ( ) );
#1847 = DIRECTION ( 'NONE',  ( -0.000000000000000000, -0.000000000000000000, -1.000000000000000000 ) ) ;
#1848 = COLOUR_RGB ( '',0.7529411764705882248, 0.7529411764705882248, 0.7529411764705882248 ) ;
#1849 = ORIENTED_EDGE ( 'NONE', *, *, #499, .F. ) ;
#1850 = AXIS2_PLACEMENT_3D ( 'NONE', #5086, #4603, #4621 ) ;
#1851 =( LENGTH_UNIT ( ) NAMED_UNIT ( * ) SI_UNIT ( .MILLI., .METRE. ) );
#1852 = SURFACE_STYLE_FILL_AREA ( #1358 ) ;
#1853 = ADVANCED_FACE ( 'NONE', ( #322 ), #2894, .T. ) ;
#1854 = DIRECTION ( 'NONE',  ( -0.000000000000000000, -0.000000000000000000, -1.000000000000000000 ) ) ;
#1855 =( GEOMETRIC_REPRESENTATION_CONTEXT ( 3 ) GLOBAL_UNCERTAINTY_ASSIGNED_CONTEXT ( ( #3714 ) ) GLOBAL_UNIT_ASSIGNED_CONTEXT ( ( #3268, #2916, #3285 ) ) REPRESENTATION_CONTEXT ( 'NONE', 'WORKASPACE' ) );
#1856 = PRESENTATION_STYLE_ASSIGNMENT (( #2643 ) ) ;
#1857 = CARTESIAN_POINT ( 'NONE',  ( 0.1815700303791886738, -0.003813660570411222129, -1.089999999999998970 ) ) ;
#1858 = CARTESIAN_POINT ( 'NONE',  ( -0.2761792738291464766, 0.07978910142028881880, -1.090000000000000524 ) ) ;
#1859 = VECTOR ( 'NONE', #1601, 1000.000000000000000 ) ;
#1860 = EDGE_CURVE ( 'NONE', #2784, #4147, #4828, .T. ) ;
#1861 = LINE ( 'NONE', #5307, #163 ) ;
#1862 = DIRECTION ( 'NONE',  ( 0.000000000000000000, -0.000000000000000000, -1.000000000000000000 ) ) ;
#1863 =( NAMED_UNIT ( * ) PLANE_ANGLE_UNIT ( ) SI_UNIT ( $, .RADIAN. ) );
#1864 = EDGE_CURVE ( 'NONE', #3230, #2043, #3930, .T. ) ;
#1865 = UNCERTAINTY_MEASURE_WITH_UNIT (LENGTH_MEASURE( 1.000000000000000082E-05 ), #3994, 'distance_accuracy_value', 'NONE');
#1866 = ORIENTED_EDGE ( 'NONE', *, *, #642, .F. ) ;
#1867 = CARTESIAN_POINT ( 'NONE',  ( 0.3010822255011399440, -0.1000407947167527012, -1.089000000000000190 ) ) ;
#1868 = CARTESIAN_POINT ( 'NONE',  ( -0.2593352954572555324, 0.08980349748511862185, -1.089000000000000190 ) ) ;
#1869 = MECHANICAL_DESIGN_GEOMETRIC_PRESENTATION_REPRESENTATION (  '', ( #1597 ), #4999 ) ;
#1870 = VECTOR ( 'NONE', #328, 1000.000000000000000 ) ;
#1871 = LINE ( 'NONE', #2842, #4666 ) ;
#1872 = SURFACE_STYLE_USAGE ( .BOTH. , #5259 ) ;
#1873 = DIRECTION ( 'NONE',  ( 0.000000000000000000, -1.000000000000000000, 0.000000000000000000 ) ) ;
#1874 = FACE_OUTER_BOUND ( 'NONE', #4087, .T. ) ;
#1875 = EDGE_CURVE ( 'NONE', #4754, #5079, #2627, .T. ) ;
#1876 =( LENGTH_UNIT ( ) NAMED_UNIT ( * ) SI_UNIT ( .MILLI., .METRE. ) );
#1877 =( NAMED_UNIT ( * ) SI_UNIT ( $, .STERADIAN. ) SOLID_ANGLE_UNIT ( ) );
#1878 = CARTESIAN_POINT ( 'NONE',  ( 0.04818569807681088307, 0.09939432095108179099, -1.089000000000000190 ) ) ;
#1879 = PRESENTATION_STYLE_ASSIGNMENT (( #1525 ) ) ;
#1880 =( NAMED_UNIT ( * ) SI_UNIT ( $, .STERADIAN. ) SOLID_ANGLE_UNIT ( ) );
#1881 = CARTESIAN_POINT ( 'NONE',  ( -0.3118621930624919658, 0.02352644956846412089, -1.090000000000000302 ) ) ;
#1882 = EDGE_LOOP ( 'NONE', ( #364, #58, #1188, #217, #2776, #2399, #1125, #3784, #3462, #3144, #1232, #4282 ) ) ;
#1883 = FILL_AREA_STYLE ('',( #644 ) ) ;
#1884 = COLOUR_RGB ( '',0.7529411764705882248, 0.7529411764705882248, 0.7529411764705882248 ) ;
#1885 = CARTESIAN_POINT ( 'NONE',  ( 0.08765095334115120818, 0.08027446827892720238, -1.090000000000000080 ) ) ;
#1886 = ADVANCED_FACE ( 'NONE', ( #4192 ), #901, .F. ) ;
#1887 = CARTESIAN_POINT ( 'NONE',  ( 1.550000000000000044, 1.000000000000000000, -1.190000000000000169 ) ) ;
#1888 = ORIENTED_EDGE ( 'NONE', *, *, #1175, .T. ) ;
#1889 = CARTESIAN_POINT ( 'NONE',  ( 1.550000000000000044, 1.000000000000000000, -1.190000000000000169 ) ) ;
#1890 = STYLED_ITEM ( 'NONE', ( #3165 ), #3610 ) ;
#1891 = CARTESIAN_POINT ( 'NONE',  ( -0.3765473476695918587, -0.04394323374114293690, -1.089000000000000190 ) ) ;
#1892 = MECHANICAL_DESIGN_GEOMETRIC_PRESENTATION_REPRESENTATION (  '', ( #4041 ), #1333 ) ;
#1893 = CARTESIAN_POINT ( 'NONE',  ( -2.249999999999999556, -1.617803591027773269, 1.090000000000000080 ) ) ;
#1894 = SURFACE_SIDE_STYLE ('',( #4564 ) ) ;
#1895 = CARTESIAN_POINT ( 'NONE',  ( -2.249999999999999556, 1.809999999999999387, 0.000000000000000000 ) ) ;
#1896 = EDGE_CURVE ( 'NONE', #1549, #1287, #4757, .T. ) ;
#1897 = EDGE_CURVE ( 'NONE', #1927, #1486, #2147, .T. ) ;
#1898 = UNCERTAINTY_MEASURE_WITH_UNIT (LENGTH_MEASURE( 1.000000000000000082E-05 ), #1030, 'distance_accuracy_value', 'NONE');
#1899 = ORIENTED_EDGE ( 'NONE', *, *, #2900, .F. ) ;
#1900 = MECHANICAL_DESIGN_GEOMETRIC_PRESENTATION_REPRESENTATION (  '', ( #688 ), #4692 ) ;
#1901 = PRESENTATION_STYLE_ASSIGNMENT (( #1187 ) ) ;
#1902 = CARTESIAN_POINT ( 'NONE',  ( -0.2252569590016856305, -0.07688819399668823940, -1.089000000000000190 ) ) ;
#1903 =( NAMED_UNIT ( * ) SI_UNIT ( $, .STERADIAN. ) SOLID_ANGLE_UNIT ( ) );
#1904 = CARTESIAN_POINT ( 'NONE',  ( -1.498759313441822449, 1.809999999999999387, 0.000000000000000000 ) ) ;
#1905 = DIRECTION ( 'NONE',  ( 2.011111420667069011E-16, -0.000000000000000000, 1.000000000000000000 ) ) ;
#1906 = CARTESIAN_POINT ( 'NONE',  ( -0.4172591380895828705, 0.07403148658660956005, -1.089000000000000412 ) ) ;
#1907 = CARTESIAN_POINT ( 'NONE',  ( 2.250000000000000444, 1.809999999999999387, 0.000000000000000000 ) ) ;
#1908 = EDGE_LOOP ( 'NONE', ( #3644, #2119, #1146, #851 ) ) ;
#1909 = ORIENTED_EDGE ( 'NONE', *, *, #4381, .T. ) ;
#1910 = AXIS2_PLACEMENT_3D ( 'NONE', #226, #5175, #2723 ) ;
#1911 = SURFACE_STYLE_USAGE ( .BOTH. , #3571 ) ;
#1912 = CARTESIAN_POINT ( 'NONE',  ( 0.05514724973833244615, 0.07730423520668172621, -1.089999999999999636 ) ) ;
#1913 = STYLED_ITEM ( 'NONE', ( #4250 ), #370 ) ;
#1914 = CARTESIAN_POINT ( 'NONE',  ( 0.1745521215424602202, 0.03935308126762003533, -1.089000000000000412 ) ) ;
#1915 = COLOUR_RGB ( '',0.7529411764705882248, 0.7529411764705882248, 0.7529411764705882248 ) ;
#1916 = CARTESIAN_POINT ( 'NONE',  ( 0.04449272834071547195, -0.09537233233369253604, -1.090000000000000302 ) ) ;
#1917 = CARTESIAN_POINT ( 'NONE',  ( -0.2787070438753668222, -0.03887824239264809495, -1.089000000000000190 ) ) ;
#1918 = DIRECTION ( 'NONE',  ( 0.000000000000000000, -0.1736481776669307198, -0.9848077530122080203 ) ) ;
#1919 = ORIENTED_EDGE ( 'NONE', *, *, #210, .F. ) ;
#1920 = SURFACE_STYLE_FILL_AREA ( #4722 ) ;
#1921 = DIRECTION ( 'NONE',  ( 0.000000000000000000, 0.000000000000000000, 1.000000000000000000 ) ) ;
#1922 = PRESENTATION_LAYER_ASSIGNMENT (  '', '', ( #242 ) ) ;
#1923 =( NAMED_UNIT ( * ) PLANE_ANGLE_UNIT ( ) SI_UNIT ( $, .RADIAN. ) );
#1924 = FILL_AREA_STYLE_COLOUR ( '', #5093 ) ;
#1925 = SURFACE_SIDE_STYLE ('',( #3278 ) ) ;
#1926 = DIRECTION ( 'NONE',  ( 0.000000000000000000, -0.9848077530122080203, -0.1736481776669307198 ) ) ;
#1927 = VERTEX_POINT ( 'NONE', #3933 ) ;
#1928 = CARTESIAN_POINT ( 'NONE',  ( 0.03810162047439787786, 0.07072884952070784825, -1.089999999999999858 ) ) ;
#1929 = ORIENTED_EDGE ( 'NONE', *, *, #2523, .F. ) ;
#1930 = STYLED_ITEM ( 'NONE', ( #4356 ), #2637 ) ;
#1931 = CARTESIAN_POINT ( 'NONE',  ( 0.1108319115547897887, 0.09846494341933298422, -1.089000000000000634 ) ) ;
#1932 = UNCERTAINTY_MEASURE_WITH_UNIT (LENGTH_MEASURE( 1.000000000000000082E-05 ), #2440, 'distance_accuracy_value', 'NONE');
#1933 = SURFACE_STYLE_USAGE ( .BOTH. , #4027 ) ;
#1934 = EDGE_CURVE ( 'NONE', #3243, #4555, #1441, .T. ) ;
#1935 = SURFACE_SIDE_STYLE ('',( #4100 ) ) ;
#1936 =( LENGTH_UNIT ( ) NAMED_UNIT ( * ) SI_UNIT ( .MILLI., .METRE. ) );
#1937 = LINE ( 'NONE', #1074, #3105 ) ;
#1938 = CARTESIAN_POINT ( 'NONE',  ( 0.1535865244939644547, 0.01571731292181339015, -1.089999999999999858 ) ) ;
#1939 = FILL_AREA_STYLE_COLOUR ( '', #4574 ) ;
#1940 = PRESENTATION_LAYER_ASSIGNMENT (  '', '', ( #1661 ) ) ;
#1941 = CARTESIAN_POINT ( 'NONE',  ( 0.09129184268948895009, -0.1024023876900263669, -1.089000000000000190 ) ) ;
#1942 = CARTESIAN_POINT ( 'NONE',  ( 0.1173831093516025520, -0.09885074842576752063, -1.090000000000000080 ) ) ;
#1943 = VERTEX_POINT ( 'NONE', #1457 ) ;
#1944 = EDGE_CURVE ( 'NONE', #5023, #1065, #4509, .T. ) ;
#1945 = DIRECTION ( 'NONE',  ( 1.000000000000000000, -0.000000000000000000, -0.000000000000000000 ) ) ;
#1946 = CARTESIAN_POINT ( 'NONE',  ( -0.2496291650948276319, -0.09319895803034278225, -1.089000000000000412 ) ) ;
#1947 = SURFACE_STYLE_FILL_AREA ( #2268 ) ;
#1948 = ORIENTED_EDGE ( 'NONE', *, *, #4218, .F. ) ;
#1949 = DIRECTION ( 'NONE',  ( -0.000000000000000000, -1.000000000000000000, -0.000000000000000000 ) ) ;
#1950 =( NAMED_UNIT ( * ) SI_UNIT ( $, .STERADIAN. ) SOLID_ANGLE_UNIT ( ) );
#1951 = B_SPLINE_SURFACE_WITH_KNOTS ( 'NONE', 3, 1, ( 
 ( #4337, #2107 ),
 ( #1738, #2545 ),
 ( #2160, #80 ),
 ( #1303, #895 ),
 ( #4234, #2579 ),
 ( #4655, #4201 ),
 ( #2089, #1722 ),
 ( #3497, #446 ),
 ( #1690, #3005 ),
 ( #3835, #877 ),
 ( #3800, #484 ),
 ( #1282, #3927 ),
 ( #4639, #4216 ),
 ( #5030, #1703 ),
 ( #2138, #2525 ),
 ( #5089, #4625 ),
 ( #1324, #19 ),
 ( #2120, #4253 ),
 ( #3347, #5068 ) ),
 .UNSPECIFIED., .F., .F., .F.,
 ( 4, 1, 1, 1, 1, 1, 1, 1, 1, 1, 1, 1, 1, 1, 1, 1, 4 ),
 ( 2, 2 ),
 ( 0.000000000000000000, 0.07082657255516341954, 0.1381690332797999854, 0.2024753315338422566, 0.2639737544135198899, 0.3233803205980371187, 0.3817976227131854583, 0.4393900745193891066, 0.4969027245459975983, 0.5546621696093703147, 0.6127418784921975226, 0.6715388363911724001, 0.7316557220901981351, 0.7942978116139531863, 0.8594822049793585661, 0.9276813254527899177, 1.000000000000000000 ),
 ( 0.000000000000000000, 1.000000000000000000 ),
 .UNSPECIFIED. ) ;
#1952 = B_SPLINE_CURVE_WITH_KNOTS ( 'NONE', 3,
 ( #2167, #474, #1764, #3045, #2585, #3845, #4679, #1746, #69, #1780, #2994, #1330, #5113, #85, #3011, #3027, #511, #2634, #124 ),
 .UNSPECIFIED., .F., .F.,
 ( 4, 1, 1, 1, 1, 1, 1, 1, 1, 1, 1, 1, 1, 1, 1, 1, 4 ),
 ( 0.000000000000000000, 0.07377411937406359865, 0.1440791147260413463, 0.2113485183089115205, 0.2760768857398838150, 0.3385209158196766377, 0.3998851166931335910, 0.4602540674652130792, 0.5205889643912479103, 0.5802076845630442792, 0.6386329085525459526, 0.6963645494905239541, 0.7540017746600128357, 0.8128056813744979348, 0.8727544255255602623, 0.9351819969782669828, 0.9999999999999998890 ),
 .UNSPECIFIED. ) ;
#1953 = VERTEX_POINT ( 'NONE', #4358 ) ;
#1954 =( NAMED_UNIT ( * ) SI_UNIT ( $, .STERADIAN. ) SOLID_ANGLE_UNIT ( ) );
#1955 = VERTEX_POINT ( 'NONE', #3114 ) ;
#1956 =( NAMED_UNIT ( * ) SI_UNIT ( $, .STERADIAN. ) SOLID_ANGLE_UNIT ( ) );
#1957 = DIRECTION ( 'NONE',  ( 0.000000000000000000, 0.000000000000000000, -1.000000000000000000 ) ) ;
#1958 = VECTOR ( 'NONE', #4599, 1000.000000000000000 ) ;
#1959 = VECTOR ( 'NONE', #4004, 1000.000000000000000 ) ;
#1960 = CARTESIAN_POINT ( 'NONE',  ( -0.03306411596227474409, 0.01215432723446682392, -1.089000000000000190 ) ) ;
#1961 = CARTESIAN_POINT ( 'NONE',  ( -0.1794055793769089580, 0.07800798577105219622, -1.089000000000000190 ) ) ;
#1962 = COLOUR_RGB ( '',1.000000000000000000, 1.000000000000000000, 1.000000000000000000 ) ;
#1963 = PRESENTATION_LAYER_ASSIGNMENT (  '', '', ( #675 ) ) ;
#1964 = CARTESIAN_POINT ( 'NONE',  ( -0.2254396891056219265, 0.07694418464986789441, -1.089000000000000190 ) ) ;
#1965 = UNCERTAINTY_MEASURE_WITH_UNIT (LENGTH_MEASURE( 1.000000000000000082E-05 ), #5165, 'distance_accuracy_value', 'NONE');
#1966 = CARTESIAN_POINT ( 'NONE',  ( -0.2678816222393171631, -0.08446465537530171985, -1.089000000000000190 ) ) ;
#1967 = VERTEX_POINT ( 'NONE', #580 ) ;
#1968 = ADVANCED_FACE ( 'NONE', ( #2350 ), #3097, .T. ) ;
#1969 = EDGE_CURVE ( 'NONE', #3297, #3260, #453, .T. ) ;
#1970 = VECTOR ( 'NONE', #3068, 1000.000000000000000 ) ;
#1971 = EDGE_CURVE ( 'NONE', #2696, #1454, #3396, .T. ) ;
#1972 = CARTESIAN_POINT ( 'NONE',  ( 0.1202589598217402717, 0.09529749084638869383, -1.089999999999998748 ) ) ;
#1973 = FILL_AREA_STYLE ('',( #4876 ) ) ;
#1974 = ORIENTED_EDGE ( 'NONE', *, *, #2544, .T. ) ;
#1975 = FILL_AREA_STYLE ('',( #2414 ) ) ;
#1976 =( NAMED_UNIT ( * ) SI_UNIT ( $, .STERADIAN. ) SOLID_ANGLE_UNIT ( ) );
#1977 = AXIS2_PLACEMENT_3D ( 'NONE', #991, #4343, #3099 ) ;
#1978 = DIRECTION ( 'NONE',  ( 1.000000000000000000, 0.000000000000000000, 0.000000000000000000 ) ) ;
#1979 = ORIENTED_EDGE ( 'NONE', *, *, #4286, .T. ) ;
#1980 = VERTEX_POINT ( 'NONE', #2235 ) ;
#1981 = CARTESIAN_POINT ( 'NONE',  ( 0.1079998539955877440, -0.1009772514051163750, -1.090000000000000302 ) ) ;
#1982 = VECTOR ( 'NONE', #1426, 1000.000000000000000 ) ;
#1983 = FILL_AREA_STYLE_COLOUR ( '', #3559 ) ;
#1984 = CARTESIAN_POINT ( 'NONE',  ( 0.09808136162249279921, -0.1022509618569048262, -1.090000000000000080 ) ) ;
#1985 = CARTESIAN_POINT ( 'NONE',  ( -0.2604736409216318882, -0.06208016844866268147, -1.090000000000000524 ) ) ;
#1986 = ORIENTED_EDGE ( 'NONE', *, *, #1620, .T. ) ;
#1987 = CARTESIAN_POINT ( 'NONE',  ( -0.03306411596227474409, -0.07808957520455758750, -1.089000000000000190 ) ) ;
#1988 =( NAMED_UNIT ( * ) PLANE_ANGLE_UNIT ( ) SI_UNIT ( $, .RADIAN. ) );
#1989 = SURFACE_STYLE_FILL_AREA ( #3831 ) ;
#1990 = CARTESIAN_POINT ( 'NONE',  ( -0.5086738720598357189, -0.1000407947167527012, -1.089000000000000190 ) ) ;
#1991 = PLANE ( 'NONE',  #1551 ) ;
#1992 = AXIS2_PLACEMENT_3D ( 'NONE', #2262, #144, #2691 ) ;
#1993 = CARTESIAN_POINT ( 'NONE',  ( 2.350000000000000089, -1.000000000000000000, -1.190000000000000169 ) ) ;
#1994 = ADVANCED_FACE ( 'NONE', ( #2561 ), #416, .T. ) ;
#1995 = CARTESIAN_POINT ( 'NONE',  ( 0.2742529572084569933, -0.07808957520455758750, -1.090000000000000080 ) ) ;
#1996 = VECTOR ( 'NONE', #2292, 1000.000000000000114 ) ;
#1997 = CARTESIAN_POINT ( 'NONE',  ( 0.08782003037918867383, -0.1024798191069966058, -1.089000000000000190 ) ) ;
#1998 = PRESENTATION_LAYER_ASSIGNMENT (  '', '', ( #3077 ) ) ;
#1999 = CARTESIAN_POINT ( 'NONE',  ( -0.006234847669591835062, 0.09995920528324733767, -1.089000000000000190 ) ) ;
#2000 = CARTESIAN_POINT ( 'NONE',  ( 0.1673852202713627946, -0.06086096628621438104, -1.090000000000000302 ) ) ;
#2001 = ORIENTED_EDGE ( 'NONE', *, *, #4686, .T. ) ;
#2002 = PRESENTATION_STYLE_ASSIGNMENT (( #3008 ) ) ;
#2003 = AXIS2_PLACEMENT_3D ( 'NONE', #1397, #165, #958 ) ;
#2004 = CARTESIAN_POINT ( 'NONE',  ( -0.3021143517432165471, -0.04850684821579001604, -1.089000000000000190 ) ) ;
#2005 = UNCERTAINTY_MEASURE_WITH_UNIT (LENGTH_MEASURE( 1.000000000000000082E-05 ), #3464, 'distance_accuracy_value', 'NONE');
#2006 = CARTESIAN_POINT ( 'NONE',  ( 0.08346732674874120239, 0.1023141846708005703, -1.089000000000000412 ) ) ;
#2007 = PRESENTATION_LAYER_ASSIGNMENT (  '', '', ( #3686 ) ) ;
#2008 = VECTOR ( 'NONE', #782, 1000.000000000000000 ) ;
#2009 = SURFACE_STYLE_USAGE ( .BOTH. , #3671 ) ;
#2010 = CARTESIAN_POINT ( 'NONE',  ( -0.2090168598647138554, 0.09995920528324733767, -1.090000000000000080 ) ) ;
#2011 = DIRECTION ( 'NONE',  ( 0.000000000000000000, -0.000000000000000000, 1.000000000000000000 ) ) ;
#2012 = COLOUR_RGB ( '',0.7529411764705882248, 0.7529411764705882248, 0.7529411764705882248 ) ;
#2013 = CARTESIAN_POINT ( 'NONE',  ( 0.1814829256881561326, 7.744165154818662513E-05, -1.090000000000000080 ) ) ;
#2014 = COLOUR_RGB ( '',0.2509803921568627416, 0.2509803921568627416, 0.2509803921568627416 ) ;
#2015 = CARTESIAN_POINT ( 'NONE',  ( 0.06312196210118967143, -0.07882713251429197820, -1.089999999999999858 ) ) ;
#2016 = ORIENTED_EDGE ( 'NONE', *, *, #2615, .F. ) ;
#2017 = DIRECTION ( 'NONE',  ( 1.000000000000000000, 0.000000000000000000, 2.011111420667069011E-16 ) ) ;
#2018 = DIRECTION ( 'NONE',  ( -1.000000000000000000, 0.000000000000000000, 0.000000000000000000 ) ) ;
#2019 = FILL_AREA_STYLE ('',( #2479 ) ) ;
#2020 = FACE_OUTER_BOUND ( 'NONE', #107, .T. ) ;
#2021 = ORIENTED_EDGE ( 'NONE', *, *, #5400, .T. ) ;
#2022 = LINE ( 'NONE', #4239, #2417 ) ;
#2023 = STYLED_ITEM ( 'NONE', ( #2435 ), #209 ) ;
#2024 =( LENGTH_UNIT ( ) NAMED_UNIT ( * ) SI_UNIT ( .MILLI., .METRE. ) );
#2025 = CARTESIAN_POINT ( 'NONE',  ( -0.2182898991265000421, -0.09983578805589082839, -1.088999999999999746 ) ) ;
#2026 = ADVANCED_FACE ( 'NONE', ( #1568 ), #5229, .T. ) ;
#2027 = PLANE ( 'NONE',  #4900 ) ;
#2028 = EDGE_LOOP ( 'NONE', ( #125, #1535, #1628, #2597, #47 ) ) ;
#2029 = ORIENTED_EDGE ( 'NONE', *, *, #3346, .T. ) ;
#2030 = VECTOR ( 'NONE', #2497, 1000.000000000000114 ) ;
#2031 = CARTESIAN_POINT ( 'NONE',  ( 2.250000000000000444, 1.809999999999999387, 0.000000000000000000 ) ) ;
#2032 = PRESENTATION_LAYER_ASSIGNMENT (  '', '', ( #1473 ) ) ;
#2033 = CARTESIAN_POINT ( 'NONE',  ( 0.1291785270415127529, 0.09114803956437290966, -1.090000000000000302 ) ) ;
#2034 = DIRECTION ( 'NONE',  ( -0.000000000000000000, -0.000000000000000000, -1.000000000000000000 ) ) ;
#2035 = CARTESIAN_POINT ( 'NONE',  ( 0.1801173683355155042, -0.02487740741828059834, -1.089000000000000190 ) ) ;
#2036 = CARTESIAN_POINT ( 'NONE',  ( -0.4794055793769089746, -0.1000407947167527012, -1.090000000000000080 ) ) ;
#2037 = ORIENTED_EDGE ( 'NONE', *, *, #2921, .F. ) ;
#2038 =( GEOMETRIC_REPRESENTATION_CONTEXT ( 3 ) GLOBAL_UNCERTAINTY_ASSIGNED_CONTEXT ( ( #1932 ) ) GLOBAL_UNIT_ASSIGNED_CONTEXT ( ( #2440, #822, #1643 ) ) REPRESENTATION_CONTEXT ( 'NONE', 'WORKASPACE' ) );
#2039 = DIRECTION ( 'NONE',  ( -0.000000000000000000, -1.000000000000000000, -0.000000000000000000 ) ) ;
#2040 = DIRECTION ( 'NONE',  ( -0.000000000000000000, -0.000000000000000000, -1.000000000000000000 ) ) ;
#2041 =( NAMED_UNIT ( * ) SI_UNIT ( $, .STERADIAN. ) SOLID_ANGLE_UNIT ( ) );
#2042 = EDGE_CURVE ( 'NONE', #2509, #3563, #1680, .T. ) ;
#2043 = VERTEX_POINT ( 'NONE', #4954 ) ;
#2044 = FILL_AREA_STYLE_COLOUR ( '', #652 ) ;
#2045 = ORIENTED_EDGE ( 'NONE', *, *, #2645, .F. ) ;
#2046 =( NAMED_UNIT ( * ) PLANE_ANGLE_UNIT ( ) SI_UNIT ( $, .RADIAN. ) );
#2047 = MECHANICAL_DESIGN_GEOMETRIC_PRESENTATION_REPRESENTATION (  '', ( #126 ), #2324 ) ;
#2048 = LINE ( 'NONE', #1367, #940 ) ;
#2049 = CARTESIAN_POINT ( 'NONE',  ( 0.1813124532281775447, 0.007692711965265699482, -1.089999999999999636 ) ) ;
#2050 = ADVANCED_FACE ( 'NONE', ( #4251 ), #4910, .T. ) ;
#2051 =( LENGTH_UNIT ( ) NAMED_UNIT ( * ) SI_UNIT ( .MILLI., .METRE. ) );
#2052 = CARTESIAN_POINT ( 'NONE',  ( 2.350000000000000089, 1.000000000000000000, -1.190000000000000169 ) ) ;
#2053 = FILL_AREA_STYLE_COLOUR ( '', #2187 ) ;
#2054 = EDGE_CURVE ( 'NONE', #5230, #1656, #4936, .T. ) ;
#2055 = SURFACE_STYLE_FILL_AREA ( #1883 ) ;
#2056 = ORIENTED_EDGE ( 'NONE', *, *, #1081, .T. ) ;
#2057 = CARTESIAN_POINT ( 'NONE',  ( 2.250000000000001332, -0.9999999999999997780, -1.151382696819070741E-16 ) ) ;
#2058 = CARTESIAN_POINT ( 'NONE',  ( -0.3832927744988601226, -0.02199201422894781627, -1.089000000000000190 ) ) ;
#2059 = DIRECTION ( 'NONE',  ( -0.000000000000000000, -1.000000000000000000, -0.000000000000000000 ) ) ;
#2060 = SURFACE_STYLE_FILL_AREA ( #2592 ) ;
#2061 = VECTOR ( 'NONE', #3286, 1000.000000000000000 ) ;
#2062 = EDGE_LOOP ( 'NONE', ( #3959, #830, #2001, #5100, #99, #369, #1678, #4869, #4040, #296 ) ) ;
#2063 =( LENGTH_UNIT ( ) NAMED_UNIT ( * ) SI_UNIT ( .MILLI., .METRE. ) );
#2064 = FILL_AREA_STYLE ('',( #3356 ) ) ;
#2065 = SURFACE_STYLE_USAGE ( .BOTH. , #5426 ) ;
#2066 = EDGE_LOOP ( 'NONE', ( #645, #4153, #5005, #1542 ) ) ;
#2067 = CARTESIAN_POINT ( 'NONE',  ( 0.1536443656691746096, -0.01914569174068243840, -1.088999999999999968 ) ) ;
#2068 =( GEOMETRIC_REPRESENTATION_CONTEXT ( 3 ) GLOBAL_UNCERTAINTY_ASSIGNED_CONTEXT ( ( #3410 ) ) GLOBAL_UNIT_ASSIGNED_CONTEXT ( ( #3188, #1058, #1078 ) ) REPRESENTATION_CONTEXT ( 'NONE', 'WORKASPACE' ) );
#2069 = CYLINDRICAL_SURFACE ( 'NONE', #1221, 0.2999999999999999334 ) ;
#2070 = CARTESIAN_POINT ( 'NONE',  ( -0.1135519208403235752, -0.07808957520455758750, -1.089000000000000190 ) ) ;
#2071 = EDGE_CURVE ( 'NONE', #4854, #1743, #980, .T. ) ;
#2072 = CARTESIAN_POINT ( 'NONE',  ( -2.144038765789263223, -1.704038765789263943, -0.6009360211636012306 ) ) ;
#2073 = EDGE_CURVE ( 'NONE', #1012, #2911, #3460, .T. ) ;
#2074 = COLOUR_RGB ( '',0.7529411764705882248, 0.7529411764705882248, 0.7529411764705882248 ) ;
#2075 = EDGE_LOOP ( 'NONE', ( #1126, #4940, #3587, #1323 ) ) ;
#2076 = CARTESIAN_POINT ( 'NONE',  ( -0.3021101876839502043, 0.05118028121275395442, -1.089999999999999414 ) ) ;
#2077 = ORIENTED_EDGE ( 'NONE', *, *, #1860, .T. ) ;
#2078 = AXIS2_PLACEMENT_3D ( 'NONE', #3015, #2189, #4313 ) ;
#2079 = CARTESIAN_POINT ( 'NONE',  ( -2.050000000000000266, -1.000000000000000000, -0.2300000000000000100 ) ) ;
#2080 =( NAMED_UNIT ( * ) SI_UNIT ( $, .STERADIAN. ) SOLID_ANGLE_UNIT ( ) );
#2081 = VERTEX_POINT ( 'NONE', #4537 ) ;
#2082 = CARTESIAN_POINT ( 'NONE',  ( -0.03306411596227474409, 0.01215432723446682392, -1.089000000000000190 ) ) ;
#2083 = CARTESIAN_POINT ( 'NONE',  ( -0.4185028331339259444, 0.06730785225967944596, -1.089999999999999636 ) ) ;
#2084 = DIRECTION ( 'NONE',  ( -0.000000000000000000, -1.000000000000000000, -0.000000000000000000 ) ) ;
#2085 = ORIENTED_EDGE ( 'NONE', *, *, #3346, .F. ) ;
#2086 = CARTESIAN_POINT ( 'NONE',  ( -0.4131327135232504277, 0.06154457113690584014, -1.090000000000000080 ) ) ;
#2087 = FILL_AREA_STYLE ('',( #4568 ) ) ;
#2088 = FACE_OUTER_BOUND ( 'NONE', #1265, .T. ) ;
#2089 = CARTESIAN_POINT ( 'NONE',  ( -0.2479057119524306352, -0.06998845198643541266, -1.089000000000000412 ) ) ;
#2090 = CARTESIAN_POINT ( 'NONE',  ( 0.06107298873716927173, 0.07874046849093090106, -1.089000000000000634 ) ) ;
#2091 = CARTESIAN_POINT ( 'NONE',  ( -0.3765473476695918587, -0.04394323374114293690, -1.089000000000000190 ) ) ;
#2092 = SURFACE_STYLE_USAGE ( .BOTH. , #868 ) ;
#2093 =( GEOMETRIC_REPRESENTATION_CONTEXT ( 3 ) GLOBAL_UNCERTAINTY_ASSIGNED_CONTEXT ( ( #3854 ) ) GLOBAL_UNIT_ASSIGNED_CONTEXT ( ( #318, #3293, #2041 ) ) REPRESENTATION_CONTEXT ( 'NONE', 'WORKASPACE' ) );
#2094 = SURFACE_STYLE_USAGE ( .BOTH. , #5405 ) ;
#2095 = COLOUR_RGB ( '',0.7529411764705882248, 0.7529411764705882248, 0.7529411764705882248 ) ;
#2096 = MECHANICAL_DESIGN_GEOMETRIC_PRESENTATION_REPRESENTATION (  '', ( #594 ), #628 ) ;
#2097 = CARTESIAN_POINT ( 'NONE',  ( -0.4200686891330065453, 0.06154457113690584014, -1.090000000000000080 ) ) ;
#2098 = ORIENTED_EDGE ( 'NONE', *, *, #2593, .F. ) ;
#2099 = VERTEX_POINT ( 'NONE', #1531 ) ;
#2100 = VERTEX_POINT ( 'NONE', #1177 ) ;
#2101 = CARTESIAN_POINT ( 'NONE',  ( -0.1037958232793479707, -0.009796892277728305384, -1.089000000000000190 ) ) ;
#2102 = PRESENTATION_LAYER_ASSIGNMENT (  '', '', ( #2777 ) ) ;
#2103 = SURFACE_STYLE_USAGE ( .BOTH. , #891 ) ;
#2104 = CARTESIAN_POINT ( 'NONE',  ( 0.08412338403772524897, -0.08052859959480147822, -1.089000000000000190 ) ) ;
#2105 = VECTOR ( 'NONE', #1733, 1000.000000000000000 ) ;
#2106 = AXIS2_PLACEMENT_3D ( 'NONE', #2389, #4114, #1157 ) ;
#2107 = CARTESIAN_POINT ( 'NONE',  ( -0.2077973476695918198, -0.07808957520455758750, -1.089999999999999858 ) ) ;
#2108 = CARTESIAN_POINT ( 'NONE',  ( -0.4149164535542103627, 0.06768459593448557243, -1.089000000000000634 ) ) ;
#2109 = COLOUR_RGB ( '',0.7529411764705882248, 0.7529411764705882248, 0.7529411764705882248 ) ;
#2110 = FILL_AREA_STYLE ('',( #2974 ) ) ;
#2111 = FILL_AREA_STYLE_COLOUR ( '', #2264 ) ;
#2112 = ORIENTED_EDGE ( 'NONE', *, *, #683, .T. ) ;
#2113 = FACE_OUTER_BOUND ( 'NONE', #4148, .T. ) ;
#2114 = CARTESIAN_POINT ( 'NONE',  ( 0.1061044094838751728, -0.07769298697542106891, -1.089999999999999636 ) ) ;
#2115 = VECTOR ( 'NONE', #707, 1000.000000000000000 ) ;
#2116 =( NAMED_UNIT ( * ) PLANE_ANGLE_UNIT ( ) SI_UNIT ( $, .RADIAN. ) );
#2117 = CARTESIAN_POINT ( 'NONE',  ( 0.07694638422575546255, -0.08043437136706975410, -1.090000000000000302 ) ) ;
#2118 = PRESENTATION_LAYER_ASSIGNMENT (  '', '', ( #4928 ) ) ;
#2119 = ORIENTED_EDGE ( 'NONE', *, *, #5422, .F. ) ;
#2120 = CARTESIAN_POINT ( 'NONE',  ( -0.2866536293435612559, -0.001173705456575668479, -1.088999999999999968 ) ) ;
#2121 = CARTESIAN_POINT ( 'NONE',  ( -0.4163339330354455248, 0.07556896138080829162, -1.090000000000000080 ) ) ;
#2122 = ORIENTED_EDGE ( 'NONE', *, *, #4689, .F. ) ;
#2123 = CARTESIAN_POINT ( 'NONE',  ( 2.350000000000000089, 1.000000000000000000, -0.9600000000000001865 ) ) ;
#2124 = CARTESIAN_POINT ( 'NONE',  ( -0.2304604746394582349, 0.09849693610183575532, -1.089999999999999858 ) ) ;
#2125 = ORIENTED_EDGE ( 'NONE', *, *, #3271, .F. ) ;
#2126 = PRESENTATION_STYLE_ASSIGNMENT (( #1933 ) ) ;
#2127 = CARTESIAN_POINT ( 'NONE',  ( -2.249999999999999556, 1.809999999999999387, 0.000000000000000000 ) ) ;
#2128 = CARTESIAN_POINT ( 'NONE',  ( 0.1098376937835306572, 0.07501717103960543753, -1.090000000000000524 ) ) ;
#2129 = STYLED_ITEM ( 'NONE', ( #43 ), #4462 ) ;
#2130 = CARTESIAN_POINT ( 'NONE',  ( 0.1028207275198062681, 0.07747391449538419683, -1.088999999999999968 ) ) ;
#2131 = CARTESIAN_POINT ( 'NONE',  ( -0.2866570964311584979, 0.004966979871729521739, -1.089000000000000190 ) ) ;
#2132 = CARTESIAN_POINT ( 'NONE',  ( 0.06992400785755294168, -0.07979277637729766115, -1.090000000000000080 ) ) ;
#2133 = LINE ( 'NONE', #1895, #1037 ) ;
#2134 = CIRCLE ( 'NONE', #3865, 0.06999999999999975686 ) ;
#2135 = ORIENTED_EDGE ( 'NONE', *, *, #2900, .T. ) ;
#2136 = ORIENTED_EDGE ( 'NONE', *, *, #867, .T. ) ;
#2137 = EDGE_CURVE ( 'NONE', #1498, #792, #2346, .T. ) ;
#2138 = CARTESIAN_POINT ( 'NONE',  ( -0.2839315456838547025, -0.02404943250316714937, -1.088999999999999968 ) ) ;
#2139 =( LENGTH_UNIT ( ) NAMED_UNIT ( * ) SI_UNIT ( .MILLI., .METRE. ) );
#2140 = EDGE_CURVE ( 'NONE', #4074, #1093, #4189, .T. ) ;
#2141 = COLOUR_RGB ( '',0.7529411764705882248, 0.7529411764705882248, 0.7529411764705882248 ) ;
#2142 = CARTESIAN_POINT ( 'NONE',  ( -0.2908165514343871161, 0.06674499686594492776, -1.089000000000000412 ) ) ;
#2143 = ORIENTED_EDGE ( 'NONE', *, *, #1692, .T. ) ;
#2144 = MECHANICAL_DESIGN_GEOMETRIC_PRESENTATION_REPRESENTATION (  '', ( #471 ), #1242 ) ;
#2145 = SURFACE_STYLE_USAGE ( .BOTH. , #4978 ) ;
#2146 = COLOUR_RGB ( '',0.7529411764705882248, 0.7529411764705882248, 0.7529411764705882248 ) ;
#2147 = LINE ( 'NONE', #5377, #63 ) ;
#2148 = CARTESIAN_POINT ( 'NONE',  ( 0.1545366210304555399, 0.006930024237982710701, -1.090000000000000524 ) ) ;
#2149 = COLOUR_RGB ( '',0.2509803921568627416, 0.2509803921568627416, 0.2509803921568627416 ) ;
#2150 = ORIENTED_EDGE ( 'NONE', *, *, #2468, .F. ) ;
#2151 = EDGE_CURVE ( 'NONE', #4469, #2834, #1814, .T. ) ;
#2152 = SURFACE_SIDE_STYLE ('',( #2223 ) ) ;
#2153 = CARTESIAN_POINT ( 'NONE',  ( 2.350000000000000089, 1.000000000000000000, -0.2999999999999999334 ) ) ;
#2154 = SURFACE_STYLE_FILL_AREA ( #2952 ) ;
#2155 = CARTESIAN_POINT ( 'NONE',  ( 0.1353406547159327622, -0.05944255390783049348, -1.090000000000000080 ) ) ;
#2156 = DIRECTION ( 'NONE',  ( 0.000000000000000000, -1.000000000000000000, 0.000000000000000000 ) ) ;
#2157 = SURFACE_SIDE_STYLE ('',( #2060 ) ) ;
#2158 = COLOUR_RGB ( '',1.000000000000000000, 1.000000000000000000, 1.000000000000000000 ) ;
#2159 = ADVANCED_FACE ( 'NONE', ( #3003 ), #2549, .T. ) ;
#2160 = CARTESIAN_POINT ( 'NONE',  ( -0.2166896476927851478, -0.07789735431927559406, -1.089000000000000412 ) ) ;
#2161 =( NAMED_UNIT ( * ) PLANE_ANGLE_UNIT ( ) SI_UNIT ( $, .RADIAN. ) );
#2162 =( NAMED_UNIT ( * ) SI_UNIT ( $, .STERADIAN. ) SOLID_ANGLE_UNIT ( ) );
#2163 = FILL_AREA_STYLE_COLOUR ( '', #966 ) ;
#2164 =( GEOMETRIC_REPRESENTATION_CONTEXT ( 3 ) GLOBAL_UNCERTAINTY_ASSIGNED_CONTEXT ( ( #3168 ) ) GLOBAL_UNIT_ASSIGNED_CONTEXT ( ( #2727, #4362, #5217 ) ) REPRESENTATION_CONTEXT ( 'NONE', 'WORKASPACE' ) );
#2165 = SURFACE_SIDE_STYLE ('',( #5261 ) ) ;
#2166 = UNCERTAINTY_MEASURE_WITH_UNIT (LENGTH_MEASURE( 1.000000000000000082E-05 ), #2051, 'distance_accuracy_value', 'NONE');
#2167 = CARTESIAN_POINT ( 'NONE',  ( 0.1547407620865057509, -0.002174941058216104360, -1.090000000000000080 ) ) ;
#2168 = ORIENTED_EDGE ( 'NONE', *, *, #3016, .F. ) ;
#2169 = ORIENTED_EDGE ( 'NONE', *, *, #255, .T. ) ;
#2170 = STYLED_ITEM ( 'NONE', ( #4628 ), #2297 ) ;
#2171 = FACE_BOUND ( 'NONE', #2028, .T. ) ;
#2172 = CARTESIAN_POINT ( 'NONE',  ( 0.1500116484809775608, -0.03444724234553477732, -1.089000000000000190 ) ) ;
#2173 = EDGE_CURVE ( 'NONE', #3230, #269, #5168, .T. ) ;
#2174 = ORIENTED_EDGE ( 'NONE', *, *, #4215, .T. ) ;
#2175 = FILL_AREA_STYLE ('',( #500 ) ) ;
#2176 = CARTESIAN_POINT ( 'NONE',  ( 0.06992400785755294168, -0.07979277637729766115, -1.089000000000000190 ) ) ;
#2177 = EDGE_CURVE ( 'NONE', #2457, #3728, #4691, .T. ) ;
#2178 = LINE ( 'NONE', #1761, #544 ) ;
#2179 = SURFACE_STYLE_FILL_AREA ( #5329 ) ;
#2180 = CARTESIAN_POINT ( 'NONE',  ( 0.04933175542734846708, 0.07552563504074501222, -1.090000000000000302 ) ) ;
#2181 = ORIENTED_EDGE ( 'NONE', *, *, #2466, .F. ) ;
#2182 =( NAMED_UNIT ( * ) SI_UNIT ( $, .STERADIAN. ) SOLID_ANGLE_UNIT ( ) );
#2183 = DIRECTION ( 'NONE',  ( -0.000000000000000000, -1.000000000000000000, -0.000000000000000000 ) ) ;
#2184 = SURFACE_STYLE_FILL_AREA ( #2175 ) ;
#2185 = ORIENTED_EDGE ( 'NONE', *, *, #863, .T. ) ;
#2186 = SURFACE_SIDE_STYLE ('',( #4552 ) ) ;
#2187 = COLOUR_RGB ( '',1.000000000000000000, 1.000000000000000000, 1.000000000000000000 ) ;
#2188 = PRESENTATION_LAYER_ASSIGNMENT (  '', '', ( #2480 ) ) ;
#2189 = DIRECTION ( 'NONE',  ( 0.000000000000000000, -0.9848077530122080203, 0.1736481776669307198 ) ) ;
#2190 = ORIENTED_EDGE ( 'NONE', *, *, #3681, .T. ) ;
#2191 =( LENGTH_UNIT ( ) NAMED_UNIT ( * ) SI_UNIT ( .MILLI., .METRE. ) );
#2192 = VECTOR ( 'NONE', #5270, 1000.000000000000000 ) ;
#2193 = SURFACE_SIDE_STYLE ('',( #1920 ) ) ;
#2194 = DIRECTION ( 'NONE',  ( 0.000000000000000000, -1.000000000000000000, 0.000000000000000000 ) ) ;
#2195 = AXIS2_PLACEMENT_3D ( 'NONE', #305, #771, #2878 ) ;
#2196 = ORIENTED_EDGE ( 'NONE', *, *, #389, .F. ) ;
#2197 =( NAMED_UNIT ( * ) PLANE_ANGLE_UNIT ( ) SI_UNIT ( $, .RADIAN. ) );
#2198 = VECTOR ( 'NONE', #3465, 1000.000000000000000 ) ;
#2199 = DIRECTION ( 'NONE',  ( -1.000000000000000000, 0.000000000000000000, -0.000000000000000000 ) ) ;
#2200 = UNCERTAINTY_MEASURE_WITH_UNIT (LENGTH_MEASURE( 1.000000000000000082E-05 ), #3699, 'distance_accuracy_value', 'NONE');
#2201 =( NAMED_UNIT ( * ) PLANE_ANGLE_UNIT ( ) SI_UNIT ( $, .RADIAN. ) );
#2202 = PRESENTATION_LAYER_ASSIGNMENT (  '', '', ( #3791 ) ) ;
#2203 = VERTEX_POINT ( 'NONE', #3330 ) ;
#2204 = FILL_AREA_STYLE ('',( #4273 ) ) ;
#2205 = ORIENTED_EDGE ( 'NONE', *, *, #3727, .F. ) ;
#2206 = PRESENTATION_LAYER_ASSIGNMENT (  '', '', ( #1445 ) ) ;
#2207 = FILL_AREA_STYLE_COLOUR ( '', #5180 ) ;
#2208 = DIRECTION ( 'NONE',  ( -0.000000000000000000, 0.000000000000000000, -1.000000000000000000 ) ) ;
#2209 = VERTEX_POINT ( 'NONE', #5032 ) ;
#2210 = AXIS2_PLACEMENT_3D ( 'NONE', #3509, #4344, #4315 ) ;
#2211 = PLANE ( 'NONE',  #3294 ) ;
#2212 = FILL_AREA_STYLE_COLOUR ( '', #1848 ) ;
#2213 = DIRECTION ( 'NONE',  ( 1.000000000000000000, 0.000000000000000000, -0.000000000000000000 ) ) ;
#2214 = EDGE_CURVE ( 'NONE', #4678, #2901, #579, .T. ) ;
#2215 = EDGE_LOOP ( 'NONE', ( #3254, #2336, #283, #5295 ) ) ;
#2216 = PLANE ( 'NONE',  #4243 ) ;
#2217 = CARTESIAN_POINT ( 'NONE',  ( 2.350000000000000089, -1.000000000000000000, -0.8900000000000001243 ) ) ;
#2218 = CARTESIAN_POINT ( 'NONE',  ( 2.649999999999999911, 1.000000000000000000, -0.8900000000000001243 ) ) ;
#2219 = SURFACE_STYLE_USAGE ( .BOTH. , #3534 ) ;
#2220 = EDGE_CURVE ( 'NONE', #2721, #4736, #3708, .T. ) ;
#2221 = ORIENTED_EDGE ( 'NONE', *, *, #4591, .F. ) ;
#2222 = DIRECTION ( 'NONE',  ( 0.000000000000000000, 1.000000000000000000, 0.000000000000000000 ) ) ;
#2223 = SURFACE_STYLE_FILL_AREA ( #87 ) ;
#2224 =( NAMED_UNIT ( * ) SI_UNIT ( $, .STERADIAN. ) SOLID_ANGLE_UNIT ( ) );
#2225 = PLANE ( 'NONE',  #4275 ) ;
#2226 = FILL_AREA_STYLE ('',( #1419 ) ) ;
#2227 = ORIENTED_EDGE ( 'NONE', *, *, #4414, .F. ) ;
#2228 = CARTESIAN_POINT ( 'NONE',  ( 0.03278954257431059699, 0.06764213211251560165, -1.089000000000000190 ) ) ;
#2229 = CARTESIAN_POINT ( 'NONE',  ( -0.4591692988891040716, -0.04394323374114293690, -1.090000000000000080 ) ) ;
#2230 = ORIENTED_EDGE ( 'NONE', *, *, #114, .F. ) ;
#2231 = PRESENTATION_LAYER_ASSIGNMENT (  '', '', ( #5335 ) ) ;
#2232 = FACE_OUTER_BOUND ( 'NONE', #681, .T. ) ;
#2233 = SURFACE_STYLE_USAGE ( .BOTH. , #3075 ) ;
#2234 = PRESENTATION_STYLE_ASSIGNMENT (( #708 ) ) ;
#2235 = CARTESIAN_POINT ( 'NONE',  ( 1.057803591027772327, 1.653068987169465265, -0.8900000000000000133 ) ) ;
#2236 = FILL_AREA_STYLE ('',( #161 ) ) ;
#2237 = PRODUCT_DEFINITION_FORMATION_WITH_SPECIFIED_SOURCE ( 'ÈÎºÎ', '', #744, .NOT_KNOWN. ) ;
#2238 = EDGE_CURVE ( 'NONE', #1707, #5105, #1694, .T. ) ;
#2239 = CARTESIAN_POINT ( 'NONE',  ( -0.1794055793769089580, 0.07800798577105219622, -1.089000000000000190 ) ) ;
#2240 = DIRECTION ( 'NONE',  ( 0.000000000000000000, -0.000000000000000000, -1.000000000000000000 ) ) ;
#2241 = EDGE_CURVE ( 'NONE', #1672, #430, #2619, .T. ) ;
#2242 = B_SPLINE_SURFACE_WITH_KNOTS ( 'NONE', 3, 1, ( 
 ( #2663, #1741 ),
 ( #4658, #5108 ),
 ( #2596, #3007 ),
 ( #506, #3426 ),
 ( #5188, #4405 ),
 ( #1906, #575 ),
 ( #607, #2695 ) ),
 .UNSPECIFIED., .F., .F., .F.,
 ( 4, 1, 1, 1, 4 ),
 ( 2, 2 ),
 ( 0.000000000000000000, 0.1744817153170503676, 0.3982857591281118714, 0.6738978473986658724, 0.9999999999999998890 ),
 ( 0.000000000000000000, 1.000000000000000000 ),
 .UNSPECIFIED. ) ;
#2243 = LINE ( 'NONE', #4739, #5082 ) ;
#2244 =( NAMED_UNIT ( * ) PLANE_ANGLE_UNIT ( ) SI_UNIT ( $, .RADIAN. ) );
#2245 = LINE ( 'NONE', #2423, #888 ) ;
#2246 = SURFACE_STYLE_USAGE ( .BOTH. , #4287 ) ;
#2247 =( GEOMETRIC_REPRESENTATION_CONTEXT ( 3 ) GLOBAL_UNCERTAINTY_ASSIGNED_CONTEXT ( ( #4608 ) ) GLOBAL_UNIT_ASSIGNED_CONTEXT ( ( #1025, #2284, #638 ) ) REPRESENTATION_CONTEXT ( 'NONE', 'WORKASPACE' ) );
#2248 = CARTESIAN_POINT ( 'NONE',  ( -0.4501753964500797012, -0.02199201422894781627, -1.089000000000000190 ) ) ;
#2249 = ORIENTED_EDGE ( 'NONE', *, *, #4686, .F. ) ;
#2250 = FILL_AREA_STYLE_COLOUR ( '', #3695 ) ;
#2251 = CARTESIAN_POINT ( 'NONE',  ( -0.03306411596227474409, -0.009796892277728305384, -1.089000000000000190 ) ) ;
#2252 = ORIENTED_EDGE ( 'NONE', *, *, #764, .T. ) ;
#2253 = VECTOR ( 'NONE', #4427, 1000.000000000000114 ) ;
#2254 = EDGE_CURVE ( 'NONE', #5427, #3023, #374, .T. ) ;
#2255 =( NAMED_UNIT ( * ) PLANE_ANGLE_UNIT ( ) SI_UNIT ( $, .RADIAN. ) );
#2256 = CARTESIAN_POINT ( 'NONE',  ( -0.3021143517432165471, -0.04850684821579001604, -1.089999999999999636 ) ) ;
#2257 = ORIENTED_EDGE ( 'NONE', *, *, #4467, .F. ) ;
#2258 = VECTOR ( 'NONE', #3858, 1000.000000000000000 ) ;
#2259 = VECTOR ( 'NONE', #300, 1000.000000000000000 ) ;
#2260 = CARTESIAN_POINT ( 'NONE',  ( 0.03762726941769833217, 0.09643514038893515050, -1.089000000000000412 ) ) ;
#2261 = DIRECTION ( 'NONE',  ( 0.000000000000000000, -0.000000000000000000, 1.000000000000000000 ) ) ;
#2262 = CARTESIAN_POINT ( 'NONE',  ( 2.649999999999999911, 1.000000000000000000, -0.2999999999999999334 ) ) ;
#2263 = DIRECTION ( 'NONE',  ( 0.000000000000000000, 1.000000000000000000, 1.489460524512560092E-12 ) ) ;
#2264 = COLOUR_RGB ( '',0.7529411764705882248, 0.7529411764705882248, 0.7529411764705882248 ) ;
#2265 = SURFACE_STYLE_FILL_AREA ( #479 ) ;
#2266 = VERTEX_POINT ( 'NONE', #51 ) ;
#2267 = UNCERTAINTY_MEASURE_WITH_UNIT (LENGTH_MEASURE( 1.000000000000000082E-05 ), #4806, 'distance_accuracy_value', 'NONE');
#2268 = FILL_AREA_STYLE ('',( #4366 ) ) ;
#2269 = ADVANCED_FACE ( 'NONE', ( #5369 ), #4235, .F. ) ;
#2270 = SURFACE_SIDE_STYLE ('',( #5181 ) ) ;
#2271 = CARTESIAN_POINT ( 'NONE',  ( 0.07694638422575546255, -0.08043437136706975410, -1.089000000000000412 ) ) ;
#2272 = COLOUR_RGB ( '',1.000000000000000000, 1.000000000000000000, 1.000000000000000000 ) ;
#2273 = AXIS2_PLACEMENT_3D ( 'NONE', #4558, #454, #414 ) ;
#2274 = CARTESIAN_POINT ( 'NONE',  ( -0.2397237827801356469, -0.09631710864299970754, -1.090000000000000080 ) ) ;
#2275 = CARTESIAN_POINT ( 'NONE',  ( -2.249999999999999556, 1.000000000000000000, 0.000000000000000000 ) ) ;
#2276 = ORIENTED_EDGE ( 'NONE', *, *, #1671, .F. ) ;
#2277 = MECHANICAL_DESIGN_GEOMETRIC_PRESENTATION_REPRESENTATION (  '', ( #3077 ), #2570 ) ;
#2278 = VERTEX_POINT ( 'NONE', #469 ) ;
#2279 = FILL_AREA_STYLE_COLOUR ( '', #879 ) ;
#2280 = FILL_AREA_STYLE ('',( #1815 ) ) ;
#2281 = LINE ( 'NONE', #2678, #449 ) ;
#2282 = CARTESIAN_POINT ( 'NONE',  ( -1.083775276098227103, 1.617803591027771937, 1.090000000000000080 ) ) ;
#2283 = EDGE_LOOP ( 'NONE', ( #4579, #1495, #3194, #4219 ) ) ;
#2284 =( NAMED_UNIT ( * ) PLANE_ANGLE_UNIT ( ) SI_UNIT ( $, .RADIAN. ) );
#2285 = CARTESIAN_POINT ( 'NONE',  ( -0.3095572302320345193, 0.03329980115789546447, -1.089999999999999858 ) ) ;
#2286 = AXIS2_PLACEMENT_3D ( 'NONE', #384, #3269, #4196 ) ;
#2287 = ORIENTED_EDGE ( 'NONE', *, *, #2220, .T. ) ;
#2288 = ORIENTED_EDGE ( 'NONE', *, *, #350, .T. ) ;
#2289 = PLANE ( 'NONE',  #61 ) ;
#2290 = DIRECTION ( 'NONE',  ( -0.000000000000000000, 0.000000000000000000, -1.000000000000000000 ) ) ;
#2291 = CARTESIAN_POINT ( 'NONE',  ( 0.03278954257431059699, -0.06772372154602099292, -1.089000000000000190 ) ) ;
#2292 = DIRECTION ( 'NONE',  ( -0.1710878697460358477, -0.1710878697460358477, -0.9702875252478136980 ) ) ;
#2293 = CARTESIAN_POINT ( 'NONE',  ( 0.03762726941769833217, 0.09643514038893515050, -1.090000000000000302 ) ) ;
#2294 = PRESENTATION_STYLE_ASSIGNMENT (( #5257 ) ) ;
#2295 = CARTESIAN_POINT ( 'NONE',  ( 0.1547407620865057509, -0.002174941058216104360, -1.090000000000000080 ) ) ;
#2296 = ORIENTED_EDGE ( 'NONE', *, *, #210, .T. ) ;
#2297 = ADVANCED_FACE ( 'NONE', ( #1105 ), #2216, .T. ) ;
#2298 = MECHANICAL_DESIGN_GEOMETRIC_PRESENTATION_REPRESENTATION (  '', ( #2023 ), #5013 ) ;
#2299 = FILL_AREA_STYLE_COLOUR ( '', #3373 ) ;
#2300 = SURFACE_SIDE_STYLE ('',( #1422 ) ) ;
#2301 = ORIENTED_EDGE ( 'NONE', *, *, #1305, .T. ) ;
#2302 = ORIENTED_EDGE ( 'NONE', *, *, #147, .F. ) ;
#2303 =( NAMED_UNIT ( * ) SI_UNIT ( $, .STERADIAN. ) SOLID_ANGLE_UNIT ( ) );
#2304 = DIRECTION ( 'NONE',  ( -1.000000000000000000, 0.000000000000000000, 0.000000000000000000 ) ) ;
#2305 = CARTESIAN_POINT ( 'NONE',  ( -0.03306411596227474409, -0.07808957520455758750, -1.090000000000000080 ) ) ;
#2306 = MECHANICAL_DESIGN_GEOMETRIC_PRESENTATION_REPRESENTATION (  '', ( #1473 ), #2599 ) ;
#2307 = CARTESIAN_POINT ( 'NONE',  ( -0.3118656605539817384, -0.01951414958969135277, -1.090000000000000302 ) ) ;
#2308 = DIRECTION ( 'NONE',  ( -0.3393303772748785252, -0.9406672605435402179, 0.000000000000000000 ) ) ;
#2309 = ORIENTED_EDGE ( 'NONE', *, *, #5070, .F. ) ;
#2310 = CIRCLE ( 'NONE', #134, 0.2999999999999999334 ) ;
#2311 = FACE_OUTER_BOUND ( 'NONE', #3380, .T. ) ;
#2312 = STYLED_ITEM ( 'NONE', ( #3177 ), #2713 ) ;
#2313 = ORIENTED_EDGE ( 'NONE', *, *, #2468, .T. ) ;
#2314 =( NAMED_UNIT ( * ) PLANE_ANGLE_UNIT ( ) SI_UNIT ( $, .RADIAN. ) );
#2315 = CARTESIAN_POINT ( 'NONE',  ( -0.3063022325421677627, 0.04251997364209244429, -1.090000000000000302 ) ) ;
#2316 = EDGE_CURVE ( 'NONE', #3476, #606, #4815, .T. ) ;
#2317 = VECTOR ( 'NONE', #3200, 1000.000000000000000 ) ;
#2318 = PLANE ( 'NONE',  #490 ) ;
#2319 =( NAMED_UNIT ( * ) PLANE_ANGLE_UNIT ( ) SI_UNIT ( $, .RADIAN. ) );
#2320 = ORIENTED_EDGE ( 'NONE', *, *, #4762, .F. ) ;
#2321 =( LENGTH_UNIT ( ) NAMED_UNIT ( * ) SI_UNIT ( .MILLI., .METRE. ) );
#2322 = ADVANCED_FACE ( 'NONE', ( #2020 ), #3857, .F. ) ;
#2323 = CARTESIAN_POINT ( 'NONE',  ( -2.057803591027772327, 1.617803591027771937, 1.090000000000000080 ) ) ;
#2324 =( GEOMETRIC_REPRESENTATION_CONTEXT ( 3 ) GLOBAL_UNCERTAINTY_ASSIGNED_CONTEXT ( ( #4131 ) ) GLOBAL_UNIT_ASSIGNED_CONTEXT ( ( #2139, #2161, #1346 ) ) REPRESENTATION_CONTEXT ( 'NONE', 'WORKASPACE' ) );
#2325 = COLOUR_RGB ( '',1.000000000000000000, 1.000000000000000000, 1.000000000000000000 ) ;
#2326 = CARTESIAN_POINT ( 'NONE',  ( 0.05024509313493250029, -0.07562658899990347405, -1.089000000000000190 ) ) ;
#2327 = CARTESIAN_POINT ( 'NONE',  ( -0.3133128162803870409, -0.008707710573945707383, -1.089999999999999858 ) ) ;
#2328 = EDGE_LOOP ( 'NONE', ( #3138, #562, #3653, #5064 ) ) ;
#2329 = EDGE_CURVE ( 'NONE', #2983, #4076, #121, .T. ) ;
#2330 = DIRECTION ( 'NONE',  ( 1.000000000000000000, 0.000000000000000000, -0.000000000000000000 ) ) ;
#2331 = CARTESIAN_POINT ( 'NONE',  ( -0.2397237827801356469, -0.09631710864299970754, -1.089999999999999636 ) ) ;
#2332 = PLANE ( 'NONE',  #1541 ) ;
#2333 = VECTOR ( 'NONE', #916, 1000.000000000000000 ) ;
#2334 = UNCERTAINTY_MEASURE_WITH_UNIT (LENGTH_MEASURE( 1.000000000000000082E-05 ), #3395, 'distance_accuracy_value', 'NONE');
#2335 =( NAMED_UNIT ( * ) SI_UNIT ( $, .STERADIAN. ) SOLID_ANGLE_UNIT ( ) );
#2336 = ORIENTED_EDGE ( 'NONE', *, *, #1212, .F. ) ;
#2337 = DIRECTION ( 'NONE',  ( 0.000000000000000000, -1.000000000000000000, 0.000000000000000000 ) ) ;
#2338 = CARTESIAN_POINT ( 'NONE',  ( -2.050000000000000266, -1.000000000000000000, -6.123233995736829515E-18 ) ) ;
#2339 = VECTOR ( 'NONE', #1676, 1000.000000000000000 ) ;
#2340 = CARTESIAN_POINT ( 'NONE',  ( 0.1226764446766349798, 0.06794960350814446826, -1.089000000000000190 ) ) ;
#2341 = SURFACE_SIDE_STYLE ('',( #4258 ) ) ;
#2342 = ORIENTED_EDGE ( 'NONE', *, *, #4522, .F. ) ;
#2343 = CARTESIAN_POINT ( 'NONE',  ( 0.1262278685990616822, -0.09586293356338063121, -1.089000000000000412 ) ) ;
#2344 =( GEOMETRIC_REPRESENTATION_CONTEXT ( 3 ) GLOBAL_UNCERTAINTY_ASSIGNED_CONTEXT ( ( #2877 ) ) GLOBAL_UNIT_ASSIGNED_CONTEXT ( ( #1270, #429, #3351 ) ) REPRESENTATION_CONTEXT ( 'NONE', 'WORKASPACE' ) );
#2345 = CARTESIAN_POINT ( 'NONE',  ( -0.2089025305964211376, 0.07800798577105219622, -1.090000000000000080 ) ) ;
#2346 = LINE ( 'NONE', #3725, #3863 ) ;
#2347 = ORIENTED_EDGE ( 'NONE', *, *, #4320, .T. ) ;
#2348 = PRESENTATION_LAYER_ASSIGNMENT (  '', '', ( #1091 ) ) ;
#2349 = CARTESIAN_POINT ( 'NONE',  ( -0.2704083743074141011, 0.05395321860396124630, -1.089999999999999858 ) ) ;
#2350 = FACE_OUTER_BOUND ( 'NONE', #2386, .T. ) ;
#2351 = ADVANCED_FACE ( 'NONE', ( #4365 ), #2242, .T. ) ;
#2352 =( GEOMETRIC_REPRESENTATION_CONTEXT ( 3 ) GLOBAL_UNCERTAINTY_ASSIGNED_CONTEXT ( ( #3264 ) ) GLOBAL_UNIT_ASSIGNED_CONTEXT ( ( #5097, #4680, #5128 ) ) REPRESENTATION_CONTEXT ( 'NONE', 'WORKASPACE' ) );
#2353 = EDGE_CURVE ( 'NONE', #5004, #1021, #2134, .T. ) ;
#2354 = ORIENTED_EDGE ( 'NONE', *, *, #3166, .F. ) ;
#2355 = EDGE_CURVE ( 'NONE', #4361, #430, #2553, .T. ) ;
#2356 = CARTESIAN_POINT ( 'NONE',  ( -1.550000000000000044, 1.000000000000000000, -1.190000000000000169 ) ) ;
#2357 = DIRECTION ( 'NONE',  ( 1.000000000000000000, 0.000000000000000000, 0.000000000000000000 ) ) ;
#2358 = PRESENTATION_STYLE_ASSIGNMENT (( #711 ) ) ;
#2359 = CARTESIAN_POINT ( 'NONE',  ( -0.2839315456838547025, -0.02404943250316714937, -1.088999999999999968 ) ) ;
#2360 = CARTESIAN_POINT ( 'NONE',  ( -2.350000000000000089, -1.000000000000000000, -1.190000000000000169 ) ) ;
#2361 =( GEOMETRIC_REPRESENTATION_CONTEXT ( 3 ) GLOBAL_UNCERTAINTY_ASSIGNED_CONTEXT ( ( #3 ) ) GLOBAL_UNIT_ASSIGNED_CONTEXT ( ( #4771, #2314, #3485 ) ) REPRESENTATION_CONTEXT ( 'NONE', 'WORKASPACE' ) );
#2362 = VECTOR ( 'NONE', #1100, 1000.000000000000114 ) ;
#2363 = CARTESIAN_POINT ( 'NONE',  ( 0.1545366210304555399, 0.006930024237982710701, -1.089000000000000634 ) ) ;
#2364 = DIRECTION ( 'NONE',  ( 1.000000000000000000, 0.000000000000000000, 0.000000000000000000 ) ) ;
#2365 = CARTESIAN_POINT ( 'NONE',  ( 0.1079998539955877440, -0.1009772514051163750, -1.089000000000000412 ) ) ;
#2366 = SURFACE_STYLE_USAGE ( .BOTH. , #1526 ) ;
#2367 = DIRECTION ( 'NONE',  ( -0.3536223923290756632, 0.9353882635801357148, 0.000000000000000000 ) ) ;
#2368 = ORIENTED_EDGE ( 'NONE', *, *, #4569, .T. ) ;
#2369 = VECTOR ( 'NONE', #5419, 1000.000000000000000 ) ;
#2370 = ORIENTED_EDGE ( 'NONE', *, *, #3332, .F. ) ;
#2371 = CARTESIAN_POINT ( 'NONE',  ( -0.2473094248580510468, 0.07066996854200174871, -1.089000000000000634 ) ) ;
#2372 = UNCERTAINTY_MEASURE_WITH_UNIT (LENGTH_MEASURE( 1.000000000000000082E-05 ), #528, 'distance_accuracy_value', 'NONE');
#2373 = CARTESIAN_POINT ( 'NONE',  ( -0.2408808345561316844, -0.07299757612826041075, -1.090000000000000080 ) ) ;
#2374 = CARTESIAN_POINT ( 'NONE',  ( 0.06107298873716927173, 0.07874046849093090106, -1.090000000000000524 ) ) ;
#2375 = CARTESIAN_POINT ( 'NONE',  ( 0.1529572254029813450, 0.07330910392467653025, -1.089000000000000412 ) ) ;
#2376 = PRESENTATION_STYLE_ASSIGNMENT (( #3239 ) ) ;
#2377 = LINE ( 'NONE', #1596, #5007 ) ;
#2378 = CARTESIAN_POINT ( 'NONE',  ( 2.209444794437053883, -1.000000000000000000, -0.2300000000000000100 ) ) ;
#2379 = ORIENTED_EDGE ( 'NONE', *, *, #1571, .T. ) ;
#2380 = CARTESIAN_POINT ( 'NONE',  ( -2.249999999999999556, -0.9999999999999997780, 0.000000000000000000 ) ) ;
#2381 = LINE ( 'NONE', #5350, #691 ) ;
#2382 = CARTESIAN_POINT ( 'NONE',  ( 0.1028207275198062681, 0.07747391449538419683, -1.088999999999999968 ) ) ;
#2383 = ADVANCED_FACE ( 'NONE', ( #639 ), #3995, .F. ) ;
#2384 = DIRECTION ( 'NONE',  ( -0.000000000000000000, -0.000000000000000000, -1.000000000000000000 ) ) ;
#2385 = CARTESIAN_POINT ( 'NONE',  ( 0.1079998539955877440, -0.1009772514051163750, -1.089000000000000412 ) ) ;
#2386 = EDGE_LOOP ( 'NONE', ( #2037, #4389, #2112, #2185 ) ) ;
#2387 = ORIENTED_EDGE ( 'NONE', *, *, #4467, .T. ) ;
#2388 = AXIS2_PLACEMENT_3D ( 'NONE', #418, #3756, #2475 ) ;
#2389 = CARTESIAN_POINT ( 'NONE',  ( -2.050000000000000266, 1.000000000000000000, -0.2300000000000000100 ) ) ;
#2390 = CARTESIAN_POINT ( 'NONE',  ( 0.1079998539955877440, -0.1009772514051163750, -1.090000000000000302 ) ) ;
#2391 = FACE_OUTER_BOUND ( 'NONE', #611, .T. ) ;
#2392 = STYLED_ITEM ( 'NONE', ( #3752 ), #5293 ) ;
#2393 = DIRECTION ( 'NONE',  ( 0.000000000000000000, -0.000000000000000000, 1.000000000000000000 ) ) ;
#2394 = SURFACE_STYLE_USAGE ( .BOTH. , #1894 ) ;
#2395 = MECHANICAL_DESIGN_GEOMETRIC_PRESENTATION_REPRESENTATION (  '', ( #48 ), #893 ) ;
#2396 = CARTESIAN_POINT ( 'NONE',  ( 0.09055362917372035414, 0.1021493093951270359, -1.089000000000000634 ) ) ;
#2397 = ORIENTED_EDGE ( 'NONE', *, *, #959, .F. ) ;
#2398 = ORIENTED_EDGE ( 'NONE', *, *, #387, .T. ) ;
#2399 = ORIENTED_EDGE ( 'NONE', *, *, #4046, .T. ) ;
#2400 = SURFACE_STYLE_USAGE ( .BOTH. , #3616 ) ;
#2401 = PRESENTATION_STYLE_ASSIGNMENT (( #112 ) ) ;
#2402 = CARTESIAN_POINT ( 'NONE',  ( -0.4161007165409541519, 0.07414478292316410701, -1.089999999999999858 ) ) ;
#2403 = CARTESIAN_POINT ( 'NONE',  ( -0.2069589330354454915, -0.1000407947167527012, -1.089000000000000190 ) ) ;
#2404 = CARTESIAN_POINT ( 'NONE',  ( 0.1423515405471012241, -0.08742073194456825846, -1.088999999999999968 ) ) ;
#2405 = LINE ( 'NONE', #5378, #3913 ) ;
#2406 = DIRECTION ( 'NONE',  ( -0.000000000000000000, -0.000000000000000000, -1.000000000000000000 ) ) ;
#2407 = EDGE_CURVE ( 'NONE', #1564, #1770, #576, .T. ) ;
#2408 = CARTESIAN_POINT ( 'NONE',  ( -0.2855384592342866679, 0.01955775718663459173, -1.088999999999999968 ) ) ;
#2409 = LINE ( 'NONE', #5304, #2871 ) ;
#2410 = CARTESIAN_POINT ( 'NONE',  ( -0.2659473198921650239, -0.05714515630623963338, -1.090000000000000080 ) ) ;
#2411 = ORIENTED_EDGE ( 'NONE', *, *, #5080, .T. ) ;
#2412 = SURFACE_SIDE_STYLE ('',( #315 ) ) ;
#2413 = VECTOR ( 'NONE', #437, 1000.000000000000000 ) ;
#2414 = FILL_AREA_STYLE_COLOUR ( '', #2449 ) ;
#2415 = CARTESIAN_POINT ( 'NONE',  ( 0.03278954257431059699, 0.09447140040519853843, -1.089000000000000190 ) ) ;
#2416 = ORIENTED_EDGE ( 'NONE', *, *, #1339, .F. ) ;
#2417 = VECTOR ( 'NONE', #352, 1000.000000000000000 ) ;
#2418 = FILL_AREA_STYLE_COLOUR ( '', #326 ) ;
#2419 = LINE ( 'NONE', #4531, #1300 ) ;
#2420 = CARTESIAN_POINT ( 'NONE',  ( -0.3281860671817870001, -0.1000407947167527012, -1.089000000000000190 ) ) ;
#2421 = CARTESIAN_POINT ( 'NONE',  ( 0.1621704042067509677, -0.06848230324972638672, -1.090000000000000080 ) ) ;
#2422 = PRESENTATION_LAYER_ASSIGNMENT (  '', '', ( #1584 ) ) ;
#2423 = CARTESIAN_POINT ( 'NONE',  ( -2.249999999999999556, -1.810000000000000719, 0.000000000000000000 ) ) ;
#2424 = CARTESIAN_POINT ( 'NONE',  ( -0.2597668596538284524, 0.06346528644155166599, -1.090000000000000080 ) ) ;
#2425 = PRESENTATION_LAYER_ASSIGNMENT (  '', '', ( #5417 ) ) ;
#2426 = CARTESIAN_POINT ( 'NONE',  ( 2.250000000000000444, 1.809999999999999387, 0.000000000000000000 ) ) ;
#2427 = CARTESIAN_POINT ( 'NONE',  ( -0.2678816222393171631, -0.08446465537530171985, -1.089000000000000190 ) ) ;
#2428 = CARTESIAN_POINT ( 'NONE',  ( 0.1291785270415127529, 0.09114803956437290966, -1.089000000000000412 ) ) ;
#2429 = EDGE_CURVE ( 'NONE', #2911, #2602, #509, .T. ) ;
#2430 = DIRECTION ( 'NONE',  ( 1.000000000000000000, 0.000000000000000000, 0.000000000000000000 ) ) ;
#2431 = ORIENTED_EDGE ( 'NONE', *, *, #5066, .T. ) ;
#2432 = CARTESIAN_POINT ( 'NONE',  ( -1.498759313441822449, 0.000000000000000000, 1.090000000000000080 ) ) ;
#2433 =( LENGTH_UNIT ( ) NAMED_UNIT ( * ) SI_UNIT ( .MILLI., .METRE. ) );
#2434 = PRESENTATION_LAYER_ASSIGNMENT (  '', '', ( #2927 ) ) ;
#2435 = PRESENTATION_STYLE_ASSIGNMENT (( #3178 ) ) ;
#2436 = VECTOR ( 'NONE', #5361, 1000.000000000000000 ) ;
#2437 = ORIENTED_EDGE ( 'NONE', *, *, #3938, .F. ) ;
#2438 = CARTESIAN_POINT ( 'NONE',  ( 0.1547407620865057509, -0.002174941058216104360, -1.090000000000000080 ) ) ;
#2439 = CARTESIAN_POINT ( 'NONE',  ( 2.649999999999999911, 1.000000000000000000, -0.8900000000000001243 ) ) ;
#2440 =( LENGTH_UNIT ( ) NAMED_UNIT ( * ) SI_UNIT ( .MILLI., .METRE. ) );
#2441 = VECTOR ( 'NONE', #4341, 1000.000000000000000 ) ;
#2442 = DIRECTION ( 'NONE',  ( -0.000000000000000000, -0.000000000000000000, -1.000000000000000000 ) ) ;
#2443 = EDGE_CURVE ( 'NONE', #3742, #622, #366, .T. ) ;
#2444 = UNCERTAINTY_MEASURE_WITH_UNIT (LENGTH_MEASURE( 1.000000000000000082E-05 ), #3204, 'distance_accuracy_value', 'NONE');
#2445 = ORIENTED_EDGE ( 'NONE', *, *, #2140, .F. ) ;
#2446 = CARTESIAN_POINT ( 'NONE',  ( -0.2069589330354454915, -0.1000407947167527012, -1.089000000000000190 ) ) ;
#2447 = LINE ( 'NONE', #2748, #3483 ) ;
#2448 = DIRECTION ( 'NONE',  ( -1.000000000000000000, 0.000000000000000000, 0.000000000000000000 ) ) ;
#2449 = COLOUR_RGB ( '',0.7529411764705882248, 0.7529411764705882248, 0.7529411764705882248 ) ;
#2450 = LINE ( 'NONE', #1435, #1336 ) ;
#2451 = FACE_OUTER_BOUND ( 'NONE', #1519, .T. ) ;
#2452 = DIRECTION ( 'NONE',  ( 0.000000000000000000, 1.000000000000000000, 0.000000000000000000 ) ) ;
#2453 = DIRECTION ( 'NONE',  ( -0.000000000000000000, 0.000000000000000000, 1.000000000000000000 ) ) ;
#2454 = LINE ( 'NONE', #2432, #1338 ) ;
#2455 = ORIENTED_EDGE ( 'NONE', *, *, #5235, .T. ) ;
#2456 = PRESENTATION_LAYER_ASSIGNMENT (  '', '', ( #304 ) ) ;
#2457 = VERTEX_POINT ( 'NONE', #1829 ) ;
#2458 = CARTESIAN_POINT ( 'NONE',  ( 0.1529572254029813450, 0.07330910392467653025, -1.090000000000000302 ) ) ;
#2459 = FILL_AREA_STYLE ('',( #3342 ) ) ;
#2460 = CARTESIAN_POINT ( 'NONE',  ( 0.1813851957955543992, -0.01453031304116988824, -1.090000000000000080 ) ) ;
#2461 = AXIS2_PLACEMENT_3D ( 'NONE', #2924, #21, #428 ) ;
#2462 = PRESENTATION_STYLE_ASSIGNMENT (( #3851 ) ) ;
#2463 = ORIENTED_EDGE ( 'NONE', *, *, #1061, .T. ) ;
#2464 =( NAMED_UNIT ( * ) PLANE_ANGLE_UNIT ( ) SI_UNIT ( $, .RADIAN. ) );
#2465 = PRESENTATION_STYLE_ASSIGNMENT (( #1424 ) ) ;
#2466 = EDGE_CURVE ( 'NONE', #2834, #4203, #1431, .T. ) ;
#2467 = DIRECTION ( 'NONE',  ( 1.000000000000000000, 0.000000000000000000, 0.000000000000000000 ) ) ;
#2468 = EDGE_CURVE ( 'NONE', #5211, #4018, #4109, .T. ) ;
#2469 = CARTESIAN_POINT ( 'NONE',  ( -0.3063127689652654362, -0.03942011314589982662, -1.089000000000000412 ) ) ;
#2470 = ORIENTED_EDGE ( 'NONE', *, *, #5268, .T. ) ;
#2471 = STYLED_ITEM ( 'NONE', ( #1856 ), #3553 ) ;
#2472 = PLANE ( 'NONE',  #574 ) ;
#2473 = DIRECTION ( 'NONE',  ( 1.000000000000000000, 0.000000000000000000, 2.011111420667069011E-16 ) ) ;
#2474 = CARTESIAN_POINT ( 'NONE',  ( 0.07985509135479844367, 0.1023982296734912284, -1.090000000000000080 ) ) ;
#2475 = DIRECTION ( 'NONE',  ( 1.000000000000000000, 0.000000000000000000, 0.000000000000000000 ) ) ;
#2476 = EDGE_LOOP ( 'NONE', ( #3764, #775, #3457, #4446 ) ) ;
#2477 = CARTESIAN_POINT ( 'NONE',  ( 0.1753767342866993095, -0.04395897382328493169, -1.089000000000000190 ) ) ;
#2478 = FILL_AREA_STYLE ('',( #2053 ) ) ;
#2479 = FILL_AREA_STYLE_COLOUR ( '', #2325 ) ;
#2480 = STYLED_ITEM ( 'NONE', ( #5193 ), #1096 ) ;
#2481 = ORIENTED_EDGE ( 'NONE', *, *, #1460, .F. ) ;
#2482 =( GEOMETRIC_REPRESENTATION_CONTEXT ( 3 ) GLOBAL_UNCERTAINTY_ASSIGNED_CONTEXT ( ( #1536 ) ) GLOBAL_UNIT_ASSIGNED_CONTEXT ( ( #2933, #3302, #2494 ) ) REPRESENTATION_CONTEXT ( 'NONE', 'WORKASPACE' ) );
#2483 = DIRECTION ( 'NONE',  ( -0.1710878697460358477, -0.1710878697460358477, 0.9702875252478136980 ) ) ;
#2484 = DIRECTION ( 'NONE',  ( -1.000000000000000000, 0.000000000000000000, 0.000000000000000000 ) ) ;
#2485 = COLOUR_RGB ( '',0.2509803921568627416, 0.2509803921568627416, 0.2509803921568627416 ) ;
#2486 = CARTESIAN_POINT ( 'NONE',  ( 2.649999999999999911, 1.000000000000000000, -0.2999999999999998779 ) ) ;
#2487 = ORIENTED_EDGE ( 'NONE', *, *, #2641, .T. ) ;
#2488 = VERTEX_POINT ( 'NONE', #1423 ) ;
#2489 = LINE ( 'NONE', #4664, #1309 ) ;
#2490 = PRESENTATION_STYLE_ASSIGNMENT (( #2702 ) ) ;
#2491 =( NAMED_UNIT ( * ) SI_UNIT ( $, .STERADIAN. ) SOLID_ANGLE_UNIT ( ) );
#2492 = CARTESIAN_POINT ( 'NONE',  ( 0.03278954257431059699, -0.08967494105821612049, -1.089000000000000190 ) ) ;
#2493 =( GEOMETRIC_REPRESENTATION_CONTEXT ( 3 ) GLOBAL_UNCERTAINTY_ASSIGNED_CONTEXT ( ( #2854 ) ) GLOBAL_UNIT_ASSIGNED_CONTEXT ( ( #1808, #2616, #521 ) ) REPRESENTATION_CONTEXT ( 'NONE', 'WORKASPACE' ) );
#2494 =( NAMED_UNIT ( * ) SI_UNIT ( $, .STERADIAN. ) SOLID_ANGLE_UNIT ( ) );
#2495 = ORIENTED_EDGE ( 'NONE', *, *, #4296, .T. ) ;
#2496 = ADVANCED_FACE ( 'NONE', ( #4812 ), #5241, .T. ) ;
#2497 = DIRECTION ( 'NONE',  ( -0.3635424856527063042, -0.9315776194850602376, 0.000000000000000000 ) ) ;
#2498 = LINE ( 'NONE', #1995, #1380 ) ;
#2499 = CARTESIAN_POINT ( 'NONE',  ( 0.1547407620865057509, -0.002174941058216104360, -1.089000000000000190 ) ) ;
#2500 = FILL_AREA_STYLE_COLOUR ( '', #2855 ) ;
#2501 =( NAMED_UNIT ( * ) SI_UNIT ( $, .STERADIAN. ) SOLID_ANGLE_UNIT ( ) );
#2502 = PRESENTATION_LAYER_ASSIGNMENT (  '', '', ( #636 ) ) ;
#2503 = LINE ( 'NONE', #4187, #5392 ) ;
#2504 = CARTESIAN_POINT ( 'NONE',  ( 2.350000000000000089, 1.000000000000000000, -0.2999999999999999334 ) ) ;
#2505 = CARTESIAN_POINT ( 'NONE',  ( -0.3063022325421677627, 0.04251997364209244429, -1.089999999999999858 ) ) ;
#2506 = EDGE_CURVE ( 'NONE', #2669, #982, #4238, .T. ) ;
#2507 = ORIENTED_EDGE ( 'NONE', *, *, #1944, .T. ) ;
#2508 = LINE ( 'NONE', #1, #1252 ) ;
#2509 = VERTEX_POINT ( 'NONE', #1506 ) ;
#2510 = DIRECTION ( 'NONE',  ( 0.000000000000000000, 0.000000000000000000, -1.000000000000000000 ) ) ;
#2511 = CARTESIAN_POINT ( 'NONE',  ( 0.07207221653083581425, -0.1017515277951958758, -1.090000000000000080 ) ) ;
#2512 = ORIENTED_EDGE ( 'NONE', *, *, #4492, .F. ) ;
#2513 =( GEOMETRIC_REPRESENTATION_CONTEXT ( 3 ) GLOBAL_UNCERTAINTY_ASSIGNED_CONTEXT ( ( #4221 ) ) GLOBAL_UNIT_ASSIGNED_CONTEXT ( ( #721, #5284, #5302 ) ) REPRESENTATION_CONTEXT ( 'NONE', 'WORKASPACE' ) );
#2514 = ORIENTED_EDGE ( 'NONE', *, *, #537, .F. ) ;
#2515 = FACE_BOUND ( 'NONE', #2062, .T. ) ;
#2516 = CARTESIAN_POINT ( 'NONE',  ( -2.050000000000000266, 1.000000000000000000, -0.2300000000000000100 ) ) ;
#2517 = DIRECTION ( 'NONE',  ( -0.000000000000000000, 0.000000000000000000, -1.000000000000000000 ) ) ;
#2518 = CARTESIAN_POINT ( 'NONE',  ( 0.1546851981164803769, -0.005099182197370351680, -1.089999999999999858 ) ) ;
#2519 = ORIENTED_EDGE ( 'NONE', *, *, #4589, .T. ) ;
#2520 = ORIENTED_EDGE ( 'NONE', *, *, #2645, .T. ) ;
#2521 = CARTESIAN_POINT ( 'NONE',  ( -0.03306411596227474409, -0.07808957520455758750, -1.089000000000000190 ) ) ;
#2522 = CARTESIAN_POINT ( 'NONE',  ( 0.06312196210118967143, -0.07882713251429197820, -1.089999999999999858 ) ) ;
#2523 = EDGE_CURVE ( 'NONE', #1953, #4877, #452, .T. ) ;
#2524 = PRESENTATION_STYLE_ASSIGNMENT (( #2094 ) ) ;
#2525 = CARTESIAN_POINT ( 'NONE',  ( -0.2839315456838547025, -0.02404943250316714937, -1.089999999999999636 ) ) ;
#2526 = CARTESIAN_POINT ( 'NONE',  ( 0.06714004580521411303, 0.07970379063349369853, -1.088999999999999746 ) ) ;
#2527 = VERTEX_POINT ( 'NONE', #2305 ) ;
#2528 = CARTESIAN_POINT ( 'NONE',  ( -0.3281860671817870001, -0.1000407947167527012, -1.089000000000000190 ) ) ;
#2529 = ADVANCED_FACE ( 'NONE', ( #4889 ), #3715, .T. ) ;
#2530 =( NAMED_UNIT ( * ) PLANE_ANGLE_UNIT ( ) SI_UNIT ( $, .RADIAN. ) );
#2531 = VECTOR ( 'NONE', #922, 1000.000000000000000 ) ;
#2532 = DIRECTION ( 'NONE',  ( -1.000000000000000000, 0.000000000000000000, 2.011111420667069257E-16 ) ) ;
#2533 = CARTESIAN_POINT ( 'NONE',  ( 0.03844679544379627639, -0.09279751431125408956, -1.089000000000000412 ) ) ;
#2534 = VECTOR ( 'NONE', #1632, 1000.000000000000000 ) ;
#2535 = PRESENTATION_STYLE_ASSIGNMENT (( #3780 ) ) ;
#2536 = MECHANICAL_DESIGN_GEOMETRIC_PRESENTATION_REPRESENTATION (  '', ( #3826 ), #670 ) ;
#2537 = ORIENTED_EDGE ( 'NONE', *, *, #1412, .F. ) ;
#2538 =( NAMED_UNIT ( * ) SI_UNIT ( $, .STERADIAN. ) SOLID_ANGLE_UNIT ( ) );
#2539 = CARTESIAN_POINT ( 'NONE',  ( 0.1472440274431901508, -0.04139944356084110377, -1.090000000000000302 ) ) ;
#2540 = STYLED_ITEM ( 'NONE', ( #2872 ), #2322 ) ;
#2541 = DIRECTION ( 'NONE',  ( -2.396026900520451940E-16, 1.000000000000000000, -0.000000000000000000 ) ) ;
#2542 = CARTESIAN_POINT ( 'NONE',  ( 2.050000000000000266, 1.000000000000000000, -0.2300000000000000100 ) ) ;
#2543 = ORIENTED_EDGE ( 'NONE', *, *, #1655, .F. ) ;
#2544 = EDGE_CURVE ( 'NONE', #1577, #1549, #244, .T. ) ;
#2545 = CARTESIAN_POINT ( 'NONE',  ( -0.2108108614239064260, -0.07802443342119971814, -1.089999999999999858 ) ) ;
#2546 = SURFACE_SIDE_STYLE ('',( #3272 ) ) ;
#2547 = EDGE_CURVE ( 'NONE', #5004, #1042, #715, .T. ) ;
#2548 = VECTOR ( 'NONE', #402, 1000.000000000000000 ) ;
#2549 = PLANE ( 'NONE',  #2461 ) ;
#2550 = EDGE_LOOP ( 'NONE', ( #5334, #1163, #4924, #3076 ) ) ;
#2551 =( GEOMETRIC_REPRESENTATION_CONTEXT ( 3 ) GLOBAL_UNCERTAINTY_ASSIGNED_CONTEXT ( ( #1194 ) ) GLOBAL_UNIT_ASSIGNED_CONTEXT ( ( #4563, #1262, #2893 ) ) REPRESENTATION_CONTEXT ( 'NONE', 'WORKASPACE' ) );
#2552 = UNCERTAINTY_MEASURE_WITH_UNIT (LENGTH_MEASURE( 1.000000000000000082E-05 ), #3070, 'distance_accuracy_value', 'NONE');
#2553 = LINE ( 'NONE', #2229, #722 ) ;
#2554 = EDGE_LOOP ( 'NONE', ( #3745, #1776, #3631, #4327, #2296, #1241 ) ) ;
#2555 = EDGE_CURVE ( 'NONE', #4860, #1173, #1425, .T. ) ;
#2556 = DIRECTION ( 'NONE',  ( 0.000000000000000000, 1.000000000000000000, 0.000000000000000000 ) ) ;
#2557 = CARTESIAN_POINT ( 'NONE',  ( 0.09173663420452757289, -0.08033238286633657965, -1.089999999999999858 ) ) ;
#2558 = SURFACE_SIDE_STYLE ('',( #2184 ) ) ;
#2559 = CARTESIAN_POINT ( 'NONE',  ( -1.550000000000000044, -1.000000000000000000, -0.9600000000000001865 ) ) ;
#2560 = LINE ( 'NONE', #1993, #4632 ) ;
#2561 = FACE_OUTER_BOUND ( 'NONE', #3185, .T. ) ;
#2562 = SURFACE_STYLE_FILL_AREA ( #2226 ) ;
#2563 = ADVANCED_FACE ( 'NONE', ( #4741 ), #1599, .T. ) ;
#2564 = CARTESIAN_POINT ( 'NONE',  ( 0.1061044094838751728, -0.07769298697542106891, -1.088999999999999968 ) ) ;
#2565 = CARTESIAN_POINT ( 'NONE',  ( -0.2501608686475206844, 0.09349250239415066166, -1.089999999999999858 ) ) ;
#2566 = PRESENTATION_STYLE_ASSIGNMENT (( #3323 ) ) ;
#2567 = PRESENTATION_LAYER_ASSIGNMENT (  '', '', ( #3568 ) ) ;
#2568 = FILL_AREA_STYLE ('',( #5250 ) ) ;
#2569 = CARTESIAN_POINT ( 'NONE',  ( 0.1339315721879655585, 0.05817222558241384039, -1.090000000000000080 ) ) ;
#2570 =( GEOMETRIC_REPRESENTATION_CONTEXT ( 3 ) GLOBAL_UNCERTAINTY_ASSIGNED_CONTEXT ( ( #2914 ) ) GLOBAL_UNIT_ASSIGNED_CONTEXT ( ( #4447, #3198, #3638 ) ) REPRESENTATION_CONTEXT ( 'NONE', 'WORKASPACE' ) );
#2571 = DIRECTION ( 'NONE',  ( -0.000000000000000000, -1.000000000000000000, -0.000000000000000000 ) ) ;
#2572 = EDGE_LOOP ( 'NONE', ( #539, #4501, #1314, #3237 ) ) ;
#2573 = VERTEX_POINT ( 'NONE', #4133 ) ;
#2574 = CARTESIAN_POINT ( 'NONE',  ( 0.1519466916880643503, 0.02401703585502484514, -1.089000000000000412 ) ) ;
#2575 = VECTOR ( 'NONE', #2483, 1000.000000000000114 ) ;
#2576 = DIRECTION ( 'NONE',  ( 0.000000000000000000, 0.000000000000000000, -1.000000000000000000 ) ) ;
#2577 = CARTESIAN_POINT ( 'NONE',  ( -2.350000000000000089, 1.000000000000000000, 5.421010862427522170E-17 ) ) ;
#2578 = MECHANICAL_DESIGN_GEOMETRIC_PRESENTATION_REPRESENTATION (  '', ( #4345 ), #3121 ) ;
#2579 = CARTESIAN_POINT ( 'NONE',  ( -0.2333203320300569761, -0.07526767509339563067, -1.089999999999999858 ) ) ;
#2580 = CARTESIAN_POINT ( 'NONE',  ( -1.498759313441822449, -1.617979918008481954, 1.089000000000000190 ) ) ;
#2581 = SURFACE_STYLE_USAGE ( .BOTH. , #1652 ) ;
#2582 = COLOUR_RGB ( '',0.5019607843137254832, 0.2509803921568627416, 0.2509803921568627416 ) ;
#2583 = FACE_BOUND ( 'NONE', #1429, .T. ) ;
#2584 = UNCERTAINTY_MEASURE_WITH_UNIT (LENGTH_MEASURE( 1.000000000000000082E-05 ), #3409, 'distance_accuracy_value', 'NONE');
#2585 = CARTESIAN_POINT ( 'NONE',  ( 0.1521341168205202765, -0.02702703610961646255, -1.090000000000000080 ) ) ;
#2586 = PRODUCT_CONTEXT ( 'NONE', #3012, 'mechanical' ) ;
#2587 = EDGE_LOOP ( 'NONE', ( #598, #1974, #3838, #2463 ) ) ;
#2588 = EDGE_LOOP ( 'NONE', ( #65, #3649, #3028, #3336 ) ) ;
#2589 = CARTESIAN_POINT ( 'NONE',  ( -0.1135519208403235752, -0.1000407947167527012, -1.090000000000000080 ) ) ;
#2590 = FILL_AREA_STYLE_COLOUR ( '', #3512 ) ;
#2591 = FILL_AREA_STYLE_COLOUR ( '', #4945 ) ;
#2592 = FILL_AREA_STYLE ('',( #3384 ) ) ;
#2593 = EDGE_CURVE ( 'NONE', #1980, #4892, #3053, .T. ) ;
#2594 = PLANE ( 'NONE',  #4170 ) ;
#2595 = LINE ( 'NONE', #1735, #1658 ) ;
#2596 = CARTESIAN_POINT ( 'NONE',  ( -0.4192493947277757260, 0.06416404034490831576, -1.089000000000000634 ) ) ;
#2597 = ORIENTED_EDGE ( 'NONE', *, *, #2071, .F. ) ;
#2598 = SURFACE_STYLE_FILL_AREA ( #4177 ) ;
#2599 =( GEOMETRIC_REPRESENTATION_CONTEXT ( 3 ) GLOBAL_UNCERTAINTY_ASSIGNED_CONTEXT ( ( #1368 ) ) GLOBAL_UNIT_ASSIGNED_CONTEXT ( ( #548, #4379, #1880 ) ) REPRESENTATION_CONTEXT ( 'NONE', 'WORKASPACE' ) );
#2600 = CARTESIAN_POINT ( 'NONE',  ( -0.2089025305964211376, 0.07800798577105219622, -1.089000000000000190 ) ) ;
#2601 = CARTESIAN_POINT ( 'NONE',  ( 0.1519466916880643503, 0.02401703585502484514, -1.090000000000000302 ) ) ;
#2602 = VERTEX_POINT ( 'NONE', #1614 ) ;
#2603 = VECTOR ( 'NONE', #1178, 1000.000000000000000 ) ;
#2604 = AXIS2_PLACEMENT_3D ( 'NONE', #145, #3887, #2240 ) ;
#2605 = LINE ( 'NONE', #2628, #3445 ) ;
#2606 = CARTESIAN_POINT ( 'NONE',  ( 2.350000000000000089, -1.000000000000000000, -0.9600000000000001865 ) ) ;
#2607 = FILL_AREA_STYLE ('',( #111 ) ) ;
#2608 =( NAMED_UNIT ( * ) PLANE_ANGLE_UNIT ( ) SI_UNIT ( $, .RADIAN. ) );
#2609 =( GEOMETRIC_REPRESENTATION_CONTEXT ( 3 ) GLOBAL_UNCERTAINTY_ASSIGNED_CONTEXT ( ( #2444 ) ) GLOBAL_UNIT_ASSIGNED_CONTEXT ( ( #3204, #1988, #1950 ) ) REPRESENTATION_CONTEXT ( 'NONE', 'WORKASPACE' ) );
#2610 = EDGE_LOOP ( 'NONE', ( #656, #2804, #1004, #1343, #2342, #4207, #650, #2693 ) ) ;
#2611 = CARTESIAN_POINT ( 'NONE',  ( -0.2865297020745643519, 0.01092155561319780623, -1.089000000000000190 ) ) ;
#2612 = CARTESIAN_POINT ( 'NONE',  ( 0.1986432011108960061, -0.1000407947167527012, -1.090000000000000080 ) ) ;
#2613 = VECTOR ( 'NONE', #5143, 1000.000000000000000 ) ;
#2614 = ORIENTED_EDGE ( 'NONE', *, *, #1342, .T. ) ;
#2615 = EDGE_CURVE ( 'NONE', #581, #4594, #2405, .T. ) ;
#2616 =( NAMED_UNIT ( * ) PLANE_ANGLE_UNIT ( ) SI_UNIT ( $, .RADIAN. ) );
#2617 = DIRECTION ( 'NONE',  ( -0.000000000000000000, 0.000000000000000000, -1.000000000000000000 ) ) ;
#2618 = UNCERTAINTY_MEASURE_WITH_UNIT (LENGTH_MEASURE( 1.000000000000000082E-05 ), #2883, 'distance_accuracy_value', 'NONE');
#2619 = LINE ( 'NONE', #2091, #3389 ) ;
#2620 = EDGE_LOOP ( 'NONE', ( #5034, #5247, #3989, #3855 ) ) ;
#2621 = PRESENTATION_LAYER_ASSIGNMENT (  '', '', ( #1075 ) ) ;
#2622 =( NAMED_UNIT ( * ) SI_UNIT ( $, .STERADIAN. ) SOLID_ANGLE_UNIT ( ) );
#2623 = CARTESIAN_POINT ( 'NONE',  ( 0.1467411962544172555, 0.03918902667549899882, -1.089999999999999858 ) ) ;
#2624 = ORIENTED_EDGE ( 'NONE', *, *, #4993, .T. ) ;
#2625 = EDGE_CURVE ( 'NONE', #3150, #3967, #1285, .T. ) ;
#2626 = LINE ( 'NONE', #4704, #385 ) ;
#2627 = LINE ( 'NONE', #3418, #584 ) ;
#2628 = CARTESIAN_POINT ( 'NONE',  ( -0.4169817988891040272, 0.07556896138080829162, -1.089000000000000190 ) ) ;
#2629 = FILL_AREA_STYLE_COLOUR ( '', #4166 ) ;
#2630 = VECTOR ( 'NONE', #1598, 1000.000000000000000 ) ;
#2631 = CARTESIAN_POINT ( 'NONE',  ( 0.03278954257431059699, 0.06764213211251560165, -1.090000000000000080 ) ) ;
#2632 = DIRECTION ( 'NONE',  ( -0.000000000000000000, -1.000000000000000000, -0.000000000000000000 ) ) ;
#2633 = MECHANICAL_DESIGN_GEOMETRIC_PRESENTATION_REPRESENTATION (  '', ( #5335 ), #2912 ) ;
#2634 = CARTESIAN_POINT ( 'NONE',  ( 0.08669271903996864093, -0.08046237997802481445, -1.090000000000000080 ) ) ;
#2635 = ORIENTED_EDGE ( 'NONE', *, *, #1031, .F. ) ;
#2636 = ORIENTED_EDGE ( 'NONE', *, *, #4725, .F. ) ;
#2637 = ADVANCED_FACE ( 'NONE', ( #4615 ), #3661, .T. ) ;
#2638 = MECHANICAL_DESIGN_GEOMETRIC_PRESENTATION_REPRESENTATION (  '', ( #1091 ), #4150 ) ;
#2639 = DIRECTION ( 'NONE',  ( -0.000000000000000000, -0.000000000000000000, -1.000000000000000000 ) ) ;
#2640 = FILL_AREA_STYLE ('',( #1011 ) ) ;
#2641 = EDGE_CURVE ( 'NONE', #3860, #1173, #969, .T. ) ;
#2642 = ORIENTED_EDGE ( 'NONE', *, *, #431, .F. ) ;
#2643 = SURFACE_STYLE_USAGE ( .BOTH. , #586 ) ;
#2644 = SURFACE_STYLE_USAGE ( .BOTH. , #1768 ) ;
#2645 = EDGE_CURVE ( 'NONE', #2488, #694, #3205, .T. ) ;
#2646 = FILL_AREA_STYLE ('',( #5152 ) ) ;
#2647 = CARTESIAN_POINT ( 'NONE',  ( 0.03810162047439787786, 0.07072884952070784825, -1.089999999999999858 ) ) ;
#2648 = ORIENTED_EDGE ( 'NONE', *, *, #1692, .F. ) ;
#2649 = PRESENTATION_LAYER_ASSIGNMENT (  '', '', ( #471 ) ) ;
#2650 = SURFACE_STYLE_FILL_AREA ( #3787 ) ;
#2651 = DIRECTION ( 'NONE',  ( -0.000000000000000000, -1.000000000000000000, -0.000000000000000000 ) ) ;
#2652 = DIRECTION ( 'NONE',  ( 1.000000000000000000, 0.000000000000000000, 0.000000000000000000 ) ) ;
#2653 =( LENGTH_UNIT ( ) NAMED_UNIT ( * ) SI_UNIT ( .MILLI., .METRE. ) );
#2654 =( NAMED_UNIT ( * ) PLANE_ANGLE_UNIT ( ) SI_UNIT ( $, .RADIAN. ) );
#2655 = SURFACE_STYLE_FILL_AREA ( #4605 ) ;
#2656 = PLANE ( 'NONE',  #1992 ) ;
#2657 = CARTESIAN_POINT ( 'NONE',  ( 2.350000000000000089, 1.000000000000000000, 5.421010862427522170E-17 ) ) ;
#2658 = EDGE_LOOP ( 'NONE', ( #4368, #4038, #1712, #3296 ) ) ;
#2659 = SURFACE_STYLE_USAGE ( .BOTH. , #536 ) ;
#2660 = CARTESIAN_POINT ( 'NONE',  ( 0.06714004580521411303, 0.07970379063349369853, -1.088999999999999746 ) ) ;
#2661 = COLOUR_RGB ( '',1.000000000000000000, 1.000000000000000000, 1.000000000000000000 ) ;
#2662 = SURFACE_STYLE_FILL_AREA ( #2236 ) ;
#2663 = CARTESIAN_POINT ( 'NONE',  ( -0.4200686891330066008, 0.06154457113690585401, -1.089000000000000412 ) ) ;
#2664 =( GEOMETRIC_REPRESENTATION_CONTEXT ( 3 ) GLOBAL_UNCERTAINTY_ASSIGNED_CONTEXT ( ( #3335 ) ) GLOBAL_UNIT_ASSIGNED_CONTEXT ( ( #3280, #802, #1954 ) ) REPRESENTATION_CONTEXT ( 'NONE', 'WORKASPACE' ) );
#2665 = CARTESIAN_POINT ( 'NONE',  ( -2.419999999999999929, 1.000000000000000000, -0.8900000000000001243 ) ) ;
#2666 = MECHANICAL_DESIGN_GEOMETRIC_PRESENTATION_REPRESENTATION (  '', ( #242 ), #1155 ) ;
#2667 = PRESENTATION_STYLE_ASSIGNMENT (( #1209 ) ) ;
#2668 = CARTESIAN_POINT ( 'NONE',  ( 2.250000000000000444, 1.809999999999999387, 0.000000000000000000 ) ) ;
#2669 = VERTEX_POINT ( 'NONE', #4648 ) ;
#2670 = ORIENTED_EDGE ( 'NONE', *, *, #2054, .F. ) ;
#2671 = CARTESIAN_POINT ( 'NONE',  ( 0.3010822255011399440, 0.09995920528324733767, -1.089000000000000190 ) ) ;
#2672 = CARTESIAN_POINT ( 'NONE',  ( -0.1135519208403235752, -0.07808957520455758750, -1.090000000000000080 ) ) ;
#2673 = EDGE_LOOP ( 'NONE', ( #475, #95, #3607, #5347, #3071, #1390, #1360, #4824 ) ) ;
#2674 =( GEOMETRIC_REPRESENTATION_CONTEXT ( 3 ) GLOBAL_UNCERTAINTY_ASSIGNED_CONTEXT ( ( #3572 ) ) GLOBAL_UNIT_ASSIGNED_CONTEXT ( ( #5298, #4465, #2794 ) ) REPRESENTATION_CONTEXT ( 'NONE', 'WORKASPACE' ) );
#2675 =( NAMED_UNIT ( * ) PLANE_ANGLE_UNIT ( ) SI_UNIT ( $, .RADIAN. ) );
#2676 = UNCERTAINTY_MEASURE_WITH_UNIT (LENGTH_MEASURE( 1.000000000000000082E-05 ), #2321, 'distance_accuracy_value', 'NONE');
#2677 = VECTOR ( 'NONE', #2942, 1000.000000000000000 ) ;
#2678 = CARTESIAN_POINT ( 'NONE',  ( 2.118280233715936323, -1.678280233715936154, -0.7470199158111067161 ) ) ;
#2679 = DIRECTION ( 'NONE',  ( 0.000000000000000000, 1.000000000000000000, 0.000000000000000000 ) ) ;
#2680 = ORIENTED_EDGE ( 'NONE', *, *, #282, .F. ) ;
#2681 = VECTOR ( 'NONE', #667, 1000.000000000000114 ) ;
#2682 = ORIENTED_EDGE ( 'NONE', *, *, #956, .F. ) ;
#2683 = VERTEX_POINT ( 'NONE', #2052 ) ;
#2684 = DIRECTION ( 'NONE',  ( 0.000000000000000000, -1.000000000000000000, 0.000000000000000000 ) ) ;
#2685 = CARTESIAN_POINT ( 'NONE',  ( -0.3134711473997945919, -0.001303067715583582607, -1.089999999999999414 ) ) ;
#2686 = COLOUR_RGB ( '',0.7529411764705882248, 0.7529411764705882248, 0.7529411764705882248 ) ;
#2687 = ADVANCED_FACE ( 'NONE', ( #3449 ), #2999, .T. ) ;
#2688 = EDGE_CURVE ( 'NONE', #622, #4915, #3181, .T. ) ;
#2689 = CARTESIAN_POINT ( 'NONE',  ( 0.07298998666043493566, 0.1023490187734334700, -1.089000000000000190 ) ) ;
#2690 = PLANE ( 'NONE',  #1099 ) ;
#2691 = DIRECTION ( 'NONE',  ( 0.000000000000000000, 0.000000000000000000, 1.000000000000000000 ) ) ;
#2692 = DIRECTION ( 'NONE',  ( -1.000000000000000000, 0.000000000000000000, 2.011111420667069011E-16 ) ) ;
#2693 = ORIENTED_EDGE ( 'NONE', *, *, #5430, .F. ) ;
#2694 = VECTOR ( 'NONE', #3157, 1000.000000000000000 ) ;
#2695 = CARTESIAN_POINT ( 'NONE',  ( -0.4169817988891040272, 0.07556896138080829162, -1.089999999999999858 ) ) ;
#2696 = VERTEX_POINT ( 'NONE', #5162 ) ;
#2697 = CARTESIAN_POINT ( 'NONE',  ( 0.07298998666043493566, 0.1023490187734334700, -1.090000000000000080 ) ) ;
#2698 =( GEOMETRIC_REPRESENTATION_CONTEXT ( 3 ) GLOBAL_UNCERTAINTY_ASSIGNED_CONTEXT ( ( #4161 ) ) GLOBAL_UNIT_ASSIGNED_CONTEXT ( ( #3761, #2464, #5398 ) ) REPRESENTATION_CONTEXT ( 'NONE', 'WORKASPACE' ) );
#2699 = ORIENTED_EDGE ( 'NONE', *, *, #3087, .F. ) ;
#2700 =( NAMED_UNIT ( * ) SI_UNIT ( $, .STERADIAN. ) SOLID_ANGLE_UNIT ( ) );
#2701 = LINE ( 'NONE', #3881, #4528 ) ;
#2702 = SURFACE_STYLE_USAGE ( .BOTH. , #172 ) ;
#2703 = ORIENTED_EDGE ( 'NONE', *, *, #2329, .F. ) ;
#2704 =( GEOMETRIC_REPRESENTATION_CONTEXT ( 3 ) GLOBAL_UNCERTAINTY_ASSIGNED_CONTEXT ( ( #972 ) ) GLOBAL_UNIT_ASSIGNED_CONTEXT ( ( #3344, #497, #2938 ) ) REPRESENTATION_CONTEXT ( 'NONE', 'WORKASPACE' ) );
#2705 = ORIENTED_EDGE ( 'NONE', *, *, #2177, .F. ) ;
#2706 = CARTESIAN_POINT ( 'NONE',  ( 0.1814829256881561326, 7.744165154818662513E-05, -1.089999999999998970 ) ) ;
#2707 = UNCERTAINTY_MEASURE_WITH_UNIT (LENGTH_MEASURE( 1.000000000000000082E-05 ), #525, 'distance_accuracy_value', 'NONE');
#2708 = COLOUR_RGB ( '',0.2509803921568627416, 0.2509803921568627416, 0.2509803921568627416 ) ;
#2709 = CARTESIAN_POINT ( 'NONE',  ( 0.03466622072930845150, -0.09071079099219471475, -1.090000000000000302 ) ) ;
#2710 = EDGE_CURVE ( 'NONE', #472, #2203, #4302, .T. ) ;
#2711 = CARTESIAN_POINT ( 'NONE',  ( -0.2855720011554663262, -0.01586375985887957668, -1.089000000000000412 ) ) ;
#2712 = SURFACE_STYLE_USAGE ( .BOTH. , #4777 ) ;
#2713 = ADVANCED_FACE ( 'NONE', ( #237 ), #2928, .T. ) ;
#2714 = CARTESIAN_POINT ( 'NONE',  ( -0.2761792738291464766, 0.07978910142028881880, -1.089000000000000634 ) ) ;
#2715 = MECHANICAL_DESIGN_GEOMETRIC_PRESENTATION_REPRESENTATION (  '', ( #3770 ), #2551 ) ;
#2716 = FACE_OUTER_BOUND ( 'NONE', #2620, .T. ) ;
#2717 = DIRECTION ( 'NONE',  ( 0.000000000000000000, 0.000000000000000000, 1.000000000000000000 ) ) ;
#2718 = DIRECTION ( 'NONE',  ( 0.1710878697460358200, 0.1710878697460358477, 0.9702875252478136980 ) ) ;
#2719 = FACE_OUTER_BOUND ( 'NONE', #201, .T. ) ;
#2720 = COLOUR_RGB ( '',1.000000000000000000, 1.000000000000000000, 1.000000000000000000 ) ;
#2721 = VERTEX_POINT ( 'NONE', #3937 ) ;
#2722 = EDGE_CURVE ( 'NONE', #4736, #3297, #2605, .T. ) ;
#2723 = DIRECTION ( 'NONE',  ( -0.000000000000000000, 0.000000000000000000, -1.000000000000000000 ) ) ;
#2724 = VERTEX_POINT ( 'NONE', #4684 ) ;
#2725 = LINE ( 'NONE', #1891, #1214 ) ;
#2726 = CARTESIAN_POINT ( 'NONE',  ( 0.3010822255011399440, 0.09995920528324733767, -1.089000000000000190 ) ) ;
#2727 =( LENGTH_UNIT ( ) NAMED_UNIT ( * ) SI_UNIT ( .MILLI., .METRE. ) );
#2728 = CARTESIAN_POINT ( 'NONE',  ( -1.083775276098227103, -1.810000000000000719, 0.000000000000000000 ) ) ;
#2729 = LINE ( 'NONE', #4955, #2931 ) ;
#2730 = CARTESIAN_POINT ( 'NONE',  ( 0.08233630519111512225, 0.08038874294410057464, -1.090000000000000302 ) ) ;
#2731 = CARTESIAN_POINT ( 'NONE',  ( -2.050000000000000266, 1.000000000000000000, -6.123233995736829515E-18 ) ) ;
#2732 = CARTESIAN_POINT ( 'NONE',  ( -0.03306411596227474409, 0.01215432723446682392, -1.089000000000000190 ) ) ;
#2733 = COLOUR_RGB ( '',0.7529411764705882248, 0.7529411764705882248, 0.7529411764705882248 ) ;
#2734 = MECHANICAL_DESIGN_GEOMETRIC_PRESENTATION_REPRESENTATION (  '', ( #3568 ), #1710 ) ;
#2735 = VECTOR ( 'NONE', #1016, 1000.000000000000000 ) ;
#2736 = CARTESIAN_POINT ( 'NONE',  ( -0.2678816222393171631, -0.08446465537530171985, -1.090000000000000080 ) ) ;
#2737 = ORIENTED_EDGE ( 'NONE', *, *, #5245, .T. ) ;
#2738 =( NAMED_UNIT ( * ) SI_UNIT ( $, .STERADIAN. ) SOLID_ANGLE_UNIT ( ) );
#2739 = CARTESIAN_POINT ( 'NONE',  ( -0.2182898991265000421, -0.09983578805589082839, -1.088999999999999746 ) ) ;
#2740 = ADVANCED_FACE ( 'NONE', ( #632 ), #585, .F. ) ;
#2741 = ORIENTED_EDGE ( 'NONE', *, *, #3378, .F. ) ;
#2742 = EDGE_CURVE ( 'NONE', #2683, #1564, #3506, .T. ) ;
#2743 = EDGE_CURVE ( 'NONE', #4803, #4361, #1616, .T. ) ;
#2744 = CARTESIAN_POINT ( 'NONE',  ( 0.1455816344584628663, 0.08014380522492359216, -1.088999999999999968 ) ) ;
#2745 = UNCERTAINTY_MEASURE_WITH_UNIT (LENGTH_MEASURE( 1.000000000000000082E-05 ), #1813, 'distance_accuracy_value', 'NONE');
#2746 = PRESENTATION_STYLE_ASSIGNMENT (( #1237 ) ) ;
#2747 = DIRECTION ( 'NONE',  ( -0.000000000000000000, -0.000000000000000000, -1.000000000000000000 ) ) ;
#2748 = CARTESIAN_POINT ( 'NONE',  ( -0.1135519208403235752, -0.07808957520455758750, -1.089000000000000190 ) ) ;
#2749 = EDGE_LOOP ( 'NONE', ( #4128, #253, #4533, #398 ) ) ;
#2750 = CARTESIAN_POINT ( 'NONE',  ( -0.2090168598647138554, 0.09995920528324733767, -1.089000000000000190 ) ) ;
#2751 = FILL_AREA_STYLE ('',( #3947 ) ) ;
#2752 = DIRECTION ( 'NONE',  ( 1.000000000000000000, 0.000000000000000000, 0.000000000000000000 ) ) ;
#2753 = ORIENTED_EDGE ( 'NONE', *, *, #4591, .T. ) ;
#2754 = MECHANICAL_DESIGN_GEOMETRIC_PRESENTATION_REPRESENTATION (  '', ( #1661 ), #974 ) ;
#2755 = CARTESIAN_POINT ( 'NONE',  ( 0.03278954257431059699, 0.06764213211251560165, -1.090000000000000080 ) ) ;
#2756 = CARTESIAN_POINT ( 'NONE',  ( -0.2166896476927851478, -0.07789735431927559406, -1.090000000000000302 ) ) ;
#2757 = VERTEX_POINT ( 'NONE', #5132 ) ;
#2758 = CARTESIAN_POINT ( 'NONE',  ( 0.07751600687632856368, 0.08041510204202834133, -1.090000000000000302 ) ) ;
#2759 = FACE_OUTER_BOUND ( 'NONE', #542, .T. ) ;
#2760 = EDGE_LOOP ( 'NONE', ( #1769, #2885, #1213, #5253, #2737, #3199, #927, #3632, #2196, #726, #3109, #195 ) ) ;
#2761 = PRESENTATION_LAYER_ASSIGNMENT (  '', '', ( #1913 ) ) ;
#2762 = CARTESIAN_POINT ( 'NONE',  ( 0.1108319115547897887, 0.09846494341933298422, -1.089999999999999414 ) ) ;
#2763 = VERTEX_POINT ( 'NONE', #1819 ) ;
#2764 = ORIENTED_EDGE ( 'NONE', *, *, #1897, .F. ) ;
#2765 = PLANE ( 'NONE',  #1810 ) ;
#2766 = DIRECTION ( 'NONE',  ( 7.065767499619492337E-13, 1.489460524512560092E-12, -1.000000000000000000 ) ) ;
#2767 = LINE ( 'NONE', #2079, #393 ) ;
#2768 = PRESENTATION_LAYER_ASSIGNMENT (  '', '', ( #3601 ) ) ;
#2769 = CARTESIAN_POINT ( 'NONE',  ( 0.1285306768880462025, 0.06341043303323495861, -1.088999999999999968 ) ) ;
#2770 = ADVANCED_FACE ( 'NONE', ( #3048 ), #1411, .T. ) ;
#2771 = DIRECTION ( 'NONE',  ( -1.000000000000000000, 0.000000000000000000, 0.000000000000000000 ) ) ;
#2772 = ORIENTED_EDGE ( 'NONE', *, *, #2821, .F. ) ;
#2773 = CARTESIAN_POINT ( 'NONE',  ( 1.550000000000000044, -1.000000000000000000, -1.190000000000000169 ) ) ;
#2774 = CARTESIAN_POINT ( 'NONE',  ( -0.4163339330354455248, 0.07556896138080829162, -1.090000000000000080 ) ) ;
#2775 = CARTESIAN_POINT ( 'NONE',  ( -0.2865297020745643519, 0.01092155561319780623, -1.090000000000000080 ) ) ;
#2776 = ORIENTED_EDGE ( 'NONE', *, *, #5345, .T. ) ;
#2777 = STYLED_ITEM ( 'NONE', ( #2234 ), #5324 ) ;
#2778 = CARTESIAN_POINT ( 'NONE',  ( -0.2865297020745643519, 0.01092155561319780623, -1.090000000000000080 ) ) ;
#2779 = UNCERTAINTY_MEASURE_WITH_UNIT (LENGTH_MEASURE( 1.000000000000000082E-05 ), #4891, 'distance_accuracy_value', 'NONE');
#2780 = CARTESIAN_POINT ( 'NONE',  ( -0.2678816222393171631, -0.08446465537530171985, -1.089999999999999636 ) ) ;
#2781 = CIRCLE ( 'NONE', #3405, 0.06999999999999975686 ) ;
#2782 = SURFACE_SIDE_STYLE ('',( #508 ) ) ;
#2783 = AXIS2_PLACEMENT_3D ( 'NONE', #3226, #1578, #2357 ) ;
#2784 = VERTEX_POINT ( 'NONE', #3867 ) ;
#2785 = ORIENTED_EDGE ( 'NONE', *, *, #2443, .F. ) ;
#2786 = CARTESIAN_POINT ( 'NONE',  ( 0.07985509135479844367, 0.1023982296734912284, -1.089999999999998970 ) ) ;
#2787 = EDGE_CURVE ( 'NONE', #3728, #2724, #4513, .T. ) ;
#2788 = CARTESIAN_POINT ( 'NONE',  ( -0.2867226525476406218, 0.001902802844222915846, -1.089000000000000190 ) ) ;
#2789 = DIRECTION ( 'NONE',  ( -0.000000000000000000, 1.000000000000000000, -0.000000000000000000 ) ) ;
#2790 = ORIENTED_EDGE ( 'NONE', *, *, #5137, .F. ) ;
#2791 = CARTESIAN_POINT ( 'NONE',  ( 0.1467411962544172555, 0.03918902667549899882, -1.089999999999999858 ) ) ;
#2792 = CARTESIAN_POINT ( 'NONE',  ( 0.03462800860007788500, -0.06875923238162851003, -1.090000000000000080 ) ) ;
#2793 = CARTESIAN_POINT ( 'NONE',  ( 0.1173831093516025520, -0.09885074842576752063, -1.089000000000000190 ) ) ;
#2794 =( NAMED_UNIT ( * ) SI_UNIT ( $, .STERADIAN. ) SOLID_ANGLE_UNIT ( ) );
#2795 = DIRECTION ( 'NONE',  ( -1.000000000000000000, 0.000000000000000000, -0.000000000000000000 ) ) ;
#2796 = COLOUR_RGB ( '',1.000000000000000000, 1.000000000000000000, 1.000000000000000000 ) ;
#2797 = EDGE_CURVE ( 'NONE', #2081, #3518, #3279, .T. ) ;
#2798 = CARTESIAN_POINT ( 'NONE',  ( -0.2404433384813437491, 0.07337215374915055655, -1.088999999999999746 ) ) ;
#2799 = CARTESIAN_POINT ( 'NONE',  ( -0.2544516345379532196, -0.06637733229117596945, -1.089999999999999858 ) ) ;
#2800 = ADVANCED_FACE ( 'NONE', ( #1874 ), #2690, .T. ) ;
#2801 = FACE_OUTER_BOUND ( 'NONE', #1570, .T. ) ;
#2802 = CARTESIAN_POINT ( 'NONE',  ( 0.1009414887985932013, 0.1007397237168660836, -1.089999999999998526 ) ) ;
#2803 = CARTESIAN_POINT ( 'NONE',  ( -0.4037958232793479874, 0.09995920528324733767, -1.090000000000000080 ) ) ;
#2804 = ORIENTED_EDGE ( 'NONE', *, *, #683, .F. ) ;
#2805 = PLANE ( 'NONE',  #4173 ) ;
#2806 = CARTESIAN_POINT ( 'NONE',  ( 0.04818569807681088307, 0.09939432095108179099, -1.090000000000000080 ) ) ;
#2807 = CARTESIAN_POINT ( 'NONE',  ( 0.1339315721879655585, 0.05817222558241384039, -1.089000000000000190 ) ) ;
#2808 = EDGE_LOOP ( 'NONE', ( #5203, #1281, #5325, #3357 ) ) ;
#2809 = CARTESIAN_POINT ( 'NONE',  ( 0.09129184268948895009, -0.1024023876900263669, -1.090000000000000080 ) ) ;
#2810 =( GEOMETRIC_REPRESENTATION_CONTEXT ( 3 ) GLOBAL_UNCERTAINTY_ASSIGNED_CONTEXT ( ( #3508 ) ) GLOBAL_UNIT_ASSIGNED_CONTEXT ( ( #3040, #4307, #1795 ) ) REPRESENTATION_CONTEXT ( 'NONE', 'WORKASPACE' ) );
#2811 = CARTESIAN_POINT ( 'NONE',  ( -0.1086738720598357383, 0.07800798577105219622, -1.089000000000000190 ) ) ;
#2812 = VECTOR ( 'NONE', #1286, 1000.000000000000000 ) ;
#2813 = ORIENTED_EDGE ( 'NONE', *, *, #2466, .T. ) ;
#2814 = STYLED_ITEM ( 'NONE', ( #254 ), #2050 ) ;
#2815 = CARTESIAN_POINT ( 'NONE',  ( -0.2597668596538284524, 0.06346528644155166599, -1.090000000000000080 ) ) ;
#2816 = CARTESIAN_POINT ( 'NONE',  ( -0.2397237827801356469, -0.09631710864299970754, -1.089000000000000190 ) ) ;
#2817 = PRESENTATION_STYLE_ASSIGNMENT (( #5147 ) ) ;
#2818 = CARTESIAN_POINT ( 'NONE',  ( -0.2069589330354454915, -0.1000407947167527012, -1.089000000000000190 ) ) ;
#2819 =( GEOMETRIC_REPRESENTATION_CONTEXT ( 3 ) GLOBAL_UNCERTAINTY_ASSIGNED_CONTEXT ( ( #591 ) ) GLOBAL_UNIT_ASSIGNED_CONTEXT ( ( #4223, #106, #1331 ) ) REPRESENTATION_CONTEXT ( 'NONE', 'WORKASPACE' ) );
#2820 = EDGE_CURVE ( 'NONE', #4540, #2509, #101, .T. ) ;
#2821 = EDGE_CURVE ( 'NONE', #4619, #1046, #4952, .T. ) ;
#2822 = CARTESIAN_POINT ( 'NONE',  ( -2.249999999999999556, 1.809999999999999387, 0.000000000000000000 ) ) ;
#2823 = DIRECTION ( 'NONE',  ( 0.000000000000000000, -1.000000000000000000, 0.000000000000000000 ) ) ;
#2824 = SURFACE_STYLE_USAGE ( .BOTH. , #4459 ) ;
#2825 = DIRECTION ( 'NONE',  ( 1.000000000000000000, 0.000000000000000000, 0.000000000000000000 ) ) ;
#2826 = SURFACE_STYLE_FILL_AREA ( #872 ) ;
#2827 = MECHANICAL_DESIGN_GEOMETRIC_PRESENTATION_REPRESENTATION (  '', ( #3547 ), #4764 ) ;
#2828 = CARTESIAN_POINT ( 'NONE',  ( 1.550000000000000044, 1.000000000000000000, -1.190000000000000169 ) ) ;
#2829 = PRESENTATION_STYLE_ASSIGNMENT (( #4778 ) ) ;
#2830 = DIRECTION ( 'NONE',  ( 1.000000000000000000, 0.000000000000000000, -0.000000000000000000 ) ) ;
#2831 = CARTESIAN_POINT ( 'NONE',  ( -0.2785009940182866517, 0.04196576956510817552, -1.090000000000000080 ) ) ;
#2832 = EDGE_CURVE ( 'NONE', #752, #3150, #3172, .T. ) ;
#2833 = ORIENTED_EDGE ( 'NONE', *, *, #4047, .T. ) ;
#2834 = VERTEX_POINT ( 'NONE', #4360 ) ;
#2835 = CARTESIAN_POINT ( 'NONE',  ( -0.2838772622250637090, 0.02761515221379901019, -1.089000000000000190 ) ) ;
#2836 =( NAMED_UNIT ( * ) PLANE_ANGLE_UNIT ( ) SI_UNIT ( $, .RADIAN. ) );
#2837 = SURFACE_SIDE_STYLE ('',( #3376 ) ) ;
#2838 = ORIENTED_EDGE ( 'NONE', *, *, #3271, .T. ) ;
#2839 = PLANE ( 'NONE',  #1421 ) ;
#2840 = COLOUR_RGB ( '',1.000000000000000000, 1.000000000000000000, 1.000000000000000000 ) ;
#2841 = VECTOR ( 'NONE', #8, 1000.000000000000000 ) ;
#2842 = CARTESIAN_POINT ( 'NONE',  ( -0.4306250915720308825, 0.09995920528324733767, -1.089000000000000190 ) ) ;
#2843 = DIRECTION ( 'NONE',  ( 0.000000000000000000, -1.000000000000000000, 0.000000000000000000 ) ) ;
#2844 = DIRECTION ( 'NONE',  ( 0.000000000000000000, -0.000000000000000000, 1.000000000000000000 ) ) ;
#2845 = VECTOR ( 'NONE', #2692, 1000.000000000000000 ) ;
#2846 =( NAMED_UNIT ( * ) SI_UNIT ( $, .STERADIAN. ) SOLID_ANGLE_UNIT ( ) );
#2847 = CARTESIAN_POINT ( 'NONE',  ( 0.1801173683355155042, -0.02487740741828059834, -1.090000000000000080 ) ) ;
#2848 = ORIENTED_EDGE ( 'NONE', *, *, #3238, .F. ) ;
#2849 = EDGE_LOOP ( 'NONE', ( #5129, #524, #4948, #2790 ) ) ;
#2850 = STYLED_ITEM ( 'NONE', ( #2667 ), #2563 ) ;
#2851 =( LENGTH_UNIT ( ) NAMED_UNIT ( * ) SI_UNIT ( .MILLI., .METRE. ) );
#2852 = CARTESIAN_POINT ( 'NONE',  ( -0.1794055793769089580, -0.07808957520455758750, -1.089000000000000190 ) ) ;
#2853 = ORIENTED_EDGE ( 'NONE', *, *, #3950, .F. ) ;
#2854 = UNCERTAINTY_MEASURE_WITH_UNIT (LENGTH_MEASURE( 1.000000000000000082E-05 ), #1808, 'distance_accuracy_value', 'NONE');
#2855 = COLOUR_RGB ( '',0.2509803921568627416, 0.2509803921568627416, 0.2509803921568627416 ) ;
#2856 = LINE ( 'NONE', #1803, #1727 ) ;
#2857 = CARTESIAN_POINT ( 'NONE',  ( -0.2397237827801356469, -0.09631710864299970754, -1.089000000000000190 ) ) ;
#2858 = ADVANCED_FACE ( 'NONE', ( #1024 ), #213, .T. ) ;
#2859 = CARTESIAN_POINT ( 'NONE',  ( 2.350000000000000089, 1.000000000000000000, -1.190000000000000169 ) ) ;
#2860 = AXIS2_PLACEMENT_3D ( 'NONE', #1646, #4567, #5009 ) ;
#2861 = DIRECTION ( 'NONE',  ( 0.000000000000000000, 0.000000000000000000, -1.000000000000000000 ) ) ;
#2862 = ORIENTED_EDGE ( 'NONE', *, *, #3595, .F. ) ;
#2863 = DIRECTION ( 'NONE',  ( -0.000000000000000000, -0.000000000000000000, -1.000000000000000000 ) ) ;
#2864 = LINE ( 'NONE', #5359, #1870 ) ;
#2865 = CARTESIAN_POINT ( 'NONE',  ( -0.4149164535542103627, 0.06768459593448557243, -1.090000000000000524 ) ) ;
#2866 = CARTESIAN_POINT ( 'NONE',  ( 0.1753767342866993095, -0.04395897382328493169, -1.090000000000000080 ) ) ;
#2867 = VECTOR ( 'NONE', #2448, 1000.000000000000000 ) ;
#2868 = DIRECTION ( 'NONE',  ( 1.000000000000000000, 0.000000000000000000, 0.000000000000000000 ) ) ;
#2869 = STYLED_ITEM ( 'NONE', ( #985 ), #79 ) ;
#2870 =( NAMED_UNIT ( * ) PLANE_ANGLE_UNIT ( ) SI_UNIT ( $, .RADIAN. ) );
#2871 = VECTOR ( 'NONE', #1554, 1000.000000000000000 ) ;
#2872 = PRESENTATION_STYLE_ASSIGNMENT (( #4289 ) ) ;
#2873 = B_SPLINE_CURVE_WITH_KNOTS ( 'NONE', 3,
 ( #2750, #3546, #1107, #260, #4367, #185, #1868, #5220, #2714, #202, #3104, #3125, #240, #1072, #625, #1089, #3981, #4404, #3140 ),
 .UNSPECIFIED., .F., .F.,
 ( 4, 1, 1, 1, 1, 1, 1, 1, 1, 1, 1, 1, 1, 1, 1, 1, 4 ),
 ( 0.000000000000000000, 0.06863117867660099847, 0.1345664660386766964, 0.1983281540108808028, 0.2607897666408446891, 0.3219991514841584190, 0.3827217465030193222, 0.4435374740357288514, 0.5051334294849249007, 0.5662138747646714432, 0.6261058646175455822, 0.6853493221605165830, 0.7449958703477972399, 0.8054158418145627163, 0.8676362663459531444, 0.9323077823023292465, 1.000000000000000000 ),
 .UNSPECIFIED. ) ;
#2874 = DIRECTION ( 'NONE',  ( -0.000000000000000000, 1.000000000000000000, -0.000000000000000000 ) ) ;
#2875 = DIRECTION ( 'NONE',  ( 1.000000000000000000, 0.000000000000000000, 0.000000000000000000 ) ) ;
#2876 = ORIENTED_EDGE ( 'NONE', *, *, #4155, .T. ) ;
#2877 = UNCERTAINTY_MEASURE_WITH_UNIT (LENGTH_MEASURE( 1.000000000000000082E-05 ), #1270, 'distance_accuracy_value', 'NONE');
#2878 = DIRECTION ( 'NONE',  ( 0.000000000000000000, 0.000000000000000000, 1.000000000000000000 ) ) ;
#2879 = SURFACE_SIDE_STYLE ('',( #3526 ) ) ;
#2880 = ORIENTED_EDGE ( 'NONE', *, *, #1234, .T. ) ;
#2881 = CARTESIAN_POINT ( 'NONE',  ( -2.350000000000000089, 1.000000000000000000, -0.2300000000000000100 ) ) ;
#2882 = AXIS2_PLACEMENT_3D ( 'NONE', #303, #2789, #3673 ) ;
#2883 =( LENGTH_UNIT ( ) NAMED_UNIT ( * ) SI_UNIT ( .MILLI., .METRE. ) );
#2884 = CARTESIAN_POINT ( 'NONE',  ( -0.1525763110842260073, 0.09995920528324733767, -1.089000000000000190 ) ) ;
#2885 = ORIENTED_EDGE ( 'NONE', *, *, #3906, .T. ) ;
#2886 = CARTESIAN_POINT ( 'NONE',  ( 0.1814829256881561326, 7.744165154818662513E-05, -1.089000000000000190 ) ) ;
#2888 = EDGE_CURVE ( 'NONE', #517, #2266, #1871, .T. ) ;
#2887 = COLOUR_RGB ( '',0.7529411764705882248, 0.7529411764705882248, 0.7529411764705882248 ) ;
#2889 =( LENGTH_UNIT ( ) NAMED_UNIT ( * ) SI_UNIT ( .MILLI., .METRE. ) );
#2890 = CARTESIAN_POINT ( 'NONE',  ( 0.07207221653083581425, -0.1017515277951958758, -1.089000000000000190 ) ) ;
#2891 = PRESENTATION_LAYER_ASSIGNMENT (  '', '', ( #1354 ) ) ;
#2892 = CIRCLE ( 'NONE', #4717, 0.2999999999999999334 ) ;
#2893 =( NAMED_UNIT ( * ) SI_UNIT ( $, .STERADIAN. ) SOLID_ANGLE_UNIT ( ) );
#2894 = PLANE ( 'NONE',  #41 ) ;
#2895 = ORIENTED_EDGE ( 'NONE', *, *, #193, .T. ) ;
#2896 = ORIENTED_EDGE ( 'NONE', *, *, #774, .T. ) ;
#2897 = CARTESIAN_POINT ( 'NONE',  ( 0.1545766829938352294, -0.01081015615611796189, -1.089000000000000412 ) ) ;
#2898 = SURFACE_STYLE_USAGE ( .BOTH. , #3778 ) ;
#2899 = PLANE ( 'NONE',  #4479 ) ;
#2900 = EDGE_CURVE ( 'NONE', #1967, #495, #777, .T. ) ;
#2901 = VERTEX_POINT ( 'NONE', #284 ) ;
#2902 = DIRECTION ( 'NONE',  ( 0.000000000000000000, 0.000000000000000000, -1.000000000000000000 ) ) ;
#2903 = VECTOR ( 'NONE', #3010, 1000.000000000000000 ) ;
#2904 = PRESENTATION_STYLE_ASSIGNMENT (( #3299 ) ) ;
#2905 = ADVANCED_FACE ( 'NONE', ( #3042 ), #1246, .T. ) ;
#2906 = EDGE_LOOP ( 'NONE', ( #450, #2670, #3543, #2445, #2122 ) ) ;
#2907 = CIRCLE ( 'NONE', #789, 0.2999999999999999334 ) ;
#2908 = B_SPLINE_CURVE_WITH_KNOTS ( 'NONE', 3,
 ( #1269, #33, #3836, #3424, #3856, #3801, #2090, #2526, #878, #1283, #4217 ),
 .UNSPECIFIED., .F., .F.,
 ( 4, 1, 1, 1, 1, 1, 1, 1, 4 ),
 ( 0.000000000000000000, 0.1252796967356259727, 0.2494199707420513001, 0.3733567994928199130, 0.4966812787822861286, 0.6202029157439825635, 0.7450863201614565945, 0.8712691950190978307, 1.000000000000000000 ),
 .UNSPECIFIED. ) ;
#2909 = LINE ( 'NONE', #939, #3893 ) ;
#2910 = FILL_AREA_STYLE_COLOUR ( '', #1915 ) ;
#2911 = VERTEX_POINT ( 'NONE', #2082 ) ;
#2912 =( GEOMETRIC_REPRESENTATION_CONTEXT ( 3 ) GLOBAL_UNCERTAINTY_ASSIGNED_CONTEXT ( ( #1572 ) ) GLOBAL_UNIT_ASSIGNED_CONTEXT ( ( #2992, #1326, #135 ) ) REPRESENTATION_CONTEXT ( 'NONE', 'WORKASPACE' ) );
#2913 = FILL_AREA_STYLE_COLOUR ( '', #386 ) ;
#2914 = UNCERTAINTY_MEASURE_WITH_UNIT (LENGTH_MEASURE( 1.000000000000000082E-05 ), #4447, 'distance_accuracy_value', 'NONE');
#2915 = FILL_AREA_STYLE_COLOUR ( '', #2686 ) ;
#2916 =( NAMED_UNIT ( * ) PLANE_ANGLE_UNIT ( ) SI_UNIT ( $, .RADIAN. ) );
#2917 = PRESENTATION_LAYER_ASSIGNMENT (  '', '', ( #2170 ) ) ;
#2918 = PRESENTATION_STYLE_ASSIGNMENT (( #3581 ) ) ;
#2919 = CARTESIAN_POINT ( 'NONE',  ( 2.419999999999999929, 1.000000000000000000, -0.8900000000000001243 ) ) ;
#2920 = VERTEX_POINT ( 'NONE', #1537 ) ;
#2921 = EDGE_CURVE ( 'NONE', #792, #1341, #3566, .T. ) ;
#2922 = CARTESIAN_POINT ( 'NONE',  ( 0.3010822255011399440, -0.1000407947167527012, -1.090000000000000080 ) ) ;
#2923 = EDGE_CURVE ( 'NONE', #3662, #5367, #4111, .T. ) ;
#2924 = CARTESIAN_POINT ( 'NONE',  ( 2.419999999999999929, 1.000000000000000000, -0.2999999999999999334 ) ) ;
#2925 = CARTESIAN_POINT ( 'NONE',  ( -0.2593352954572555324, 0.08980349748511862185, -1.089999999999999636 ) ) ;
#2926 = ORIENTED_EDGE ( 'NONE', *, *, #2722, .F. ) ;
#2927 = STYLED_ITEM ( 'NONE', ( #3842 ), #750 ) ;
#2928 = CYLINDRICAL_SURFACE ( 'NONE', #3829, 0.2999999999999999334 ) ;
#2929 =( LENGTH_UNIT ( ) NAMED_UNIT ( * ) SI_UNIT ( .MILLI., .METRE. ) );
#2930 = SURFACE_SIDE_STYLE ('',( #4393 ) ) ;
#2931 = VECTOR ( 'NONE', #1622, 1000.000000000000000 ) ;
#2932 = VECTOR ( 'NONE', #807, 1000.000000000000000 ) ;
#2933 =( LENGTH_UNIT ( ) NAMED_UNIT ( * ) SI_UNIT ( .MILLI., .METRE. ) );
#2934 = ADVANCED_FACE ( 'NONE', ( #5094 ), #728, .T. ) ;
#2935 = ORIENTED_EDGE ( 'NONE', *, *, #3055, .F. ) ;
#2936 = ORIENTED_EDGE ( 'NONE', *, *, #546, .F. ) ;
#2937 = PRESENTATION_STYLE_ASSIGNMENT (( #333 ) ) ;
#2938 =( NAMED_UNIT ( * ) SI_UNIT ( $, .STERADIAN. ) SOLID_ANGLE_UNIT ( ) );
#2939 =( NAMED_UNIT ( * ) SI_UNIT ( $, .STERADIAN. ) SOLID_ANGLE_UNIT ( ) );
#2940 = ORIENTED_EDGE ( 'NONE', *, *, #1602, .T. ) ;
#2941 = CARTESIAN_POINT ( 'NONE',  ( 0.1127130132943462426, -0.07536802193679972839, -1.089000000000000190 ) ) ;
#2942 = DIRECTION ( 'NONE',  ( 0.000000000000000000, 1.000000000000000000, 0.000000000000000000 ) ) ;
#2943 = FILL_AREA_STYLE ('',( #3685 ) ) ;
#2944 = EDGE_LOOP ( 'NONE', ( #832, #2150, #4269, #2045, #2481, #5341, #4304, #4956, #1929, #2741 ) ) ;
#2945 = PRESENTATION_LAYER_ASSIGNMENT (  '', '', ( #3316 ) ) ;
#2946 = UNCERTAINTY_MEASURE_WITH_UNIT (LENGTH_MEASURE( 1.000000000000000082E-05 ), #3123, 'distance_accuracy_value', 'NONE');
#2947 = B_SPLINE_CURVE_WITH_KNOTS ( 'NONE', 3,
 ( #329, #5014, #4974, #1176, #1704, #1691, #2990, #5031, #896, #924, #3368, #4626, #467, #2941, #2564, #3781, #5051, #1304, #4656 ),
 .UNSPECIFIED., .F., .F.,
 ( 4, 1, 1, 1, 1, 1, 1, 1, 1, 1, 1, 1, 1, 1, 1, 1, 4 ),
 ( 0.000000000000000000, 0.07377411937406359865, 0.1440791147260413463, 0.2113485183089115205, 0.2760768857398838150, 0.3385209158196766377, 0.3998851166931335910, 0.4602540674652130792, 0.5205889643912479103, 0.5802076845630442792, 0.6386329085525459526, 0.6963645494905239541, 0.7540017746600128357, 0.8128056813744979348, 0.8727544255255602623, 0.9351819969782669828, 0.9999999999999998890 ),
 .UNSPECIFIED. ) ;
#2948 = LINE ( 'NONE', #5056, #5042 ) ;
#2949 =( NAMED_UNIT ( * ) PLANE_ANGLE_UNIT ( ) SI_UNIT ( $, .RADIAN. ) );
#2950 = CARTESIAN_POINT ( 'NONE',  ( 0.03278954257431059699, -0.08967494105821612049, -1.090000000000000080 ) ) ;
#2951 = CARTESIAN_POINT ( 'NONE',  ( -0.4163339330354455248, 0.07556896138080829162, -1.089000000000000190 ) ) ;
#2952 = FILL_AREA_STYLE ('',( #2915 ) ) ;
#2953 = LINE ( 'NONE', #3266, #5177 ) ;
#2954 = CARTESIAN_POINT ( 'NONE',  ( 0.1439008382260414387, -0.04790211173157500613, -1.089999999999999858 ) ) ;
#2955 =( GEOMETRIC_REPRESENTATION_CONTEXT ( 3 ) GLOBAL_UNCERTAINTY_ASSIGNED_CONTEXT ( ( #4705 ) ) GLOBAL_UNIT_ASSIGNED_CONTEXT ( ( #551, #2675, #5166 ) ) REPRESENTATION_CONTEXT ( 'NONE', 'WORKASPACE' ) );
#2956 = FILL_AREA_STYLE_COLOUR ( '', #3629 ) ;
#2957 = CARTESIAN_POINT ( 'NONE',  ( 2.250000000000000444, 1.809999999999999387, 0.000000000000000000 ) ) ;
#2958 =( NAMED_UNIT ( * ) PLANE_ANGLE_UNIT ( ) SI_UNIT ( $, .RADIAN. ) );
#2959 = SURFACE_SIDE_STYLE ('',( #1156 ) ) ;
#2960 = VERTEX_POINT ( 'NONE', #3192 ) ;
#2961 = VERTEX_POINT ( 'NONE', #3613 ) ;
#2962 = PRESENTATION_STYLE_ASSIGNMENT (( #5384 ) ) ;
#2963 = ORIENTED_EDGE ( 'NONE', *, *, #3763, .T. ) ;
#2964 =( NAMED_UNIT ( * ) PLANE_ANGLE_UNIT ( ) SI_UNIT ( $, .RADIAN. ) );
#2965 = CARTESIAN_POINT ( 'NONE',  ( 2.350000000000000089, 1.000000000000000000, -0.9600000000000001865 ) ) ;
#2966 = ORIENTED_EDGE ( 'NONE', *, *, #362, .F. ) ;
#2967 = LINE ( 'NONE', #5003, #4085 ) ;
#2968 = CARTESIAN_POINT ( 'NONE',  ( 0.1248113934570933559, -0.06873437639436380531, -1.089000000000000412 ) ) ;
#2969 = CARTESIAN_POINT ( 'NONE',  ( -0.2838772622250637090, 0.02761515221379901019, -1.089000000000000190 ) ) ;
#2970 = EDGE_CURVE ( 'NONE', #4308, #1486, #1861, .T. ) ;
#2971 = LINE ( 'NONE', #1415, #3618 ) ;
#2972 = DIRECTION ( 'NONE',  ( 1.000000000000000000, 0.000000000000000000, 2.011111420667069257E-16 ) ) ;
#2973 = ORIENTED_EDGE ( 'NONE', *, *, #2355, .F. ) ;
#2974 = FILL_AREA_STYLE_COLOUR ( '', #646 ) ;
#2975 = VECTOR ( 'NONE', #5397, 1000.000000000000114 ) ;
#2976 = VECTOR ( 'NONE', #4834, 1000.000000000000000 ) ;
#2977 = FILL_AREA_STYLE_COLOUR ( '', #5365 ) ;
#2978 = UNCERTAINTY_MEASURE_WITH_UNIT (LENGTH_MEASURE( 1.000000000000000082E-05 ), #120, 'distance_accuracy_value', 'NONE');
#2979 = CARTESIAN_POINT ( 'NONE',  ( -1.057803591027772327, -1.617803591027773269, -1.090000000000000080 ) ) ;
#2980 = APPLICATION_PROTOCOL_DEFINITION ( 'draft international standard', 'automotive_design', 1998, #3012 ) ;
#2981 = MECHANICAL_DESIGN_GEOMETRIC_PRESENTATION_REPRESENTATION (  '', ( #1584 ), #3532 ) ;
#2982 = CARTESIAN_POINT ( 'NONE',  ( -0.2069589330354454915, -0.1000407947167527012, -1.089000000000000190 ) ) ;
#2983 = VERTEX_POINT ( 'NONE', #2989 ) ;
#2984 = CARTESIAN_POINT ( 'NONE',  ( 0.09910111542164963538, -0.07932286900478324743, -1.089999999999999858 ) ) ;
#2985 = VECTOR ( 'NONE', #1063, 1000.000000000000000 ) ;
#2986 =( LENGTH_UNIT ( ) NAMED_UNIT ( * ) SI_UNIT ( .MILLI., .METRE. ) );
#2987 = EDGE_CURVE ( 'NONE', #1251, #3563, #619, .T. ) ;
#2988 = ADVANCED_FACE ( 'NONE', ( #4790 ), #1951, .T. ) ;
#2989 = CARTESIAN_POINT ( 'NONE',  ( -1.083775276098227103, 1.617979918008480400, 1.089000000000000190 ) ) ;
#2990 = CARTESIAN_POINT ( 'NONE',  ( 0.1472440274431901508, -0.04139944356084110377, -1.089000000000000634 ) ) ;
#2991 = CARTESIAN_POINT ( 'NONE',  ( -0.4198191081083284537, 0.06234253802752793422, -1.089000000000000412 ) ) ;
#2992 =( LENGTH_UNIT ( ) NAMED_UNIT ( * ) SI_UNIT ( .MILLI., .METRE. ) );
#2993 = AXIS2_PLACEMENT_3D ( 'NONE', #2982, #5146, #5130 ) ;
#2994 = CARTESIAN_POINT ( 'NONE',  ( 0.1302745450450616127, -0.06438968432986010015, -1.090000000000000080 ) ) ;
#2995 = VERTEX_POINT ( 'NONE', #49 ) ;
#2996 = EDGE_CURVE ( 'NONE', #1953, #3518, #426, .T. ) ;
#2997 = CARTESIAN_POINT ( 'NONE',  ( -0.4156601511957712658, 0.07145439142593013049, -1.088999999999999968 ) ) ;
#2998 = DIRECTION ( 'NONE',  ( 0.000000000000000000, 1.000000000000000000, 0.000000000000000000 ) ) ;
#2999 = PLANE ( 'NONE',  #4830 ) ;
#3000 = ORIENTED_EDGE ( 'NONE', *, *, #2073, .F. ) ;
#3001 =( LENGTH_UNIT ( ) NAMED_UNIT ( * ) SI_UNIT ( .MILLI., .METRE. ) );
#3002 =( LENGTH_UNIT ( ) NAMED_UNIT ( * ) SI_UNIT ( .MILLI., .METRE. ) );
#3003 = FACE_OUTER_BOUND ( 'NONE', #5276, .T. ) ;
#3004 = CARTESIAN_POINT ( 'NONE',  ( -0.3281860671817870001, -0.1000407947167527012, -1.089000000000000190 ) ) ;
#3005 = CARTESIAN_POINT ( 'NONE',  ( -0.2604736409216318882, -0.06208016844866268147, -1.090000000000000302 ) ) ;
#3006 = CARTESIAN_POINT ( 'NONE',  ( -0.4149164535542103627, 0.06768459593448557243, -1.090000000000000524 ) ) ;
#3007 = CARTESIAN_POINT ( 'NONE',  ( -0.4192493947277757260, 0.06416404034490831576, -1.090000000000000302 ) ) ;
#3008 = SURFACE_STYLE_USAGE ( .BOTH. , #1382 ) ;
#3009 = MECHANICAL_DESIGN_GEOMETRIC_PRESENTATION_REPRESENTATION (  '', ( #3211 ), #1053 ) ;
#3010 = DIRECTION ( 'NONE',  ( 0.000000000000000000, -1.000000000000000000, 0.000000000000000000 ) ) ;
#3011 = CARTESIAN_POINT ( 'NONE',  ( 0.1061044094838751728, -0.07769298697542106891, -1.089999999999999858 ) ) ;
#3012 = APPLICATION_CONTEXT ( 'automotive_design' ) ;
#3013 = MECHANICAL_DESIGN_GEOMETRIC_PRESENTATION_REPRESENTATION (  '', ( #2540 ), #563 ) ;
#3014 = LINE ( 'NONE', #2356, #4323 ) ;
#3015 = CARTESIAN_POINT ( 'NONE',  ( -2.249999999999999556, -1.810000000000000719, 0.000000000000000000 ) ) ;
#3016 = EDGE_CURVE ( 'NONE', #2724, #1927, #5371, .T. ) ;
#3017 = COLOUR_RGB ( '',0.7529411764705882248, 0.7529411764705882248, 0.7529411764705882248 ) ;
#3018 = CARTESIAN_POINT ( 'NONE',  ( 0.06464793468376622831, -0.1007874871178424114, -1.088999999999999968 ) ) ;
#3019 = CARTESIAN_POINT ( 'NONE',  ( -0.3281860671817870001, -0.1000407947167527012, -1.090000000000000080 ) ) ;
#3020 = EDGE_CURVE ( 'NONE', #5079, #1386, #5087, .T. ) ;
#3021 = PRESENTATION_LAYER_ASSIGNMENT (  '', '', ( #4345 ) ) ;
#3022 = EDGE_LOOP ( 'NONE', ( #154, #2862, #718, #5189 ) ) ;
#3023 = VERTEX_POINT ( 'NONE', #1073 ) ;
#3024 = FILL_AREA_STYLE_COLOUR ( '', #17 ) ;
#3025 = CARTESIAN_POINT ( 'NONE',  ( -0.3133159826026527539, 0.01318884935108024029, -1.089999999999999414 ) ) ;
#3026 =( NAMED_UNIT ( * ) PLANE_ANGLE_UNIT ( ) SI_UNIT ( $, .RADIAN. ) );
#3027 = CARTESIAN_POINT ( 'NONE',  ( 0.09910111542164963538, -0.07932286900478324743, -1.090000000000000080 ) ) ;
#3028 = ORIENTED_EDGE ( 'NONE', *, *, #682, .T. ) ;
#3029 = PRESENTATION_LAYER_ASSIGNMENT (  '', '', ( #651 ) ) ;
#3030 = CARTESIAN_POINT ( 'NONE',  ( -0.4134349983092119873, 0.06245614673825827801, -1.089000000000000412 ) ) ;
#3031 = LINE ( 'NONE', #2728, #1198 ) ;
#3032 = CARTESIAN_POINT ( 'NONE',  ( -0.2473094248580510468, 0.07066996854200174871, -1.089000000000000634 ) ) ;
#3033 = DIRECTION ( 'NONE',  ( 0.000000000000000000, -0.1736481776669307198, -0.9848077530122080203 ) ) ;
#3034 = LINE ( 'NONE', #292, #5144 ) ;
#3035 = CARTESIAN_POINT ( 'NONE',  ( 0.06107298873716927173, 0.07874046849093090106, -1.089000000000000634 ) ) ;
#3036 = SURFACE_STYLE_FILL_AREA ( #5150 ) ;
#3037 = ORIENTED_EDGE ( 'NONE', *, *, #936, .F. ) ;
#3038 = FILL_AREA_STYLE ('',( #3876 ) ) ;
#3039 = AXIS2_PLACEMENT_3D ( 'NONE', #4163, #23, #3771 ) ;
#3040 =( LENGTH_UNIT ( ) NAMED_UNIT ( * ) SI_UNIT ( .MILLI., .METRE. ) );
#3041 = ORIENTED_EDGE ( 'NONE', *, *, #86, .T. ) ;
#3042 = FACE_OUTER_BOUND ( 'NONE', #933, .T. ) ;
#3043 = STYLED_ITEM ( 'NONE', ( #2294 ), #1589 ) ;
#3044 =( NAMED_UNIT ( * ) PLANE_ANGLE_UNIT ( ) SI_UNIT ( $, .RADIAN. ) );
#3045 = CARTESIAN_POINT ( 'NONE',  ( 0.1536443656691746096, -0.01914569174068243840, -1.089999999999999858 ) ) ;
#3046 = ORIENTED_EDGE ( 'NONE', *, *, #350, .F. ) ;
#3047 = STYLED_ITEM ( 'NONE', ( #1843 ), #5386 ) ;
#3048 = FACE_OUTER_BOUND ( 'NONE', #4008, .T. ) ;
#3049 =( LENGTH_UNIT ( ) NAMED_UNIT ( * ) SI_UNIT ( .MILLI., .METRE. ) );
#3050 = CARTESIAN_POINT ( 'NONE',  ( -0.2090168598647138554, 0.09995920528324733767, -1.090000000000000080 ) ) ;
#3051 = MECHANICAL_DESIGN_GEOMETRIC_PRESENTATION_REPRESENTATION (  '', ( #4951 ), #4453 ) ;
#3052 = CARTESIAN_POINT ( 'NONE',  ( 0.08782003037918867383, -0.1024798191069966058, -1.090000000000000080 ) ) ;
#3053 = LINE ( 'NONE', #3736, #2548 ) ;
#3054 = ORIENTED_EDGE ( 'NONE', *, *, #1130, .F. ) ;
#3055 = EDGE_CURVE ( 'NONE', #4203, #4887, #5344, .T. ) ;
#3056 = CARTESIAN_POINT ( 'NONE',  ( 2.649999999999999911, -1.000000000000000000, -0.8900000000000001243 ) ) ;
#3057 = EDGE_LOOP ( 'NONE', ( #4014, #3698, #954, #3184 ) ) ;
#3058 = CARTESIAN_POINT ( 'NONE',  ( -0.3135519208403236280, 0.002474449185686330988, -1.089999999999999636 ) ) ;
#3059 = ORIENTED_EDGE ( 'NONE', *, *, #4872, .T. ) ;
#3060 = DIRECTION ( 'NONE',  ( 1.000000000000000000, -0.000000000000000000, -0.000000000000000000 ) ) ;
#3061 = CARTESIAN_POINT ( 'NONE',  ( -0.3135519208403236280, 0.002474449185686330988, -1.089000000000000190 ) ) ;
#3062 = ORIENTED_EDGE ( 'NONE', *, *, #3421, .T. ) ;
#3063 = EDGE_CURVE ( 'NONE', #4899, #4246, #1413, .T. ) ;
#3064 =( LENGTH_UNIT ( ) NAMED_UNIT ( * ) SI_UNIT ( .MILLI., .METRE. ) );
#3065 = DIRECTION ( 'NONE',  ( -0.000000000000000000, -1.000000000000000000, -0.000000000000000000 ) ) ;
#3066 = UNCERTAINTY_MEASURE_WITH_UNIT (LENGTH_MEASURE( 1.000000000000000082E-05 ), #3706, 'distance_accuracy_value', 'NONE');
#3067 =( NAMED_UNIT ( * ) SI_UNIT ( $, .STERADIAN. ) SOLID_ANGLE_UNIT ( ) );
#3068 = DIRECTION ( 'NONE',  ( 1.000000000000000000, 0.000000000000000000, 0.000000000000000000 ) ) ;
#3069 =( NAMED_UNIT ( * ) PLANE_ANGLE_UNIT ( ) SI_UNIT ( $, .RADIAN. ) );
#3070 =( LENGTH_UNIT ( ) NAMED_UNIT ( * ) SI_UNIT ( .MILLI., .METRE. ) );
#3071 = ORIENTED_EDGE ( 'NONE', *, *, #1061, .F. ) ;
#3072 = SURFACE_STYLE_FILL_AREA ( #5354 ) ;
#3073 = LINE ( 'NONE', #964, #1184 ) ;
#3074 = AXIS2_PLACEMENT_3D ( 'NONE', #5191, #3517, #4388 ) ;
#3075 = SURFACE_SIDE_STYLE ('',( #4776 ) ) ;
#3076 = ORIENTED_EDGE ( 'NONE', *, *, #1342, .F. ) ;
#3077 = STYLED_ITEM ( 'NONE', ( #1879 ), #2529 ) ;
#3078 = VECTOR ( 'NONE', #5264, 1000.000000000000000 ) ;
#3079 = ORIENTED_EDGE ( 'NONE', *, *, #1497, .F. ) ;
#3080 =( NAMED_UNIT ( * ) PLANE_ANGLE_UNIT ( ) SI_UNIT ( $, .RADIAN. ) );
#3081 = DIRECTION ( 'NONE',  ( 0.000000000000000000, 0.000000000000000000, -1.000000000000000000 ) ) ;
#3082 = MECHANICAL_DESIGN_GEOMETRIC_PRESENTATION_REPRESENTATION (  '', ( #3868 ), #2352 ) ;
#3083 = EDGE_CURVE ( 'NONE', #430, #4545, #1208, .T. ) ;
#3084 = ORIENTED_EDGE ( 'NONE', *, *, #5360, .F. ) ;
#3085 = CARTESIAN_POINT ( 'NONE',  ( -0.2404433384813437491, 0.07337215374915055655, -1.088999999999999746 ) ) ;
#3086 =( NAMED_UNIT ( * ) PLANE_ANGLE_UNIT ( ) SI_UNIT ( $, .RADIAN. ) );
#3087 = EDGE_CURVE ( 'NONE', #601, #3814, #1477, .T. ) ;
#3088 = LINE ( 'NONE', #5209, #1594 ) ;
#3089 = CARTESIAN_POINT ( 'NONE',  ( 0.3010822255011399440, 0.09995920528324733767, -1.090000000000000080 ) ) ;
#3090 = ADVANCED_FACE ( 'NONE', ( #2719 ), #629, .T. ) ;
#3091 = CARTESIAN_POINT ( 'NONE',  ( 0.07333692601878005757, 0.08035191735130509105, -1.090000000000000302 ) ) ;
#3092 = STYLED_ITEM ( 'NONE', ( #3931 ), #805 ) ;
#3093 = CARTESIAN_POINT ( 'NONE',  ( -2.350000000000000089, 1.000000000000000000, -0.2999999999999999334 ) ) ;
#3094 = CARTESIAN_POINT ( 'NONE',  ( -0.006234847669591835062, -0.1000407947167527012, -1.089000000000000190 ) ) ;
#3095 = ORIENTED_EDGE ( 'NONE', *, *, #4654, .F. ) ;
#3096 = EDGE_CURVE ( 'NONE', #3150, #1014, #704, .T. ) ;
#3097 = PLANE ( 'NONE',  #1366 ) ;
#3098 = ORIENTED_EDGE ( 'NONE', *, *, #3950, .T. ) ;
#3099 = DIRECTION ( 'NONE',  ( 1.000000000000000000, 0.000000000000000000, 0.000000000000000000 ) ) ;
#3100 =( NAMED_UNIT ( * ) SI_UNIT ( $, .STERADIAN. ) SOLID_ANGLE_UNIT ( ) );
#3101 = PRESENTATION_STYLE_ASSIGNMENT (( #4668 ) ) ;
#3102 = DIRECTION ( 'NONE',  ( 0.9466707760722535836, 0.3222024856061125875, -0.000000000000000000 ) ) ;
#3103 = FILL_AREA_STYLE ('',( #4835 ) ) ;
#3104 = CARTESIAN_POINT ( 'NONE',  ( -0.2908165514343871161, 0.06674499686594492776, -1.089000000000000412 ) ) ;
#3105 = VECTOR ( 'NONE', #1873, 1000.000000000000000 ) ;
#3106 = SURFACE_STYLE_FILL_AREA ( #4417 ) ;
#3107 = CARTESIAN_POINT ( 'NONE',  ( 0.04418366253803891752, -0.07339177677842903535, -1.089000000000000190 ) ) ;
#3108 = MECHANICAL_DESIGN_GEOMETRIC_PRESENTATION_REPRESENTATION (  '', ( #1890 ), #2164 ) ;
#3109 = ORIENTED_EDGE ( 'NONE', *, *, #1864, .F. ) ;
#3110 = CARTESIAN_POINT ( 'NONE',  ( 0.05393243197297852703, 0.1004648728294579157, -1.090000000000000080 ) ) ;
#3111 = MECHANICAL_DESIGN_GEOMETRIC_PRESENTATION_REPRESENTATION (  '', ( #4519 ), #2068 ) ;
#3112 = COLOUR_RGB ( '',0.2509803921568627416, 0.2509803921568627416, 0.2509803921568627416 ) ;
#3113 = SURFACE_STYLE_USAGE ( .BOTH. , #578 ) ;
#3114 = CARTESIAN_POINT ( 'NONE',  ( -0.1037958232793479707, -0.009796892277728305384, -1.089000000000000190 ) ) ;
#3115 = EDGE_CURVE ( 'NONE', #3805, #4860, #4943, .T. ) ;
#3116 = LINE ( 'NONE', #680, #3647 ) ;
#3117 = CARTESIAN_POINT ( 'NONE',  ( 0.05998068224109349283, 0.1013641971766432170, -1.089000000000000190 ) ) ;
#3118 = VECTOR ( 'NONE', #1921, 1000.000000000000000 ) ;
#3119 = CARTESIAN_POINT ( 'NONE',  ( -0.1794055793769089580, -0.07808957520455758750, -1.090000000000000080 ) ) ;
#3120 = ORIENTED_EDGE ( 'NONE', *, *, #4833, .F. ) ;
#3121 =( GEOMETRIC_REPRESENTATION_CONTEXT ( 3 ) GLOBAL_UNCERTAINTY_ASSIGNED_CONTEXT ( ( #423 ) ) GLOBAL_UNIT_ASSIGNED_CONTEXT ( ( #3001, #3419, #3383 ) ) REPRESENTATION_CONTEXT ( 'NONE', 'WORKASPACE' ) );
#3122 = CARTESIAN_POINT ( 'NONE',  ( -0.2866536293435612559, -0.001173705456575668479, -1.088999999999999968 ) ) ;
#3123 =( LENGTH_UNIT ( ) NAMED_UNIT ( * ) SI_UNIT ( .MILLI., .METRE. ) );
#3124 = CARTESIAN_POINT ( 'NONE',  ( 0.1546714991906167902, 0.0009142771303475648965, -1.089000000000000190 ) ) ;
#3125 = CARTESIAN_POINT ( 'NONE',  ( -0.2969009756162170333, 0.05923406213334290321, -1.089000000000000412 ) ) ;
#3126 = ORIENTED_EDGE ( 'NONE', *, *, #1305, .F. ) ;
#3127 = CARTESIAN_POINT ( 'NONE',  ( 0.1986432011108960061, -0.1000407947167527012, -1.090000000000000080 ) ) ;
#3128 = DIRECTION ( 'NONE',  ( -0.000000000000000000, 0.000000000000000000, -1.000000000000000000 ) ) ;
#3129 = COLOUR_RGB ( '',0.7529411764705882248, 0.7529411764705882248, 0.7529411764705882248 ) ;
#3130 = LINE ( 'NONE', #1987, #865 ) ;
#3131 = PLANE ( 'NONE',  #3912 ) ;
#3132 = MECHANICAL_DESIGN_GEOMETRIC_PRESENTATION_REPRESENTATION (  '', ( #3888 ), #4709 ) ;
#3133 = SURFACE_STYLE_USAGE ( .BOTH. , #5178 ) ;
#3134 = CARTESIAN_POINT ( 'NONE',  ( -0.2501608686475206844, 0.09349250239415066166, -1.090000000000000302 ) ) ;
#3135 = COLOUR_RGB ( '',1.000000000000000000, 1.000000000000000000, 1.000000000000000000 ) ;
#3136 = CARTESIAN_POINT ( 'NONE',  ( -0.2479057119524306352, -0.06998845198643541266, -1.089000000000000412 ) ) ;
#3137 = DIRECTION ( 'NONE',  ( 0.000000000000000000, 1.000000000000000000, 0.000000000000000000 ) ) ;
#3138 = ORIENTED_EDGE ( 'NONE', *, *, #2506, .T. ) ;
#3139 = ADVANCED_FACE ( 'NONE', ( #5022 ), #1174, .T. ) ;
#3140 = CARTESIAN_POINT ( 'NONE',  ( -0.3135519208403236280, 0.002474449185686330988, -1.089000000000000190 ) ) ;
#3141 = VECTOR ( 'NONE', #447, 1000.000000000000000 ) ;
#3142 = AXIS2_PLACEMENT_3D ( 'NONE', #4475, #899, #4359 ) ;
#3143 = FILL_AREA_STYLE_COLOUR ( '', #3773 ) ;
#3144 = ORIENTED_EDGE ( 'NONE', *, *, #1236, .F. ) ;
#3145 = AXIS2_PLACEMENT_3D ( 'NONE', #2542, #29, #14 ) ;
#3146 = LINE ( 'NONE', #1112, #934 ) ;
#3147 = DIRECTION ( 'NONE',  ( 0.9848077530122080203, 2.359625868058351608E-16, -0.1736481776669307198 ) ) ;
#3148 = CARTESIAN_POINT ( 'NONE',  ( -0.2838564198089836288, -0.07217418009359936881, -1.089000000000000190 ) ) ;
#3149 = PRESENTATION_LAYER_ASSIGNMENT (  '', '', ( #2312 ) ) ;
#3150 = VERTEX_POINT ( 'NONE', #1585 ) ;
#3151 =( NAMED_UNIT ( * ) SI_UNIT ( $, .STERADIAN. ) SOLID_ANGLE_UNIT ( ) );
#3152 = LINE ( 'NONE', #1350, #1328 ) ;
#3153 = CARTESIAN_POINT ( 'NONE',  ( -0.2679764930182177429, 0.08518215914007011558, -1.089999999999999636 ) ) ;
#3154 = EDGE_CURVE ( 'NONE', #3904, #377, #5411, .T. ) ;
#3155 = CARTESIAN_POINT ( 'NONE',  ( -0.1794055793769089580, 0.07800798577105219622, -1.090000000000000080 ) ) ;
#3156 = LINE ( 'NONE', #1165, #3486 ) ;
#3157 = DIRECTION ( 'NONE',  ( -0.000000000000000000, 0.1736481776669307198, -0.9848077530122080203 ) ) ;
#3158 = LINE ( 'NONE', #5428, #4023 ) ;
#3159 =( GEOMETRIC_REPRESENTATION_CONTEXT ( 3 ) GLOBAL_UNCERTAINTY_ASSIGNED_CONTEXT ( ( #321 ) ) GLOBAL_UNIT_ASSIGNED_CONTEXT ( ( #1876, #2255, #4784 ) ) REPRESENTATION_CONTEXT ( 'NONE', 'WORKASPACE' ) );
#3160 = CARTESIAN_POINT ( 'NONE',  ( 0.1673852202713627946, -0.06086096628621438104, -1.090000000000000302 ) ) ;
#3161 = CARTESIAN_POINT ( 'NONE',  ( -0.2537674607634364810, 0.06738164047184180827, -1.089999999999999858 ) ) ;
#3162 = EDGE_LOOP ( 'NONE', ( #2935, #2181, #4025, #5300 ) ) ;
#3163 = LINE ( 'NONE', #3287, #894 ) ;
#3164 = LINE ( 'NONE', #845, #2061 ) ;
#3165 = PRESENTATION_STYLE_ASSIGNMENT (( #1448 ) ) ;
#3166 = EDGE_CURVE ( 'NONE', #4915, #1417, #1668, .T. ) ;
#3167 = CARTESIAN_POINT ( 'NONE',  ( -0.2704083743074141011, 0.05395321860396124630, -1.088999999999999968 ) ) ;
#3168 = UNCERTAINTY_MEASURE_WITH_UNIT (LENGTH_MEASURE( 1.000000000000000082E-05 ), #2727, 'distance_accuracy_value', 'NONE');
#3169 = ORIENTED_EDGE ( 'NONE', *, *, #3847, .F. ) ;
#3170 = ADVANCED_FACE ( 'NONE', ( #3491 ), #4907, .F. ) ;
#3171 = SURFACE_STYLE_FILL_AREA ( #4017 ) ;
#3172 = LINE ( 'NONE', #2726, #2192 ) ;
#3173 = DIRECTION ( 'NONE',  ( -1.000000000000000000, 0.000000000000000000, -0.000000000000000000 ) ) ;
#3174 = CARTESIAN_POINT ( 'NONE',  ( -0.2089025305964211376, 0.07800798577105219622, -1.090000000000000080 ) ) ;
#3175 = EDGE_LOOP ( 'NONE', ( #5366, #4083, #4927, #3126, #1007, #2302, #1418, #2368 ) ) ;
#3176 = CARTESIAN_POINT ( 'NONE',  ( 0.07985509135479844367, 0.1023982296734912284, -1.090000000000000080 ) ) ;
#3177 = PRESENTATION_STYLE_ASSIGNMENT (( #1432 ) ) ;
#3178 = SURFACE_STYLE_USAGE ( .BOTH. , #4796 ) ;
#3179 = CARTESIAN_POINT ( 'NONE',  ( 0.03278954257431059699, -0.06772372154602099292, -1.089000000000000190 ) ) ;
#3180 = STYLED_ITEM ( 'NONE', ( #4548 ), #4489 ) ;
#3181 = LINE ( 'NONE', #142, #4178 ) ;
#3182 = CARTESIAN_POINT ( 'NONE',  ( 2.350000000000000089, -1.000000000000000000, -0.2999999999999999334 ) ) ;
#3183 = CARTESIAN_POINT ( 'NONE',  ( -0.2815155000903017402, 0.03507490157559465388, -1.089999999999999858 ) ) ;
#3184 = ORIENTED_EDGE ( 'NONE', *, *, #936, .T. ) ;
#3185 = EDGE_LOOP ( 'NONE', ( #2168, #2370, #1384, #2029 ) ) ;
#3186 = AXIS2_PLACEMENT_3D ( 'NONE', #4607, #4572, #133 ) ;
#3187 = CARTESIAN_POINT ( 'NONE',  ( -0.2653596646221536015, 0.05901513308351294396, -1.090000000000000302 ) ) ;
#3188 =( LENGTH_UNIT ( ) NAMED_UNIT ( * ) SI_UNIT ( .MILLI., .METRE. ) );
#3189 = ORIENTED_EDGE ( 'NONE', *, *, #3614, .F. ) ;
#3190 = EDGE_CURVE ( 'NONE', #4384, #1403, #3227, .T. ) ;
#3191 =( NAMED_UNIT ( * ) PLANE_ANGLE_UNIT ( ) SI_UNIT ( $, .RADIAN. ) );
#3192 = CARTESIAN_POINT ( 'NONE',  ( -2.093068987169464990, -1.653068987169466153, -0.8900000000000000133 ) ) ;
#3193 = CARTESIAN_POINT ( 'NONE',  ( -0.1086738720598357383, 0.07800798577105219622, -1.090000000000000080 ) ) ;
#3194 = ORIENTED_EDGE ( 'NONE', *, *, #3063, .T. ) ;
#3195 = MECHANICAL_DESIGN_GEOMETRIC_PRESENTATION_REPRESENTATION (  '', ( #3658 ), #3478 ) ;
#3196 = VECTOR ( 'NONE', #1428, 1000.000000000000000 ) ;
#3197 = CARTESIAN_POINT ( 'NONE',  ( 2.093068987169466766, -1.653068987169466597, -0.8900000000000000133 ) ) ;
#3198 =( NAMED_UNIT ( * ) PLANE_ANGLE_UNIT ( ) SI_UNIT ( $, .RADIAN. ) );
#3199 = ORIENTED_EDGE ( 'NONE', *, *, #2742, .T. ) ;
#3200 = DIRECTION ( 'NONE',  ( 0.000000000000000000, -1.000000000000000000, 0.000000000000000000 ) ) ;
#3201 = CARTESIAN_POINT ( 'NONE',  ( 0.1562127338797607845, -0.07552832466194200900, -1.090000000000000080 ) ) ;
#3202 = CARTESIAN_POINT ( 'NONE',  ( -0.2867226525476406218, 0.001902802844222915846, -1.090000000000000080 ) ) ;
#3203 = DIRECTION ( 'NONE',  ( 0.000000000000000000, -1.000000000000000000, -0.000000000000000000 ) ) ;
#3204 =( LENGTH_UNIT ( ) NAMED_UNIT ( * ) SI_UNIT ( .MILLI., .METRE. ) );
#3205 = B_SPLINE_CURVE_WITH_KNOTS ( 'NONE', 3,
 ( #5045, #42, #3794, #3850, #2130, #4211, #460, #889, #4618, #3828, #419, #5084, #1751, #3809, #2574, #5101, #1319, #4245, #4602 ),
 .UNSPECIFIED., .F., .F.,
 ( 4, 1, 1, 1, 1, 1, 1, 1, 1, 1, 1, 1, 1, 1, 1, 1, 4 ),
 ( 0.000000000000000000, 0.06460397028839230671, 0.1267024139629473467, 0.1867568140356183348, 0.2455056873654374860, 0.3036520244499754662, 0.3615030739706254770, 0.4202402229284675772, 0.4800333407766962934, 0.5406781347755160727, 0.6011918063807818458, 0.6623335024774423818, 0.7247395102972318259, 0.7894677361728866805, 0.8565048600438308624, 0.9263120958391902748, 1.000000000000000000 ),
 .UNSPECIFIED. ) ;
#3206 = ORIENTED_EDGE ( 'NONE', *, *, #2921, .T. ) ;
#3207 = ORIENTED_EDGE ( 'NONE', *, *, #4413, .F. ) ;
#3208 =( NAMED_UNIT ( * ) PLANE_ANGLE_UNIT ( ) SI_UNIT ( $, .RADIAN. ) );
#3209 = LINE ( 'NONE', #2057, #2436 ) ;
#3210 = EDGE_LOOP ( 'NONE', ( #3578, #4227, #1849, #3079, #3713, #363 ) ) ;
#3211 = STYLED_ITEM ( 'NONE', ( #4498 ), #4034 ) ;
#3212 = CARTESIAN_POINT ( 'NONE',  ( -0.1037958232793479707, 0.01215432723446682392, -1.089000000000000190 ) ) ;
#3213 = VERTEX_POINT ( 'NONE', #5279 ) ;
#3214 = CARTESIAN_POINT ( 'NONE',  ( 0.1813851957955543992, -0.01453031304116988824, -1.089000000000000190 ) ) ;
#3215 = STYLED_ITEM ( 'NONE', ( #4990 ), #1503 ) ;
#3216 = LINE ( 'NONE', #3501, #1982 ) ;
#3217 = CARTESIAN_POINT ( 'NONE',  ( -0.2855384592342866679, 0.01955775718663459173, -1.089999999999999858 ) ) ;
#3218 = LINE ( 'NONE', #1660, #2841 ) ;
#3219 = ORIENTED_EDGE ( 'NONE', *, *, #4491, .T. ) ;
#3220 = CARTESIAN_POINT ( 'NONE',  ( -0.2173076209385521596, 0.07783503860539203734, -1.090000000000000080 ) ) ;
#3221 = LINE ( 'NONE', #4052, #1010 ) ;
#3222 = CARTESIAN_POINT ( 'NONE',  ( -0.2077973476695918198, -0.07808957520455758750, -1.090000000000000080 ) ) ;
#3223 = CARTESIAN_POINT ( 'NONE',  ( 0.1813124532281775447, 0.007692711965265699482, -1.088999999999999746 ) ) ;
#3224 = AXIS2_PLACEMENT_3D ( 'NONE', #3182, #695, #2018 ) ;
#3225 =( LENGTH_UNIT ( ) NAMED_UNIT ( * ) SI_UNIT ( .MILLI., .METRE. ) );
#3226 = CARTESIAN_POINT ( 'NONE',  ( 0.000000000000000000, 0.000000000000000000, 1.089000000000000190 ) ) ;
#3227 = LINE ( 'NONE', #3234, #3769 ) ;
#3228 = CARTESIAN_POINT ( 'NONE',  ( 0.000000000000000000, 0.000000000000000000, -1.089000000000000190 ) ) ;
#3229 =( NAMED_UNIT ( * ) SI_UNIT ( $, .STERADIAN. ) SOLID_ANGLE_UNIT ( ) );
#3230 = VERTEX_POINT ( 'NONE', #3605 ) ;
#3231 = CARTESIAN_POINT ( 'NONE',  ( -0.3281860671817870001, -0.1000407947167527012, -1.089000000000000190 ) ) ;
#3232 = CARTESIAN_POINT ( 'NONE',  ( 0.03832075084706200452, -0.07083915910111290848, -1.090000000000000080 ) ) ;
#3233 = SURFACE_SIDE_STYLE ('',( #4118 ) ) ;
#3234 = CARTESIAN_POINT ( 'NONE',  ( -1.498759313441822449, 2.114754756274095371, 1.089000000000000190 ) ) ;
#3235 = CARTESIAN_POINT ( 'NONE',  ( -0.2747890277182471475, 0.04824827525092707098, -1.090000000000000302 ) ) ;
#3236 = UNCERTAINTY_MEASURE_WITH_UNIT (LENGTH_MEASURE( 1.000000000000000082E-05 ), #4157, 'distance_accuracy_value', 'NONE');
#3237 = ORIENTED_EDGE ( 'NONE', *, *, #657, .T. ) ;
#3238 = EDGE_CURVE ( 'NONE', #269, #1227, #4028, .T. ) ;
#3239 = SURFACE_STYLE_USAGE ( .BOTH. , #1925 ) ;
#3240 = CARTESIAN_POINT ( 'NONE',  ( -0.3134711473997945919, -0.001303067715583582607, -1.088999999999999968 ) ) ;
#3241 = CARTESIAN_POINT ( 'NONE',  ( -2.093068987169464990, 1.809999999999999387, -0.8900000000000000133 ) ) ;
#3242 = ORIENTED_EDGE ( 'NONE', *, *, #4190, .F. ) ;
#3243 = VERTEX_POINT ( 'NONE', #1999 ) ;
#3244 =( NAMED_UNIT ( * ) SI_UNIT ( $, .STERADIAN. ) SOLID_ANGLE_UNIT ( ) );
#3245 =( NAMED_UNIT ( * ) PLANE_ANGLE_UNIT ( ) SI_UNIT ( $, .RADIAN. ) );
#3246 = DIRECTION ( 'NONE',  ( -0.000000000000000000, -0.000000000000000000, -1.000000000000000000 ) ) ;
#3247 = SURFACE_STYLE_USAGE ( .BOTH. , #4127 ) ;
#3248 = LINE ( 'NONE', #3530, #637 ) ;
#3249 = ORIENTED_EDGE ( 'NONE', *, *, #3681, .F. ) ;
#3250 = SURFACE_SIDE_STYLE ('',( #3311 ) ) ;
#3251 = STYLED_ITEM ( 'NONE', ( #4942 ), #4808 ) ;
#3252 = CARTESIAN_POINT ( 'NONE',  ( -0.1525763110842260073, -0.1000407947167527012, -1.089000000000000190 ) ) ;
#3253 = PRESENTATION_STYLE_ASSIGNMENT (( #2581 ) ) ;
#3254 = ORIENTED_EDGE ( 'NONE', *, *, #4414, .T. ) ;
#3255 =( GEOMETRIC_REPRESENTATION_CONTEXT ( 3 ) GLOBAL_UNCERTAINTY_ASSIGNED_CONTEXT ( ( #88 ) ) GLOBAL_UNIT_ASSIGNED_CONTEXT ( ( #5148, #2608, #955 ) ) REPRESENTATION_CONTEXT ( 'NONE', 'WORKASPACE' ) );
#3256 = CARTESIAN_POINT ( 'NONE',  ( -2.057803591027772327, 1.809999999999999387, 1.090000000000000080 ) ) ;
#3257 = CARTESIAN_POINT ( 'NONE',  ( -0.2107870764312471112, -0.09997153364152160104, -1.089000000000000190 ) ) ;
#3258 = CARTESIAN_POINT ( 'NONE',  ( 0.1815700303791886738, -0.003813660570411222129, -1.089000000000000190 ) ) ;
#3259 = EDGE_CURVE ( 'NONE', #5023, #4469, #3961, .T. ) ;
#3260 = VERTEX_POINT ( 'NONE', #2774 ) ;
#3261 = PLANE ( 'NONE',  #394 ) ;
#3262 = DIRECTION ( 'NONE',  ( 1.000000000000000000, 0.000000000000000000, 0.000000000000000000 ) ) ;
#3263 = AXIS2_PLACEMENT_3D ( 'NONE', #3539, #4328, #1410 ) ;
#3264 = UNCERTAINTY_MEASURE_WITH_UNIT (LENGTH_MEASURE( 1.000000000000000082E-05 ), #5097, 'distance_accuracy_value', 'NONE');
#3265 = CARTESIAN_POINT ( 'NONE',  ( 0.1455816344584628663, 0.08014380522492359216, -1.089999999999999858 ) ) ;
#3266 = CARTESIAN_POINT ( 'NONE',  ( 0.3010822255011399440, -0.1000407947167527012, -1.089000000000000190 ) ) ;
#3267 = FACE_OUTER_BOUND ( 'NONE', #1256, .T. ) ;
#3268 =( LENGTH_UNIT ( ) NAMED_UNIT ( * ) SI_UNIT ( .MILLI., .METRE. ) );
#3269 = DIRECTION ( 'NONE',  ( 1.000000000000000000, 0.000000000000000000, 0.000000000000000000 ) ) ;
#3270 = FILL_AREA_STYLE ('',( #4520 ) ) ;
#3271 = EDGE_CURVE ( 'NONE', #4737, #4461, #3034, .T. ) ;
#3272 = SURFACE_STYLE_FILL_AREA ( #1739 ) ;
#3273 = DIRECTION ( 'NONE',  ( 0.000000000000000000, -0.000000000000000000, -1.000000000000000000 ) ) ;
#3274 = ADVANCED_FACE ( 'NONE', ( #1143 ), #794, .T. ) ;
#3275 = DIRECTION ( 'NONE',  ( 0.000000000000000000, -0.1736481776669307198, 0.9848077530122080203 ) ) ;
#3276 = ORIENTED_EDGE ( 'NONE', *, *, #537, .T. ) ;
#3277 =( NAMED_UNIT ( * ) SI_UNIT ( $, .STERADIAN. ) SOLID_ANGLE_UNIT ( ) );
#3278 = SURFACE_STYLE_FILL_AREA ( #4867 ) ;
#3279 = B_SPLINE_CURVE_WITH_KNOTS ( 'NONE', 3,
 ( #1027, #2709, #618, #1916, #5251, #1462, #4814, #3558, #5234, #4380, #4851 ),
 .UNSPECIFIED., .F., .F.,
 ( 4, 1, 1, 1, 1, 1, 1, 1, 4 ),
 ( 0.000000000000000000, 0.1124483899088010164, 0.2265276752126777204, 0.3444019493260284670, 0.4658649724874589504, 0.5916594493521171172, 0.7221684870248873400, 0.8586063875549265756, 1.000000000000000000 ),
 .UNSPECIFIED. ) ;
#3280 =( LENGTH_UNIT ( ) NAMED_UNIT ( * ) SI_UNIT ( .MILLI., .METRE. ) );
#3281 = CARTESIAN_POINT ( 'NONE',  ( 0.05758783742117147553, -0.09936420396802513044, -1.089000000000000412 ) ) ;
#3282 = LINE ( 'NONE', #2127, #2903 ) ;
#3283 = LINE ( 'NONE', #4939, #3684 ) ;
#3284 = DIRECTION ( 'NONE',  ( -1.000000000000000000, 0.000000000000000000, 0.000000000000000000 ) ) ;
#3285 =( NAMED_UNIT ( * ) SI_UNIT ( $, .STERADIAN. ) SOLID_ANGLE_UNIT ( ) );
#3286 = DIRECTION ( 'NONE',  ( -0.000000000000000000, -0.000000000000000000, -1.000000000000000000 ) ) ;
#3287 = CARTESIAN_POINT ( 'NONE',  ( -0.2089025305964211376, 0.07800798577105219622, -1.089000000000000190 ) ) ;
#3288 = EDGE_CURVE ( 'NONE', #1606, #2527, #4099, .T. ) ;
#3289 = ORIENTED_EDGE ( 'NONE', *, *, #3941, .F. ) ;
#3290 = DIRECTION ( 'NONE',  ( 0.000000000000000000, 1.000000000000000000, 0.000000000000000000 ) ) ;
#3291 = EDGE_CURVE ( 'NONE', #3814, #5024, #2245, .T. ) ;
#3292 = CARTESIAN_POINT ( 'NONE',  ( -0.2867226525476406218, 0.001902802844222915846, -1.090000000000000080 ) ) ;
#3293 =( NAMED_UNIT ( * ) PLANE_ANGLE_UNIT ( ) SI_UNIT ( $, .RADIAN. ) );
#3294 = AXIS2_PLACEMENT_3D ( 'NONE', #3921, #3102, #3458 ) ;
#3295 = VECTOR ( 'NONE', #1786, 1000.000000000000000 ) ;
#3296 = ORIENTED_EDGE ( 'NONE', *, *, #4391, .T. ) ;
#3297 = VERTEX_POINT ( 'NONE', #404 ) ;
#3298 =( NAMED_UNIT ( * ) PLANE_ANGLE_UNIT ( ) SI_UNIT ( $, .RADIAN. ) );
#3299 = SURFACE_STYLE_USAGE ( .BOTH. , #3710 ) ;
#3300 = FACE_OUTER_BOUND ( 'NONE', #5125, .T. ) ;
#3301 = VECTOR ( 'NONE', #1446, 1000.000000000000000 ) ;
#3302 =( NAMED_UNIT ( * ) PLANE_ANGLE_UNIT ( ) SI_UNIT ( $, .RADIAN. ) );
#3303 = UNCERTAINTY_MEASURE_WITH_UNIT (LENGTH_MEASURE( 1.000000000000000082E-05 ), #4424, 'distance_accuracy_value', 'NONE');
#3304 = ADVANCED_FACE ( 'NONE', ( #286 ), #825, .F. ) ;
#3305 = DIRECTION ( 'NONE',  ( 0.000000000000000000, -0.000000000000000000, 1.000000000000000000 ) ) ;
#3306 = CARTESIAN_POINT ( 'NONE',  ( 0.1815075206808278996, -0.007437953709782324681, -1.090000000000000080 ) ) ;
#3307 = LINE ( 'NONE', #4256, #2198 ) ;
#3308 =( NAMED_UNIT ( * ) PLANE_ANGLE_UNIT ( ) SI_UNIT ( $, .RADIAN. ) );
#3309 = DIRECTION ( 'NONE',  ( 0.000000000000000000, -1.000000000000000000, 0.000000000000000000 ) ) ;
#3310 = PRESENTATION_STYLE_ASSIGNMENT (( #4979 ) ) ;
#3311 = SURFACE_STYLE_FILL_AREA ( #1228 ) ;
#3312 = SURFACE_SIDE_STYLE ('',( #3322 ) ) ;
#3313 = FACE_OUTER_BOUND ( 'NONE', #4748, .T. ) ;
#3314 = CARTESIAN_POINT ( 'NONE',  ( -0.2969009756162170333, 0.05923406213334290321, -1.089999999999999858 ) ) ;
#3315 = ORIENTED_EDGE ( 'NONE', *, *, #1130, .T. ) ;
#3316 = STYLED_ITEM ( 'NONE', ( #3310 ), #3980 ) ;
#3317 = B_SPLINE_CURVE_WITH_KNOTS ( 'NONE', 3,
 ( #3258, #2886, #3223, #1217, #4510, #763, #1575, #5342, #3668, #331, #3704, #1195, #2428, #5421, #4554, #1162, #4105, #2006, #4932 ),
 .UNSPECIFIED., .F., .F.,
 ( 4, 1, 1, 1, 1, 1, 1, 1, 1, 1, 1, 1, 1, 1, 1, 1, 4 ),
 ( 0.000000000000000000, 0.07064371857535413357, 0.1382567155089046429, 0.2033641242175800723, 0.2663240938030566052, 0.3279047615429893092, 0.3887377151730921909, 0.4494235281093022505, 0.5108610114593156171, 0.5720793960475145656, 0.6317344287314451412, 0.6911172105788376818, 0.7503600294901705547, 0.8100329005312619790, 0.8713624508287362014, 0.9344271412311534464, 1.000000000000000000 ),
 .UNSPECIFIED. ) ;
#3318 = DIRECTION ( 'NONE',  ( 0.000000000000000000, 1.000000000000000000, -0.000000000000000000 ) ) ;
#3319 = ORIENTED_EDGE ( 'NONE', *, *, #2970, .T. ) ;
#3320 = STYLED_ITEM ( 'NONE', ( #1901 ), #1613 ) ;
#3321 = DIRECTION ( 'NONE',  ( -1.000000000000000000, 0.000000000000000000, 0.000000000000000000 ) ) ;
#3322 = SURFACE_STYLE_FILL_AREA ( #3819 ) ;
#3323 = SURFACE_STYLE_USAGE ( .BOTH. , #5394 ) ;
#3324 = VERTEX_POINT ( 'NONE', #2919 ) ;
#3325 = PRESENTATION_LAYER_ASSIGNMENT (  '', '', ( #4000 ) ) ;
#3326 = CARTESIAN_POINT ( 'NONE',  ( 0.1986432011108960061, -0.1000407947167527012, -1.089000000000000190 ) ) ;
#3327 = PRESENTATION_STYLE_ASSIGNMENT (( #2219 ) ) ;
#3328 = AXIS2_PLACEMENT_3D ( 'NONE', #3633, #1149, #4495 ) ;
#3329 = CARTESIAN_POINT ( 'NONE',  ( -2.249999999999999556, 1.809999999999999387, 0.000000000000000000 ) ) ;
#3330 = CARTESIAN_POINT ( 'NONE',  ( -0.1135519208403235752, -0.1000407947167527012, -1.090000000000000080 ) ) ;
#3331 = CARTESIAN_POINT ( 'NONE',  ( -0.3095572302320345193, 0.03329980115789546447, -1.089999999999999414 ) ) ;
#3332 = EDGE_CURVE ( 'NONE', #5230, #2724, #3164, .T. ) ;
#3333 = SURFACE_STYLE_FILL_AREA ( #4476 ) ;
#3334 = PRESENTATION_STYLE_ASSIGNMENT (( #4026 ) ) ;
#3335 = UNCERTAINTY_MEASURE_WITH_UNIT (LENGTH_MEASURE( 1.000000000000000082E-05 ), #3280, 'distance_accuracy_value', 'NONE');
#3336 = ORIENTED_EDGE ( 'NONE', *, *, #3115, .T. ) ;
#3337 = DIRECTION ( 'NONE',  ( 1.000000000000000000, 0.000000000000000000, 0.000000000000000000 ) ) ;
#3338 = PRESENTATION_LAYER_ASSIGNMENT (  '', '', ( #838 ) ) ;
#3339 = PRESENTATION_STYLE_ASSIGNMENT (( #3437 ) ) ;
#3340 = DIRECTION ( 'NONE',  ( -0.000000000000000000, -0.000000000000000000, -1.000000000000000000 ) ) ;
#3341 = CARTESIAN_POINT ( 'NONE',  ( -0.03306411596227474409, 0.01215432723446682392, -1.089000000000000190 ) ) ;
#3342 = FILL_AREA_STYLE_COLOUR ( '', #989 ) ;
#3343 = ORIENTED_EDGE ( 'NONE', *, *, #3665, .T. ) ;
#3344 =( LENGTH_UNIT ( ) NAMED_UNIT ( * ) SI_UNIT ( .MILLI., .METRE. ) );
#3345 = CARTESIAN_POINT ( 'NONE',  ( 0.05024509313493250029, -0.07562658899990347405, -1.089000000000000190 ) ) ;
#3346 = EDGE_CURVE ( 'NONE', #1656, #1927, #3158, .T. ) ;
#3347 = CARTESIAN_POINT ( 'NONE',  ( -0.2867226525476406218, 0.001902802844222915846, -1.089000000000000190 ) ) ;
#3348 = CARTESIAN_POINT ( 'NONE',  ( -0.4140884254363820793, 0.06442663368981139949, -1.088999999999999968 ) ) ;
#3349 = DIRECTION ( 'NONE',  ( -0.000000000000000000, -0.000000000000000000, -1.000000000000000000 ) ) ;
#3350 = LINE ( 'NONE', #2360, #4396 ) ;
#3351 =( NAMED_UNIT ( * ) SI_UNIT ( $, .STERADIAN. ) SOLID_ANGLE_UNIT ( ) );
#3352 = EDGE_LOOP ( 'NONE', ( #3398, #1688, #2169, #935 ) ) ;
#3353 = COLOUR_RGB ( '',1.000000000000000000, 1.000000000000000000, 1.000000000000000000 ) ;
#3354 = B_SPLINE_CURVE_WITH_KNOTS ( 'NONE', 3,
 ( #5294, #4904, #1582, #307, #2015, #5313, #1544, #1524, #3232, #2792, #4516 ),
 .UNSPECIFIED., .F., .F.,
 ( 4, 1, 1, 1, 1, 1, 1, 1, 4 ),
 ( 0.000000000000000000, 0.1352946047634290272, 0.2667656579247485449, 0.3948160188358720846, 0.5200516544342452807, 0.6421757029708213826, 0.7626518205584228438, 0.8818340043805019679, 1.000000000000000000 ),
 .UNSPECIFIED. ) ;
#3355 = CARTESIAN_POINT ( 'NONE',  ( 0.2742529572084569933, 0.09995920528324733767, -1.090000000000000080 ) ) ;
#3356 = FILL_AREA_STYLE_COLOUR ( '', #678 ) ;
#3357 = ORIENTED_EDGE ( 'NONE', *, *, #5164, .T. ) ;
#3358 = MECHANICAL_DESIGN_GEOMETRIC_PRESENTATION_REPRESENTATION (  '', ( #36 ), #2344 ) ;
#3359 = CARTESIAN_POINT ( 'NONE',  ( 2.350000000000000089, 1.000000000000000000, -0.8900000000000001243 ) ) ;
#3360 = CARTESIAN_POINT ( 'NONE',  ( 0.09173663420452757289, -0.08033238286633657965, -1.089000000000000190 ) ) ;
#3361 = AXIS2_PLACEMENT_3D ( 'NONE', #1960, #1545, #4464 ) ;
#3362 = DIRECTION ( 'NONE',  ( 1.000000000000000000, 0.000000000000000000, 0.000000000000000000 ) ) ;
#3363 = CARTESIAN_POINT ( 'NONE',  ( 0.08412338403772524897, -0.08052859959480147822, -1.090000000000000080 ) ) ;
#3364 = ORIENTED_EDGE ( 'NONE', *, *, #499, .T. ) ;
#3365 = FACE_OUTER_BOUND ( 'NONE', #3162, .T. ) ;
#3366 = EDGE_CURVE ( 'NONE', #1065, #5408, #1468, .T. ) ;
#3367 =( LENGTH_UNIT ( ) NAMED_UNIT ( * ) SI_UNIT ( .MILLI., .METRE. ) );
#3368 = CARTESIAN_POINT ( 'NONE',  ( 0.1302745450450616127, -0.06438968432986010015, -1.089000000000000190 ) ) ;
#3369 = EDGE_CURVE ( 'NONE', #1307, #4854, #1199, .T. ) ;
#3370 = CARTESIAN_POINT ( 'NONE',  ( -0.4192493947277757260, 0.06416404034490831576, -1.089000000000000634 ) ) ;
#3371 = ORIENTED_EDGE ( 'NONE', *, *, #3259, .T. ) ;
#3372 = FACE_OUTER_BOUND ( 'NONE', #3425, .T. ) ;
#3373 = COLOUR_RGB ( '',0.7529411764705882248, 0.7529411764705882248, 0.7529411764705882248 ) ;
#3374 = DIRECTION ( 'NONE',  ( 0.000000000000000000, 0.000000000000000000, 1.000000000000000000 ) ) ;
#3375 = CARTESIAN_POINT ( 'NONE',  ( -2.649999999999999911, -1.000000000000000000, -0.2999999999999999334 ) ) ;
#3376 = SURFACE_STYLE_FILL_AREA ( #4490 ) ;
#3377 = VECTOR ( 'NONE', #1686, 1000.000000000000000 ) ;
#3378 = EDGE_CURVE ( 'NONE', #4822, #1953, #335, .T. ) ;
#3379 = FILL_AREA_STYLE ('',( #2913 ) ) ;
#3380 = EDGE_LOOP ( 'NONE', ( #4998, #4997, #1139, #2136 ) ) ;
#3381 = DIRECTION ( 'NONE',  ( -1.000000000000000000, 0.000000000000000000, 0.000000000000000000 ) ) ;
#3382 = CARTESIAN_POINT ( 'NONE',  ( 0.08412338403772524897, -0.08052859959480147822, -1.089999999999999858 ) ) ;
#3383 =( NAMED_UNIT ( * ) SI_UNIT ( $, .STERADIAN. ) SOLID_ANGLE_UNIT ( ) );
#3384 = FILL_AREA_STYLE_COLOUR ( '', #1207 ) ;
#3385 = LINE ( 'NONE', #1711, #2333 ) ;
#3386 = ORIENTED_EDGE ( 'NONE', *, *, #1837, .F. ) ;
#3387 =( NAMED_UNIT ( * ) SI_UNIT ( $, .STERADIAN. ) SOLID_ANGLE_UNIT ( ) );
#3388 = FILL_AREA_STYLE_COLOUR ( '', #3017 ) ;
#3389 = VECTOR ( 'NONE', #3349, 1000.000000000000000 ) ;
#3390 = CARTESIAN_POINT ( 'NONE',  ( -0.2679764930182177429, 0.08518215914007011558, -1.088999999999999746 ) ) ;
#3391 = LINE ( 'NONE', #4616, #647 ) ;
#3392 = VECTOR ( 'NONE', #554, 1000.000000000000000 ) ;
#3393 = ORIENTED_EDGE ( 'NONE', *, *, #1864, .T. ) ;
#3394 =( GEOMETRIC_REPRESENTATION_CONTEXT ( 3 ) GLOBAL_UNCERTAINTY_ASSIGNED_CONTEXT ( ( #5131 ) ) GLOBAL_UNIT_ASSIGNED_CONTEXT ( ( #2929, #3298, #395 ) ) REPRESENTATION_CONTEXT ( 'NONE', 'WORKASPACE' ) );
#3395 =( LENGTH_UNIT ( ) NAMED_UNIT ( * ) SI_UNIT ( .MILLI., .METRE. ) );
#3396 = LINE ( 'NONE', #4326, #128 ) ;
#3397 = CARTESIAN_POINT ( 'NONE',  ( 0.1388532901431359101, 0.05237960482710446453, -1.089999999999999858 ) ) ;
#3398 = ORIENTED_EDGE ( 'NONE', *, *, #4637, .F. ) ;
#3399 = ORIENTED_EDGE ( 'NONE', *, *, #1944, .F. ) ;
#3400 = MECHANICAL_DESIGN_GEOMETRIC_PRESENTATION_REPRESENTATION (  '', ( #2170 ), #3469 ) ;
#3401 = CARTESIAN_POINT ( 'NONE',  ( 0.1399036346754133631, -0.05392588205845234156, -1.090000000000000080 ) ) ;
#3402 = EDGE_CURVE ( 'NONE', #5001, #1359, #621, .T. ) ;
#3403 = DIRECTION ( 'NONE',  ( 0.000000000000000000, -1.000000000000000000, 0.000000000000000000 ) ) ;
#3404 = CARTESIAN_POINT ( 'NONE',  ( 0.03278954257431059699, -0.06772372154602099292, -1.090000000000000080 ) ) ;
#3405 = AXIS2_PLACEMENT_3D ( 'NONE', #1029, #3065, #5182 ) ;
#3406 = FACE_OUTER_BOUND ( 'NONE', #2849, .T. ) ;
#3407 = CARTESIAN_POINT ( 'NONE',  ( -0.4131327135232504277, 0.06154457113690584014, -1.089000000000000190 ) ) ;
#3408 = COLOUR_RGB ( '',1.000000000000000000, 1.000000000000000000, 1.000000000000000000 ) ;
#3409 =( LENGTH_UNIT ( ) NAMED_UNIT ( * ) SI_UNIT ( .MILLI., .METRE. ) );
#3410 = UNCERTAINTY_MEASURE_WITH_UNIT (LENGTH_MEASURE( 1.000000000000000082E-05 ), #3188, 'distance_accuracy_value', 'NONE');
#3411 = ORIENTED_EDGE ( 'NONE', *, *, #4689, .T. ) ;
#3412 = SURFACE_STYLE_FILL_AREA ( #3765 ) ;
#3413 = SURFACE_SIDE_STYLE ('',( #819 ) ) ;
#3414 = CARTESIAN_POINT ( 'NONE',  ( 0.09541524888345156996, 0.07915250234183839051, -1.090000000000000080 ) ) ;
#3415 = ORIENTED_EDGE ( 'NONE', *, *, #2710, .F. ) ;
#3416 = CARTESIAN_POINT ( 'NONE',  ( 0.000000000000000000, 0.000000000000000000, 0.000000000000000000 ) ) ;
#3417 = CARTESIAN_POINT ( 'NONE',  ( -0.4140884254363820793, 0.06442663368981139949, -1.088999999999999968 ) ) ;
#3418 = CARTESIAN_POINT ( 'NONE',  ( 0.1986432011108960061, -0.1000407947167527012, -1.089000000000000190 ) ) ;
#3419 =( NAMED_UNIT ( * ) PLANE_ANGLE_UNIT ( ) SI_UNIT ( $, .RADIAN. ) );
#3420 = CARTESIAN_POINT ( 'NONE',  ( 0.08170829992457397106, -0.08049689148531738447, -1.090000000000000302 ) ) ;
#3421 = EDGE_CURVE ( 'NONE', #4737, #4754, #2595, .T. ) ;
#3422 = VECTOR ( 'NONE', #5142, 1000.000000000000000 ) ;
#3423 = ADVANCED_FACE ( 'NONE', ( #828 ), #1753, .T. ) ;
#3424 = CARTESIAN_POINT ( 'NONE',  ( 0.04366310679715782600, 0.07329760740592715373, -1.089000000000000190 ) ) ;
#3425 = EDGE_LOOP ( 'NONE', ( #1825, #813, #2190, #2699, #1026, #4079 ) ) ;
#3426 = CARTESIAN_POINT ( 'NONE',  ( -0.4185028331339259444, 0.06730785225967944596, -1.089999999999999414 ) ) ;
#3427 = CARTESIAN_POINT ( 'NONE',  ( -0.3134720872615686660, 0.006099842499883164661, -1.089000000000000190 ) ) ;
#3428 = LINE ( 'NONE', #3155, #222 ) ;
#3429 = ORIENTED_EDGE ( 'NONE', *, *, #16, .T. ) ;
#3430 = ORIENTED_EDGE ( 'NONE', *, *, #281, .T. ) ;
#3431 = MECHANICAL_DESIGN_GEOMETRIC_PRESENTATION_REPRESENTATION (  '', ( #3320 ), #1546 ) ;
#3432 = ORIENTED_EDGE ( 'NONE', *, *, #3115, .F. ) ;
#3433 = CARTESIAN_POINT ( 'NONE',  ( 0.000000000000000000, -1.617803591027773269, -1.090000000000000080 ) ) ;
#3434 = CARTESIAN_POINT ( 'NONE',  ( -2.350000000000000089, 1.000000000000000000, -0.9600000000000001865 ) ) ;
#3435 = SURFACE_SIDE_STYLE ('',( #334 ) ) ;
#3436 = PRESENTATION_LAYER_ASSIGNMENT (  '', '', ( #2392 ) ) ;
#3437 = SURFACE_STYLE_USAGE ( .BOTH. , #5114 ) ;
#3438 = ORIENTED_EDGE ( 'NONE', *, *, #2593, .T. ) ;
#3439 = STYLED_ITEM ( 'NONE', ( #505 ), #2770 ) ;
#3440 = FILL_AREA_STYLE_COLOUR ( '', #2720 ) ;
#3441 = DIRECTION ( 'NONE',  ( -0.000000000000000000, -0.000000000000000000, -1.000000000000000000 ) ) ;
#3442 = ORIENTED_EDGE ( 'NONE', *, *, #1392, .F. ) ;
#3443 = EDGE_CURVE ( 'NONE', #2901, #93, #4662, .T. ) ;
#3444 = FILL_AREA_STYLE_COLOUR ( '', #4261 ) ;
#3445 = VECTOR ( 'NONE', #549, 1000.000000000000000 ) ;
#3446 = ORIENTED_EDGE ( 'NONE', *, *, #1234, .F. ) ;
#3447 = FILL_AREA_STYLE_COLOUR ( '', #2796 ) ;
#3448 = STYLED_ITEM ( 'NONE', ( #2376 ), #1147 ) ;
#3449 = FACE_OUTER_BOUND ( 'NONE', #4299, .T. ) ;
#3450 =( NAMED_UNIT ( * ) SI_UNIT ( $, .STERADIAN. ) SOLID_ANGLE_UNIT ( ) );
#3451 =( NAMED_UNIT ( * ) PLANE_ANGLE_UNIT ( ) SI_UNIT ( $, .RADIAN. ) );
#3452 = VERTEX_POINT ( 'NONE', #28 ) ;
#3453 = ADVANCED_FACE ( 'NONE', ( #2451 ), #1340, .T. ) ;
#3454 = EDGE_CURVE ( 'NONE', #5024, #581, #2909, .T. ) ;
#3455 = FILL_AREA_STYLE_COLOUR ( '', #2887 ) ;
#3456 = SURFACE_SIDE_STYLE ('',( #2662 ) ) ;
#3457 = ORIENTED_EDGE ( 'NONE', *, *, #1379, .T. ) ;
#3458 = DIRECTION ( 'NONE',  ( -0.3222024856061125875, 0.9466707760722535836, 0.000000000000000000 ) ) ;
#3459 = FILL_AREA_STYLE_COLOUR ( '', #4600 ) ;
#3460 = LINE ( 'NONE', #5402, #1239 ) ;
#3461 =( NAMED_UNIT ( * ) PLANE_ANGLE_UNIT ( ) SI_UNIT ( $, .RADIAN. ) );
#3462 = ORIENTED_EDGE ( 'NONE', *, *, #3154, .F. ) ;
#3463 = CARTESIAN_POINT ( 'NONE',  ( 0.07962643281821303598, 0.08044701016129608695, -1.089000000000000190 ) ) ;
#3464 =( LENGTH_UNIT ( ) NAMED_UNIT ( * ) SI_UNIT ( .MILLI., .METRE. ) );
#3465 = DIRECTION ( 'NONE',  ( 1.000000000000000000, 0.000000000000000000, 0.000000000000000000 ) ) ;
#3466 = MECHANICAL_DESIGN_GEOMETRIC_PRESENTATION_REPRESENTATION (  '', ( #4372 ), #1777 ) ;
#3467 = DIRECTION ( 'NONE',  ( 1.000000000000000000, 0.000000000000000000, 0.000000000000000000 ) ) ;
#3468 = SURFACE_STYLE_FILL_AREA ( #4923 ) ;
#3469 =( GEOMETRIC_REPRESENTATION_CONTEXT ( 3 ) GLOBAL_UNCERTAINTY_ASSIGNED_CONTEXT ( ( #2978 ) ) GLOBAL_UNIT_ASSIGNED_CONTEXT ( ( #120, #1809, #2162 ) ) REPRESENTATION_CONTEXT ( 'NONE', 'WORKASPACE' ) );
#3470 = FILL_AREA_STYLE ('',( #1355 ) ) ;
#3471 = FILL_AREA_STYLE ('',( #1839 ) ) ;
#3472 = EDGE_CURVE ( 'NONE', #1251, #1307, #3786, .T. ) ;
#3473 = PLANE ( 'NONE',  #2604 ) ;
#3474 = EDGE_CURVE ( 'NONE', #1042, #103, #2781, .T. ) ;
#3475 = UNCERTAINTY_MEASURE_WITH_UNIT (LENGTH_MEASURE( 1.000000000000000082E-05 ), #493, 'distance_accuracy_value', 'NONE');
#3476 = VERTEX_POINT ( 'NONE', #5202 ) ;
#3477 = ORIENTED_EDGE ( 'NONE', *, *, #4654, .T. ) ;
#3478 =( GEOMETRIC_REPRESENTATION_CONTEXT ( 3 ) GLOBAL_UNCERTAINTY_ASSIGNED_CONTEXT ( ( #3066 ) ) GLOBAL_UNIT_ASSIGNED_CONTEXT ( ( #3706, #5346, #3277 ) ) REPRESENTATION_CONTEXT ( 'NONE', 'WORKASPACE' ) );
#3479 = FILL_AREA_STYLE_COLOUR ( '', #1884 ) ;
#3480 = ORIENTED_EDGE ( 'NONE', *, *, #3369, .T. ) ;
#3481 = SURFACE_STYLE_USAGE ( .BOTH. , #4697 ) ;
#3482 = DIRECTION ( 'NONE',  ( 0.000000000000000000, 0.000000000000000000, -1.000000000000000000 ) ) ;
#3483 = VECTOR ( 'NONE', #4514, 1000.000000000000000 ) ;
#3484 = CARTESIAN_POINT ( 'NONE',  ( -0.3133128162803870409, -0.008707710573945707383, -1.089999999999999414 ) ) ;
#3485 =( NAMED_UNIT ( * ) SI_UNIT ( $, .STERADIAN. ) SOLID_ANGLE_UNIT ( ) );
#3486 = VECTOR ( 'NONE', #3656, 1000.000000000000000 ) ;
#3487 = FACE_OUTER_BOUND ( 'NONE', #2588, .T. ) ;
#3488 = SURFACE_SIDE_STYLE ('',( #4422 ) ) ;
#3489 =( LENGTH_UNIT ( ) NAMED_UNIT ( * ) SI_UNIT ( .MILLI., .METRE. ) );
#3490 = CARTESIAN_POINT ( 'NONE',  ( -2.350000000000000089, -1.000000000000000000, 5.421010862427522170E-17 ) ) ;
#3491 = FACE_OUTER_BOUND ( 'NONE', #77, .T. ) ;
#3492 = FILL_AREA_STYLE ('',( #573 ) ) ;
#3493 = COLOUR_RGB ( '',0.7529411764705882248, 0.7529411764705882248, 0.7529411764705882248 ) ;
#3494 = ORIENTED_EDGE ( 'NONE', *, *, #4833, .T. ) ;
#3495 =( NAMED_UNIT ( * ) SI_UNIT ( $, .STERADIAN. ) SOLID_ANGLE_UNIT ( ) );
#3496 = STYLED_ITEM ( 'NONE', ( #2524 ), #3923 ) ;
#3497 = CARTESIAN_POINT ( 'NONE',  ( -0.2544516345379532196, -0.06637733229117596945, -1.088999999999999968 ) ) ;
#3498 = PLANE ( 'NONE',  #3074 ) ;
#3499 = VECTOR ( 'NONE', #2367, 999.9999999999998863 ) ;
#3500 = AXIS2_PLACEMENT_3D ( 'NONE', #221, #5205, #2290 ) ;
#3501 = CARTESIAN_POINT ( 'NONE',  ( -1.550000000000000044, -1.000000000000000000, -1.190000000000000169 ) ) ;
#3502 = DIRECTION ( 'NONE',  ( -1.000000000000000000, 0.000000000000000000, 0.000000000000000000 ) ) ;
#3503 = ORIENTED_EDGE ( 'NONE', *, *, #3738, .F. ) ;
#3504 = ADVANCED_FACE ( 'NONE', ( #945 ), #550, .F. ) ;
#3505 = PRESENTATION_LAYER_ASSIGNMENT (  '', '', ( #4078 ) ) ;
#3506 = LINE ( 'NONE', #938, #359 ) ;
#3507 = CARTESIAN_POINT ( 'NONE',  ( 0.05393243197297852703, 0.1004648728294579157, -1.089000000000000190 ) ) ;
#3508 = UNCERTAINTY_MEASURE_WITH_UNIT (LENGTH_MEASURE( 1.000000000000000082E-05 ), #3040, 'distance_accuracy_value', 'NONE');
#3509 = CARTESIAN_POINT ( 'NONE',  ( -1.083775276098227103, 2.114754756274095371, 1.089000000000000190 ) ) ;
#3510 = CARTESIAN_POINT ( 'NONE',  ( -0.2867226525476406218, 0.001902802844222915846, -1.090000000000000080 ) ) ;
#3511 = DIRECTION ( 'NONE',  ( 0.000000000000000000, -1.000000000000000000, 0.000000000000000000 ) ) ;
#3512 = COLOUR_RGB ( '',0.7529411764705882248, 0.7529411764705882248, 0.7529411764705882248 ) ;
#3513 = CARTESIAN_POINT ( 'NONE',  ( -2.649999999999999911, 1.000000000000000000, -0.2999999999999998779 ) ) ;
#3514 = CARTESIAN_POINT ( 'NONE',  ( 0.03810162047439787786, 0.07072884952070784825, -1.088999999999999968 ) ) ;
#3515 = COLOUR_RGB ( '',0.7529411764705882248, 0.7529411764705882248, 0.7529411764705882248 ) ;
#3516 = SURFACE_STYLE_FILL_AREA ( #2751 ) ;
#3517 = DIRECTION ( 'NONE',  ( -0.9848077530122080203, 0.000000000000000000, 0.1736481776669307198 ) ) ;
#3518 = VERTEX_POINT ( 'NONE', #3052 ) ;
#3519 = CARTESIAN_POINT ( 'NONE',  ( -0.3134711473997945919, -0.001303067715583582607, -1.088999999999999968 ) ) ;
#3520 = LINE ( 'NONE', #2951, #2413 ) ;
#3521 = ORIENTED_EDGE ( 'NONE', *, *, #4413, .T. ) ;
#3522 = MECHANICAL_DESIGN_GEOMETRIC_PRESENTATION_REPRESENTATION (  '', ( #4928 ), #519 ) ;
#3523 = CARTESIAN_POINT ( 'NONE',  ( -0.2908165514343871161, 0.06674499686594492776, -1.090000000000000302 ) ) ;
#3524 = CARTESIAN_POINT ( 'NONE',  ( -0.2117503858377091375, 0.07794938693723331424, -1.089000000000000412 ) ) ;
#3525 = CARTESIAN_POINT ( 'NONE',  ( -2.249999999999999556, 1.809999999999999387, 0.000000000000000000 ) ) ;
#3526 = SURFACE_STYLE_FILL_AREA ( #2459 ) ;
#3527 = ADVANCED_FACE ( 'NONE', ( #2311 ), #2211, .T. ) ;
#3528 = PLANE ( 'NONE',  #1185 ) ;
#3529 = DIRECTION ( 'NONE',  ( 1.000000000000000000, 0.000000000000000000, 0.000000000000000000 ) ) ;
#3530 = CARTESIAN_POINT ( 'NONE',  ( -0.1525763110842260073, 0.09995920528324733767, -1.089000000000000190 ) ) ;
#3531 = DIRECTION ( 'NONE',  ( -0.9406672605435402179, 0.3393303772748785252, 0.000000000000000000 ) ) ;
#3532 =( GEOMETRIC_REPRESENTATION_CONTEXT ( 3 ) GLOBAL_UNCERTAINTY_ASSIGNED_CONTEXT ( ( #257 ) ) GLOBAL_UNIT_ASSIGNED_CONTEXT ( ( #3779, #463, #892 ) ) REPRESENTATION_CONTEXT ( 'NONE', 'WORKASPACE' ) );
#3533 = CARTESIAN_POINT ( 'NONE',  ( -0.2090168598647138554, 0.09995920528324733767, -1.089000000000000190 ) ) ;
#3534 = SURFACE_SIDE_STYLE ('',( #3593 ) ) ;
#3535 = EDGE_LOOP ( 'NONE', ( #2936, #1499, #445, #2519 ) ) ;
#3536 = MECHANICAL_DESIGN_GEOMETRIC_PRESENTATION_REPRESENTATION (  '', ( #5417 ), #2704 ) ;
#3537 = SURFACE_STYLE_FILL_AREA ( #5204 ) ;
#3538 = CYLINDRICAL_SURFACE ( 'NONE', #1529, 0.06999999999999990952 ) ;
#3539 = CARTESIAN_POINT ( 'NONE',  ( -2.350000000000000089, 1.000000000000000000, -1.190000000000000169 ) ) ;
#3540 = UNCERTAINTY_MEASURE_WITH_UNIT (LENGTH_MEASURE( 1.000000000000000082E-05 ), #3924, 'distance_accuracy_value', 'NONE');
#3541 = CARTESIAN_POINT ( 'NONE',  ( -0.1794055793769089580, -0.07808957520455758750, -1.089000000000000190 ) ) ;
#3542 = EDGE_CURVE ( 'NONE', #4854, #1046, #1792, .T. ) ;
#3543 = ORIENTED_EDGE ( 'NONE', *, *, #1571, .F. ) ;
#3544 = SURFACE_SIDE_STYLE ('',( #827 ) ) ;
#3545 = PRESENTATION_STYLE_ASSIGNMENT (( #512 ) ) ;
#3546 = CARTESIAN_POINT ( 'NONE',  ( -0.2126912326779837326, 0.09987730689273084661, -1.089000000000000190 ) ) ;
#3547 = STYLED_ITEM ( 'NONE', ( #3334 ), #781 ) ;
#3548 = CARTESIAN_POINT ( 'NONE',  ( -0.3063127689652654362, -0.03942011314589982662, -1.090000000000000302 ) ) ;
#3549 = SURFACE_STYLE_USAGE ( .BOTH. , #1494 ) ;
#3550 = EDGE_CURVE ( 'NONE', #1021, #103, #2856, .T. ) ;
#3551 = PLANE ( 'NONE',  #734 ) ;
#3552 = FACE_OUTER_BOUND ( 'NONE', #4182, .T. ) ;
#3553 = ADVANCED_FACE ( 'NONE', ( #1086 ), #2656, .F. ) ;
#3554 = CARTESIAN_POINT ( 'NONE',  ( -2.249999999999999556, 1.653068987169465265, -0.8900000000000000133 ) ) ;
#3555 = LINE ( 'NONE', #256, #4660 ) ;
#3556 = ORIENTED_EDGE ( 'NONE', *, *, #477, .F. ) ;
#3557 = SURFACE_SIDE_STYLE ('',( #1574 ) ) ;
#3558 = CARTESIAN_POINT ( 'NONE',  ( 0.07207221653083581425, -0.1017515277951958758, -1.090000000000000080 ) ) ;
#3559 = COLOUR_RGB ( '',0.7529411764705882248, 0.7529411764705882248, 0.7529411764705882248 ) ;
#3560 = SURFACE_SIDE_STYLE ('',( #555 ) ) ;
#3561 = PLANE ( 'NONE',  #4451 ) ;
#3562 = VECTOR ( 'NONE', #5118, 1000.000000000000000 ) ;
#3563 = VERTEX_POINT ( 'NONE', #3510 ) ;
#3564 = ORIENTED_EDGE ( 'NONE', *, *, #4569, .F. ) ;
#3565 =( NAMED_UNIT ( * ) PLANE_ANGLE_UNIT ( ) SI_UNIT ( $, .RADIAN. ) );
#3566 = LINE ( 'NONE', #2803, #2259 ) ;
#3567 = CARTESIAN_POINT ( 'NONE',  ( 0.08412338403772524897, -0.08052859959480147822, -1.089000000000000190 ) ) ;
#3568 = STYLED_ITEM ( 'NONE', ( #1267 ), #3754 ) ;
#3569 = DIRECTION ( 'NONE',  ( 0.000000000000000000, -1.000000000000000000, 0.000000000000000000 ) ) ;
#3570 = PRESENTATION_LAYER_ASSIGNMENT (  '', '', ( #1127 ) ) ;
#3571 = SURFACE_SIDE_STYLE ('',( #4268 ) ) ;
#3572 = UNCERTAINTY_MEASURE_WITH_UNIT (LENGTH_MEASURE( 1.000000000000000082E-05 ), #5298, 'distance_accuracy_value', 'NONE');
#3573 = CARTESIAN_POINT ( 'NONE',  ( -0.2069589330354454915, -0.1000407947167527012, -1.089999999999999636 ) ) ;
#3574 = EDGE_CURVE ( 'NONE', #1796, #4899, #4288, .T. ) ;
#3575 = EDGE_CURVE ( 'NONE', #2696, #5367, #836, .T. ) ;
#3576 = CARTESIAN_POINT ( 'NONE',  ( -2.350000000000000089, 1.000000000000000000, -0.8900000000000001243 ) ) ;
#3577 = FACE_OUTER_BOUND ( 'NONE', #1297, .T. ) ;
#3578 = ORIENTED_EDGE ( 'NONE', *, *, #2151, .F. ) ;
#3579 = EDGE_LOOP ( 'NONE', ( #2354, #5275, #522, #1979 ) ) ;
#3580 =( GEOMETRIC_REPRESENTATION_CONTEXT ( 3 ) GLOBAL_UNCERTAINTY_ASSIGNED_CONTEXT ( ( #1634 ) ) GLOBAL_UNIT_ASSIGNED_CONTEXT ( ( #1248, #3308, #1210 ) ) REPRESENTATION_CONTEXT ( 'NONE', 'WORKASPACE' ) );
#3581 = SURFACE_STYLE_USAGE ( .BOTH. , #3560 ) ;
#3582 = CARTESIAN_POINT ( 'NONE',  ( 0.07298998666043493566, 0.1023490187734334700, -1.090000000000000080 ) ) ;
#3583 = CARTESIAN_POINT ( 'NONE',  ( 0.1285306768880462025, 0.06341043303323495861, -1.089999999999999858 ) ) ;
#3584 = ADVANCED_FACE ( 'NONE', ( #1669 ), #2318, .T. ) ;
#3585 = VERTEX_POINT ( 'NONE', #5254 ) ;
#3586 = CARTESIAN_POINT ( 'NONE',  ( 0.1717969299867774247, -0.05268801876074576118, -1.089999999999999858 ) ) ;
#3587 = ORIENTED_EDGE ( 'NONE', *, *, #3990, .T. ) ;
#3588 = DIRECTION ( 'NONE',  ( -0.000000000000000000, -1.000000000000000000, -0.000000000000000000 ) ) ;
#3589 =( GEOMETRIC_REPRESENTATION_CONTEXT ( 3 ) GLOBAL_UNCERTAINTY_ASSIGNED_CONTEXT ( ( #3820 ) ) GLOBAL_UNIT_ASSIGNED_CONTEXT ( ( #2024, #2870, #4137 ) ) REPRESENTATION_CONTEXT ( 'NONE', 'WORKASPACE' ) );
#3590 = CARTESIAN_POINT ( 'NONE',  ( -0.2785009940182866517, 0.04196576956510817552, -1.090000000000000080 ) ) ;
#3591 = CARTESIAN_POINT ( 'NONE',  ( -0.2590205867873299206, -0.08927152050773021208, -1.088999999999999968 ) ) ;
#3592 = SURFACE_STYLE_FILL_AREA ( #3470 ) ;
#3593 = SURFACE_STYLE_FILL_AREA ( #1834 ) ;
#3594 = DIRECTION ( 'NONE',  ( -0.000000000000000000, -0.000000000000000000, -1.000000000000000000 ) ) ;
#3595 = EDGE_CURVE ( 'NONE', #3904, #5416, #1409, .T. ) ;
#3596 = CARTESIAN_POINT ( 'NONE',  ( 0.1202589598217402717, 0.09529749084638869383, -1.088999999999999968 ) ) ;
#3597 = CARTESIAN_POINT ( 'NONE',  ( -0.3134720872615686660, 0.006099842499883164661, -1.090000000000000080 ) ) ;
#3598 = FACE_OUTER_BOUND ( 'NONE', #2554, .T. ) ;
#3599 = CARTESIAN_POINT ( 'NONE',  ( -0.2108108614239064260, -0.07802443342119971814, -1.089000000000000190 ) ) ;
#3600 = CARTESIAN_POINT ( 'NONE',  ( -2.249999999999999556, 1.809999999999999387, 0.000000000000000000 ) ) ;
#3601 = STYLED_ITEM ( 'NONE', ( #5157 ), #3952 ) ;
#3602 = CARTESIAN_POINT ( 'NONE',  ( 0.1535865244939644547, 0.01571731292181339015, -1.088999999999999968 ) ) ;
#3603 = ORIENTED_EDGE ( 'NONE', *, *, #1765, .F. ) ;
#3604 =( NAMED_UNIT ( * ) SI_UNIT ( $, .STERADIAN. ) SOLID_ANGLE_UNIT ( ) );
#3605 = CARTESIAN_POINT ( 'NONE',  ( 2.350000000000000089, 1.000000000000000000, -0.2300000000000000100 ) ) ;
#3606 = PLANE ( 'NONE',  #4113 ) ;
#3607 = ORIENTED_EDGE ( 'NONE', *, *, #1043, .F. ) ;
#3608 = CARTESIAN_POINT ( 'NONE',  ( -0.2537674607634364810, 0.06738164047184180827, -1.088999999999999968 ) ) ;
#3609 = CARTESIAN_POINT ( 'NONE',  ( -0.2761365894953509703, -0.07867929292331969637, -1.089000000000000412 ) ) ;
#3610 = ADVANCED_FACE ( 'NONE', ( #2391 ), #2765, .T. ) ;
#3611 = STYLED_ITEM ( 'NONE', ( #3841 ), #2934 ) ;
#3612 = COLOUR_RGB ( '',0.7529411764705882248, 0.7529411764705882248, 0.7529411764705882248 ) ;
#3613 = CARTESIAN_POINT ( 'NONE',  ( -0.03306411596227474409, -0.009796892277728305384, -1.090000000000000080 ) ) ;
#3614 = EDGE_CURVE ( 'NONE', #1046, #4540, #3428, .T. ) ;
#3615 = CARTESIAN_POINT ( 'NONE',  ( -0.2333203320300569761, -0.07526767509339563067, -1.089000000000000190 ) ) ;
#3616 = SURFACE_SIDE_STYLE ('',( #4272 ) ) ;
#3617 = VECTOR ( 'NONE', #837, 1000.000000000000114 ) ;
#3618 = VECTOR ( 'NONE', #4330, 1000.000000000000000 ) ;
#3619 =( NAMED_UNIT ( * ) SI_UNIT ( $, .STERADIAN. ) SOLID_ANGLE_UNIT ( ) );
#3620 =( NAMED_UNIT ( * ) PLANE_ANGLE_UNIT ( ) SI_UNIT ( $, .RADIAN. ) );
#3621 = MECHANICAL_DESIGN_GEOMETRIC_PRESENTATION_REPRESENTATION (  '', ( #651 ), #3589 ) ;
#3622 = CARTESIAN_POINT ( 'NONE',  ( 0.1781664609704672608, -0.03469155070478787545, -1.089000000000000190 ) ) ;
#3623 = FILL_AREA_STYLE_COLOUR ( '', #1407 ) ;
#3624 = CARTESIAN_POINT ( 'NONE',  ( -0.2404433384813437491, 0.07337215374915055655, -1.089999999999999636 ) ) ;
#3625 = EDGE_CURVE ( 'NONE', #2100, #1251, #1180, .T. ) ;
#3626 = CARTESIAN_POINT ( 'NONE',  ( -2.249999999999999556, -1.617803591027773269, 1.090000000000000080 ) ) ;
#3627 = LINE ( 'NONE', #3688, #3729 ) ;
#3628 = VECTOR ( 'NONE', #3588, 1000.000000000000000 ) ;
#3629 = COLOUR_RGB ( '',0.7529411764705882248, 0.7529411764705882248, 0.7529411764705882248 ) ;
#3630 = CARTESIAN_POINT ( 'NONE',  ( 0.1655748005361056263, 0.05756047676315498990, -1.089000000000000190 ) ) ;
#3631 = ORIENTED_EDGE ( 'NONE', *, *, #443, .T. ) ;
#3632 = ORIENTED_EDGE ( 'NONE', *, *, #1590, .F. ) ;
#3633 = CARTESIAN_POINT ( 'NONE',  ( 0.000000000000000000, 0.000000000000000000, 1.090000000000000080 ) ) ;
#3634 = ORIENTED_EDGE ( 'NONE', *, *, #2996, .T. ) ;
#3635 = DIRECTION ( 'NONE',  ( 1.000000000000000000, 0.000000000000000000, 0.000000000000000000 ) ) ;
#3636 = VERTEX_POINT ( 'NONE', #3193 ) ;
#3637 = DIRECTION ( 'NONE',  ( -0.000000000000000000, 0.000000000000000000, 1.000000000000000000 ) ) ;
#3638 =( NAMED_UNIT ( * ) SI_UNIT ( $, .STERADIAN. ) SOLID_ANGLE_UNIT ( ) );
#3639 = AXIS2_PLACEMENT_3D ( 'NONE', #4573, #880, #5092 ) ;
#3640 = VECTOR ( 'NONE', #4583, 1000.000000000000000 ) ;
#3641 = CARTESIAN_POINT ( 'NONE',  ( -0.2089025305964211376, 0.07800798577105219622, -1.090000000000000080 ) ) ;
#3642 = ORIENTED_EDGE ( 'NONE', *, *, #4589, .F. ) ;
#3643 = UNCERTAINTY_MEASURE_WITH_UNIT (LENGTH_MEASURE( 1.000000000000000082E-05 ), #4107, 'distance_accuracy_value', 'NONE');
#3644 = ORIENTED_EDGE ( 'NONE', *, *, #3906, .F. ) ;
#3645 = ORIENTED_EDGE ( 'NONE', *, *, #1620, .F. ) ;
#3646 = CARTESIAN_POINT ( 'NONE',  ( -0.2089025305964211376, 0.07800798577105219622, -1.089000000000000190 ) ) ;
#3647 = VECTOR ( 'NONE', #3594, 1000.000000000000000 ) ;
#3648 = CARTESIAN_POINT ( 'NONE',  ( -0.1525763110842260073, 0.09995920528324733767, -1.090000000000000080 ) ) ;
#3649 = ORIENTED_EDGE ( 'NONE', *, *, #1081, .F. ) ;
#3650 = EDGE_CURVE ( 'NONE', #752, #5059, #3555, .T. ) ;
#3651 = EDGE_CURVE ( 'NONE', #1577, #866, #2454, .T. ) ;
#3652 = CARTESIAN_POINT ( 'NONE',  ( 0.1291785270415127529, 0.09114803956437290966, -1.089999999999999192 ) ) ;
#3653 = ORIENTED_EDGE ( 'NONE', *, *, #2407, .F. ) ;
#3654 = COLOUR_RGB ( '',0.7529411764705882248, 0.7529411764705882248, 0.7529411764705882248 ) ;
#3655 = SURFACE_SIDE_STYLE ('',( #2598 ) ) ;
#3656 = DIRECTION ( 'NONE',  ( -0.000000000000000000, -0.000000000000000000, -1.000000000000000000 ) ) ;
#3657 = ORIENTED_EDGE ( 'NONE', *, *, #2238, .T. ) ;
#3658 = STYLED_ITEM ( 'NONE', ( #2937 ), #857 ) ;
#3659 = CARTESIAN_POINT ( 'NONE',  ( -0.4163339330354455248, 0.07556896138080829162, -1.090000000000000080 ) ) ;
#3660 = LINE ( 'NONE', #3991, #182 ) ;
#3661 = B_SPLINE_SURFACE_WITH_KNOTS ( 'NONE', 3, 1, ( 
 ( #2499, #4532 ),
 ( #4183, #2518 ),
 ( #2897, #4967 ),
 ( #2067, #5008 ),
 ( #327, #772 ),
 ( #2172, #1337 ),
 ( #3777, #2539 ),
 ( #27, #2954 ),
 ( #874, #3401 ),
 ( #1276, #2155 ),
 ( #57, #4228 ),
 ( #2968, #1296 ),
 ( #1716, #859 ),
 ( #440, #1734 ),
 ( #5060, #2114 ),
 ( #920, #2984 ),
 ( #3360, #2557 ),
 ( #4665, #5116 ),
 ( #902, #3382 ) ),
 .UNSPECIFIED., .F., .F., .F.,
 ( 4, 1, 1, 1, 1, 1, 1, 1, 1, 1, 1, 1, 1, 1, 1, 1, 4 ),
 ( 2, 2 ),
 ( 0.000000000000000000, 0.07377411937406359865, 0.1440791147260413463, 0.2113485183089115205, 0.2760768857398838150, 0.3385209158196766377, 0.3998851166931335910, 0.4602540674652130792, 0.5205889643912479103, 0.5802076845630442792, 0.6386329085525459526, 0.6963645494905239541, 0.7540017746600128357, 0.8128056813744979348, 0.8727544255255602623, 0.9351819969782669828, 0.9999999999999998890 ),
 ( 0.000000000000000000, 1.000000000000000000 ),
 .UNSPECIFIED. ) ;
#3662 = VERTEX_POINT ( 'NONE', #2378 ) ;
#3663 = CARTESIAN_POINT ( 'NONE',  ( 0.1495357382814162528, -0.08182582286850287323, -1.089000000000000412 ) ) ;
#3664 = CARTESIAN_POINT ( 'NONE',  ( -0.2704083743074141011, 0.05395321860396124630, -1.089999999999999858 ) ) ;
#3665 = EDGE_CURVE ( 'NONE', #4469, #5408, #489, .T. ) ;
#3666 = CARTESIAN_POINT ( 'NONE',  ( -0.2537674607634364810, 0.06738164047184180827, -1.089999999999999858 ) ) ;
#3667 = ADVANCED_FACE ( 'NONE', ( #2716 ), #1560, .T. ) ;
#3668 = CARTESIAN_POINT ( 'NONE',  ( 0.1596959403011123380, 0.06576873872061188286, -1.089000000000000190 ) ) ;
#3669 = B_SPLINE_SURFACE_WITH_KNOTS ( 'NONE', 3, 1, ( 
 ( #2104, #3363 ),
 ( #60, #3420 ),
 ( #875, #2117 ),
 ( #2176, #2132 ),
 ( #1702, #2522 ),
 ( #1299, #4231 ),
 ( #3345, #3798 ),
 ( #5103, #5063 ),
 ( #1279, #4214 ),
 ( #862, #4197 ),
 ( #481, #3404 ) ),
 .UNSPECIFIED., .F., .F., .F.,
 ( 4, 1, 1, 1, 1, 1, 1, 1, 4 ),
 ( 2, 2 ),
 ( 0.000000000000000000, 0.1352946047634290272, 0.2667656579247485449, 0.3948160188358720846, 0.5200516544342452807, 0.6421757029708213826, 0.7626518205584228438, 0.8818340043805019679, 1.000000000000000000 ),
 ( 0.000000000000000000, 1.000000000000000000 ),
 .UNSPECIFIED. ) ;
#3670 = VECTOR ( 'NONE', #2304, 1000.000000000000000 ) ;
#3671 = SURFACE_SIDE_STYLE ('',( #557 ) ) ;
#3672 = B_SPLINE_CURVE_WITH_KNOTS ( 'NONE', 3,
 ( #3659, #2402, #1630, #2865, #4544, #1152, #340 ),
 .UNSPECIFIED., .F., .F.,
 ( 4, 1, 1, 1, 4 ),
 ( 0.000000000000000000, 0.3005411131585078444, 0.5677471464835985859, 0.8000336137369795653, 1.000000000000000000 ),
 .UNSPECIFIED. ) ;
#3673 = DIRECTION ( 'NONE',  ( 0.000000000000000000, 0.000000000000000000, -1.000000000000000000 ) ) ;
#3674 = MECHANICAL_DESIGN_GEOMETRIC_PRESENTATION_REPRESENTATION (  '', ( #3496 ), #3892 ) ;
#3675 = CARTESIAN_POINT ( 'NONE',  ( 0.1815700303791886738, -0.003813660570411222129, -1.090000000000000080 ) ) ;
#3676 = DIRECTION ( 'NONE',  ( 1.000000000000000000, 0.000000000000000000, 0.000000000000000000 ) ) ;
#3677 = EDGE_LOOP ( 'NONE', ( #2249, #3758, #4045, #4254 ) ) ;
#3678 = CARTESIAN_POINT ( 'NONE',  ( 0.2742529572084569933, 0.09995920528324733767, -1.089000000000000190 ) ) ;
#3679 = SURFACE_STYLE_USAGE ( .BOTH. , #5317 ) ;
#3680 = SURFACE_SIDE_STYLE ('',( #3701 ) ) ;
#3681 = EDGE_CURVE ( 'NONE', #5281, #3814, #5330, .T. ) ;
#3682 = CARTESIAN_POINT ( 'NONE',  ( -0.1135519208403235752, -0.1000407947167527012, -1.089000000000000190 ) ) ;
#3683 = CARTESIAN_POINT ( 'NONE',  ( -0.2292615112335773808, -0.09844010433421490625, -1.089000000000000412 ) ) ;
#3684 = VECTOR ( 'NONE', #3635, 1000.000000000000000 ) ;
#3685 = FILL_AREA_STYLE_COLOUR ( '', #569 ) ;
#3686 = STYLED_ITEM ( 'NONE', ( #4873 ), #3139 ) ;
#3687 = ORIENTED_EDGE ( 'NONE', *, *, #4989, .F. ) ;
#3688 = CARTESIAN_POINT ( 'NONE',  ( -0.3574543598647138554, -0.1000407947167527012, -1.089000000000000190 ) ) ;
#3689 = LINE ( 'NONE', #4652, #2531 ) ;
#3690 = CARTESIAN_POINT ( 'NONE',  ( -2.249999999999999556, -1.810000000000000719, 0.000000000000000000 ) ) ;
#3691 = FILL_AREA_STYLE_COLOUR ( '', #4592 ) ;
#3692 =( NAMED_UNIT ( * ) SI_UNIT ( $, .STERADIAN. ) SOLID_ANGLE_UNIT ( ) );
#3693 = CARTESIAN_POINT ( 'NONE',  ( 0.07962643281821303598, 0.08044701016129608695, -1.090000000000000080 ) ) ;
#3694 = VECTOR ( 'NONE', #344, 1000.000000000000000 ) ;
#3695 = COLOUR_RGB ( '',0.7529411764705882248, 0.7529411764705882248, 0.7529411764705882248 ) ;
#3696 = VECTOR ( 'NONE', #13, 1000.000000000000114 ) ;
#3697 = DIRECTION ( 'NONE',  ( -0.000000000000000000, -0.000000000000000000, -1.000000000000000000 ) ) ;
#3698 = ORIENTED_EDGE ( 'NONE', *, *, #4247, .F. ) ;
#3699 =( LENGTH_UNIT ( ) NAMED_UNIT ( * ) SI_UNIT ( .MILLI., .METRE. ) );
#3700 = ORIENTED_EDGE ( 'NONE', *, *, #546, .T. ) ;
#3701 = SURFACE_STYLE_FILL_AREA ( #2019 ) ;
#3702 = EDGE_CURVE ( 'NONE', #2983, #4384, #4336, .T. ) ;
#3703 = CARTESIAN_POINT ( 'NONE',  ( -0.2708262686707254008, -0.05159687016249910052, -1.089999999999999858 ) ) ;
#3704 = CARTESIAN_POINT ( 'NONE',  ( 0.1455816344584628663, 0.08014380522492359216, -1.088999999999999968 ) ) ;
#3705 = ORIENTED_EDGE ( 'NONE', *, *, #2641, .F. ) ;
#3706 =( LENGTH_UNIT ( ) NAMED_UNIT ( * ) SI_UNIT ( .MILLI., .METRE. ) );
#3707 = ORIENTED_EDGE ( 'NONE', *, *, #3847, .T. ) ;
#3708 = B_SPLINE_CURVE_WITH_KNOTS ( 'NONE', 3,
 ( #2, #2991, #3370, #4641, #34, #4188, #1705 ),
 .UNSPECIFIED., .F., .F.,
 ( 4, 1, 1, 1, 4 ),
 ( 0.000000000000000000, 0.1744817153170503676, 0.3982857591281118714, 0.6738978473986658724, 0.9999999999999998890 ),
 .UNSPECIFIED. ) ;
#3709 = DIRECTION ( 'NONE',  ( 0.000000000000000000, 0.000000000000000000, -1.000000000000000000 ) ) ;
#3710 = SURFACE_SIDE_STYLE ('',( #1528 ) ) ;
#3711 = PRESENTATION_LAYER_ASSIGNMENT (  '', '', ( #5126 ) ) ;
#3712 = CARTESIAN_POINT ( 'NONE',  ( 0.1705001834987484310, 0.04874010918436975232, -1.090000000000000080 ) ) ;
#3713 = ORIENTED_EDGE ( 'NONE', *, *, #2220, .F. ) ;
#3714 = UNCERTAINTY_MEASURE_WITH_UNIT (LENGTH_MEASURE( 1.000000000000000082E-05 ), #3268, 'distance_accuracy_value', 'NONE');
#3715 = B_SPLINE_SURFACE_WITH_KNOTS ( 'NONE', 3, 1, ( 
 ( #735, #4884 ),
 ( #712, #2809 ),
 ( #1138, #1090 ),
 ( #2365, #1981 ),
 ( #2793, #4072 ),
 ( #1154, #4478 ),
 ( #4905, #4840 ),
 ( #309, #753 ),
 ( #3663, #4093 ),
 ( #5357, #1583 ),
 ( #4502, #2421 ),
 ( #241, #3160 ),
 ( #668, #3586 ),
 ( #2477, #2866 ),
 ( #4566, #4149 ),
 ( #2035, #2847 ),
 ( #382, #2460 ),
 ( #3717, #3306 ),
 ( #4944, #1172 ) ),
 .UNSPECIFIED., .F., .F., .F.,
 ( 4, 1, 1, 1, 1, 1, 1, 1, 1, 1, 1, 1, 1, 1, 1, 1, 4 ),
 ( 2, 2 ),
 ( 0.000000000000000000, 0.06783324845577361206, 0.1326555365079041815, 0.1950508840508279329, 0.2555829330687772738, 0.3147998341472899586, 0.3736004728263744856, 0.4325455953267435261, 0.4924306292835653465, 0.5526712559629696209, 0.6125130441881164733, 0.6726102503570065005, 0.7338383693139460817, 0.7965942385677740045, 0.8614497992905733037, 0.9291989423509054991, 1.000000000000000000 ),
 ( 0.000000000000000000, 1.000000000000000000 ),
 .UNSPECIFIED. ) ;
#3716 =( NAMED_UNIT ( * ) SI_UNIT ( $, .STERADIAN. ) SOLID_ANGLE_UNIT ( ) );
#3717 = CARTESIAN_POINT ( 'NONE',  ( 0.1815075206808278996, -0.007437953709782324681, -1.089000000000000190 ) ) ;
#3718 = STYLED_ITEM ( 'NONE', ( #285 ), #4903 ) ;
#3719 =( NAMED_UNIT ( * ) PLANE_ANGLE_UNIT ( ) SI_UNIT ( $, .RADIAN. ) );
#3720 = PLANE ( 'NONE',  #1850 ) ;
#3721 = SURFACE_STYLE_FILL_AREA ( #2646 ) ;
#3722 = ORIENTED_EDGE ( 'NONE', *, *, #2042, .T. ) ;
#3723 = PRESENTATION_LAYER_ASSIGNMENT (  '', '', ( #4721 ) ) ;
#3724 = CARTESIAN_POINT ( 'NONE',  ( 0.3010822255011399440, -0.1000407947167527012, -1.090000000000000080 ) ) ;
#3725 = CARTESIAN_POINT ( 'NONE',  ( -0.4037958232793479874, 0.09995920528324733767, -1.089000000000000190 ) ) ;
#3726 = B_SPLINE_SURFACE_WITH_KNOTS ( 'NONE', 3, 1, ( 
 ( #1288, #5054 ),
 ( #1706, #1308 ),
 ( #470, #4629 ),
 ( #3767, #2124 ),
 ( #22, #3783 ),
 ( #4236, #2565 ),
 ( #3741, #2925 ),
 ( #3390, #897 ),
 ( #3821, #1725 ),
 ( #1695, #4642 ),
 ( #2142, #67 ),
 ( #391, #3314 ),
 ( #1654, #2076 ),
 ( #5015, #2505 ),
 ( #410, #3331 ),
 ( #1254, #1677 ),
 ( #4593, #3025 ),
 ( #3427, #5139 ),
 ( #82, #3058 ) ),
 .UNSPECIFIED., .F., .F., .F.,
 ( 4, 1, 1, 1, 1, 1, 1, 1, 1, 1, 1, 1, 1, 1, 1, 1, 4 ),
 ( 2, 2 ),
 ( 0.000000000000000000, 0.06863117867660099847, 0.1345664660386766964, 0.1983281540108808028, 0.2607897666408446891, 0.3219991514841584190, 0.3827217465030193222, 0.4435374740357288514, 0.5051334294849249007, 0.5662138747646714432, 0.6261058646175455822, 0.6853493221605165830, 0.7449958703477972399, 0.8054158418145627163, 0.8676362663459531444, 0.9323077823023292465, 1.000000000000000000 ),
 ( 0.000000000000000000, 1.000000000000000000 ),
 .UNSPECIFIED. ) ;
#3727 = EDGE_CURVE ( 'NONE', #1021, #2763, #3221, .T. ) ;
#3728 = VERTEX_POINT ( 'NONE', #2010 ) ;
#3729 = VECTOR ( 'NONE', #766, 1000.000000000000000 ) ;
#3730 = ORIENTED_EDGE ( 'NONE', *, *, #2071, .T. ) ;
#3731 = DIRECTION ( 'NONE',  ( 0.000000000000000000, 0.000000000000000000, -1.000000000000000000 ) ) ;
#3732 = FACE_OUTER_BOUND ( 'NONE', #2066, .T. ) ;
#3733 = MECHANICAL_DESIGN_GEOMETRIC_PRESENTATION_REPRESENTATION (  '', ( #838 ), #4168 ) ;
#3734 = SURFACE_STYLE_USAGE ( .BOTH. , #856 ) ;
#3735 = LINE ( 'NONE', #4070, #264 ) ;
#3736 = CARTESIAN_POINT ( 'NONE',  ( 1.057803591027772327, -2.000000000000000444, -0.8900000000000000133 ) ) ;
#3737 = SURFACE_STYLE_USAGE ( .BOTH. , #4534 ) ;
#3738 = EDGE_CURVE ( 'NONE', #5408, #4203, #150, .T. ) ;
#3739 = FACE_OUTER_BOUND ( 'NONE', #319, .T. ) ;
#3740 = CARTESIAN_POINT ( 'NONE',  ( 2.649999999999999911, 1.000000000000000000, -0.2999999999999999334 ) ) ;
#3741 = CARTESIAN_POINT ( 'NONE',  ( -0.2593352954572555324, 0.08980349748511862185, -1.089000000000000190 ) ) ;
#3742 = VERTEX_POINT ( 'NONE', #4878 ) ;
#3743 = VERTEX_POINT ( 'NONE', #323 ) ;
#3744 = VECTOR ( 'NONE', #2467, 1000.000000000000000 ) ;
#3745 = ORIENTED_EDGE ( 'NONE', *, *, #3738, .T. ) ;
#3746 = UNCERTAINTY_MEASURE_WITH_UNIT (LENGTH_MEASURE( 1.000000000000000082E-05 ), #2063, 'distance_accuracy_value', 'NONE');
#3747 = B_SPLINE_CURVE_WITH_KNOTS ( 'NONE', 3,
 ( #1830, #4765, #2775, #3217, #5337, #3183, #2831, #3235, #3664, #1158, #2424, #3161, #293, #3624, #737, #4039, #4096, #1508, #3641 ),
 .UNSPECIFIED., .F., .F.,
 ( 4, 1, 1, 1, 1, 1, 1, 1, 1, 1, 1, 1, 1, 1, 1, 1, 4 ),
 ( 0.000000000000000000, 0.07430379644281594198, 0.1443936103644179736, 0.2104994961032796985, 0.2735426065034679555, 0.3338247445790732404, 0.3925296724085029498, 0.4500874545995855458, 0.5078206115557879485, 0.5654649127768468508, 0.6231487223336199532, 0.6812971927909358127, 0.7409134981565812517, 0.8018557521958583623, 0.8652412377209435235, 0.9309416570467442531, 1.000000000000000000 ),
 .UNSPECIFIED. ) ;
#3748 = FILL_AREA_STYLE_COLOUR ( '', #3353 ) ;
#3749 =( LENGTH_UNIT ( ) NAMED_UNIT ( * ) SI_UNIT ( .MILLI., .METRE. ) );
#3750 =( GEOMETRIC_REPRESENTATION_CONTEXT ( 3 ) GLOBAL_UNCERTAINTY_ASSIGNED_CONTEXT ( ( #1729 ) ) GLOBAL_UNIT_ASSIGNED_CONTEXT ( ( #3984, #610, #5243 ) ) REPRESENTATION_CONTEXT ( 'NONE', 'WORKASPACE' ) );
#3751 = PRESENTATION_STYLE_ASSIGNMENT (( #3862 ) ) ;
#3752 = PRESENTATION_STYLE_ASSIGNMENT (( #2400 ) ) ;
#3753 = DIRECTION ( 'NONE',  ( 0.000000000000000000, -0.000000000000000000, 1.000000000000000000 ) ) ;
#3754 = ADVANCED_FACE ( 'NONE', ( #4090 ), #2805, .F. ) ;
#3755 = B_SPLINE_SURFACE_WITH_KNOTS ( 'NONE', 3, 1, ( 
 ( #5237, #3176 ),
 ( #1501, #664 ),
 ( #1104, #3582 ),
 ( #1085, #4419 ),
 ( #4030, #1521 ),
 ( #4441, #747 ),
 ( #5311, #2806 ),
 ( #729, #4473 ),
 ( #5289, #1607 ),
 ( #1540, #4460 ),
 ( #2415, #336 ) ),
 .UNSPECIFIED., .F., .F., .F.,
 ( 4, 1, 1, 1, 1, 1, 1, 1, 4 ),
 ( 2, 2 ),
 ( 0.000000000000000000, 0.1451868664724696723, 0.2834426109197301091, 0.4165243659288290767, 0.5431811235350824107, 0.6651530826377128891, 0.7813602063127155217, 0.8927566556418091714, 1.000000000000000000 ),
 ( 0.000000000000000000, 1.000000000000000000 ),
 .UNSPECIFIED. ) ;
#3756 = DIRECTION ( 'NONE',  ( 0.000000000000000000, -1.000000000000000000, 0.000000000000000000 ) ) ;
#3757 = FILL_AREA_STYLE_COLOUR ( '', #1805 ) ;
#3758 = ORIENTED_EDGE ( 'NONE', *, *, #2996, .F. ) ;
#3759 =( GEOMETRIC_REPRESENTATION_CONTEXT ( 3 ) GLOBAL_UNCERTAINTY_ASSIGNED_CONTEXT ( ( #3956 ) ) GLOBAL_UNIT_ASSIGNED_CONTEXT ( ( #5091, #2958, #4220 ) ) REPRESENTATION_CONTEXT ( 'NONE', 'WORKASPACE' ) );
#3760 = DIRECTION ( 'NONE',  ( -0.000000000000000000, -0.000000000000000000, -1.000000000000000000 ) ) ;
#3761 =( LENGTH_UNIT ( ) NAMED_UNIT ( * ) SI_UNIT ( .MILLI., .METRE. ) );
#3762 = VECTOR ( 'NONE', #38, 1000.000000000000000 ) ;
#3763 = EDGE_CURVE ( 'NONE', #2266, #2757, #1783, .T. ) ;
#3764 = ORIENTED_EDGE ( 'NONE', *, *, #4019, .F. ) ;
#3765 = FILL_AREA_STYLE ('',( #1637 ) ) ;
#3766 = EDGE_CURVE ( 'NONE', #4018, #1685, #3156, .T. ) ;
#3767 = CARTESIAN_POINT ( 'NONE',  ( -0.2304604746394582349, 0.09849693610183575532, -1.089000000000000412 ) ) ;
#3768 = VECTOR ( 'NONE', #567, 1000.000000000000000 ) ;
#3769 = VECTOR ( 'NONE', #4503, 1000.000000000000000 ) ;
#3770 = STYLED_ITEM ( 'NONE', ( #1820 ), #400 ) ;
#3771 = DIRECTION ( 'NONE',  ( 0.000000000000000000, 0.000000000000000000, -1.000000000000000000 ) ) ;
#3772 = CARTESIAN_POINT ( 'NONE',  ( 0.05085451492529911161, -0.09759323405575102972, -1.089000000000000190 ) ) ;
#3773 = COLOUR_RGB ( '',0.7529411764705882248, 0.7529411764705882248, 0.7529411764705882248 ) ;
#3774 =( NAMED_UNIT ( * ) SI_UNIT ( $, .STERADIAN. ) SOLID_ANGLE_UNIT ( ) );
#3775 = ORIENTED_EDGE ( 'NONE', *, *, #464, .F. ) ;
#3776 = ORIENTED_EDGE ( 'NONE', *, *, #4733, .F. ) ;
#3777 = CARTESIAN_POINT ( 'NONE',  ( 0.1472440274431901508, -0.04139944356084110377, -1.089000000000000634 ) ) ;
#3778 = SURFACE_SIDE_STYLE ('',( #4726 ) ) ;
#3779 =( LENGTH_UNIT ( ) NAMED_UNIT ( * ) SI_UNIT ( .MILLI., .METRE. ) );
#3780 = SURFACE_STYLE_USAGE ( .BOTH. , #32 ) ;
#3781 = CARTESIAN_POINT ( 'NONE',  ( 0.09910111542164963538, -0.07932286900478324743, -1.089000000000000190 ) ) ;
#3782 =( LENGTH_UNIT ( ) NAMED_UNIT ( * ) SI_UNIT ( .MILLI., .METRE. ) );
#3783 = CARTESIAN_POINT ( 'NONE',  ( -0.2405396432414250996, 0.09638020214007347874, -1.089999999999999414 ) ) ;
#3784 = ORIENTED_EDGE ( 'NONE', *, *, #3990, .F. ) ;
#3785 = PRESENTATION_LAYER_ASSIGNMENT (  '', '', ( #3211 ) ) ;
#3786 = B_SPLINE_CURVE_WITH_KNOTS ( 'NONE', 3,
 ( #5062, #2131, #2611, #5085, #2969, #59, #480, #441, #4348, #3939, #4687, #978, #3032, #3085, #535, #1396, #115, #3524, #4329 ),
 .UNSPECIFIED., .F., .F.,
 ( 4, 1, 1, 1, 1, 1, 1, 1, 1, 1, 1, 1, 1, 1, 1, 1, 4 ),
 ( 0.000000000000000000, 0.07430379644281594198, 0.1443936103644179736, 0.2104994961032796985, 0.2735426065034679555, 0.3338247445790732404, 0.3925296724085029498, 0.4500874545995855458, 0.5078206115557879485, 0.5654649127768468508, 0.6231487223336199532, 0.6812971927909358127, 0.7409134981565812517, 0.8018557521958583623, 0.8652412377209435235, 0.9309416570467442531, 1.000000000000000000 ),
 .UNSPECIFIED. ) ;
#3787 = FILL_AREA_STYLE ('',( #3748 ) ) ;
#3788 =( NAMED_UNIT ( * ) PLANE_ANGLE_UNIT ( ) SI_UNIT ( $, .RADIAN. ) );
#3789 = ORIENTED_EDGE ( 'NONE', *, *, #5145, .T. ) ;
#3790 = FACE_OUTER_BOUND ( 'NONE', #4055, .T. ) ;
#3791 = STYLED_ITEM ( 'NONE', ( #2829 ), #1533 ) ;
#3792 = CARTESIAN_POINT ( 'NONE',  ( -0.4192493947277757260, 0.06416404034490831576, -1.090000000000000524 ) ) ;
#3793 = LINE ( 'NONE', #4210, #4751 ) ;
#3794 = CARTESIAN_POINT ( 'NONE',  ( 0.08765095334115120818, 0.08027446827892720238, -1.089000000000000190 ) ) ;
#3795 = ORIENTED_EDGE ( 'NONE', *, *, #3869, .F. ) ;
#3796 = PRESENTATION_LAYER_ASSIGNMENT (  '', '', ( #4342 ) ) ;
#3797 = CARTESIAN_POINT ( 'NONE',  ( 0.04449272834071547195, -0.09537233233369253604, -1.089000000000000412 ) ) ;
#3798 = CARTESIAN_POINT ( 'NONE',  ( 0.05024509313493250029, -0.07562658899990347405, -1.090000000000000080 ) ) ;
#3799 = PRESENTATION_LAYER_ASSIGNMENT (  '', '', ( #143 ) ) ;
#3800 = CARTESIAN_POINT ( 'NONE',  ( -0.2708262686707254008, -0.05159687016249910052, -1.088999999999999968 ) ) ;
#3801 = CARTESIAN_POINT ( 'NONE',  ( 0.05514724973833244615, 0.07730423520668172621, -1.088999999999999746 ) ) ;
#3802 =( NAMED_UNIT ( * ) SI_UNIT ( $, .STERADIAN. ) SOLID_ANGLE_UNIT ( ) );
#3803 = SURFACE_STYLE_FILL_AREA ( #1631 ) ;
#3804 = CARTESIAN_POINT ( 'NONE',  ( 2.649999999999999911, -1.000000000000000000, -0.2999999999999998779 ) ) ;
#3805 = VERTEX_POINT ( 'NONE', #1151 ) ;
#3806 = APPLICATION_CONTEXT ( 'automotive_design' ) ;
#3807 = PRESENTATION_STYLE_ASSIGNMENT (( #1612 ) ) ;
#3808 = ORIENTED_EDGE ( 'NONE', *, *, #3938, .T. ) ;
#3809 = CARTESIAN_POINT ( 'NONE',  ( 0.1496747918391899967, 0.03184450062885229443, -1.089000000000000634 ) ) ;
#3810 = LINE ( 'NONE', #1904, #2694 ) ;
#3811 = VECTOR ( 'NONE', #347, 1000.000000000000000 ) ;
#3812 = CARTESIAN_POINT ( 'NONE',  ( 0.05085451492529911161, -0.09759323405575102972, -1.089000000000000190 ) ) ;
#3813 = CARTESIAN_POINT ( 'NONE',  ( -0.4501753964500797012, -0.02199201422894781627, -1.089000000000000190 ) ) ;
#3814 = VERTEX_POINT ( 'NONE', #3690 ) ;
#3815 = EDGE_CURVE ( 'NONE', #1480, #2573, #2907, .T. ) ;
#3816 =( NAMED_UNIT ( * ) PLANE_ANGLE_UNIT ( ) SI_UNIT ( $, .RADIAN. ) );
#3817 = DIRECTION ( 'NONE',  ( -0.000000000000000000, -0.000000000000000000, -1.000000000000000000 ) ) ;
#3818 = PRESENTATION_STYLE_ASSIGNMENT (( #2233 ) ) ;
#3819 = FILL_AREA_STYLE ('',( #798 ) ) ;
#3820 = UNCERTAINTY_MEASURE_WITH_UNIT (LENGTH_MEASURE( 1.000000000000000082E-05 ), #2024, 'distance_accuracy_value', 'NONE');
#3821 = CARTESIAN_POINT ( 'NONE',  ( -0.2761792738291464766, 0.07978910142028881880, -1.089000000000000634 ) ) ;
#3822 = ORIENTED_EDGE ( 'NONE', *, *, #3402, .T. ) ;
#3823 = FACE_BOUND ( 'NONE', #4232, .T. ) ;
#3824 = CARTESIAN_POINT ( 'NONE',  ( 0.1546714991906167902, 0.0009142771303475648965, -1.090000000000000080 ) ) ;
#3825 = ORIENTED_EDGE ( 'NONE', *, *, #76, .F. ) ;
#3826 = STYLED_ITEM ( 'NONE', ( #3846 ), #4376 ) ;
#3827 = CARTESIAN_POINT ( 'NONE',  ( -2.057803591027772327, -1.617803591027773269, 1.090000000000000080 ) ) ;
#3828 = CARTESIAN_POINT ( 'NONE',  ( 0.1339315721879655585, 0.05817222558241384039, -1.089000000000000190 ) ) ;
#3829 = AXIS2_PLACEMENT_3D ( 'NONE', #73, #516, #3081 ) ;
#3830 = SURFACE_STYLE_FILL_AREA ( #1182 ) ;
#3831 = FILL_AREA_STYLE ('',( #904 ) ) ;
#3832 = SURFACE_STYLE_USAGE ( .BOTH. , #4265 ) ;
#3833 = EDGE_CURVE ( 'NONE', #4754, #78, #2381, .T. ) ;
#3834 = SURFACE_STYLE_FILL_AREA ( #1547 ) ;
#3835 = CARTESIAN_POINT ( 'NONE',  ( -0.2659473198921650239, -0.05714515630623963338, -1.089000000000000190 ) ) ;
#3836 = CARTESIAN_POINT ( 'NONE',  ( 0.03810162047439787786, 0.07072884952070784825, -1.088999999999999968 ) ) ;
#3837 =( NAMED_UNIT ( * ) SI_UNIT ( $, .STERADIAN. ) SOLID_ANGLE_UNIT ( ) );
#3838 = ORIENTED_EDGE ( 'NONE', *, *, #1316, .T. ) ;
#3839 = PRESENTATION_LAYER_ASSIGNMENT (  '', '', ( #3092 ) ) ;
#3840 = VECTOR ( 'NONE', #1110, 1000.000000000000000 ) ;
#3841 = PRESENTATION_STYLE_ASSIGNMENT (( #706 ) ) ;
#3842 = PRESENTATION_STYLE_ASSIGNMENT (( #1838 ) ) ;
#3843 = PLANE ( 'NONE',  #698 ) ;
#3844 = ORIENTED_EDGE ( 'NONE', *, *, #3288, .T. ) ;
#3845 = CARTESIAN_POINT ( 'NONE',  ( 0.1500116484809775608, -0.03444724234553477732, -1.090000000000000080 ) ) ;
#3846 = PRESENTATION_STYLE_ASSIGNMENT (( #35 ) ) ;
#3847 = EDGE_CURVE ( 'NONE', #1486, #2457, #1657, .T. ) ;
#3848 = DIRECTION ( 'NONE',  ( 1.000000000000000000, 0.000000000000000000, 0.000000000000000000 ) ) ;
#3849 = SURFACE_SIDE_STYLE ('',( #1818 ) ) ;
#3850 = CARTESIAN_POINT ( 'NONE',  ( 0.09541524888345156996, 0.07915250234183839051, -1.089000000000000190 ) ) ;
#3851 = SURFACE_STYLE_USAGE ( .BOTH. , #2558 ) ;
#3852 = CARTESIAN_POINT ( 'NONE',  ( 0.03278954257431059699, -0.08967494105821612049, -1.089000000000000190 ) ) ;
#3853 = LINE ( 'NONE', #3434, #2613 ) ;
#3854 = UNCERTAINTY_MEASURE_WITH_UNIT (LENGTH_MEASURE( 1.000000000000000082E-05 ), #318, 'distance_accuracy_value', 'NONE');
#3855 = ORIENTED_EDGE ( 'NONE', *, *, #2625, .T. ) ;
#3856 = CARTESIAN_POINT ( 'NONE',  ( 0.04933175542734846708, 0.07552563504074501222, -1.089000000000000412 ) ) ;
#3857 = PLANE ( 'NONE',  #4312 ) ;
#3858 = DIRECTION ( 'NONE',  ( -0.000000000000000000, -1.000000000000000000, -0.000000000000000000 ) ) ;
#3859 = VECTOR ( 'NONE', #1789, 1000.000000000000000 ) ;
#3860 = VERTEX_POINT ( 'NONE', #4575 ) ;
#3861 = PRESENTATION_LAYER_ASSIGNMENT (  '', '', ( #1890 ) ) ;
#3862 = SURFACE_STYLE_USAGE ( .BOTH. , #2165 ) ;
#3863 = VECTOR ( 'NONE', #2040, 1000.000000000000000 ) ;
#3864 = PLANE ( 'NONE',  #5190 ) ;
#3865 = AXIS2_PLACEMENT_3D ( 'NONE', #3093, #188, #3529 ) ;
#3866 = FILL_AREA_STYLE ('',( #2207 ) ) ;
#3867 = CARTESIAN_POINT ( 'NONE',  ( 1.057803591027772327, 1.617803591027771937, -1.090000000000000080 ) ) ;
#3868 = STYLED_ITEM ( 'NONE', ( #3545 ), #5291 ) ;
#3869 = EDGE_CURVE ( 'NONE', #4298, #1454, #5198, .T. ) ;
#3870 = VECTOR ( 'NONE', #604, 1000.000000000000000 ) ;
#3871 = CARTESIAN_POINT ( 'NONE',  ( -2.649999999999999911, 1.000000000000000000, -0.2999999999999999334 ) ) ;
#3872 =( NAMED_UNIT ( * ) SI_UNIT ( $, .STERADIAN. ) SOLID_ANGLE_UNIT ( ) );
#3873 = EDGE_CURVE ( 'NONE', #4991, #4303, #2310, .T. ) ;
#3874 = CARTESIAN_POINT ( 'NONE',  ( 2.350000000000000089, -1.000000000000000000, -0.2999999999999999334 ) ) ;
#3875 = SURFACE_STYLE_FILL_AREA ( #4470 ) ;
#3876 = FILL_AREA_STYLE_COLOUR ( '', #2141 ) ;
#3877 = CARTESIAN_POINT ( 'NONE',  ( 0.1986432011108960061, -0.07808957520455758750, -1.090000000000000080 ) ) ;
#3878 = B_SPLINE_SURFACE_WITH_KNOTS ( 'NONE', 3, 1, ( 
 ( #616, #1857 ),
 ( #3917, #2706 ),
 ( #196, #211 ),
 ( #5326, #684 ),
 ( #230, #4415 ),
 ( #1914, #4065 ),
 ( #4084, #1576 ),
 ( #3630, #4874 ),
 ( #1516, #1557 ),
 ( #2375, #4893 ),
 ( #2744, #4455 ),
 ( #4493, #4435 ),
 ( #4831, #3652 ),
 ( #3596, #1972 ),
 ( #1931, #2762 ),
 ( #252, #2802 ),
 ( #2396, #5306 ),
 ( #5269, #705 ),
 ( #4849, #2786 ) ),
 .UNSPECIFIED., .F., .F., .F.,
 ( 4, 1, 1, 1, 1, 1, 1, 1, 1, 1, 1, 1, 1, 1, 1, 1, 4 ),
 ( 2, 2 ),
 ( 0.000000000000000000, 0.07064371857535413357, 0.1382567155089046429, 0.2033641242175800723, 0.2663240938030566052, 0.3279047615429893092, 0.3887377151730921909, 0.4494235281093022505, 0.5108610114593156171, 0.5720793960475145656, 0.6317344287314451412, 0.6911172105788376818, 0.7503600294901705547, 0.8100329005312619790, 0.8713624508287362014, 0.9344271412311534464, 1.000000000000000000 ),
 ( 0.000000000000000000, 1.000000000000000000 ),
 .UNSPECIFIED. ) ;
#3879 = EDGE_LOOP ( 'NONE', ( #1204, #767, #5267, #1102, #2495, #2880, #3249, #4010 ) ) ;
#3880 = CARTESIAN_POINT ( 'NONE',  ( 0.03278954257431059699, -0.06772372154602099292, -1.089000000000000190 ) ) ;
#3881 = CARTESIAN_POINT ( 'NONE',  ( -0.5086738720598357189, -0.1000407947167527012, -1.089000000000000190 ) ) ;
#3882 = ORIENTED_EDGE ( 'NONE', *, *, #1129, .T. ) ;
#3883 = ORIENTED_EDGE ( 'NONE', *, *, #3421, .F. ) ;
#3884 = DIRECTION ( 'NONE',  ( -2.396026900520452433E-16, 1.000000000000000000, -0.000000000000000000 ) ) ;
#3885 = ORIENTED_EDGE ( 'NONE', *, *, #1460, .T. ) ;
#3886 =( NAMED_UNIT ( * ) SI_UNIT ( $, .STERADIAN. ) SOLID_ANGLE_UNIT ( ) );
#3887 = DIRECTION ( 'NONE',  ( 0.000000000000000000, -1.000000000000000000, 0.000000000000000000 ) ) ;
#3888 = STYLED_ITEM ( 'NONE', ( #4972 ), #157 ) ;
#3889 = UNCERTAINTY_MEASURE_WITH_UNIT (LENGTH_MEASURE( 1.000000000000000082E-05 ), #3782, 'distance_accuracy_value', 'NONE');
#3890 =( NAMED_UNIT ( * ) SI_UNIT ( $, .STERADIAN. ) SOLID_ANGLE_UNIT ( ) );
#3891 = FILL_AREA_STYLE ('',( #3479 ) ) ;
#3892 =( GEOMETRIC_REPRESENTATION_CONTEXT ( 3 ) GLOBAL_UNCERTAINTY_ASSIGNED_CONTEXT ( ( #1231 ) ) GLOBAL_UNIT_ASSIGNED_CONTEXT ( ( #2889, #2949, #2491 ) ) REPRESENTATION_CONTEXT ( 'NONE', 'WORKASPACE' ) );
#3893 = VECTOR ( 'NONE', #2541, 1000.000000000000000 ) ;
#3894 =( GEOMETRIC_REPRESENTATION_CONTEXT ( 3 ) GLOBAL_UNCERTAINTY_ASSIGNED_CONTEXT ( ( #5368 ) ) GLOBAL_UNIT_ASSIGNED_CONTEXT ( ( #5356, #273, #2846 ) ) REPRESENTATION_CONTEXT ( 'NONE', 'WORKASPACE' ) );
#3895 = DIRECTION ( 'NONE',  ( -1.000000000000000000, 0.000000000000000000, -0.000000000000000000 ) ) ;
#3896 = LINE ( 'NONE', #4349, #3768 ) ;
#3897 = PRESENTATION_STYLE_ASSIGNMENT (( #2898 ) ) ;
#3898 = CARTESIAN_POINT ( 'NONE',  ( -0.1525763110842260073, 0.09995920528324733767, -1.089000000000000190 ) ) ;
#3899 = PRESENTATION_LAYER_ASSIGNMENT (  '', '', ( #3047 ) ) ;
#3900 = ORIENTED_EDGE ( 'NONE', *, *, #2429, .F. ) ;
#3901 = LINE ( 'NONE', #4428, #3499 ) ;
#3902 = SURFACE_STYLE_USAGE ( .BOTH. , #4281 ) ;
#3903 = SURFACE_STYLE_USAGE ( .BOTH. , #4708 ) ;
#3904 = VERTEX_POINT ( 'NONE', #1271 ) ;
#3905 = DIRECTION ( 'NONE',  ( -0.000000000000000000, -0.000000000000000000, -1.000000000000000000 ) ) ;
#3906 = EDGE_CURVE ( 'NONE', #2696, #4991, #1077, .T. ) ;
#3907 = CARTESIAN_POINT ( 'NONE',  ( 0.07962643281821303598, 0.08044701016129608695, -1.090000000000000080 ) ) ;
#3908 = CIRCLE ( 'NONE', #4676, 0.06999999999999975686 ) ;
#3909 = DIRECTION ( 'NONE',  ( 0.3393303772748785807, 0.9406672605435402179, 0.000000000000000000 ) ) ;
#3910 = SURFACE_STYLE_FILL_AREA ( #876 ) ;
#3911 = ORIENTED_EDGE ( 'NONE', *, *, #4969, .T. ) ;
#3912 = AXIS2_PLACEMENT_3D ( 'NONE', #1833, #1455, #633 ) ;
#3913 = VECTOR ( 'NONE', #2017, 1000.000000000000000 ) ;
#3914 = CARTESIAN_POINT ( 'NONE',  ( -2.350000000000000089, -1.000000000000000000, -0.2300000000000000100 ) ) ;
#3915 = CARTESIAN_POINT ( 'NONE',  ( -0.3095555213372830350, -0.02975355617814511022, -1.089000000000000190 ) ) ;
#3916 = ORIENTED_EDGE ( 'NONE', *, *, #5268, .F. ) ;
#3917 = CARTESIAN_POINT ( 'NONE',  ( 0.1814829256881561326, 7.744165154818662513E-05, -1.089000000000000190 ) ) ;
#3918 = UNCERTAINTY_MEASURE_WITH_UNIT (LENGTH_MEASURE( 1.000000000000000082E-05 ), #3367, 'distance_accuracy_value', 'NONE');
#3919 = SURFACE_STYLE_USAGE ( .BOTH. , #3488 ) ;
#3920 = EDGE_LOOP ( 'NONE', ( #2973, #577, #3041, #4511 ) ) ;
#3921 = CARTESIAN_POINT ( 'NONE',  ( -0.3765473476695918587, -0.04394323374114293690, -1.089000000000000190 ) ) ;
#3922 =( NAMED_UNIT ( * ) SI_UNIT ( $, .STERADIAN. ) SOLID_ANGLE_UNIT ( ) );
#3923 = ADVANCED_FACE ( 'NONE', ( #3552 ), #1255, .F. ) ;
#3924 =( LENGTH_UNIT ( ) NAMED_UNIT ( * ) SI_UNIT ( .MILLI., .METRE. ) );
#3925 = ORIENTED_EDGE ( 'NONE', *, *, #4993, .F. ) ;
#3926 = FILL_AREA_STYLE ('',( #1451 ) ) ;
#3927 = CARTESIAN_POINT ( 'NONE',  ( -0.2751307418436506058, -0.04552210149087498187, -1.089999999999999858 ) ) ;
#3928 = DIRECTION ( 'NONE',  ( 1.000000000000000000, 0.000000000000000000, -0.000000000000000000 ) ) ;
#3929 = LINE ( 'NONE', #1802, #4570 ) ;
#3930 = CIRCLE ( 'NONE', #1442, 0.06999999999999975686 ) ;
#3931 = PRESENTATION_STYLE_ASSIGNMENT (( #37 ) ) ;
#3932 = AXIS2_PLACEMENT_3D ( 'NONE', #2251, #3928, #3128 ) ;
#3933 = CARTESIAN_POINT ( 'NONE',  ( -0.2069589330354454915, -0.1000407947167527012, -1.089999999999999858 ) ) ;
#3934 = LINE ( 'NONE', #1263, #801 ) ;
#3935 =( GEOMETRIC_REPRESENTATION_CONTEXT ( 3 ) GLOBAL_UNCERTAINTY_ASSIGNED_CONTEXT ( ( #3918 ) ) GLOBAL_UNIT_ASSIGNED_CONTEXT ( ( #3367, #3816, #3387 ) ) REPRESENTATION_CONTEXT ( 'NONE', 'WORKASPACE' ) );
#3936 = SURFACE_STYLE_USAGE ( .BOTH. , #3557 ) ;
#3937 = CARTESIAN_POINT ( 'NONE',  ( -0.4200686891330065453, 0.06154457113690584014, -1.089000000000000190 ) ) ;
#3938 = EDGE_CURVE ( 'NONE', #2527, #472, #4855, .T. ) ;
#3939 = CARTESIAN_POINT ( 'NONE',  ( -0.2653596646221536015, 0.05901513308351294396, -1.089000000000000412 ) ) ;
#3940 = CARTESIAN_POINT ( 'NONE',  ( 0.1986432011108960061, -0.07808957520455758750, -1.090000000000000080 ) ) ;
#3941 = EDGE_CURVE ( 'NONE', #411, #1042, #2767, .T. ) ;
#3942 =( LENGTH_UNIT ( ) NAMED_UNIT ( * ) SI_UNIT ( .MILLI., .METRE. ) );
#3943 = ORIENTED_EDGE ( 'NONE', *, *, #5308, .T. ) ;
#3944 = CARTESIAN_POINT ( 'NONE',  ( 0.06714004580521411303, 0.07970379063349369853, -1.089999999999999636 ) ) ;
#3945 = STYLED_ITEM ( 'NONE', ( #571 ), #909 ) ;
#3946 = SURFACE_STYLE_FILL_AREA ( #1650 ) ;
#3947 = FILL_AREA_STYLE_COLOUR ( '', #4499 ) ;
#3948 = FILL_AREA_STYLE ('',( #2250 ) ) ;
#3949 = ORIENTED_EDGE ( 'NONE', *, *, #657, .F. ) ;
#3950 = EDGE_CURVE ( 'NONE', #103, #1967, #2948, .T. ) ;
#3951 = CARTESIAN_POINT ( 'NONE',  ( -0.4169817988891040272, 0.07556896138080829162, -1.090000000000000080 ) ) ;
#3952 = ADVANCED_FACE ( 'NONE', ( #3577 ), #7, .T. ) ;
#3953 = ORIENTED_EDGE ( 'NONE', *, *, #2177, .T. ) ;
#3954 = PRESENTATION_STYLE_ASSIGNMENT (( #527 ) ) ;
#3955 = LINE ( 'NONE', #3600, #4022 ) ;
#3956 = UNCERTAINTY_MEASURE_WITH_UNIT (LENGTH_MEASURE( 1.000000000000000082E-05 ), #5091, 'distance_accuracy_value', 'NONE');
#3957 = SURFACE_STYLE_USAGE ( .BOTH. , #2300 ) ;
#3958 = SURFACE_SIDE_STYLE ('',( #5140 ) ) ;
#3959 = ORIENTED_EDGE ( 'NONE', *, *, #4989, .T. ) ;
#3960 = FILL_AREA_STYLE_COLOUR ( '', #1708 ) ;
#3961 = LINE ( 'NONE', #4947, #2975 ) ;
#3962 =( GEOMETRIC_REPRESENTATION_CONTEXT ( 3 ) GLOBAL_UNCERTAINTY_ASSIGNED_CONTEXT ( ( #2779 ) ) GLOBAL_UNIT_ASSIGNED_CONTEXT ( ( #4891, #4848, #5286 ) ) REPRESENTATION_CONTEXT ( 'NONE', 'WORKASPACE' ) );
#3963 = CARTESIAN_POINT ( 'NONE',  ( -0.3135519208403236280, 0.002474449185686330988, -1.090000000000000080 ) ) ;
#3964 = VECTOR ( 'NONE', #466, 1000.000000000000000 ) ;
#3965 = AXIS2_PLACEMENT_3D ( 'NONE', #4827, #1926, #5285 ) ;
#3966 =( NAMED_UNIT ( * ) PLANE_ANGLE_UNIT ( ) SI_UNIT ( $, .RADIAN. ) );
#3967 = VERTEX_POINT ( 'NONE', #3355 ) ;
#3968 = LINE ( 'NONE', #1907, #559 ) ;
#3969 = EDGE_CURVE ( 'NONE', #3636, #3742, #116, .T. ) ;
#3970 = COLOUR_RGB ( '',0.2509803921568627416, 0.2509803921568627416, 0.2509803921568627416 ) ;
#3971 = SURFACE_STYLE_FILL_AREA ( #5215 ) ;
#3972 = CARTESIAN_POINT ( 'NONE',  ( 0.07752971923003421084, 0.1023815607863695215, -1.089000000000000190 ) ) ;
#3973 = FILL_AREA_STYLE ('',( #176 ) ) ;
#3974 = STYLED_ITEM ( 'NONE', ( #4793 ), #3504 ) ;
#3975 =( LENGTH_UNIT ( ) NAMED_UNIT ( * ) SI_UNIT ( .MILLI., .METRE. ) );
#3976 = DIRECTION ( 'NONE',  ( 0.000000000000000000, 0.9848077530122080203, -0.1736481776669307198 ) ) ;
#3977 = LINE ( 'NONE', #4675, #2258 ) ;
#3978 = ORIENTED_EDGE ( 'NONE', *, *, #3291, .F. ) ;
#3979 = CARTESIAN_POINT ( 'NONE',  ( 0.1388532901431359101, 0.05237960482710446453, -1.088999999999999968 ) ) ;
#3980 = ADVANCED_FACE ( 'NONE', ( #788 ), #243, .F. ) ;
#3981 = CARTESIAN_POINT ( 'NONE',  ( -0.3133159826026527539, 0.01318884935108024029, -1.088999999999999968 ) ) ;
#3982 = CARTESIAN_POINT ( 'NONE',  ( 0.05656981193046632661, -0.07740578956990247506, -1.089000000000000190 ) ) ;
#3983 = CARTESIAN_POINT ( 'NONE',  ( -0.3021143517432165471, -0.04850684821579001604, -1.090000000000000080 ) ) ;
#3984 =( LENGTH_UNIT ( ) NAMED_UNIT ( * ) SI_UNIT ( .MILLI., .METRE. ) );
#3985 = SURFACE_SIDE_STYLE ('',( #603 ) ) ;
#3986 = UNCERTAINTY_MEASURE_WITH_UNIT (LENGTH_MEASURE( 1.000000000000000082E-05 ), #4053, 'distance_accuracy_value', 'NONE');
#3987 = SURFACE_STYLE_FILL_AREA ( #3891 ) ;
#3988 = CARTESIAN_POINT ( 'NONE',  ( 0.07962643281821303598, 0.08044701016129608695, -1.090000000000000080 ) ) ;
#3989 = ORIENTED_EDGE ( 'NONE', *, *, #2832, .T. ) ;
#3990 = EDGE_CURVE ( 'NONE', #377, #1472, #3385, .T. ) ;
#3991 = CARTESIAN_POINT ( 'NONE',  ( -0.4037958232793479874, 0.09995920528324733767, -1.089000000000000190 ) ) ;
#3992 = FILL_AREA_STYLE_COLOUR ( '', #1797 ) ;
#3993 = CARTESIAN_POINT ( 'NONE',  ( -0.2865195147666112496, -0.007151472132992097233, -1.089000000000000190 ) ) ;
#3994 =( LENGTH_UNIT ( ) NAMED_UNIT ( * ) SI_UNIT ( .MILLI., .METRE. ) );
#3995 = PLANE ( 'NONE',  #108 ) ;
#3996 = MECHANICAL_DESIGN_GEOMETRIC_PRESENTATION_REPRESENTATION (  '', ( #5126 ), #337 ) ;
#3997 = DIRECTION ( 'NONE',  ( 0.000000000000000000, 0.000000000000000000, -1.000000000000000000 ) ) ;
#3998 = ORIENTED_EDGE ( 'NONE', *, *, #20, .F. ) ;
#3999 = LINE ( 'NONE', #3179, #1055 ) ;
#4000 = STYLED_ITEM ( 'NONE', ( #5199 ), #5088 ) ;
#4001 =( NAMED_UNIT ( * ) PLANE_ANGLE_UNIT ( ) SI_UNIT ( $, .RADIAN. ) );
#4002 = CARTESIAN_POINT ( 'NONE',  ( -0.2182898991265000421, -0.09983578805589082839, -1.089999999999999192 ) ) ;
#4003 = MECHANICAL_DESIGN_GEOMETRIC_PRESENTATION_REPRESENTATION (  '', ( #3439 ), #759 ) ;
#4004 = DIRECTION ( 'NONE',  ( 0.000000000000000000, -0.1736481776669307198, -0.9848077530122080203 ) ) ;
#4005 = DIRECTION ( 'NONE',  ( 0.000000000000000000, -0.000000000000000000, -1.000000000000000000 ) ) ;
#4006 = EDGE_CURVE ( 'NONE', #1728, #1108, #4206, .T. ) ;
#4007 = ORIENTED_EDGE ( 'NONE', *, *, #16, .F. ) ;
#4008 = EDGE_LOOP ( 'NONE', ( #373, #5053, #3438, #3442 ) ) ;
#4009 = DIRECTION ( 'NONE',  ( -0.000000000000000000, -1.000000000000000000, -0.000000000000000000 ) ) ;
#4010 = ORIENTED_EDGE ( 'NONE', *, *, #1028, .F. ) ;
#4011 = CARTESIAN_POINT ( 'NONE',  ( 0.1339315721879655585, 0.05817222558241384039, -1.090000000000000080 ) ) ;
#4012 = CARTESIAN_POINT ( 'NONE',  ( 0.2742529572084569933, -0.07808957520455758750, -1.089000000000000190 ) ) ;
#4013 = STYLED_ITEM ( 'NONE', ( #1325 ), #1071 ) ;
#4014 = ORIENTED_EDGE ( 'NONE', *, *, #3815, .T. ) ;
#4015 = CARTESIAN_POINT ( 'NONE',  ( 0.1173831093516025520, -0.09885074842576752063, -1.089000000000000190 ) ) ;
#4016 = CARTESIAN_POINT ( 'NONE',  ( -2.350000000000000089, 1.000000000000000000, -0.2999999999999999334 ) ) ;
#4017 = FILL_AREA_STYLE ('',( #1924 ) ) ;
#4018 = VERTEX_POINT ( 'NONE', #3880 ) ;
#4019 = EDGE_CURVE ( 'NONE', #1108, #276, #1952, .T. ) ;
#4020 = CARTESIAN_POINT ( 'NONE',  ( -0.2838772622250637090, 0.02761515221379901019, -1.090000000000000080 ) ) ;
#4021 = CARTESIAN_POINT ( 'NONE',  ( -0.2292615112335773808, -0.09844010433421490625, -1.089999999999999858 ) ) ;
#4022 = VECTOR ( 'NONE', #602, 1000.000000000000114 ) ;
#4023 = VECTOR ( 'NONE', #3760, 1000.000000000000000 ) ;
#4024 = SURFACE_STYLE_USAGE ( .BOTH. , #2782 ) ;
#4025 = ORIENTED_EDGE ( 'NONE', *, *, #4846, .T. ) ;
#4026 = SURFACE_STYLE_USAGE ( .BOTH. , #299 ) ;
#4027 = SURFACE_SIDE_STYLE ('',( #3106 ) ) ;
#4028 = CIRCLE ( 'NONE', #3224, 0.06999999999999975686 ) ;
#4029 = CARTESIAN_POINT ( 'NONE',  ( -0.2544516345379532196, -0.06637733229117596945, -1.088999999999999968 ) ) ;
#4030 = CARTESIAN_POINT ( 'NONE',  ( 0.05998068224109349283, 0.1013641971766432170, -1.089000000000000190 ) ) ;
#4031 = VECTOR ( 'NONE', #4440, 1000.000000000000000 ) ;
#4032 = VERTEX_POINT ( 'NONE', #2979 ) ;
#4033 = CARTESIAN_POINT ( 'NONE',  ( 0.08233630519111512225, 0.08038874294410057464, -1.089000000000000412 ) ) ;
#4034 = ADVANCED_FACE ( 'NONE', ( #1430 ), #3864, .T. ) ;
#4035 = FILL_AREA_STYLE_COLOUR ( '', #3135 ) ;
#4036 = FILL_AREA_STYLE ('',( #5333 ) ) ;
#4037 =( NAMED_UNIT ( * ) PLANE_ANGLE_UNIT ( ) SI_UNIT ( $, .RADIAN. ) );
#4038 = ORIENTED_EDGE ( 'NONE', *, *, #4381, .F. ) ;
#4039 = CARTESIAN_POINT ( 'NONE',  ( -0.2254396891056219265, 0.07694418464986789441, -1.090000000000000080 ) ) ;
#4040 = ORIENTED_EDGE ( 'NONE', *, *, #4019, .T. ) ;
#4041 = STYLED_ITEM ( 'NONE', ( #3253 ), #2269 ) ;
#4042 = FACE_OUTER_BOUND ( 'NONE', #4693, .T. ) ;
#4043 = COLOUR_RGB ( '',0.7529411764705882248, 0.7529411764705882248, 0.7529411764705882248 ) ;
#4044 = FILL_AREA_STYLE ('',( #4890 ) ) ;
#4045 = ORIENTED_EDGE ( 'NONE', *, *, #2523, .T. ) ;
#4046 = EDGE_CURVE ( 'NONE', #2099, #617, #3853, .T. ) ;
#4047 = EDGE_CURVE ( 'NONE', #4074, #2457, #3248, .T. ) ;
#4048 = LINE ( 'NONE', #3241, #2008 ) ;
#4049 = CARTESIAN_POINT ( 'NONE',  ( 0.07962643281821303598, 0.08044701016129608695, -1.089000000000000190 ) ) ;
#4050 = DIRECTION ( 'NONE',  ( -0.000000000000000000, -1.000000000000000000, -0.000000000000000000 ) ) ;
#4051 = ORIENTED_EDGE ( 'NONE', *, *, #1497, .T. ) ;
#4052 = CARTESIAN_POINT ( 'NONE',  ( -2.419999999999999929, 1.000000000000000000, -0.2999999999999999334 ) ) ;
#4053 =( LENGTH_UNIT ( ) NAMED_UNIT ( * ) SI_UNIT ( .MILLI., .METRE. ) );
#4054 = DIRECTION ( 'NONE',  ( -0.1736481776669307198, 0.000000000000000000, 0.9848077530122080203 ) ) ;
#4055 = EDGE_LOOP ( 'NONE', ( #4941, #4122, #5319, #1812 ) ) ;
#4056 = CARTESIAN_POINT ( 'NONE',  ( 0.1801173683355155042, -0.02487740741828059834, -1.089000000000000190 ) ) ;
#4057 =( LENGTH_UNIT ( ) NAMED_UNIT ( * ) SI_UNIT ( .MILLI., .METRE. ) );
#4058 = CARTESIAN_POINT ( 'NONE',  ( 0.1781664609704672608, -0.03469155070478787545, -1.090000000000000080 ) ) ;
#4059 = UNCERTAINTY_MEASURE_WITH_UNIT (LENGTH_MEASURE( 1.000000000000000082E-05 ), #1826, 'distance_accuracy_value', 'NONE');
#4060 = COLOUR_RGB ( '',0.7529411764705882248, 0.7529411764705882248, 0.7529411764705882248 ) ;
#4061 = ORIENTED_EDGE ( 'NONE', *, *, #147, .T. ) ;
#4062 = CARTESIAN_POINT ( 'NONE',  ( -0.2404433384813437491, 0.07337215374915055655, -1.089999999999999636 ) ) ;
#4063 = CARTESIAN_POINT ( 'NONE',  ( -0.2107870764312471112, -0.09997153364152160104, -1.089000000000000190 ) ) ;
#4064 = DIRECTION ( 'NONE',  ( 0.000000000000000000, -0.000000000000000000, -1.000000000000000000 ) ) ;
#4065 = CARTESIAN_POINT ( 'NONE',  ( 0.1745521215424602202, 0.03935308126762003533, -1.089999999999999192 ) ) ;
#4066 = CARTESIAN_POINT ( 'NONE',  ( -0.2867226525476406218, 0.001902802844222915846, -1.089000000000000190 ) ) ;
#4067 = FILL_AREA_STYLE_COLOUR ( '', #3612 ) ;
#4068 =( GEOMETRIC_REPRESENTATION_CONTEXT ( 3 ) GLOBAL_UNCERTAINTY_ASSIGNED_CONTEXT ( ( #3746 ) ) GLOBAL_UNIT_ASSIGNED_CONTEXT ( ( #2063, #2964, #852 ) ) REPRESENTATION_CONTEXT ( 'NONE', 'WORKASPACE' ) );
#4069 = CARTESIAN_POINT ( 'NONE',  ( 2.350000000000000089, -1.000000000000000000, -0.2300000000000000100 ) ) ;
#4070 = CARTESIAN_POINT ( 'NONE',  ( -0.3574543598647138554, -0.1000407947167527012, -1.089000000000000190 ) ) ;
#4071 = LINE ( 'NONE', #485, #4386 ) ;
#4072 = CARTESIAN_POINT ( 'NONE',  ( 0.1173831093516025520, -0.09885074842576752063, -1.090000000000000080 ) ) ;
#4073 = AXIS2_PLACEMENT_3D ( 'NONE', #2828, #2364, #1957 ) ;
#4074 = VERTEX_POINT ( 'NONE', #3898 ) ;
#4075 =( NAMED_UNIT ( * ) PLANE_ANGLE_UNIT ( ) SI_UNIT ( $, .RADIAN. ) );
#4076 = VERTEX_POINT ( 'NONE', #2282 ) ;
#4077 = ORIENTED_EDGE ( 'NONE', *, *, #4786, .F. ) ;
#4078 = STYLED_ITEM ( 'NONE', ( #2904 ), #5355 ) ;
#4079 = ORIENTED_EDGE ( 'NONE', *, *, #1896, .T. ) ;
#4080 = CARTESIAN_POINT ( 'NONE',  ( -1.057803591027772327, -2.000000000000000444, -0.8900000000000000133 ) ) ;
#4081 = DIRECTION ( 'NONE',  ( 0.000000000000000000, -1.000000000000000000, 0.000000000000000000 ) ) ;
#4082 = AXIS2_PLACEMENT_3D ( 'NONE', #736, #311, #1566 ) ;
#4083 = ORIENTED_EDGE ( 'NONE', *, *, #3575, .T. ) ;
#4084 = CARTESIAN_POINT ( 'NONE',  ( 0.1705001834987484310, 0.04874010918436975232, -1.089000000000000190 ) ) ;
#4085 = VECTOR ( 'NONE', #3318, 1000.000000000000000 ) ;
#4086 =( NAMED_UNIT ( * ) SI_UNIT ( $, .STERADIAN. ) SOLID_ANGLE_UNIT ( ) );
#4087 = EDGE_LOOP ( 'NONE', ( #4482, #2397, #1092, #4103 ) ) ;
#4088 = CARTESIAN_POINT ( 'NONE',  ( -0.006234847669591835062, 0.09995920528324733767, -1.089000000000000190 ) ) ;
#4089 = UNCERTAINTY_MEASURE_WITH_UNIT (LENGTH_MEASURE( 1.000000000000000082E-05 ), #2433, 'distance_accuracy_value', 'NONE');
#4090 = FACE_OUTER_BOUND ( 'NONE', #745, .T. ) ;
#4091 = DIRECTION ( 'NONE',  ( -0.3536223923290756632, 0.9353882635801357148, 0.000000000000000000 ) ) ;
#4092 = SURFACE_SIDE_STYLE ('',( #3333 ) ) ;
#4093 = CARTESIAN_POINT ( 'NONE',  ( 0.1495357382814162528, -0.08182582286850287323, -1.090000000000000302 ) ) ;
#4094 = ORIENTED_EDGE ( 'NONE', *, *, #2042, .F. ) ;
#4095 = DIRECTION ( 'NONE',  ( 0.000000000000000000, 0.000000000000000000, -1.000000000000000000 ) ) ;
#4096 = CARTESIAN_POINT ( 'NONE',  ( -0.2173076209385521596, 0.07783503860539203734, -1.090000000000000080 ) ) ;
#4097 = B_SPLINE_SURFACE_WITH_KNOTS ( 'NONE', 3, 1, ( 
 ( #5090, #2121 ),
 ( #5107, #1723 ),
 ( #4640, #4202 ),
 ( #2108, #3006 ),
 ( #3348, #4590 ),
 ( #504, #64 ),
 ( #3407, #910 ) ),
 .UNSPECIFIED., .F., .F., .F.,
 ( 4, 1, 1, 1, 4 ),
 ( 2, 2 ),
 ( 0.000000000000000000, 0.3005411131585078444, 0.5677471464835985859, 0.8000336137369795653, 1.000000000000000000 ),
 ( 0.000000000000000000, 1.000000000000000000 ),
 .UNSPECIFIED. ) ;
#4098 = PRESENTATION_STYLE_ASSIGNMENT (( #46 ) ) ;
#4099 = LINE ( 'NONE', #2521, #5017 ) ;
#4100 = SURFACE_STYLE_FILL_AREA ( #1520 ) ;
#4101 = MECHANICAL_DESIGN_GEOMETRIC_PRESENTATION_REPRESENTATION (  '', ( #2869 ), #5214 ) ;
#4102 = CARTESIAN_POINT ( 'NONE',  ( -0.2866570964311584979, 0.004966979871729521739, -1.089000000000000190 ) ) ;
#4103 = ORIENTED_EDGE ( 'NONE', *, *, #4190, .T. ) ;
#4104 = CARTESIAN_POINT ( 'NONE',  ( -0.3133128162803870409, -0.008707710573945707383, -1.088999999999999968 ) ) ;
#4105 = CARTESIAN_POINT ( 'NONE',  ( 0.09055362917372035414, 0.1021493093951270359, -1.089000000000000634 ) ) ;
#4106 = LINE ( 'NONE', #2070, #1859 ) ;
#4107 =( LENGTH_UNIT ( ) NAMED_UNIT ( * ) SI_UNIT ( .MILLI., .METRE. ) );
#4108 = ORIENTED_EDGE ( 'NONE', *, *, #3595, .T. ) ;
#4109 = B_SPLINE_CURVE_WITH_KNOTS ( 'NONE', 3,
 ( #3567, #4334, #2271, #5206, #4819, #3982, #2326, #3107, #5221, #4779, #2291 ),
 .UNSPECIFIED., .F., .F.,
 ( 4, 1, 1, 1, 1, 1, 1, 1, 4 ),
 ( 0.000000000000000000, 0.1352946047634290272, 0.2667656579247485449, 0.3948160188358720846, 0.5200516544342452807, 0.6421757029708213826, 0.7626518205584228438, 0.8818340043805019679, 1.000000000000000000 ),
 .UNSPECIFIED. ) ;
#4110 = DIRECTION ( 'NONE',  ( 0.000000000000000000, 1.000000000000000000, 0.000000000000000000 ) ) ;
#4111 = LINE ( 'NONE', #854, #4799 ) ;
#4112 = CARTESIAN_POINT ( 'NONE',  ( -0.4306250915720308825, 0.09995920528324733767, -1.090000000000000080 ) ) ;
#4113 = AXIS2_PLACEMENT_3D ( 'NONE', #1567, #4466, #2795 ) ;
#4114 = DIRECTION ( 'NONE',  ( 2.011111420667069504E-16, -0.000000000000000000, 1.000000000000000000 ) ) ;
#4115 = CARTESIAN_POINT ( 'NONE',  ( 0.1815700303791886738, -0.003813660570411222129, -1.090000000000000080 ) ) ;
#4116 = MECHANICAL_DESIGN_GEOMETRIC_PRESENTATION_REPRESENTATION (  '', ( #2850 ), #1855 ) ;
#4117 = CARTESIAN_POINT ( 'NONE',  ( -0.2867226525476406218, 0.001902802844222915846, -1.089000000000000190 ) ) ;
#4118 = SURFACE_STYLE_FILL_AREA ( #4036 ) ;
#4119 = CARTESIAN_POINT ( 'NONE',  ( -0.3095555213372830350, -0.02975355617814511022, -1.089000000000000190 ) ) ;
#4120 = LINE ( 'NONE', #1844, #1562 ) ;
#4121 = CARTESIAN_POINT ( 'NONE',  ( -0.1525763110842260073, -0.1000407947167527012, -1.089000000000000190 ) ) ;
#4122 = ORIENTED_EDGE ( 'NONE', *, *, #1755, .F. ) ;
#4123 = EDGE_CURVE ( 'NONE', #1173, #1728, #1219, .T. ) ;
#4124 = DIRECTION ( 'NONE',  ( 0.000000000000000000, 0.000000000000000000, 1.000000000000000000 ) ) ;
#4125 = SURFACE_STYLE_FILL_AREA ( #3038 ) ;
#4126 = FILL_AREA_STYLE_COLOUR ( '', #4535 ) ;
#4127 = SURFACE_SIDE_STYLE ('',( #2179 ) ) ;
#4128 = ORIENTED_EDGE ( 'NONE', *, *, #847, .T. ) ;
#4129 = AXIS2_PLACEMENT_3D ( 'NONE', #3576, #3203, #3173 ) ;
#4130 =( LENGTH_UNIT ( ) NAMED_UNIT ( * ) SI_UNIT ( .MILLI., .METRE. ) );
#4131 = UNCERTAINTY_MEASURE_WITH_UNIT (LENGTH_MEASURE( 1.000000000000000082E-05 ), #2139, 'distance_accuracy_value', 'NONE');
#4132 =( LENGTH_UNIT ( ) NAMED_UNIT ( * ) SI_UNIT ( .MILLI., .METRE. ) );
#4133 = CARTESIAN_POINT ( 'NONE',  ( 2.350000000000000089, -1.000000000000000000, -1.190000000000000169 ) ) ;
#4134 = FILL_AREA_STYLE ('',( #2500 ) ) ;
#4135 = SURFACE_STYLE_USAGE ( .BOTH. , #1190 ) ;
#4136 = EDGE_CURVE ( 'NONE', #1796, #5281, #2133, .T. ) ;
#4137 =( NAMED_UNIT ( * ) SI_UNIT ( $, .STERADIAN. ) SOLID_ANGLE_UNIT ( ) );
#4138 = CARTESIAN_POINT ( 'NONE',  ( -0.006234847669591835062, 0.09995920528324733767, -1.089000000000000190 ) ) ;
#4139 = DIRECTION ( 'NONE',  ( 1.000000000000000000, 0.000000000000000000, 0.000000000000000000 ) ) ;
#4140 = VECTOR ( 'NONE', #1082, 1000.000000000000000 ) ;
#4141 = FILL_AREA_STYLE ('',( #1200 ) ) ;
#4142 = CARTESIAN_POINT ( 'NONE',  ( 0.000000000000000000, 0.000000000000000000, 1.090000000000000080 ) ) ;
#4143 = PRESENTATION_STYLE_ASSIGNMENT (( #2246 ) ) ;
#4144 = PRESENTATION_LAYER_ASSIGNMENT (  '', '', ( #3496 ) ) ;
#4145 = CARTESIAN_POINT ( 'NONE',  ( 0.1009414887985932013, 0.1007397237168660836, -1.089999999999999636 ) ) ;
#4146 = DIRECTION ( 'NONE',  ( 1.000000000000000000, 0.000000000000000000, -0.000000000000000000 ) ) ;
#4147 = VERTEX_POINT ( 'NONE', #702 ) ;
#4148 = EDGE_LOOP ( 'NONE', ( #2543, #160, #2313, #1047 ) ) ;
#4149 = CARTESIAN_POINT ( 'NONE',  ( 0.1781664609704672608, -0.03469155070478787545, -1.090000000000000080 ) ) ;
#4150 =( GEOMETRIC_REPRESENTATION_CONTEXT ( 3 ) GLOBAL_UNCERTAINTY_ASSIGNED_CONTEXT ( ( #224 ) ) GLOBAL_UNIT_ASSIGNED_CONTEXT ( ( #2653, #3966, #4785 ) ) REPRESENTATION_CONTEXT ( 'NONE', 'WORKASPACE' ) );
#4151 = LINE ( 'NONE', #4392, #2441 ) ;
#4152 = CARTESIAN_POINT ( 'NONE',  ( 0.1815075206808278996, -0.007437953709782324681, -1.090000000000000080 ) ) ;
#4153 = ORIENTED_EDGE ( 'NONE', *, *, #3550, .F. ) ;
#4154 = PRESENTATION_LAYER_ASSIGNMENT (  '', '', ( #3868 ) ) ;
#4155 = EDGE_CURVE ( 'NONE', #1656, #4308, #4962, .T. ) ;
#4156 = ORIENTED_EDGE ( 'NONE', *, *, #2625, .F. ) ;
#4157 =( LENGTH_UNIT ( ) NAMED_UNIT ( * ) SI_UNIT ( .MILLI., .METRE. ) );
#4158 = EDGE_CURVE ( 'NONE', #4617, #3636, #3116, .T. ) ;
#4159 = CARTESIAN_POINT ( 'NONE',  ( -0.3118656605539817384, -0.01951414958969135277, -1.089000000000000412 ) ) ;
#4160 = AXIS2_PLACEMENT_3D ( 'NONE', #3871, #462, #1718 ) ;
#4161 = UNCERTAINTY_MEASURE_WITH_UNIT (LENGTH_MEASURE( 1.000000000000000082E-05 ), #3761, 'distance_accuracy_value', 'NONE');
#4162 = VECTOR ( 'NONE', #5151, 1000.000000000000000 ) ;
#4163 = CARTESIAN_POINT ( 'NONE',  ( -2.350000000000000089, 1.000000000000000000, -0.8900000000000001243 ) ) ;
#4164 = CARTESIAN_POINT ( 'NONE',  ( 0.04449272834071547195, -0.09537233233369253604, -1.090000000000000302 ) ) ;
#4165 = FILL_AREA_STYLE_COLOUR ( '', #2074 ) ;
#4166 = COLOUR_RGB ( '',1.000000000000000000, 1.000000000000000000, 1.000000000000000000 ) ;
#4167 = EDGE_LOOP ( 'NONE', ( #2848, #677, #3393, #3477 ) ) ;
#4168 =( GEOMETRIC_REPRESENTATION_CONTEXT ( 3 ) GLOBAL_UNCERTAINTY_ASSIGNED_CONTEXT ( ( #4284 ) ) GLOBAL_UNIT_ASSIGNED_CONTEXT ( ( #4732, #3026, #1779 ) ) REPRESENTATION_CONTEXT ( 'NONE', 'WORKASPACE' ) );
#4169 = ORIENTED_EDGE ( 'NONE', *, *, #3550, .T. ) ;
#4170 = AXIS2_PLACEMENT_3D ( 'NONE', #3004, #183, #981 ) ;
#4171 = DIRECTION ( 'NONE',  ( -0.000000000000000000, -1.000000000000000000, -0.000000000000000000 ) ) ;
#4172 = ADVANCED_FACE ( 'NONE', ( #906 ), #2332, .T. ) ;
#4173 = AXIS2_PLACEMENT_3D ( 'NONE', #3228, #746, #785 ) ;
#4174 = FACE_OUTER_BOUND ( 'NONE', #3352, .T. ) ;
#4175 = CARTESIAN_POINT ( 'NONE',  ( -0.03306411596227474409, -0.07808957520455758750, -1.090000000000000080 ) ) ;
#4176 =( NAMED_UNIT ( * ) SI_UNIT ( $, .STERADIAN. ) SOLID_ANGLE_UNIT ( ) );
#4177 = FILL_AREA_STYLE ('',( #1558 ) ) ;
#4178 = VECTOR ( 'NONE', #4738, 1000.000000000000000 ) ;
#4179 = EDGE_LOOP ( 'NONE', ( #1866, #5226, #1438, #4560 ) ) ;
#4180 = EDGE_LOOP ( 'NONE', ( #4094, #3242, #513, #233 ) ) ;
#4181 = DIRECTION ( 'NONE',  ( -0.000000000000000000, -0.000000000000000000, -1.000000000000000000 ) ) ;
#4182 = EDGE_LOOP ( 'NONE', ( #2135, #3775, #4521, #4416 ) ) ;
#4183 = CARTESIAN_POINT ( 'NONE',  ( 0.1546851981164803769, -0.005099182197370351680, -1.089000000000000190 ) ) ;
#4184 = MECHANICAL_DESIGN_GEOMETRIC_PRESENTATION_REPRESENTATION (  '', ( #3047 ), #4719 ) ;
#4185 = ORIENTED_EDGE ( 'NONE', *, *, #1031, .T. ) ;
#4186 = PRESENTATION_LAYER_ASSIGNMENT (  '', '', ( #2850 ) ) ;
#4187 = CARTESIAN_POINT ( 'NONE',  ( 0.1815700303791886738, -0.003813660570411222129, -1.089000000000000190 ) ) ;
#4188 = CARTESIAN_POINT ( 'NONE',  ( -0.4172591380895828705, 0.07403148658660956005, -1.089000000000000412 ) ) ;
#4189 = LINE ( 'NONE', #2884, #799 ) ;
#4190 = EDGE_CURVE ( 'NONE', #2100, #2509, #2409, .T. ) ;
#4191 = ORIENTED_EDGE ( 'NONE', *, *, #2547, .F. ) ;
#4192 = FACE_OUTER_BOUND ( 'NONE', #5035, .T. ) ;
#4193 = DIRECTION ( 'NONE',  ( 0.000000000000000000, -0.000000000000000000, 1.000000000000000000 ) ) ;
#4194 = PRESENTATION_LAYER_ASSIGNMENT (  '', '', ( #4013 ) ) ;
#4195 = CARTESIAN_POINT ( 'NONE',  ( 0.08412338403772524897, -0.08052859959480147822, -1.089000000000000190 ) ) ;
#4196 = DIRECTION ( 'NONE',  ( 0.000000000000000000, 0.000000000000000000, -1.000000000000000000 ) ) ;
#4197 = CARTESIAN_POINT ( 'NONE',  ( 0.03462800860007788500, -0.06875923238162851003, -1.090000000000000080 ) ) ;
#4198 = MECHANICAL_DESIGN_GEOMETRIC_PRESENTATION_REPRESENTATION (  '', ( #1913 ), #2482 ) ;
#4199 = VERTEX_POINT ( 'NONE', #635 ) ;
#4200 = PRESENTATION_STYLE_ASSIGNMENT (( #4606 ) ) ;
#4201 = CARTESIAN_POINT ( 'NONE',  ( -0.2408808345561316844, -0.07299757612826041075, -1.089999999999999858 ) ) ;
#4202 = CARTESIAN_POINT ( 'NONE',  ( -0.4156601511957712658, 0.07145439142593013049, -1.089999999999999858 ) ) ;
#4203 = VERTEX_POINT ( 'NONE', #297 ) ;
#4204 = ORIENTED_EDGE ( 'NONE', *, *, #5137, .T. ) ;
#4205 = COLOUR_RGB ( '',0.2509803921568627416, 0.2509803921568627416, 0.2509803921568627416 ) ;
#4206 = B_SPLINE_CURVE_WITH_KNOTS ( 'NONE', 3,
 ( #1731, #105, #5096, #3414, #492, #2128, #4701, #1352, #5077, #2569, #3397, #1312, #2623, #930, #2601, #4294, #2148, #3824, #54 ),
 .UNSPECIFIED., .F., .F.,
 ( 4, 1, 1, 1, 1, 1, 1, 1, 1, 1, 1, 1, 1, 1, 1, 1, 4 ),
 ( 0.000000000000000000, 0.06460397028839230671, 0.1267024139629473467, 0.1867568140356183348, 0.2455056873654374860, 0.3036520244499754662, 0.3615030739706254770, 0.4202402229284675772, 0.4800333407766962934, 0.5406781347755160727, 0.6011918063807818458, 0.6623335024774423818, 0.7247395102972318259, 0.7894677361728866805, 0.8565048600438308624, 0.9263120958391902748, 1.000000000000000000 ),
 .UNSPECIFIED. ) ;
#4207 = ORIENTED_EDGE ( 'NONE', *, *, #86, .F. ) ;
#4208 =( GEOMETRIC_REPRESENTATION_CONTEXT ( 3 ) GLOBAL_UNCERTAINTY_ASSIGNED_CONTEXT ( ( #2200 ) ) GLOBAL_UNIT_ASSIGNED_CONTEXT ( ( #3699, #846, #1211 ) ) REPRESENTATION_CONTEXT ( 'NONE', 'WORKASPACE' ) );
#4209 = LINE ( 'NONE', #3375, #1774 ) ;
#4210 = CARTESIAN_POINT ( 'NONE',  ( -2.350000000000000089, 1.000000000000000000, -0.9600000000000001865 ) ) ;
#4211 = CARTESIAN_POINT ( 'NONE',  ( 0.1098376937835306572, 0.07501717103960543753, -1.089000000000000634 ) ) ;
#4212 = STYLED_ITEM ( 'NONE', ( #2126 ), #2858 ) ;
#4213 = CARTESIAN_POINT ( 'NONE',  ( 0.07983127031706559185, -0.1023861243974784063, -1.089000000000000190 ) ) ;
#4214 = CARTESIAN_POINT ( 'NONE',  ( 0.03832075084706200452, -0.07083915910111290848, -1.090000000000000080 ) ) ;
#4215 = EDGE_CURVE ( 'NONE', #660, #1980, #714, .T. ) ;
#4216 = CARTESIAN_POINT ( 'NONE',  ( -0.2787070438753668222, -0.03887824239264809495, -1.089999999999999858 ) ) ;
#4217 = CARTESIAN_POINT ( 'NONE',  ( 0.07962643281821303598, 0.08044701016129608695, -1.089000000000000190 ) ) ;
#4218 = EDGE_CURVE ( 'NONE', #2961, #2527, #436, .T. ) ;
#4219 = ORIENTED_EDGE ( 'NONE', *, *, #20, .T. ) ;
#4220 =( NAMED_UNIT ( * ) SI_UNIT ( $, .STERADIAN. ) SOLID_ANGLE_UNIT ( ) );
#4221 = UNCERTAINTY_MEASURE_WITH_UNIT (LENGTH_MEASURE( 1.000000000000000082E-05 ), #721, 'distance_accuracy_value', 'NONE');
#4222 = MECHANICAL_DESIGN_GEOMETRIC_PRESENTATION_REPRESENTATION (  '', ( #3945 ), #4497 ) ;
#4223 =( LENGTH_UNIT ( ) NAMED_UNIT ( * ) SI_UNIT ( .MILLI., .METRE. ) );
#4224 = PRESENTATION_STYLE_ASSIGNMENT (( #3679 ) ) ;
#4225 = ADVANCED_FACE ( 'NONE', ( #1804 ), #2027, .T. ) ;
#4226 = EDGE_CURVE ( 'NONE', #4877, #2209, #3317, .T. ) ;
#4227 = ORIENTED_EDGE ( 'NONE', *, *, #3259, .F. ) ;
#4228 = CARTESIAN_POINT ( 'NONE',  ( 0.1302745450450616127, -0.06438968432986010015, -1.089999999999999858 ) ) ;
#4229 = VECTOR ( 'NONE', #943, 1000.000000000000000 ) ;
#4230 = CARTESIAN_POINT ( 'NONE',  ( 0.08782003037918867383, -0.1024798191069966058, -1.089000000000000190 ) ) ;
#4231 = CARTESIAN_POINT ( 'NONE',  ( 0.05656981193046632661, -0.07740578956990247506, -1.090000000000000080 ) ) ;
#4232 = EDGE_LOOP ( 'NONE', ( #4242, #5379, #1476, #5172, #4267, #4350, #4612, #3206 ) ) ;
#4233 = ORIENTED_EDGE ( 'NONE', *, *, #4316, .T. ) ;
#4234 = CARTESIAN_POINT ( 'NONE',  ( -0.2333203320300569761, -0.07526767509339563067, -1.089000000000000190 ) ) ;
#4235 = PLANE ( 'NONE',  #3186 ) ;
#4236 = CARTESIAN_POINT ( 'NONE',  ( -0.2501608686475206844, 0.09349250239415066166, -1.089000000000000412 ) ) ;
#4237 = VECTOR ( 'NONE', #4871, 1000.000000000000000 ) ;
#4238 = LINE ( 'NONE', #2773, #3118 ) ;
#4239 = CARTESIAN_POINT ( 'NONE',  ( -0.3574543598647138554, -0.1000407947167527012, -1.090000000000000080 ) ) ;
#4240 = DIRECTION ( 'NONE',  ( 0.000000000000000000, 0.000000000000000000, -1.000000000000000000 ) ) ;
#4241 = ORIENTED_EDGE ( 'NONE', *, *, #3474, .F. ) ;
#4242 = ORIENTED_EDGE ( 'NONE', *, *, #1765, .T. ) ;
#4243 = AXIS2_PLACEMENT_3D ( 'NONE', #1757, #96, #2617 ) ;
#4244 = DIRECTION ( 'NONE',  ( 1.000000000000000000, 0.000000000000000000, 0.000000000000000000 ) ) ;
#4245 = CARTESIAN_POINT ( 'NONE',  ( 0.1546714991906167902, 0.0009142771303475648965, -1.089000000000000190 ) ) ;
#4246 = VERTEX_POINT ( 'NONE', #372 ) ;
#4247 = EDGE_CURVE ( 'NONE', #2683, #2573, #4672, .T. ) ;
#4248 = CARTESIAN_POINT ( 'NONE',  ( 0.03844679544379627639, -0.09279751431125408956, -1.089000000000000412 ) ) ;
#4249 = UNCERTAINTY_MEASURE_WITH_UNIT (LENGTH_MEASURE( 1.000000000000000082E-05 ), #1617, 'distance_accuracy_value', 'NONE');
#4250 = PRESENTATION_STYLE_ASSIGNMENT (( #2065 ) ) ;
#4251 = FACE_OUTER_BOUND ( 'NONE', #2572, .T. ) ;
#4252 = MECHANICAL_DESIGN_GEOMETRIC_PRESENTATION_REPRESENTATION (  '', ( #3974 ), #392 ) ;
#4253 = CARTESIAN_POINT ( 'NONE',  ( -0.2866536293435612559, -0.001173705456575668479, -1.089999999999999636 ) ) ;
#4254 = ORIENTED_EDGE ( 'NONE', *, *, #1412, .T. ) ;
#4255 = DIRECTION ( 'NONE',  ( 1.000000000000000000, 0.000000000000000000, 0.000000000000000000 ) ) ;
#4256 = CARTESIAN_POINT ( 'NONE',  ( -0.5086738720598357189, -0.1000407947167527012, -1.090000000000000080 ) ) ;
#4257 = FILL_AREA_STYLE ('',( #5112 ) ) ;
#4258 = SURFACE_STYLE_FILL_AREA ( #649 ) ;
#4259 =( NAMED_UNIT ( * ) SI_UNIT ( $, .STERADIAN. ) SOLID_ANGLE_UNIT ( ) );
#4260 = ORIENTED_EDGE ( 'NONE', *, *, #774, .F. ) ;
#4261 = COLOUR_RGB ( '',0.7529411764705882248, 0.7529411764705882248, 0.7529411764705882248 ) ;
#4262 = DIRECTION ( 'NONE',  ( 0.9417224702971433992, 0.3363908276654491436, -0.000000000000000000 ) ) ;
#4263 = DIRECTION ( 'NONE',  ( 0.3390537954853694580, 0.9407669869669987861, 0.000000000000000000 ) ) ;
#4264 = AXIS2_PLACEMENT_3D ( 'NONE', #238, #1049, #4054 ) ;
#4265 = SURFACE_SIDE_STYLE ('',( #3910 ) ) ;
#4266 = ORIENTED_EDGE ( 'NONE', *, *, #1392, .T. ) ;
#4267 = ORIENTED_EDGE ( 'NONE', *, *, #3083, .T. ) ;
#4268 = SURFACE_STYLE_FILL_AREA ( #4357 ) ;
#4269 = ORIENTED_EDGE ( 'NONE', *, *, #1379, .F. ) ;
#4270 = FILL_AREA_STYLE_COLOUR ( '', #2661 ) ;
#4271 = PRESENTATION_LAYER_ASSIGNMENT (  '', '', ( #526 ) ) ;
#4272 = SURFACE_STYLE_FILL_AREA ( #4898 ) ;
#4273 = FILL_AREA_STYLE_COLOUR ( '', #3515 ) ;
#4274 = CARTESIAN_POINT ( 'NONE',  ( -0.3832927744988601226, -0.02199201422894781627, -1.090000000000000080 ) ) ;
#4275 = AXIS2_PLACEMENT_3D ( 'NONE', #180, #2766, #2263 ) ;
#4276 = DIRECTION ( 'NONE',  ( -1.000000000000000000, 0.000000000000000000, 0.000000000000000000 ) ) ;
#4277 = VECTOR ( 'NONE', #2863, 1000.000000000000000 ) ;
#4278 = COLOUR_RGB ( '',0.7529411764705882248, 0.7529411764705882248, 0.7529411764705882248 ) ;
#4279 = DIRECTION ( 'NONE',  ( -1.000000000000000000, 0.000000000000000000, 0.000000000000000000 ) ) ;
#4280 = MECHANICAL_DESIGN_GEOMETRIC_PRESENTATION_REPRESENTATION (  '', ( #3611 ), #2609 ) ;
#4281 = SURFACE_SIDE_STYLE ('',( #5404 ) ) ;
#4282 = ORIENTED_EDGE ( 'NONE', *, *, #3574, .F. ) ;
#4283 = CARTESIAN_POINT ( 'NONE',  ( -0.1037958232793479707, 0.01215432723446682392, -1.090000000000000080 ) ) ;
#4284 = UNCERTAINTY_MEASURE_WITH_UNIT (LENGTH_MEASURE( 1.000000000000000082E-05 ), #4732, 'distance_accuracy_value', 'NONE');
#4285 = FILL_AREA_STYLE_COLOUR ( '', #4043 ) ;
#4286 = EDGE_CURVE ( 'NONE', #1955, #1417, #1032, .T. ) ;
#4287 = SURFACE_SIDE_STYLE ('',( #5249 ) ) ;
#4288 = LINE ( 'NONE', #4382, #2115 ) ;
#4289 = SURFACE_STYLE_USAGE ( .BOTH. , #523 ) ;
#4290 = CARTESIAN_POINT ( 'NONE',  ( -0.4163339330354455248, 0.07556896138080829162, -1.089000000000000190 ) ) ;
#4291 = ORIENTED_EDGE ( 'NONE', *, *, #2888, .T. ) ;
#4292 = STYLED_ITEM ( 'NONE', ( #4143 ), #1481 ) ;
#4293 = DIRECTION ( 'NONE',  ( -0.000000000000000000, 0.000000000000000000, 1.000000000000000000 ) ) ;
#4294 = CARTESIAN_POINT ( 'NONE',  ( 0.1535865244939644547, 0.01571731292181339015, -1.089999999999999858 ) ) ;
#4295 = VECTOR ( 'NONE', #1394, 1000.000000000000114 ) ;
#4296 = EDGE_CURVE ( 'NONE', #5288, #2960, #4048, .T. ) ;
#4297 =( NAMED_UNIT ( * ) SI_UNIT ( $, .STERADIAN. ) SOLID_ANGLE_UNIT ( ) );
#4298 = VERTEX_POINT ( 'NONE', #1639 ) ;
#4299 = EDGE_LOOP ( 'NONE', ( #4773, #4411, #3943, #4794 ) ) ;
#4300 = SURFACE_SIDE_STYLE ('',( #967 ) ) ;
#4301 = DIRECTION ( 'NONE',  ( -1.000000000000000000, 0.000000000000000000, -0.000000000000000000 ) ) ;
#4302 = LINE ( 'NONE', #2672, #564 ) ;
#4303 = VERTEX_POINT ( 'NONE', #2486 ) ;
#4304 = ORIENTED_EDGE ( 'NONE', *, *, #682, .F. ) ;
#4305 = CARTESIAN_POINT ( 'NONE',  ( -0.3574543598647138554, -0.1000407947167527012, -1.089000000000000190 ) ) ;
#4306 = DIRECTION ( 'NONE',  ( -0.000000000000000000, 0.000000000000000000, 1.000000000000000000 ) ) ;
#4307 =( NAMED_UNIT ( * ) PLANE_ANGLE_UNIT ( ) SI_UNIT ( $, .RADIAN. ) );
#4308 = VERTEX_POINT ( 'NONE', #4121 ) ;
#4309 =( GEOMETRIC_REPRESENTATION_CONTEXT ( 3 ) GLOBAL_UNCERTAINTY_ASSIGNED_CONTEXT ( ( #494 ) ) GLOBAL_UNIT_ASSIGNED_CONTEXT ( ( #5280, #4075, #672 ) ) REPRESENTATION_CONTEXT ( 'NONE', 'WORKASPACE' ) );
#4310 = DIRECTION ( 'NONE',  ( 1.000000000000000000, 0.000000000000000000, 0.000000000000000000 ) ) ;
#4311 = DIRECTION ( 'NONE',  ( 0.000000000000000000, -0.000000000000000000, -1.000000000000000000 ) ) ;
#4312 = AXIS2_PLACEMENT_3D ( 'NONE', #4713, #2199, #4306 ) ;
#4313 = DIRECTION ( 'NONE',  ( 0.000000000000000000, -0.1736481776669307198, -0.9848077530122080203 ) ) ;
#4314 = UNCERTAINTY_MEASURE_WITH_UNIT (LENGTH_MEASURE( 1.000000000000000082E-05 ), #415, 'distance_accuracy_value', 'NONE');
#4315 = DIRECTION ( 'NONE',  ( 0.000000000000000000, 0.000000000000000000, -1.000000000000000000 ) ) ;
#4316 = EDGE_CURVE ( 'NONE', #4032, #4147, #2729, .T. ) ;
#4317 = COLOUR_RGB ( '',0.7529411764705882248, 0.7529411764705882248, 0.7529411764705882248 ) ;
#4318 = DIRECTION ( 'NONE',  ( 2.011111420667069011E-16, 0.000000000000000000, -1.000000000000000000 ) ) ;
#4319 =( LENGTH_UNIT ( ) NAMED_UNIT ( * ) SI_UNIT ( .MILLI., .METRE. ) );
#4320 = EDGE_CURVE ( 'NONE', #5416, #3452, #1682, .T. ) ;
#4321 =( NAMED_UNIT ( * ) SI_UNIT ( $, .STERADIAN. ) SOLID_ANGLE_UNIT ( ) );
#4322 = PRESENTATION_LAYER_ASSIGNMENT (  '', '', ( #3770 ) ) ;
#4323 = VECTOR ( 'NONE', #1949, 1000.000000000000000 ) ;
#4324 = LINE ( 'NONE', #4671, #1832 ) ;
#4325 = CARTESIAN_POINT ( 'NONE',  ( -0.1794055793769089580, 0.07800798577105219622, -1.089999999999999858 ) ) ;
#4326 = CARTESIAN_POINT ( 'NONE',  ( 2.250000000000000444, 1.809999999999999387, 0.000000000000000000 ) ) ;
#4327 = ORIENTED_EDGE ( 'NONE', *, *, #1969, .T. ) ;
#4328 = DIRECTION ( 'NONE',  ( 0.000000000000000000, 0.000000000000000000, -1.000000000000000000 ) ) ;
#4329 = CARTESIAN_POINT ( 'NONE',  ( -0.2089025305964211376, 0.07800798577105219622, -1.089000000000000190 ) ) ;
#4330 = DIRECTION ( 'NONE',  ( 1.000000000000000000, 0.000000000000000000, 0.000000000000000000 ) ) ;
#4331 = FACE_OUTER_BOUND ( 'NONE', #2906, .T. ) ;
#4332 = SURFACE_STYLE_USAGE ( .BOTH. , #5219 ) ;
#4333 = CARTESIAN_POINT ( 'NONE',  ( 0.07751600687632856368, 0.08041510204202834133, -1.090000000000000302 ) ) ;
#4334 = CARTESIAN_POINT ( 'NONE',  ( 0.08170829992457397106, -0.08049689148531738447, -1.089000000000000412 ) ) ;
#4335 = STYLED_ITEM ( 'NONE', ( #346 ), #3667 ) ;
#4336 = LINE ( 'NONE', #770, #31 ) ;
#4337 = CARTESIAN_POINT ( 'NONE',  ( -0.2077973476695918198, -0.07808957520455758750, -1.089000000000000190 ) ) ;
#4338 = PRESENTATION_STYLE_ASSIGNMENT (( #235 ) ) ;
#4339 = ORIENTED_EDGE ( 'NONE', *, *, #3096, .F. ) ;
#4340 = AXIS2_PLACEMENT_3D ( 'NONE', #1226, #4146, #2517 ) ;
#4341 = DIRECTION ( 'NONE',  ( -0.000000000000000000, -0.000000000000000000, -1.000000000000000000 ) ) ;
#4342 = STYLED_ITEM ( 'NONE', ( #4856 ), #5185 ) ;
#4343 = DIRECTION ( 'NONE',  ( -0.000000000000000000, 0.000000000000000000, 1.000000000000000000 ) ) ;
#4344 = DIRECTION ( 'NONE',  ( 1.000000000000000000, 0.000000000000000000, 0.000000000000000000 ) ) ;
#4345 = STYLED_ITEM ( 'NONE', ( #4937 ), #3423 ) ;
#4346 = LINE ( 'NONE', #5414, #3694 ) ;
#4347 = VECTOR ( 'NONE', #4802, 1000.000000000000000 ) ;
#4348 = CARTESIAN_POINT ( 'NONE',  ( -0.2704083743074141011, 0.05395321860396124630, -1.088999999999999968 ) ) ;
#4349 = CARTESIAN_POINT ( 'NONE',  ( -0.1037958232793479707, 0.01215432723446682392, -1.089000000000000190 ) ) ;
#4350 = ORIENTED_EDGE ( 'NONE', *, *, #835, .T. ) ;
#4351 = DIRECTION ( 'NONE',  ( -0.000000000000000000, 0.000000000000000000, -1.000000000000000000 ) ) ;
#4352 = ADVANCED_FACE ( 'NONE', ( #2801 ), #53, .T. ) ;
#4353 = SURFACE_STYLE_USAGE ( .BOTH. , #4744 ) ;
#4354 = CARTESIAN_POINT ( 'NONE',  ( -0.2838564198089836288, -0.07217418009359936881, -1.090000000000000080 ) ) ;
#4355 = CARTESIAN_POINT ( 'NONE',  ( 0.07752971923003421084, 0.1023815607863695215, -1.090000000000000080 ) ) ;
#4356 = PRESENTATION_STYLE_ASSIGNMENT (( #5412 ) ) ;
#4357 = FILL_AREA_STYLE ('',( #4767 ) ) ;
#4358 = CARTESIAN_POINT ( 'NONE',  ( 0.08782003037918867383, -0.1024798191069966058, -1.089000000000000190 ) ) ;
#4359 = DIRECTION ( 'NONE',  ( 1.000000000000000000, 0.000000000000000000, 0.000000000000000000 ) ) ;
#4360 = CARTESIAN_POINT ( 'NONE',  ( -0.4501753964500797012, -0.02199201422894781627, -1.089000000000000190 ) ) ;
#4361 = VERTEX_POINT ( 'NONE', #812 ) ;
#4362 =( NAMED_UNIT ( * ) PLANE_ANGLE_UNIT ( ) SI_UNIT ( $, .RADIAN. ) );
#4363 = CARTESIAN_POINT ( 'NONE',  ( 1.550000000000000044, 1.000000000000000000, -0.9600000000000001865 ) ) ;
#4364 = FACE_OUTER_BOUND ( 'NONE', #2610, .T. ) ;
#4365 = FACE_OUTER_BOUND ( 'NONE', #977, .T. ) ;
#4366 = FILL_AREA_STYLE_COLOUR ( '', #2014 ) ;
#4367 = CARTESIAN_POINT ( 'NONE',  ( -0.2405396432414250996, 0.09638020214007347874, -1.088999999999999968 ) ) ;
#4368 = ORIENTED_EDGE ( 'NONE', *, *, #1487, .T. ) ;
#4369 = CARTESIAN_POINT ( 'NONE',  ( -0.3095555213372830350, -0.02975355617814511022, -1.090000000000000080 ) ) ;
#4370 = CARTESIAN_POINT ( 'NONE',  ( -0.3574543598647138554, -0.1000407947167527012, -1.090000000000000080 ) ) ;
#4371 = FACE_OUTER_BOUND ( 'NONE', #1087, .T. ) ;
#4372 = STYLED_ITEM ( 'NONE', ( #844 ), #4515 ) ;
#4373 = CARTESIAN_POINT ( 'NONE',  ( -0.4131327135232504277, 0.06154457113690584014, -1.090000000000000080 ) ) ;
#4374 = UNCERTAINTY_MEASURE_WITH_UNIT (LENGTH_MEASURE( 1.000000000000000082E-05 ), #4132, 'distance_accuracy_value', 'NONE');
#4375 =( NAMED_UNIT ( * ) PLANE_ANGLE_UNIT ( ) SI_UNIT ( $, .RADIAN. ) );
#4376 = ADVANCED_FACE ( 'NONE', ( #1284 ), #3726, .T. ) ;
#4377 = AXIS2_PLACEMENT_3D ( 'NONE', #743, #2823, #5348 ) ;
#4378 = CARTESIAN_POINT ( 'NONE',  ( 0.06633013766670067812, 0.1019409389202750454, -1.089000000000000412 ) ) ;
#4379 =( NAMED_UNIT ( * ) PLANE_ANGLE_UNIT ( ) SI_UNIT ( $, .RADIAN. ) );
#4380 = CARTESIAN_POINT ( 'NONE',  ( 0.08512563165247027941, -0.1024482183449180184, -1.090000000000000080 ) ) ;
#4381 = EDGE_CURVE ( 'NONE', #4303, #853, #1740, .T. ) ;
#4382 = CARTESIAN_POINT ( 'NONE',  ( -2.050000000000000266, 1.000000000000000000, -6.123233995736829515E-18 ) ) ;
#4383 = CARTESIAN_POINT ( 'NONE',  ( 1.057803591027772327, 0.000000000000000000, -1.090000000000000080 ) ) ;
#4384 = VERTEX_POINT ( 'NONE', #448 ) ;
#4385 =( NAMED_UNIT ( * ) PLANE_ANGLE_UNIT ( ) SI_UNIT ( $, .RADIAN. ) );
#4386 = VECTOR ( 'NONE', #2972, 1000.000000000000000 ) ;
#4387 = CARTESIAN_POINT ( 'NONE',  ( -0.03306411596227474409, 0.07800798577105219622, -1.090000000000000080 ) ) ;
#4388 = DIRECTION ( 'NONE',  ( 0.1736481776669307198, 0.000000000000000000, 0.9848077530122080203 ) ) ;
#4389 = ORIENTED_EDGE ( 'NONE', *, *, #2137, .F. ) ;
#4390 = FACE_OUTER_BOUND ( 'NONE', #122, .T. ) ;
#4391 = EDGE_CURVE ( 'NONE', #4991, #4594, #3977, .T. ) ;
#4392 = CARTESIAN_POINT ( 'NONE',  ( 0.07985509135479844367, 0.1023982296734912284, -1.089000000000000190 ) ) ;
#4393 = SURFACE_STYLE_FILL_AREA ( #2064 ) ;
#4394 = CARTESIAN_POINT ( 'NONE',  ( 0.04366310679715782600, 0.07329760740592715373, -1.090000000000000080 ) ) ;
#4395 = CARTESIAN_POINT ( 'NONE',  ( 0.03278954257431059699, 0.09447140040519853843, -1.089000000000000190 ) ) ;
#4396 = VECTOR ( 'NONE', #2825, 1000.000000000000000 ) ;
#4397 = CARTESIAN_POINT ( 'NONE',  ( -0.3135519208403236280, 0.002474449185686330988, -1.090000000000000080 ) ) ;
#4398 = FILL_AREA_STYLE_COLOUR ( '', #3493 ) ;
#4399 =( NAMED_UNIT ( * ) PLANE_ANGLE_UNIT ( ) SI_UNIT ( $, .RADIAN. ) );
#4400 = COLOUR_RGB ( '',0.2509803921568627416, 0.2509803921568627416, 0.2509803921568627416 ) ;
#4401 = CARTESIAN_POINT ( 'NONE',  ( 0.1028207275198062681, 0.07747391449538419683, -1.089999999999999858 ) ) ;
#4402 = COLOUR_RGB ( '',0.7529411764705882248, 0.7529411764705882248, 0.7529411764705882248 ) ;
#4403 = ADVANCED_FACE ( 'NONE', ( #358 ), #1023, .T. ) ;
#4404 = CARTESIAN_POINT ( 'NONE',  ( -0.3134720872615686660, 0.006099842499883164661, -1.089000000000000190 ) ) ;
#4405 = CARTESIAN_POINT ( 'NONE',  ( -0.4177708763444484275, 0.07119458265552168486, -1.090000000000000302 ) ) ;
#4406 = VERTEX_POINT ( 'NONE', #4290 ) ;
#4407 = CARTESIAN_POINT ( 'NONE',  ( -0.4794055793769089746, -0.1000407947167527012, -1.089000000000000190 ) ) ;
#4408 = MECHANICAL_DESIGN_GEOMETRIC_PRESENTATION_REPRESENTATION (  '', ( #1408 ), #4682 ) ;
#4409 =( LENGTH_UNIT ( ) NAMED_UNIT ( * ) SI_UNIT ( .MILLI., .METRE. ) );
#4410 = CARTESIAN_POINT ( 'NONE',  ( -0.2838564198089836288, -0.07217418009359936881, -1.089999999999999636 ) ) ;
#4411 = ORIENTED_EDGE ( 'NONE', *, *, #4286, .F. ) ;
#4412 = CARTESIAN_POINT ( 'NONE',  ( 0.04933175542734846708, 0.07552563504074501222, -1.090000000000000302 ) ) ;
#4413 = EDGE_CURVE ( 'NONE', #3476, #4803, #5154, .T. ) ;
#4414 = EDGE_CURVE ( 'NONE', #4032, #2920, #4421, .T. ) ;
#4415 = CARTESIAN_POINT ( 'NONE',  ( 0.1777340584103217214, 0.02938690273173127573, -1.089999999999998970 ) ) ;
#4416 = ORIENTED_EDGE ( 'NONE', *, *, #4492, .T. ) ;
#4417 = FILL_AREA_STYLE ('',( #3992 ) ) ;
#4418 = AXIS2_PLACEMENT_3D ( 'NONE', #1434, #4318, #4707 ) ;
#4419 = CARTESIAN_POINT ( 'NONE',  ( 0.06633013766670067812, 0.1019409389202750454, -1.090000000000000302 ) ) ;
#4420 = AXIS2_PLACEMENT_3D ( 'NONE', #1294, #1699, #3753 ) ;
#4421 = LINE ( 'NONE', #5110, #4229 ) ;
#4422 = SURFACE_STYLE_FILL_AREA ( #3471 ) ;
#4423 = CARTESIAN_POINT ( 'NONE',  ( 0.1496747918391899967, 0.03184450062885229443, -1.089000000000000634 ) ) ;
#4424 =( LENGTH_UNIT ( ) NAMED_UNIT ( * ) SI_UNIT ( .MILLI., .METRE. ) );
#4425 = CARTESIAN_POINT ( 'NONE',  ( -2.249999999999999556, 1.617803591027771937, 1.090000000000000080 ) ) ;
#4426 = SURFACE_STYLE_FILL_AREA ( #4141 ) ;
#4427 = DIRECTION ( 'NONE',  ( 0.3222024856061125875, -0.9466707760722534726, 0.000000000000000000 ) ) ;
#4428 = CARTESIAN_POINT ( 'NONE',  ( -0.3281860671817870001, -0.1000407947167527012, -1.090000000000000080 ) ) ;
#4429 = ORIENTED_EDGE ( 'NONE', *, *, #3016, .T. ) ;
#4430 = CARTESIAN_POINT ( 'NONE',  ( -0.2473094248580510468, 0.07066996854200174871, -1.090000000000000524 ) ) ;
#4431 = CARTESIAN_POINT ( 'NONE',  ( -0.2069589330354454915, -0.1000407947167527012, -1.089000000000000190 ) ) ;
#4432 = FILL_AREA_STYLE ('',( #1534 ) ) ;
#4433 = ORIENTED_EDGE ( 'NONE', *, *, #4218, .T. ) ;
#4434 = PRESENTATION_LAYER_ASSIGNMENT (  '', '', ( #3888 ) ) ;
#4435 = CARTESIAN_POINT ( 'NONE',  ( 0.1376234030231444361, 0.08610788978644282055, -1.089999999999998970 ) ) ;
#4436 = ORIENTED_EDGE ( 'NONE', *, *, #3238, .T. ) ;
#4437 = COLOUR_RGB ( '',1.000000000000000000, 1.000000000000000000, 1.000000000000000000 ) ;
#4438 = DIRECTION ( 'NONE',  ( 0.000000000000000000, -0.000000000000000000, 1.000000000000000000 ) ) ;
#4439 = EDGE_LOOP ( 'NONE', ( #4813, #5415, #4185, #2288 ) ) ;
#4440 = DIRECTION ( 'NONE',  ( -0.1736481776669307198, 0.000000000000000000, -0.9848077530122080203 ) ) ;
#4441 = CARTESIAN_POINT ( 'NONE',  ( 0.05393243197297852703, 0.1004648728294579157, -1.089000000000000190 ) ) ;
#4442 = MECHANICAL_DESIGN_GEOMETRIC_PRESENTATION_REPRESENTATION (  '', ( #3601 ), #4068 ) ;
#4443 = CARTESIAN_POINT ( 'NONE',  ( 0.1164581798768905413, 0.07184636497056641480, -1.089999999999999858 ) ) ;
#4444 = SURFACE_STYLE_FILL_AREA ( #2280 ) ;
#4445 = SURFACE_STYLE_FILL_AREA ( #2568 ) ;
#4446 = ORIENTED_EDGE ( 'NONE', *, *, #1785, .T. ) ;
#4447 =( LENGTH_UNIT ( ) NAMED_UNIT ( * ) SI_UNIT ( .MILLI., .METRE. ) );
#4448 = PRESENTATION_LAYER_ASSIGNMENT (  '', '', ( #594 ) ) ;
#4449 = CARTESIAN_POINT ( 'NONE',  ( 0.09129184268948895009, -0.1024023876900263669, -1.090000000000000080 ) ) ;
#4450 = VECTOR ( 'NONE', #5332, 1000.000000000000000 ) ;
#4451 = AXIS2_PLACEMENT_3D ( 'NONE', #3525, #3976, #1464 ) ;
#4452 = FILL_AREA_STYLE_COLOUR ( '', #3129 ) ;
#4453 =( GEOMETRIC_REPRESENTATION_CONTEXT ( 3 ) GLOBAL_UNCERTAINTY_ASSIGNED_CONTEXT ( ( #779 ) ) GLOBAL_UNIT_ASSIGNED_CONTEXT ( ( #3064, #1374, #533 ) ) REPRESENTATION_CONTEXT ( 'NONE', 'WORKASPACE' ) );
#4454 = FACE_OUTER_BOUND ( 'NONE', #961, .T. ) ;
#4455 = CARTESIAN_POINT ( 'NONE',  ( 0.1455816344584628663, 0.08014380522492359216, -1.089999999999998748 ) ) ;
#4456 = EDGE_CURVE ( 'NONE', #2757, #4803, #3307, .T. ) ;
#4457 = ORIENTED_EDGE ( 'NONE', *, *, #3378, .T. ) ;
#4458 = ORIENTED_EDGE ( 'NONE', *, *, #3614, .T. ) ;
#4459 = SURFACE_SIDE_STYLE ('',( #3830 ) ) ;
#4460 = CARTESIAN_POINT ( 'NONE',  ( 0.03438156727644137850, 0.09511763833137322488, -1.089999999999999858 ) ) ;
#4461 = VERTEX_POINT ( 'NONE', #3877 ) ;
#4462 = ADVANCED_FACE ( 'NONE', ( #5213 ), #2069, .T. ) ;
#4463 =( GEOMETRIC_REPRESENTATION_CONTEXT ( 3 ) GLOBAL_UNCERTAINTY_ASSIGNED_CONTEXT ( ( #2745 ) ) GLOBAL_UNIT_ASSIGNED_CONTEXT ( ( #1813, #510, #3450 ) ) REPRESENTATION_CONTEXT ( 'NONE', 'WORKASPACE' ) );
#4464 = DIRECTION ( 'NONE',  ( 0.000000000000000000, -0.000000000000000000, -1.000000000000000000 ) ) ;
#4465 =( NAMED_UNIT ( * ) PLANE_ANGLE_UNIT ( ) SI_UNIT ( $, .RADIAN. ) );
#4466 = DIRECTION ( 'NONE',  ( 0.000000000000000000, -1.000000000000000000, -0.000000000000000000 ) ) ;
#4467 = EDGE_CURVE ( 'NONE', #3743, #3023, #3908, .T. ) ;
#4468 = CARTESIAN_POINT ( 'NONE',  ( -0.2331459639254722382, 0.07548066446245031702, -1.089000000000000634 ) ) ;
#4469 = VERTEX_POINT ( 'NONE', #1742 ) ;
#4470 = FILL_AREA_STYLE ('',( #1131 ) ) ;
#4471 = FACE_OUTER_BOUND ( 'NONE', #4735, .T. ) ;
#4472 = CARTESIAN_POINT ( 'NONE',  ( 0.3010822255011399440, 0.09995920528324733767, -1.089000000000000190 ) ) ;
#4473 = CARTESIAN_POINT ( 'NONE',  ( 0.04276200868457604581, 0.09799880524600229625, -1.090000000000000080 ) ) ;
#4474 = UNCERTAINTY_MEASURE_WITH_UNIT (LENGTH_MEASURE( 1.000000000000000082E-05 ), #2851, 'distance_accuracy_value', 'NONE');
#4475 = CARTESIAN_POINT ( 'NONE',  ( 0.000000000000000000, 0.000000000000000000, -1.089000000000000190 ) ) ;
#4476 = FILL_AREA_STYLE ('',( #5277 ) ) ;
#4477 = COLOUR_RGB ( '',0.5019607843137254832, 0.2509803921568627416, 0.2509803921568627416 ) ;
#4478 = CARTESIAN_POINT ( 'NONE',  ( 0.1262278685990616822, -0.09586293356338063121, -1.090000000000000302 ) ) ;
#4479 = AXIS2_PLACEMENT_3D ( 'NONE', #361, #4586, #2868 ) ;
#4480 = ORIENTED_EDGE ( 'NONE', *, *, #1043, .T. ) ;
#4481 = SURFACE_STYLE_USAGE ( .BOTH. , #4886 ) ;
#4482 = ORIENTED_EDGE ( 'NONE', *, *, #2820, .F. ) ;
#4483 = CARTESIAN_POINT ( 'NONE',  ( -2.350000000000000089, 1.000000000000000000, -1.190000000000000169 ) ) ;
#4484 = EDGE_LOOP ( 'NONE', ( #2016, #2301, #4634, #4436, #2470, #2387, #871, #730, #908, #795, #3825, #1559 ) ) ;
#4485 = PRESENTATION_LAYER_ASSIGNMENT (  '', '', ( #3611 ) ) ;
#4486 = COLOUR_RGB ( '',0.2509803921568627416, 0.2509803921568627416, 0.2509803921568627416 ) ;
#4487 = FILL_AREA_STYLE_COLOUR ( '', #814 ) ;
#4488 = SURFACE_SIDE_STYLE ('',( #1369 ) ) ;
#4489 = ADVANCED_FACE ( 'NONE', ( #166 ), #912, .T. ) ;
#4490 = FILL_AREA_STYLE ('',( #4809 ) ) ;
#4491 = EDGE_CURVE ( 'NONE', #1943, #1606, #1937, .T. ) ;
#4492 = EDGE_CURVE ( 'NONE', #2763, #1967, #5026, .T. ) ;
#4493 = CARTESIAN_POINT ( 'NONE',  ( 0.1376234030231444361, 0.08610788978644282055, -1.089000000000000190 ) ) ;
#4494 = ORIENTED_EDGE ( 'NONE', *, *, #2787, .T. ) ;
#4495 = DIRECTION ( 'NONE',  ( 1.000000000000000000, 0.000000000000000000, 0.000000000000000000 ) ) ;
#4496 = CARTESIAN_POINT ( 'NONE',  ( -0.1135519208403235752, -0.1000407947167527012, -1.089000000000000190 ) ) ;
#4497 =( GEOMETRIC_REPRESENTATION_CONTEXT ( 3 ) GLOBAL_UNCERTAINTY_ASSIGNED_CONTEXT ( ( #742 ) ) GLOBAL_UNIT_ASSIGNED_CONTEXT ( ( #987, #3044, #2622 ) ) REPRESENTATION_CONTEXT ( 'NONE', 'WORKASPACE' ) );
#4498 = PRESENTATION_STYLE_ASSIGNMENT (( #5127 ) ) ;
#4499 = COLOUR_RGB ( '',0.7529411764705882248, 0.7529411764705882248, 0.7529411764705882248 ) ;
#4500 =( NAMED_UNIT ( * ) PLANE_ANGLE_UNIT ( ) SI_UNIT ( $, .RADIAN. ) );
#4501 = ORIENTED_EDGE ( 'NONE', *, *, #5343, .F. ) ;
#4502 = CARTESIAN_POINT ( 'NONE',  ( 0.1621704042067509677, -0.06848230324972638672, -1.089000000000000190 ) ) ;
#4503 = DIRECTION ( 'NONE',  ( 0.000000000000000000, -1.000000000000000000, 0.000000000000000000 ) ) ;
#4504 = CARTESIAN_POINT ( 'NONE',  ( 0.1621704042067509677, -0.06848230324972638672, -1.090000000000000080 ) ) ;
#4505 = EDGE_CURVE ( 'NONE', #3585, #4860, #301, .T. ) ;
#4506 = ORIENTED_EDGE ( 'NONE', *, *, #76, .T. ) ;
#4507 = CARTESIAN_POINT ( 'NONE',  ( -0.2117503858377091375, 0.07794938693723331424, -1.089000000000000412 ) ) ;
#4508 = CARTESIAN_POINT ( 'NONE',  ( -0.2838564198089836288, -0.07217418009359936881, -1.089000000000000190 ) ) ;
#4509 = LINE ( 'NONE', #139, #732 ) ;
#4510 = CARTESIAN_POINT ( 'NONE',  ( 0.1777340584103217214, 0.02938690273173127573, -1.089000000000000190 ) ) ;
#4511 = ORIENTED_EDGE ( 'NONE', *, *, #2241, .T. ) ;
#4512 =( NAMED_UNIT ( * ) PLANE_ANGLE_UNIT ( ) SI_UNIT ( $, .RADIAN. ) );
#4513 = B_SPLINE_CURVE_WITH_KNOTS ( 'NONE', 3,
 ( #3050, #5179, #4832, #232, #4788, #3134, #640, #3153, #1858, #4772, #3523, #661, #687, #2315, #2285, #1881, #5216, #3597, #4397 ),
 .UNSPECIFIED., .F., .F.,
 ( 4, 1, 1, 1, 1, 1, 1, 1, 1, 1, 1, 1, 1, 1, 1, 1, 4 ),
 ( 0.000000000000000000, 0.06863117867660099847, 0.1345664660386766964, 0.1983281540108808028, 0.2607897666408446891, 0.3219991514841584190, 0.3827217465030193222, 0.4435374740357288514, 0.5051334294849249007, 0.5662138747646714432, 0.6261058646175455822, 0.6853493221605165830, 0.7449958703477972399, 0.8054158418145627163, 0.8676362663459531444, 0.9323077823023292465, 1.000000000000000000 ),
 .UNSPECIFIED. ) ;
#4514 = DIRECTION ( 'NONE',  ( -0.000000000000000000, -0.000000000000000000, -1.000000000000000000 ) ) ;
#4515 = ADVANCED_FACE ( 'NONE', ( #3372 ), #3498, .T. ) ;
#4516 = CARTESIAN_POINT ( 'NONE',  ( 0.03278954257431059699, -0.06772372154602099292, -1.090000000000000302 ) ) ;
#4517 = LINE ( 'NONE', #4012, #465 ) ;
#4518 = DIRECTION ( 'NONE',  ( 1.000000000000000000, 0.000000000000000000, -0.000000000000000000 ) ) ;
#4519 = STYLED_ITEM ( 'NONE', ( #915 ), #2026 ) ;
#4520 = FILL_AREA_STYLE_COLOUR ( '', #4477 ) ;
#4521 = ORIENTED_EDGE ( 'NONE', *, *, #5345, .F. ) ;
#4522 = EDGE_CURVE ( 'NONE', #1672, #55, #2725, .T. ) ;
#4523 = LINE ( 'NONE', #4080, #3078 ) ;
#4524 = CARTESIAN_POINT ( 'NONE',  ( -0.1794055793769089580, 0.07800798577105219622, -1.089000000000000190 ) ) ;
#4525 =( GEOMETRIC_REPRESENTATION_CONTEXT ( 3 ) GLOBAL_UNCERTAINTY_ASSIGNED_CONTEXT ( ( #2618 ) ) GLOBAL_UNIT_ASSIGNED_CONTEXT ( ( #2883, #3719, #4968 ) ) REPRESENTATION_CONTEXT ( 'NONE', 'WORKASPACE' ) );
#4526 = EDGE_LOOP ( 'NONE', ( #1167, #3707, #3953, #4494, #4429 ) ) ;
#4527 = CARTESIAN_POINT ( 'NONE',  ( -2.350000000000000089, -1.000000000000000000, -0.9600000000000001865 ) ) ;
#4528 = VECTOR ( 'NONE', #529, 1000.000000000000000 ) ;
#4529 = DIRECTION ( 'NONE',  ( -1.000000000000000000, 0.000000000000000000, -0.000000000000000000 ) ) ;
#4530 = CARTESIAN_POINT ( 'NONE',  ( -0.3135519208403236280, 0.002474449185686330988, -1.089000000000000190 ) ) ;
#4531 = CARTESIAN_POINT ( 'NONE',  ( -2.249999999999999556, 1.653068987169465265, -0.8900000000000000133 ) ) ;
#4532 = CARTESIAN_POINT ( 'NONE',  ( 0.1547407620865057509, -0.002174941058216104360, -1.089999999999999858 ) ) ;
#4533 = ORIENTED_EDGE ( 'NONE', *, *, #4046, .F. ) ;
#4534 = SURFACE_SIDE_STYLE ('',( #697 ) ) ;
#4535 = COLOUR_RGB ( '',0.7529411764705882248, 0.7529411764705882248, 0.7529411764705882248 ) ;
#4536 = ORIENTED_EDGE ( 'NONE', *, *, #1618, .T. ) ;
#4537 = CARTESIAN_POINT ( 'NONE',  ( 0.03278954257431059699, -0.08967494105821612049, -1.090000000000000080 ) ) ;
#4538 = LINE ( 'NONE', #2852, #162 ) ;
#4539 = UNCERTAINTY_MEASURE_WITH_UNIT (LENGTH_MEASURE( 1.000000000000000082E-05 ), #2191, 'distance_accuracy_value', 'NONE');
#4540 = VERTEX_POINT ( 'NONE', #630 ) ;
#4541 = CARTESIAN_POINT ( 'NONE',  ( 2.350000000000000089, 1.000000000000000000, -0.2999999999999999334 ) ) ;
#4542 =( LENGTH_UNIT ( ) NAMED_UNIT ( * ) SI_UNIT ( .MILLI., .METRE. ) );
#4543 = AXIS2_PLACEMENT_3D ( 'NONE', #4711, #2679, #1756 ) ;
#4544 = CARTESIAN_POINT ( 'NONE',  ( -0.4140884254363820793, 0.06442663368981139949, -1.089999999999999858 ) ) ;
#4545 = VERTEX_POINT ( 'NONE', #4370 ) ;
#4546 = CARTESIAN_POINT ( 'NONE',  ( -2.249999999999999556, 1.000000000000000000, 3.409899441760439724E-17 ) ) ;
#4547 = DIRECTION ( 'NONE',  ( -0.000000000000000000, 0.000000000000000000, -1.000000000000000000 ) ) ;
#4548 = PRESENTATION_STYLE_ASSIGNMENT (( #97 ) ) ;
#4549 = MECHANICAL_DESIGN_GEOMETRIC_PRESENTATION_REPRESENTATION (  '', ( #2392 ), #1817 ) ;
#4550 = SURFACE_STYLE_USAGE ( .BOTH. , #5028 ) ;
#4551 = MECHANICAL_DESIGN_GEOMETRIC_PRESENTATION_REPRESENTATION (  '', ( #4721 ), #3935 ) ;
#4552 = SURFACE_STYLE_FILL_AREA ( #2204 ) ;
#4553 = CARTESIAN_POINT ( 'NONE',  ( -0.2761365894953509703, -0.07867929292331969637, -1.089000000000000412 ) ) ;
#4554 = CARTESIAN_POINT ( 'NONE',  ( 0.1108319115547897887, 0.09846494341933298422, -1.089000000000000634 ) ) ;
#4555 = VERTEX_POINT ( 'NONE', #169 ) ;
#4556 = EDGE_CURVE ( 'NONE', #2278, #1796, #1349, .T. ) ;
#4557 = VECTOR ( 'NONE', #5173, 1000.000000000000000 ) ;
#4558 = CARTESIAN_POINT ( 'NONE',  ( -0.4306250915720308825, 0.09995920528324733767, -1.089000000000000190 ) ) ;
#4559 = CARTESIAN_POINT ( 'NONE',  ( -2.350000000000000089, 1.000000000000000000, -0.8900000000000001243 ) ) ;
#4560 = ORIENTED_EDGE ( 'NONE', *, *, #2173, .T. ) ;
#4561 = MECHANICAL_DESIGN_GEOMETRIC_PRESENTATION_REPRESENTATION (  '', ( #4292 ), #261 ) ;
#4562 = EDGE_LOOP ( 'NONE', ( #881, #5225, #5320, #3795, #2514, #2252 ) ) ;
#4563 =( LENGTH_UNIT ( ) NAMED_UNIT ( * ) SI_UNIT ( .MILLI., .METRE. ) );
#4564 = SURFACE_STYLE_FILL_AREA ( #4044 ) ;
#4565 = ADVANCED_FACE ( 'NONE', ( #228 ), #4747, .T. ) ;
#4566 = CARTESIAN_POINT ( 'NONE',  ( 0.1781664609704672608, -0.03469155070478787545, -1.089000000000000190 ) ) ;
#4567 = DIRECTION ( 'NONE',  ( 1.000000000000000000, 0.000000000000000000, 0.000000000000000000 ) ) ;
#4568 = FILL_AREA_STYLE_COLOUR ( '', #1273 ) ;
#4569 = EDGE_CURVE ( 'NONE', #660, #1454, #3968, .T. ) ;
#4570 = VECTOR ( 'NONE', #2639, 1000.000000000000000 ) ;
#4571 = PLANE ( 'NONE',  #926 ) ;
#4572 = DIRECTION ( 'NONE',  ( -0.000000000000000000, 0.000000000000000000, 1.000000000000000000 ) ) ;
#4573 = CARTESIAN_POINT ( 'NONE',  ( 0.03278954257431059699, 0.09447140040519853843, -1.089000000000000190 ) ) ;
#4574 = COLOUR_RGB ( '',0.2509803921568627416, 0.2509803921568627416, 0.2509803921568627416 ) ;
#4575 = CARTESIAN_POINT ( 'NONE',  ( 0.03278954257431059699, 0.06764213211251560165, -1.089000000000000190 ) ) ;
#4576 = CARTESIAN_POINT ( 'NONE',  ( 0.06464793468376622831, -0.1007874871178424114, -1.088999999999999968 ) ) ;
#4577 = DIRECTION ( 'NONE',  ( -0.3635424856527063042, -0.9315776194850602376, 0.000000000000000000 ) ) ;
#4578 = SURFACE_STYLE_FILL_AREA ( #3492 ) ;
#4579 = ORIENTED_EDGE ( 'NONE', *, *, #3402, .F. ) ;
#4580 = AXIS2_PLACEMENT_3D ( 'NONE', #4407, #3531, #2308 ) ;
#4581 = PLANE ( 'NONE',  #4420 ) ;
#4582 = CARTESIAN_POINT ( 'NONE',  ( -0.4200686891330065453, 0.06154457113690584014, -1.089000000000000190 ) ) ;
#4583 = DIRECTION ( 'NONE',  ( -1.000000000000000000, 0.000000000000000000, -0.000000000000000000 ) ) ;
#4584 = MECHANICAL_DESIGN_GEOMETRIC_PRESENTATION_REPRESENTATION (  '', ( #1127 ), #383 ) ;
#4585 = VECTOR ( 'NONE', #249, 1000.000000000000000 ) ;
#4586 = DIRECTION ( 'NONE',  ( 0.000000000000000000, -1.000000000000000000, 0.000000000000000000 ) ) ;
#4587 = ORIENTED_EDGE ( 'NONE', *, *, #1514, .T. ) ;
#4588 = ORIENTED_EDGE ( 'NONE', *, *, #5167, .F. ) ;
#4589 = EDGE_CURVE ( 'NONE', #4685, #4678, #703, .T. ) ;
#4590 = CARTESIAN_POINT ( 'NONE',  ( -0.4140884254363820793, 0.06442663368981139949, -1.089999999999999858 ) ) ;
#4591 = EDGE_CURVE ( 'NONE', #3563, #4619, #3747, .T. ) ;
#4592 = COLOUR_RGB ( '',0.2509803921568627416, 0.2509803921568627416, 0.2509803921568627416 ) ;
#4593 = CARTESIAN_POINT ( 'NONE',  ( -0.3133159826026527539, 0.01318884935108024029, -1.088999999999999968 ) ) ;
#4594 = VERTEX_POINT ( 'NONE', #1141 ) ;
#4595 =( GEOMETRIC_REPRESENTATION_CONTEXT ( 3 ) GLOBAL_UNCERTAINTY_ASSIGNED_CONTEXT ( ( #5263 ) ) GLOBAL_UNIT_ASSIGNED_CONTEXT ( ( #4787, #3080, #4756 ) ) REPRESENTATION_CONTEXT ( 'NONE', 'WORKASPACE' ) );
#4596 = VECTOR ( 'NONE', #2473, 1000.000000000000000 ) ;
#4597 = LINE ( 'NONE', #4363, #1079 ) ;
#4598 = CARTESIAN_POINT ( 'NONE',  ( 0.07983127031706559185, -0.1023861243974784063, -1.090000000000000080 ) ) ;
#4599 = DIRECTION ( 'NONE',  ( -0.000000000000000000, -0.000000000000000000, -1.000000000000000000 ) ) ;
#4600 = COLOUR_RGB ( '',1.000000000000000000, 1.000000000000000000, 1.000000000000000000 ) ;
#4601 = VECTOR ( 'NONE', #4863, 1000.000000000000000 ) ;
#4602 = CARTESIAN_POINT ( 'NONE',  ( 0.1547407620865057509, -0.002174941058216104360, -1.089000000000000190 ) ) ;
#4603 = DIRECTION ( 'NONE',  ( -0.9407669869669988971, 0.3390537954853694025, 0.000000000000000000 ) ) ;
#4604 = VECTOR ( 'NONE', #5010, 1000.000000000000000 ) ;
#4605 = FILL_AREA_STYLE ('',( #2956 ) ) ;
#4606 = SURFACE_STYLE_USAGE ( .BOTH. , #2546 ) ;
#4607 = CARTESIAN_POINT ( 'NONE',  ( 0.000000000000000000, 0.000000000000000000, -1.090000000000000080 ) ) ;
#4608 = UNCERTAINTY_MEASURE_WITH_UNIT (LENGTH_MEASURE( 1.000000000000000082E-05 ), #1025, 'distance_accuracy_value', 'NONE');
#4609 = DIRECTION ( 'NONE',  ( 0.000000000000000000, 0.000000000000000000, -1.000000000000000000 ) ) ;
#4610 = ORIENTED_EDGE ( 'NONE', *, *, #3702, .F. ) ;
#4611 = AXIS2_PLACEMENT_3D ( 'NONE', #1240, #834, #4609 ) ;
#4612 = ORIENTED_EDGE ( 'NONE', *, *, #4637, .T. ) ;
#4613 = DIRECTION ( 'NONE',  ( 1.000000000000000000, 0.000000000000000000, 0.000000000000000000 ) ) ;
#4614 = PRESENTATION_LAYER_ASSIGNMENT (  '', '', ( #3320 ) ) ;
#4615 = FACE_OUTER_BOUND ( 'NONE', #2476, .T. ) ;
#4616 = CARTESIAN_POINT ( 'NONE',  ( 1.550000000000000044, 1.000000000000000000, -1.190000000000000169 ) ) ;
#4617 = VERTEX_POINT ( 'NONE', #2811 ) ;
#4618 = CARTESIAN_POINT ( 'NONE',  ( 0.1285306768880462025, 0.06341043303323495861, -1.088999999999999968 ) ) ;
#4619 = VERTEX_POINT ( 'NONE', #2345 ) ;
#4620 = AXIS2_PLACEMENT_3D ( 'NONE', #4496, #4110, #2011 ) ;
#4621 = DIRECTION ( 'NONE',  ( -0.3390537954853693470, -0.9407669869669987861, 0.000000000000000000 ) ) ;
#4622 = VECTOR ( 'NONE', #653, 1000.000000000000000 ) ;
#4623 = ORIENTED_EDGE ( 'NONE', *, *, #2544, .F. ) ;
#4624 = STYLED_ITEM ( 'NONE', ( #2462 ), #3453 ) ;
#4625 = CARTESIAN_POINT ( 'NONE',  ( -0.2855720011554663262, -0.01586375985887957668, -1.090000000000000080 ) ) ;
#4626 = CARTESIAN_POINT ( 'NONE',  ( 0.1248113934570933559, -0.06873437639436380531, -1.089000000000000412 ) ) ;
#4627 =( NAMED_UNIT ( * ) PLANE_ANGLE_UNIT ( ) SI_UNIT ( $, .RADIAN. ) );
#4628 = PRESENTATION_STYLE_ASSIGNMENT (( #556 ) ) ;
#4629 = CARTESIAN_POINT ( 'NONE',  ( -0.2198956458022318650, 0.09971672715042469159, -1.089999999999999636 ) ) ;
#4630 = ORIENTED_EDGE ( 'NONE', *, *, #739, .F. ) ;
#4631 = CARTESIAN_POINT ( 'NONE',  ( -2.419999999999999929, 1.000000000000000000, -0.2999999999999999334 ) ) ;
#4632 = VECTOR ( 'NONE', #3284, 1000.000000000000000 ) ;
#4633 = CARTESIAN_POINT ( 'NONE',  ( -2.350000000000000089, -1.000000000000000000, -0.9600000000000001865 ) ) ;
#4634 = ORIENTED_EDGE ( 'NONE', *, *, #642, .T. ) ;
#4635 = FACE_OUTER_BOUND ( 'NONE', #4670, .T. ) ;
#4636 = CARTESIAN_POINT ( 'NONE',  ( 0.03278954257431059699, 0.06764213211251560165, -1.089000000000000190 ) ) ;
#4637 = EDGE_CURVE ( 'NONE', #5105, #792, #3901, .T. ) ;
#4638 = ORIENTED_EDGE ( 'NONE', *, *, #3096, .T. ) ;
#4639 = CARTESIAN_POINT ( 'NONE',  ( -0.2787070438753668222, -0.03887824239264809495, -1.089000000000000190 ) ) ;
#4640 = CARTESIAN_POINT ( 'NONE',  ( -0.4156601511957712658, 0.07145439142593013049, -1.088999999999999968 ) ) ;
#4641 = CARTESIAN_POINT ( 'NONE',  ( -0.4185028331339259444, 0.06730785225967944596, -1.088999999999999746 ) ) ;
#4642 = CARTESIAN_POINT ( 'NONE',  ( -0.2838368963226942654, 0.07361262776351350234, -1.089999999999999636 ) ) ;
#4643 = SURFACE_SIDE_STYLE ('',( #4445 ) ) ;
#4644 = FILL_AREA_STYLE_COLOUR ( '', #2582 ) ;
#4645 = ADVANCED_FACE ( 'NONE', ( #3300 ), #3606, .T. ) ;
#4646 = PRESENTATION_LAYER_ASSIGNMENT (  '', '', ( #1019 ) ) ;
#4647 = LINE ( 'NONE', #2031, #1456 ) ;
#4648 = CARTESIAN_POINT ( 'NONE',  ( 1.550000000000000044, -1.000000000000000000, -1.190000000000000169 ) ) ;
#4649 = ORIENTED_EDGE ( 'NONE', *, *, #1788, .T. ) ;
#4650 = MECHANICAL_DESIGN_GEOMETRIC_PRESENTATION_REPRESENTATION (  '', ( #1930 ), #2038 ) ;
#4651 = CARTESIAN_POINT ( 'NONE',  ( 0.03278954257431059699, -0.08967494105821612049, -1.089000000000000190 ) ) ;
#4652 = CARTESIAN_POINT ( 'NONE',  ( 2.419999999999999929, 1.000000000000000000, -0.2999999999999999334 ) ) ;
#4653 =( LENGTH_UNIT ( ) NAMED_UNIT ( * ) SI_UNIT ( .MILLI., .METRE. ) );
#4654 = EDGE_CURVE ( 'NONE', #2043, #1227, #626, .T. ) ;
#4655 = CARTESIAN_POINT ( 'NONE',  ( -0.2408808345561316844, -0.07299757612826041075, -1.089000000000000190 ) ) ;
#4656 = CARTESIAN_POINT ( 'NONE',  ( 0.08412338403772524897, -0.08052859959480147822, -1.089000000000000190 ) ) ;
#4657 = EDGE_LOOP ( 'NONE', ( #3503, #1145, #1292, #2813 ) ) ;
#4658 = CARTESIAN_POINT ( 'NONE',  ( -0.4198191081083284537, 0.06234253802752793422, -1.089000000000000412 ) ) ;
#4659 = PRESENTATION_LAYER_ASSIGNMENT (  '', '', ( #869 ) ) ;
#4660 = VECTOR ( 'NONE', #2747, 1000.000000000000000 ) ;
#4661 = FILL_AREA_STYLE_COLOUR ( '', #761 ) ;
#4662 = LINE ( 'NONE', #4667, #3562 ) ;
#4663 = EDGE_CURVE ( 'NONE', #377, #3452, #776, .T. ) ;
#4664 = CARTESIAN_POINT ( 'NONE',  ( 2.057803591027773216, 1.809999999999999387, 1.090000000000000080 ) ) ;
#4665 = CARTESIAN_POINT ( 'NONE',  ( 0.08669271903996864093, -0.08046237997802481445, -1.089000000000000190 ) ) ;
#4666 = VECTOR ( 'NONE', #4577, 1000.000000000000114 ) ;
#4667 = CARTESIAN_POINT ( 'NONE',  ( -0.006234847669591835062, 0.09995920528324733767, -1.090000000000000080 ) ) ;
#4668 = SURFACE_STYLE_USAGE ( .BOTH. , #2157 ) ;
#4669 = UNCERTAINTY_MEASURE_WITH_UNIT (LENGTH_MEASURE( 1.000000000000000082E-05 ), #1490, 'distance_accuracy_value', 'NONE');
#4670 = EDGE_LOOP ( 'NONE', ( #3687, #52, #2940, #2411 ) ) ;
#4671 = CARTESIAN_POINT ( 'NONE',  ( 0.2742529572084569933, 0.09995920528324733767, -1.090000000000000080 ) ) ;
#4672 = LINE ( 'NONE', #2859, #298 ) ;
#4673 = PRESENTATION_STYLE_ASSIGNMENT (( #3957 ) ) ;
#4674 = PRESENTATION_STYLE_ASSIGNMENT (( #3832 ) ) ;
#4675 = CARTESIAN_POINT ( 'NONE',  ( 2.350000000000000089, 1.000000000000000000, 5.421010862427522170E-17 ) ) ;
#4676 = AXIS2_PLACEMENT_3D ( 'NONE', #2217, #543, #968 ) ;
#4677 = CARTESIAN_POINT ( 'NONE',  ( -0.03306411596227474409, 0.07800798577105219622, -1.089000000000000190 ) ) ;
#4678 = VERTEX_POINT ( 'NONE', #1124 ) ;
#4679 = CARTESIAN_POINT ( 'NONE',  ( 0.1472440274431901508, -0.04139944356084110377, -1.090000000000000524 ) ) ;
#4680 =( NAMED_UNIT ( * ) PLANE_ANGLE_UNIT ( ) SI_UNIT ( $, .RADIAN. ) );
#4681 = ORIENTED_EDGE ( 'NONE', *, *, #2820, .T. ) ;
#4682 =( GEOMETRIC_REPRESENTATION_CONTEXT ( 3 ) GLOBAL_UNCERTAINTY_ASSIGNED_CONTEXT ( ( #1604 ) ) GLOBAL_UNIT_ASSIGNED_CONTEXT ( ( #167, #589, #1846 ) ) REPRESENTATION_CONTEXT ( 'NONE', 'WORKASPACE' ) );
#4683 = CARTESIAN_POINT ( 'NONE',  ( 2.250000000000000888, -1.000000000000000000, 3.409899441760465609E-17 ) ) ;
#4684 = CARTESIAN_POINT ( 'NONE',  ( -0.3135519208403236280, 0.002474449185686330988, -1.090000000000000080 ) ) ;
#4685 = VERTEX_POINT ( 'NONE', #4864 ) ;
#4686 = EDGE_CURVE ( 'NONE', #3518, #1523, #784, .T. ) ;
#4687 = CARTESIAN_POINT ( 'NONE',  ( -0.2597668596538284524, 0.06346528644155166599, -1.089000000000000190 ) ) ;
#4688 = CARTESIAN_POINT ( 'NONE',  ( 0.03278954257431059699, -0.06772372154602099292, -1.090000000000000080 ) ) ;
#4689 = EDGE_CURVE ( 'NONE', #4308, #4074, #4798, .T. ) ;
#4690 = EDGE_LOOP ( 'NONE', ( #2257, #4714, #1365, #4977 ) ) ;
#4691 = LINE ( 'NONE', #3648, #2812 ) ;
#4692 =( GEOMETRIC_REPRESENTATION_CONTEXT ( 3 ) GLOBAL_UNCERTAINTY_ASSIGNED_CONTEXT ( ( #5065 ) ) GLOBAL_UNIT_ASSIGNED_CONTEXT ( ( #1840, #1823, #2224 ) ) REPRESENTATION_CONTEXT ( 'NONE', 'WORKASPACE' ) );
#4693 = EDGE_LOOP ( 'NONE', ( #2680, #2537, #758, #2056 ) ) ;
#4694 = CARTESIAN_POINT ( 'NONE',  ( 0.03456561969986236132, 0.06867416671081143231, -1.089000000000000190 ) ) ;
#4695 = PRESENTATION_LAYER_ASSIGNMENT (  '', '', ( #1696 ) ) ;
#4696 =( NAMED_UNIT ( * ) PLANE_ANGLE_UNIT ( ) SI_UNIT ( $, .RADIAN. ) );
#4697 = SURFACE_SIDE_STYLE ('',( #432 ) ) ;
#4698 = COLOUR_RGB ( '',1.000000000000000000, 1.000000000000000000, 1.000000000000000000 ) ;
#4699 = SURFACE_STYLE_FILL_AREA ( #3379 ) ;
#4700 = FILL_AREA_STYLE ('',( #4661 ) ) ;
#4701 = CARTESIAN_POINT ( 'NONE',  ( 0.1164581798768905413, 0.07184636497056641480, -1.089999999999999858 ) ) ;
#4702 = VECTOR ( 'NONE', #2384, 1000.000000000000000 ) ;
#4703 = STYLED_ITEM ( 'NONE', ( #2962 ), #1315 ) ;
#4704 = CARTESIAN_POINT ( 'NONE',  ( 2.050000000000000266, -1.000000000000000000, -0.2300000000000000100 ) ) ;
#4705 = UNCERTAINTY_MEASURE_WITH_UNIT (LENGTH_MEASURE( 1.000000000000000082E-05 ), #551, 'distance_accuracy_value', 'NONE');
#4706 = CARTESIAN_POINT ( 'NONE',  ( -0.4794055793769089746, -0.1000407947167527012, -1.090000000000000080 ) ) ;
#4707 = DIRECTION ( 'NONE',  ( -1.000000000000000000, 0.000000000000000000, -2.011111420667069011E-16 ) ) ;
#4708 = SURFACE_SIDE_STYLE ('',( #1852 ) ) ;
#4709 =( GEOMETRIC_REPRESENTATION_CONTEXT ( 3 ) GLOBAL_UNCERTAINTY_ASSIGNED_CONTEXT ( ( #1132 ) ) GLOBAL_UNIT_ASSIGNED_CONTEXT ( ( #3942, #2244, #4321 ) ) REPRESENTATION_CONTEXT ( 'NONE', 'WORKASPACE' ) );
#4710 = CARTESIAN_POINT ( 'NONE',  ( -0.1086738720598357383, 0.09995920528324733767, -1.089000000000000190 ) ) ;
#4711 = CARTESIAN_POINT ( 'NONE',  ( -0.5086738720598357189, -0.1000407947167527012, -1.089000000000000190 ) ) ;
#4712 = LINE ( 'NONE', #5401, #3811 ) ;
#4713 = CARTESIAN_POINT ( 'NONE',  ( -1.498759313441822449, 2.114754756274095371, 1.089000000000000190 ) ) ;
#4714 = ORIENTED_EDGE ( 'NONE', *, *, #1788, .F. ) ;
#4715 = PRESENTATION_LAYER_ASSIGNMENT (  '', '', ( #4335 ) ) ;
#4716 = ORIENTED_EDGE ( 'NONE', *, *, #3833, .T. ) ;
#4717 = AXIS2_PLACEMENT_3D ( 'NONE', #3874, #5153, #1399 ) ;
#4718 = DIRECTION ( 'NONE',  ( -0.000000000000000000, -1.000000000000000000, -0.000000000000000000 ) ) ;
#4719 =( GEOMETRIC_REPRESENTATION_CONTEXT ( 3 ) GLOBAL_UNCERTAINTY_ASSIGNED_CONTEXT ( ( #848 ) ) GLOBAL_UNIT_ASSIGNED_CONTEXT ( ( #3749, #3788, #2080 ) ) REPRESENTATION_CONTEXT ( 'NONE', 'WORKASPACE' ) );
#4720 = DIRECTION ( 'NONE',  ( 1.000000000000000000, 0.000000000000000000, -0.000000000000000000 ) ) ;
#4721 = STYLED_ITEM ( 'NONE', ( #2535 ), #2988 ) ;
#4722 = FILL_AREA_STYLE ('',( #994 ) ) ;
#4723 = ORIENTED_EDGE ( 'NONE', *, *, #1515, .T. ) ;
#4724 = DIRECTION ( 'NONE',  ( -0.000000000000000000, -1.000000000000000000, -0.000000000000000000 ) ) ;
#4725 = EDGE_CURVE ( 'NONE', #411, #2278, #2864, .T. ) ;
#4726 = SURFACE_STYLE_FILL_AREA ( #2478 ) ;
#4727 = CARTESIAN_POINT ( 'NONE',  ( 0.05514724973833244615, 0.07730423520668172621, -1.088999999999999746 ) ) ;
#4728 = DIRECTION ( 'NONE',  ( -0.000000000000000000, -0.000000000000000000, -1.000000000000000000 ) ) ;
#4729 = MECHANICAL_DESIGN_GEOMETRIC_PRESENTATION_REPRESENTATION (  '', ( #1075 ), #4463 ) ;
#4730 = PRESENTATION_STYLE_ASSIGNMENT (( #4949 ) ) ;
#4731 = VECTOR ( 'NONE', #609, 999.9999999999998863 ) ;
#4732 =( LENGTH_UNIT ( ) NAMED_UNIT ( * ) SI_UNIT ( .MILLI., .METRE. ) );
#4733 = EDGE_CURVE ( 'NONE', #1014, #4783, #5418, .T. ) ;
#4734 = SURFACE_SIDE_STYLE ('',( #3971 ) ) ;
#4735 = EDGE_LOOP ( 'NONE', ( #2705, #5029, #552, #1986 ) ) ;
#4736 = VERTEX_POINT ( 'NONE', #4988 ) ;
#4737 = VERTEX_POINT ( 'NONE', #773 ) ;
#4738 = DIRECTION ( 'NONE',  ( -1.000000000000000000, 0.000000000000000000, 0.000000000000000000 ) ) ;
#4739 = CARTESIAN_POINT ( 'NONE',  ( -0.03306411596227474409, -0.009796892277728305384, -1.089000000000000190 ) ) ;
#4740 = VECTOR ( 'NONE', #4911, 1000.000000000000000 ) ;
#4741 = FACE_OUTER_BOUND ( 'NONE', #932, .T. ) ;
#4742 = DIRECTION ( 'NONE',  ( 0.000000000000000000, 0.000000000000000000, 1.000000000000000000 ) ) ;
#4743 = SURFACE_SIDE_STYLE ('',( #4578 ) ) ;
#4744 = SURFACE_SIDE_STYLE ('',( #907 ) ) ;
#4745 = COLOUR_RGB ( '',1.000000000000000000, 1.000000000000000000, 1.000000000000000000 ) ;
#4746 = CARTESIAN_POINT ( 'NONE',  ( -0.3134711473997945919, -0.001303067715583582607, -1.089999999999999858 ) ) ;
#4747 = PLANE ( 'NONE',  #4580 ) ;
#4748 = EDGE_LOOP ( 'NONE', ( #3098, #2512, #2205, #4169 ) ) ;
#4749 =( NAMED_UNIT ( * ) PLANE_ANGLE_UNIT ( ) SI_UNIT ( $, .RADIAN. ) );
#4750 = CARTESIAN_POINT ( 'NONE',  ( -0.3021143517432165471, -0.04850684821579001604, -1.089000000000000190 ) ) ;
#4751 = VECTOR ( 'NONE', #887, 1000.000000000000000 ) ;
#4752 = LINE ( 'NONE', #996, #3859 ) ;
#4753 = ADVANCED_FACE ( 'NONE', ( #355 ), #2899, .T. ) ;
#4754 = VERTEX_POINT ( 'NONE', #3326 ) ;
#4755 = AXIS2_PLACEMENT_3D ( 'NONE', #4016, #3569, #3997 ) ;
#4756 =( NAMED_UNIT ( * ) SI_UNIT ( $, .STERADIAN. ) SOLID_ANGLE_UNIT ( ) );
#4757 = LINE ( 'NONE', #2822, #2681 ) ;
#4758 = DIRECTION ( 'NONE',  ( 0.000000000000000000, -1.000000000000000000, 0.000000000000000000 ) ) ;
#4759 = EDGE_CURVE ( 'NONE', #93, #3636, #1732, .T. ) ;
#4760 = ORIENTED_EDGE ( 'NONE', *, *, #1860, .F. ) ;
#4761 = CARTESIAN_POINT ( 'NONE',  ( 2.250000000000001332, -1.810000000000000719, 0.000000000000000000 ) ) ;
#4762 = EDGE_CURVE ( 'NONE', #1454, #1287, #4346, .T. ) ;
#4763 = DIRECTION ( 'NONE',  ( -1.000000000000000000, 0.000000000000000000, 0.000000000000000000 ) ) ;
#4764 =( GEOMETRIC_REPRESENTATION_CONTEXT ( 3 ) GLOBAL_UNCERTAINTY_ASSIGNED_CONTEXT ( ( #1700 ) ) GLOBAL_UNIT_ASSIGNED_CONTEXT ( ( #3225, #3191, #3151 ) ) REPRESENTATION_CONTEXT ( 'NONE', 'WORKASPACE' ) );
#4765 = CARTESIAN_POINT ( 'NONE',  ( -0.2866570964311584979, 0.004966979871729521739, -1.090000000000000080 ) ) ;
#4766 = EDGE_CURVE ( 'NONE', #1743, #2100, #4538, .T. ) ;
#4767 = FILL_AREA_STYLE_COLOUR ( '', #2109 ) ;
#4768 = MANIFOLD_SOLID_BREP ( 'ÇÐ³ý-À­Éì3', #356 ) ;
#4769 = DIRECTION ( 'NONE',  ( -2.396026900520451940E-16, 1.000000000000000000, -0.000000000000000000 ) ) ;
#4770 = ORIENTED_EDGE ( 'NONE', *, *, #1875, .T. ) ;
#4771 =( LENGTH_UNIT ( ) NAMED_UNIT ( * ) SI_UNIT ( .MILLI., .METRE. ) );
#4772 = CARTESIAN_POINT ( 'NONE',  ( -0.2838368963226942654, 0.07361262776351350234, -1.090000000000000080 ) ) ;
#4773 = ORIENTED_EDGE ( 'NONE', *, *, #5066, .F. ) ;
#4774 = CARTESIAN_POINT ( 'NONE',  ( -0.4169817988891040272, 0.07556896138080829162, -1.089000000000000190 ) ) ;
#4775 = SURFACE_STYLE_USAGE ( .BOTH. , #3958 ) ;
#4776 = SURFACE_STYLE_FILL_AREA ( #1005 ) ;
#4777 = SURFACE_SIDE_STYLE ('',( #1947 ) ) ;
#4778 = SURFACE_STYLE_USAGE ( .BOTH. , #2270 ) ;
#4779 = CARTESIAN_POINT ( 'NONE',  ( 0.03462800860007788500, -0.06875923238162851003, -1.089000000000000190 ) ) ;
#4780 =( GEOMETRIC_REPRESENTATION_CONTEXT ( 3 ) GLOBAL_UNCERTAINTY_ASSIGNED_CONTEXT ( ( #1002 ) ) GLOBAL_UNIT_ASSIGNED_CONTEXT ( ( #3975, #1117, #2303 ) ) REPRESENTATION_CONTEXT ( 'NONE', 'WORKASPACE' ) );
#4781 = CARTESIAN_POINT ( 'NONE',  ( -0.3765473476695918587, -0.04394323374114293690, -1.090000000000000080 ) ) ;
#4782 = CARTESIAN_POINT ( 'NONE',  ( 0.04276200868457604581, 0.09799880524600229625, -1.090000000000000080 ) ) ;
#4783 = VERTEX_POINT ( 'NONE', #405 ) ;
#4784 =( NAMED_UNIT ( * ) SI_UNIT ( $, .STERADIAN. ) SOLID_ANGLE_UNIT ( ) );
#4785 =( NAMED_UNIT ( * ) SI_UNIT ( $, .STERADIAN. ) SOLID_ANGLE_UNIT ( ) );
#4786 = EDGE_CURVE ( 'NONE', #913, #1318, #4106, .T. ) ;
#4787 =( LENGTH_UNIT ( ) NAMED_UNIT ( * ) SI_UNIT ( .MILLI., .METRE. ) );
#4788 = CARTESIAN_POINT ( 'NONE',  ( -0.2405396432414250996, 0.09638020214007347874, -1.089999999999999858 ) ) ;
#4789 = MECHANICAL_DESIGN_GEOMETRIC_PRESENTATION_REPRESENTATION (  '', ( #143 ), #4525 ) ;
#4790 = FACE_OUTER_BOUND ( 'NONE', #4180, .T. ) ;
#4791 = CARTESIAN_POINT ( 'NONE',  ( -0.2077973476695918198, -0.07808957520455758750, -1.089000000000000190 ) ) ;
#4792 = CARTESIAN_POINT ( 'NONE',  ( 0.08412338403772524897, -0.08052859959480147822, -1.089000000000000190 ) ) ;
#4793 = PRESENTATION_STYLE_ASSIGNMENT (( #3902 ) ) ;
#4794 = ORIENTED_EDGE ( 'NONE', *, *, #4957, .T. ) ;
#4795 = ORIENTED_EDGE ( 'NONE', *, *, #1934, .F. ) ;
#4796 = SURFACE_SIDE_STYLE ('',( #3537 ) ) ;
#4797 = CARTESIAN_POINT ( 'NONE',  ( 2.350000000000000089, 1.000000000000000000, -0.9600000000000001865 ) ) ;
#4798 = LINE ( 'NONE', #3252, #2534 ) ;
#4799 = VECTOR ( 'NONE', #1260, 1000.000000000000000 ) ;
#4800 =( LENGTH_UNIT ( ) NAMED_UNIT ( * ) SI_UNIT ( .MILLI., .METRE. ) );
#4801 = UNCERTAINTY_MEASURE_WITH_UNIT (LENGTH_MEASURE( 1.000000000000000082E-05 ), #5310, 'distance_accuracy_value', 'NONE');
#4802 = DIRECTION ( 'NONE',  ( -0.000000000000000000, -0.000000000000000000, -1.000000000000000000 ) ) ;
#4803 = VERTEX_POINT ( 'NONE', #2036 ) ;
#4804 = VECTOR ( 'NONE', #2632, 1000.000000000000000 ) ;
#4805 = COLOUR_RGB ( '',1.000000000000000000, 1.000000000000000000, 1.000000000000000000 ) ;
#4806 =( LENGTH_UNIT ( ) NAMED_UNIT ( * ) SI_UNIT ( .MILLI., .METRE. ) );
#4807 = CARTESIAN_POINT ( 'NONE',  ( -0.2108108614239064260, -0.07802443342119971814, -1.090000000000000080 ) ) ;
#4808 = ADVANCED_FACE ( 'NONE', ( #3365 ), #3720, .T. ) ;
#4809 = FILL_AREA_STYLE_COLOUR ( '', #3112 ) ;
#4810 = MECHANICAL_DESIGN_GEOMETRIC_PRESENTATION_REPRESENTATION (  '', ( #905 ), #1008 ) ;
#4811 = FILL_AREA_STYLE_COLOUR ( '', #1238 ) ;
#4812 = FACE_OUTER_BOUND ( 'NONE', #439, .T. ) ;
#4813 = ORIENTED_EDGE ( 'NONE', *, *, #3969, .F. ) ;
#4814 = CARTESIAN_POINT ( 'NONE',  ( 0.06464793468376622831, -0.1007874871178424114, -1.089999999999999858 ) ) ;
#4815 = LINE ( 'NONE', #486, #1436 ) ;
#4816 = CARTESIAN_POINT ( 'NONE',  ( 0.1098376937835306572, 0.07501717103960543753, -1.089000000000000634 ) ) ;
#4817 =( NAMED_UNIT ( * ) SI_UNIT ( $, .STERADIAN. ) SOLID_ANGLE_UNIT ( ) );
#4818 = ORIENTED_EDGE ( 'NONE', *, *, #4759, .F. ) ;
#4819 = CARTESIAN_POINT ( 'NONE',  ( 0.06312196210118967143, -0.07882713251429197820, -1.088999999999999968 ) ) ;
#4820 = MECHANICAL_DESIGN_GEOMETRIC_PRESENTATION_REPRESENTATION (  '', ( #526 ), #5407 ) ;
#4821 = FILL_AREA_STYLE_COLOUR ( '', #4486 ) ;
#4822 = VERTEX_POINT ( 'NONE', #3852 ) ;
#4823 = PRODUCT_DEFINITION_SHAPE ( 'NONE', 'NONE',  #1059 ) ;
#4824 = ORIENTED_EDGE ( 'NONE', *, *, #764, .F. ) ;
#4825 = MECHANICAL_DESIGN_GEOMETRIC_PRESENTATION_REPRESENTATION (  '', ( #919 ), #1478 ) ;
#4826 = CARTESIAN_POINT ( 'NONE',  ( -1.550000000000000044, 1.000000000000000000, -0.9600000000000001865 ) ) ;
#4827 = CARTESIAN_POINT ( 'NONE',  ( -2.249999999999999556, -1.810000000000000719, 0.000000000000000000 ) ) ;
#4828 = LINE ( 'NONE', #5058, #1301 ) ;
#4829 = CARTESIAN_POINT ( 'NONE',  ( 0.06714004580521411303, 0.07970379063349369853, -1.089999999999999636 ) ) ;
#4830 = AXIS2_PLACEMENT_3D ( 'NONE', #2101, #2222, #2261 ) ;
#4831 = CARTESIAN_POINT ( 'NONE',  ( 0.1291785270415127529, 0.09114803956437290966, -1.089000000000000412 ) ) ;
#4832 = CARTESIAN_POINT ( 'NONE',  ( -0.2198956458022318650, 0.09971672715042469159, -1.090000000000000080 ) ) ;
#4833 = EDGE_CURVE ( 'NONE', #1307, #4619, #3163, .T. ) ;
#4834 = DIRECTION ( 'NONE',  ( -0.000000000000000000, -1.000000000000000000, -0.000000000000000000 ) ) ;
#4835 = FILL_AREA_STYLE_COLOUR ( '', #4400 ) ;
#4836 = CARTESIAN_POINT ( 'NONE',  ( 0.1519466916880643503, 0.02401703585502484514, -1.089000000000000412 ) ) ;
#4837 = ADVANCED_FACE ( 'NONE', ( #5208 ), #442, .T. ) ;
#4838 = PRESENTATION_LAYER_ASSIGNMENT (  '', '', ( #4292 ) ) ;
#4839 = LINE ( 'NONE', #5186, #1970 ) ;
#4840 = CARTESIAN_POINT ( 'NONE',  ( 0.1345650748508367134, -0.09208751802347178717, -1.090000000000000080 ) ) ;
#4841 = SURFACE_STYLE_USAGE ( .BOTH. , #696 ) ;
#4842 = UNCERTAINTY_MEASURE_WITH_UNIT (LENGTH_MEASURE( 1.000000000000000082E-05 ), #4984, 'distance_accuracy_value', 'NONE');
#4843 = ORIENTED_EDGE ( 'NONE', *, *, #1896, .F. ) ;
#4844 = ORIENTED_EDGE ( 'NONE', *, *, #5360, .T. ) ;
#4845 = LINE ( 'NONE', #3724, #203 ) ;
#4846 = EDGE_CURVE ( 'NONE', #2834, #2721, #488, .T. ) ;
#4847 = CARTESIAN_POINT ( 'NONE',  ( -0.2866570964311584979, 0.004966979871729521739, -1.090000000000000080 ) ) ;
#4848 =( NAMED_UNIT ( * ) PLANE_ANGLE_UNIT ( ) SI_UNIT ( $, .RADIAN. ) );
#4849 = CARTESIAN_POINT ( 'NONE',  ( 0.07985509135479844367, 0.1023982296734912284, -1.089000000000000190 ) ) ;
#4850 = VECTOR ( 'NONE', #4718, 1000.000000000000000 ) ;
#4851 = CARTESIAN_POINT ( 'NONE',  ( 0.08782003037918867383, -0.1024798191069966058, -1.090000000000000080 ) ) ;
#4852 = CARTESIAN_POINT ( 'NONE',  ( -0.2816685419184126737, -0.03173118452364778047, -1.089000000000000412 ) ) ;
#4853 = SURFACE_SIDE_STYLE ('',( #1461 ) ) ;
#4854 = VERTEX_POINT ( 'NONE', #422 ) ;
#4855 = LINE ( 'NONE', #4175, #3762 ) ;
#4856 = PRESENTATION_STYLE_ASSIGNMENT (( #5273 ) ) ;
#4857 =( NAMED_UNIT ( * ) PLANE_ANGLE_UNIT ( ) SI_UNIT ( $, .RADIAN. ) );
#4858 =( LENGTH_UNIT ( ) NAMED_UNIT ( * ) SI_UNIT ( .MILLI., .METRE. ) );
#4859 = CARTESIAN_POINT ( 'NONE',  ( 0.1562127338797607845, -0.07552832466194200900, -1.089000000000000190 ) ) ;
#4860 = VERTEX_POINT ( 'NONE', #1322 ) ;
#4861 = VERTEX_POINT ( 'NONE', #2559 ) ;
#4862 = STYLED_ITEM ( 'NONE', ( #4730 ), #4753 ) ;
#4863 = DIRECTION ( 'NONE',  ( 0.000000000000000000, -1.000000000000000000, 0.000000000000000000 ) ) ;
#4864 = CARTESIAN_POINT ( 'NONE',  ( -0.006234847669591835062, -0.1000407947167527012, -1.089000000000000190 ) ) ;
#4865 = LINE ( 'NONE', #4688, #219 ) ;
#4866 =( GEOMETRIC_REPRESENTATION_CONTEXT ( 3 ) GLOBAL_UNCERTAINTY_ASSIGNED_CONTEXT ( ( #631 ) ) GLOBAL_UNIT_ASSIGNED_CONTEXT ( ( #4800, #3069, #3495 ) ) REPRESENTATION_CONTEXT ( 'NONE', 'WORKASPACE' ) );
#4867 = FILL_AREA_STYLE ('',( #4487 ) ) ;
#4868 = CARTESIAN_POINT ( 'NONE',  ( -0.2908368297226578969, -0.06490586863998155931, -1.089000000000000856 ) ) ;
#4869 = ORIENTED_EDGE ( 'NONE', *, *, #4006, .T. ) ;
#4870 = ADVANCED_FACE ( 'NONE', ( #2113 ), #3669, .T. ) ;
#4871 = DIRECTION ( 'NONE',  ( 1.000000000000000000, 0.000000000000000000, 0.000000000000000000 ) ) ;
#4872 = EDGE_CURVE ( 'NONE', #2043, #3324, #3689, .T. ) ;
#4873 = PRESENTATION_STYLE_ASSIGNMENT (( #2366 ) ) ;
#4874 = CARTESIAN_POINT ( 'NONE',  ( 0.1655748005361056263, 0.05756047676315498990, -1.089999999999998970 ) ) ;
#4875 = ORIENTED_EDGE ( 'NONE', *, *, #797, .F. ) ;
#4876 = FILL_AREA_STYLE_COLOUR ( '', #3970 ) ;
#4877 = VERTEX_POINT ( 'NONE', #1736 ) ;
#4878 = CARTESIAN_POINT ( 'NONE',  ( -0.03306411596227474409, 0.07800798577105219622, -1.090000000000000080 ) ) ;
#4879 = DIRECTION ( 'NONE',  ( 0.000000000000000000, 0.000000000000000000, -1.000000000000000000 ) ) ;
#4880 = PRESENTATION_LAYER_ASSIGNMENT (  '', '', ( #3547 ) ) ;
#4881 = UNCERTAINTY_MEASURE_WITH_UNIT (LENGTH_MEASURE( 1.000000000000000082E-05 ), #850, 'distance_accuracy_value', 'NONE');
#4882 = CARTESIAN_POINT ( 'NONE',  ( 0.09541524888345156996, 0.07915250234183839051, -1.090000000000000080 ) ) ;
#4883 = DIRECTION ( 'NONE',  ( -1.000000000000000000, 0.000000000000000000, 0.000000000000000000 ) ) ;
#4884 = CARTESIAN_POINT ( 'NONE',  ( 0.08782003037918867383, -0.1024798191069966058, -1.090000000000000080 ) ) ;
#4885 = PRESENTATION_STYLE_ASSIGNMENT (( #741 ) ) ;
#4886 = SURFACE_SIDE_STYLE ('',( #769 ) ) ;
#4887 = VERTEX_POINT ( 'NONE', #1841 ) ;
#4888 = CARTESIAN_POINT ( 'NONE',  ( -0.2173076209385521596, 0.07783503860539203734, -1.089000000000000190 ) ) ;
#4889 = FACE_OUTER_BOUND ( 'NONE', #3677, .T. ) ;
#4890 = FILL_AREA_STYLE_COLOUR ( '', #2485 ) ;
#4891 =( LENGTH_UNIT ( ) NAMED_UNIT ( * ) SI_UNIT ( .MILLI., .METRE. ) );
#4892 = VERTEX_POINT ( 'NONE', #1013 ) ;
#4893 = CARTESIAN_POINT ( 'NONE',  ( 0.1529572254029813450, 0.07330910392467653025, -1.089999999999999192 ) ) ;
#4894 = ORIENTED_EDGE ( 'NONE', *, *, #5308, .F. ) ;
#4895 = CARTESIAN_POINT ( 'NONE',  ( 0.08782003037918867383, -0.1024798191069966058, -1.089000000000000190 ) ) ;
#4896 = B_SPLINE_CURVE_WITH_KNOTS ( 'NONE', 3,
 ( #2097, #26, #3792, #2083, #5081, #1715, #1665 ),
 .UNSPECIFIED., .F., .F.,
 ( 4, 1, 1, 1, 4 ),
 ( 0.000000000000000000, 0.1744817153170503676, 0.3982857591281118714, 0.6738978473986658724, 0.9999999999999998890 ),
 .UNSPECIFIED. ) ;
#4897 = DIRECTION ( 'NONE',  ( 0.000000000000000000, -0.000000000000000000, -1.000000000000000000 ) ) ;
#4898 = FILL_AREA_STYLE ('',( #4067 ) ) ;
#4899 = VERTEX_POINT ( 'NONE', #2577 ) ;
#4900 = AXIS2_PLACEMENT_3D ( 'NONE', #5388, #4976, #3275 ) ;
#4901 = DIRECTION ( 'NONE',  ( -0.000000000000000000, 0.1736481776669307198, 0.9848077530122080203 ) ) ;
#4902 = VECTOR ( 'NONE', #4091, 999.9999999999998863 ) ;
#4903 = ADVANCED_FACE ( 'NONE', ( #1406 ), #768, .T. ) ;
#4904 = CARTESIAN_POINT ( 'NONE',  ( 0.08170829992457397106, -0.08049689148531738447, -1.090000000000000302 ) ) ;
#4905 = CARTESIAN_POINT ( 'NONE',  ( 0.1345650748508367134, -0.09208751802347178717, -1.089000000000000190 ) ) ;
#4906 = PRESENTATION_LAYER_ASSIGNMENT (  '', '', ( #1744 ) ) ;
#4907 = PLANE ( 'NONE',  #2106 ) ;
#4908 = MECHANICAL_DESIGN_GEOMETRIC_PRESENTATION_REPRESENTATION (  '', ( #1717 ), #5027 ) ;
#4909 = CARTESIAN_POINT ( 'NONE',  ( -0.2865297020745643519, 0.01092155561319780623, -1.089000000000000190 ) ) ;
#4910 = PLANE ( 'NONE',  #5098 ) ;
#4911 = DIRECTION ( 'NONE',  ( 0.000000000000000000, -1.000000000000000000, 0.000000000000000000 ) ) ;
#4912 = PRESENTATION_LAYER_ASSIGNMENT (  '', '', ( #4624 ) ) ;
#4913 = CARTESIAN_POINT ( 'NONE',  ( -1.057803591027772327, 1.809999999999999387, 0.000000000000000000 ) ) ;
#4914 = DIRECTION ( 'NONE',  ( 1.000000000000000000, 0.000000000000000000, 0.000000000000000000 ) ) ;
#4915 = VERTEX_POINT ( 'NONE', #4283 ) ;
#4916 = ORIENTED_EDGE ( 'NONE', *, *, #2443, .T. ) ;
#4917 = CARTESIAN_POINT ( 'NONE',  ( -0.3832927744988601226, -0.02199201422894781627, -1.089000000000000190 ) ) ;
#4918 =( LENGTH_UNIT ( ) NAMED_UNIT ( * ) SI_UNIT ( .MILLI., .METRE. ) );
#4919 = COLOUR_RGB ( '',1.000000000000000000, 1.000000000000000000, 1.000000000000000000 ) ;
#4920 = EDGE_LOOP ( 'NONE', ( #2624, #275, #1611, #1332, #4723, #2143 ) ) ;
#4921 = CARTESIAN_POINT ( 'NONE',  ( 0.1799574300910129487, 0.01882810364069225501, -1.090000000000000524 ) ) ;
#4922 = UNCERTAINTY_MEASURE_WITH_UNIT (LENGTH_MEASURE( 1.000000000000000082E-05 ), #390, 'distance_accuracy_value', 'NONE');
#4923 = FILL_AREA_STYLE ('',( #1939 ) ) ;
#4924 = ORIENTED_EDGE ( 'NONE', *, *, #1212, .T. ) ;
#4925 = CARTESIAN_POINT ( 'NONE',  ( -0.1037958232793479707, 0.01215432723446682392, -1.090000000000000080 ) ) ;
#4926 = CARTESIAN_POINT ( 'NONE',  ( 0.1717969299867774247, -0.05268801876074576118, -1.089999999999999858 ) ) ;
#4927 = ORIENTED_EDGE ( 'NONE', *, *, #2923, .F. ) ;
#4928 = STYLED_ITEM ( 'NONE', ( #4674 ), #4 ) ;
#4929 =( NAMED_UNIT ( * ) PLANE_ANGLE_UNIT ( ) SI_UNIT ( $, .RADIAN. ) );
#4930 = FACE_OUTER_BOUND ( 'NONE', #251, .T. ) ;
#4931 = CARTESIAN_POINT ( 'NONE',  ( -0.2787070438753668222, -0.03887824239264809495, -1.090000000000000080 ) ) ;
#4932 = CARTESIAN_POINT ( 'NONE',  ( 0.07985509135479844367, 0.1023982296734912284, -1.089000000000000190 ) ) ;
#4933 = ORIENTED_EDGE ( 'NONE', *, *, #1592, .T. ) ;
#4934 = EDGE_LOOP ( 'NONE', ( #787, #3642, #3315, #748 ) ) ;
#4935 = SURFACE_STYLE_FILL_AREA ( #5047 ) ;
#4936 = B_SPLINE_CURVE_WITH_KNOTS ( 'NONE', 3,
 ( #1588, #3240, #4104, #4159, #4119, #2469, #2004, #1621, #811, #4508, #4553, #2427, #330, #5363, #2857, #3683, #2025, #3257, #2446 ),
 .UNSPECIFIED., .F., .F.,
 ( 4, 1, 1, 1, 1, 1, 1, 1, 1, 1, 1, 1, 1, 1, 1, 1, 4 ),
 ( 0.000000000000000000, 0.06806869584499403159, 0.1334274328189550551, 0.1961460338131564562, 0.2570485924493126073, 0.3168826631591618592, 0.3761872086663213821, 0.4359603353635462253, 0.4965352368627260482, 0.5574653434807329555, 0.6176868634101470024, 0.6779436406969059359, 0.7388052848060400191, 0.8009493367665837527, 0.8648146674702262837, 0.9310247810786568268, 1.000000000000000000 ),
 .UNSPECIFIED. ) ;
#4937 = PRESENTATION_STYLE_ASSIGNMENT (( #2103 ) ) ;
#4938 = DIRECTION ( 'NONE',  ( -1.000000000000000000, 0.000000000000000000, 0.000000000000000000 ) ) ;
#4939 = CARTESIAN_POINT ( 'NONE',  ( -0.1037958232793479707, -0.009796892277728305384, -1.089000000000000190 ) ) ;
#4940 = ORIENTED_EDGE ( 'NONE', *, *, #4663, .F. ) ;
#4941 = ORIENTED_EDGE ( 'NONE', *, *, #1196, .F. ) ;
#4942 = PRESENTATION_STYLE_ASSIGNMENT (( #4550 ) ) ;
#4943 = LINE ( 'NONE', #263, #1674 ) ;
#4944 = CARTESIAN_POINT ( 'NONE',  ( 0.1815700303791886738, -0.003813660570411222129, -1.089000000000000190 ) ) ;
#4945 = COLOUR_RGB ( '',1.000000000000000000, 1.000000000000000000, 1.000000000000000000 ) ;
#4946 = MECHANICAL_DESIGN_GEOMETRIC_PRESENTATION_REPRESENTATION (  '', ( #1019 ), #4309 ) ;
#4947 = CARTESIAN_POINT ( 'NONE',  ( -0.4131327135232504277, 0.06154457113690584014, -1.089000000000000190 ) ) ;
#4948 = ORIENTED_EDGE ( 'NONE', *, *, #5102, .T. ) ;
#4949 = SURFACE_STYLE_USAGE ( .BOTH. , #3680 ) ;
#4950 = ORIENTED_EDGE ( 'NONE', *, *, #3190, .F. ) ;
#4951 = STYLED_ITEM ( 'NONE', ( #2401 ), #2740 ) ;
#4952 = LINE ( 'NONE', #3174, #2985 ) ;
#4953 = CARTESIAN_POINT ( 'NONE',  ( 2.419999999999999929, -1.000000000000000000, -0.2999999999999998779 ) ) ;
#4954 = CARTESIAN_POINT ( 'NONE',  ( 2.419999999999999929, 1.000000000000000000, -0.2999999999999998779 ) ) ;
#4955 = CARTESIAN_POINT ( 'NONE',  ( -1.057803591027772327, 0.000000000000000000, -1.090000000000000080 ) ) ;
#4956 = ORIENTED_EDGE ( 'NONE', *, *, #4226, .F. ) ;
#4957 = EDGE_CURVE ( 'NONE', #1943, #2961, #2243, .T. ) ;
#4958 = UNCERTAINTY_MEASURE_WITH_UNIT (LENGTH_MEASURE( 1.000000000000000082E-05 ), #3002, 'distance_accuracy_value', 'NONE');
#4959 = CARTESIAN_POINT ( 'NONE',  ( 2.350000000000000089, -1.000000000000000000, -0.8900000000000001243 ) ) ;
#4960 = SURFACE_STYLE_USAGE ( .BOTH. , #2930 ) ;
#4961 = AXIS2_PLACEMENT_3D ( 'NONE', #3359, #2556, #3321 ) ;
#4962 = LINE ( 'NONE', #2818, #4237 ) ;
#4963 = CARTESIAN_POINT ( 'NONE',  ( 0.1202589598217402717, 0.09529749084638869383, -1.089999999999999858 ) ) ;
#4964 = ADVANCED_FACE ( 'NONE', ( #4471 ), #3473, .T. ) ;
#4965 = DIRECTION ( 'NONE',  ( -0.000000000000000000, -0.000000000000000000, -1.000000000000000000 ) ) ;
#4966 = ORIENTED_EDGE ( 'NONE', *, *, #3020, .F. ) ;
#4967 = CARTESIAN_POINT ( 'NONE',  ( 0.1545766829938352294, -0.01081015615611796189, -1.090000000000000080 ) ) ;
#4968 =( NAMED_UNIT ( * ) SI_UNIT ( $, .STERADIAN. ) SOLID_ANGLE_UNIT ( ) );
#4969 = EDGE_CURVE ( 'NONE', #1980, #2784, #2450, .T. ) ;
#4970 = SURFACE_STYLE_FILL_AREA ( #2110 ) ;
#4971 = LINE ( 'NONE', #1334, #15 ) ;
#4972 = PRESENTATION_STYLE_ASSIGNMENT (( #4332 ) ) ;
#4973 = ORIENTED_EDGE ( 'NONE', *, *, #5080, .F. ) ;
#4974 = CARTESIAN_POINT ( 'NONE',  ( 0.1545766829938352294, -0.01081015615611796189, -1.089000000000000412 ) ) ;
#4975 = VECTOR ( 'NONE', #4994, 1000.000000000000000 ) ;
#4976 = DIRECTION ( 'NONE',  ( 0.000000000000000000, 0.9848077530122080203, 0.1736481776669307198 ) ) ;
#4977 = ORIENTED_EDGE ( 'NONE', *, *, #2254, .T. ) ;
#4978 = SURFACE_SIDE_STYLE ('',( #444 ) ) ;
#4979 = SURFACE_STYLE_USAGE ( .BOTH. , #1626 ) ;
#4980 = CARTESIAN_POINT ( 'NONE',  ( 0.05085451492529911161, -0.09759323405575102972, -1.090000000000000080 ) ) ;
#4981 = VECTOR ( 'NONE', #4724, 1000.000000000000000 ) ;
#4982 = ORIENTED_EDGE ( 'NONE', *, *, #2214, .T. ) ;
#4983 = CARTESIAN_POINT ( 'NONE',  ( 0.08346732674874120239, 0.1023141846708005703, -1.090000000000000302 ) ) ;
#4984 =( LENGTH_UNIT ( ) NAMED_UNIT ( * ) SI_UNIT ( .MILLI., .METRE. ) );
#4985 = SURFACE_SIDE_STYLE ('',( #1033 ) ) ;
#4986 = PRESENTATION_LAYER_ASSIGNMENT (  '', '', ( #2540 ) ) ;
#4987 = LINE ( 'NONE', #727, #2362 ) ;
#4988 = CARTESIAN_POINT ( 'NONE',  ( -0.4169817988891040272, 0.07556896138080829162, -1.089000000000000190 ) ) ;
#4989 = EDGE_CURVE ( 'NONE', #1685, #2081, #4865, .T. ) ;
#4990 = PRESENTATION_STYLE_ASSIGNMENT (( #540 ) ) ;
#4991 = VERTEX_POINT ( 'NONE', #2657 ) ;
#4992 = CARTESIAN_POINT ( 'NONE',  ( -0.4306250915720308825, 0.09995920528324733767, -1.090000000000000080 ) ) ;
#4993 = EDGE_CURVE ( 'NONE', #4461, #5079, #1603, .T. ) ;
#4994 = DIRECTION ( 'NONE',  ( -1.000000000000000000, 0.000000000000000000, 0.000000000000000000 ) ) ;
#4995 = CARTESIAN_POINT ( 'NONE',  ( -0.1037958232793479707, -0.009796892277728305384, -1.089000000000000190 ) ) ;
#4996 = STYLED_ITEM ( 'NONE', ( #5083 ), #3170 ) ;
#4997 = ORIENTED_EDGE ( 'NONE', *, *, #2241, .F. ) ;
#4998 = ORIENTED_EDGE ( 'NONE', *, *, #3083, .F. ) ;
#4999 =( GEOMETRIC_REPRESENTATION_CONTEXT ( 3 ) GLOBAL_UNCERTAINTY_ASSIGNED_CONTEXT ( ( #3475 ) ) GLOBAL_UNIT_ASSIGNED_CONTEXT ( ( #493, #478, #4297 ) ) REPRESENTATION_CONTEXT ( 'NONE', 'WORKASPACE' ) );
#5000 = LINE ( 'NONE', #3740, #2369 ) ;
#5001 = VERTEX_POINT ( 'NONE', #3490 ) ;
#5002 = CARTESIAN_POINT ( 'NONE',  ( 2.118280233715935879, 1.678280233715935044, 0.7470199158111063831 ) ) ;
#5003 = CARTESIAN_POINT ( 'NONE',  ( -1.083775276098227103, 0.000000000000000000, 1.090000000000000080 ) ) ;
#5004 = VERTEX_POINT ( 'NONE', #995 ) ;
#5005 = ORIENTED_EDGE ( 'NONE', *, *, #2353, .F. ) ;
#5006 = LINE ( 'NONE', #3433, #5135 ) ;
#5007 = VECTOR ( 'NONE', #4879, 1000.000000000000000 ) ;
#5008 = CARTESIAN_POINT ( 'NONE',  ( 0.1536443656691746096, -0.01914569174068243840, -1.089999999999999636 ) ) ;
#5009 = DIRECTION ( 'NONE',  ( 0.000000000000000000, 0.000000000000000000, -1.000000000000000000 ) ) ;
#5010 = DIRECTION ( 'NONE',  ( -0.000000000000000000, -0.000000000000000000, -1.000000000000000000 ) ) ;
#5011 = PRESENTATION_LAYER_ASSIGNMENT (  '', '', ( #4703 ) ) ;
#5012 = LINE ( 'NONE', #4383, #944 ) ;
#5013 =( GEOMETRIC_REPRESENTATION_CONTEXT ( 3 ) GLOBAL_UNCERTAINTY_ASSIGNED_CONTEXT ( ( #4669 ) ) GLOBAL_UNIT_ASSIGNED_CONTEXT ( ( #1490, #4857, #1956 ) ) REPRESENTATION_CONTEXT ( 'NONE', 'WORKASPACE' ) );
#5014 = CARTESIAN_POINT ( 'NONE',  ( 0.1546851981164803769, -0.005099182197370351680, -1.089000000000000190 ) ) ;
#5015 = CARTESIAN_POINT ( 'NONE',  ( -0.3063022325421677627, 0.04251997364209244429, -1.089000000000000412 ) ) ;
#5016 = VECTOR ( 'NONE', #2194, 1000.000000000000000 ) ;
#5017 = VECTOR ( 'NONE', #2442, 1000.000000000000000 ) ;
#5018 = MECHANICAL_DESIGN_GEOMETRIC_PRESENTATION_REPRESENTATION (  '', ( #4335 ), #2664 ) ;
#5019 = ORIENTED_EDGE ( 'NONE', *, *, #959, .T. ) ;
#5020 = SURFACE_STYLE_USAGE ( .BOTH. , #5423 ) ;
#5021 = CARTESIAN_POINT ( 'NONE',  ( 0.08782003037918867383, -0.1024798191069966058, -1.090000000000000080 ) ) ;
#5022 = FACE_OUTER_BOUND ( 'NONE', #332, .T. ) ;
#5023 = VERTEX_POINT ( 'NONE', #1377 ) ;
#5024 = VERTEX_POINT ( 'NONE', #4761 ) ;
#5025 = DIRECTION ( 'NONE',  ( 0.000000000000000000, 1.000000000000000000, 0.000000000000000000 ) ) ;
#5026 = LINE ( 'NONE', #2665, #1679 ) ;
#5027 =( GEOMETRIC_REPRESENTATION_CONTEXT ( 3 ) GLOBAL_UNCERTAINTY_ASSIGNED_CONTEXT ( ( #928 ) ) GLOBAL_UNIT_ASSIGNED_CONTEXT ( ( #1936, #2319, #5255 ) ) REPRESENTATION_CONTEXT ( 'NONE', 'WORKASPACE' ) );
#5028 = SURFACE_SIDE_STYLE ('',( #1345 ) ) ;
#5029 = ORIENTED_EDGE ( 'NONE', *, *, #4047, .F. ) ;
#5030 = CARTESIAN_POINT ( 'NONE',  ( -0.2816685419184126737, -0.03173118452364778047, -1.089000000000000412 ) ) ;
#5031 = CARTESIAN_POINT ( 'NONE',  ( 0.1439008382260414387, -0.04790211173157500613, -1.089000000000000190 ) ) ;
#5032 = CARTESIAN_POINT ( 'NONE',  ( 0.07985509135479844367, 0.1023982296734912284, -1.089000000000000190 ) ) ;
#5033 = UNCERTAINTY_MEASURE_WITH_UNIT (LENGTH_MEASURE( 1.000000000000000082E-05 ), #3049, 'distance_accuracy_value', 'NONE');
#5034 = ORIENTED_EDGE ( 'NONE', *, *, #181, .F. ) ;
#5035 = EDGE_LOOP ( 'NONE', ( #4077, #1806, #1642, #4894, #1137, #3900, #3000, #2635, #4007, #4795, #3054, #520 ) ) ;
#5036 = EDGE_CURVE ( 'NONE', #2602, #1955, #3896, .T. ) ;
#5037 = DIRECTION ( 'NONE',  ( 0.000000000000000000, 0.000000000000000000, -1.000000000000000000 ) ) ;
#5038 = CARTESIAN_POINT ( 'NONE',  ( 0.03466622072930845150, -0.09071079099219471475, -1.089000000000000412 ) ) ;
#5039 = ORIENTED_EDGE ( 'NONE', *, *, #3190, .T. ) ;
#5040 = MECHANICAL_DESIGN_GEOMETRIC_PRESENTATION_REPRESENTATION (  '', ( #1354 ), #5314 ) ;
#5041 = CARTESIAN_POINT ( 'NONE',  ( -0.3765473476695918587, -0.04394323374114293690, -1.090000000000000080 ) ) ;
#5042 = VECTOR ( 'NONE', #2510, 1000.000000000000000 ) ;
#5043 = SURFACE_STYLE_USAGE ( .BOTH. , #2879 ) ;
#5044 = VECTOR ( 'NONE', #3848, 1000.000000000000000 ) ;
#5045 = CARTESIAN_POINT ( 'NONE',  ( 0.07962643281821303598, 0.08044701016129608695, -1.089000000000000190 ) ) ;
#5046 = ORIENTED_EDGE ( 'NONE', *, *, #3969, .T. ) ;
#5047 = FILL_AREA_STYLE ('',( #1687 ) ) ;
#5048 = VECTOR ( 'NONE', #4276, 1000.000000000000000 ) ;
#5049 = LINE ( 'NONE', #1625, #129 ) ;
#5050 = COLOUR_RGB ( '',0.7529411764705882248, 0.7529411764705882248, 0.7529411764705882248 ) ;
#5051 = CARTESIAN_POINT ( 'NONE',  ( 0.09173663420452757289, -0.08033238286633657965, -1.089000000000000190 ) ) ;
#5052 = CARTESIAN_POINT ( 'NONE',  ( -0.006234847669591835062, -0.1000407947167527012, -1.090000000000000080 ) ) ;
#5053 = ORIENTED_EDGE ( 'NONE', *, *, #4969, .F. ) ;
#5054 = CARTESIAN_POINT ( 'NONE',  ( -0.2090168598647138554, 0.09995920528324733767, -1.089999999999999636 ) ) ;
#5055 = LINE ( 'NONE', #3231, #4902 ) ;
#5056 = CARTESIAN_POINT ( 'NONE',  ( -2.419999999999999929, -1.000000000000000000, -0.2999999999999999334 ) ) ;
#5057 = CARTESIAN_POINT ( 'NONE',  ( -0.1135519208403235752, -0.07808957520455758750, -1.090000000000000080 ) ) ;
#5058 = CARTESIAN_POINT ( 'NONE',  ( 0.000000000000000000, 1.617803591027771937, -1.090000000000000080 ) ) ;
#5059 = VERTEX_POINT ( 'NONE', #1824 ) ;
#5060 = CARTESIAN_POINT ( 'NONE',  ( 0.1061044094838751728, -0.07769298697542106891, -1.088999999999999968 ) ) ;
#5061 = MECHANICAL_DESIGN_GEOMETRIC_PRESENTATION_REPRESENTATION (  '', ( #2312 ), #3255 ) ;
#5062 = CARTESIAN_POINT ( 'NONE',  ( -0.2867226525476406218, 0.001902802844222915846, -1.089000000000000190 ) ) ;
#5063 = CARTESIAN_POINT ( 'NONE',  ( 0.04418366253803891752, -0.07339177677842903535, -1.090000000000000080 ) ) ;
#5064 = ORIENTED_EDGE ( 'NONE', *, *, #468, .T. ) ;
#5065 = UNCERTAINTY_MEASURE_WITH_UNIT (LENGTH_MEASURE( 1.000000000000000082E-05 ), #1840, 'distance_accuracy_value', 'NONE');
#5066 = EDGE_CURVE ( 'NONE', #1417, #2961, #2971, .T. ) ;
#5067 = ORIENTED_EDGE ( 'NONE', *, *, #4456, .F. ) ;
#5068 = CARTESIAN_POINT ( 'NONE',  ( -0.2867226525476406218, 0.001902802844222915846, -1.089999999999999858 ) ) ;
#5069 = CARTESIAN_POINT ( 'NONE',  ( -0.1037958232793479707, -0.009796892277728305384, -1.090000000000000080 ) ) ;
#5070 = EDGE_CURVE ( 'NONE', #4298, #4076, #884, .T. ) ;
#5071 = FACE_OUTER_BOUND ( 'NONE', #2808, .T. ) ;
#5072 =( NAMED_UNIT ( * ) SI_UNIT ( $, .STERADIAN. ) SOLID_ANGLE_UNIT ( ) );
#5073 = FACE_OUTER_BOUND ( 'NONE', #173, .T. ) ;
#5074 = PRESENTATION_LAYER_ASSIGNMENT (  '', '', ( #3945 ) ) ;
#5075 = COLOUR_RGB ( '',0.2509803921568627416, 0.2509803921568627416, 0.2509803921568627416 ) ;
#5076 = LINE ( 'NONE', #2338, #2845 ) ;
#5077 = CARTESIAN_POINT ( 'NONE',  ( 0.1285306768880462025, 0.06341043303323495861, -1.089999999999999858 ) ) ;
#5078 = CARTESIAN_POINT ( 'NONE',  ( -2.649999999999999911, -1.000000000000000000, -0.8900000000000001243 ) ) ;
#5079 = VERTEX_POINT ( 'NONE', #2612 ) ;
#5080 = EDGE_CURVE ( 'NONE', #4822, #2081, #5331, .T. ) ;
#5081 = CARTESIAN_POINT ( 'NONE',  ( -0.4177708763444484275, 0.07119458265552168486, -1.090000000000000524 ) ) ;
#5082 = VECTOR ( 'NONE', #3441, 1000.000000000000000 ) ;
#5083 = PRESENTATION_STYLE_ASSIGNMENT (( #4481 ) ) ;
#5084 = CARTESIAN_POINT ( 'NONE',  ( 0.1430778562102257290, 0.04599426269305558618, -1.089000000000000190 ) ) ;
#5085 = CARTESIAN_POINT ( 'NONE',  ( -0.2855384592342866679, 0.01955775718663459173, -1.088999999999999968 ) ) ;
#5086 = CARTESIAN_POINT ( 'NONE',  ( -0.4501753964500797012, -0.02199201422894781627, -1.089000000000000190 ) ) ;
#5087 = LINE ( 'NONE', #3127, #351 ) ;
#5088 = ADVANCED_FACE ( 'NONE', ( #280 ), #2225, .T. ) ;
#5089 = CARTESIAN_POINT ( 'NONE',  ( -0.2855720011554663262, -0.01586375985887957668, -1.089000000000000412 ) ) ;
#5090 = CARTESIAN_POINT ( 'NONE',  ( -0.4163339330354455248, 0.07556896138080829162, -1.089000000000000190 ) ) ;
#5091 =( LENGTH_UNIT ( ) NAMED_UNIT ( * ) SI_UNIT ( .MILLI., .METRE. ) );
#5092 = DIRECTION ( 'NONE',  ( -0.000000000000000000, 0.000000000000000000, -1.000000000000000000 ) ) ;
#5093 = COLOUR_RGB ( '',1.000000000000000000, 1.000000000000000000, 1.000000000000000000 ) ;
#5094 = FACE_OUTER_BOUND ( 'NONE', #1459, .T. ) ;
#5095 = PRESENTATION_LAYER_ASSIGNMENT (  '', '', ( #984 ) ) ;
#5096 = CARTESIAN_POINT ( 'NONE',  ( 0.08765095334115120818, 0.08027446827892720238, -1.090000000000000080 ) ) ;
#5097 =( LENGTH_UNIT ( ) NAMED_UNIT ( * ) SI_UNIT ( .MILLI., .METRE. ) );
#5098 = AXIS2_PLACEMENT_3D ( 'NONE', #4138, #1638, #3273 ) ;
#5099 =( NAMED_UNIT ( * ) PLANE_ANGLE_UNIT ( ) SI_UNIT ( $, .RADIAN. ) );
#5100 = ORIENTED_EDGE ( 'NONE', *, *, #282, .T. ) ;
#5101 = CARTESIAN_POINT ( 'NONE',  ( 0.1535865244939644547, 0.01571731292181339015, -1.088999999999999968 ) ) ;
#5102 = EDGE_CURVE ( 'NONE', #4899, #5001, #1721, .T. ) ;
#5103 = CARTESIAN_POINT ( 'NONE',  ( 0.04418366253803891752, -0.07339177677842903535, -1.089000000000000190 ) ) ;
#5104 = UNCERTAINTY_MEASURE_WITH_UNIT (LENGTH_MEASURE( 1.000000000000000082E-05 ), #1851, 'distance_accuracy_value', 'NONE');
#5105 = VERTEX_POINT ( 'NONE', #3019 ) ;
#5106 =( GEOMETRIC_REPRESENTATION_CONTEXT ( 3 ) GLOBAL_UNCERTAINTY_ASSIGNED_CONTEXT ( ( #1401 ) ) GLOBAL_UNIT_ASSIGNED_CONTEXT ( ( #4057, #1923, #5336 ) ) REPRESENTATION_CONTEXT ( 'NONE', 'WORKASPACE' ) );
#5107 = CARTESIAN_POINT ( 'NONE',  ( -0.4161007165409541519, 0.07414478292316410701, -1.088999999999999968 ) ) ;
#5108 = CARTESIAN_POINT ( 'NONE',  ( -0.4198191081083284537, 0.06234253802752793422, -1.090000000000000080 ) ) ;
#5109 = SURFACE_STYLE_FILL_AREA ( #1362 ) ;
#5110 = CARTESIAN_POINT ( 'NONE',  ( -1.057803591027772327, -1.810000000000000719, 0.000000000000000000 ) ) ;
#5111 = EDGE_LOOP ( 'NONE', ( #4506, #3037, #873, #1909 ) ) ;
#5112 = FILL_AREA_STYLE_COLOUR ( '', #2708 ) ;
#5113 = CARTESIAN_POINT ( 'NONE',  ( 0.1189392974296098887, -0.07236084176051878203, -1.089999999999999636 ) ) ;
#5114 = SURFACE_SIDE_STYLE ('',( #1831 ) ) ;
#5115 = LINE ( 'NONE', #4195, #1635 ) ;
#5116 = CARTESIAN_POINT ( 'NONE',  ( 0.08669271903996864093, -0.08046237997802481445, -1.089999999999999858 ) ) ;
#5117 = CIRCLE ( 'NONE', #4961, 0.06999999999999975686 ) ;
#5118 = DIRECTION ( 'NONE',  ( -1.000000000000000000, 0.000000000000000000, 0.000000000000000000 ) ) ;
#5119 = CARTESIAN_POINT ( 'NONE',  ( -2.249999999999999556, 1.617803591027771937, 1.090000000000000080 ) ) ;
#5120 = EDGE_CURVE ( 'NONE', #424, #2784, #5012, .T. ) ;
#5121 = ORIENTED_EDGE ( 'NONE', *, *, #3542, .F. ) ;
#5122 = FACE_OUTER_BOUND ( 'NONE', #1882, .T. ) ;
#5123 = CARTESIAN_POINT ( 'NONE',  ( -1.083775276098227103, 1.809999999999999387, 0.000000000000000000 ) ) ;
#5124 = FILL_AREA_STYLE ('',( #3447 ) ) ;
#5125 = EDGE_LOOP ( 'NONE', ( #3289, #1181, #4204, #3822, #2021, #2347, #83, #815, #1068, #1899, #2853, #4241 ) ) ;
#5126 = STYLED_ITEM ( 'NONE', ( #5309 ), #1771 ) ;
#5127 = SURFACE_STYLE_USAGE ( .BOTH. , #2186 ) ;
#5128 =( NAMED_UNIT ( * ) SI_UNIT ( $, .STERADIAN. ) SOLID_ANGLE_UNIT ( ) );
#5129 = ORIENTED_EDGE ( 'NONE', *, *, #4136, .F. ) ;
#5130 = DIRECTION ( 'NONE',  ( 0.000000000000000000, -0.000000000000000000, 1.000000000000000000 ) ) ;
#5131 = UNCERTAINTY_MEASURE_WITH_UNIT (LENGTH_MEASURE( 1.000000000000000082E-05 ), #2929, 'distance_accuracy_value', 'NONE');
#5132 = CARTESIAN_POINT ( 'NONE',  ( -0.5086738720598357189, -0.1000407947167527012, -1.090000000000000080 ) ) ;
#5133 = MECHANICAL_DESIGN_GEOMETRIC_PRESENTATION_REPRESENTATION (  '', ( #534 ), #174 ) ;
#5134 = ORIENTED_EDGE ( 'NONE', *, *, #2329, .T. ) ;
#5135 = VECTOR ( 'NONE', #3467, 1000.000000000000000 ) ;
#5136 = VECTOR ( 'NONE', #1134, 1000.000000000000000 ) ;
#5137 = EDGE_CURVE ( 'NONE', #5281, #5001, #5076, .T. ) ;
#5138 = FILL_AREA_STYLE ('',( #3444 ) ) ;
#5139 = CARTESIAN_POINT ( 'NONE',  ( -0.3134720872615686660, 0.006099842499883164661, -1.089999999999999636 ) ) ;
#5140 = SURFACE_STYLE_FILL_AREA ( #979 ) ;
#5141 = MECHANICAL_DESIGN_GEOMETRIC_PRESENTATION_REPRESENTATION (  '', ( #4703 ), #5283 ) ;
#5142 = DIRECTION ( 'NONE',  ( -0.000000000000000000, -0.000000000000000000, -1.000000000000000000 ) ) ;
#5143 = DIRECTION ( 'NONE',  ( 1.000000000000000000, 0.000000000000000000, 0.000000000000000000 ) ) ;
#5144 = VECTOR ( 'NONE', #3697, 1000.000000000000000 ) ;
#5145 = EDGE_CURVE ( 'NONE', #5288, #1287, #3955, .T. ) ;
#5146 = DIRECTION ( 'NONE',  ( 0.000000000000000000, 1.000000000000000000, 0.000000000000000000 ) ) ;
#5147 = SURFACE_STYLE_USAGE ( .BOTH. , #3849 ) ;
#5148 =( LENGTH_UNIT ( ) NAMED_UNIT ( * ) SI_UNIT ( .MILLI., .METRE. ) );
#5149 = PRESENTATION_STYLE_ASSIGNMENT (( #268 ) ) ;
#5150 = FILL_AREA_STYLE ('',( #2629 ) ) ;
#5151 = DIRECTION ( 'NONE',  ( -0.000000000000000000, -0.000000000000000000, -1.000000000000000000 ) ) ;
#5152 = FILL_AREA_STYLE_COLOUR ( '', #1569 ) ;
#5153 = DIRECTION ( 'NONE',  ( -0.000000000000000000, 1.000000000000000000, -0.000000000000000000 ) ) ;
#5154 = LINE ( 'NONE', #1811, #1550 ) ;
#5155 =( NAMED_UNIT ( * ) PLANE_ANGLE_UNIT ( ) SI_UNIT ( $, .RADIAN. ) );
#5156 = MECHANICAL_DESIGN_GEOMETRIC_PRESENTATION_REPRESENTATION (  '', ( #4862 ), #2698 ) ;
#5157 = PRESENTATION_STYLE_ASSIGNMENT (( #5020 ) ) ;
#5158 = DIRECTION ( 'NONE',  ( -0.1736481776669307198, 0.000000000000000000, 0.9848077530122080203 ) ) ;
#5159 = CARTESIAN_POINT ( 'NONE',  ( -0.006234847669591835062, 0.09995920528324733767, -1.089000000000000190 ) ) ;
#5160 = CARTESIAN_POINT ( 'NONE',  ( -0.4131327135232504277, 0.06154457113690584014, -1.089000000000000190 ) ) ;
#5161 = PRESENTATION_STYLE_ASSIGNMENT (( #2712 ) ) ;
#5162 = CARTESIAN_POINT ( 'NONE',  ( 2.250000000000000444, 1.000000000000000000, 0.000000000000000000 ) ) ;
#5163 = ORIENTED_EDGE ( 'NONE', *, *, #4247, .T. ) ;
#5164 = EDGE_CURVE ( 'NONE', #1770, #982, #4597, .T. ) ;
#5165 =( LENGTH_UNIT ( ) NAMED_UNIT ( * ) SI_UNIT ( .MILLI., .METRE. ) );
#5166 =( NAMED_UNIT ( * ) SI_UNIT ( $, .STERADIAN. ) SOLID_ANGLE_UNIT ( ) );
#5167 = EDGE_CURVE ( 'NONE', #3213, #4199, #3031, .T. ) ;
#5168 = LINE ( 'NONE', #409, #380 ) ;
#5169 = DIRECTION ( 'NONE',  ( 0.000000000000000000, -1.000000000000000000, 0.000000000000000000 ) ) ;
#5170 = VERTEX_POINT ( 'NONE', #199 ) ;
#5171 = CARTESIAN_POINT ( 'NONE',  ( 0.04933175542734846708, 0.07552563504074501222, -1.089000000000000412 ) ) ;
#5172 = ORIENTED_EDGE ( 'NONE', *, *, #2355, .T. ) ;
#5173 = DIRECTION ( 'NONE',  ( -0.000000000000000000, -0.1736481776669307198, 0.9848077530122080203 ) ) ;
#5174 = ORIENTED_EDGE ( 'NONE', *, *, #2555, .F. ) ;
#5175 = DIRECTION ( 'NONE',  ( 1.000000000000000000, 0.000000000000000000, -0.000000000000000000 ) ) ;
#5176 = CARTESIAN_POINT ( 'NONE',  ( -0.3133128162803870409, -0.008707710573945707383, -1.088999999999999968 ) ) ;
#5177 = VECTOR ( 'NONE', #2034, 1000.000000000000000 ) ;
#5178 = SURFACE_SIDE_STYLE ('',( #3592 ) ) ;
#5179 = CARTESIAN_POINT ( 'NONE',  ( -0.2126912326779837326, 0.09987730689273084661, -1.090000000000000080 ) ) ;
#5180 = COLOUR_RGB ( '',0.2509803921568627416, 0.2509803921568627416, 0.2509803921568627416 ) ;
#5181 = SURFACE_STYLE_FILL_AREA ( #5239 ) ;
#5182 = DIRECTION ( 'NONE',  ( 1.000000000000000000, 0.000000000000000000, 0.000000000000000000 ) ) ;
#5183 = CARTESIAN_POINT ( 'NONE',  ( -2.419999999999999929, -1.000000000000000000, -0.2999999999999998779 ) ) ;
#5184 = EDGE_LOOP ( 'NONE', ( #4610, #5134, #2309, #1496, #570, #4843, #4623, #2895 ) ) ;
#5185 = ADVANCED_FACE ( 'NONE', ( #90 ), #3561, .T. ) ;
#5186 = CARTESIAN_POINT ( 'NONE',  ( -0.4169817988891040272, 0.07556896138080829162, -1.089000000000000190 ) ) ;
#5187 = FACE_OUTER_BOUND ( 'NONE', #4562, .T. ) ;
#5188 = CARTESIAN_POINT ( 'NONE',  ( -0.4177708763444484275, 0.07119458265552168486, -1.089000000000000634 ) ) ;
#5189 = ORIENTED_EDGE ( 'NONE', *, *, #4663, .T. ) ;
#5190 = AXIS2_PLACEMENT_3D ( 'NONE', #545, #1693, #4438 ) ;
#5191 = CARTESIAN_POINT ( 'NONE',  ( -2.249999999999999556, 1.809999999999999387, 0.000000000000000000 ) ) ;
#5192 = PRESENTATION_LAYER_ASSIGNMENT (  '', '', ( #3215 ) ) ;
#5193 = PRESENTATION_STYLE_ASSIGNMENT (( #612 ) ) ;
#5194 = FILL_AREA_STYLE ('',( #2279 ) ) ;
#5195 = UNCERTAINTY_MEASURE_WITH_UNIT (LENGTH_MEASURE( 1.000000000000000082E-05 ), #1020, 'distance_accuracy_value', 'NONE');
#5196 = MECHANICAL_DESIGN_GEOMETRIC_PRESENTATION_REPRESENTATION (  '', ( #4342 ), #140 ) ;
#5197 = PLANE ( 'NONE',  #1977 ) ;
#5198 = LINE ( 'NONE', #5002, #3617 ) ;
#5199 = PRESENTATION_STYLE_ASSIGNMENT (( #4775 ) ) ;
#5200 =( NAMED_UNIT ( * ) PLANE_ANGLE_UNIT ( ) SI_UNIT ( $, .RADIAN. ) );
#5201 = MECHANICAL_DESIGN_GEOMETRIC_PRESENTATION_REPRESENTATION (  '', ( #4624 ), #502 ) ;
#5202 = CARTESIAN_POINT ( 'NONE',  ( -0.4794055793769089746, -0.1000407947167527012, -1.089000000000000190 ) ) ;
#5203 = ORIENTED_EDGE ( 'NONE', *, *, #566, .F. ) ;
#5204 = FILL_AREA_STYLE ('',( #3960 ) ) ;
#5205 = DIRECTION ( 'NONE',  ( 1.000000000000000000, 0.000000000000000000, -0.000000000000000000 ) ) ;
#5206 = CARTESIAN_POINT ( 'NONE',  ( 0.06992400785755294168, -0.07979277637729766115, -1.089000000000000190 ) ) ;
#5207 =( NAMED_UNIT ( * ) SI_UNIT ( $, .STERADIAN. ) SOLID_ANGLE_UNIT ( ) );
#5208 = FACE_OUTER_BOUND ( 'NONE', #4179, .T. ) ;
#5209 = CARTESIAN_POINT ( 'NONE',  ( 0.03278954257431059699, 0.09447140040519853843, -1.089000000000000190 ) ) ;
#5210 = CARTESIAN_POINT ( 'NONE',  ( -0.4037958232793479874, 0.09995920528324733767, -1.089000000000000190 ) ) ;
#5211 = VERTEX_POINT ( 'NONE', #4792 ) ;
#5212 = ADVANCED_FACE ( 'NONE', ( #3487 ), #3755, .T. ) ;
#5213 = FACE_OUTER_BOUND ( 'NONE', #2658, .T. ) ;
#5214 =( GEOMETRIC_REPRESENTATION_CONTEXT ( 3 ) GLOBAL_UNCERTAINTY_ASSIGNED_CONTEXT ( ( #4059 ) ) GLOBAL_UNIT_ASSIGNED_CONTEXT ( ( #1826, #3461, #3922 ) ) REPRESENTATION_CONTEXT ( 'NONE', 'WORKASPACE' ) );
#5215 = FILL_AREA_STYLE ('',( #2299 ) ) ;
#5216 = CARTESIAN_POINT ( 'NONE',  ( -0.3133159826026527539, 0.01318884935108024029, -1.089999999999999858 ) ) ;
#5217 =( NAMED_UNIT ( * ) SI_UNIT ( $, .STERADIAN. ) SOLID_ANGLE_UNIT ( ) );
#5218 = DIRECTION ( 'NONE',  ( -0.000000000000000000, -1.000000000000000000, -0.000000000000000000 ) ) ;
#5219 = SURFACE_SIDE_STYLE ('',( #3721 ) ) ;
#5220 = CARTESIAN_POINT ( 'NONE',  ( -0.2679764930182177429, 0.08518215914007011558, -1.088999999999999746 ) ) ;
#5221 = CARTESIAN_POINT ( 'NONE',  ( 0.03832075084706200452, -0.07083915910111290848, -1.089000000000000190 ) ) ;
#5222 = PRESENTATION_STYLE_ASSIGNMENT (( #4024 ) ) ;
#5223 = UNCERTAINTY_MEASURE_WITH_UNIT (LENGTH_MEASURE( 1.000000000000000082E-05 ), #197, 'distance_accuracy_value', 'NONE');
#5224 = CARTESIAN_POINT ( 'NONE',  ( 0.03278954257431059699, 0.09447140040519853843, -1.090000000000000080 ) ) ;
#5225 = ORIENTED_EDGE ( 'NONE', *, *, #5422, .T. ) ;
#5226 = ORIENTED_EDGE ( 'NONE', *, *, #2923, .T. ) ;
#5227 = PRESENTATION_LAYER_ASSIGNMENT (  '', '', ( #4862 ) ) ;
#5228 = DIRECTION ( 'NONE',  ( -0.1736481776669307198, 0.000000000000000000, -0.9848077530122080203 ) ) ;
#5229 = PLANE ( 'NONE',  #3965 ) ;
#5230 = VERTEX_POINT ( 'NONE', #4530 ) ;
#5231 = MECHANICAL_DESIGN_GEOMETRIC_PRESENTATION_REPRESENTATION (  '', ( #4212 ), #74 ) ;
#5232 = CARTESIAN_POINT ( 'NONE',  ( 0.03438156727644137850, 0.09511763833137322488, -1.088999999999999968 ) ) ;
#5233 = FACE_OUTER_BOUND ( 'NONE', #1370, .T. ) ;
#5234 = CARTESIAN_POINT ( 'NONE',  ( 0.07983127031706559185, -0.1023861243974784063, -1.090000000000000080 ) ) ;
#5235 = EDGE_CURVE ( 'NONE', #913, #472, #2447, .T. ) ;
#5236 = CARTESIAN_POINT ( 'NONE',  ( -0.2408808345561316844, -0.07299757612826041075, -1.089000000000000190 ) ) ;
#5237 = CARTESIAN_POINT ( 'NONE',  ( 0.07985509135479844367, 0.1023982296734912284, -1.089000000000000190 ) ) ;
#5238 = ADVANCED_FACE ( 'NONE', ( #212 ), #1991, .T. ) ;
#5239 = FILL_AREA_STYLE ('',( #3024 ) ) ;
#5240 = MECHANICAL_DESIGN_GEOMETRIC_PRESENTATION_REPRESENTATION (  '', ( #869 ), #354 ) ;
#5241 = PLANE ( 'NONE',  #3361 ) ;
#5242 = CARTESIAN_POINT ( 'NONE',  ( -0.2969089398104839406, -0.05698056362044875978, -1.089999999999999636 ) ) ;
#5243 =( NAMED_UNIT ( * ) SI_UNIT ( $, .STERADIAN. ) SOLID_ANGLE_UNIT ( ) );
#5244 = FACE_OUTER_BOUND ( 'NONE', #2673, .T. ) ;
#5245 = EDGE_CURVE ( 'NONE', #1647, #2683, #339, .T. ) ;
#5246 = PLANE ( 'NONE',  #1910 ) ;
#5247 = ORIENTED_EDGE ( 'NONE', *, *, #3650, .F. ) ;
#5248 = DIRECTION ( 'NONE',  ( 0.000000000000000000, -1.000000000000000000, 0.000000000000000000 ) ) ;
#5249 = SURFACE_STYLE_FILL_AREA ( #5138 ) ;
#5250 = FILL_AREA_STYLE_COLOUR ( '', #2149 ) ;
#5251 = CARTESIAN_POINT ( 'NONE',  ( 0.05085451492529911161, -0.09759323405575102972, -1.090000000000000080 ) ) ;
#5252 = ORIENTED_EDGE ( 'NONE', *, *, #468, .F. ) ;
#5253 = ORIENTED_EDGE ( 'NONE', *, *, #1302, .T. ) ;
#5254 = CARTESIAN_POINT ( 'NONE',  ( 0.07985509135479844367, 0.1023982296734912284, -1.090000000000000080 ) ) ;
#5255 =( NAMED_UNIT ( * ) SI_UNIT ( $, .STERADIAN. ) SOLID_ANGLE_UNIT ( ) );
#5256 = EDGE_LOOP ( 'NONE', ( #2785, #3046, #1623, #2398 ) ) ;
#5257 = SURFACE_STYLE_USAGE ( .BOTH. , #2341 ) ;
#5258 = ORIENTED_EDGE ( 'NONE', *, *, #835, .F. ) ;
#5259 = SURFACE_SIDE_STYLE ('',( #3516 ) ) ;
#5260 = PRESENTATION_LAYER_ASSIGNMENT (  '', '', ( #1293 ) ) ;
#5261 = SURFACE_STYLE_FILL_AREA ( #4257 ) ;
#5262 = CARTESIAN_POINT ( 'NONE',  ( 0.07985509135479844367, 0.1023982296734912284, -1.090000000000000080 ) ) ;
#5263 = UNCERTAINTY_MEASURE_WITH_UNIT (LENGTH_MEASURE( 1.000000000000000082E-05 ), #4787, 'distance_accuracy_value', 'NONE');
#5264 = DIRECTION ( 'NONE',  ( -0.000000000000000000, -1.000000000000000000, -0.000000000000000000 ) ) ;
#5265 = CARTESIAN_POINT ( 'NONE',  ( -0.2761365894953509703, -0.07867929292331969637, -1.089999999999999858 ) ) ;
#5266 = EDGE_CURVE ( 'NONE', #3452, #2995, #3350, .T. ) ;
#5267 = ORIENTED_EDGE ( 'NONE', *, *, #923, .F. ) ;
#5268 = EDGE_CURVE ( 'NONE', #1227, #3743, #2377, .T. ) ;
#5269 = CARTESIAN_POINT ( 'NONE',  ( 0.08346732674874120239, 0.1023141846708005703, -1.089000000000000412 ) ) ;
#5270 = DIRECTION ( 'NONE',  ( -1.000000000000000000, 0.000000000000000000, 0.000000000000000000 ) ) ;
#5271 = PRESENTATION_LAYER_ASSIGNMENT (  '', '', ( #4996 ) ) ;
#5272 = CARTESIAN_POINT ( 'NONE',  ( -2.649999999999999911, 1.000000000000000000, -0.8900000000000001243 ) ) ;
#5273 = SURFACE_STYLE_USAGE ( .BOTH. , #3544 ) ;
#5274 = PRESENTATION_LAYER_ASSIGNMENT (  '', '', ( #1310 ) ) ;
#5275 = ORIENTED_EDGE ( 'NONE', *, *, #1689, .F. ) ;
#5276 = EDGE_LOOP ( 'NONE', ( #3916, #3095, #3059, #4649 ) ) ;
#5277 = FILL_AREA_STYLE_COLOUR ( '', #2158 ) ;
#5278 = CARTESIAN_POINT ( 'NONE',  ( 0.1815075206808278996, -0.007437953709782324681, -1.089000000000000190 ) ) ;
#5279 = CARTESIAN_POINT ( 'NONE',  ( -1.083775276098227103, -1.617803591027773269, 1.090000000000000080 ) ) ;
#5280 =( LENGTH_UNIT ( ) NAMED_UNIT ( * ) SI_UNIT ( .MILLI., .METRE. ) );
#5281 = VERTEX_POINT ( 'NONE', #2380 ) ;
#5282 = COLOUR_RGB ( '',0.7529411764705882248, 0.7529411764705882248, 0.7529411764705882248 ) ;
#5283 =( GEOMETRIC_REPRESENTATION_CONTEXT ( 3 ) GLOBAL_UNCERTAINTY_ASSIGNED_CONTEXT ( ( #3236 ) ) GLOBAL_UNIT_ASSIGNED_CONTEXT ( ( #4157, #4929, #365 ) ) REPRESENTATION_CONTEXT ( 'NONE', 'WORKASPACE' ) );
#5284 =( NAMED_UNIT ( * ) PLANE_ANGLE_UNIT ( ) SI_UNIT ( $, .RADIAN. ) );
#5285 = DIRECTION ( 'NONE',  ( 0.000000000000000000, 0.1736481776669307198, -0.9848077530122080203 ) ) ;
#5286 =( NAMED_UNIT ( * ) SI_UNIT ( $, .STERADIAN. ) SOLID_ANGLE_UNIT ( ) );
#5287 = PRESENTATION_STYLE_ASSIGNMENT (( #11 ) ) ;
#5288 = VERTEX_POINT ( 'NONE', #287 ) ;
#5289 = CARTESIAN_POINT ( 'NONE',  ( 0.03762726941769833217, 0.09643514038893515050, -1.089000000000000412 ) ) ;
#5290 = MECHANICAL_DESIGN_GEOMETRIC_PRESENTATION_REPRESENTATION (  '', ( #3316 ), #3394 ) ;
#5291 = ADVANCED_BREP_SHAPE_REPRESENTATION ( 'SMB_L4.5-W3.6-LS5.3-RD', ( #4768, #113 ), #2819 ) ;
#5292 = CARTESIAN_POINT ( 'NONE',  ( 0.1545366210304555399, 0.006930024237982710701, -1.090000000000000524 ) ) ;
#5293 = ADVANCED_FACE ( 'NONE', ( #1398 ), #1166, .T. ) ;
#5294 = CARTESIAN_POINT ( 'NONE',  ( 0.08412338403772524897, -0.08052859959480147822, -1.090000000000000080 ) ) ;
#5295 = ORIENTED_EDGE ( 'NONE', *, *, #4316, .F. ) ;
#5296 = CARTESIAN_POINT ( 'NONE',  ( 0.1753767342866993095, -0.04395897382328493169, -1.089000000000000190 ) ) ;
#5297 = MECHANICAL_DESIGN_GEOMETRIC_PRESENTATION_REPRESENTATION (  '', ( #3043 ), #137 ) ;
#5298 =( LENGTH_UNIT ( ) NAMED_UNIT ( * ) SI_UNIT ( .MILLI., .METRE. ) );
#5299 = CARTESIAN_POINT ( 'NONE',  ( 0.1345650748508367134, -0.09208751802347178717, -1.090000000000000080 ) ) ;
#5300 = ORIENTED_EDGE ( 'NONE', *, *, #1837, .T. ) ;
#5301 = MECHANICAL_DESIGN_GEOMETRIC_PRESENTATION_REPRESENTATION (  '', ( #890 ), #420 ) ;
#5302 =( NAMED_UNIT ( * ) SI_UNIT ( $, .STERADIAN. ) SOLID_ANGLE_UNIT ( ) );
#5303 = CARTESIAN_POINT ( 'NONE',  ( -0.2479057119524306352, -0.06998845198643541266, -1.090000000000000302 ) ) ;
#5304 = CARTESIAN_POINT ( 'NONE',  ( -0.2077973476695918198, -0.07808957520455758750, -1.089000000000000190 ) ) ;
#5305 = MECHANICAL_DESIGN_GEOMETRIC_PRESENTATION_REPRESENTATION (  '', ( #2471 ), #425 ) ;
#5306 = CARTESIAN_POINT ( 'NONE',  ( 0.09055362917372035414, 0.1021493093951270359, -1.089999999999999414 ) ) ;
#5307 = CARTESIAN_POINT ( 'NONE',  ( -0.1525763110842260073, -0.1000407947167527012, -1.089000000000000190 ) ) ;
#5308 = EDGE_CURVE ( 'NONE', #1955, #1943, #3283, .T. ) ;
#5309 = PRESENTATION_STYLE_ASSIGNMENT (( #438 ) ) ;
#5310 =( LENGTH_UNIT ( ) NAMED_UNIT ( * ) SI_UNIT ( .MILLI., .METRE. ) );
#5311 = CARTESIAN_POINT ( 'NONE',  ( 0.04818569807681088307, 0.09939432095108179099, -1.089000000000000190 ) ) ;
#5312 = CARTESIAN_POINT ( 'NONE',  ( 0.07962643281821303598, 0.08044701016129608695, -1.089000000000000190 ) ) ;
#5313 = CARTESIAN_POINT ( 'NONE',  ( 0.05656981193046632661, -0.07740578956990247506, -1.090000000000000080 ) ) ;
#5314 =( GEOMETRIC_REPRESENTATION_CONTEXT ( 3 ) GLOBAL_UNCERTAINTY_ASSIGNED_CONTEXT ( ( #1763 ) ) GLOBAL_UNIT_ASSIGNED_CONTEXT ( ( #4409, #4749, #194 ) ) REPRESENTATION_CONTEXT ( 'NONE', 'WORKASPACE' ) );
#5315 = CARTESIAN_POINT ( 'NONE',  ( 0.1621704042067509677, -0.06848230324972638672, -1.089000000000000190 ) ) ;
#5316 = ORIENTED_EDGE ( 'NONE', *, *, #5120, .F. ) ;
#5317 = SURFACE_SIDE_STYLE ('',( #40 ) ) ;
#5318 = CARTESIAN_POINT ( 'NONE',  ( 0.1495357382814162528, -0.08182582286850287323, -1.090000000000000302 ) ) ;
#5319 = ORIENTED_EDGE ( 'NONE', *, *, #114, .T. ) ;
#5320 = ORIENTED_EDGE ( 'NONE', *, *, #1971, .T. ) ;
#5321 = PRESENTATION_LAYER_ASSIGNMENT (  '', '', ( #1737 ) ) ;
#5322 = CARTESIAN_POINT ( 'NONE',  ( -0.2815155000903017402, 0.03507490157559465388, -1.089999999999999858 ) ) ;
#5323 = CARTESIAN_POINT ( 'NONE',  ( -0.2969089398104839406, -0.05698056362044875978, -1.089999999999999192 ) ) ;
#5324 = ADVANCED_FACE ( 'NONE', ( #1653 ), #786, .T. ) ;
#5325 = ORIENTED_EDGE ( 'NONE', *, *, #1590, .T. ) ;
#5326 = CARTESIAN_POINT ( 'NONE',  ( 0.1799574300910129487, 0.01882810364069225501, -1.089000000000000634 ) ) ;
#5327 = SURFACE_SIDE_STYLE ('',( #1277 ) ) ;
#5328 = SURFACE_SIDE_STYLE ('',( #218 ) ) ;
#5329 = FILL_AREA_STYLE ('',( #1580 ) ) ;
#5330 = LINE ( 'NONE', #1595, #547 ) ;
#5331 = LINE ( 'NONE', #1787, #4162 ) ;
#5332 = DIRECTION ( 'NONE',  ( -0.000000000000000000, 1.000000000000000000, -0.000000000000000000 ) ) ;
#5333 = FILL_AREA_STYLE_COLOUR ( '', #2012 ) ;
#5334 = ORIENTED_EDGE ( 'NONE', *, *, #4296, .F. ) ;
#5335 = STYLED_ITEM ( 'NONE', ( #2002 ), #4403 ) ;
#5336 =( NAMED_UNIT ( * ) SI_UNIT ( $, .STERADIAN. ) SOLID_ANGLE_UNIT ( ) );
#5337 = CARTESIAN_POINT ( 'NONE',  ( -0.2838772622250637090, 0.02761515221379901019, -1.090000000000000080 ) ) ;
#5338 = AXIS2_PLACEMENT_3D ( 'NONE', #1356, #4720, #2208 ) ;
#5339 = CARTESIAN_POINT ( 'NONE',  ( -0.2855384592342866679, 0.01955775718663459173, -1.089999999999999858 ) ) ;
#5340 = FILL_AREA_STYLE ('',( #4452 ) ) ;
#5341 = ORIENTED_EDGE ( 'NONE', *, *, #1111, .F. ) ;
#5342 = CARTESIAN_POINT ( 'NONE',  ( 0.1655748005361056263, 0.05756047676315498990, -1.089000000000000190 ) ) ;
#5343 = EDGE_CURVE ( 'NONE', #3243, #2901, #820, .T. ) ;
#5344 = LINE ( 'NONE', #168, #4731 ) ;
#5345 = EDGE_CURVE ( 'NONE', #2763, #2099, #941, .T. ) ;
#5346 =( NAMED_UNIT ( * ) PLANE_ANGLE_UNIT ( ) SI_UNIT ( $, .RADIAN. ) );
#5347 = ORIENTED_EDGE ( 'NONE', *, *, #362, .T. ) ;
#5348 = DIRECTION ( 'NONE',  ( 0.000000000000000000, -0.000000000000000000, -1.000000000000000000 ) ) ;
#5349 = ORIENTED_EDGE ( 'NONE', *, *, #4158, .T. ) ;
#5350 = CARTESIAN_POINT ( 'NONE',  ( 0.1986432011108960061, -0.1000407947167527012, -1.089000000000000190 ) ) ;
#5351 =( NAMED_UNIT ( * ) PLANE_ANGLE_UNIT ( ) SI_UNIT ( $, .RADIAN. ) );
#5352 = AXIS2_PLACEMENT_3D ( 'NONE', #1223, #1274, #399 ) ;
#5353 = SURFACE_STYLE_FILL_AREA ( #151 ) ;
#5354 = FILL_AREA_STYLE ('',( #2418 ) ) ;
#5355 = ADVANCED_FACE ( 'NONE', ( #483 ), #1511, .T. ) ;
#5356 =( LENGTH_UNIT ( ) NAMED_UNIT ( * ) SI_UNIT ( .MILLI., .METRE. ) );
#5357 = CARTESIAN_POINT ( 'NONE',  ( 0.1562127338797607845, -0.07552832466194200900, -1.089000000000000190 ) ) ;
#5358 = CARTESIAN_POINT ( 'NONE',  ( 0.2742529572084569933, 0.09995920528324733767, -1.089000000000000190 ) ) ;
#5359 = CARTESIAN_POINT ( 'NONE',  ( -2.209444794437052106, 1.809999999999999387, -0.2299999999999999822 ) ) ;
#5360 = EDGE_CURVE ( 'NONE', #3213, #4076, #2967, .T. ) ;
#5361 = DIRECTION ( 'NONE',  ( -0.1736481776669307198, 0.000000000000000000, -0.9848077530122080203 ) ) ;
#5362 = PRESENTATION_STYLE_ASSIGNMENT (( #1872 ) ) ;
#5363 = CARTESIAN_POINT ( 'NONE',  ( -0.2496291650948276319, -0.09319895803034278225, -1.089000000000000412 ) ) ;
#5364 = FACE_OUTER_BOUND ( 'NONE', #3879, .T. ) ;
#5365 = COLOUR_RGB ( '',1.000000000000000000, 1.000000000000000000, 1.000000000000000000 ) ;
#5366 = ORIENTED_EDGE ( 'NONE', *, *, #1971, .F. ) ;
#5367 = VERTEX_POINT ( 'NONE', #1681 ) ;
#5368 = UNCERTAINTY_MEASURE_WITH_UNIT (LENGTH_MEASURE( 1.000000000000000082E-05 ), #5356, 'distance_accuracy_value', 'NONE');
#5369 = FACE_OUTER_BOUND ( 'NONE', #1752, .T. ) ;
#5370 = CYLINDRICAL_SURFACE ( 'NONE', #5352, 0.06999999999999990952 ) ;
#5371 = B_SPLINE_CURVE_WITH_KNOTS ( 'NONE', 3,
 ( #3963, #4746, #2327, #2307, #4369, #3548, #3983, #5242, #1439, #4354, #592, #2736, #245, #223, #2274, #1452, #189, #671, #1474 ),
 .UNSPECIFIED., .F., .F.,
 ( 4, 1, 1, 1, 1, 1, 1, 1, 1, 1, 1, 1, 1, 1, 1, 1, 4 ),
 ( 0.000000000000000000, 0.06806869584499403159, 0.1334274328189550551, 0.1961460338131564562, 0.2570485924493126073, 0.3168826631591618592, 0.3761872086663213821, 0.4359603353635462253, 0.4965352368627260482, 0.5574653434807329555, 0.6176868634101470024, 0.6779436406969059359, 0.7388052848060400191, 0.8009493367665837527, 0.8648146674702262837, 0.9310247810786568268, 1.000000000000000000 ),
 .UNSPECIFIED. ) ;
#5372 = SURFACE_STYLE_USAGE ( .BOTH. , #5328 ) ;
#5373 = CARTESIAN_POINT ( 'NONE',  ( -0.1086738720598357383, 0.07800798577105219622, -1.089000000000000190 ) ) ;
#5374 = ORIENTED_EDGE ( 'NONE', *, *, #863, .F. ) ;
#5375 = STYLED_ITEM ( 'NONE', ( #4885 ), #4225 ) ;
#5376 = VECTOR ( 'NONE', #3502, 1000.000000000000000 ) ;
#5377 = CARTESIAN_POINT ( 'NONE',  ( -0.2069589330354454915, -0.1000407947167527012, -1.090000000000000080 ) ) ;
#5378 = CARTESIAN_POINT ( 'NONE',  ( 2.050000000000000266, -1.000000000000000000, -6.123233995736829515E-18 ) ) ;
#5379 = ORIENTED_EDGE ( 'NONE', *, *, #4456, .T. ) ;
#5380 = PRESENTATION_LAYER_ASSIGNMENT (  '', '', ( #277 ) ) ;
#5381 = CARTESIAN_POINT ( 'NONE',  ( 0.2742529572084569933, -0.07808957520455758750, -1.089000000000000190 ) ) ;
#5382 = PRESENTATION_STYLE_ASSIGNMENT (( #5043 ) ) ;
#5383 = EDGE_CURVE ( 'NONE', #1472, #617, #3218, .T. ) ;
#5384 = SURFACE_STYLE_USAGE ( .BOTH. , #1253 ) ;
#5385 = DIRECTION ( 'NONE',  ( 0.000000000000000000, -1.000000000000000000, 0.000000000000000000 ) ) ;
#5386 = ADVANCED_FACE ( 'NONE', ( #5073 ), #1698, .F. ) ;
#5387 = EDGE_LOOP ( 'NONE', ( #2174, #3911, #2077, #4875, #3430, #3789, #2320, #3564 ) ) ;
#5388 = CARTESIAN_POINT ( 'NONE',  ( -2.249999999999999556, 1.809999999999999387, 0.000000000000000000 ) ) ;
#5389 = PRESENTATION_LAYER_ASSIGNMENT (  '', '', ( #48 ) ) ;
#5390 = FILL_AREA_STYLE ('',( #2977 ) ) ;
#5391 = CARTESIAN_POINT ( 'NONE',  ( 0.04449272834071547195, -0.09537233233369253604, -1.089000000000000412 ) ) ;
#5392 = VECTOR ( 'NONE', #3817, 1000.000000000000000 ) ;
#5393 = SURFACE_SIDE_STYLE ('',( #3072 ) ) ;
#5394 = SURFACE_SIDE_STYLE ('',( #3803 ) ) ;
#5395 = ORIENTED_EDGE ( 'NONE', *, *, #5070, .T. ) ;
#5396 = VECTOR ( 'NONE', #1945, 1000.000000000000000 ) ;
#5397 = DIRECTION ( 'NONE',  ( 0.3363908276654490881, -0.9417224702971432881, 0.000000000000000000 ) ) ;
#5398 =( NAMED_UNIT ( * ) SI_UNIT ( $, .STERADIAN. ) SOLID_ANGLE_UNIT ( ) );
#5399 = ORIENTED_EDGE ( 'NONE', *, *, #3702, .T. ) ;
#5400 = EDGE_CURVE ( 'NONE', #1359, #5416, #4209, .T. ) ;
#5401 = CARTESIAN_POINT ( 'NONE',  ( -2.649999999999999911, 1.000000000000000000, -0.2999999999999999334 ) ) ;
#5402 = CARTESIAN_POINT ( 'NONE',  ( -0.03306411596227474409, 0.07800798577105219622, -1.089000000000000190 ) ) ;
#5403 = CARTESIAN_POINT ( 'NONE',  ( -0.03306411596227474409, -0.009796892277728305384, -1.090000000000000080 ) ) ;
#5404 = SURFACE_STYLE_FILL_AREA ( #957 ) ;
#5405 = SURFACE_SIDE_STYLE ('',( #2650 ) ) ;
#5406 = DIRECTION ( 'NONE',  ( -0.000000000000000000, -1.000000000000000000, -0.000000000000000000 ) ) ;
#5407 =( GEOMETRIC_REPRESENTATION_CONTEXT ( 3 ) GLOBAL_UNCERTAINTY_ASSIGNED_CONTEXT ( ( #5104 ) ) GLOBAL_UNIT_ASSIGNED_CONTEXT ( ( #1851, #4375, #1877 ) ) REPRESENTATION_CONTEXT ( 'NONE', 'WORKASPACE' ) );
#5408 = VERTEX_POINT ( 'NONE', #4274 ) ;
#5409 = CARTESIAN_POINT ( 'NONE',  ( 0.09055362917372035414, 0.1021493093951270359, -1.090000000000000524 ) ) ;
#5410 =( NAMED_UNIT ( * ) PLANE_ANGLE_UNIT ( ) SI_UNIT ( $, .RADIAN. ) );
#5411 = CIRCLE ( 'NONE', #993, 0.2999999999999999334 ) ;
#5412 = SURFACE_STYLE_USAGE ( .BOTH. , #4985 ) ;
#5413 = MECHANICAL_DESIGN_GEOMETRIC_PRESENTATION_REPRESENTATION (  '', ( #2777 ), #248 ) ;
#5414 = CARTESIAN_POINT ( 'NONE',  ( -2.249999999999999556, 1.809999999999999387, 0.000000000000000000 ) ) ;
#5415 = ORIENTED_EDGE ( 'NONE', *, *, #4158, .F. ) ;
#5416 = VERTEX_POINT ( 'NONE', #5078 ) ;
#5417 = STYLED_ITEM ( 'NONE', ( #5287 ), #2687 ) ;
#5418 = LINE ( 'NONE', #5381, #4604 ) ;
#5419 = DIRECTION ( 'NONE',  ( 0.000000000000000000, 0.000000000000000000, -1.000000000000000000 ) ) ;
#5420 = CARTESIAN_POINT ( 'NONE',  ( -0.2816685419184126737, -0.03173118452364778047, -1.090000000000000302 ) ) ;
#5421 = CARTESIAN_POINT ( 'NONE',  ( 0.1202589598217402717, 0.09529749084638869383, -1.088999999999999968 ) ) ;
#5422 = EDGE_CURVE ( 'NONE', #581, #2696, #4647, .T. ) ;
#5423 = SURFACE_SIDE_STYLE ('',( #1101 ) ) ;
#5424 = CARTESIAN_POINT ( 'NONE',  ( 0.06464793468376622831, -0.1007874871178424114, -1.089999999999999858 ) ) ;
#5425 = VECTOR ( 'NONE', #793, 1000.000000000000000 ) ;
#5426 = SURFACE_SIDE_STYLE ('',( #2826 ) ) ;
#5427 = VERTEX_POINT ( 'NONE', #2965 ) ;
#5428 = CARTESIAN_POINT ( 'NONE',  ( -0.2069589330354454915, -0.1000407947167527012, -1.089000000000000190 ) ) ;
#5429 = CARTESIAN_POINT ( 'NONE',  ( -0.1086738720598357383, 0.09995920528324733767, -1.090000000000000080 ) ) ;
#5430 = EDGE_CURVE ( 'NONE', #2266, #3476, #2701, .T. ) ;
#5431 = ORIENTED_EDGE ( 'NONE', *, *, #2987, .F. ) ;
ENDSEC;
END-ISO-10303-21;
