ISO-10303-21;
HEADER;
FILE_DESCRIPTION (( 'STEP AP214' ),
    '1' );
FILE_NAME ('c-825433-3-s-3d.STEP',
    '2024-12-10T07:16:03',
    ( '' ),
    ( '' ),
    'SwSTEP 2.0',
    'SolidWorks 2021',
    '' );
FILE_SCHEMA (( 'AUTOMOTIVE_DESIGN' ));
ENDSEC;

DATA;
#1 = DIRECTION ( 'NONE',  ( 0.000000000000000000, -1.000000000000000000, 0.000000000000000000 ) ) ;
#2 = EDGE_LOOP ( 'NONE', ( #2100, #4743, #3145, #3005 ) ) ;
#3 = CARTESIAN_POINT ( 'NONE',  ( 1.169999999999999929, -0.9499999999999992895, 6.699999999999999289 ) ) ;
#4 =( GEOMETRIC_REPRESENTATION_CONTEXT ( 3 ) GLOBAL_UNCERTAINTY_ASSIGNED_CONTEXT ( ( #7516 ) ) GLOBAL_UNIT_ASSIGNED_CONTEXT ( ( #8710, #5991, #1923 ) ) REPRESENTATION_CONTEXT ( 'NONE', 'WORKASPACE' ) );
#5 = DIRECTION ( 'NONE',  ( 0.000000000000000000, -1.000000000000000000, 0.000000000000000000 ) ) ;
#6 = LINE ( 'NONE', #7343, #811 ) ;
#7 = VERTEX_POINT ( 'NONE', #4136 ) ;
#8 = MECHANICAL_DESIGN_GEOMETRIC_PRESENTATION_REPRESENTATION (  '', ( #5084 ), #3246 ) ;
#9 = ADVANCED_FACE ( 'NONE', ( #7991 ), #8766, .T. ) ;
#10 = EDGE_CURVE ( 'NONE', #6494, #3109, #6786, .T. ) ;
#11 = LINE ( 'NONE', #7263, #1441 ) ;
#12 =( NAMED_UNIT ( * ) PLANE_ANGLE_UNIT ( ) SI_UNIT ( $, .RADIAN. ) );
#13 =( GEOMETRIC_REPRESENTATION_CONTEXT ( 3 ) GLOBAL_UNCERTAINTY_ASSIGNED_CONTEXT ( ( #7013 ) ) GLOBAL_UNIT_ASSIGNED_CONTEXT ( ( #4701, #4770, #705 ) ) REPRESENTATION_CONTEXT ( 'NONE', 'WORKASPACE' ) );
#14 = DIRECTION ( 'NONE',  ( 1.000000000000000000, 0.000000000000000000, 0.000000000000000000 ) ) ;
#15 = SURFACE_STYLE_FILL_AREA ( #851 ) ;
#16 = DIRECTION ( 'NONE',  ( 0.000000000000000000, 1.000000000000000000, 0.000000000000000000 ) ) ;
#17 =( LENGTH_UNIT ( ) NAMED_UNIT ( * ) SI_UNIT ( .MILLI., .METRE. ) );
#18 = ADVANCED_FACE ( 'NONE', ( #2711 ), #6087, .F. ) ;
#19 = LINE ( 'NONE', #2733, #804 ) ;
#20 = COLOUR_RGB ( '',0.8509803921568627194, 0.8509803921568627194, 0.8509803921568627194 ) ;
#21 = DIRECTION ( 'NONE',  ( 0.000000000000000000, -1.000000000000000000, 0.000000000000000000 ) ) ;
#22 = LINE ( 'NONE', #8123, #463 ) ;
#23 = ORIENTED_EDGE ( 'NONE', *, *, #1685, .F. ) ;
#24 = PRESENTATION_STYLE_ASSIGNMENT (( #6803 ) ) ;
#25 = CARTESIAN_POINT ( 'NONE',  ( -1.370000000000000107, -0.7500000000000000000, -2.499999999999998668 ) ) ;
#26 = DIRECTION ( 'NONE',  ( -1.000000000000000000, 0.000000000000000000, 0.000000000000000000 ) ) ;
#27 = FILL_AREA_STYLE_COLOUR ( '', #7314 ) ;
#28 = ORIENTED_EDGE ( 'NONE', *, *, #8450, .T. ) ;
#29 = SURFACE_STYLE_USAGE ( .BOTH. , #1238 ) ;
#30 = UNCERTAINTY_MEASURE_WITH_UNIT (LENGTH_MEASURE( 1.000000000000000082E-05 ), #4941, 'distance_accuracy_value', 'NONE');
#31 = VERTEX_POINT ( 'NONE', #5462 ) ;
#32 = CARTESIAN_POINT ( 'NONE',  ( 0.000000000000000000, 0.000000000000000000, -1.000000000000000000 ) ) ;
#33 =( GEOMETRIC_REPRESENTATION_CONTEXT ( 3 ) GLOBAL_UNCERTAINTY_ASSIGNED_CONTEXT ( ( #6632 ) ) GLOBAL_UNIT_ASSIGNED_CONTEXT ( ( #3122, #5703, #7027 ) ) REPRESENTATION_CONTEXT ( 'NONE', 'WORKASPACE' ) );
#34 = DIRECTION ( 'NONE',  ( -1.000000000000000000, -5.421010862427520198E-16, 0.000000000000000000 ) ) ;
#35 = FACE_BOUND ( 'NONE', #3337, .T. ) ;
#36 = CARTESIAN_POINT ( 'NONE',  ( 0.2650000000000000688, 0.2650000000000000133, -1.609045455704950278 ) ) ;
#37 = DIRECTION ( 'NONE',  ( -0.5773502691896251759, -0.5773502691896251759, 0.5773502691896270633 ) ) ;
#38 = ORIENTED_EDGE ( 'NONE', *, *, #7715, .F. ) ;
#39 = FILL_AREA_STYLE_COLOUR ( '', #5128 ) ;
#40 =( BOUNDED_CURVE ( )  B_SPLINE_CURVE ( 3, ( #7192, #5219, #3800, #458 ),
 .UNSPECIFIED., .F., .T. ) 
 B_SPLINE_CURVE_WITH_KNOTS ( ( 4, 4 ),
 ( 3.141592653589793116, 3.926990816987244504 ),
 .UNSPECIFIED. ) 
 CURVE ( )  GEOMETRIC_REPRESENTATION_ITEM ( )  RATIONAL_B_SPLINE_CURVE ( ( 1.000000000000000000, 0.9492530216741906779, 0.9492530216741906779, 1.000000000000000000 ) ) 
 REPRESENTATION_ITEM ( '' )  );
#41 = PLANE ( 'NONE',  #7887 ) ;
#42 = SURFACE_STYLE_USAGE ( .BOTH. , #125 ) ;
#43 = DIRECTION ( 'NONE',  ( -0.000000000000000000, -0.000000000000000000, -1.000000000000000000 ) ) ;
#44 = CARTESIAN_POINT ( 'NONE',  ( -2.754999999999999893, 0.1650000000000000633, 6.700000000000000178 ) ) ;
#45 = FACE_OUTER_BOUND ( 'NONE', #6310, .T. ) ;
#46 = UNCERTAINTY_MEASURE_WITH_UNIT (LENGTH_MEASURE( 1.000000000000000082E-05 ), #3909, 'distance_accuracy_value', 'NONE');
#47 = PRESENTATION_LAYER_ASSIGNMENT (  '', '', ( #2051 ) ) ;
#48 = DIRECTION ( 'NONE',  ( -0.7071067811865474617, -0.7071067811865474617, 0.000000000000000000 ) ) ;
#49 = ORIENTED_EDGE ( 'NONE', *, *, #6131, .F. ) ;
#50 = COLOUR_RGB ( '',0.8509803921568627194, 0.8509803921568627194, 0.8509803921568627194 ) ;
#51 = LINE ( 'NONE', #598, #5726 ) ;
#52 = VECTOR ( 'NONE', #8041, 1000.000000000000000 ) ;
#53 = VECTOR ( 'NONE', #5444, 1000.000000000000000 ) ;
#54 = ADVANCED_FACE ( 'NONE', ( #2140 ), #1305, .F. ) ;
#55 = ADVANCED_FACE ( 'NONE', ( #2667 ), #5353, .T. ) ;
#56 = DIRECTION ( 'NONE',  ( 0.000000000000000000, 1.000000000000000000, 0.000000000000000000 ) ) ;
#57 = CARTESIAN_POINT ( 'NONE',  ( 0.8699999999999996625, -1.249999999999999556, -1.000000000000000000 ) ) ;
#58 =( NAMED_UNIT ( * ) PLANE_ANGLE_UNIT ( ) SI_UNIT ( $, .RADIAN. ) );
#59 = AXIS2_PLACEMENT_3D ( 'NONE', #5372, #1188, #4634 ) ;
#60 = DIRECTION ( 'NONE',  ( 0.7071067811865474617, 0.7071067811865474617, -0.000000000000000000 ) ) ;
#61 = EDGE_CURVE ( 'NONE', #4423, #5455, #5545, .T. ) ;
#62 =( NAMED_UNIT ( * ) SI_UNIT ( $, .STERADIAN. ) SOLID_ANGLE_UNIT ( ) );
#63 = DIRECTION ( 'NONE',  ( 0.000000000000000000, 0.000000000000000000, -1.000000000000000000 ) ) ;
#64 = PLANE ( 'NONE',  #7740 ) ;
#65 = ORIENTED_EDGE ( 'NONE', *, *, #8664, .F. ) ;
#66 = CARTESIAN_POINT ( 'NONE',  ( -0.3649999999999998801, -0.2650000000000000133, 0.000000000000000000 ) ) ;
#67 = CARTESIAN_POINT ( 'NONE',  ( 0.2650000000000000688, -0.2650000000000000133, 6.140192378864673728 ) ) ;
#68 = ORIENTED_EDGE ( 'NONE', *, *, #8603, .F. ) ;
#69 =( LENGTH_UNIT ( ) NAMED_UNIT ( * ) SI_UNIT ( .MILLI., .METRE. ) );
#70 =( NAMED_UNIT ( * ) PLANE_ANGLE_UNIT ( ) SI_UNIT ( $, .RADIAN. ) );
#71 = CARTESIAN_POINT ( 'NONE',  ( 1.169999999999999929, 1.249999999999999556, 6.699999999999999289 ) ) ;
#72 = EDGE_CURVE ( 'NONE', #6638, #4420, #6521, .T. ) ;
#73 = CARTESIAN_POINT ( 'NONE',  ( -1.103147515578000171, -1.250000000000000000, -1.800000000000000044 ) ) ;
#74 = DIRECTION ( 'NONE',  ( -0.2588190451024934280, 0.9659258262890756397, 0.000000000000000000 ) ) ;
#75 = ORIENTED_EDGE ( 'NONE', *, *, #1259, .T. ) ;
#76 = CARTESIAN_POINT ( 'NONE',  ( -3.810000000000000053, 1.250000000000000000, -2.499999999999999112 ) ) ;
#77 = SURFACE_SIDE_STYLE ('',( #1300 ) ) ;
#78 = LINE ( 'NONE', #2134, #8455 ) ;
#79 = SURFACE_STYLE_FILL_AREA ( #1132 ) ;
#80 = FILL_AREA_STYLE ('',( #1303 ) ) ;
#81 =( LENGTH_UNIT ( ) NAMED_UNIT ( * ) SI_UNIT ( .MILLI., .METRE. ) );
#82 = FILL_AREA_STYLE_COLOUR ( '', #3105 ) ;
#83 = FACE_OUTER_BOUND ( 'NONE', #4987, .T. ) ;
#84 = CARTESIAN_POINT ( 'NONE',  ( 0.2150000000000000522, -0.3150000000000000022, -5.440192378864675327 ) ) ;
#85 = CARTESIAN_POINT ( 'NONE',  ( -1.270000000000000240, -0.9499999999999996225, -0.3000000000000013767 ) ) ;
#86 = PRODUCT_CONTEXT ( 'NONE', #7075, 'mechanical' ) ;
#87 = EDGE_LOOP ( 'NONE', ( #2977, #2177, #3054, #604 ) ) ;
#88 = CARTESIAN_POINT ( 'NONE',  ( -0.2149999999999999134, 0.000000000000000000, 6.700000000000000178 ) ) ;
#89 = PLANE ( 'NONE',  #947 ) ;
#90 = EDGE_CURVE ( 'NONE', #3461, #5947, #6911, .T. ) ;
#91 = DIRECTION ( 'NONE',  ( 0.000000000000000000, 0.000000000000000000, 1.000000000000000000 ) ) ;
#92 = FILL_AREA_STYLE_COLOUR ( '', #5293 ) ;
#93 = CARTESIAN_POINT ( 'NONE',  ( -3.659999999999999698, 0.7500000000000000000, -2.649999999999999911 ) ) ;
#94 = FILL_AREA_STYLE ('',( #3414 ) ) ;
#95 = MECHANICAL_DESIGN_GEOMETRIC_PRESENTATION_REPRESENTATION (  '', ( #4334 ), #955 ) ;
#96 = EDGE_CURVE ( 'NONE', #3181, #3750, #2965, .T. ) ;
#97 =( LENGTH_UNIT ( ) NAMED_UNIT ( * ) SI_UNIT ( .MILLI., .METRE. ) );
#98 = DIRECTION ( 'NONE',  ( -1.000000000000000000, 0.000000000000000000, 0.000000000000000000 ) ) ;
#99 = CARTESIAN_POINT ( 'NONE',  ( -1.320000000000000062, -2.399999999999999911, -1.399999999999999911 ) ) ;
#100 = CARTESIAN_POINT ( 'NONE',  ( 1.570000000000000284, 1.250000000000000000, 6.699999999999999289 ) ) ;
#101 = COLOUR_RGB ( '',0.8509803921568627194, 0.8509803921568627194, 0.8509803921568627194 ) ;
#102 = PRESENTATION_STYLE_ASSIGNMENT (( #3422 ) ) ;
#103 = ORIENTED_EDGE ( 'NONE', *, *, #4579, .T. ) ;
#104 = DIRECTION ( 'NONE',  ( 0.000000000000000000, 1.000000000000000000, 0.000000000000000000 ) ) ;
#105 = DIRECTION ( 'NONE',  ( 0.000000000000000000, -1.000000000000000000, 0.000000000000000000 ) ) ;
#106 = EDGE_CURVE ( 'NONE', #6354, #7877, #5641, .T. ) ;
#107 = ADVANCED_FACE ( 'NONE', ( #2882 ), #1606, .T. ) ;
#108 = VECTOR ( 'NONE', #3910, 1000.000000000000000 ) ;
#109 =( NAMED_UNIT ( * ) SI_UNIT ( $, .STERADIAN. ) SOLID_ANGLE_UNIT ( ) );
#110 = MECHANICAL_DESIGN_GEOMETRIC_PRESENTATION_REPRESENTATION (  '', ( #6872 ), #5476 ) ;
#111 = CARTESIAN_POINT ( 'NONE',  ( -3.810000000000000053, 1.250000000000000000, -2.799999999999999822 ) ) ;
#112 = FACE_OUTER_BOUND ( 'NONE', #5683, .T. ) ;
#113 = ORIENTED_EDGE ( 'NONE', *, *, #6896, .T. ) ;
#114 = EDGE_LOOP ( 'NONE', ( #4479, #2543, #328, #8043 ) ) ;
#115 = PRESENTATION_LAYER_ASSIGNMENT (  '', '', ( #8604 ) ) ;
#116 = LINE ( 'NONE', #4149, #4280 ) ;
#117 = COLOUR_RGB ( '',0.8509803921568627194, 0.8509803921568627194, 0.8509803921568627194 ) ;
#118 = LINE ( 'NONE', #7507, #3481 ) ;
#119 = SURFACE_STYLE_FILL_AREA ( #6247 ) ;
#120 = COLOUR_RGB ( '',0.5607843137254902022, 0.6470588235294117974, 0.6352941176470587870 ) ;
#121 = FILL_AREA_STYLE ('',( #6166 ) ) ;
#122 = EDGE_CURVE ( 'NONE', #8235, #2272, #433, .T. ) ;
#123 = FACE_BOUND ( 'NONE', #4721, .T. ) ;
#124 = COLOUR_RGB ( '',0.5607843137254902022, 0.6470588235294117974, 0.6352941176470587870 ) ;
#125 = SURFACE_SIDE_STYLE ('',( #7422 ) ) ;
#126 = FILL_AREA_STYLE_COLOUR ( '', #7755 ) ;
#127 = SURFACE_STYLE_USAGE ( .BOTH. , #7384 ) ;
#128 = PLANE ( 'NONE',  #4940 ) ;
#129 = CIRCLE ( 'NONE', #1425, 0.05000000000000002359 ) ;
#130 =( NAMED_UNIT ( * ) PLANE_ANGLE_UNIT ( ) SI_UNIT ( $, .RADIAN. ) );
#131 = LINE ( 'NONE', #1569, #3211 ) ;
#132 = APPLICATION_PROTOCOL_DEFINITION ( 'draft international standard', 'automotive_design', 1998, #7075 ) ;
#133 = ORIENTED_EDGE ( 'NONE', *, *, #1584, .F. ) ;
#134 = VECTOR ( 'NONE', #4883, 1000.000000000000000 ) ;
#135 = DIRECTION ( 'NONE',  ( 0.9659258262890756397, -0.2588190451024934280, 0.000000000000000000 ) ) ;
#136 =( BOUNDED_CURVE ( )  B_SPLINE_CURVE ( 3, ( #584, #8676, #5997, #7333 ),
 .UNSPECIFIED., .F., .T. ) 
 B_SPLINE_CURVE_WITH_KNOTS ( ( 4, 4 ),
 ( 3.141592653589793116, 3.926990816987238286 ),
 .UNSPECIFIED. ) 
 CURVE ( )  GEOMETRIC_REPRESENTATION_ITEM ( )  RATIONAL_B_SPLINE_CURVE ( ( 1.000000000000000000, 0.9492530216741915661, 0.9492530216741915661, 1.000000000000000000 ) ) 
 REPRESENTATION_ITEM ( '' )  );
#137 = DIRECTION ( 'NONE',  ( 0.000000000000000000, 0.9659258262890675351, 0.2588190451025238481 ) ) ;
#138 = COLOUR_RGB ( '',0.5607843137254902022, 0.6470588235294117974, 0.6352941176470587870 ) ;
#139 = ORIENTED_EDGE ( 'NONE', *, *, #7360, .F. ) ;
#140 = CARTESIAN_POINT ( 'NONE',  ( -2.905000000000000249, -0.3150000000000000022, -2.500000000000000000 ) ) ;
#141 = DIRECTION ( 'NONE',  ( 1.000000000000000000, 0.000000000000000000, 0.000000000000000000 ) ) ;
#142 = FILL_AREA_STYLE ('',( #184 ) ) ;
#143 = STYLED_ITEM ( 'NONE', ( #6992 ), #827 ) ;
#144 = AXIS2_PLACEMENT_3D ( 'NONE', #8587, #3899, #1791 ) ;
#145 = FACE_OUTER_BOUND ( 'NONE', #4466, .T. ) ;
#146 = CARTESIAN_POINT ( 'NONE',  ( -1.320000000000000062, -1.250000000000000000, -1.399999999999999911 ) ) ;
#147 = LINE ( 'NONE', #858, #4397 ) ;
#148 = SURFACE_SIDE_STYLE ('',( #225 ) ) ;
#149 = ADVANCED_FACE ( 'NONE', ( #2470 ), #5154, .T. ) ;
#150 = ORIENTED_EDGE ( 'NONE', *, *, #4277, .F. ) ;
#151 = STYLED_ITEM ( 'NONE', ( #4191 ), #6491 ) ;
#152 = DIRECTION ( 'NONE',  ( 0.000000000000000000, -1.000000000000000000, 0.000000000000000000 ) ) ;
#153 = FILL_AREA_STYLE_COLOUR ( '', #7739 ) ;
#154 = MECHANICAL_DESIGN_GEOMETRIC_PRESENTATION_REPRESENTATION (  '', ( #6509 ), #2283 ) ;
#155 = DIRECTION ( 'NONE',  ( 1.000000000000000000, 0.000000000000000000, 0.000000000000000000 ) ) ;
#156 = SURFACE_SIDE_STYLE ('',( #4356 ) ) ;
#157 = FACE_OUTER_BOUND ( 'NONE', #7785, .T. ) ;
#158 = CARTESIAN_POINT ( 'NONE',  ( -0.3149999999999998357, 0.3150000000000000022, 0.000000000000000000 ) ) ;
#159 = VECTOR ( 'NONE', #7042, 1000.000000000000000 ) ;
#160 = PLANE ( 'NONE',  #1360 ) ;
#161 = VERTEX_POINT ( 'NONE', #7403 ) ;
#162 = DIRECTION ( 'NONE',  ( 0.000000000000000000, -1.000000000000000000, 0.000000000000000000 ) ) ;
#163 = ADVANCED_FACE ( 'NONE', ( #2506 ), #8083, .F. ) ;
#164 = ADVANCED_FACE ( 'NONE', ( #3294 ), #4563, .F. ) ;
#165 = CARTESIAN_POINT ( 'NONE',  ( -2.854999999999999982, -0.3150000000000000022, -0.8909545442950493888 ) ) ;
#166 = MECHANICAL_DESIGN_GEOMETRIC_PRESENTATION_REPRESENTATION (  '', ( #2732 ), #2300 ) ;
#167 = DIRECTION ( 'NONE',  ( 0.000000000000000000, 0.000000000000000000, -1.000000000000000000 ) ) ;
#168 = CARTESIAN_POINT ( 'NONE',  ( 5.080000000000000071, 0.000000000000000000, 6.700000000000000178 ) ) ;
#169 = CARTESIAN_POINT ( 'NONE',  ( 2.175000000000000266, -0.3150000000000000022, -5.440192378864675327 ) ) ;
#170 =( NAMED_UNIT ( * ) SI_UNIT ( $, .STERADIAN. ) SOLID_ANGLE_UNIT ( ) );
#171 = CARTESIAN_POINT ( 'NONE',  ( -2.582036360588150004, -0.007963639411850471916, 7.345509090147042564 ) ) ;
#172 = ORIENTED_EDGE ( 'NONE', *, *, #2363, .T. ) ;
#173 =( NAMED_UNIT ( * ) SI_UNIT ( $, .STERADIAN. ) SOLID_ANGLE_UNIT ( ) );
#174 = EDGE_CURVE ( 'NONE', #1603, #4473, #22, .T. ) ;
#175 = DIRECTION ( 'NONE',  ( 0.7071067811865474617, -0.7071067811865474617, 0.000000000000000000 ) ) ;
#176 = ORIENTED_EDGE ( 'NONE', *, *, #2213, .F. ) ;
#177 = VERTEX_POINT ( 'NONE', #4750 ) ;
#178 = LINE ( 'NONE', #7684, #8645 ) ;
#179 = ORIENTED_EDGE ( 'NONE', *, *, #1535, .F. ) ;
#180 = VECTOR ( 'NONE', #507, 1000.000000000000000 ) ;
#181 = STYLED_ITEM ( 'NONE', ( #2783 ), #1737 ) ;
#182 = CARTESIAN_POINT ( 'NONE',  ( -1.320000000000000284, 1.250000000000000000, -2.449999999999998401 ) ) ;
#183 = SURFACE_STYLE_USAGE ( .BOTH. , #2728 ) ;
#184 = FILL_AREA_STYLE_COLOUR ( '', #3643 ) ;
#185 = UNCERTAINTY_MEASURE_WITH_UNIT (LENGTH_MEASURE( 1.000000000000000082E-05 ), #8265, 'distance_accuracy_value', 'NONE');
#186 = CARTESIAN_POINT ( 'NONE',  ( 3.409999999999999698, -1.249999999999999556, 6.699999999999999289 ) ) ;
#187 = STYLED_ITEM ( 'NONE', ( #3677 ), #3044 ) ;
#188 = STYLED_ITEM ( 'NONE', ( #4799 ), #2036 ) ;
#189 = FACE_OUTER_BOUND ( 'NONE', #636, .T. ) ;
#190 = DIRECTION ( 'NONE',  ( 0.000000000000000000, 0.000000000000000000, -1.000000000000000000 ) ) ;
#191 = CARTESIAN_POINT ( 'NONE',  ( -1.670000000000000373, 1.250000000000000000, 6.699999999999999289 ) ) ;
#192 = DIRECTION ( 'NONE',  ( 0.000000000000000000, 0.000000000000000000, -1.000000000000000000 ) ) ;
#193 = CARTESIAN_POINT ( 'NONE',  ( -3.810000000000000053, -0.9499999999999992895, -1.000000000000000000 ) ) ;
#194 =( LENGTH_UNIT ( ) NAMED_UNIT ( * ) SI_UNIT ( .MILLI., .METRE. ) );
#195 = ORIENTED_EDGE ( 'NONE', *, *, #7038, .T. ) ;
#196 = COLOUR_RGB ( '',0.5607843137254902022, 0.6470588235294117974, 0.6352941176470587870 ) ;
#197 = CARTESIAN_POINT ( 'NONE',  ( -2.274999999999999911, -0.3150000000000000022, 0.000000000000000000 ) ) ;
#198 = CARTESIAN_POINT ( 'NONE',  ( 2.175000000000000266, -0.2650000000000000133, -2.500000000000000000 ) ) ;
#199 = CARTESIAN_POINT ( 'NONE',  ( -2.274999999999999911, 0.2650000000000000133, -1.609045455704950278 ) ) ;
#200 = FILL_AREA_STYLE_COLOUR ( '', #1380 ) ;
#201 = SURFACE_STYLE_FILL_AREA ( #5574 ) ;
#202 = ORIENTED_EDGE ( 'NONE', *, *, #8067, .T. ) ;
#203 = LINE ( 'NONE', #76, #3428 ) ;
#204 = DIRECTION ( 'NONE',  ( -0.000000000000000000, 1.000000000000000000, 0.000000000000000000 ) ) ;
#205 = DIRECTION ( 'NONE',  ( 0.2588190451024934280, 0.9659258262890755287, 0.000000000000000000 ) ) ;
#206 = SURFACE_STYLE_USAGE ( .BOTH. , #241 ) ;
#207 = CARTESIAN_POINT ( 'NONE',  ( -2.899857478948783207, -0.2908531991698717345, 6.159384528706809192 ) ) ;
#208 = ADVANCED_FACE ( 'NONE', ( #1176 ), #5889, .F. ) ;
#209 = UNCERTAINTY_MEASURE_WITH_UNIT (LENGTH_MEASURE( 1.000000000000000082E-05 ), #8079, 'distance_accuracy_value', 'NONE');
#210 = VERTEX_POINT ( 'NONE', #3244 ) ;
#211 =( NAMED_UNIT ( * ) PLANE_ANGLE_UNIT ( ) SI_UNIT ( $, .RADIAN. ) );
#212 = SURFACE_STYLE_FILL_AREA ( #6912 ) ;
#213 =( LENGTH_UNIT ( ) NAMED_UNIT ( * ) SI_UNIT ( .MILLI., .METRE. ) );
#214 = EDGE_LOOP ( 'NONE', ( #7640, #2330, #5469, #7596 ) ) ;
#215 = SURFACE_STYLE_USAGE ( .BOTH. , #1611 ) ;
#216 = ORIENTED_EDGE ( 'NONE', *, *, #5656, .F. ) ;
#217 = EDGE_CURVE ( 'NONE', #387, #3345, #3917, .T. ) ;
#218 = EDGE_CURVE ( 'NONE', #5428, #7682, #6589, .T. ) ;
#219 = VECTOR ( 'NONE', #6777, 1000.000000000000000 ) ;
#220 = PLANE ( 'NONE',  #3787 ) ;
#221 = CARTESIAN_POINT ( 'NONE',  ( -1.270000000000000240, 0.9499999999999996225, 6.699999999999999289 ) ) ;
#222 = DIRECTION ( 'NONE',  ( -0.000000000000000000, -0.000000000000000000, -1.000000000000000000 ) ) ;
#223 = SURFACE_STYLE_FILL_AREA ( #2982 ) ;
#224 = CARTESIAN_POINT ( 'NONE',  ( -2.905000000000000249, 0.2650000000000000133, 6.140192378864673728 ) ) ;
#225 = SURFACE_STYLE_FILL_AREA ( #2229 ) ;
#226 = FILL_AREA_STYLE_COLOUR ( '', #5747 ) ;
#227 = STYLED_ITEM ( 'NONE', ( #5856 ), #7400 ) ;
#228 = VECTOR ( 'NONE', #354, 1000.000000000000000 ) ;
#229 = DIRECTION ( 'NONE',  ( 1.000000000000000000, 0.000000000000000000, 0.000000000000000000 ) ) ;
#230 =( LENGTH_UNIT ( ) NAMED_UNIT ( * ) SI_UNIT ( .MILLI., .METRE. ) );
#231 = VECTOR ( 'NONE', #8161, 1000.000000000000227 ) ;
#232 = LINE ( 'NONE', #2947, #440 ) ;
#233 = CARTESIAN_POINT ( 'NONE',  ( 1.269999999999999796, 0.9499999999999996225, -1.810000000000000941 ) ) ;
#234 = STYLED_ITEM ( 'NONE', ( #6655 ), #7437 ) ;
#235 = CARTESIAN_POINT ( 'NONE',  ( -0.3503553390593271422, 0.3003553390593270422, 6.194846997554884993 ) ) ;
#236 = FILL_AREA_STYLE ('',( #5751 ) ) ;
#237 = ORIENTED_EDGE ( 'NONE', *, *, #2924, .F. ) ;
#238 = SURFACE_SIDE_STYLE ('',( #1507 ) ) ;
#239 = SURFACE_STYLE_FILL_AREA ( #916 ) ;
#240 = UNCERTAINTY_MEASURE_WITH_UNIT (LENGTH_MEASURE( 1.000000000000000082E-05 ), #4580, 'distance_accuracy_value', 'NONE');
#241 = SURFACE_SIDE_STYLE ('',( #119 ) ) ;
#242 = COLOUR_RGB ( '',0.8509803921568627194, 0.8509803921568627194, 0.8509803921568627194 ) ;
#243 = EDGE_LOOP ( 'NONE', ( #400, #583, #879, #1991 ) ) ;
#244 = CARTESIAN_POINT ( 'NONE',  ( -1.103147515578000171, -1.550000000000000044, -1.000000000000000000 ) ) ;
#245 = AXIS2_PLACEMENT_3D ( 'NONE', #1184, #596, #3954 ) ;
#246 = EDGE_CURVE ( 'NONE', #5282, #5126, #4004, .T. ) ;
#247 = ORIENTED_EDGE ( 'NONE', *, *, #7194, .T. ) ;
#248 =( LENGTH_UNIT ( ) NAMED_UNIT ( * ) SI_UNIT ( .MILLI., .METRE. ) );
#249 = VECTOR ( 'NONE', #3017, 1000.000000000000000 ) ;
#250 = AXIS2_PLACEMENT_3D ( 'NONE', #1521, #137, #350 ) ;
#251 = CARTESIAN_POINT ( 'NONE',  ( 2.807245671714606594, 0.3172456717146062144, -5.431811417928645191 ) ) ;
#252 = ORIENTED_EDGE ( 'NONE', *, *, #2916, .T. ) ;
#253 = VERTEX_POINT ( 'NONE', #1544 ) ;
#254 = COLOUR_RGB ( '',0.5607843137254902022, 0.6470588235294117974, 0.6352941176470587870 ) ;
#255 = EDGE_LOOP ( 'NONE', ( #5121, #2669, #5232, #1706 ) ) ;
#256 = MECHANICAL_DESIGN_GEOMETRIC_PRESENTATION_REPRESENTATION (  '', ( #1987 ), #6314 ) ;
#257 = EDGE_CURVE ( 'NONE', #2960, #4484, #711, .T. ) ;
#258 = ORIENTED_EDGE ( 'NONE', *, *, #4174, .T. ) ;
#259 = STYLED_ITEM ( 'NONE', ( #5155 ), #450 ) ;
#260 =( GEOMETRIC_REPRESENTATION_CONTEXT ( 3 ) GLOBAL_UNCERTAINTY_ASSIGNED_CONTEXT ( ( #873 ) ) GLOBAL_UNIT_ASSIGNED_CONTEXT ( ( #3985, #3347, #5345 ) ) REPRESENTATION_CONTEXT ( 'NONE', 'WORKASPACE' ) );
#261 = SURFACE_SIDE_STYLE ('',( #4649 ) ) ;
#262 = STYLED_ITEM ( 'NONE', ( #102 ), #5375 ) ;
#263 = PRESENTATION_LAYER_ASSIGNMENT (  '', '', ( #5356 ) ) ;
#264 =( NAMED_UNIT ( * ) SI_UNIT ( $, .STERADIAN. ) SOLID_ANGLE_UNIT ( ) );
#265 = MECHANICAL_DESIGN_GEOMETRIC_PRESENTATION_REPRESENTATION (  '', ( #4089 ), #6621 ) ;
#266 = LINE ( 'NONE', #6879, #5737 ) ;
#267 = LINE ( 'NONE', #4299, #2755 ) ;
#268 = EDGE_CURVE ( 'NONE', #2968, #4584, #4179, .T. ) ;
#269 = EDGE_CURVE ( 'NONE', #5355, #3789, #7742, .T. ) ;
#270 = CARTESIAN_POINT ( 'NONE',  ( 0.8699999999999996625, 1.250000000000000000, 0.000000000000000000 ) ) ;
#271 = ORIENTED_EDGE ( 'NONE', *, *, #7715, .T. ) ;
#272 = PRESENTATION_LAYER_ASSIGNMENT (  '', '', ( #7479 ) ) ;
#273 = EDGE_LOOP ( 'NONE', ( #4895, #1750, #719, #4148 ) ) ;
#274 = PRESENTATION_LAYER_ASSIGNMENT (  '', '', ( #704 ) ) ;
#275 = FACE_OUTER_BOUND ( 'NONE', #4320, .T. ) ;
#276 = SURFACE_SIDE_STYLE ('',( #5658 ) ) ;
#277 = ORIENTED_EDGE ( 'NONE', *, *, #2820, .F. ) ;
#278 =( GEOMETRIC_REPRESENTATION_CONTEXT ( 3 ) GLOBAL_UNCERTAINTY_ASSIGNED_CONTEXT ( ( #2068 ) ) GLOBAL_UNIT_ASSIGNED_CONTEXT ( ( #5810, #5857, #2482 ) ) REPRESENTATION_CONTEXT ( 'NONE', 'WORKASPACE' ) );
#279 = EDGE_CURVE ( 'NONE', #6873, #210, #4975, .T. ) ;
#280 =( NAMED_UNIT ( * ) PLANE_ANGLE_UNIT ( ) SI_UNIT ( $, .RADIAN. ) );
#281 = FILL_AREA_STYLE_COLOUR ( '', #7968 ) ;
#282 = DIRECTION ( 'NONE',  ( 0.000000000000000000, 0.000000000000000000, -1.000000000000000000 ) ) ;
#283 = COLOUR_RGB ( '',0.5607843137254902022, 0.6470588235294117974, 0.6352941176470587870 ) ;
#284 = CARTESIAN_POINT ( 'NONE',  ( -1.320000000000000062, -1.250000000000000000, -1.399999999999999911 ) ) ;
#285 = CARTESIAN_POINT ( 'NONE',  ( -2.272754328285395253, -0.3172456717146053262, 6.131811417928646257 ) ) ;
#286 = CARTESIAN_POINT ( 'NONE',  ( -0.3649999999999998801, -0.2784380551032345497, -5.440192378864675327 ) ) ;
#287 = CIRCLE ( 'NONE', #7043, 0.05000000000000002359 ) ;
#288 = FACE_OUTER_BOUND ( 'NONE', #7671, .T. ) ;
#289 = MECHANICAL_DESIGN_GEOMETRIC_PRESENTATION_REPRESENTATION (  '', ( #8205 ), #2572 ) ;
#290 = SURFACE_STYLE_USAGE ( .BOTH. , #6980 ) ;
#291 = ORIENTED_EDGE ( 'NONE', *, *, #1534, .F. ) ;
#292 = LINE ( 'NONE', #4460, #4204 ) ;
#293 = LINE ( 'NONE', #3587, #1338 ) ;
#294 = ORIENTED_EDGE ( 'NONE', *, *, #7463, .F. ) ;
#295 = ORIENTED_EDGE ( 'NONE', *, *, #6102, .T. ) ;
#296 =( GEOMETRIC_REPRESENTATION_CONTEXT ( 3 ) GLOBAL_UNCERTAINTY_ASSIGNED_CONTEXT ( ( #7650 ) ) GLOBAL_UNIT_ASSIGNED_CONTEXT ( ( #1164, #3844, #8669 ) ) REPRESENTATION_CONTEXT ( 'NONE', 'WORKASPACE' ) );
#297 = PLANE ( 'NONE',  #3566 ) ;
#298 = EDGE_LOOP ( 'NONE', ( #785, #3718, #2403, #5009 ) ) ;
#299 = PRESENTATION_STYLE_ASSIGNMENT (( #4198 ) ) ;
#300 =( NAMED_UNIT ( * ) SI_UNIT ( $, .STERADIAN. ) SOLID_ANGLE_UNIT ( ) );
#301 = EDGE_LOOP ( 'NONE', ( #3836, #5771, #6659, #5993 ) ) ;
#302 = ORIENTED_EDGE ( 'NONE', *, *, #1272, .F. ) ;
#303 =( NAMED_UNIT ( * ) PLANE_ANGLE_UNIT ( ) SI_UNIT ( $, .RADIAN. ) );
#304 = MECHANICAL_DESIGN_GEOMETRIC_PRESENTATION_REPRESENTATION (  '', ( #6919 ), #33 ) ;
#305 = SURFACE_STYLE_FILL_AREA ( #6351 ) ;
#306 = EDGE_LOOP ( 'NONE', ( #1127, #3883, #4963, #2488 ) ) ;
#307 = CARTESIAN_POINT ( 'NONE',  ( -1.370000000000000107, 0.9499999999999995115, -0.3000000000000013212 ) ) ;
#308 = CARTESIAN_POINT ( 'NONE',  ( 2.754999999999999893, -0.3150000000000000022, -0.8909545442950493888 ) ) ;
#309 = ORIENTED_EDGE ( 'NONE', *, *, #867, .F. ) ;
#310 = LINE ( 'NONE', #3022, #1281 ) ;
#311 = EDGE_CURVE ( 'NONE', #2276, #4484, #6811, .T. ) ;
#312 = EDGE_CURVE ( 'NONE', #7208, #5522, #5350, .T. ) ;
#313 = STYLED_ITEM ( 'NONE', ( #4985 ), #2675 ) ;
#314 = ORIENTED_EDGE ( 'NONE', *, *, #7306, .T. ) ;
#315 =( NAMED_UNIT ( * ) PLANE_ANGLE_UNIT ( ) SI_UNIT ( $, .RADIAN. ) );
#316 = ORIENTED_EDGE ( 'NONE', *, *, #3603, .T. ) ;
#317 = DIRECTION ( 'NONE',  ( 1.000000000000000000, 0.000000000000000000, 0.000000000000000000 ) ) ;
#318 = PLANE ( 'NONE',  #8469 ) ;
#319 = VECTOR ( 'NONE', #487, 1000.000000000000000 ) ;
#320 = AXIS2_PLACEMENT_3D ( 'NONE', #1010, #4362, #2331 ) ;
#321 = CARTESIAN_POINT ( 'NONE',  ( -2.854999999999999982, 0.2650000000000000133, 0.000000000000000000 ) ) ;
#322 = DIRECTION ( 'NONE',  ( 1.000000000000000000, 0.000000000000000000, 0.000000000000000000 ) ) ;
#323 = CARTESIAN_POINT ( 'NONE',  ( -2.868438055103234685, 0.3150000000000000022, -5.440192378864675327 ) ) ;
#324 = EDGE_CURVE ( 'NONE', #365, #5118, #4882, .T. ) ;
#325 = SURFACE_STYLE_USAGE ( .BOTH. , #910 ) ;
#326 = PRESENTATION_LAYER_ASSIGNMENT (  '', '', ( #187 ) ) ;
#327 =( GEOMETRIC_REPRESENTATION_CONTEXT ( 3 ) GLOBAL_UNCERTAINTY_ASSIGNED_CONTEXT ( ( #1980 ) ) GLOBAL_UNIT_ASSIGNED_CONTEXT ( ( #8700, #2646, #5381 ) ) REPRESENTATION_CONTEXT ( 'NONE', 'WORKASPACE' ) );
#328 = ORIENTED_EDGE ( 'NONE', *, *, #8434, .T. ) ;
#329 =( NAMED_UNIT ( * ) PLANE_ANGLE_UNIT ( ) SI_UNIT ( $, .RADIAN. ) );
#330 = CARTESIAN_POINT ( 'NONE',  ( 0.000000000000000000, -0.1650000000000000633, -6.000000000000000000 ) ) ;
#331 = CARTESIAN_POINT ( 'NONE',  ( 0.2150000000000000244, 0.3150000000000000022, -5.440192378864675327 ) ) ;
#332 = DIRECTION ( 'NONE',  ( 1.000000000000000000, 0.000000000000000000, 0.000000000000000000 ) ) ;
#333 = PLANE ( 'NONE',  #4216 ) ;
#334 = ORIENTED_EDGE ( 'NONE', *, *, #324, .F. ) ;
#335 = EDGE_LOOP ( 'NONE', ( #6595, #2476, #4646, #7478 ) ) ;
#336 = LINE ( 'NONE', #7183, #8195 ) ;
#337 = PRESENTATION_LAYER_ASSIGNMENT (  '', '', ( #4732 ) ) ;
#338 = VECTOR ( 'NONE', #1404, 1000.000000000000114 ) ;
#339 = SURFACE_STYLE_USAGE ( .BOTH. , #3048 ) ;
#340 = ADVANCED_FACE ( 'NONE', ( #6895, #4805 ), #4927, .F. ) ;
#341 = FILL_AREA_STYLE ('',( #8580 ) ) ;
#342 = ORIENTED_EDGE ( 'NONE', *, *, #1080, .F. ) ;
#343 = DIRECTION ( 'NONE',  ( 1.000000000000000000, 0.000000000000000000, 0.000000000000000000 ) ) ;
#344 = FILL_AREA_STYLE ('',( #1741 ) ) ;
#345 = DIRECTION ( 'NONE',  ( 0.000000000000000000, 0.000000000000000000, -1.000000000000000000 ) ) ;
#346 = EDGE_LOOP ( 'NONE', ( #3977, #1162, #3931, #4470 ) ) ;
#347 = ORIENTED_EDGE ( 'NONE', *, *, #8554, .T. ) ;
#348 =( NAMED_UNIT ( * ) SI_UNIT ( $, .STERADIAN. ) SOLID_ANGLE_UNIT ( ) );
#349 = AXIS2_PLACEMENT_3D ( 'NONE', #3650, #6175, #5644 ) ;
#350 = DIRECTION ( 'NONE',  ( -1.000000000000000000, 0.000000000000000000, 0.000000000000000000 ) ) ;
#351 = FILL_AREA_STYLE ('',( #3178 ) ) ;
#352 = ORIENTED_EDGE ( 'NONE', *, *, #3664, .T. ) ;
#353 = EDGE_CURVE ( 'NONE', #7048, #7059, #6745, .T. ) ;
#354 = DIRECTION ( 'NONE',  ( -1.000000000000000000, 0.000000000000000000, 0.000000000000000000 ) ) ;
#355 = ORIENTED_EDGE ( 'NONE', *, *, #6747, .T. ) ;
#356 = DIRECTION ( 'NONE',  ( -0.5773502691896251759, 0.5773502691896251759, -0.5773502691896270633 ) ) ;
#357 = CARTESIAN_POINT ( 'NONE',  ( 3.810000000000000053, -1.250000000000000000, -2.799999999999999822 ) ) ;
#358 = ORIENTED_EDGE ( 'NONE', *, *, #6579, .F. ) ;
#359 = VERTEX_POINT ( 'NONE', #6413 ) ;
#360 =( LENGTH_UNIT ( ) NAMED_UNIT ( * ) SI_UNIT ( .MILLI., .METRE. ) );
#361 = CARTESIAN_POINT ( 'NONE',  ( 1.269999999999999796, 1.250000000000000000, -2.499999999999998668 ) ) ;
#362 = DIRECTION ( 'NONE',  ( 0.000000000000000000, 0.000000000000000000, -1.000000000000000000 ) ) ;
#363 = VECTOR ( 'NONE', #1232, 1000.000000000000000 ) ;
#364 =( BOUNDED_CURVE ( )  B_SPLINE_CURVE ( 3, ( #1210, #1296, #3893, #582 ),
 .UNSPECIFIED., .F., .T. ) 
 B_SPLINE_CURVE_WITH_KNOTS ( ( 4, 4 ),
 ( 2.356194490192341728, 3.141592653589793116 ),
 .UNSPECIFIED. ) 
 CURVE ( )  GEOMETRIC_REPRESENTATION_ITEM ( )  RATIONAL_B_SPLINE_CURVE ( ( 1.000000000000000000, 0.9492530216741906779, 0.9492530216741906779, 1.000000000000000000 ) ) 
 REPRESENTATION_ITEM ( '' )  );
#365 = VERTEX_POINT ( 'NONE', #3725 ) ;
#366 = CARTESIAN_POINT ( 'NONE',  ( 2.175000000000000266, -0.2650000000000000133, -1.609045455704950278 ) ) ;
#367 = ORIENTED_EDGE ( 'NONE', *, *, #8517, .F. ) ;
#368 =( NAMED_UNIT ( * ) SI_UNIT ( $, .STERADIAN. ) SOLID_ANGLE_UNIT ( ) );
#369 =( NAMED_UNIT ( * ) PLANE_ANGLE_UNIT ( ) SI_UNIT ( $, .RADIAN. ) );
#370 = ADVANCED_FACE ( 'NONE', ( #7841 ), #1722, .F. ) ;
#371 = STYLED_ITEM ( 'NONE', ( #6886 ), #7056 ) ;
#372 = SURFACE_STYLE_FILL_AREA ( #7071 ) ;
#373 = PLANE ( 'NONE',  #6631 ) ;
#374 = FILL_AREA_STYLE_COLOUR ( '', #6165 ) ;
#375 = PRESENTATION_LAYER_ASSIGNMENT (  '', '', ( #7435 ) ) ;
#376 = DIRECTION ( 'NONE',  ( 0.000000000000000000, 0.000000000000000000, 1.000000000000000000 ) ) ;
#377 = VERTEX_POINT ( 'NONE', #7700 ) ;
#378 = DIRECTION ( 'NONE',  ( 0.000000000000000000, 0.000000000000000000, -1.000000000000000000 ) ) ;
#379 = LINE ( 'NONE', #8395, #7453 ) ;
#380 = FILL_AREA_STYLE ('',( #4317 ) ) ;
#381 = SURFACE_STYLE_FILL_AREA ( #3689 ) ;
#382 = VECTOR ( 'NONE', #5416, 1000.000000000000000 ) ;
#383 = SURFACE_STYLE_USAGE ( .BOTH. , #5067 ) ;
#384 = EDGE_CURVE ( 'NONE', #3810, #2632, #4352, .T. ) ;
#385 = EDGE_LOOP ( 'NONE', ( #355, #6960, #7378, #779 ) ) ;
#386 = EDGE_CURVE ( 'NONE', #3061, #1067, #6518, .T. ) ;
#387 = VERTEX_POINT ( 'NONE', #1088 ) ;
#388 = SURFACE_STYLE_USAGE ( .BOTH. , #1827 ) ;
#389 = VECTOR ( 'NONE', #2928, 1000.000000000000000 ) ;
#390 = VERTEX_POINT ( 'NONE', #4503 ) ;
#391 = DIRECTION ( 'NONE',  ( 0.000000000000000000, 0.000000000000000000, 1.000000000000000000 ) ) ;
#392 = ORIENTED_EDGE ( 'NONE', *, *, #3949, .F. ) ;
#393 = PRESENTATION_LAYER_ASSIGNMENT (  '', '', ( #7884 ) ) ;
#394 = CARTESIAN_POINT ( 'NONE',  ( -0.3408531991698716679, -0.3098574789487829606, -5.459384528706810791 ) ) ;
#395 = PRESENTATION_STYLE_ASSIGNMENT (( #1212 ) ) ;
#396 =( NAMED_UNIT ( * ) SI_UNIT ( $, .STERADIAN. ) SOLID_ANGLE_UNIT ( ) );
#397 = ORIENTED_EDGE ( 'NONE', *, *, #8548, .T. ) ;
#398 = EDGE_CURVE ( 'NONE', #892, #5391, #3033, .T. ) ;
#399 = MECHANICAL_DESIGN_GEOMETRIC_PRESENTATION_REPRESENTATION (  '', ( #2262 ), #423 ) ;
#400 = ORIENTED_EDGE ( 'NONE', *, *, #2335, .F. ) ;
#401 = MECHANICAL_DESIGN_GEOMETRIC_PRESENTATION_REPRESENTATION (  '', ( #3080 ), #7157 ) ;
#402 = CARTESIAN_POINT ( 'NONE',  ( -2.274999999999999911, 0.2650000000000000133, 6.140192378864673728 ) ) ;
#403 = CIRCLE ( 'NONE', #556, 0.05000000000000012768 ) ;
#404 = MECHANICAL_DESIGN_GEOMETRIC_PRESENTATION_REPRESENTATION (  '', ( #7303 ), #7583 ) ;
#405 = SURFACE_SIDE_STYLE ('',( #305 ) ) ;
#406 = AXIS2_PLACEMENT_3D ( 'NONE', #1396, #6092, #4779 ) ;
#407 = DIRECTION ( 'NONE',  ( 1.000000000000000000, 0.000000000000000000, 0.000000000000000000 ) ) ;
#408 = ORIENTED_EDGE ( 'NONE', *, *, #3443, .F. ) ;
#409 = AXIS2_PLACEMENT_3D ( 'NONE', #284, #3580, #5662 ) ;
#410 = CARTESIAN_POINT ( 'NONE',  ( 0.2650000000000000688, -0.2650000000000000133, -1.609045455704950278 ) ) ;
#411 = LINE ( 'NONE', #7055, #2897 ) ;
#412 = DIRECTION ( 'NONE',  ( 1.000000000000000000, 0.000000000000000000, 0.000000000000000000 ) ) ;
#413 = CIRCLE ( 'NONE', #1269, 0.05000000000000012768 ) ;
#414 = ORIENTED_EDGE ( 'NONE', *, *, #2778, .T. ) ;
#415 = ORIENTED_EDGE ( 'NONE', *, *, #7106, .T. ) ;
#416 = DIRECTION ( 'NONE',  ( -0.000000000000000000, -1.000000000000000000, -0.000000000000000000 ) ) ;
#417 = STYLED_ITEM ( 'NONE', ( #1322 ), #5415 ) ;
#418 =( GEOMETRIC_REPRESENTATION_CONTEXT ( 3 ) GLOBAL_UNCERTAINTY_ASSIGNED_CONTEXT ( ( #4826 ) ) GLOBAL_UNIT_ASSIGNED_CONTEXT ( ( #3194, #5886, #7259 ) ) REPRESENTATION_CONTEXT ( 'NONE', 'WORKASPACE' ) );
#419 = COLOUR_RGB ( '',0.9686274509803921573, 0.8784313725490195957, 0.5999999999999999778 ) ;
#420 = LINE ( 'NONE', #8473, #2806 ) ;
#421 = STYLED_ITEM ( 'NONE', ( #6256 ), #5767 ) ;
#422 = VERTEX_POINT ( 'NONE', #8481 ) ;
#423 =( GEOMETRIC_REPRESENTATION_CONTEXT ( 3 ) GLOBAL_UNCERTAINTY_ASSIGNED_CONTEXT ( ( #4039 ) ) GLOBAL_UNIT_ASSIGNED_CONTEXT ( ( #6664, #1978, #6547 ) ) REPRESENTATION_CONTEXT ( 'NONE', 'WORKASPACE' ) );
#424 = SURFACE_SIDE_STYLE ('',( #6410 ) ) ;
#425 = DIRECTION ( 'NONE',  ( 0.000000000000000000, 1.000000000000000000, 0.000000000000000000 ) ) ;
#426 =( GEOMETRIC_REPRESENTATION_CONTEXT ( 3 ) GLOBAL_UNCERTAINTY_ASSIGNED_CONTEXT ( ( #808 ) ) GLOBAL_UNIT_ASSIGNED_CONTEXT ( ( #8412, #2349, #6749 ) ) REPRESENTATION_CONTEXT ( 'NONE', 'WORKASPACE' ) );
#427 = CARTESIAN_POINT ( 'NONE',  ( 1.269999999999999796, -0.9499999999999995115, -2.499999999999998668 ) ) ;
#428 = EDGE_CURVE ( 'NONE', #1734, #5621, #1148, .T. ) ;
#429 =( NAMED_UNIT ( * ) PLANE_ANGLE_UNIT ( ) SI_UNIT ( $, .RADIAN. ) );
#430 = VECTOR ( 'NONE', #3694, 1000.000000000000000 ) ;
#431 =( BOUNDED_CURVE ( )  B_SPLINE_CURVE ( 3, ( #3153, #1756, #7014, #3112 ),
 .UNSPECIFIED., .F., .F. ) 
 B_SPLINE_CURVE_WITH_KNOTS ( ( 4, 4 ),
 ( 2.356194490192341728, 3.141592653589793116 ),
 .UNSPECIFIED. ) 
 CURVE ( )  GEOMETRIC_REPRESENTATION_ITEM ( )  RATIONAL_B_SPLINE_CURVE ( ( 1.000000000000000000, 0.9492530216741906779, 0.9492530216741906779, 1.000000000000000000 ) ) 
 REPRESENTATION_ITEM ( '' )  );
#432 = FACE_OUTER_BOUND ( 'NONE', #301, .T. ) ;
#433 = LINE ( 'NONE', #5799, #8215 ) ;
#434 = COLOUR_RGB ( '',0.5607843137254902022, 0.6470588235294117974, 0.6352941176470587870 ) ;
#435 = FACE_OUTER_BOUND ( 'NONE', #7029, .T. ) ;
#436 = LINE ( 'NONE', #7028, #3720 ) ;
#437 = ORIENTED_EDGE ( 'NONE', *, *, #1815, .T. ) ;
#438 = LINE ( 'NONE', #3837, #7962 ) ;
#439 = PRESENTATION_STYLE_ASSIGNMENT (( #1729 ) ) ;
#440 = VECTOR ( 'NONE', #5624, 1000.000000000000000 ) ;
#441 = DIRECTION ( 'NONE',  ( -0.000000000000000000, 0.9659258262890677571, -0.2588190451025230709 ) ) ;
#442 = DIRECTION ( 'NONE',  ( 1.000000000000000000, 0.000000000000000000, 0.000000000000000000 ) ) ;
#443 = ORIENTED_EDGE ( 'NONE', *, *, #512, .F. ) ;
#444 = ORIENTED_EDGE ( 'NONE', *, *, #4977, .F. ) ;
#445 = DIRECTION ( 'NONE',  ( 0.000000000000000000, -1.000000000000000000, 0.000000000000000000 ) ) ;
#446 = PRESENTATION_LAYER_ASSIGNMENT (  '', '', ( #7921 ) ) ;
#447 = DIRECTION ( 'NONE',  ( -1.000000000000000000, 0.000000000000000000, 0.000000000000000000 ) ) ;
#448 = LINE ( 'NONE', #8635, #5453 ) ;
#449 =( GEOMETRIC_REPRESENTATION_CONTEXT ( 3 ) GLOBAL_UNCERTAINTY_ASSIGNED_CONTEXT ( ( #8471 ) ) GLOBAL_UNIT_ASSIGNED_CONTEXT ( ( #7421, #1434, #749 ) ) REPRESENTATION_CONTEXT ( 'NONE', 'WORKASPACE' ) );
#450 = ADVANCED_FACE ( 'NONE', ( #1664 ), #6522, .F. ) ;
#451 = EDGE_CURVE ( 'NONE', #8133, #6683, #8484, .T. ) ;
#452 = EDGE_CURVE ( 'NONE', #5557, #6494, #5590, .T. ) ;
#453 = SURFACE_STYLE_FILL_AREA ( #341 ) ;
#454 = SURFACE_SIDE_STYLE ('',( #5811 ) ) ;
#455 = VECTOR ( 'NONE', #7632, 1000.000000000000000 ) ;
#456 = ORIENTED_EDGE ( 'NONE', *, *, #2507, .F. ) ;
#457 = CARTESIAN_POINT ( 'NONE',  ( 1.570000000000000284, 1.250000000000000000, -2.799999999999999822 ) ) ;
#458 = CARTESIAN_POINT ( 'NONE',  ( 2.189644660940672338, -0.3003553390593273753, -5.494846997554884815 ) ) ;
#459 = DIRECTION ( 'NONE',  ( 0.000000000000000000, 0.000000000000000000, 1.000000000000000000 ) ) ;
#460 = STYLED_ITEM ( 'NONE', ( #6950 ), #6476 ) ;
#461 = EDGE_LOOP ( 'NONE', ( #8544, #8636, #2212, #3816, #3955 ) ) ;
#462 = FILL_AREA_STYLE_COLOUR ( '', #2023 ) ;
#463 = VECTOR ( 'NONE', #2078, 1000.000000000000000 ) ;
#464 = ADVANCED_FACE ( 'NONE', ( #435 ), #8266, .F. ) ;
#465 = PRESENTATION_STYLE_ASSIGNMENT (( #5131 ) ) ;
#466 = VERTEX_POINT ( 'NONE', #6913 ) ;
#467 = EDGE_CURVE ( 'NONE', #3712, #4423, #882, .T. ) ;
#468 = PRESENTATION_STYLE_ASSIGNMENT (( #5175 ) ) ;
#469 = LINE ( 'NONE', #2541, #180 ) ;
#470 = SURFACE_STYLE_FILL_AREA ( #4626 ) ;
#471 = ORIENTED_EDGE ( 'NONE', *, *, #5305, .F. ) ;
#472 = ORIENTED_EDGE ( 'NONE', *, *, #2022, .F. ) ;
#473 = UNCERTAINTY_MEASURE_WITH_UNIT (LENGTH_MEASURE( 1.000000000000000082E-05 ), #4683, 'distance_accuracy_value', 'NONE');
#474 = CARTESIAN_POINT ( 'NONE',  ( 0.2650000000000000688, -0.2650000000000000133, 6.140192378864673728 ) ) ;
#475 = CARTESIAN_POINT ( 'NONE',  ( 2.754999999999999893, 0.2650000000000000133, -1.609045455704950278 ) ) ;
#476 = VERTEX_POINT ( 'NONE', #6255 ) ;
#477 =( NAMED_UNIT ( * ) SI_UNIT ( $, .STERADIAN. ) SOLID_ANGLE_UNIT ( ) );
#478 = DIRECTION ( 'NONE',  ( -0.000000000000000000, -1.000000000000000000, -0.000000000000000000 ) ) ;
#479 = PLANE ( 'NONE',  #6138 ) ;
#480 = LINE ( 'NONE', #4359, #6363 ) ;
#481 = SURFACE_SIDE_STYLE ('',( #4639 ) ) ;
#482 = ORIENTED_EDGE ( 'NONE', *, *, #8678, .T. ) ;
#483 =( NAMED_UNIT ( * ) SI_UNIT ( $, .STERADIAN. ) SOLID_ANGLE_UNIT ( ) );
#484 = VECTOR ( 'NONE', #5510, 1000.000000000000000 ) ;
#485 = DIRECTION ( 'NONE',  ( -0.000000000000000000, -1.000000000000000000, -0.000000000000000000 ) ) ;
#486 = MECHANICAL_DESIGN_GEOMETRIC_PRESENTATION_REPRESENTATION (  '', ( #4432 ), #8680 ) ;
#487 = DIRECTION ( 'NONE',  ( 1.000000000000000000, 0.000000000000000000, 0.000000000000000000 ) ) ;
#488 = ORIENTED_EDGE ( 'NONE', *, *, #6897, .F. ) ;
#489 = ORIENTED_EDGE ( 'NONE', *, *, #7178, .T. ) ;
#490 = LINE ( 'NONE', #5115, #5633 ) ;
#491 = CARTESIAN_POINT ( 'NONE',  ( -1.370000000000000329, -0.8499999999999994227, 6.699999999999999289 ) ) ;
#492 = ORIENTED_EDGE ( 'NONE', *, *, #3133, .T. ) ;
#493 = DIRECTION ( 'NONE',  ( 0.7071067811865474617, 0.7071067811865474617, 0.000000000000000000 ) ) ;
#494 = SURFACE_STYLE_USAGE ( .BOTH. , #4755 ) ;
#495 = ORIENTED_EDGE ( 'NONE', *, *, #428, .T. ) ;
#496 = LINE ( 'NONE', #1788, #5943 ) ;
#497 =( LENGTH_UNIT ( ) NAMED_UNIT ( * ) SI_UNIT ( .MILLI., .METRE. ) );
#498 = COLOUR_RGB ( '',0.5607843137254902022, 0.6470588235294117974, 0.6352941176470587870 ) ;
#499 = PRESENTATION_LAYER_ASSIGNMENT (  '', '', ( #7977 ) ) ;
#500 = ORIENTED_EDGE ( 'NONE', *, *, #6885, .F. ) ;
#501 = EDGE_CURVE ( 'NONE', #560, #3461, #2259, .T. ) ;
#502 = PRESENTATION_STYLE_ASSIGNMENT (( #3752 ) ) ;
#503 = DIRECTION ( 'NONE',  ( -0.000000000000000000, -0.000000000000000000, -1.000000000000000000 ) ) ;
#504 = EDGE_LOOP ( 'NONE', ( #2264, #2972, #2373, #7795, #3518 ) ) ;
#505 = LINE ( 'NONE', #7876, #6158 ) ;
#506 = CARTESIAN_POINT ( 'NONE',  ( -1.670000000000000373, 1.250000000000000000, -2.799999999999999822 ) ) ;
#507 = DIRECTION ( 'NONE',  ( -0.000000000000000000, -0.000000000000000000, -1.000000000000000000 ) ) ;
#508 = SURFACE_SIDE_STYLE ('',( #1133 ) ) ;
#509 = ORIENTED_EDGE ( 'NONE', *, *, #3013, .T. ) ;
#510 = ORIENTED_EDGE ( 'NONE', *, *, #7828, .F. ) ;
#511 = EDGE_CURVE ( 'NONE', #2819, #2305, #3121, .T. ) ;
#512 = EDGE_CURVE ( 'NONE', #4325, #8671, #3357, .T. ) ;
#513 = CARTESIAN_POINT ( 'NONE',  ( 3.709999999999999964, -0.9499999999999995115, -1.800000000000000044 ) ) ;
#514 = FILL_AREA_STYLE_COLOUR ( '', #7726 ) ;
#515 = ORIENTED_EDGE ( 'NONE', *, *, #2076, .F. ) ;
#516 = DIRECTION ( 'NONE',  ( 0.000000000000000000, 0.000000000000000000, 1.000000000000000000 ) ) ;
#517 =( NAMED_UNIT ( * ) SI_UNIT ( $, .STERADIAN. ) SOLID_ANGLE_UNIT ( ) );
#518 = ADVANCED_FACE ( 'NONE', ( #83 ), #1352, .T. ) ;
#519 = SURFACE_STYLE_USAGE ( .BOTH. , #8426 ) ;
#520 = FILL_AREA_STYLE_COLOUR ( '', #1295 ) ;
#521 =( NAMED_UNIT ( * ) SI_UNIT ( $, .STERADIAN. ) SOLID_ANGLE_UNIT ( ) );
#522 =( NAMED_UNIT ( * ) SI_UNIT ( $, .STERADIAN. ) SOLID_ANGLE_UNIT ( ) );
#523 = FILL_AREA_STYLE_COLOUR ( '', #5648 ) ;
#524 = DIRECTION ( 'NONE',  ( -0.7071067811865475727, -0.7071067811865475727, 0.000000000000000000 ) ) ;
#525 = DIRECTION ( 'NONE',  ( -0.7071067811865487940, 0.000000000000000000, 0.7071067811865463515 ) ) ;
#526 = VERTEX_POINT ( 'NONE', #8099 ) ;
#527 = LINE ( 'NONE', #1371, #3877 ) ;
#528 = COLOUR_RGB ( '',0.5607843137254902022, 0.6470588235294117974, 0.6352941176470587870 ) ;
#529 = ORIENTED_EDGE ( 'NONE', *, *, #3353, .T. ) ;
#530 = ORIENTED_EDGE ( 'NONE', *, *, #756, .T. ) ;
#531 = LINE ( 'NONE', #7227, #709 ) ;
#532 = AXIS2_PLACEMENT_3D ( 'NONE', #3377, #4090, #4794 ) ;
#533 = SURFACE_STYLE_FILL_AREA ( #7130 ) ;
#534 = LINE ( 'NONE', #1339, #2017 ) ;
#535 = LINE ( 'NONE', #4576, #4851 ) ;
#536 = ORIENTED_EDGE ( 'NONE', *, *, #7703, .T. ) ;
#537 = CARTESIAN_POINT ( 'NONE',  ( -1.270000000000000240, 0.8499999999999998668, 6.699999999999999289 ) ) ;
#538 = DIRECTION ( 'NONE',  ( 0.000000000000000000, 0.000000000000000000, -1.000000000000000000 ) ) ;
#539 = UNCERTAINTY_MEASURE_WITH_UNIT (LENGTH_MEASURE( 1.000000000000000082E-05 ), #5274, 'distance_accuracy_value', 'NONE');
#540 = ORIENTED_EDGE ( 'NONE', *, *, #1444, .F. ) ;
#541 = VECTOR ( 'NONE', #1265, 1000.000000000000000 ) ;
#542 = SURFACE_SIDE_STYLE ('',( #6575 ) ) ;
#543 = COLOUR_RGB ( '',0.5607843137254902022, 0.6470588235294117974, 0.6352941176470587870 ) ;
#544 = VECTOR ( 'NONE', #167, 1000.000000000000000 ) ;
#545 = CARTESIAN_POINT ( 'NONE',  ( -3.810000000000000053, -1.250000000000000000, 0.000000000000000000 ) ) ;
#546 = ORIENTED_EDGE ( 'NONE', *, *, #5608, .T. ) ;
#547 = EDGE_CURVE ( 'NONE', #3978, #5083, #1471, .T. ) ;
#548 = CARTESIAN_POINT ( 'NONE',  ( -2.890355339059327289, 0.3003553390593270422, 6.194846997554884993 ) ) ;
#549 = ORIENTED_EDGE ( 'NONE', *, *, #3716, .T. ) ;
#550 =( GEOMETRIC_REPRESENTATION_CONTEXT ( 3 ) GLOBAL_UNCERTAINTY_ASSIGNED_CONTEXT ( ( #3825 ) ) GLOBAL_UNIT_ASSIGNED_CONTEXT ( ( #5555, #7638, #4949 ) ) REPRESENTATION_CONTEXT ( 'NONE', 'WORKASPACE' ) );
#551 =( NAMED_UNIT ( * ) SI_UNIT ( $, .STERADIAN. ) SOLID_ANGLE_UNIT ( ) );
#552 = ORIENTED_EDGE ( 'NONE', *, *, #8238, .F. ) ;
#553 = PRESENTATION_LAYER_ASSIGNMENT (  '', '', ( #2527 ) ) ;
#554 = AXIS2_PLACEMENT_3D ( 'NONE', #6211, #3507, #2876 ) ;
#555 = DIRECTION ( 'NONE',  ( 1.000000000000000000, 0.000000000000000000, 0.000000000000000000 ) ) ;
#556 = AXIS2_PLACEMENT_3D ( 'NONE', #3323, #2105, #14 ) ;
#557 = EDGE_CURVE ( 'NONE', #7622, #210, #2764, .T. ) ;
#558 = EDGE_CURVE ( 'NONE', #3130, #3805, #8241, .T. ) ;
#559 = VECTOR ( 'NONE', #555, 1000.000000000000000 ) ;
#560 = VERTEX_POINT ( 'NONE', #6795 ) ;
#561 =( LENGTH_UNIT ( ) NAMED_UNIT ( * ) SI_UNIT ( .MILLI., .METRE. ) );
#562 = ORIENTED_EDGE ( 'NONE', *, *, #106, .T. ) ;
#563 = CARTESIAN_POINT ( 'NONE',  ( -2.400384757728999841, -1.250000000000000000, -1.800000000000000044 ) ) ;
#564 = UNCERTAINTY_MEASURE_WITH_UNIT (LENGTH_MEASURE( 1.000000000000000082E-05 ), #6598, 'distance_accuracy_value', 'NONE');
#565 = STYLED_ITEM ( 'NONE', ( #6478 ), #4505 ) ;
#566 = SURFACE_SIDE_STYLE ('',( #1862 ) ) ;
#567 = DIRECTION ( 'NONE',  ( -0.000000000000000000, 0.000000000000000000, 1.000000000000000000 ) ) ;
#568 = VECTOR ( 'NONE', #3554, 1000.000000000000000 ) ;
#569 = VECTOR ( 'NONE', #4247, 1000.000000000000000 ) ;
#570 = CARTESIAN_POINT ( 'NONE',  ( -2.311561944896765475, 0.3149999999999999467, -5.440192378864675327 ) ) ;
#571 = SURFACE_SIDE_STYLE ('',( #6594 ) ) ;
#572 =( GEOMETRIC_REPRESENTATION_CONTEXT ( 3 ) GLOBAL_UNCERTAINTY_ASSIGNED_CONTEXT ( ( #1000 ) ) GLOBAL_UNIT_ASSIGNED_CONTEXT ( ( #5419, #777, #2195 ) ) REPRESENTATION_CONTEXT ( 'NONE', 'WORKASPACE' ) );
#573 = ADVANCED_FACE ( 'NONE', ( #2801 ), #1540, .T. ) ;
#574 = FILL_AREA_STYLE ('',( #2080 ) ) ;
#575 = ORIENTED_EDGE ( 'NONE', *, *, #5017, .T. ) ;
#576 = DIRECTION ( 'NONE',  ( -0.7071067811865487940, 0.000000000000000000, 0.7071067811865463515 ) ) ;
#577 = CARTESIAN_POINT ( 'NONE',  ( -0.3149999999999998357, -0.3150000000000000022, -5.440192378864675327 ) ) ;
#578 = LINE ( 'NONE', #7950, #8444 ) ;
#579 = VERTEX_POINT ( 'NONE', #193 ) ;
#580 =( LENGTH_UNIT ( ) NAMED_UNIT ( * ) SI_UNIT ( .MILLI., .METRE. ) );
#581 = VECTOR ( 'NONE', #1723, 1000.000000000000227 ) ;
#582 = CARTESIAN_POINT ( 'NONE',  ( 2.805000000000000160, 0.2650000000000000133, -5.440192378864675327 ) ) ;
#583 = ORIENTED_EDGE ( 'NONE', *, *, #3047, .T. ) ;
#584 = CARTESIAN_POINT ( 'NONE',  ( 2.805000000000000160, -0.2650000000000000133, -5.440192378864675327 ) ) ;
#585 = CIRCLE ( 'NONE', #5502, 0.05000000000000012768 ) ;
#586 = PRESENTATION_LAYER_ASSIGNMENT (  '', '', ( #4553 ) ) ;
#587 = MECHANICAL_DESIGN_GEOMETRIC_PRESENTATION_REPRESENTATION (  '', ( #1166 ), #1721 ) ;
#588 = DIRECTION ( 'NONE',  ( -1.000000000000000000, 0.000000000000000000, 0.000000000000000000 ) ) ;
#589 = AXIS2_PLACEMENT_3D ( 'NONE', #6771, #190, #98 ) ;
#590 = FACE_OUTER_BOUND ( 'NONE', #8751, .T. ) ;
#591 = ORIENTED_EDGE ( 'NONE', *, *, #2499, .T. ) ;
#592 = FILL_AREA_STYLE_COLOUR ( '', #2218 ) ;
#593 = CARTESIAN_POINT ( 'NONE',  ( -2.390000000000000124, -0.1699999999999997902, -0.9899999999999999911 ) ) ;
#594 = VECTOR ( 'NONE', #4526, 1000.000000000000000 ) ;
#595 = PRESENTATION_STYLE_ASSIGNMENT (( #5964 ) ) ;
#596 = DIRECTION ( 'NONE',  ( -0.000000000000000000, 0.000000000000000000, 1.000000000000000000 ) ) ;
#597 = MECHANICAL_DESIGN_GEOMETRIC_PRESENTATION_REPRESENTATION (  '', ( #4699 ), #1447 ) ;
#598 = CARTESIAN_POINT ( 'NONE',  ( -3.810000000000000053, 0.9500000000000000666, 0.000000000000000000 ) ) ;
#599 = DIRECTION ( 'NONE',  ( 0.000000000000000000, 0.000000000000000000, -1.000000000000000000 ) ) ;
#600 = VECTOR ( 'NONE', #7088, 1000.000000000000000 ) ;
#601 = ORIENTED_EDGE ( 'NONE', *, *, #5558, .F. ) ;
#602 = CARTESIAN_POINT ( 'NONE',  ( -2.905000000000000249, -0.2650000000000000133, -5.440192378864675327 ) ) ;
#603 = CARTESIAN_POINT ( 'NONE',  ( -0.3149999999999998357, 0.3150000000000000022, 6.140192378864673728 ) ) ;
#604 = ORIENTED_EDGE ( 'NONE', *, *, #1051, .F. ) ;
#605 = CARTESIAN_POINT ( 'NONE',  ( -2.274999999999999911, 0.2650000000000000133, 0.000000000000000000 ) ) ;
#606 = ADVANCED_FACE ( 'NONE', ( #1003 ), #6398, .F. ) ;
#607 = ADVANCED_FACE ( 'NONE', ( #1177 ), #5781, .F. ) ;
#608 = SURFACE_STYLE_FILL_AREA ( #8033 ) ;
#609 = PRESENTATION_LAYER_ASSIGNMENT (  '', '', ( #1870 ) ) ;
#610 = PRESENTATION_STYLE_ASSIGNMENT (( #7310 ) ) ;
#611 = SURFACE_STYLE_FILL_AREA ( #1284 ) ;
#612 = CARTESIAN_POINT ( 'NONE',  ( 1.219999999999999973, 1.250000000000000000, -2.449999999999998401 ) ) ;
#613 = PRESENTATION_STYLE_ASSIGNMENT (( #6563 ) ) ;
#614 = DIRECTION ( 'NONE',  ( 1.000000000000000000, 0.000000000000000000, -0.000000000000000000 ) ) ;
#615 =( LENGTH_UNIT ( ) NAMED_UNIT ( * ) SI_UNIT ( .MILLI., .METRE. ) );
#616 = SURFACE_SIDE_STYLE ('',( #2739 ) ) ;
#617 = ORIENTED_EDGE ( 'NONE', *, *, #2035, .T. ) ;
#618 = ORIENTED_EDGE ( 'NONE', *, *, #4691, .T. ) ;
#619 = DIRECTION ( 'NONE',  ( 0.7071067811865463515, 0.000000000000000000, 0.7071067811865487940 ) ) ;
#620 = EDGE_CURVE ( 'NONE', #466, #2616, #6056, .T. ) ;
#621 = DIRECTION ( 'NONE',  ( -0.000000000000000000, 0.000000000000000000, 1.000000000000000000 ) ) ;
#622 = SURFACE_STYLE_USAGE ( .BOTH. , #2779 ) ;
#623 = CARTESIAN_POINT ( 'NONE',  ( 2.225000000000000533, -0.2650000000000000133, -0.8909545442950493888 ) ) ;
#624 =( GEOMETRIC_REPRESENTATION_CONTEXT ( 3 ) GLOBAL_UNCERTAINTY_ASSIGNED_CONTEXT ( ( #1442 ) ) GLOBAL_UNIT_ASSIGNED_CONTEXT ( ( #1964, #7278, #2706 ) ) REPRESENTATION_CONTEXT ( 'NONE', 'WORKASPACE' ) );
#625 = PRESENTATION_STYLE_ASSIGNMENT (( #8002 ) ) ;
#626 = EDGE_LOOP ( 'NONE', ( #8422, #8508, #6349, #6818, #8194 ) ) ;
#627 = EDGE_CURVE ( 'NONE', #7081, #6790, #4540, .T. ) ;
#628 = AXIS2_PLACEMENT_3D ( 'NONE', #6274, #8212, #1627 ) ;
#629 = VECTOR ( 'NONE', #7363, 1000.000000000000000 ) ;
#630 = SURFACE_STYLE_FILL_AREA ( #2138 ) ;
#631 = CARTESIAN_POINT ( 'NONE',  ( -3.810000000000000053, 1.250000000000000000, -0.9899999999999999911 ) ) ;
#632 = ORIENTED_EDGE ( 'NONE', *, *, #1288, .F. ) ;
#633 = CARTESIAN_POINT ( 'NONE',  ( -2.890355339059327289, 0.3003553390593270422, 6.194846997554884993 ) ) ;
#634 = VECTOR ( 'NONE', #999, 1000.000000000000000 ) ;
#635 =( NAMED_UNIT ( * ) SI_UNIT ( $, .STERADIAN. ) SOLID_ANGLE_UNIT ( ) );
#636 = EDGE_LOOP ( 'NONE', ( #7370, #2682, #3314, #1120, #3079, #5676, #3998, #3608 ) ) ;
#637 = UNCERTAINTY_MEASURE_WITH_UNIT (LENGTH_MEASURE( 1.000000000000000082E-05 ), #6561, 'distance_accuracy_value', 'NONE');
#638 = VECTOR ( 'NONE', #2128, 1000.000000000000000 ) ;
#639 = DIRECTION ( 'NONE',  ( 0.2505628070857336409, 0.2505628070857336409, -0.9351131265310282936 ) ) ;
#640 = ORIENTED_EDGE ( 'NONE', *, *, #5711, .T. ) ;
#641 = UNCERTAINTY_MEASURE_WITH_UNIT (LENGTH_MEASURE( 1.000000000000000082E-05 ), #647, 'distance_accuracy_value', 'NONE');
#642 = CARTESIAN_POINT ( 'NONE',  ( -3.810000000000000053, 1.250000000000000000, -2.799999999999999822 ) ) ;
#643 =( NAMED_UNIT ( * ) SI_UNIT ( $, .STERADIAN. ) SOLID_ANGLE_UNIT ( ) );
#644 = PRESENTATION_STYLE_ASSIGNMENT (( #3200 ) ) ;
#645 = FILL_AREA_STYLE_COLOUR ( '', #543 ) ;
#646 = ADVANCED_FACE ( 'NONE', ( #1747 ), #1843, .T. ) ;
#647 =( LENGTH_UNIT ( ) NAMED_UNIT ( * ) SI_UNIT ( .MILLI., .METRE. ) );
#648 = ORIENTED_EDGE ( 'NONE', *, *, #8110, .T. ) ;
#649 = DIRECTION ( 'NONE',  ( 0.000000000000000000, 0.000000000000000000, -1.000000000000000000 ) ) ;
#650 = UNCERTAINTY_MEASURE_WITH_UNIT (LENGTH_MEASURE( 1.000000000000000082E-05 ), #5275, 'distance_accuracy_value', 'NONE');
#651 = ORIENTED_EDGE ( 'NONE', *, *, #8656, .T. ) ;
#652 = VERTEX_POINT ( 'NONE', #5354 ) ;
#653 = PRESENTATION_STYLE_ASSIGNMENT (( #6114 ) ) ;
#654 =( NAMED_UNIT ( * ) PLANE_ANGLE_UNIT ( ) SI_UNIT ( $, .RADIAN. ) );
#655 = VECTOR ( 'NONE', #1814, 1000.000000000000000 ) ;
#656 = SURFACE_SIDE_STYLE ('',( #4575 ) ) ;
#657 = ORIENTED_EDGE ( 'NONE', *, *, #6747, .F. ) ;
#658 = LINE ( 'NONE', #4065, #1716 ) ;
#659 = ADVANCED_FACE ( 'NONE', ( #590 ), #2094, .F. ) ;
#660 = EDGE_CURVE ( 'NONE', #8133, #6528, #7382, .T. ) ;
#661 =( BOUNDED_CURVE ( )  B_SPLINE_CURVE ( 3, ( #3276, #4034, #4665, #6048 ),
 .UNSPECIFIED., .F., .F. ) 
 B_SPLINE_CURVE_WITH_KNOTS ( ( 4, 4 ),
 ( 2.356194490192341728, 3.141592653589793116 ),
 .UNSPECIFIED. ) 
 CURVE ( )  GEOMETRIC_REPRESENTATION_ITEM ( )  RATIONAL_B_SPLINE_CURVE ( ( 1.000000000000000000, 0.9492530216741906779, 0.9492530216741906779, 1.000000000000000000 ) ) 
 REPRESENTATION_ITEM ( '' )  );
#662 = FACE_OUTER_BOUND ( 'NONE', #5643, .T. ) ;
#663 = SURFACE_SIDE_STYLE ('',( #8005 ) ) ;
#664 = PLANE ( 'NONE',  #7497 ) ;
#665 = FILL_AREA_STYLE ('',( #8061 ) ) ;
#666 = DIRECTION ( 'NONE',  ( 0.000000000000000000, 0.000000000000000000, -1.000000000000000000 ) ) ;
#667 = ORIENTED_EDGE ( 'NONE', *, *, #3771, .F. ) ;
#668 = ADVANCED_FACE ( 'NONE', ( #8138 ), #712, .T. ) ;
#669 = PRESENTATION_LAYER_ASSIGNMENT (  '', '', ( #4334 ) ) ;
#670 = DIRECTION ( 'NONE',  ( 0.5773502691896251759, -0.5773502691896251759, -0.5773502691896270633 ) ) ;
#671 = PRESENTATION_LAYER_ASSIGNMENT (  '', '', ( #7139 ) ) ;
#672 =( NAMED_UNIT ( * ) SI_UNIT ( $, .STERADIAN. ) SOLID_ANGLE_UNIT ( ) );
#673 = PRESENTATION_STYLE_ASSIGNMENT (( #4037 ) ) ;
#674 = ORIENTED_EDGE ( 'NONE', *, *, #3290, .F. ) ;
#675 = DIRECTION ( 'NONE',  ( 1.000000000000000000, 0.000000000000000000, 0.000000000000000000 ) ) ;
#676 = VECTOR ( 'NONE', #2065, 1000.000000000000000 ) ;
#677 = VERTEX_POINT ( 'NONE', #7423 ) ;
#678 = DIRECTION ( 'NONE',  ( 0.7071067811865475727, -0.7071067811865475727, 0.000000000000000000 ) ) ;
#679 = SURFACE_STYLE_FILL_AREA ( #142 ) ;
#680 = COLOUR_RGB ( '',0.5607843137254902022, 0.6470588235294117974, 0.6352941176470587870 ) ;
#681 = VECTOR ( 'NONE', #3607, 1000.000000000000000 ) ;
#682 =( GEOMETRIC_REPRESENTATION_CONTEXT ( 3 ) GLOBAL_UNCERTAINTY_ASSIGNED_CONTEXT ( ( #7164 ) ) GLOBAL_UNIT_ASSIGNED_CONTEXT ( ( #1966, #702, #3308 ) ) REPRESENTATION_CONTEXT ( 'NONE', 'WORKASPACE' ) );
#683 = STYLED_ITEM ( 'NONE', ( #5525 ), #8435 ) ;
#684 = DIRECTION ( 'NONE',  ( 0.000000000000000000, -1.000000000000000000, 0.000000000000000000 ) ) ;
#685 = DIRECTION ( 'NONE',  ( -0.000000000000000000, 0.000000000000000000, 1.000000000000000000 ) ) ;
#686 = FACE_OUTER_BOUND ( 'NONE', #2285, .T. ) ;
#687 = AXIS2_PLACEMENT_3D ( 'NONE', #4756, #3257, #5255 ) ;
#688 = FILL_AREA_STYLE ('',( #6728 ) ) ;
#689 =( NAMED_UNIT ( * ) PLANE_ANGLE_UNIT ( ) SI_UNIT ( $, .RADIAN. ) );
#690 = VECTOR ( 'NONE', #2471, 1000.000000000000000 ) ;
#691 = DIRECTION ( 'NONE',  ( 0.000000000000000000, 1.000000000000000000, 0.000000000000000000 ) ) ;
#692 =( GEOMETRIC_REPRESENTATION_CONTEXT ( 3 ) GLOBAL_UNCERTAINTY_ASSIGNED_CONTEXT ( ( #2662 ) ) GLOBAL_UNIT_ASSIGNED_CONTEXT ( ( #4709, #1473, #4117 ) ) REPRESENTATION_CONTEXT ( 'NONE', 'WORKASPACE' ) );
#693 = AXIS2_PLACEMENT_3D ( 'NONE', #8451, #5861, #538 ) ;
#694 = DIRECTION ( 'NONE',  ( 0.7071067811865474617, 0.7071067811865474617, 0.000000000000000000 ) ) ;
#695 = VECTOR ( 'NONE', #7500, 1000.000000000000000 ) ;
#696 = PRESENTATION_LAYER_ASSIGNMENT (  '', '', ( #8619 ) ) ;
#697 = PRESENTATION_STYLE_ASSIGNMENT (( #622 ) ) ;
#698 = CARTESIAN_POINT ( 'NONE',  ( 0.2503553390593269978, -0.3003553390593272643, 6.194846997554884105 ) ) ;
#699 = ORIENTED_EDGE ( 'NONE', *, *, #5840, .T. ) ;
#700 = SURFACE_STYLE_USAGE ( .BOTH. , #5344 ) ;
#701 = FILL_AREA_STYLE ('',( #2090 ) ) ;
#702 =( NAMED_UNIT ( * ) PLANE_ANGLE_UNIT ( ) SI_UNIT ( $, .RADIAN. ) );
#703 = UNCERTAINTY_MEASURE_WITH_UNIT (LENGTH_MEASURE( 1.000000000000000082E-05 ), #1600, 'distance_accuracy_value', 'NONE');
#704 = STYLED_ITEM ( 'NONE', ( #1470 ), #766 ) ;
#705 =( NAMED_UNIT ( * ) SI_UNIT ( $, .STERADIAN. ) SOLID_ANGLE_UNIT ( ) );
#706 = EDGE_CURVE ( 'NONE', #5126, #2516, #3222, .T. ) ;
#707 = EDGE_CURVE ( 'NONE', #1925, #1292, #2526, .T. ) ;
#708 = EDGE_CURVE ( 'NONE', #6922, #975, #2581, .T. ) ;
#709 = VECTOR ( 'NONE', #5071, 1000.000000000000000 ) ;
#710 =( LENGTH_UNIT ( ) NAMED_UNIT ( * ) SI_UNIT ( .MILLI., .METRE. ) );
#711 =( BOUNDED_CURVE ( )  B_SPLINE_CURVE ( 3, ( #2946, #2993, #4230, #3498 ),
 .UNSPECIFIED., .F., .T. ) 
 B_SPLINE_CURVE_WITH_KNOTS ( ( 4, 4 ),
 ( 2.356194490192345281, 3.141592653589793116 ),
 .UNSPECIFIED. ) 
 CURVE ( )  GEOMETRIC_REPRESENTATION_ITEM ( )  RATIONAL_B_SPLINE_CURVE ( ( 1.000000000000000000, 0.9492530216741912330, 0.9492530216741912330, 1.000000000000000000 ) ) 
 REPRESENTATION_ITEM ( '' )  );
#712 = PLANE ( 'NONE',  #4095 ) ;
#713 = FILL_AREA_STYLE_COLOUR ( '', #6181 ) ;
#714 = VECTOR ( 'NONE', #5306, 1000.000000000000000 ) ;
#715 = PLANE ( 'NONE',  #349 ) ;
#716 = CARTESIAN_POINT ( 'NONE',  ( -2.754999999999999893, -0.1650000000000000633, 6.700000000000000178 ) ) ;
#717 = FILL_AREA_STYLE_COLOUR ( '', #3093 ) ;
#718 = SURFACE_STYLE_USAGE ( .BOTH. , #6754 ) ;
#719 = ORIENTED_EDGE ( 'NONE', *, *, #4322, .T. ) ;
#720 = PRESENTATION_LAYER_ASSIGNMENT (  '', '', ( #5084 ) ) ;
#721 = UNCERTAINTY_MEASURE_WITH_UNIT (LENGTH_MEASURE( 1.000000000000000082E-05 ), #5198, 'distance_accuracy_value', 'NONE');
#722 =( NAMED_UNIT ( * ) PLANE_ANGLE_UNIT ( ) SI_UNIT ( $, .RADIAN. ) );
#723 = ADVANCED_FACE ( 'NONE', ( #7511 ), #4283, .T. ) ;
#724 = MECHANICAL_DESIGN_GEOMETRIC_PRESENTATION_REPRESENTATION (  '', ( #4553 ), #7492 ) ;
#725 = FILL_AREA_STYLE_COLOUR ( '', #3335 ) ;
#726 = EDGE_CURVE ( 'NONE', #2344, #8144, #4993, .T. ) ;
#727 =( NAMED_UNIT ( * ) SI_UNIT ( $, .STERADIAN. ) SOLID_ANGLE_UNIT ( ) );
#728 = STYLED_ITEM ( 'NONE', ( #2257 ), #107 ) ;
#729 = DIRECTION ( 'NONE',  ( 1.000000000000000000, 0.000000000000000000, 0.000000000000000000 ) ) ;
#730 = PRESENTATION_STYLE_ASSIGNMENT (( #7433 ) ) ;
#731 = UNCERTAINTY_MEASURE_WITH_UNIT (LENGTH_MEASURE( 1.000000000000000082E-05 ), #8409, 'distance_accuracy_value', 'NONE');
#732 = DIRECTION ( 'NONE',  ( 0.7071067811865463515, 0.000000000000000000, -0.7071067811865487940 ) ) ;
#733 = STYLED_ITEM ( 'NONE', ( #7911 ), #6578 ) ;
#734 = SURFACE_SIDE_STYLE ('',( #6802 ) ) ;
#735 = SURFACE_STYLE_FILL_AREA ( #6067 ) ;
#736 = CARTESIAN_POINT ( 'NONE',  ( 2.805000000000000160, -0.2650000000000000133, 6.140192378864673728 ) ) ;
#737 = CARTESIAN_POINT ( 'NONE',  ( 2.175000000000000266, -0.2650000000000000133, 6.140192378864673728 ) ) ;
#738 = ORIENTED_EDGE ( 'NONE', *, *, #6689, .F. ) ;
#739 = ORIENTED_EDGE ( 'NONE', *, *, #2363, .F. ) ;
#740 = CARTESIAN_POINT ( 'NONE',  ( 3.810000000000000053, 0.8499999999999998668, -0.4000000000000014655 ) ) ;
#741 = LINE ( 'NONE', #781, #8278 ) ;
#742 =( NAMED_UNIT ( * ) PLANE_ANGLE_UNIT ( ) SI_UNIT ( $, .RADIAN. ) );
#743 = CARTESIAN_POINT ( 'NONE',  ( 3.409999999999999698, 0.7500000000000000000, -2.799999999999999822 ) ) ;
#744 =( NAMED_UNIT ( * ) SI_UNIT ( $, .STERADIAN. ) SOLID_ANGLE_UNIT ( ) );
#745 = ORIENTED_EDGE ( 'NONE', *, *, #3386, .F. ) ;
#746 = CARTESIAN_POINT ( 'NONE',  ( 2.225000000000000533, 0.2650000000000000133, 0.000000000000000000 ) ) ;
#747 = PLANE ( 'NONE',  #5046 ) ;
#748 = CARTESIAN_POINT ( 'NONE',  ( -1.370000000000000107, 0.7500000000000000000, -2.499999999999998668 ) ) ;
#749 =( NAMED_UNIT ( * ) SI_UNIT ( $, .STERADIAN. ) SOLID_ANGLE_UNIT ( ) );
#750 = UNCERTAINTY_MEASURE_WITH_UNIT (LENGTH_MEASURE( 1.000000000000000082E-05 ), #4077, 'distance_accuracy_value', 'NONE');
#751 = DIRECTION ( 'NONE',  ( 1.000000000000000000, 0.000000000000000000, 0.000000000000000000 ) ) ;
#752 = DIRECTION ( 'NONE',  ( -1.000000000000000000, 0.000000000000000000, 0.000000000000000000 ) ) ;
#753 = DIRECTION ( 'NONE',  ( 0.000000000000000000, -1.000000000000000000, -0.000000000000000000 ) ) ;
#754 =( NAMED_UNIT ( * ) SI_UNIT ( $, .STERADIAN. ) SOLID_ANGLE_UNIT ( ) );
#755 = DIRECTION ( 'NONE',  ( 0.000000000000000000, 0.000000000000000000, 1.000000000000000000 ) ) ;
#756 = EDGE_CURVE ( 'NONE', #476, #1246, #4854, .T. ) ;
#757 = VECTOR ( 'NONE', #356, 1000.000000000000000 ) ;
#758 = ORIENTED_EDGE ( 'NONE', *, *, #4691, .F. ) ;
#759 = STYLED_ITEM ( 'NONE', ( #7805 ), #1855 ) ;
#760 = EDGE_LOOP ( 'NONE', ( #1858, #1449, #5722, #5802 ) ) ;
#761 =( BOUNDED_CURVE ( )  B_SPLINE_CURVE ( 3, ( #8672, #7276, #4734, #698 ),
 .UNSPECIFIED., .F., .T. ) 
 B_SPLINE_CURVE_WITH_KNOTS ( ( 4, 4 ),
 ( 3.141592653589793116, 3.926990816987234734 ),
 .UNSPECIFIED. ) 
 CURVE ( )  GEOMETRIC_REPRESENTATION_ITEM ( )  RATIONAL_B_SPLINE_CURVE ( ( 1.000000000000000000, 0.9492530216741920102, 0.9492530216741920102, 1.000000000000000000 ) ) 
 REPRESENTATION_ITEM ( '' )  );
#762 =( NAMED_UNIT ( * ) SI_UNIT ( $, .STERADIAN. ) SOLID_ANGLE_UNIT ( ) );
#763 = SURFACE_SIDE_STYLE ('',( #4955 ) ) ;
#764 = COLOUR_RGB ( '',0.9686274509803921573, 0.8784313725490195957, 0.5999999999999999778 ) ;
#765 = DIRECTION ( 'NONE',  ( -0.000000000000000000, 0.000000000000000000, -1.000000000000000000 ) ) ;
#766 = ADVANCED_FACE ( 'NONE', ( #3553 ), #925, .T. ) ;
#767 = ADVANCED_FACE ( 'NONE', ( #3436 ), #8187, .F. ) ;
#768 = ORIENTED_EDGE ( 'NONE', *, *, #4396, .T. ) ;
#769 = LINE ( 'NONE', #3447, #5761 ) ;
#770 =( GEOMETRIC_REPRESENTATION_CONTEXT ( 3 ) GLOBAL_UNCERTAINTY_ASSIGNED_CONTEXT ( ( #1908 ) ) GLOBAL_UNIT_ASSIGNED_CONTEXT ( ( #3051, #2053, #3934 ) ) REPRESENTATION_CONTEXT ( 'NONE', 'WORKASPACE' ) );
#771 = MECHANICAL_DESIGN_GEOMETRIC_PRESENTATION_REPRESENTATION (  '', ( #2613 ), #2188 ) ;
#772 = SURFACE_SIDE_STYLE ('',( #223 ) ) ;
#773 = PLANE ( 'NONE',  #1407 ) ;
#774 =( LENGTH_UNIT ( ) NAMED_UNIT ( * ) SI_UNIT ( .MILLI., .METRE. ) );
#775 =( NAMED_UNIT ( * ) PLANE_ANGLE_UNIT ( ) SI_UNIT ( $, .RADIAN. ) );
#776 = EDGE_CURVE ( 'NONE', #3136, #1688, #4471, .T. ) ;
#777 =( NAMED_UNIT ( * ) PLANE_ANGLE_UNIT ( ) SI_UNIT ( $, .RADIAN. ) );
#778 = FILL_AREA_STYLE ('',( #6893 ) ) ;
#779 = ORIENTED_EDGE ( 'NONE', *, *, #122, .T. ) ;
#780 = SURFACE_SIDE_STYLE ('',( #7533 ) ) ;
#781 = CARTESIAN_POINT ( 'NONE',  ( -2.274999999999999911, 0.3150000000000000022, 6.140192378864673728 ) ) ;
#782 = MECHANICAL_DESIGN_GEOMETRIC_PRESENTATION_REPRESENTATION (  '', ( #3319 ), #4168 ) ;
#783 = CARTESIAN_POINT ( 'NONE',  ( -3.510000000000000231, 1.250000000000000000, -0.9899999999999995470 ) ) ;
#784 = ORIENTED_EDGE ( 'NONE', *, *, #5304, .T. ) ;
#785 = ORIENTED_EDGE ( 'NONE', *, *, #4504, .F. ) ;
#786 = SURFACE_SIDE_STYLE ('',( #239 ) ) ;
#787 = UNCERTAINTY_MEASURE_WITH_UNIT (LENGTH_MEASURE( 1.000000000000000082E-05 ), #7781, 'distance_accuracy_value', 'NONE');
#788 = FACE_OUTER_BOUND ( 'NONE', #3068, .T. ) ;
#789 = SURFACE_SIDE_STYLE ('',( #630 ) ) ;
#790 = FILL_AREA_STYLE ('',( #4703 ) ) ;
#791 =( NAMED_UNIT ( * ) SI_UNIT ( $, .STERADIAN. ) SOLID_ANGLE_UNIT ( ) );
#792 = PRESENTATION_STYLE_ASSIGNMENT (( #127 ) ) ;
#793 = DIRECTION ( 'NONE',  ( 0.000000000000000000, 0.000000000000000000, -1.000000000000000000 ) ) ;
#794 = ORIENTED_EDGE ( 'NONE', *, *, #501, .F. ) ;
#795 = LINE ( 'NONE', #886, #1402 ) ;
#796 = SHAPE_DEFINITION_REPRESENTATION ( #5075, #7247 ) ;
#797 = EDGE_CURVE ( 'NONE', #1624, #1036, #1063, .T. ) ;
#798 = AXIS2_PLACEMENT_3D ( 'NONE', #7503, #621, #2700 ) ;
#799 = VERTEX_POINT ( 'NONE', #3696 ) ;
#800 = VERTEX_POINT ( 'NONE', #3797 ) ;
#801 = FILL_AREA_STYLE ('',( #1443 ) ) ;
#802 = EDGE_CURVE ( 'NONE', #2495, #7081, #3742, .T. ) ;
#803 =( LENGTH_UNIT ( ) NAMED_UNIT ( * ) SI_UNIT ( .MILLI., .METRE. ) );
#804 = VECTOR ( 'NONE', #5414, 1000.000000000000114 ) ;
#805 = PRESENTATION_LAYER_ASSIGNMENT (  '', '', ( #1963 ) ) ;
#806 = CARTESIAN_POINT ( 'NONE',  ( 1.270000000000001128, -0.9499999999999999556, -1.800000000000000044 ) ) ;
#807 = CARTESIAN_POINT ( 'NONE',  ( 0.2150000000000000244, -0.2650000000000000133, -0.8909545442950493888 ) ) ;
#808 = UNCERTAINTY_MEASURE_WITH_UNIT (LENGTH_MEASURE( 1.000000000000000082E-05 ), #8412, 'distance_accuracy_value', 'NONE');
#809 = LINE ( 'NONE', #186, #1565 ) ;
#810 = CYLINDRICAL_SURFACE ( 'NONE', #940, 0.05000000000000012768 ) ;
#811 = VECTOR ( 'NONE', #7425, 1000.000000000000000 ) ;
#812 = ADVANCED_FACE ( 'NONE', ( #1687 ), #7818, .T. ) ;
#813 = EDGE_CURVE ( 'NONE', #6391, #8024, #5235, .T. ) ;
#814 = COLOUR_RGB ( '',0.9686274509803921573, 0.8784313725490195957, 0.5999999999999999778 ) ;
#815 = AXIS2_PLACEMENT_3D ( 'NONE', #6118, #4808, #6814 ) ;
#816 = CARTESIAN_POINT ( 'NONE',  ( -1.670000000000000373, 1.250000000000000000, -2.799999999999999822 ) ) ;
#817 = CARTESIAN_POINT ( 'NONE',  ( 3.409999999999999698, 1.250000000000000000, 6.699999999999999289 ) ) ;
#818 = LINE ( 'NONE', #4173, #1347 ) ;
#819 = DIRECTION ( 'NONE',  ( 0.000000000000000000, 0.000000000000000000, -1.000000000000000000 ) ) ;
#820 = COLOUR_RGB ( '',0.9686274509803921573, 0.8784313725490195957, 0.5999999999999999778 ) ;
#821 = LINE ( 'NONE', #2289, #7815 ) ;
#822 = VECTOR ( 'NONE', #485, 1000.000000000000000 ) ;
#823 = DIRECTION ( 'NONE',  ( -0.000000000000000000, -0.000000000000000000, -1.000000000000000000 ) ) ;
#824 =( NAMED_UNIT ( * ) PLANE_ANGLE_UNIT ( ) SI_UNIT ( $, .RADIAN. ) );
#825 = COLOUR_RGB ( '',0.5607843137254902022, 0.6470588235294117974, 0.6352941176470587870 ) ;
#826 = SURFACE_STYLE_USAGE ( .BOTH. , #6935 ) ;
#827 = ADVANCED_FACE ( 'NONE', ( #1167 ), #6344, .T. ) ;
#828 =( LENGTH_UNIT ( ) NAMED_UNIT ( * ) SI_UNIT ( .MILLI., .METRE. ) );
#829 =( GEOMETRIC_REPRESENTATION_CONTEXT ( 3 ) GLOBAL_UNCERTAINTY_ASSIGNED_CONTEXT ( ( #2623 ) ) GLOBAL_UNIT_ASSIGNED_CONTEXT ( ( #8574, #7080, #7125 ) ) REPRESENTATION_CONTEXT ( 'NONE', 'WORKASPACE' ) );
#830 = PRESENTATION_LAYER_ASSIGNMENT (  '', '', ( #1987 ) ) ;
#831 =( NAMED_UNIT ( * ) PLANE_ANGLE_UNIT ( ) SI_UNIT ( $, .RADIAN. ) );
#832 = ORIENTED_EDGE ( 'NONE', *, *, #802, .F. ) ;
#833 = CARTESIAN_POINT ( 'NONE',  ( -4.403333333333335098, -2.183333333333335791, 0.6333333333333477366 ) ) ;
#834 = DIRECTION ( 'NONE',  ( 0.000000000000000000, 0.000000000000000000, 1.000000000000000000 ) ) ;
#835 = VECTOR ( 'NONE', #6098, 1000.000000000000227 ) ;
#836 = MECHANICAL_DESIGN_GEOMETRIC_PRESENTATION_REPRESENTATION (  '', ( #262 ), #4085 ) ;
#837 = VECTOR ( 'NONE', #852, 1000.000000000000000 ) ;
#838 =( NAMED_UNIT ( * ) PLANE_ANGLE_UNIT ( ) SI_UNIT ( $, .RADIAN. ) );
#839 = UNCERTAINTY_MEASURE_WITH_UNIT (LENGTH_MEASURE( 1.000000000000000082E-05 ), #7095, 'distance_accuracy_value', 'NONE');
#840 = VECTOR ( 'NONE', #4088, 999.9999999999998863 ) ;
#841 = FILL_AREA_STYLE ('',( #6173 ) ) ;
#842 = ORIENTED_EDGE ( 'NONE', *, *, #5698, .T. ) ;
#843 = STYLED_ITEM ( 'NONE', ( #4213 ), #4865 ) ;
#844 = LINE ( 'NONE', #6225, #8165 ) ;
#845 = UNCERTAINTY_MEASURE_WITH_UNIT (LENGTH_MEASURE( 1.000000000000000082E-05 ), #2868, 'distance_accuracy_value', 'NONE');
#846 =( GEOMETRIC_REPRESENTATION_CONTEXT ( 3 ) GLOBAL_UNCERTAINTY_ASSIGNED_CONTEXT ( ( #6287 ) ) GLOBAL_UNIT_ASSIGNED_CONTEXT ( ( #5572, #1499, #6149 ) ) REPRESENTATION_CONTEXT ( 'NONE', 'WORKASPACE' ) );
#847 = FILL_AREA_STYLE_COLOUR ( '', #3388 ) ;
#848 =( LENGTH_UNIT ( ) NAMED_UNIT ( * ) SI_UNIT ( .MILLI., .METRE. ) );
#849 = CARTESIAN_POINT ( 'NONE',  ( 0.000000000000000000, -1.249999999999999556, -1.800000000000000044 ) ) ;
#850 = DIRECTION ( 'NONE',  ( 1.000000000000000000, 0.000000000000000000, 0.000000000000000000 ) ) ;
#851 = FILL_AREA_STYLE ('',( #6233 ) ) ;
#852 = DIRECTION ( 'NONE',  ( 0.5773502691896251759, -0.5773502691896251759, -0.5773502691896270633 ) ) ;
#853 = MECHANICAL_DESIGN_GEOMETRIC_PRESENTATION_REPRESENTATION (  '', ( #1714 ), #278 ) ;
#854 = CARTESIAN_POINT ( 'NONE',  ( 2.225000000000000533, 0.3150000000000000022, 0.000000000000000000 ) ) ;
#855 = VECTOR ( 'NONE', #8137, 1000.000000000000000 ) ;
#856 = CARTESIAN_POINT ( 'NONE',  ( -2.905000000000000249, 0.2650000000000000133, 0.000000000000000000 ) ) ;
#857 =( NAMED_UNIT ( * ) PLANE_ANGLE_UNIT ( ) SI_UNIT ( $, .RADIAN. ) );
#858 = CARTESIAN_POINT ( 'NONE',  ( -1.536852484421999954, -1.250000000000000000, -1.800000000000000044 ) ) ;
#859 = FACE_OUTER_BOUND ( 'NONE', #6304, .T. ) ;
#860 = DIRECTION ( 'NONE',  ( 0.000000000000000000, -0.000000000000000000, 1.000000000000000000 ) ) ;
#861 = AXIS2_PLACEMENT_3D ( 'NONE', #8404, #6383, #2302 ) ;
#862 = SURFACE_SIDE_STYLE ('',( #4266 ) ) ;
#863 = ADVANCED_FACE ( 'NONE', ( #8051 ), #2018, .F. ) ;
#864 = EDGE_CURVE ( 'NONE', #3030, #4541, #534, .T. ) ;
#865 = STYLED_ITEM ( 'NONE', ( #2840 ), #54 ) ;
#866 = DIRECTION ( 'NONE',  ( 1.000000000000000000, 0.000000000000000000, 0.000000000000000000 ) ) ;
#867 = EDGE_CURVE ( 'NONE', #2889, #4391, #3982, .T. ) ;
#868 = DIRECTION ( 'NONE',  ( 0.000000000000000000, 0.000000000000000000, 1.000000000000000000 ) ) ;
#869 =( NAMED_UNIT ( * ) PLANE_ANGLE_UNIT ( ) SI_UNIT ( $, .RADIAN. ) );
#870 = ORIENTED_EDGE ( 'NONE', *, *, #5520, .T. ) ;
#871 = CARTESIAN_POINT ( 'NONE',  ( 0.8699999999999996625, 1.250000000000000000, -2.799999999999999822 ) ) ;
#872 = CYLINDRICAL_SURFACE ( 'NONE', #554, 0.05000000000000012768 ) ;
#873 = UNCERTAINTY_MEASURE_WITH_UNIT (LENGTH_MEASURE( 1.000000000000000082E-05 ), #3985, 'distance_accuracy_value', 'NONE');
#874 = DIRECTION ( 'NONE',  ( -0.000000000000000000, -0.000000000000000000, -1.000000000000000000 ) ) ;
#875 = FACE_BOUND ( 'NONE', #6439, .T. ) ;
#876 = ADVANCED_FACE ( 'NONE', ( #6693 ), #4061, .F. ) ;
#877 = ADVANCED_FACE ( 'NONE', ( #3583 ), #3427, .F. ) ;
#878 = CARTESIAN_POINT ( 'NONE',  ( -1.119999999999991225, 0.7500000000000000000, -0.1099999999999998479 ) ) ;
#879 = ORIENTED_EDGE ( 'NONE', *, *, #3035, .T. ) ;
#880 =( NAMED_UNIT ( * ) PLANE_ANGLE_UNIT ( ) SI_UNIT ( $, .RADIAN. ) );
#881 = CARTESIAN_POINT ( 'NONE',  ( -0.3503553390593270311, -0.3003553390593269312, 6.194846997554884993 ) ) ;
#882 = LINE ( 'NONE', #4457, #568 ) ;
#883 = CARTESIAN_POINT ( 'NONE',  ( 3.409999999999999698, 1.250000000000000000, 6.699999999999999289 ) ) ;
#884 = EDGE_LOOP ( 'NONE', ( #7006, #7679, #529, #3542 ) ) ;
#885 = FILL_AREA_STYLE ('',( #3598 ) ) ;
#886 = CARTESIAN_POINT ( 'NONE',  ( 1.269999999999999796, 0.9499999999999996225, 6.699999999999999289 ) ) ;
#887 = EDGE_CURVE ( 'NONE', #6873, #7320, #7537, .T. ) ;
#888 = CARTESIAN_POINT ( 'NONE',  ( 2.175000000000000266, -0.3150000000000000022, 6.140192378864673728 ) ) ;
#889 = DIRECTION ( 'NONE',  ( 0.000000000000000000, 0.000000000000000000, 1.000000000000000000 ) ) ;
#890 = ORIENTED_EDGE ( 'NONE', *, *, #1803, .F. ) ;
#891 = MECHANICAL_DESIGN_GEOMETRIC_PRESENTATION_REPRESENTATION (  '', ( #8242 ), #4589 ) ;
#892 = VERTEX_POINT ( 'NONE', #3504 ) ;
#893 = CARTESIAN_POINT ( 'NONE',  ( 0.8699999999999996625, -1.249999999999999556, 6.699999999999999289 ) ) ;
#894 = CARTESIAN_POINT ( 'NONE',  ( 3.536666666666668846, -3.216666666666669006, 1.966666666666676555 ) ) ;
#895 = FILL_AREA_STYLE ('',( #6921 ) ) ;
#896 = ORIENTED_EDGE ( 'NONE', *, *, #246, .T. ) ;
#897 =( GEOMETRIC_REPRESENTATION_CONTEXT ( 3 ) GLOBAL_UNCERTAINTY_ASSIGNED_CONTEXT ( ( #6202 ) ) GLOBAL_UNIT_ASSIGNED_CONTEXT ( ( #4098, #6024, #7318 ) ) REPRESENTATION_CONTEXT ( 'NONE', 'WORKASPACE' ) );
#898 = VECTOR ( 'NONE', #2736, 1000.000000000000000 ) ;
#899 = SURFACE_SIDE_STYLE ('',( #2191 ) ) ;
#900 = CARTESIAN_POINT ( 'NONE',  ( 1.169999999999999929, 1.249999999999999556, -0.3000000000000007661 ) ) ;
#901 = CARTESIAN_POINT ( 'NONE',  ( 2.175000000000000711, -0.2784380551032344941, -5.440192378864676215 ) ) ;
#902 = MECHANICAL_DESIGN_GEOMETRIC_PRESENTATION_REPRESENTATION (  '', ( #3164 ), #770 ) ;
#903 = FILL_AREA_STYLE ('',( #5569 ) ) ;
#904 = COLOUR_RGB ( '',0.8509803921568627194, 0.8509803921568627194, 0.8509803921568627194 ) ;
#905 = CARTESIAN_POINT ( 'NONE',  ( 2.225000000000000533, -0.3150000000000000022, 0.000000000000000000 ) ) ;
#906 = CARTESIAN_POINT ( 'NONE',  ( -0.9699999999999999734, 1.250000000000000000, -2.799999999999999822 ) ) ;
#907 = PRESENTATION_STYLE_ASSIGNMENT (( #6933 ) ) ;
#908 = CARTESIAN_POINT ( 'NONE',  ( 2.325000000000000178, -0.1650000000000000633, 6.700000000000000178 ) ) ;
#909 = CARTESIAN_POINT ( 'NONE',  ( -3.810000000000000053, 0.7500000000000000000, -2.799999999999999822 ) ) ;
#910 = SURFACE_SIDE_STYLE ('',( #1669 ) ) ;
#911 = EDGE_CURVE ( 'NONE', #4513, #5854, #5284, .T. ) ;
#912 =( NAMED_UNIT ( * ) PLANE_ANGLE_UNIT ( ) SI_UNIT ( $, .RADIAN. ) );
#913 = ORIENTED_EDGE ( 'NONE', *, *, #2499, .F. ) ;
#914 = LINE ( 'NONE', #4271, #2606 ) ;
#915 = FILL_AREA_STYLE_COLOUR ( '', #242 ) ;
#916 = FILL_AREA_STYLE ('',( #6860 ) ) ;
#917 = FILL_AREA_STYLE_COLOUR ( '', #7952 ) ;
#918 = VERTEX_POINT ( 'NONE', #158 ) ;
#919 = SURFACE_STYLE_USAGE ( .BOTH. , #8401 ) ;
#920 = DIRECTION ( 'NONE',  ( 0.2505628070857343070, 0.2505628070857343070, 0.9351131265310277385 ) ) ;
#921 = UNCERTAINTY_MEASURE_WITH_UNIT (LENGTH_MEASURE( 1.000000000000000082E-05 ), #17, 'distance_accuracy_value', 'NONE');
#922 = SURFACE_SIDE_STYLE ('',( #5550 ) ) ;
#923 = EDGE_CURVE ( 'NONE', #2588, #5930, #7642, .T. ) ;
#924 = EDGE_CURVE ( 'NONE', #8665, #5240, #1428, .T. ) ;
#925 = PLANE ( 'NONE',  #1147 ) ;
#926 = DIRECTION ( 'NONE',  ( -0.2505628070857336409, 0.2505628070857336409, -0.9351131265310282936 ) ) ;
#927 = ORIENTED_EDGE ( 'NONE', *, *, #4052, .F. ) ;
#928 = LINE ( 'NONE', #2969, #1501 ) ;
#929 = CARTESIAN_POINT ( 'NONE',  ( -2.289644660940672427, 0.3003553390593274308, -5.494846997554885704 ) ) ;
#930 = UNCERTAINTY_MEASURE_WITH_UNIT (LENGTH_MEASURE( 1.000000000000000082E-05 ), #7105, 'distance_accuracy_value', 'NONE');
#931 = ORIENTED_EDGE ( 'NONE', *, *, #990, .F. ) ;
#932 = ORIENTED_EDGE ( 'NONE', *, *, #5364, .T. ) ;
#933 = PRESENTATION_STYLE_ASSIGNMENT (( #6958 ) ) ;
#934 = EDGE_CURVE ( 'NONE', #6835, #3894, #5538, .T. ) ;
#935 =( LENGTH_UNIT ( ) NAMED_UNIT ( * ) SI_UNIT ( .MILLI., .METRE. ) );
#936 = VECTOR ( 'NONE', #2327, 999.9999999999998863 ) ;
#937 = ORIENTED_EDGE ( 'NONE', *, *, #6654, .T. ) ;
#938 = FILL_AREA_STYLE ('',( #4298 ) ) ;
#939 = VERTEX_POINT ( 'NONE', #743 ) ;
#940 = AXIS2_PLACEMENT_3D ( 'NONE', #3572, #3490, #6196 ) ;
#941 = CARTESIAN_POINT ( 'NONE',  ( 2.189644660940672782, 0.3003553390593273753, -5.494846997554885704 ) ) ;
#942 = PRESENTATION_STYLE_ASSIGNMENT (( #3670 ) ) ;
#943 = ORIENTED_EDGE ( 'NONE', *, *, #2189, .F. ) ;
#944 = CARTESIAN_POINT ( 'NONE',  ( -1.536852484422003062, -1.249999999999999556, -1.800000000000006040 ) ) ;
#945 = ORIENTED_EDGE ( 'NONE', *, *, #5312, .F. ) ;
#946 = DIRECTION ( 'NONE',  ( -0.9659258262890677571, 0.000000000000000000, -0.2588190451025230709 ) ) ;
#947 = AXIS2_PLACEMENT_3D ( 'NONE', #4205, #4162, #8147 ) ;
#948 = VECTOR ( 'NONE', #1073, 1000.000000000000000 ) ;
#949 = DIRECTION ( 'NONE',  ( 0.000000000000000000, -1.000000000000000000, 0.000000000000000000 ) ) ;
#950 = PLANE ( 'NONE',  #4358 ) ;
#951 = MECHANICAL_DESIGN_GEOMETRIC_PRESENTATION_REPRESENTATION (  '', ( #4332 ), #5036 ) ;
#952 = SURFACE_SIDE_STYLE ('',( #4928 ) ) ;
#953 = CARTESIAN_POINT ( 'NONE',  ( -0.3598574789487827830, -0.2908531991698718455, -5.459384528706810791 ) ) ;
#954 = STYLED_ITEM ( 'NONE', ( #5123 ), #8129 ) ;
#955 =( GEOMETRIC_REPRESENTATION_CONTEXT ( 3 ) GLOBAL_UNCERTAINTY_ASSIGNED_CONTEXT ( ( #7925 ) ) GLOBAL_UNIT_ASSIGNED_CONTEXT ( ( #6734, #654, #1337 ) ) REPRESENTATION_CONTEXT ( 'NONE', 'WORKASPACE' ) );
#956 =( NAMED_UNIT ( * ) PLANE_ANGLE_UNIT ( ) SI_UNIT ( $, .RADIAN. ) );
#957 = FILL_AREA_STYLE_COLOUR ( '', #7065 ) ;
#958 = CARTESIAN_POINT ( 'NONE',  ( -0.3649999999999998801, -0.2784380551032344941, 6.140192378864673728 ) ) ;
#959 = ORIENTED_EDGE ( 'NONE', *, *, #2618, .F. ) ;
#960 = VECTOR ( 'NONE', #3359, 1000.000000000000000 ) ;
#961 = CARTESIAN_POINT ( 'NONE',  ( 2.805000000000000160, -0.2650000000000000133, -2.500000000000000000 ) ) ;
#962 = CARTESIAN_POINT ( 'NONE',  ( -2.325000000000000178, -0.3150000000000000022, -5.440192378864675327 ) ) ;
#963 = CARTESIAN_POINT ( 'NONE',  ( 0.1150000000000000883, -0.1650000000000000633, 6.700000000000000178 ) ) ;
#964 = AXIS2_PLACEMENT_3D ( 'NONE', #5111, #2637, #7031 ) ;
#965 = EDGE_LOOP ( 'NONE', ( #8468, #8720, #1937, #8667 ) ) ;
#966 = VERTEX_POINT ( 'NONE', #783 ) ;
#967 = PRESENTATION_LAYER_ASSIGNMENT (  '', '', ( #2941 ) ) ;
#968 = CARTESIAN_POINT ( 'NONE',  ( -4.403333333333335986, 2.183333333333336679, 0.6333333333333477366 ) ) ;
#969 =( GEOMETRIC_REPRESENTATION_CONTEXT ( 3 ) GLOBAL_UNCERTAINTY_ASSIGNED_CONTEXT ( ( #7984 ) ) GLOBAL_UNIT_ASSIGNED_CONTEXT ( ( #5346, #3939, #1385 ) ) REPRESENTATION_CONTEXT ( 'NONE', 'WORKASPACE' ) );
#970 = ORIENTED_EDGE ( 'NONE', *, *, #4524, .F. ) ;
#971 = FACE_OUTER_BOUND ( 'NONE', #6188, .T. ) ;
#972 = ORIENTED_EDGE ( 'NONE', *, *, #4862, .T. ) ;
#973 = LINE ( 'NONE', #2922, #6409 ) ;
#974 =( LENGTH_UNIT ( ) NAMED_UNIT ( * ) SI_UNIT ( .MILLI., .METRE. ) );
#975 = VERTEX_POINT ( 'NONE', #2906 ) ;
#976 = STYLED_ITEM ( 'NONE', ( #1810 ), #5406 ) ;
#977 = COLOUR_RGB ( '',0.5607843137254902022, 0.6470588235294117974, 0.6352941176470587870 ) ;
#978 = EDGE_CURVE ( 'NONE', #5705, #1656, #3817, .T. ) ;
#979 = EDGE_CURVE ( 'NONE', #2516, #8144, #5576, .T. ) ;
#980 = MECHANICAL_DESIGN_GEOMETRIC_PRESENTATION_REPRESENTATION (  '', ( #6746 ), #7743 ) ;
#981 = MECHANICAL_DESIGN_GEOMETRIC_PRESENTATION_REPRESENTATION (  '', ( #7479 ), #4539 ) ;
#982 = MECHANICAL_DESIGN_GEOMETRIC_PRESENTATION_REPRESENTATION (  '', ( #4792 ), #2232 ) ;
#983 = DIRECTION ( 'NONE',  ( 1.000000000000000000, 0.000000000000000000, 0.000000000000000000 ) ) ;
#984 = VERTEX_POINT ( 'NONE', #1463 ) ;
#985 = ORIENTED_EDGE ( 'NONE', *, *, #7608, .F. ) ;
#986 = CARTESIAN_POINT ( 'NONE',  ( 2.768438055103234152, -0.3149999999999999467, 6.140192378864674616 ) ) ;
#987 = PLANE ( 'NONE',  #6106 ) ;
#988 = FACE_OUTER_BOUND ( 'NONE', #4522, .T. ) ;
#989 =( NAMED_UNIT ( * ) SI_UNIT ( $, .STERADIAN. ) SOLID_ANGLE_UNIT ( ) );
#990 = EDGE_CURVE ( 'NONE', #3471, #7428, #3459, .T. ) ;
#991 = LINE ( 'NONE', #2547, #2214 ) ;
#992 = CARTESIAN_POINT ( 'NONE',  ( 0.2598574789487830272, -0.2908531991698718455, -5.459384528706810791 ) ) ;
#993 = PRESENTATION_LAYER_ASSIGNMENT (  '', '', ( #2135 ) ) ;
#994 = DIRECTION ( 'NONE',  ( 0.000000000000000000, 0.000000000000000000, -1.000000000000000000 ) ) ;
#995 = ORIENTED_EDGE ( 'NONE', *, *, #1444, .T. ) ;
#996 = AXIS2_PLACEMENT_3D ( 'NONE', #623, #7376, #8091 ) ;
#997 = FACE_OUTER_BOUND ( 'NONE', #4119, .T. ) ;
#998 = FILL_AREA_STYLE ('',( #226 ) ) ;
#999 = DIRECTION ( 'NONE',  ( -0.5773502691896251759, 0.5773502691896251759, -0.5773502691896270633 ) ) ;
#1000 = UNCERTAINTY_MEASURE_WITH_UNIT (LENGTH_MEASURE( 1.000000000000000082E-05 ), #5419, 'distance_accuracy_value', 'NONE');
#1001 = ADVANCED_FACE ( 'NONE', ( #8298 ), #6155, .F. ) ;
#1002 = MECHANICAL_DESIGN_GEOMETRIC_PRESENTATION_REPRESENTATION (  '', ( #3820 ), #1578 ) ;
#1003 = FACE_OUTER_BOUND ( 'NONE', #5290, .T. ) ;
#1004 = FILL_AREA_STYLE ('',( #520 ) ) ;
#1005 = PRESENTATION_STYLE_ASSIGNMENT (( #4181 ) ) ;
#1006 = PRESENTATION_STYLE_ASSIGNMENT (( #4980 ) ) ;
#1007 = STYLED_ITEM ( 'NONE', ( #3056 ), #6312 ) ;
#1008 = FACE_OUTER_BOUND ( 'NONE', #7034, .T. ) ;
#1009 = ORIENTED_EDGE ( 'NONE', *, *, #3394, .T. ) ;
#1010 = CARTESIAN_POINT ( 'NONE',  ( -2.905000000000000249, 0.3150000000000000022, -1.609045455704950278 ) ) ;
#1011 = LINE ( 'NONE', #6377, #1533 ) ;
#1012 = SURFACE_STYLE_USAGE ( .BOTH. , #8396 ) ;
#1013 = FILL_AREA_STYLE_COLOUR ( '', #1474 ) ;
#1014 = PRESENTATION_LAYER_ASSIGNMENT (  '', '', ( #3829 ) ) ;
#1015 = SURFACE_SIDE_STYLE ('',( #8490 ) ) ;
#1016 = ORIENTED_EDGE ( 'NONE', *, *, #2293, .T. ) ;
#1017 = ORIENTED_EDGE ( 'NONE', *, *, #7350, .F. ) ;
#1018 = DIRECTION ( 'NONE',  ( 0.7071067811865474617, 0.7071067811865474617, 0.000000000000000000 ) ) ;
#1019 =( NAMED_UNIT ( * ) PLANE_ANGLE_UNIT ( ) SI_UNIT ( $, .RADIAN. ) );
#1020 = COLOUR_RGB ( '',0.5607843137254902022, 0.6470588235294117974, 0.6352941176470587870 ) ;
#1021 = LINE ( 'NONE', #3648, #5001 ) ;
#1022 = ORIENTED_EDGE ( 'NONE', *, *, #269, .T. ) ;
#1023 = DIRECTION ( 'NONE',  ( -0.000000000000000000, -1.000000000000000000, -0.000000000000000000 ) ) ;
#1024 = FACE_OUTER_BOUND ( 'NONE', #2848, .T. ) ;
#1025 = ORIENTED_EDGE ( 'NONE', *, *, #6669, .F. ) ;
#1026 = EDGE_LOOP ( 'NONE', ( #7979, #6000, #3223, #1244, #5691 ) ) ;
#1027 = ORIENTED_EDGE ( 'NONE', *, *, #106, .F. ) ;
#1028 = DIRECTION ( 'NONE',  ( 1.000000000000000000, 0.000000000000000000, 0.000000000000000000 ) ) ;
#1029 = EDGE_LOOP ( 'NONE', ( #5636, #2261, #5006, #6776 ) ) ;
#1030 = ADVANCED_FACE ( 'NONE', ( #288 ), #7756, .F. ) ;
#1031 = PLANE ( 'NONE',  #6989 ) ;
#1032 = DIRECTION ( 'NONE',  ( -0.5773502691896251759, 0.5773502691896251759, -0.5773502691896270633 ) ) ;
#1033 =( NAMED_UNIT ( * ) SI_UNIT ( $, .STERADIAN. ) SOLID_ANGLE_UNIT ( ) );
#1034 = FILL_AREA_STYLE ('',( #6267 ) ) ;
#1035 = ORIENTED_EDGE ( 'NONE', *, *, #6701, .T. ) ;
#1036 = VERTEX_POINT ( 'NONE', #6419 ) ;
#1037 = SURFACE_STYLE_FILL_AREA ( #5007 ) ;
#1038 = CIRCLE ( 'NONE', #3426, 0.04999999999999999584 ) ;
#1039 = LINE ( 'NONE', #5736, #108 ) ;
#1040 = EDGE_CURVE ( 'NONE', #5659, #4970, #480, .T. ) ;
#1041 = ADVANCED_FACE ( 'NONE', ( #1726 ), #5750, .T. ) ;
#1042 = ORIENTED_EDGE ( 'NONE', *, *, #7293, .T. ) ;
#1043 = FACE_OUTER_BOUND ( 'NONE', #5853, .T. ) ;
#1044 = SURFACE_SIDE_STYLE ('',( #7024 ) ) ;
#1045 = VECTOR ( 'NONE', #6807, 1000.000000000000000 ) ;
#1046 = VECTOR ( 'NONE', #5266, 1000.000000000000000 ) ;
#1047 =( LENGTH_UNIT ( ) NAMED_UNIT ( * ) SI_UNIT ( .MILLI., .METRE. ) );
#1048 = SURFACE_STYLE_FILL_AREA ( #7799 ) ;
#1049 =( BOUNDED_CURVE ( )  B_SPLINE_CURVE ( 3, ( #2040, #2640, #3875, #4003 ),
 .UNSPECIFIED., .F., .T. ) 
 B_SPLINE_CURVE_WITH_KNOTS ( ( 4, 4 ),
 ( 3.141592653589793116, 3.926990816987244504 ),
 .UNSPECIFIED. ) 
 CURVE ( )  GEOMETRIC_REPRESENTATION_ITEM ( )  RATIONAL_B_SPLINE_CURVE ( ( 1.000000000000000000, 0.9492530216741906779, 0.9492530216741906779, 1.000000000000000000 ) ) 
 REPRESENTATION_ITEM ( '' )  );
#1050 = CARTESIAN_POINT ( 'NONE',  ( -1.470000000000000862, 3.589999999999999414, -0.9899999999999999911 ) ) ;
#1051 = EDGE_CURVE ( 'NONE', #7371, #5944, #5379, .T. ) ;
#1052 = DIRECTION ( 'NONE',  ( 0.000000000000000000, -1.000000000000000000, 0.000000000000000000 ) ) ;
#1053 = AXIS2_PLACEMENT_3D ( 'NONE', #3884, #4724, #26 ) ;
#1054 = CARTESIAN_POINT ( 'NONE',  ( -2.480769515458999930, -0.9499999999999999556, -1.000000000000000000 ) ) ;
#1055 = VERTEX_POINT ( 'NONE', #4600 ) ;
#1056 = SURFACE_STYLE_USAGE ( .BOTH. , #8487 ) ;
#1057 = LINE ( 'NONE', #4413, #7165 ) ;
#1058 = CARTESIAN_POINT ( 'NONE',  ( -0.3149999999999998357, 0.3150000000000000022, -0.8909545442950493888 ) ) ;
#1059 = VERTEX_POINT ( 'NONE', #3253 ) ;
#1060 = EDGE_LOOP ( 'NONE', ( #3169, #7559, #2439, #2490 ) ) ;
#1061 = MECHANICAL_DESIGN_GEOMETRIC_PRESENTATION_REPRESENTATION (  '', ( #8690 ), #7096 ) ;
#1062 = DIRECTION ( 'NONE',  ( -0.000000000000000000, -0.9659258262890677571, -0.2588190451025230709 ) ) ;
#1063 = LINE ( 'NONE', #3647, #1438 ) ;
#1064 = VERTEX_POINT ( 'NONE', #8084 ) ;
#1065 = SURFACE_SIDE_STYLE ('',( #7089 ) ) ;
#1066 = FILL_AREA_STYLE_COLOUR ( '', #6583 ) ;
#1067 = VERTEX_POINT ( 'NONE', #3972 ) ;
#1068 = ORIENTED_EDGE ( 'NONE', *, *, #2180, .F. ) ;
#1069 =( NAMED_UNIT ( * ) PLANE_ANGLE_UNIT ( ) SI_UNIT ( $, .RADIAN. ) );
#1070 = STYLED_ITEM ( 'NONE', ( #1390 ), #1324 ) ;
#1071 =( LENGTH_UNIT ( ) NAMED_UNIT ( * ) SI_UNIT ( .MILLI., .METRE. ) );
#1072 = ORIENTED_EDGE ( 'NONE', *, *, #6793, .F. ) ;
#1073 = DIRECTION ( 'NONE',  ( -0.000000000000000000, -0.000000000000000000, -1.000000000000000000 ) ) ;
#1074 = CARTESIAN_POINT ( 'NONE',  ( 1.169999999999999929, 1.249999999999999556, -2.499999999999998668 ) ) ;
#1075 = SURFACE_STYLE_FILL_AREA ( #7100 ) ;
#1076 = CARTESIAN_POINT ( 'NONE',  ( -3.510000000000000231, 1.250000000000000000, 6.699999999999999289 ) ) ;
#1077 = EDGE_LOOP ( 'NONE', ( #7683, #2908, #1211, #552 ) ) ;
#1078 = ORIENTED_EDGE ( 'NONE', *, *, #5936, .F. ) ;
#1079 = DIRECTION ( 'NONE',  ( 0.7071067811865487940, 0.000000000000000000, -0.7071067811865463515 ) ) ;
#1080 = EDGE_CURVE ( 'NONE', #8492, #8575, #5234, .T. ) ;
#1081 = PLANE ( 'NONE',  #5746 ) ;
#1082 = COLOUR_RGB ( '',0.5607843137254902022, 0.6470588235294117974, 0.6352941176470587870 ) ;
#1083 = ORIENTED_EDGE ( 'NONE', *, *, #3544, .F. ) ;
#1084 = LINE ( 'NONE', #4348, #2253 ) ;
#1085 = UNCERTAINTY_MEASURE_WITH_UNIT (LENGTH_MEASURE( 1.000000000000000082E-05 ), #1738, 'distance_accuracy_value', 'NONE');
#1086 = FILL_AREA_STYLE_COLOUR ( '', #3947 ) ;
#1087 = EDGE_CURVE ( 'NONE', #31, #5911, #5331, .T. ) ;
#1088 = CARTESIAN_POINT ( 'NONE',  ( -1.670000000000000373, 1.250000000000000000, 0.000000000000000000 ) ) ;
#1089 = FILL_AREA_STYLE_COLOUR ( '', #138 ) ;
#1090 = ADVANCED_FACE ( 'NONE', ( #2044 ), #2508, .T. ) ;
#1091 = ADVANCED_FACE ( 'NONE', ( #7266 ), #4564, .F. ) ;
#1092 = DIRECTION ( 'NONE',  ( 1.000000000000000000, 0.000000000000000000, 0.000000000000000000 ) ) ;
#1093 = SURFACE_STYLE_USAGE ( .BOTH. , #6045 ) ;
#1094 = DIRECTION ( 'NONE',  ( 0.000000000000000000, 0.000000000000000000, 1.000000000000000000 ) ) ;
#1095 = COLOUR_RGB ( '',0.5607843137254902022, 0.6470588235294117974, 0.6352941176470587870 ) ;
#1096 = CARTESIAN_POINT ( 'NONE',  ( -0.3649999999999998801, -0.2650000000000000133, 6.140192378864673728 ) ) ;
#1097 = ORIENTED_EDGE ( 'NONE', *, *, #7115, .F. ) ;
#1098 = CARTESIAN_POINT ( 'NONE',  ( -0.9700000000000001954, -1.249999999999999556, -1.000000000000000000 ) ) ;
#1099 = CARTESIAN_POINT ( 'NONE',  ( 2.754999999999999893, -0.2650000000000000133, -1.609045455704950278 ) ) ;
#1100 = SURFACE_STYLE_USAGE ( .BOTH. , #3637 ) ;
#1101 = PLANE ( 'NONE',  #2465 ) ;
#1102 = MECHANICAL_DESIGN_GEOMETRIC_PRESENTATION_REPRESENTATION (  '', ( #5186 ), #2659 ) ;
#1103 = FACE_OUTER_BOUND ( 'NONE', #7221, .T. ) ;
#1104 = ORIENTED_EDGE ( 'NONE', *, *, #7617, .T. ) ;
#1105 = ORIENTED_EDGE ( 'NONE', *, *, #5493, .T. ) ;
#1106 = CARTESIAN_POINT ( 'NONE',  ( -1.670000000000000373, -1.249999999999999556, -1.000000000000000000 ) ) ;
#1107 = EDGE_CURVE ( 'NONE', #4970, #5265, #2901, .T. ) ;
#1108 = FILL_AREA_STYLE_COLOUR ( '', #8290 ) ;
#1109 = ORIENTED_EDGE ( 'NONE', *, *, #8565, .T. ) ;
#1110 = MECHANICAL_DESIGN_GEOMETRIC_PRESENTATION_REPRESENTATION (  '', ( #5456 ), #1250 ) ;
#1111 = CARTESIAN_POINT ( 'NONE',  ( -1.320000000000000062, -1.550000000000000044, -1.399999999999999911 ) ) ;
#1112 = DIRECTION ( 'NONE',  ( 0.000000000000000000, -1.000000000000000000, 0.000000000000000000 ) ) ;
#1113 = VERTEX_POINT ( 'NONE', #4920 ) ;
#1114 = STYLED_ITEM ( 'NONE', ( #4889 ), #8229 ) ;
#1115 =( NAMED_UNIT ( * ) SI_UNIT ( $, .STERADIAN. ) SOLID_ANGLE_UNIT ( ) );
#1116 = DIRECTION ( 'NONE',  ( -0.5773502691896251759, -0.5773502691896251759, 0.5773502691896270633 ) ) ;
#1117 =( GEOMETRIC_REPRESENTATION_CONTEXT ( 3 ) GLOBAL_UNCERTAINTY_ASSIGNED_CONTEXT ( ( #3586 ) ) GLOBAL_UNIT_ASSIGNED_CONTEXT ( ( #3613, #4225, #2859 ) ) REPRESENTATION_CONTEXT ( 'NONE', 'WORKASPACE' ) );
#1118 = VERTEX_POINT ( 'NONE', #4752 ) ;
#1119 = PRESENTATION_LAYER_ASSIGNMENT (  '', '', ( #843 ) ) ;
#1120 = ORIENTED_EDGE ( 'NONE', *, *, #2027, .F. ) ;
#1121 = AXIS2_PLACEMENT_3D ( 'NONE', #4377, #3174, #2487 ) ;
#1122 =( NAMED_UNIT ( * ) PLANE_ANGLE_UNIT ( ) SI_UNIT ( $, .RADIAN. ) );
#1123 = STYLED_ITEM ( 'NONE', ( #3863 ), #8707 ) ;
#1124 = CIRCLE ( 'NONE', #1990, 0.05000000000000012768 ) ;
#1125 =( LENGTH_UNIT ( ) NAMED_UNIT ( * ) SI_UNIT ( .MILLI., .METRE. ) );
#1126 = CARTESIAN_POINT ( 'NONE',  ( 0.2150000000000000522, 0.2650000000000000133, 0.000000000000000000 ) ) ;
#1127 = ORIENTED_EDGE ( 'NONE', *, *, #4206, .F. ) ;
#1128 = PRESENTATION_LAYER_ASSIGNMENT (  '', '', ( #4349 ) ) ;
#1129 = VECTOR ( 'NONE', #8572, 1000.000000000000000 ) ;
#1130 = ORIENTED_EDGE ( 'NONE', *, *, #5881, .T. ) ;
#1131 = VECTOR ( 'NONE', #1094, 1000.000000000000000 ) ;
#1132 = FILL_AREA_STYLE ('',( #3149 ) ) ;
#1133 = SURFACE_STYLE_FILL_AREA ( #895 ) ;
#1134 = ORIENTED_EDGE ( 'NONE', *, *, #2293, .F. ) ;
#1135 = ORIENTED_EDGE ( 'NONE', *, *, #7898, .T. ) ;
#1136 = PRESENTATION_LAYER_ASSIGNMENT (  '', '', ( #6318 ) ) ;
#1137 =( GEOMETRIC_REPRESENTATION_CONTEXT ( 3 ) GLOBAL_UNCERTAINTY_ASSIGNED_CONTEXT ( ( #8108 ) ) GLOBAL_UNIT_ASSIGNED_CONTEXT ( ( #6676, #2767, #1364 ) ) REPRESENTATION_CONTEXT ( 'NONE', 'WORKASPACE' ) );
#1138 = UNCERTAINTY_MEASURE_WITH_UNIT (LENGTH_MEASURE( 1.000000000000000082E-05 ), #6286, 'distance_accuracy_value', 'NONE');
#1139 = FILL_AREA_STYLE_COLOUR ( '', #8578 ) ;
#1140 = COLOUR_RGB ( '',0.5607843137254902022, 0.6470588235294117974, 0.6352941176470587870 ) ;
#1141 = LINE ( 'NONE', #7256, #4345 ) ;
#1142 = ORIENTED_EDGE ( 'NONE', *, *, #6299, .F. ) ;
#1143 = PRESENTATION_LAYER_ASSIGNMENT (  '', '', ( #1409 ) ) ;
#1144 = FILL_AREA_STYLE ('',( #7653 ) ) ;
#1145 = FACE_OUTER_BOUND ( 'NONE', #1458, .T. ) ;
#1146 = SURFACE_STYLE_FILL_AREA ( #5696 ) ;
#1147 = AXIS2_PLACEMENT_3D ( 'NONE', #4897, #7590, #3595 ) ;
#1148 = LINE ( 'NONE', #2364, #2816 ) ;
#1149 = COLOUR_RGB ( '',0.5607843137254902022, 0.6470588235294117974, 0.6352941176470587870 ) ;
#1150 = CARTESIAN_POINT ( 'NONE',  ( 0.2650000000000000688, -0.2650000000000000133, -0.8909545442950493888 ) ) ;
#1151 = LINE ( 'NONE', #5106, #7721 ) ;
#1152 =( NAMED_UNIT ( * ) SI_UNIT ( $, .STERADIAN. ) SOLID_ANGLE_UNIT ( ) );
#1153 = AXIS2_PLACEMENT_3D ( 'NONE', #2242, #868, #8255 ) ;
#1154 = SURFACE_STYLE_FILL_AREA ( #6330 ) ;
#1155 = FILL_AREA_STYLE_COLOUR ( '', #3468 ) ;
#1156 = ORIENTED_EDGE ( 'NONE', *, *, #1635, .T. ) ;
#1157 = CARTESIAN_POINT ( 'NONE',  ( -0.3649999999999998801, 0.3150000000000000022, 0.000000000000000000 ) ) ;
#1158 = EDGE_CURVE ( 'NONE', #1826, #7048, #2812, .T. ) ;
#1159 = CARTESIAN_POINT ( 'NONE',  ( 2.325000000000000178, -0.1650000000000000633, -6.000000000000000000 ) ) ;
#1160 = FILL_AREA_STYLE ('',( #4519 ) ) ;
#1161 = ORIENTED_EDGE ( 'NONE', *, *, #2325, .F. ) ;
#1162 = ORIENTED_EDGE ( 'NONE', *, *, #6700, .T. ) ;
#1163 = MECHANICAL_DESIGN_GEOMETRIC_PRESENTATION_REPRESENTATION (  '', ( #3971 ), #6634 ) ;
#1164 =( LENGTH_UNIT ( ) NAMED_UNIT ( * ) SI_UNIT ( .MILLI., .METRE. ) );
#1165 = DIRECTION ( 'NONE',  ( 0.000000000000000000, -0.000000000000000000, -1.000000000000000000 ) ) ;
#1166 = STYLED_ITEM ( 'NONE', ( #4481 ), #6361 ) ;
#1167 = FACE_OUTER_BOUND ( 'NONE', #1943, .T. ) ;
#1168 = VERTEX_POINT ( 'NONE', #8207 ) ;
#1169 = DIRECTION ( 'NONE',  ( -0.000000000000000000, 1.000000000000000000, 0.000000000000000000 ) ) ;
#1170 = EDGE_CURVE ( 'NONE', #8233, #5505, #287, .T. ) ;
#1171 = ADVANCED_FACE ( 'NONE', ( #2227 ), #1703, .T. ) ;
#1172 = SURFACE_SIDE_STYLE ('',( #8546 ) ) ;
#1173 = MECHANICAL_DESIGN_GEOMETRIC_PRESENTATION_REPRESENTATION (  '', ( #151 ), #6078 ) ;
#1174 = VERTEX_POINT ( 'NONE', #6843 ) ;
#1175 =( NAMED_UNIT ( * ) PLANE_ANGLE_UNIT ( ) SI_UNIT ( $, .RADIAN. ) );
#1176 = FACE_OUTER_BOUND ( 'NONE', #3946, .T. ) ;
#1177 = FACE_OUTER_BOUND ( 'NONE', #8399, .T. ) ;
#1178 = VERTEX_POINT ( 'NONE', #6141 ) ;
#1179 = PRESENTATION_STYLE_ASSIGNMENT (( #7242 ) ) ;
#1180 = FILL_AREA_STYLE ('',( #3861 ) ) ;
#1181 = ORIENTED_EDGE ( 'NONE', *, *, #887, .F. ) ;
#1182 = CARTESIAN_POINT ( 'NONE',  ( 2.655000000000000249, -0.1650000000000000633, 6.700000000000000178 ) ) ;
#1183 = CARTESIAN_POINT ( 'NONE',  ( 0.000000000000000000, 0.1650000000000000633, -6.000000000000000000 ) ) ;
#1184 = CARTESIAN_POINT ( 'NONE',  ( 2.754999999999999893, -0.2650000000000000133, -0.8909545442950493888 ) ) ;
#1185 = EDGE_LOOP ( 'NONE', ( #7270, #6542, #5866, #8193 ) ) ;
#1186 = PRESENTATION_LAYER_ASSIGNMENT (  '', '', ( #5397 ) ) ;
#1187 = ORIENTED_EDGE ( 'NONE', *, *, #3949, .T. ) ;
#1188 = DIRECTION ( 'NONE',  ( 0.000000000000000000, 0.000000000000000000, 1.000000000000000000 ) ) ;
#1189 = FILL_AREA_STYLE_COLOUR ( '', #4664 ) ;
#1190 = EDGE_CURVE ( 'NONE', #3130, #5265, #3493, .T. ) ;
#1191 = DIRECTION ( 'NONE',  ( 0.000000000000000000, 0.000000000000000000, 1.000000000000000000 ) ) ;
#1192 = CARTESIAN_POINT ( 'NONE',  ( -2.274999999999999911, -0.3150000000000000022, -5.440192378864675327 ) ) ;
#1193 = CARTESIAN_POINT ( 'NONE',  ( 2.189644660940672782, 0.3003553390593270422, 6.194846997554884993 ) ) ;
#1194 = SURFACE_STYLE_USAGE ( .BOTH. , #5329 ) ;
#1195 = DIRECTION ( 'NONE',  ( 1.000000000000000000, 0.000000000000000000, 0.000000000000000000 ) ) ;
#1196 = SURFACE_SIDE_STYLE ('',( #2560 ) ) ;
#1197 = ORIENTED_EDGE ( 'NONE', *, *, #1386, .T. ) ;
#1198 =( GEOMETRIC_REPRESENTATION_CONTEXT ( 3 ) GLOBAL_UNCERTAINTY_ASSIGNED_CONTEXT ( ( #2775 ) ) GLOBAL_UNIT_ASSIGNED_CONTEXT ( ( #6961, #2312, #1033 ) ) REPRESENTATION_CONTEXT ( 'NONE', 'WORKASPACE' ) );
#1199 = CARTESIAN_POINT ( 'NONE',  ( -0.3149999999999998357, 0.2650000000000000133, 0.000000000000000000 ) ) ;
#1200 = MECHANICAL_DESIGN_GEOMETRIC_PRESENTATION_REPRESENTATION (  '', ( #759 ), #7531 ) ;
#1201 = DIRECTION ( 'NONE',  ( 0.000000000000000000, 0.000000000000000000, 1.000000000000000000 ) ) ;
#1202 = VERTEX_POINT ( 'NONE', #1493 ) ;
#1203 = VERTEX_POINT ( 'NONE', #6198 ) ;
#1204 = FILL_AREA_STYLE_COLOUR ( '', #1149 ) ;
#1205 = LINE ( 'NONE', #4417, #2425 ) ;
#1206 = EDGE_CURVE ( 'NONE', #3805, #7804, #147, .T. ) ;
#1207 = VECTOR ( 'NONE', #4973, 1000.000000000000000 ) ;
#1208 =( NAMED_UNIT ( * ) SI_UNIT ( $, .STERADIAN. ) SOLID_ANGLE_UNIT ( ) );
#1209 = VECTOR ( 'NONE', #63, 1000.000000000000000 ) ;
#1210 = CARTESIAN_POINT ( 'NONE',  ( 2.790355339059328088, 0.3003553390593274308, -5.494846997554885704 ) ) ;
#1211 = ORIENTED_EDGE ( 'NONE', *, *, #1467, .F. ) ;
#1212 = SURFACE_STYLE_USAGE ( .BOTH. , #1172 ) ;
#1213 =( GEOMETRIC_REPRESENTATION_CONTEXT ( 3 ) GLOBAL_UNCERTAINTY_ASSIGNED_CONTEXT ( ( #4450 ) ) GLOBAL_UNIT_ASSIGNED_CONTEXT ( ( #3723, #8521, #8695 ) ) REPRESENTATION_CONTEXT ( 'NONE', 'WORKASPACE' ) );
#1214 = AXIS2_PLACEMENT_3D ( 'NONE', #2804, #6135, #2766 ) ;
#1215 = ORIENTED_EDGE ( 'NONE', *, *, #7508, .F. ) ;
#1216 = PLANE ( 'NONE',  #3827 ) ;
#1217 = ADVANCED_FACE ( 'NONE', ( #686 ), #2861, .T. ) ;
#1218 =( LENGTH_UNIT ( ) NAMED_UNIT ( * ) SI_UNIT ( .MILLI., .METRE. ) );
#1219 = EDGE_LOOP ( 'NONE', ( #5672, #6480, #4824, #1035 ) ) ;
#1220 = FILL_AREA_STYLE_COLOUR ( '', #8588 ) ;
#1221 = ORIENTED_EDGE ( 'NONE', *, *, #2630, .F. ) ;
#1222 = ADVANCED_FACE ( 'NONE', ( #5133 ), #5227, .F. ) ;
#1223 = FACE_OUTER_BOUND ( 'NONE', #6947, .T. ) ;
#1224 = EDGE_CURVE ( 'NONE', #5282, #177, #3225, .T. ) ;
#1225 = CARTESIAN_POINT ( 'NONE',  ( -2.274999999999999911, -0.2650000000000000133, 6.140192378864673728 ) ) ;
#1226 = ORIENTED_EDGE ( 'NONE', *, *, #96, .T. ) ;
#1227 = PRESENTATION_STYLE_ASSIGNMENT (( #7301 ) ) ;
#1228 = CARTESIAN_POINT ( 'NONE',  ( 0.2150000000000000244, 0.2650000000000000133, -2.500000000000000000 ) ) ;
#1229 = CARTESIAN_POINT ( 'NONE',  ( 2.780853199169871726, 0.3098574789487830161, 6.159384528706809192 ) ) ;
#1230 = DIRECTION ( 'NONE',  ( 1.000000000000000000, 0.000000000000000000, 0.000000000000000000 ) ) ;
#1231 = FACE_OUTER_BOUND ( 'NONE', #1060, .T. ) ;
#1232 = DIRECTION ( 'NONE',  ( -1.000000000000000000, 0.000000000000000000, 0.000000000000000000 ) ) ;
#1233 = FILL_AREA_STYLE ('',( #3879 ) ) ;
#1234 = CARTESIAN_POINT ( 'NONE',  ( -3.810000000000000053, 0.7500000000000000000, -2.500000000000000000 ) ) ;
#1235 = CARTESIAN_POINT ( 'NONE',  ( 0.2650000000000000688, -0.3150000000000000022, -5.440192378864675327 ) ) ;
#1236 = DIRECTION ( 'NONE',  ( -0.000000000000000000, 0.000000000000000000, 1.000000000000000000 ) ) ;
#1237 =( GEOMETRIC_REPRESENTATION_CONTEXT ( 3 ) GLOBAL_UNCERTAINTY_ASSIGNED_CONTEXT ( ( #6226 ) ) GLOBAL_UNIT_ASSIGNED_CONTEXT ( ( #8119, #7401, #3329 ) ) REPRESENTATION_CONTEXT ( 'NONE', 'WORKASPACE' ) );
#1238 = SURFACE_SIDE_STYLE ('',( #1330 ) ) ;
#1239 =( NAMED_UNIT ( * ) PLANE_ANGLE_UNIT ( ) SI_UNIT ( $, .RADIAN. ) );
#1240 = ORIENTED_EDGE ( 'NONE', *, *, #4989, .F. ) ;
#1241 = CARTESIAN_POINT ( 'NONE',  ( -1.470000000000000862, -3.589999999999999414, -1.800000000000000044 ) ) ;
#1242 = DIRECTION ( 'NONE',  ( 0.000000000000000000, -1.000000000000000000, 0.000000000000000000 ) ) ;
#1243 = SURFACE_STYLE_USAGE ( .BOTH. , #3845 ) ;
#1244 = ORIENTED_EDGE ( 'NONE', *, *, #4275, .F. ) ;
#1245 = SURFACE_SIDE_STYLE ('',( #4613 ) ) ;
#1246 = VERTEX_POINT ( 'NONE', #6501 ) ;
#1247 =( LENGTH_UNIT ( ) NAMED_UNIT ( * ) SI_UNIT ( .MILLI., .METRE. ) );
#1248 = FILL_AREA_STYLE ('',( #2057 ) ) ;
#1249 = VECTOR ( 'NONE', #3366, 1000.000000000000000 ) ;
#1250 =( GEOMETRIC_REPRESENTATION_CONTEXT ( 3 ) GLOBAL_UNCERTAINTY_ASSIGNED_CONTEXT ( ( #5244 ) ) GLOBAL_UNIT_ASSIGNED_CONTEXT ( ( #5615, #4586, #4303 ) ) REPRESENTATION_CONTEXT ( 'NONE', 'WORKASPACE' ) );
#1251 = PRESENTATION_LAYER_ASSIGNMENT (  '', '', ( #6452 ) ) ;
#1252 = VECTOR ( 'NONE', #3830, 1000.000000000000000 ) ;
#1253 = SURFACE_STYLE_FILL_AREA ( #5958 ) ;
#1254 = ORIENTED_EDGE ( 'NONE', *, *, #5665, .T. ) ;
#1255 = DIRECTION ( 'NONE',  ( 0.000000000000000000, 1.000000000000000000, 0.000000000000000000 ) ) ;
#1256 = CARTESIAN_POINT ( 'NONE',  ( -6.943333333333336022, 2.183333333333336679, 0.6333333333333477366 ) ) ;
#1257 = ORIENTED_EDGE ( 'NONE', *, *, #279, .T. ) ;
#1258 = LINE ( 'NONE', #5826, #7961 ) ;
#1259 = EDGE_CURVE ( 'NONE', #5653, #7146, #5868, .T. ) ;
#1260 = EDGE_CURVE ( 'NONE', #7059, #7082, #4485, .T. ) ;
#1261 = DIRECTION ( 'NONE',  ( -0.000000000000000000, -1.000000000000000000, -0.000000000000000000 ) ) ;
#1262 = ORIENTED_EDGE ( 'NONE', *, *, #3193, .F. ) ;
#1263 = COLOUR_RGB ( '',0.5607843137254902022, 0.6470588235294117974, 0.6352941176470587870 ) ;
#1264 = PRESENTATION_LAYER_ASSIGNMENT (  '', '', ( #5049 ) ) ;
#1265 = DIRECTION ( 'NONE',  ( -1.000000000000000000, 0.000000000000000000, 0.000000000000000000 ) ) ;
#1266 = DIRECTION ( 'NONE',  ( 1.000000000000000000, 0.000000000000000000, 0.000000000000000000 ) ) ;
#1267 = PRESENTATION_LAYER_ASSIGNMENT (  '', '', ( #259 ) ) ;
#1268 =( GEOMETRIC_REPRESENTATION_CONTEXT ( 3 ) GLOBAL_UNCERTAINTY_ASSIGNED_CONTEXT ( ( #6699 ) ) GLOBAL_UNIT_ASSIGNED_CONTEXT ( ( #8532, #1822, #5480 ) ) REPRESENTATION_CONTEXT ( 'NONE', 'WORKASPACE' ) );
#1269 = AXIS2_PLACEMENT_3D ( 'NONE', #4632, #4080, #8650 ) ;
#1270 = ORIENTED_EDGE ( 'NONE', *, *, #887, .T. ) ;
#1271 = CARTESIAN_POINT ( 'NONE',  ( 0.2650000000000000688, 0.2650000000000000133, 6.140192378864673728 ) ) ;
#1272 = EDGE_CURVE ( 'NONE', #5864, #3130, #1897, .T. ) ;
#1273 = CARTESIAN_POINT ( 'NONE',  ( 3.810000000000000053, 1.250000000000000000, 0.000000000000000000 ) ) ;
#1274 =( GEOMETRIC_REPRESENTATION_CONTEXT ( 3 ) GLOBAL_UNCERTAINTY_ASSIGNED_CONTEXT ( ( #3312 ) ) GLOBAL_UNIT_ASSIGNED_CONTEXT ( ( #6411, #7070, #8386 ) ) REPRESENTATION_CONTEXT ( 'NONE', 'WORKASPACE' ) );
#1275 = UNCERTAINTY_MEASURE_WITH_UNIT (LENGTH_MEASURE( 1.000000000000000082E-05 ), #8260, 'distance_accuracy_value', 'NONE');
#1276 = PRESENTATION_LAYER_ASSIGNMENT (  '', '', ( #4792 ) ) ;
#1277 = FILL_AREA_STYLE ('',( #5888 ) ) ;
#1278 = VECTOR ( 'NONE', #5361, 1000.000000000000000 ) ;
#1279 = FACE_OUTER_BOUND ( 'NONE', #8478, .T. ) ;
#1280 = PLANE ( 'NONE',  #8734 ) ;
#1281 = VECTOR ( 'NONE', #416, 1000.000000000000000 ) ;
#1282 = VERTEX_POINT ( 'NONE', #8591 ) ;
#1283 =( GEOMETRIC_REPRESENTATION_CONTEXT ( 3 ) GLOBAL_UNCERTAINTY_ASSIGNED_CONTEXT ( ( #7643 ) ) GLOBAL_UNIT_ASSIGNED_CONTEXT ( ( #3280, #4489, #8725 ) ) REPRESENTATION_CONTEXT ( 'NONE', 'WORKASPACE' ) );
#1284 = FILL_AREA_STYLE ('',( #6020 ) ) ;
#1285 =( NAMED_UNIT ( * ) PLANE_ANGLE_UNIT ( ) SI_UNIT ( $, .RADIAN. ) );
#1286 = VECTOR ( 'NONE', #1446, 1000.000000000000000 ) ;
#1287 =( NAMED_UNIT ( * ) PLANE_ANGLE_UNIT ( ) SI_UNIT ( $, .RADIAN. ) );
#1288 = EDGE_CURVE ( 'NONE', #2307, #8646, #8553, .T. ) ;
#1289 = CARTESIAN_POINT ( 'NONE',  ( -1.370000000000000107, 0.9499999999999996225, 6.699999999999999289 ) ) ;
#1290 = CARTESIAN_POINT ( 'NONE',  ( -0.3149999999999998357, -0.2650000000000000133, -0.8909545442950493888 ) ) ;
#1291 = ORIENTED_EDGE ( 'NONE', *, *, #6941, .T. ) ;
#1292 = VERTEX_POINT ( 'NONE', #4543 ) ;
#1293 =( GEOMETRIC_REPRESENTATION_CONTEXT ( 3 ) GLOBAL_UNCERTAINTY_ASSIGNED_CONTEXT ( ( #4281 ) ) GLOBAL_UNIT_ASSIGNED_CONTEXT ( ( #213, #4284, #5642 ) ) REPRESENTATION_CONTEXT ( 'NONE', 'WORKASPACE' ) );
#1294 = AXIS2_PLACEMENT_3D ( 'NONE', #7097, #6445, #7873 ) ;
#1295 = COLOUR_RGB ( '',0.9686274509803921573, 0.8784313725490195957, 0.5999999999999999778 ) ;
#1296 = CARTESIAN_POINT ( 'NONE',  ( 2.799857478948783118, 0.2908531991698718455, -5.459384528706810791 ) ) ;
#1297 = ORIENTED_EDGE ( 'NONE', *, *, #8388, .F. ) ;
#1298 = SURFACE_STYLE_USAGE ( .BOTH. , #8094 ) ;
#1299 =( BOUNDED_CURVE ( )  B_SPLINE_CURVE ( 3, ( #1597, #4887, #4147, #6817 ),
 .UNSPECIFIED., .F., .T. ) 
 B_SPLINE_CURVE_WITH_KNOTS ( ( 4, 4 ),
 ( 3.141592653589793116, 3.926990816987241395 ),
 .UNSPECIFIED. ) 
 CURVE ( )  GEOMETRIC_REPRESENTATION_ITEM ( )  RATIONAL_B_SPLINE_CURVE ( ( 1.000000000000000000, 0.9492530216741911220, 0.9492530216741911220, 1.000000000000000000 ) ) 
 REPRESENTATION_ITEM ( '' )  );
#1300 = SURFACE_STYLE_FILL_AREA ( #701 ) ;
#1301 = PRESENTATION_STYLE_ASSIGNMENT (( #4616 ) ) ;
#1302 = VECTOR ( 'NONE', #4389, 1000.000000000000000 ) ;
#1303 = FILL_AREA_STYLE_COLOUR ( '', #3974 ) ;
#1304 = UNCERTAINTY_MEASURE_WITH_UNIT (LENGTH_MEASURE( 1.000000000000000082E-05 ), #230, 'distance_accuracy_value', 'NONE');
#1305 = PLANE ( 'NONE',  #5791 ) ;
#1306 = ORIENTED_EDGE ( 'NONE', *, *, #4828, .F. ) ;
#1307 = CARTESIAN_POINT ( 'NONE',  ( -2.400384757728999841, -1.250000000000000000, -1.000000000000000000 ) ) ;
#1308 = FILL_AREA_STYLE ('',( #5961 ) ) ;
#1309 = STYLED_ITEM ( 'NONE', ( #8128 ), #6635 ) ;
#1310 = DIRECTION ( 'NONE',  ( -0.9659258262890677571, 0.000000000000000000, -0.2588190451025230709 ) ) ;
#1311 = FILL_AREA_STYLE_COLOUR ( '', #1976 ) ;
#1312 = ORIENTED_EDGE ( 'NONE', *, *, #4275, .T. ) ;
#1313 = AXIS2_PLACEMENT_3D ( 'NONE', #3397, #6169, #4113 ) ;
#1314 = ADVANCED_FACE ( 'NONE', ( #2492 ), #1031, .T. ) ;
#1315 = DIRECTION ( 'NONE',  ( 1.000000000000000000, 0.000000000000000000, 0.000000000000000000 ) ) ;
#1316 = COLOUR_RGB ( '',0.5607843137254902022, 0.6470588235294117974, 0.6352941176470587870 ) ;
#1317 = VERTEX_POINT ( 'NONE', #44 ) ;
#1318 = DIRECTION ( 'NONE',  ( 0.000000000000000000, 0.000000000000000000, -1.000000000000000000 ) ) ;
#1319 = DIRECTION ( 'NONE',  ( -1.000000000000000000, 0.000000000000000000, 0.000000000000000000 ) ) ;
#1320 = AXIS2_PLACEMENT_3D ( 'NONE', #7361, #2559, #5292 ) ;
#1321 = FACE_OUTER_BOUND ( 'NONE', #7515, .T. ) ;
#1322 = PRESENTATION_STYLE_ASSIGNMENT (( #6555 ) ) ;
#1323 = LINE ( 'NONE', #4047, #7561 ) ;
#1324 = ADVANCED_FACE ( 'NONE', ( #7342 ), #2626, .T. ) ;
#1325 = EDGE_CURVE ( 'NONE', #359, #3455, #5466, .T. ) ;
#1326 = DIRECTION ( 'NONE',  ( 0.7071067811865487940, -0.000000000000000000, 0.7071067811865463515 ) ) ;
#1327 = SURFACE_STYLE_FILL_AREA ( #4722 ) ;
#1328 = SURFACE_SIDE_STYLE ('',( #2693 ) ) ;
#1329 = ORIENTED_EDGE ( 'NONE', *, *, #5711, .F. ) ;
#1330 = SURFACE_STYLE_FILL_AREA ( #4694 ) ;
#1331 = SURFACE_STYLE_FILL_AREA ( #8663 ) ;
#1332 = EDGE_LOOP ( 'NONE', ( #1430, #8515, #536, #3887 ) ) ;
#1333 = ORIENTED_EDGE ( 'NONE', *, *, #1695, .T. ) ;
#1334 = PRESENTATION_STYLE_ASSIGNMENT (( #2741 ) ) ;
#1335 =( NAMED_UNIT ( * ) SI_UNIT ( $, .STERADIAN. ) SOLID_ANGLE_UNIT ( ) );
#1336 = EDGE_CURVE ( 'NONE', #7082, #2633, #5499, .T. ) ;
#1337 =( NAMED_UNIT ( * ) SI_UNIT ( $, .STERADIAN. ) SOLID_ANGLE_UNIT ( ) );
#1338 = VECTOR ( 'NONE', #4244, 1000.000000000000114 ) ;
#1339 = CARTESIAN_POINT ( 'NONE',  ( -1.775000000000000133, -1.550000000000000044, -1.399999999999999911 ) ) ;
#1340 = VECTOR ( 'NONE', #1821, 1000.000000000000000 ) ;
#1341 = FILL_AREA_STYLE_COLOUR ( '', #7674 ) ;
#1342 = ORIENTED_EDGE ( 'NONE', *, *, #2335, .T. ) ;
#1343 = LINE ( 'NONE', #8713, #7582 ) ;
#1344 = CARTESIAN_POINT ( 'NONE',  ( -3.810000000000000053, -1.250000000000000000, -1.800000000000000044 ) ) ;
#1345 = UNCERTAINTY_MEASURE_WITH_UNIT (LENGTH_MEASURE( 1.000000000000000082E-05 ), #1868, 'distance_accuracy_value', 'NONE');
#1346 = PRESENTATION_LAYER_ASSIGNMENT (  '', '', ( #7084 ) ) ;
#1347 = VECTOR ( 'NONE', #2193, 1000.000000000000000 ) ;
#1348 =( NAMED_UNIT ( * ) SI_UNIT ( $, .STERADIAN. ) SOLID_ANGLE_UNIT ( ) );
#1349 =( BOUNDED_CURVE ( )  B_SPLINE_CURVE ( 3, ( #2294, #4884, #6900, #6328 ),
 .UNSPECIFIED., .F., .T. ) 
 B_SPLINE_CURVE_WITH_KNOTS ( ( 4, 4 ),
 ( 3.141592653589793116, 3.926990816987241395 ),
 .UNSPECIFIED. ) 
 CURVE ( )  GEOMETRIC_REPRESENTATION_ITEM ( )  RATIONAL_B_SPLINE_CURVE ( ( 1.000000000000000000, 0.9492530216741911220, 0.9492530216741911220, 1.000000000000000000 ) ) 
 REPRESENTATION_ITEM ( '' )  );
#1350 = CARTESIAN_POINT ( 'NONE',  ( -1.370000000000000107, 0.8499999999999998668, 6.699999999999999289 ) ) ;
#1351 = ORIENTED_EDGE ( 'NONE', *, *, #6540, .T. ) ;
#1352 = PLANE ( 'NONE',  #8755 ) ;
#1353 = SURFACE_STYLE_FILL_AREA ( #8100 ) ;
#1354 =( GEOMETRIC_REPRESENTATION_CONTEXT ( 3 ) GLOBAL_UNCERTAINTY_ASSIGNED_CONTEXT ( ( #2595 ) ) GLOBAL_UNIT_ASSIGNED_CONTEXT ( ( #4062, #2522, #5216 ) ) REPRESENTATION_CONTEXT ( 'NONE', 'WORKASPACE' ) );
#1355 = LINE ( 'NONE', #8644, #676 ) ;
#1356 = PRESENTATION_LAYER_ASSIGNMENT (  '', '', ( #2066 ) ) ;
#1357 = PLANE ( 'NONE',  #3218 ) ;
#1358 = ORIENTED_EDGE ( 'NONE', *, *, #5936, .T. ) ;
#1359 = UNCERTAINTY_MEASURE_WITH_UNIT (LENGTH_MEASURE( 1.000000000000000082E-05 ), #7475, 'distance_accuracy_value', 'NONE');
#1360 = AXIS2_PLACEMENT_3D ( 'NONE', #5540, #8256, #2781 ) ;
#1361 = DIRECTION ( 'NONE',  ( 0.7071067811865475727, -0.7071067811865475727, 0.000000000000000000 ) ) ;
#1362 = FILL_AREA_STYLE_COLOUR ( '', #4355 ) ;
#1363 =( NAMED_UNIT ( * ) PLANE_ANGLE_UNIT ( ) SI_UNIT ( $, .RADIAN. ) );
#1364 =( NAMED_UNIT ( * ) SI_UNIT ( $, .STERADIAN. ) SOLID_ANGLE_UNIT ( ) );
#1365 = UNCERTAINTY_MEASURE_WITH_UNIT (LENGTH_MEASURE( 1.000000000000000082E-05 ), #1955, 'distance_accuracy_value', 'NONE');
#1366 = LINE ( 'NONE', #3915, #3375 ) ;
#1367 = EDGE_CURVE ( 'NONE', #2484, #6615, #3950, .T. ) ;
#1368 = CARTESIAN_POINT ( 'NONE',  ( 2.211561944896765386, -0.3150000000000000022, 6.140192378864673728 ) ) ;
#1369 = ORIENTED_EDGE ( 'NONE', *, *, #4958, .T. ) ;
#1370 = LINE ( 'NONE', #817, #3067 ) ;
#1371 = CARTESIAN_POINT ( 'NONE',  ( 1.270000000000000240, 0.9499999999999999556, -0.9899999999999999911 ) ) ;
#1372 = EDGE_CURVE ( 'NONE', #8752, #8235, #8268, .T. ) ;
#1373 =( NAMED_UNIT ( * ) SI_UNIT ( $, .STERADIAN. ) SOLID_ANGLE_UNIT ( ) );
#1374 = EDGE_CURVE ( 'NONE', #8575, #6964, #661, .T. ) ;
#1375 = ORIENTED_EDGE ( 'NONE', *, *, #2665, .T. ) ;
#1376 = EDGE_CURVE ( 'NONE', #4652, #2344, #6752, .T. ) ;
#1377 = ORIENTED_EDGE ( 'NONE', *, *, #2083, .T. ) ;
#1378 = SURFACE_STYLE_FILL_AREA ( #7323 ) ;
#1379 = CARTESIAN_POINT ( 'NONE',  ( 0.2672456717146063920, -0.3172456717146062144, -5.431811417928645191 ) ) ;
#1380 = COLOUR_RGB ( '',0.8509803921568627194, 0.8509803921568627194, 0.8509803921568627194 ) ;
#1381 = ADVANCED_FACE ( 'NONE', ( #2715 ), #715, .F. ) ;
#1382 =( NAMED_UNIT ( * ) PLANE_ANGLE_UNIT ( ) SI_UNIT ( $, .RADIAN. ) );
#1383 = LINE ( 'NONE', #5389, #3305 ) ;
#1384 = ORIENTED_EDGE ( 'NONE', *, *, #8678, .F. ) ;
#1385 =( NAMED_UNIT ( * ) SI_UNIT ( $, .STERADIAN. ) SOLID_ANGLE_UNIT ( ) );
#1386 = EDGE_CURVE ( 'NONE', #4996, #3843, #928, .T. ) ;
#1387 = EDGE_CURVE ( 'NONE', #3984, #975, #6784, .T. ) ;
#1388 =( NAMED_UNIT ( * ) PLANE_ANGLE_UNIT ( ) SI_UNIT ( $, .RADIAN. ) );
#1389 =( NAMED_UNIT ( * ) SI_UNIT ( $, .STERADIAN. ) SOLID_ANGLE_UNIT ( ) );
#1390 = PRESENTATION_STYLE_ASSIGNMENT (( #2790 ) ) ;
#1391 =( GEOMETRIC_REPRESENTATION_CONTEXT ( 3 ) GLOBAL_UNCERTAINTY_ASSIGNED_CONTEXT ( ( #6293 ) ) GLOBAL_UNIT_ASSIGNED_CONTEXT ( ( #4040, #3996, #6713 ) ) REPRESENTATION_CONTEXT ( 'NONE', 'WORKASPACE' ) );
#1392 = CARTESIAN_POINT ( 'NONE',  ( -1.370000000000000107, 1.250000000000000000, -2.399999999999998579 ) ) ;
#1393 = UNCERTAINTY_MEASURE_WITH_UNIT (LENGTH_MEASURE( 1.000000000000000082E-05 ), #7999, 'distance_accuracy_value', 'NONE');
#1394 = COLOUR_RGB ( '',0.8509803921568627194, 0.8509803921568627194, 0.8509803921568627194 ) ;
#1395 = CARTESIAN_POINT ( 'NONE',  ( -2.425000000000000266, 0.000000000000000000, 6.700000000000000178 ) ) ;
#1396 = CARTESIAN_POINT ( 'NONE',  ( -3.810000000000000053, 0.7500000000000000000, -2.500000000000000000 ) ) ;
#1397 = ORIENTED_EDGE ( 'NONE', *, *, #1932, .T. ) ;
#1398 =( GEOMETRIC_REPRESENTATION_CONTEXT ( 3 ) GLOBAL_UNCERTAINTY_ASSIGNED_CONTEXT ( ( #7434 ) ) GLOBAL_UNIT_ASSIGNED_CONTEXT ( ( #8354, #6473, #6331 ) ) REPRESENTATION_CONTEXT ( 'NONE', 'WORKASPACE' ) );
#1399 = MECHANICAL_DESIGN_GEOMETRIC_PRESENTATION_REPRESENTATION (  '', ( #954 ), #260 ) ;
#1400 = CARTESIAN_POINT ( 'NONE',  ( 2.655000000000000249, 0.000000000000000000, -6.000000000000000000 ) ) ;
#1401 = CARTESIAN_POINT ( 'NONE',  ( -1.536852484421999954, -1.550000000000000044, -1.800000000000000044 ) ) ;
#1402 = VECTOR ( 'NONE', #6870, 1000.000000000000000 ) ;
#1403 = ORIENTED_EDGE ( 'NONE', *, *, #2027, .T. ) ;
#1404 = DIRECTION ( 'NONE',  ( -0.7071067811865474617, -0.7071067811865474617, 0.000000000000000000 ) ) ;
#1405 = MECHANICAL_DESIGN_GEOMETRIC_PRESENTATION_REPRESENTATION (  '', ( #7884 ), #8599 ) ;
#1406 = PLANE ( 'NONE',  #2398 ) ;
#1407 = AXIS2_PLACEMENT_3D ( 'NONE', #2642, #1326, #6140 ) ;
#1408 = DIRECTION ( 'NONE',  ( 0.000000000000000000, 0.000000000000000000, 1.000000000000000000 ) ) ;
#1409 = STYLED_ITEM ( 'NONE', ( #1939 ), #5030 ) ;
#1410 = COLOUR_RGB ( '',0.5607843137254902022, 0.6470588235294117974, 0.6352941176470587870 ) ;
#1411 = AXIS2_PLACEMENT_3D ( 'NONE', #3445, #4164, #729 ) ;
#1412 = PRESENTATION_LAYER_ASSIGNMENT (  '', '', ( #7322 ) ) ;
#1413 = DIRECTION ( 'NONE',  ( 0.000000000000000000, -1.000000000000000000, 0.000000000000000000 ) ) ;
#1414 = ORIENTED_EDGE ( 'NONE', *, *, #1478, .F. ) ;
#1416 = LINE ( 'NONE', #6844, #4064 ) ;
#1415 = STYLED_ITEM ( 'NONE', ( #7809 ), #5237 ) ;
#1417 = DIRECTION ( 'NONE',  ( -1.000000000000000000, 0.000000000000000000, 0.000000000000000000 ) ) ;
#1418 = CARTESIAN_POINT ( 'NONE',  ( -2.319999999999999840, -1.550000000000000044, -1.800000000000000044 ) ) ;
#1419 = SURFACE_STYLE_FILL_AREA ( #5421 ) ;
#1420 = EDGE_LOOP ( 'NONE', ( #7416, #4550, #2828, #1681 ) ) ;
#1421 = CIRCLE ( 'NONE', #6317, 0.05000000000000012768 ) ;
#1422 = PLANE ( 'NONE',  #3381 ) ;
#1423 = PRESENTATION_LAYER_ASSIGNMENT (  '', '', ( #976 ) ) ;
#1424 =( LENGTH_UNIT ( ) NAMED_UNIT ( * ) SI_UNIT ( .MILLI., .METRE. ) );
#1425 = AXIS2_PLACEMENT_3D ( 'NONE', #1228, #8733, #7302 ) ;
#1426 = DIRECTION ( 'NONE',  ( -1.000000000000000000, 0.000000000000000000, 0.000000000000000000 ) ) ;
#1427 = EDGE_CURVE ( 'NONE', #4711, #4521, #973, .T. ) ;
#1428 = LINE ( 'NONE', #4845, #2701 ) ;
#1429 = CARTESIAN_POINT ( 'NONE',  ( -2.480769515458999930, -0.9499999999999999556, -1.800000000000000044 ) ) ;
#1430 = ORIENTED_EDGE ( 'NONE', *, *, #511, .T. ) ;
#1431 = CARTESIAN_POINT ( 'NONE',  ( -3.810000000000000053, 0.9499999999999999556, -1.810000000000000053 ) ) ;
#1432 = STYLED_ITEM ( 'NONE', ( #7691 ), #5657 ) ;
#1433 = STYLED_ITEM ( 'NONE', ( #1933 ), #659 ) ;
#1434 =( NAMED_UNIT ( * ) PLANE_ANGLE_UNIT ( ) SI_UNIT ( $, .RADIAN. ) );
#1435 = ADVANCED_FACE ( 'NONE', ( #8234 ), #6995, .F. ) ;
#1436 = ADVANCED_FACE ( 'NONE', ( #1516 ), #2887, .T. ) ;
#1437 = SURFACE_SIDE_STYLE ('',( #8681 ) ) ;
#1438 = VECTOR ( 'NONE', #8497, 1000.000000000000000 ) ;
#1439 = DIRECTION ( 'NONE',  ( 0.7071067811865463515, -0.000000000000000000, 0.7071067811865487940 ) ) ;
#1440 = VERTEX_POINT ( 'NONE', #5078 ) ;
#1441 = VECTOR ( 'NONE', #1480, 1000.000000000000227 ) ;
#1442 = UNCERTAINTY_MEASURE_WITH_UNIT (LENGTH_MEASURE( 1.000000000000000082E-05 ), #1964, 'distance_accuracy_value', 'NONE');
#1443 = FILL_AREA_STYLE_COLOUR ( '', #3255 ) ;
#1444 = EDGE_CURVE ( 'NONE', #5557, #7960, #3137, .T. ) ;
#1445 =( LENGTH_UNIT ( ) NAMED_UNIT ( * ) SI_UNIT ( .MILLI., .METRE. ) );
#1446 = DIRECTION ( 'NONE',  ( -1.000000000000000000, 0.000000000000000000, 0.000000000000000000 ) ) ;
#1447 =( GEOMETRIC_REPRESENTATION_CONTEXT ( 3 ) GLOBAL_UNCERTAINTY_ASSIGNED_CONTEXT ( ( #5485 ) ) GLOBAL_UNIT_ASSIGNED_CONTEXT ( ( #81, #1469, #1348 ) ) REPRESENTATION_CONTEXT ( 'NONE', 'WORKASPACE' ) );
#1448 = DIRECTION ( 'NONE',  ( -0.000000000000000000, -0.000000000000000000, -1.000000000000000000 ) ) ;
#1449 = ORIENTED_EDGE ( 'NONE', *, *, #5185, .F. ) ;
#1450 = LINE ( 'NONE', #6765, #8189 ) ;
#1451 = VECTOR ( 'NONE', #920, 1000.000000000000114 ) ;
#1452 = DIRECTION ( 'NONE',  ( 0.000000000000000000, -1.000000000000000000, 0.000000000000000000 ) ) ;
#1453 = CARTESIAN_POINT ( 'NONE',  ( 2.175000000000000266, 0.2650000000000000133, 6.140192378864673728 ) ) ;
#1454 = CARTESIAN_POINT ( 'NONE',  ( 1.169999999999999929, 0.9500000000000000666, -2.499999999999998668 ) ) ;
#1455 = DIRECTION ( 'NONE',  ( -0.000000000000000000, -0.000000000000000000, -1.000000000000000000 ) ) ;
#1456 = CARTESIAN_POINT ( 'NONE',  ( 2.790355339059327644, 0.3003553390593273198, 6.194846997554884105 ) ) ;
#1457 =( NAMED_UNIT ( * ) SI_UNIT ( $, .STERADIAN. ) SOLID_ANGLE_UNIT ( ) );
#1458 = EDGE_LOOP ( 'NONE', ( #4239, #471, #4465, #7592 ) ) ;
#1459 = CARTESIAN_POINT ( 'NONE',  ( -3.510000000000000231, 0.7500000000000000000, -2.799999999999999822 ) ) ;
#1460 = LINE ( 'NONE', #4143, #5172 ) ;
#1461 =( NAMED_UNIT ( * ) PLANE_ANGLE_UNIT ( ) SI_UNIT ( $, .RADIAN. ) );
#1462 = EDGE_CURVE ( 'NONE', #6074, #3055, #3052, .T. ) ;
#1463 = CARTESIAN_POINT ( 'NONE',  ( 2.805000000000000160, 0.2650000000000000133, -2.500000000000000000 ) ) ;
#1464 = VERTEX_POINT ( 'NONE', #5717 ) ;
#1465 = PRESENTATION_STYLE_ASSIGNMENT (( #2909 ) ) ;
#1466 = CARTESIAN_POINT ( 'NONE',  ( 2.790355339059327644, -0.3003553390593272643, -5.494846997554885704 ) ) ;
#1467 = EDGE_CURVE ( 'NONE', #1174, #2773, #4474, .T. ) ;
#1468 = LINE ( 'NONE', #8765, #1885 ) ;
#1469 =( NAMED_UNIT ( * ) PLANE_ANGLE_UNIT ( ) SI_UNIT ( $, .RADIAN. ) );
#1470 = PRESENTATION_STYLE_ASSIGNMENT (( #8315 ) ) ;
#1471 = LINE ( 'NONE', #8064, #8050 ) ;
#1472 = CARTESIAN_POINT ( 'NONE',  ( -2.400384757728999841, -1.250000000000000000, -1.800000000000000044 ) ) ;
#1473 =( NAMED_UNIT ( * ) PLANE_ANGLE_UNIT ( ) SI_UNIT ( $, .RADIAN. ) );
#1474 = COLOUR_RGB ( '',0.8509803921568627194, 0.8509803921568627194, 0.8509803921568627194 ) ;
#1475 = ORIENTED_EDGE ( 'NONE', *, *, #7703, .F. ) ;
#1476 = VECTOR ( 'NONE', #5630, 1000.000000000000000 ) ;
#1477 = ORIENTED_EDGE ( 'NONE', *, *, #1372, .T. ) ;
#1478 = EDGE_CURVE ( 'NONE', #7936, #5081, #496, .T. ) ;
#1479 = ADVANCED_FACE ( 'NONE', ( #5218 ), #6571, .F. ) ;
#1480 = DIRECTION ( 'NONE',  ( 0.2588190451024934280, 0.9659258262890755287, 0.000000000000000000 ) ) ;
#1481 = UNCERTAINTY_MEASURE_WITH_UNIT (LENGTH_MEASURE( 1.000000000000000082E-05 ), #5438, 'distance_accuracy_value', 'NONE');
#1482 = FILL_AREA_STYLE_COLOUR ( '', #4910 ) ;
#1483 = VECTOR ( 'NONE', #2989, 999.9999999999998863 ) ;
#1484 = ORIENTED_EDGE ( 'NONE', *, *, #4713, .F. ) ;
#1485 = CARTESIAN_POINT ( 'NONE',  ( -3.510000000000000231, -1.249999999999999556, -2.799999999999999822 ) ) ;
#1486 = CARTESIAN_POINT ( 'NONE',  ( -1.096666666666669343, 3.216666666666669006, 1.966666666666676555 ) ) ;
#1487 = ORIENTED_EDGE ( 'NONE', *, *, #797, .T. ) ;
#1488 = EDGE_CURVE ( 'NONE', #422, #6781, #6396, .T. ) ;
#1489 = PRESENTATION_LAYER_ASSIGNMENT (  '', '', ( #3164 ) ) ;
#1490 =( GEOMETRIC_REPRESENTATION_CONTEXT ( 3 ) GLOBAL_UNCERTAINTY_ASSIGNED_CONTEXT ( ( #4643 ) ) GLOBAL_UNIT_ASSIGNED_CONTEXT ( ( #561, #1363, #6716 ) ) REPRESENTATION_CONTEXT ( 'NONE', 'WORKASPACE' ) );
#1491 = EDGE_CURVE ( 'NONE', #3471, #7, #1689, .T. ) ;
#1492 = SURFACE_STYLE_FILL_AREA ( #2983 ) ;
#1493 = CARTESIAN_POINT ( 'NONE',  ( -2.425000000000000266, 0.1650000000000000633, 6.700000000000000178 ) ) ;
#1494 = LINE ( 'NONE', #3379, #6289 ) ;
#1495 = DIRECTION ( 'NONE',  ( 1.000000000000000000, 0.000000000000000000, 0.000000000000000000 ) ) ;
#1496 = DIRECTION ( 'NONE',  ( 0.000000000000000000, 0.000000000000000000, 1.000000000000000000 ) ) ;
#1497 =( NAMED_UNIT ( * ) SI_UNIT ( $, .STERADIAN. ) SOLID_ANGLE_UNIT ( ) );
#1498 = CARTESIAN_POINT ( 'NONE',  ( 0.2650000000000000688, 0.2650000000000000133, -5.440192378864675327 ) ) ;
#1499 =( NAMED_UNIT ( * ) PLANE_ANGLE_UNIT ( ) SI_UNIT ( $, .RADIAN. ) );
#1500 = DIRECTION ( 'NONE',  ( -0.000000000000000000, 1.000000000000000000, 0.000000000000000000 ) ) ;
#1501 = VECTOR ( 'NONE', #8270, 1000.000000000000000 ) ;
#1502 = SURFACE_STYLE_USAGE ( .BOTH. , #4144 ) ;
#1503 = FILL_AREA_STYLE ('',( #6207 ) ) ;
#1504 = PRESENTATION_STYLE_ASSIGNMENT (( #6855 ) ) ;
#1505 = ORIENTED_EDGE ( 'NONE', *, *, #7229, .F. ) ;
#1506 = DIRECTION ( 'NONE',  ( -0.5773502691896251759, -0.5773502691896251759, 0.5773502691896270633 ) ) ;
#1507 = SURFACE_STYLE_FILL_AREA ( #3635 ) ;
#1508 = CARTESIAN_POINT ( 'NONE',  ( -0.05000000000000012768, -4.709999999999999964, -1.000000000000000000 ) ) ;
#1509 = CARTESIAN_POINT ( 'NONE',  ( -2.905000000000000249, -0.2650000000000000133, 6.140192378864673728 ) ) ;
#1510 = FILL_AREA_STYLE_COLOUR ( '', #3834 ) ;
#1511 = MECHANICAL_DESIGN_GEOMETRIC_PRESENTATION_REPRESENTATION (  '', ( #6834 ), #8001 ) ;
#1512 = VERTEX_POINT ( 'NONE', #8582 ) ;
#1513 =( LENGTH_UNIT ( ) NAMED_UNIT ( * ) SI_UNIT ( .MILLI., .METRE. ) );
#1514 = LINE ( 'NONE', #3470, #2690 ) ;
#1515 = EDGE_LOOP ( 'NONE', ( #3147, #3362, #6577, #6136 ) ) ;
#1516 = FACE_OUTER_BOUND ( 'NONE', #6294, .T. ) ;
#1517 = COLOUR_RGB ( '',0.8509803921568627194, 0.8509803921568627194, 0.8509803921568627194 ) ;
#1518 = ORIENTED_EDGE ( 'NONE', *, *, #3354, .T. ) ;
#1519 =( LENGTH_UNIT ( ) NAMED_UNIT ( * ) SI_UNIT ( .MILLI., .METRE. ) );
#1520 = DIRECTION ( 'NONE',  ( 0.5773502691896251759, 0.5773502691896251759, 0.5773502691896270633 ) ) ;
#1521 = CARTESIAN_POINT ( 'NONE',  ( 0.000000000000000000, -0.1650000000000000633, -6.000000000000000000 ) ) ;
#1522 = MECHANICAL_DESIGN_GEOMETRIC_PRESENTATION_REPRESENTATION (  '', ( #6014 ), #6441 ) ;
#1523 = EDGE_CURVE ( 'NONE', #3266, #2930, #8545, .T. ) ;
#1524 = EDGE_CURVE ( 'NONE', #6510, #8364, #7692, .T. ) ;
#1525 = SURFACE_SIDE_STYLE ('',( #6833 ) ) ;
#1526 = COLOUR_RGB ( '',0.5607843137254902022, 0.6470588235294117974, 0.6352941176470587870 ) ;
#1527 = CARTESIAN_POINT ( 'NONE',  ( 1.269999999999999796, 0.8499999999999998668, -2.399999999999998579 ) ) ;
#1528 = PRESENTATION_STYLE_ASSIGNMENT (( #5526 ) ) ;
#1529 = CARTESIAN_POINT ( 'NONE',  ( -3.910000000000000142, -0.8499999999999994227, 6.699999999999999289 ) ) ;
#1530 =( NAMED_UNIT ( * ) SI_UNIT ( $, .STERADIAN. ) SOLID_ANGLE_UNIT ( ) );
#1531 = SURFACE_STYLE_USAGE ( .BOTH. , #772 ) ;
#1532 = AXIS2_PLACEMENT_3D ( 'NONE', #7287, #4708, #8684 ) ;
#1533 = VECTOR ( 'NONE', #7121, 1000.000000000000000 ) ;
#1534 = EDGE_CURVE ( 'NONE', #1974, #6790, #2485, .T. ) ;
#1535 = EDGE_CURVE ( 'NONE', #526, #2073, #585, .T. ) ;
#1536 = PRESENTATION_LAYER_ASSIGNMENT (  '', '', ( #3929 ) ) ;
#1537 = DIRECTION ( 'NONE',  ( -0.000000000000000000, -0.000000000000000000, -1.000000000000000000 ) ) ;
#1538 = SURFACE_STYLE_USAGE ( .BOTH. , #2862 ) ;
#1539 = CARTESIAN_POINT ( 'NONE',  ( 2.180142521051217752, -0.2908531991698716790, -5.459384528706809903 ) ) ;
#1540 = CYLINDRICAL_SURFACE ( 'NONE', #6195, 0.05000000000000002359 ) ;
#1541 =( NAMED_UNIT ( * ) SI_UNIT ( $, .STERADIAN. ) SOLID_ANGLE_UNIT ( ) );
#1542 = CARTESIAN_POINT ( 'NONE',  ( -0.3149999999999998357, -0.3150000000000000022, -0.8909545442950493888 ) ) ;
#1543 = PLANE ( 'NONE',  #4536 ) ;
#1544 = CARTESIAN_POINT ( 'NONE',  ( -1.270000000000000240, 0.9499999999999996225, -0.3000000000000013767 ) ) ;
#1545 = PRESENTATION_STYLE_ASSIGNMENT (( #2822 ) ) ;
#1546 = MECHANICAL_DESIGN_GEOMETRIC_PRESENTATION_REPRESENTATION (  '', ( #8604 ), #6308 ) ;
#1547 = PRESENTATION_LAYER_ASSIGNMENT (  '', '', ( #5738 ) ) ;
#1548 = UNCERTAINTY_MEASURE_WITH_UNIT (LENGTH_MEASURE( 1.000000000000000082E-05 ), #4357, 'distance_accuracy_value', 'NONE');
#1549 = SURFACE_STYLE_FILL_AREA ( #6851 ) ;
#1550 = SURFACE_SIDE_STYLE ('',( #5702 ) ) ;
#1551 = CARTESIAN_POINT ( 'NONE',  ( 2.768438055103234596, -0.3150000000000000022, -5.440192378864675327 ) ) ;
#1552 = DIRECTION ( 'NONE',  ( -1.000000000000000000, 0.000000000000000000, 0.000000000000000000 ) ) ;
#1553 = ORIENTED_EDGE ( 'NONE', *, *, #2883, .T. ) ;
#1554 = PRESENTATION_LAYER_ASSIGNMENT (  '', '', ( #4659 ) ) ;
#1555 =( NAMED_UNIT ( * ) PLANE_ANGLE_UNIT ( ) SI_UNIT ( $, .RADIAN. ) );
#1556 = LINE ( 'NONE', #5509, #8032 ) ;
#1557 = CARTESIAN_POINT ( 'NONE',  ( 3.810000000000000053, 1.250000000000000000, -1.810000000000000053 ) ) ;
#1558 = LINE ( 'NONE', #2673, #3089 ) ;
#1559 = VECTOR ( 'NONE', #4267, 1000.000000000000000 ) ;
#1560 = CYLINDRICAL_SURFACE ( 'NONE', #7356, 0.05000000000000012768 ) ;
#1561 = PRESENTATION_LAYER_ASSIGNMENT (  '', '', ( #5360 ) ) ;
#1562 = UNCERTAINTY_MEASURE_WITH_UNIT (LENGTH_MEASURE( 1.000000000000000082E-05 ), #2268, 'distance_accuracy_value', 'NONE');
#1563 = SURFACE_SIDE_STYLE ('',( #2141 ) ) ;
#1564 =( LENGTH_UNIT ( ) NAMED_UNIT ( * ) SI_UNIT ( .MILLI., .METRE. ) );
#1565 = VECTOR ( 'NONE', #7605, 1000.000000000000000 ) ;
#1566 = CARTESIAN_POINT ( 'NONE',  ( -2.854999999999999982, 0.3150000000000000022, -2.500000000000000000 ) ) ;
#1567 = ORIENTED_EDGE ( 'NONE', *, *, #3907, .F. ) ;
#1568 = AXIS2_PLACEMENT_3D ( 'NONE', #3232, #7250, #7205 ) ;
#1569 = CARTESIAN_POINT ( 'NONE',  ( -0.2149999999999999134, 0.000000000000000000, 6.700000000000000178 ) ) ;
#1570 = EDGE_LOOP ( 'NONE', ( #1780, #7280, #4415, #4209 ) ) ;
#1571 = VERTEX_POINT ( 'NONE', #4534 ) ;
#1572 = COLOUR_RGB ( '',0.5607843137254902022, 0.6470588235294117974, 0.6352941176470587870 ) ;
#1573 = DIRECTION ( 'NONE',  ( -0.000000000000000000, 1.000000000000000000, 0.000000000000000000 ) ) ;
#1574 = LINE ( 'NONE', #3442, #389 ) ;
#1575 = PRESENTATION_LAYER_ASSIGNMENT (  '', '', ( #2143 ) ) ;
#1576 =( NAMED_UNIT ( * ) PLANE_ANGLE_UNIT ( ) SI_UNIT ( $, .RADIAN. ) );
#1577 = EDGE_LOOP ( 'NONE', ( #295, #1403 ) ) ;
#1578 =( GEOMETRIC_REPRESENTATION_CONTEXT ( 3 ) GLOBAL_UNCERTAINTY_ASSIGNED_CONTEXT ( ( #4192 ) ) GLOBAL_UNIT_ASSIGNED_CONTEXT ( ( #8525, #2326, #3118 ) ) REPRESENTATION_CONTEXT ( 'NONE', 'WORKASPACE' ) );
#1579 = DIRECTION ( 'NONE',  ( -0.000000000000000000, -1.000000000000000000, -0.000000000000000000 ) ) ;
#1580 = SURFACE_STYLE_FILL_AREA ( #2151 ) ;
#1581 =( BOUNDED_CURVE ( )  B_SPLINE_CURVE ( 3, ( #8288, #1539, #901, #3453 ),
 .UNSPECIFIED., .F., .F. ) 
 B_SPLINE_CURVE_WITH_KNOTS ( ( 4, 4 ),
 ( 2.356194490192348390, 3.141592653589793116 ),
 .UNSPECIFIED. ) 
 CURVE ( )  GEOMETRIC_REPRESENTATION_ITEM ( )  RATIONAL_B_SPLINE_CURVE ( ( 1.000000000000000000, 0.9492530216741915661, 0.9492530216741915661, 1.000000000000000000 ) ) 
 REPRESENTATION_ITEM ( '' )  );
#1582 = DIRECTION ( 'NONE',  ( -0.000000000000000000, 1.000000000000000000, 0.000000000000000000 ) ) ;
#1583 = DIRECTION ( 'NONE',  ( 0.7071067811865487940, -0.000000000000000000, 0.7071067811865463515 ) ) ;
#1584 = EDGE_CURVE ( 'NONE', #5911, #1174, #3852, .T. ) ;
#1585 = PRESENTATION_LAYER_ASSIGNMENT (  '', '', ( #7768 ) ) ;
#1586 = PRESENTATION_STYLE_ASSIGNMENT (( #6967 ) ) ;
#1587 = DIRECTION ( 'NONE',  ( -1.000000000000000000, 0.000000000000000000, 0.000000000000000000 ) ) ;
#1588 = PRESENTATION_LAYER_ASSIGNMENT (  '', '', ( #728 ) ) ;
#1589 = CARTESIAN_POINT ( 'NONE',  ( -2.274999999999999911, 0.3150000000000000022, -2.500000000000000000 ) ) ;
#1590 =( NAMED_UNIT ( * ) PLANE_ANGLE_UNIT ( ) SI_UNIT ( $, .RADIAN. ) );
#1591 = CARTESIAN_POINT ( 'NONE',  ( 2.175000000000000266, 0.2650000000000000133, 6.140192378864673728 ) ) ;
#1592 = LINE ( 'NONE', #4180, #5376 ) ;
#1593 = EDGE_CURVE ( 'NONE', #8144, #4428, #658, .T. ) ;
#1594 = FACE_OUTER_BOUND ( 'NONE', #7996, .T. ) ;
#1595 = FACE_OUTER_BOUND ( 'NONE', #6764, .T. ) ;
#1596 = SURFACE_STYLE_USAGE ( .BOTH. , #8175 ) ;
#1597 = CARTESIAN_POINT ( 'NONE',  ( 0.2650000000000000688, 0.2650000000000000133, 6.140192378864673728 ) ) ;
#1598 = VERTEX_POINT ( 'NONE', #2055 ) ;
#1599 =( LENGTH_UNIT ( ) NAMED_UNIT ( * ) SI_UNIT ( .MILLI., .METRE. ) );
#1600 =( LENGTH_UNIT ( ) NAMED_UNIT ( * ) SI_UNIT ( .MILLI., .METRE. ) );
#1601 = UNCERTAINTY_MEASURE_WITH_UNIT (LENGTH_MEASURE( 1.000000000000000082E-05 ), #1445, 'distance_accuracy_value', 'NONE');
#1602 = LINE ( 'NONE', #4073, #3782 ) ;
#1603 = VERTEX_POINT ( 'NONE', #3937 ) ;
#1604 = CARTESIAN_POINT ( 'NONE',  ( 2.540000000000000036, 0.1650000000000000633, -6.000000000000000000 ) ) ;
#1605 = EDGE_CURVE ( 'NONE', #1688, #6218, #2089, .T. ) ;
#1606 = CYLINDRICAL_SURFACE ( 'NONE', #4953, 0.05000000000000002359 ) ;
#1607 =( NAMED_UNIT ( * ) PLANE_ANGLE_UNIT ( ) SI_UNIT ( $, .RADIAN. ) );
#1608 = DIRECTION ( 'NONE',  ( 1.000000000000000000, 0.000000000000000000, 0.000000000000000000 ) ) ;
#1609 = EDGE_LOOP ( 'NONE', ( #1775, #1329, #7746, #3326, #5496 ) ) ;
#1610 = CARTESIAN_POINT ( 'NONE',  ( 2.768438055103234152, 0.3149999999999999467, -5.440192378864675327 ) ) ;
#1611 = SURFACE_SIDE_STYLE ('',( #2263 ) ) ;
#1612 = EDGE_LOOP ( 'NONE', ( #7190, #3156, #674, #7179, #7232 ) ) ;
#1613 = PRESENTATION_STYLE_ASSIGNMENT (( #7779 ) ) ;
#1614 = LINE ( 'NONE', #6877, #7295 ) ;
#1615 = ORIENTED_EDGE ( 'NONE', *, *, #1087, .F. ) ;
#1616 = VECTOR ( 'NONE', #3126, 1000.000000000000000 ) ;
#1617 = CARTESIAN_POINT ( 'NONE',  ( -0.3503553390593271977, 0.3003553390593273753, -5.494846997554885704 ) ) ;
#1618 = LINE ( 'NONE', #1076, #6455 ) ;
#1619 = ORIENTED_EDGE ( 'NONE', *, *, #8274, .T. ) ;
#1620 = MECHANICAL_DESIGN_GEOMETRIC_PRESENTATION_REPRESENTATION (  '', ( #7084 ), #1917 ) ;
#1621 = PRESENTATION_LAYER_ASSIGNMENT (  '', '', ( #188 ) ) ;
#1622 = CARTESIAN_POINT ( 'NONE',  ( 0.2150000000000000522, -0.2650000000000000133, -1.609045455704950278 ) ) ;
#1623 =( BOUNDED_CURVE ( )  B_SPLINE_CURVE ( 3, ( #929, #7680, #8271, #4327 ),
 .UNSPECIFIED., .F., .T. ) 
 B_SPLINE_CURVE_WITH_KNOTS ( ( 4, 4 ),
 ( 2.356194490192341728, 3.141592653589793116 ),
 .UNSPECIFIED. ) 
 CURVE ( )  GEOMETRIC_REPRESENTATION_ITEM ( )  RATIONAL_B_SPLINE_CURVE ( ( 1.000000000000000000, 0.9492530216741906779, 0.9492530216741906779, 1.000000000000000000 ) ) 
 REPRESENTATION_ITEM ( '' )  );
#1624 = VERTEX_POINT ( 'NONE', #4765 ) ;
#1625 = MECHANICAL_DESIGN_GEOMETRIC_PRESENTATION_REPRESENTATION (  '', ( #5684 ), #1354 ) ;
#1626 = DIRECTION ( 'NONE',  ( 0.000000000000000000, 0.000000000000000000, 1.000000000000000000 ) ) ;
#1627 = DIRECTION ( 'NONE',  ( -0.7071067811865474617, -0.7071067811865474617, 0.000000000000000000 ) ) ;
#1628 = CARTESIAN_POINT ( 'NONE',  ( 0.2650000000000000688, 0.3150000000000000022, 6.140192378864673728 ) ) ;
#1629 = FILL_AREA_STYLE_COLOUR ( '', #4243 ) ;
#1630 = CARTESIAN_POINT ( 'NONE',  ( 0.8699999999999996625, 1.250000000000000000, -2.799999999999999822 ) ) ;
#1631 = PRESENTATION_STYLE_ASSIGNMENT (( #325 ) ) ;
#1632 = PLANE ( 'NONE',  #7142 ) ;
#1633 = ORIENTED_EDGE ( 'NONE', *, *, #6853, .F. ) ;
#1634 = SURFACE_STYLE_FILL_AREA ( #7665 ) ;
#1635 = EDGE_CURVE ( 'NONE', #4335, #5343, #7462, .T. ) ;
#1636 = ADVANCED_FACE ( 'NONE', ( #8134 ), #8637, .T. ) ;
#1637 = LINE ( 'NONE', #2831, #5463 ) ;
#1638 = DIRECTION ( 'NONE',  ( -1.000000000000000000, 0.000000000000000000, 0.000000000000000000 ) ) ;
#1639 = FACE_BOUND ( 'NONE', #1185, .T. ) ;
#1640 = ORIENTED_EDGE ( 'NONE', *, *, #6091, .T. ) ;
#1641 = DIRECTION ( 'NONE',  ( 0.000000000000000000, 0.000000000000000000, -1.000000000000000000 ) ) ;
#1642 = FILL_AREA_STYLE ('',( #5586 ) ) ;
#1643 = EDGE_CURVE ( 'NONE', #3091, #892, #8712, .T. ) ;
#1644 =( NAMED_UNIT ( * ) PLANE_ANGLE_UNIT ( ) SI_UNIT ( $, .RADIAN. ) );
#1645 = VERTEX_POINT ( 'NONE', #2660 ) ;
#1646 = ADVANCED_FACE ( 'NONE', ( #2617 ), #2747, .F. ) ;
#1647 = DIRECTION ( 'NONE',  ( 1.000000000000000000, 0.000000000000000000, 0.000000000000000000 ) ) ;
#1648 = VERTEX_POINT ( 'NONE', #3463 ) ;
#1649 = ORIENTED_EDGE ( 'NONE', *, *, #7920, .F. ) ;
#1650 = FACE_OUTER_BOUND ( 'NONE', #5336, .T. ) ;
#1651 = EDGE_CURVE ( 'NONE', #5944, #3692, #4847, .T. ) ;
#1652 = AXIS2_PLACEMENT_3D ( 'NONE', #909, #1500, #3581 ) ;
#1653 = VERTEX_POINT ( 'NONE', #2874 ) ;
#1654 = SURFACE_SIDE_STYLE ('',( #7687 ) ) ;
#1655 = CARTESIAN_POINT ( 'NONE',  ( 2.225000000000000533, -0.3150000000000000022, 6.140192378864673728 ) ) ;
#1656 = VERTEX_POINT ( 'NONE', #2297 ) ;
#1657 =( GEOMETRIC_REPRESENTATION_CONTEXT ( 3 ) GLOBAL_UNCERTAINTY_ASSIGNED_CONTEXT ( ( #8272 ) ) GLOBAL_UNIT_ASSIGNED_CONTEXT ( ( #2155, #2318, #6236 ) ) REPRESENTATION_CONTEXT ( 'NONE', 'WORKASPACE' ) );
#1658 =( NAMED_UNIT ( * ) PLANE_ANGLE_UNIT ( ) SI_UNIT ( $, .RADIAN. ) );
#1659 = MECHANICAL_DESIGN_GEOMETRIC_PRESENTATION_REPRESENTATION (  '', ( #6991 ), #1398 ) ;
#1660 = CARTESIAN_POINT ( 'NONE',  ( 0.2672456717146051153, -0.3172456717146053262, 6.131811417928646257 ) ) ;
#1661 = ORIENTED_EDGE ( 'NONE', *, *, #4066, .T. ) ;
#1662 = CARTESIAN_POINT ( 'NONE',  ( -1.370000000000000107, 0.8499999999999998668, -0.4000000000000014655 ) ) ;
#1663 = SURFACE_STYLE_FILL_AREA ( #7749 ) ;
#1664 = FACE_OUTER_BOUND ( 'NONE', #8433, .T. ) ;
#1665 = CARTESIAN_POINT ( 'NONE',  ( -0.04203636058814969045, -0.007963639411850471916, 7.345509090147042564 ) ) ;
#1666 =( GEOMETRIC_REPRESENTATION_CONTEXT ( 3 ) GLOBAL_UNCERTAINTY_ASSIGNED_CONTEXT ( ( #240 ) ) GLOBAL_UNIT_ASSIGNED_CONTEXT ( ( #4580, #1836, #3853 ) ) REPRESENTATION_CONTEXT ( 'NONE', 'WORKASPACE' ) );
#1667 =( BOUNDED_CURVE ( )  B_SPLINE_CURVE ( 3, ( #1096, #958, #7704, #3078 ),
 .UNSPECIFIED., .F., .T. ) 
 B_SPLINE_CURVE_WITH_KNOTS ( ( 4, 4 ),
 ( 3.141592653589793116, 3.926990816987240951 ),
 .UNSPECIFIED. ) 
 CURVE ( )  GEOMETRIC_REPRESENTATION_ITEM ( )  RATIONAL_B_SPLINE_CURVE ( ( 1.000000000000000000, 0.9492530216741912330, 0.9492530216741912330, 1.000000000000000000 ) ) 
 REPRESENTATION_ITEM ( '' )  );
#1668 =( GEOMETRIC_REPRESENTATION_CONTEXT ( 3 ) GLOBAL_UNCERTAINTY_ASSIGNED_CONTEXT ( ( #6208 ) ) GLOBAL_UNIT_ASSIGNED_CONTEXT ( ( #7661, #956, #7941 ) ) REPRESENTATION_CONTEXT ( 'NONE', 'WORKASPACE' ) );
#1669 = SURFACE_STYLE_FILL_AREA ( #6936 ) ;
#1670 = SURFACE_SIDE_STYLE ('',( #1154 ) ) ;
#1671 = CARTESIAN_POINT ( 'NONE',  ( -1.270000000000000240, 1.250000000000000000, -2.399999999999998579 ) ) ;
#1672 = ORIENTED_EDGE ( 'NONE', *, *, #4578, .F. ) ;
#1673 = VECTOR ( 'NONE', #4581, 1000.000000000000000 ) ;
#1674 = CARTESIAN_POINT ( 'NONE',  ( -3.810000000000000053, 0.9499999999999999556, -1.810000000000000053 ) ) ;
#1675 =( NAMED_UNIT ( * ) SI_UNIT ( $, .STERADIAN. ) SOLID_ANGLE_UNIT ( ) );
#1676 = CARTESIAN_POINT ( 'NONE',  ( -1.370000000000000107, 0.8499999999999998668, 6.699999999999999289 ) ) ;
#1677 = CARTESIAN_POINT ( 'NONE',  ( -1.370000000000000107, 0.9499999999999996225, -1.810000000000000941 ) ) ;
#1678 = SURFACE_STYLE_USAGE ( .BOTH. , #1015 ) ;
#1679 = STYLED_ITEM ( 'NONE', ( #2056 ), #8220 ) ;
#1680 = ORIENTED_EDGE ( 'NONE', *, *, #1040, .F. ) ;
#1681 = ORIENTED_EDGE ( 'NONE', *, *, #706, .F. ) ;
#1682 = MECHANICAL_DESIGN_GEOMETRIC_PRESENTATION_REPRESENTATION (  '', ( #5741 ), #2950 ) ;
#1683 = CARTESIAN_POINT ( 'NONE',  ( -2.274999999999999911, -0.2650000000000000133, 0.000000000000000000 ) ) ;
#1684 = MECHANICAL_DESIGN_GEOMETRIC_PRESENTATION_REPRESENTATION (  '', ( #4777 ), #969 ) ;
#1685 = EDGE_CURVE ( 'NONE', #4420, #4831, #116, .T. ) ;
#1686 = COLOUR_RGB ( '',0.8509803921568627194, 0.8509803921568627194, 0.8509803921568627194 ) ;
#1687 = FACE_OUTER_BOUND ( 'NONE', #461, .T. ) ;
#1688 = VERTEX_POINT ( 'NONE', #6982 ) ;
#1689 = LINE ( 'NONE', #457, #8651 ) ;
#1690 = DIRECTION ( 'NONE',  ( -0.000000000000000000, 0.000000000000000000, 1.000000000000000000 ) ) ;
#1691 = VECTOR ( 'NONE', #5983, 1000.000000000000000 ) ;
#1692 = EDGE_LOOP ( 'NONE', ( #5362, #2573, #1134, #3009 ) ) ;
#1693 =( GEOMETRIC_REPRESENTATION_CONTEXT ( 3 ) GLOBAL_UNCERTAINTY_ASSIGNED_CONTEXT ( ( #8417 ) ) GLOBAL_UNIT_ASSIGNED_CONTEXT ( ( #1564, #4898, #5800 ) ) REPRESENTATION_CONTEXT ( 'NONE', 'WORKASPACE' ) );
#1694 = COLOUR_RGB ( '',0.9686274509803921573, 0.8784313725490195957, 0.5999999999999999778 ) ;
#1695 = EDGE_CURVE ( 'NONE', #8537, #4521, #6858, .T. ) ;
#1696 = EDGE_CURVE ( 'NONE', #1512, #2566, #2955, .T. ) ;
#1697 = PRESENTATION_LAYER_ASSIGNMENT (  '', '', ( #5366 ) ) ;
#1698 = MECHANICAL_DESIGN_GEOMETRIC_PRESENTATION_REPRESENTATION (  '', ( #6620 ), #8326 ) ;
#1699 = DIRECTION ( 'NONE',  ( 0.000000000000000000, 0.9659258262890675351, 0.2588190451025238481 ) ) ;
#1700 = SURFACE_STYLE_FILL_AREA ( #7782 ) ;
#1701 = ORIENTED_EDGE ( 'NONE', *, *, #6240, .F. ) ;
#1702 = PRESENTATION_LAYER_ASSIGNMENT (  '', '', ( #4089 ) ) ;
#1703 = CYLINDRICAL_SURFACE ( 'NONE', #589, 0.05000000000000002359 ) ;
#1704 = DIRECTION ( 'NONE',  ( -0.7071067811865475727, -0.7071067811865475727, 0.000000000000000000 ) ) ;
#1705 = CARTESIAN_POINT ( 'NONE',  ( 1.269999999999999796, 1.250000000000000000, -2.499999999999998668 ) ) ;
#1706 = ORIENTED_EDGE ( 'NONE', *, *, #802, .T. ) ;
#1707 =( GEOMETRIC_REPRESENTATION_CONTEXT ( 3 ) GLOBAL_UNCERTAINTY_ASSIGNED_CONTEXT ( ( #2092 ) ) GLOBAL_UNIT_ASSIGNED_CONTEXT ( ( #69, #3382, #2699 ) ) REPRESENTATION_CONTEXT ( 'NONE', 'WORKASPACE' ) );
#1708 = CARTESIAN_POINT ( 'NONE',  ( -2.740000000000000213, 2.319999999999999396, -0.9899999999999999911 ) ) ;
#1709 = AXIS2_PLACEMENT_3D ( 'NONE', #3398, #1, #666 ) ;
#1710 = EDGE_CURVE ( 'NONE', #5391, #6436, #914, .T. ) ;
#1711 = SURFACE_SIDE_STYLE ('',( #7744 ) ) ;
#1712 = PRESENTATION_LAYER_ASSIGNMENT (  '', '', ( #7762 ) ) ;
#1713 = ORIENTED_EDGE ( 'NONE', *, *, #5493, .F. ) ;
#1714 = STYLED_ITEM ( 'NONE', ( #3050 ), #812 ) ;
#1715 = CARTESIAN_POINT ( 'NONE',  ( -2.880853199169871814, -0.3098574789487830161, 6.159384528706809192 ) ) ;
#1716 = VECTOR ( 'NONE', #4654, 1000.000000000000000 ) ;
#1717 = FILL_AREA_STYLE ('',( #5620 ) ) ;
#1718 = FACE_OUTER_BOUND ( 'NONE', #3766, .T. ) ;
#1719 = UNCERTAINTY_MEASURE_WITH_UNIT (LENGTH_MEASURE( 1.000000000000000082E-05 ), #194, 'distance_accuracy_value', 'NONE');
#1720 = FILL_AREA_STYLE ('',( #5661 ) ) ;
#1721 =( GEOMETRIC_REPRESENTATION_CONTEXT ( 3 ) GLOBAL_UNCERTAINTY_ASSIGNED_CONTEXT ( ( #5527 ) ) GLOBAL_UNIT_ASSIGNED_CONTEXT ( ( #1931, #1388, #5431 ) ) REPRESENTATION_CONTEXT ( 'NONE', 'WORKASPACE' ) );
#1722 = PLANE ( 'NONE',  #4786 ) ;
#1723 = DIRECTION ( 'NONE',  ( -0.2505628070857336409, 0.2505628070857336409, -0.9351131265310282936 ) ) ;
#1724 = CARTESIAN_POINT ( 'NONE',  ( -2.854999999999999982, 0.3150000000000000022, -5.440192378864675327 ) ) ;
#1725 = FACE_OUTER_BOUND ( 'NONE', #3795, .T. ) ;
#1726 = FACE_OUTER_BOUND ( 'NONE', #6665, .T. ) ;
#1727 = VECTOR ( 'NONE', #1736, 1000.000000000000000 ) ;
#1728 = ORIENTED_EDGE ( 'NONE', *, *, #3047, .F. ) ;
#1729 = SURFACE_STYLE_USAGE ( .BOTH. , #5158 ) ;
#1730 = DIRECTION ( 'NONE',  ( 0.7071067811865474617, 0.7071067811865474617, 0.000000000000000000 ) ) ;
#1731 =( NAMED_UNIT ( * ) SI_UNIT ( $, .STERADIAN. ) SOLID_ANGLE_UNIT ( ) );
#1732 = DIRECTION ( 'NONE',  ( 0.7071067811865487940, -0.000000000000000000, 0.7071067811865463515 ) ) ;
#1733 = EDGE_LOOP ( 'NONE', ( #7140, #291, #1743, #8383 ) ) ;
#1734 = VERTEX_POINT ( 'NONE', #2830 ) ;
#1735 = CARTESIAN_POINT ( 'NONE',  ( 0.2150000000000000244, -0.3150000000000000022, -0.8909545442950493888 ) ) ;
#1736 = DIRECTION ( 'NONE',  ( -0.000000000000000000, -0.000000000000000000, -1.000000000000000000 ) ) ;
#1737 = ADVANCED_FACE ( 'NONE', ( #2203 ), #5579, .F. ) ;
#1738 =( LENGTH_UNIT ( ) NAMED_UNIT ( * ) SI_UNIT ( .MILLI., .METRE. ) );
#1739 = ORIENTED_EDGE ( 'NONE', *, *, #5619, .F. ) ;
#1740 = DIRECTION ( 'NONE',  ( -0.7071067811865475727, -0.7071067811865475727, 0.000000000000000000 ) ) ;
#1741 = FILL_AREA_STYLE_COLOUR ( '', #7442 ) ;
#1742 = PRESENTATION_STYLE_ASSIGNMENT (( #7090 ) ) ;
#1743 = ORIENTED_EDGE ( 'NONE', *, *, #8708, .F. ) ;
#1744 = ORIENTED_EDGE ( 'NONE', *, *, #5520, .F. ) ;
#1745 = FILL_AREA_STYLE ('',( #5598 ) ) ;
#1746 = SURFACE_STYLE_USAGE ( .BOTH. , #3659 ) ;
#1747 = FACE_OUTER_BOUND ( 'NONE', #4478, .T. ) ;
#1748 = ORIENTED_EDGE ( 'NONE', *, *, #4906, .F. ) ;
#1749 = SURFACE_SIDE_STYLE ('',( #7200 ) ) ;
#1750 = ORIENTED_EDGE ( 'NONE', *, *, #2729, .F. ) ;
#1751 = FILL_AREA_STYLE ('',( #8414 ) ) ;
#1752 = EDGE_CURVE ( 'NONE', #1656, #1113, #7539, .T. ) ;
#1753 = EDGE_CURVE ( 'NONE', #5081, #7390, #203, .T. ) ;
#1754 = ORIENTED_EDGE ( 'NONE', *, *, #467, .F. ) ;
#1755 =( LENGTH_UNIT ( ) NAMED_UNIT ( * ) SI_UNIT ( .MILLI., .METRE. ) );
#1756 = CARTESIAN_POINT ( 'NONE',  ( 2.199146800830128701, 0.3098574789487829606, -5.459384528706810791 ) ) ;
#1757 = AXIS2_PLACEMENT_3D ( 'NONE', #5757, #1201, #3086 ) ;
#1758 = ADVANCED_FACE ( 'NONE', ( #4936 ), #5457, .F. ) ;
#1759 =( GEOMETRIC_REPRESENTATION_CONTEXT ( 3 ) GLOBAL_UNCERTAINTY_ASSIGNED_CONTEXT ( ( #6712 ) ) GLOBAL_UNIT_ASSIGNED_CONTEXT ( ( #7578, #1555, #4240 ) ) REPRESENTATION_CONTEXT ( 'NONE', 'WORKASPACE' ) );
#1760 = VERTEX_POINT ( 'NONE', #3732 ) ;
#1761 = LINE ( 'NONE', #6460, #1483 ) ;
#1762 = ADVANCED_FACE ( 'NONE', ( #6422 ), #2428, .T. ) ;
#1763 = CARTESIAN_POINT ( 'NONE',  ( 1.169999999999999929, 0.9499999999999996225, 6.699999999999999289 ) ) ;
#1764 =( NAMED_UNIT ( * ) SI_UNIT ( $, .STERADIAN. ) SOLID_ANGLE_UNIT ( ) );
#1765 = AXIS2_PLACEMENT_3D ( 'NONE', #2159, #949, #2774 ) ;
#1766 = FILL_AREA_STYLE_COLOUR ( '', #3951 ) ;
#1767 = CARTESIAN_POINT ( 'NONE',  ( -2.890355339059327289, -0.3003553390593271533, 6.194846997554884105 ) ) ;
#1768 = CARTESIAN_POINT ( 'NONE',  ( -3.810000000000000053, 1.250000000000000000, 0.000000000000000000 ) ) ;
#1769 = DIRECTION ( 'NONE',  ( -0.000000000000000000, -0.000000000000000000, -1.000000000000000000 ) ) ;
#1770 = DIRECTION ( 'NONE',  ( -1.000000000000000000, 0.000000000000000000, 0.000000000000000000 ) ) ;
#1771 =( GEOMETRIC_REPRESENTATION_CONTEXT ( 3 ) GLOBAL_UNCERTAINTY_ASSIGNED_CONTEXT ( ( #6719 ) ) GLOBAL_UNIT_ASSIGNED_CONTEXT ( ( #7086, #1644, #5770 ) ) REPRESENTATION_CONTEXT ( 'NONE', 'WORKASPACE' ) );
#1772 = PRESENTATION_STYLE_ASSIGNMENT (( #3833 ) ) ;
#1773 = AXIS2_PLACEMENT_3D ( 'NONE', #3606, #3107, #4488 ) ;
#1774 = LINE ( 'NONE', #5156, #8019 ) ;
#1775 = ORIENTED_EDGE ( 'NONE', *, *, #1190, .F. ) ;
#1776 = SURFACE_STYLE_USAGE ( .BOTH. , #3687 ) ;
#1777 = LINE ( 'NONE', #3786, #1129 ) ;
#1778 = LINE ( 'NONE', #5901, #5534 ) ;
#1779 = DIRECTION ( 'NONE',  ( -0.000000000000000000, -1.000000000000000000, -0.000000000000000000 ) ) ;
#1780 = ORIENTED_EDGE ( 'NONE', *, *, #2986, .T. ) ;
#1781 = ORIENTED_EDGE ( 'NONE', *, *, #1651, .F. ) ;
#1782 = CARTESIAN_POINT ( 'NONE',  ( 1.169999999999999929, 0.8499999999999998668, 6.699999999999999289 ) ) ;
#1783 = VECTOR ( 'NONE', #1552, 1000.000000000000000 ) ;
#1784 = FACE_OUTER_BOUND ( 'NONE', #6273, .T. ) ;
#1785 = FACE_OUTER_BOUND ( 'NONE', #273, .T. ) ;
#1786 =( NAMED_UNIT ( * ) SI_UNIT ( $, .STERADIAN. ) SOLID_ANGLE_UNIT ( ) );
#1787 = ORIENTED_EDGE ( 'NONE', *, *, #558, .T. ) ;
#1788 = CARTESIAN_POINT ( 'NONE',  ( -3.810000000000000053, -0.9499999999999992895, 0.000000000000000000 ) ) ;
#1789 = ORIENTED_EDGE ( 'NONE', *, *, #6101, .F. ) ;
#1790 = ORIENTED_EDGE ( 'NONE', *, *, #4322, .F. ) ;
#1791 = DIRECTION ( 'NONE',  ( 1.000000000000000000, 0.000000000000000000, 0.000000000000000000 ) ) ;
#1792 = PRESENTATION_STYLE_ASSIGNMENT (( #1746 ) ) ;
#1793 = CARTESIAN_POINT ( 'NONE',  ( 0.8699999999999996625, 1.250000000000000000, 6.699999999999999289 ) ) ;
#1794 = ORIENTED_EDGE ( 'NONE', *, *, #6101, .T. ) ;
#1795 = SURFACE_STYLE_FILL_AREA ( #5728 ) ;
#1796 = ORIENTED_EDGE ( 'NONE', *, *, #4444, .F. ) ;
#1797 = LINE ( 'NONE', #4337, #757 ) ;
#1798 = CARTESIAN_POINT ( 'NONE',  ( -1.269999999999999796, -1.590000000000000302, -1.810000000000000053 ) ) ;
#1799 = VERTEX_POINT ( 'NONE', #5064 ) ;
#1800 = ORIENTED_EDGE ( 'NONE', *, *, #3728, .F. ) ;
#1801 = UNCERTAINTY_MEASURE_WITH_UNIT (LENGTH_MEASURE( 1.000000000000000082E-05 ), #1047, 'distance_accuracy_value', 'NONE');
#1802 = SURFACE_STYLE_FILL_AREA ( #5184 ) ;
#1803 = EDGE_CURVE ( 'NONE', #1571, #4959, #5203, .T. ) ;
#1804 = PLANE ( 'NONE',  #6468 ) ;
#1805 = STYLED_ITEM ( 'NONE', ( #1948 ), #6938 ) ;
#1806 = EDGE_LOOP ( 'NONE', ( #3251, #8330, #2713, #2381, #3994 ) ) ;
#1807 = CARTESIAN_POINT ( 'NONE',  ( -3.810000000000000053, -0.9499999999999999556, -1.000000000000000000 ) ) ;
#1808 = CARTESIAN_POINT ( 'NONE',  ( 1.169999999999999707, -0.8499999999999994227, 6.699999999999999289 ) ) ;
#1809 = UNCERTAINTY_MEASURE_WITH_UNIT (LENGTH_MEASURE( 1.000000000000000082E-05 ), #974, 'distance_accuracy_value', 'NONE');
#1810 = PRESENTATION_STYLE_ASSIGNMENT (( #7698 ) ) ;
#1811 = COLOUR_RGB ( '',0.5607843137254902022, 0.6470588235294117974, 0.6352941176470587870 ) ;
#1812 =( NAMED_UNIT ( * ) SI_UNIT ( $, .STERADIAN. ) SOLID_ANGLE_UNIT ( ) );
#1813 =( NAMED_UNIT ( * ) PLANE_ANGLE_UNIT ( ) SI_UNIT ( $, .RADIAN. ) );
#1814 = DIRECTION ( 'NONE',  ( 0.000000000000000000, -1.000000000000000000, 0.000000000000000000 ) ) ;
#1815 = EDGE_CURVE ( 'NONE', #3012, #7758, #7077, .T. ) ;
#1816 = EDGE_CURVE ( 'NONE', #1826, #8542, #438, .T. ) ;
#1817 = FILL_AREA_STYLE ('',( #7845 ) ) ;
#1818 = PRESENTATION_STYLE_ASSIGNMENT (( #3630 ) ) ;
#1819 = SURFACE_SIDE_STYLE ('',( #6373 ) ) ;
#1820 = ORIENTED_EDGE ( 'NONE', *, *, #3443, .T. ) ;
#1821 = DIRECTION ( 'NONE',  ( 0.5773502691896251759, 0.5773502691896251759, 0.5773502691896270633 ) ) ;
#1822 =( NAMED_UNIT ( * ) PLANE_ANGLE_UNIT ( ) SI_UNIT ( $, .RADIAN. ) );
#1823 = VECTOR ( 'NONE', #6804, 1000.000000000000000 ) ;
#1824 = PLANE ( 'NONE',  #687 ) ;
#1825 = VERTEX_POINT ( 'NONE', #1098 ) ;
#1826 = VERTEX_POINT ( 'NONE', #3081 ) ;
#1827 = SURFACE_SIDE_STYLE ('',( #4468 ) ) ;
#1828 = STYLED_ITEM ( 'NONE', ( #1005 ), #7464 ) ;
#1829 = EDGE_CURVE ( 'NONE', #5355, #3926, #1873, .T. ) ;
#1830 = EDGE_LOOP ( 'NONE', ( #3846, #8453, #113, #4951 ) ) ;
#1831 = VECTOR ( 'NONE', #1936, 1000.000000000000000 ) ;
#1832 =( LENGTH_UNIT ( ) NAMED_UNIT ( * ) SI_UNIT ( .MILLI., .METRE. ) );
#1833 = CARTESIAN_POINT ( 'NONE',  ( -0.3649999999999998801, 0.2650000000000000133, -2.500000000000000000 ) ) ;
#1834 = ORIENTED_EDGE ( 'NONE', *, *, #7230, .F. ) ;
#1835 = STYLED_ITEM ( 'NONE', ( #5267 ), #8228 ) ;
#1836 =( NAMED_UNIT ( * ) PLANE_ANGLE_UNIT ( ) SI_UNIT ( $, .RADIAN. ) );
#1837 = COLOUR_RGB ( '',0.8509803921568627194, 0.8509803921568627194, 0.8509803921568627194 ) ;
#1838 = CARTESIAN_POINT ( 'NONE',  ( 2.211561944896766274, 0.3150000000000000577, 6.140192378864675504 ) ) ;
#1839 = VERTEX_POINT ( 'NONE', #7906 ) ;
#1840 = MECHANICAL_DESIGN_GEOMETRIC_PRESENTATION_REPRESENTATION (  '', ( #8312 ), #6456 ) ;
#1841 = FILL_AREA_STYLE ('',( #4658 ) ) ;
#1842 = VECTOR ( 'NONE', #7646, 1000.000000000000000 ) ;
#1843 = PLANE ( 'NONE',  #1709 ) ;
#1844 = ORIENTED_EDGE ( 'NONE', *, *, #6530, .T. ) ;
#1845 = COLOUR_RGB ( '',0.5607843137254902022, 0.6470588235294117974, 0.6352941176470587870 ) ;
#1846 = DIRECTION ( 'NONE',  ( -0.000000000000000000, 1.000000000000000000, 0.000000000000000000 ) ) ;
#1847 = DIRECTION ( 'NONE',  ( 0.000000000000000000, -1.000000000000000000, 0.000000000000000000 ) ) ;
#1848 = VECTOR ( 'NONE', #567, 1000.000000000000000 ) ;
#1849 =( GEOMETRIC_REPRESENTATION_CONTEXT ( 3 ) GLOBAL_UNCERTAINTY_ASSIGNED_CONTEXT ( ( #6618 ) ) GLOBAL_UNIT_ASSIGNED_CONTEXT ( ( #8066, #8102, #672 ) ) REPRESENTATION_CONTEXT ( 'NONE', 'WORKASPACE' ) );
#1850 = PRESENTATION_LAYER_ASSIGNMENT (  '', '', ( #954 ) ) ;
#1851 = ORIENTED_EDGE ( 'NONE', *, *, #1523, .F. ) ;
#1852 =( GEOMETRIC_REPRESENTATION_CONTEXT ( 3 ) GLOBAL_UNCERTAINTY_ASSIGNED_CONTEXT ( ( #1304 ) ) GLOBAL_UNIT_ASSIGNED_CONTEXT ( ( #230, #2290, #1457 ) ) REPRESENTATION_CONTEXT ( 'NONE', 'WORKASPACE' ) );
#1853 = VECTOR ( 'NONE', #5242, 1000.000000000000000 ) ;
#1854 = DIRECTION ( 'NONE',  ( 0.7071067811865463515, 0.000000000000000000, -0.7071067811865487940 ) ) ;
#1855 = ADVANCED_FACE ( 'NONE', ( #5849 ), #2474, .F. ) ;
#1856 = DIRECTION ( 'NONE',  ( -1.000000000000000000, 0.000000000000000000, 0.000000000000000000 ) ) ;
#1857 = CIRCLE ( 'NONE', #6191, 0.05000000000000012768 ) ;
#1858 = ORIENTED_EDGE ( 'NONE', *, *, #557, .T. ) ;
#1859 = LINE ( 'NONE', #8562, #5003 ) ;
#1860 = LINE ( 'NONE', #6324, #4012 ) ;
#1861 = STYLED_ITEM ( 'NONE', ( #4114 ), #668 ) ;
#1862 = SURFACE_STYLE_FILL_AREA ( #1277 ) ;
#1863 = ADVANCED_FACE ( 'NONE', ( #8624 ), #2008, .T. ) ;
#1864 = PRESENTATION_STYLE_ASSIGNMENT (( #519 ) ) ;
#1865 = FACE_BOUND ( 'NONE', #2453, .T. ) ;
#1866 = STYLED_ITEM ( 'NONE', ( #3624 ), #6002 ) ;
#1867 = CARTESIAN_POINT ( 'NONE',  ( 2.655000000000000249, 0.1650000000000000633, -6.000000000000000000 ) ) ;
#1868 =( LENGTH_UNIT ( ) NAMED_UNIT ( * ) SI_UNIT ( .MILLI., .METRE. ) );
#1869 = DIRECTION ( 'NONE',  ( -0.7071067811865463515, 0.000000000000000000, 0.7071067811865487940 ) ) ;
#1870 = STYLED_ITEM ( 'NONE', ( #1818 ), #1001 ) ;
#1871 =( NAMED_UNIT ( * ) PLANE_ANGLE_UNIT ( ) SI_UNIT ( $, .RADIAN. ) );
#1872 = VERTEX_POINT ( 'NONE', #2603 ) ;
#1873 = LINE ( 'NONE', #5754, #1616 ) ;
#1874 = DIRECTION ( 'NONE',  ( 0.000000000000000000, 0.000000000000000000, 1.000000000000000000 ) ) ;
#1875 = VECTOR ( 'NONE', #6934, 1000.000000000000000 ) ;
#1876 = SURFACE_SIDE_STYLE ('',( #5020 ) ) ;
#1877 = SURFACE_STYLE_USAGE ( .BOTH. , #3841 ) ;
#1878 = EDGE_CURVE ( 'NONE', #6769, #5916, #527, .T. ) ;
#1879 = ORIENTED_EDGE ( 'NONE', *, *, #6298, .F. ) ;
#1880 = EDGE_CURVE ( 'NONE', #6510, #1799, #6648, .T. ) ;
#1881 = ORIENTED_EDGE ( 'NONE', *, *, #2926, .T. ) ;
#1882 = LINE ( 'NONE', #3792, #4676 ) ;
#1883 = FACE_OUTER_BOUND ( 'NONE', #7076, .T. ) ;
#1884 = FACE_OUTER_BOUND ( 'NONE', #335, .T. ) ;
#1885 = VECTOR ( 'NONE', #5395, 1000.000000000000114 ) ;
#1886 = FILL_AREA_STYLE_COLOUR ( '', #2270 ) ;
#1887 = CARTESIAN_POINT ( 'NONE',  ( -0.3649999999999998801, -0.3150000000000000022, -1.609045455704950278 ) ) ;
#1888 = PRESENTATION_STYLE_ASSIGNMENT (( #7134 ) ) ;
#1889 = FACE_OUTER_BOUND ( 'NONE', #2550, .T. ) ;
#1890 = EDGE_CURVE ( 'NONE', #7936, #4436, #4690, .T. ) ;
#1891 = ORIENTED_EDGE ( 'NONE', *, *, #4022, .F. ) ;
#1892 = EDGE_CURVE ( 'NONE', #7102, #4428, #3923, .T. ) ;
#1893 = SURFACE_STYLE_FILL_AREA ( #2489 ) ;
#1894 =( GEOMETRIC_REPRESENTATION_CONTEXT ( 3 ) GLOBAL_UNCERTAINTY_ASSIGNED_CONTEXT ( ( #7883 ) ) GLOBAL_UNIT_ASSIGNED_CONTEXT ( ( #4720, #2003, #7220 ) ) REPRESENTATION_CONTEXT ( 'NONE', 'WORKASPACE' ) );
#1895 = CARTESIAN_POINT ( 'NONE',  ( 3.409999999999999698, 1.250000000000000000, -2.799999999999999822 ) ) ;
#1896 = ORIENTED_EDGE ( 'NONE', *, *, #2577, .F. ) ;
#1897 = LINE ( 'NONE', #5822, #4060 ) ;
#1898 = SURFACE_STYLE_USAGE ( .BOTH. , #7879 ) ;
#1899 = CARTESIAN_POINT ( 'NONE',  ( 1.570000000000000284, 1.250000000000000000, -1.810000000000000941 ) ) ;
#1900 = FACE_OUTER_BOUND ( 'NONE', #3095, .T. ) ;
#1901 = ORIENTED_EDGE ( 'NONE', *, *, #257, .F. ) ;
#1902 = UNCERTAINTY_MEASURE_WITH_UNIT (LENGTH_MEASURE( 1.000000000000000082E-05 ), #2537, 'distance_accuracy_value', 'NONE');
#1903 = SURFACE_SIDE_STYLE ('',( #6668 ) ) ;
#1904 = ORIENTED_EDGE ( 'NONE', *, *, #5018, .F. ) ;
#1905 = SURFACE_SIDE_STYLE ('',( #7980 ) ) ;
#1906 = SURFACE_SIDE_STYLE ('',( #1945 ) ) ;
#1907 = LINE ( 'NONE', #6640, #7092 ) ;
#1908 = UNCERTAINTY_MEASURE_WITH_UNIT (LENGTH_MEASURE( 1.000000000000000082E-05 ), #3051, 'distance_accuracy_value', 'NONE');
#1909 = CARTESIAN_POINT ( 'NONE',  ( -0.3200000000000000067, -1.550000000000000044, -1.800000000000000044 ) ) ;
#1910 = LINE ( 'NONE', #1050, #5338 ) ;
#1911 =( NAMED_UNIT ( * ) PLANE_ANGLE_UNIT ( ) SI_UNIT ( $, .RADIAN. ) );
#1912 = SURFACE_STYLE_FILL_AREA ( #7990 ) ;
#1913 = DIRECTION ( 'NONE',  ( -1.000000000000000000, 0.000000000000000000, -0.000000000000000000 ) ) ;
#1914 =( LENGTH_UNIT ( ) NAMED_UNIT ( * ) SI_UNIT ( .MILLI., .METRE. ) );
#1915 = ORIENTED_EDGE ( 'NONE', *, *, #1685, .T. ) ;
#1916 = ORIENTED_EDGE ( 'NONE', *, *, #7716, .T. ) ;
#1917 =( GEOMETRIC_REPRESENTATION_CONTEXT ( 3 ) GLOBAL_UNCERTAINTY_ASSIGNED_CONTEXT ( ( #2160 ) ) GLOBAL_UNIT_ASSIGNED_CONTEXT ( ( #615, #4056, #4016 ) ) REPRESENTATION_CONTEXT ( 'NONE', 'WORKASPACE' ) );
#1918 = CARTESIAN_POINT ( 'NONE',  ( -3.910000000000000142, -0.8499999999999994227, 6.699999999999999289 ) ) ;
#1919 = COLOUR_RGB ( '',0.9686274509803921573, 0.8784313725490195957, 0.5999999999999999778 ) ;
#1920 = ORIENTED_EDGE ( 'NONE', *, *, #6502, .T. ) ;
#1921 = ADVANCED_FACE ( 'NONE', ( #3254 ), #7315, .T. ) ;
#1922 = EDGE_CURVE ( 'NONE', #6781, #8300, #4042, .T. ) ;
#1923 =( NAMED_UNIT ( * ) SI_UNIT ( $, .STERADIAN. ) SOLID_ANGLE_UNIT ( ) );
#1924 = FILL_AREA_STYLE ('',( #1341 ) ) ;
#1925 = VERTEX_POINT ( 'NONE', #4754 ) ;
#1926 = SURFACE_STYLE_FILL_AREA ( #7955 ) ;
#1927 =( BOUNDED_CURVE ( )  B_SPLINE_CURVE ( 3, ( #6270, #4130, #7651, #941 ),
 .UNSPECIFIED., .F., .F. ) 
 B_SPLINE_CURVE_WITH_KNOTS ( ( 4, 4 ),
 ( 3.141592653589793116, 3.926990816987244504 ),
 .UNSPECIFIED. ) 
 CURVE ( )  GEOMETRIC_REPRESENTATION_ITEM ( )  RATIONAL_B_SPLINE_CURVE ( ( 1.000000000000000000, 0.9492530216741906779, 0.9492530216741906779, 1.000000000000000000 ) ) 
 REPRESENTATION_ITEM ( '' )  );
#1928 = SURFACE_STYLE_USAGE ( .BOTH. , #77 ) ;
#1929 = MECHANICAL_DESIGN_GEOMETRIC_PRESENTATION_REPRESENTATION (  '', ( #4292 ), #1213 ) ;
#1930 = COLOUR_RGB ( '',0.5607843137254902022, 0.6470588235294117974, 0.6352941176470587870 ) ;
#1931 =( LENGTH_UNIT ( ) NAMED_UNIT ( * ) SI_UNIT ( .MILLI., .METRE. ) );
#1932 = EDGE_CURVE ( 'NONE', #7960, #3810, #6672, .T. ) ;
#1933 = PRESENTATION_STYLE_ASSIGNMENT (( #3989 ) ) ;
#1934 = EDGE_LOOP ( 'NONE', ( #632, #6865, #8106, #1790 ) ) ;
#1935 =( NAMED_UNIT ( * ) PLANE_ANGLE_UNIT ( ) SI_UNIT ( $, .RADIAN. ) );
#1936 = DIRECTION ( 'NONE',  ( 0.000000000000000000, -1.000000000000000000, 0.000000000000000000 ) ) ;
#1937 = ORIENTED_EDGE ( 'NONE', *, *, #8339, .T. ) ;
#1938 = CARTESIAN_POINT ( 'NONE',  ( -0.9699999999999999734, -1.250000000000000000, 0.000000000000000000 ) ) ;
#1939 = PRESENTATION_STYLE_ASSIGNMENT (( #5967 ) ) ;
#1940 = VERTEX_POINT ( 'NONE', #2771 ) ;
#1941 = CARTESIAN_POINT ( 'NONE',  ( -1.536852484421999954, -1.250000000000000000, -1.000000000000000000 ) ) ;
#1942 = DIRECTION ( 'NONE',  ( 0.000000000000000000, 0.000000000000000000, 1.000000000000000000 ) ) ;
#1943 = EDGE_LOOP ( 'NONE', ( #68, #3749, #5023, #7109, #2873 ) ) ;
#1944 = CARTESIAN_POINT ( 'NONE',  ( -0.3649999999999998801, 0.3150000000000000022, -0.8909545442950493888 ) ) ;
#1945 = SURFACE_STYLE_FILL_AREA ( #7215 ) ;
#1946 = CARTESIAN_POINT ( 'NONE',  ( 2.754999999999999893, 0.3150000000000000022, 6.140192378864673728 ) ) ;
#1947 = VECTOR ( 'NONE', #2084, 1000.000000000000000 ) ;
#1948 = PRESENTATION_STYLE_ASSIGNMENT (( #2001 ) ) ;
#1949 = DIRECTION ( 'NONE',  ( 0.000000000000000000, 0.000000000000000000, -1.000000000000000000 ) ) ;
#1950 = ORIENTED_EDGE ( 'NONE', *, *, #2325, .T. ) ;
#1951 =( NAMED_UNIT ( * ) PLANE_ANGLE_UNIT ( ) SI_UNIT ( $, .RADIAN. ) );
#1952 = DIRECTION ( 'NONE',  ( 0.000000000000000000, 0.000000000000000000, 1.000000000000000000 ) ) ;
#1953 = DIRECTION ( 'NONE',  ( 0.9659258262890677571, 0.000000000000000000, -0.2588190451025230709 ) ) ;
#1954 = FILL_AREA_STYLE_COLOUR ( '', #8350 ) ;
#1955 =( LENGTH_UNIT ( ) NAMED_UNIT ( * ) SI_UNIT ( .MILLI., .METRE. ) );
#1956 = PRESENTATION_STYLE_ASSIGNMENT (( #8126 ) ) ;
#1957 = ORIENTED_EDGE ( 'NONE', *, *, #706, .T. ) ;
#1958 = ORIENTED_EDGE ( 'NONE', *, *, #5665, .F. ) ;
#1959 =( GEOMETRIC_REPRESENTATION_CONTEXT ( 3 ) GLOBAL_UNCERTAINTY_ASSIGNED_CONTEXT ( ( #7639 ) ) GLOBAL_UNIT_ASSIGNED_CONTEXT ( ( #7359, #5377, #643 ) ) REPRESENTATION_CONTEXT ( 'NONE', 'WORKASPACE' ) );
#1960 = FACE_OUTER_BOUND ( 'NONE', #243, .T. ) ;
#1961 = DIRECTION ( 'NONE',  ( 0.7071067811865463515, 0.000000000000000000, 0.7071067811865487940 ) ) ;
#1962 = ORIENTED_EDGE ( 'NONE', *, *, #1224, .F. ) ;
#1963 = STYLED_ITEM ( 'NONE', ( #4723 ), #3628 ) ;
#1964 =( LENGTH_UNIT ( ) NAMED_UNIT ( * ) SI_UNIT ( .MILLI., .METRE. ) );
#1965 = CARTESIAN_POINT ( 'NONE',  ( 0.000000000000000000, -0.1650000000000000633, 6.700000000000000178 ) ) ;
#1966 =( LENGTH_UNIT ( ) NAMED_UNIT ( * ) SI_UNIT ( .MILLI., .METRE. ) );
#1967 = COLOUR_RGB ( '',0.8509803921568627194, 0.8509803921568627194, 0.8509803921568627194 ) ;
#1968 = EDGE_CURVE ( 'NONE', #5968, #7441, #8251, .T. ) ;
#1969 = AXIS2_PLACEMENT_3D ( 'NONE', #4823, #6259, #7513 ) ;
#1970 =( NAMED_UNIT ( * ) PLANE_ANGLE_UNIT ( ) SI_UNIT ( $, .RADIAN. ) );
#1971 = MECHANICAL_DESIGN_GEOMETRIC_PRESENTATION_REPRESENTATION (  '', ( #3352 ), #5599 ) ;
#1972 =( BOUNDED_CURVE ( )  B_SPLINE_CURVE ( 3, ( #5655, #3111, #4340, #3762 ),
 .UNSPECIFIED., .F., .T. ) 
 B_SPLINE_CURVE_WITH_KNOTS ( ( 4, 4 ),
 ( 3.141592653589793116, 3.926990816987234290 ),
 .UNSPECIFIED. ) 
 CURVE ( )  GEOMETRIC_REPRESENTATION_ITEM ( )  RATIONAL_B_SPLINE_CURVE ( ( 1.000000000000000000, 0.9492530216741920102, 0.9492530216741920102, 1.000000000000000000 ) ) 
 REPRESENTATION_ITEM ( '' )  );
#1973 = PRESENTATION_LAYER_ASSIGNMENT (  '', '', ( #4769 ) ) ;
#1974 = VERTEX_POINT ( 'NONE', #1454 ) ;
#1975 = LINE ( 'NONE', #7386, #8301 ) ;
#1976 = COLOUR_RGB ( '',0.9686274509803921573, 0.8784313725490195957, 0.5999999999999999778 ) ;
#1977 = CARTESIAN_POINT ( 'NONE',  ( 1.570000000000000062, -1.249999999999999556, -1.000000000000000000 ) ) ;
#1978 =( NAMED_UNIT ( * ) PLANE_ANGLE_UNIT ( ) SI_UNIT ( $, .RADIAN. ) );
#1979 = ORIENTED_EDGE ( 'NONE', *, *, #8077, .T. ) ;
#1980 = UNCERTAINTY_MEASURE_WITH_UNIT (LENGTH_MEASURE( 1.000000000000000082E-05 ), #8700, 'distance_accuracy_value', 'NONE');
#1981 = AXIS2_PLACEMENT_3D ( 'NONE', #6059, #1448, #2803 ) ;
#1982 = EDGE_CURVE ( 'NONE', #1653, #1603, #4264, .T. ) ;
#1983 = EDGE_CURVE ( 'NONE', #8671, #6500, #818, .T. ) ;
#1984 = COLOUR_RGB ( '',0.5607843137254902022, 0.6470588235294117974, 0.6352941176470587870 ) ;
#1985 = DIRECTION ( 'NONE',  ( 0.000000000000000000, 0.000000000000000000, 1.000000000000000000 ) ) ;
#1986 =( GEOMETRIC_REPRESENTATION_CONTEXT ( 3 ) GLOBAL_UNCERTAINTY_ASSIGNED_CONTEXT ( ( #7197 ) ) GLOBAL_UNIT_ASSIGNED_CONTEXT ( ( #6479, #5205, #8440 ) ) REPRESENTATION_CONTEXT ( 'NONE', 'WORKASPACE' ) );
#1987 = STYLED_ITEM ( 'NONE', ( #7613 ), #4618 ) ;
#1988 = DIRECTION ( 'NONE',  ( 0.000000000000000000, 0.000000000000000000, -1.000000000000000000 ) ) ;
#1989 = MECHANICAL_DESIGN_GEOMETRIC_PRESENTATION_REPRESENTATION (  '', ( #4361 ), #5351 ) ;
#1990 = AXIS2_PLACEMENT_3D ( 'NONE', #8148, #1942, #1266 ) ;
#1991 = ORIENTED_EDGE ( 'NONE', *, *, #2131, .F. ) ;
#1992 = CARTESIAN_POINT ( 'NONE',  ( -1.370000000000000329, -0.8499999999999994227, 6.699999999999999289 ) ) ;
#1993 = DIRECTION ( 'NONE',  ( 0.000000000000000000, 0.000000000000000000, -1.000000000000000000 ) ) ;
#1994 = PRESENTATION_STYLE_ASSIGNMENT (( #8027 ) ) ;
#1995 = MECHANICAL_DESIGN_GEOMETRIC_PRESENTATION_REPRESENTATION (  '', ( #6318 ), #4226 ) ;
#1996 = CARTESIAN_POINT ( 'NONE',  ( -0.9699999999999999734, 1.250000000000000000, 0.000000000000000000 ) ) ;
#1997 = UNCERTAINTY_MEASURE_WITH_UNIT (LENGTH_MEASURE( 1.000000000000000082E-05 ), #4556, 'distance_accuracy_value', 'NONE');
#1998 = SURFACE_SIDE_STYLE ('',( #3327 ) ) ;
#1999 = EDGE_CURVE ( 'NONE', #4533, #3168, #6242, .T. ) ;
#2000 = DIRECTION ( 'NONE',  ( -0.000000000000000000, -0.000000000000000000, -1.000000000000000000 ) ) ;
#2001 = SURFACE_STYLE_USAGE ( .BOTH. , #3416 ) ;
#2002 = FILL_AREA_STYLE ('',( #3449 ) ) ;
#2003 =( NAMED_UNIT ( * ) PLANE_ANGLE_UNIT ( ) SI_UNIT ( $, .RADIAN. ) );
#2004 = VECTOR ( 'NONE', #4636, 1000.000000000000227 ) ;
#2005 = VECTOR ( 'NONE', #5041, 1000.000000000000000 ) ;
#2006 = DIRECTION ( 'NONE',  ( -1.000000000000000000, 0.000000000000000000, 0.000000000000000000 ) ) ;
#2007 = PRESENTATION_LAYER_ASSIGNMENT (  '', '', ( #5226 ) ) ;
#2008 = CYLINDRICAL_SURFACE ( 'NONE', #1053, 0.4550000000000001266 ) ;
#2009 = DIRECTION ( 'NONE',  ( 1.000000000000000000, 0.000000000000000000, 0.000000000000000000 ) ) ;
#2010 = SURFACE_STYLE_USAGE ( .BOTH. , #6023 ) ;
#2011 = SURFACE_STYLE_FILL_AREA ( #574 ) ;
#2012 = ORIENTED_EDGE ( 'NONE', *, *, #5450, .F. ) ;
#2013 = ORIENTED_EDGE ( 'NONE', *, *, #1367, .F. ) ;
#2014 = MECHANICAL_DESIGN_GEOMETRIC_PRESENTATION_REPRESENTATION (  '', ( #1866 ), #846 ) ;
#2015 = FILL_AREA_STYLE_COLOUR ( '', #3815 ) ;
#2016 = PRESENTATION_STYLE_ASSIGNMENT (( #5302 ) ) ;
#2017 = VECTOR ( 'NONE', #4612, 1000.000000000000000 ) ;
#2018 = PLANE ( 'NONE',  #4386 ) ;
#2019 = PLANE ( 'NONE',  #5554 ) ;
#2020 = ORIENTED_EDGE ( 'NONE', *, *, #7727, .F. ) ;
#2021 = CARTESIAN_POINT ( 'NONE',  ( 2.805000000000000160, 0.3150000000000000022, -1.609045455704950278 ) ) ;
#2022 = EDGE_CURVE ( 'NONE', #4128, #1246, #1581, .T. ) ;
#2023 = COLOUR_RGB ( '',0.5607843137254902022, 0.6470588235294117974, 0.6352941176470587870 ) ;
#2024 = PRESENTATION_STYLE_ASSIGNMENT (( #42 ) ) ;
#2025 = EDGE_LOOP ( 'NONE', ( #3322, #5271, #4380, #7834 ) ) ;
#2026 = DIRECTION ( 'NONE',  ( 0.000000000000000000, -1.000000000000000000, 0.000000000000000000 ) ) ;
#2027 = EDGE_CURVE ( 'NONE', #4541, #4902, #4014, .T. ) ;
#2028 = DIRECTION ( 'NONE',  ( -1.000000000000000000, 0.000000000000000000, -0.000000000000000000 ) ) ;
#2029 = LINE ( 'NONE', #4710, #6462 ) ;
#2030 = ORIENTED_EDGE ( 'NONE', *, *, #708, .T. ) ;
#2031 =( GEOMETRIC_REPRESENTATION_CONTEXT ( 3 ) GLOBAL_UNCERTAINTY_ASSIGNED_CONTEXT ( ( #4965 ) ) GLOBAL_UNIT_ASSIGNED_CONTEXT ( ( #710, #1970, #5432 ) ) REPRESENTATION_CONTEXT ( 'NONE', 'WORKASPACE' ) );
#2032 = UNCERTAINTY_MEASURE_WITH_UNIT (LENGTH_MEASURE( 1.000000000000000082E-05 ), #3759, 'distance_accuracy_value', 'NONE');
#2033 = LINE ( 'NONE', #7392, #541 ) ;
#2034 = CARTESIAN_POINT ( 'NONE',  ( 0.2650000000000000688, -0.3150000000000000022, -0.8909545442950493888 ) ) ;
#2035 = EDGE_CURVE ( 'NONE', #7773, #1118, #5530, .T. ) ;
#2036 = ADVANCED_FACE ( 'NONE', ( #8162 ), #8209, .T. ) ;
#2037 = ORIENTED_EDGE ( 'NONE', *, *, #8495, .T. ) ;
#2038 = DIRECTION ( 'NONE',  ( 0.7071067811865474617, -0.7071067811865474617, 0.000000000000000000 ) ) ;
#2039 = VERTEX_POINT ( 'NONE', #7566 ) ;
#2040 = CARTESIAN_POINT ( 'NONE',  ( -2.905000000000000249, 0.2650000000000000133, -5.440192378864675327 ) ) ;
#2041 = FILL_AREA_STYLE_COLOUR ( '', #20 ) ;
#2042 = SURFACE_STYLE_FILL_AREA ( #2600 ) ;
#2043 = EDGE_CURVE ( 'NONE', #7905, #6408, #8568, .T. ) ;
#2044 = FACE_OUTER_BOUND ( 'NONE', #1934, .T. ) ;
#2045 = FACE_OUTER_BOUND ( 'NONE', #3390, .T. ) ;
#2046 = CARTESIAN_POINT ( 'NONE',  ( -1.775000000000000133, -2.399999999999999911, -1.399999999999999911 ) ) ;
#2047 = DIRECTION ( 'NONE',  ( 0.000000000000000000, 0.000000000000000000, 1.000000000000000000 ) ) ;
#2048 = ORIENTED_EDGE ( 'NONE', *, *, #7107, .F. ) ;
#2049 = ORIENTED_EDGE ( 'NONE', *, *, #2729, .T. ) ;
#2050 = CARTESIAN_POINT ( 'NONE',  ( -1.270000000000000240, 0.8499999999999998668, -2.399999999999998579 ) ) ;
#2051 = STYLED_ITEM ( 'NONE', ( #8332 ), #2455 ) ;
#2052 = PRESENTATION_LAYER_ASSIGNMENT (  '', '', ( #3015 ) ) ;
#2053 =( NAMED_UNIT ( * ) PLANE_ANGLE_UNIT ( ) SI_UNIT ( $, .RADIAN. ) );
#2054 = ORIENTED_EDGE ( 'NONE', *, *, #5830, .F. ) ;
#2055 = CARTESIAN_POINT ( 'NONE',  ( 1.169999999999999929, 0.9499999999999996225, -0.9899999999999995470 ) ) ;
#2056 = PRESENTATION_STYLE_ASSIGNMENT (( #6741 ) ) ;
#2057 = FILL_AREA_STYLE_COLOUR ( '', #7724 ) ;
#2058 = PRESENTATION_LAYER_ASSIGNMENT (  '', '', ( #3561 ) ) ;
#2059 = VECTOR ( 'NONE', #5694, 999.9999999999998863 ) ;
#2060 = SURFACE_STYLE_USAGE ( .BOTH. , #789 ) ;
#2061 =( NAMED_UNIT ( * ) SI_UNIT ( $, .STERADIAN. ) SOLID_ANGLE_UNIT ( ) );
#2062 = DIRECTION ( 'NONE',  ( 0.000000000000000000, 1.000000000000000000, 0.000000000000000000 ) ) ;
#2063 = CARTESIAN_POINT ( 'NONE',  ( -2.880853199169871814, 0.3098574789487829606, 6.159384528706809192 ) ) ;
#2064 = CIRCLE ( 'NONE', #2182, 0.4549999999999999600 ) ;
#2065 = DIRECTION ( 'NONE',  ( -1.000000000000000000, 0.000000000000000000, 0.000000000000000000 ) ) ;
#2066 = STYLED_ITEM ( 'NONE', ( #8465 ), #2445 ) ;
#2067 = ORIENTED_EDGE ( 'NONE', *, *, #8008, .T. ) ;
#2068 = UNCERTAINTY_MEASURE_WITH_UNIT (LENGTH_MEASURE( 1.000000000000000082E-05 ), #5810, 'distance_accuracy_value', 'NONE');
#2069 = CARTESIAN_POINT ( 'NONE',  ( 2.325000000000000178, 0.000000000000000000, -6.000000000000000000 ) ) ;
#2070 = PLANE ( 'NONE',  #5610 ) ;
#2071 = CARTESIAN_POINT ( 'NONE',  ( -1.370000000000000107, -0.9499999999999992895, -2.499999999999997780 ) ) ;
#2072 =( LENGTH_UNIT ( ) NAMED_UNIT ( * ) SI_UNIT ( .MILLI., .METRE. ) );
#2073 = VERTEX_POINT ( 'NONE', #6772 ) ;
#2074 = FILL_AREA_STYLE_COLOUR ( '', #7745 ) ;
#2075 = PRESENTATION_STYLE_ASSIGNMENT (( #4046 ) ) ;
#2076 = EDGE_CURVE ( 'NONE', #5083, #1734, #6514, .T. ) ;
#2077 = SURFACE_STYLE_USAGE ( .BOTH. , #3417 ) ;
#2078 = DIRECTION ( 'NONE',  ( 0.000000000000000000, 0.000000000000000000, -1.000000000000000000 ) ) ;
#2079 = DIRECTION ( 'NONE',  ( 1.000000000000000000, 0.000000000000000000, 0.000000000000000000 ) ) ;
#2080 = FILL_AREA_STYLE_COLOUR ( '', #8246 ) ;
#2081 =( NAMED_UNIT ( * ) PLANE_ANGLE_UNIT ( ) SI_UNIT ( $, .RADIAN. ) );
#2082 = EDGE_CURVE ( 'NONE', #5659, #7390, #1761, .T. ) ;
#2083 = EDGE_CURVE ( 'NONE', #6835, #2705, #2580, .T. ) ;
#2084 = DIRECTION ( 'NONE',  ( 1.000000000000000000, 0.000000000000000000, 0.000000000000000000 ) ) ;
#2085 =( GEOMETRIC_REPRESENTATION_CONTEXT ( 3 ) GLOBAL_UNCERTAINTY_ASSIGNED_CONTEXT ( ( #5594 ) ) GLOBAL_UNIT_ASSIGNED_CONTEXT ( ( #6558, #3727, #521 ) ) REPRESENTATION_CONTEXT ( 'NONE', 'WORKASPACE' ) );
#2086 = DIRECTION ( 'NONE',  ( 1.000000000000000000, 0.000000000000000000, 0.000000000000000000 ) ) ;
#2087 = CARTESIAN_POINT ( 'NONE',  ( -3.810000000000000053, 0.9499999999999999556, -0.9899999999999999911 ) ) ;
#2088 = EDGE_LOOP ( 'NONE', ( #179, #6604, #4202, #5765, #4812 ) ) ;
#2089 = LINE ( 'NONE', #5392, #8640 ) ;
#2090 = FILL_AREA_STYLE_COLOUR ( '', #6591 ) ;
#2091 = FACE_OUTER_BOUND ( 'NONE', #5321, .T. ) ;
#2092 = UNCERTAINTY_MEASURE_WITH_UNIT (LENGTH_MEASURE( 1.000000000000000082E-05 ), #69, 'distance_accuracy_value', 'NONE');
#2093 = SURFACE_STYLE_FILL_AREA ( #7472 ) ;
#2094 = PLANE ( 'NONE',  #7341 ) ;
#2095 =( NAMED_UNIT ( * ) PLANE_ANGLE_UNIT ( ) SI_UNIT ( $, .RADIAN. ) );
#2096 = CARTESIAN_POINT ( 'NONE',  ( -0.2396152422706999963, -1.250000000000000000, -1.800000000000000044 ) ) ;
#2097 = LINE ( 'NONE', #4622, #4069 ) ;
#2098 = COLOUR_RGB ( '',0.5607843137254902022, 0.6470588235294117974, 0.6352941176470587870 ) ;
#2099 = VERTEX_POINT ( 'NONE', #2359 ) ;
#2100 = ORIENTED_EDGE ( 'NONE', *, *, #2618, .T. ) ;
#2101 = PRESENTATION_STYLE_ASSIGNMENT (( #7552 ) ) ;
#2102 = DIRECTION ( 'NONE',  ( -0.000000000000000000, -0.000000000000000000, 1.000000000000000000 ) ) ;
#2103 = CARTESIAN_POINT ( 'NONE',  ( 2.540000000000000036, 0.1650000000000000633, -6.000000000000000000 ) ) ;
#2104 = ORIENTED_EDGE ( 'NONE', *, *, #1696, .T. ) ;
#2105 = DIRECTION ( 'NONE',  ( 0.000000000000000000, 0.000000000000000000, 1.000000000000000000 ) ) ;
#2106 = LINE ( 'NONE', #6189, #6119 ) ;
#2107 = PRESENTATION_LAYER_ASSIGNMENT (  '', '', ( #1835 ) ) ;
#2108 = DIRECTION ( 'NONE',  ( 0.7071067811865463515, 0.000000000000000000, -0.7071067811865487940 ) ) ;
#2109 = ORIENTED_EDGE ( 'NONE', *, *, #5086, .F. ) ;
#2110 = LINE ( 'NONE', #8154, #840 ) ;
#2111 =( GEOMETRIC_REPRESENTATION_CONTEXT ( 3 ) GLOBAL_UNCERTAINTY_ASSIGNED_CONTEXT ( ( #5998 ) ) GLOBAL_UNIT_ASSIGNED_CONTEXT ( ( #3811, #3952, #8647 ) ) REPRESENTATION_CONTEXT ( 'NONE', 'WORKASPACE' ) );
#2112 = FILL_AREA_STYLE ('',( #6065 ) ) ;
#2113 = DIRECTION ( 'NONE',  ( 1.000000000000000000, 0.000000000000000000, 0.000000000000000000 ) ) ;
#2115 = LINE ( 'NONE', #4797, #5327 ) ;
#2114 = MECHANICAL_DESIGN_GEOMETRIC_PRESENTATION_REPRESENTATION (  '', ( #8182 ), #1852 ) ;
#2116 = FILL_AREA_STYLE_COLOUR ( '', #3025 ) ;
#2117 = EDGE_CURVE ( 'NONE', #161, #2985, #3115, .T. ) ;
#2118 =( NAMED_UNIT ( * ) SI_UNIT ( $, .STERADIAN. ) SOLID_ANGLE_UNIT ( ) );
#2119 = MECHANICAL_DESIGN_GEOMETRIC_PRESENTATION_REPRESENTATION (  '', ( #3370 ), #4915 ) ;
#2120 = CARTESIAN_POINT ( 'NONE',  ( 3.810000000000000053, -1.250000000000000000, 0.000000000000000000 ) ) ;
#2121 = PRODUCT_DEFINITION_FORMATION_WITH_SPECIFIED_SOURCE ( 'ÈÎºÎ', '', #2258, .NOT_KNOWN. ) ;
#2122 = ORIENTED_EDGE ( 'NONE', *, *, #8495, .F. ) ;
#2123 = AXIS2_PLACEMENT_3D ( 'NONE', #3057, #1699, #5780 ) ;
#2124 = DIRECTION ( 'NONE',  ( 0.000000000000000000, 0.000000000000000000, 1.000000000000000000 ) ) ;
#2125 = VECTOR ( 'NONE', #2885, 1000.000000000000000 ) ;
#2126 = MECHANICAL_DESIGN_GEOMETRIC_PRESENTATION_REPRESENTATION (  '', ( #6321 ), #1137 ) ;
#2127 = FACE_OUTER_BOUND ( 'NONE', #6337, .T. ) ;
#2128 = DIRECTION ( 'NONE',  ( -0.000000000000000000, -0.000000000000000000, -1.000000000000000000 ) ) ;
#2129 = VERTEX_POINT ( 'NONE', #2414 ) ;
#2130 = DIRECTION ( 'NONE',  ( 1.000000000000000000, 0.000000000000000000, 0.000000000000000000 ) ) ;
#2131 = EDGE_CURVE ( 'NONE', #5734, #579, #3069, .T. ) ;
#2132 = EDGE_CURVE ( 'NONE', #1825, #6873, #7160, .T. ) ;
#2133 = SURFACE_SIDE_STYLE ('',( #5580 ) ) ;
#2134 = CARTESIAN_POINT ( 'NONE',  ( 2.175000000000000266, 0.3150000000000000022, -2.500000000000000000 ) ) ;
#2135 = STYLED_ITEM ( 'NONE', ( #4523 ), #5899 ) ;
#2136 = CARTESIAN_POINT ( 'NONE',  ( 0.2150000000000000522, -0.2650000000000000133, -2.500000000000000000 ) ) ;
#2137 = MECHANICAL_DESIGN_GEOMETRIC_PRESENTATION_REPRESENTATION (  '', ( #3242 ), #4542 ) ;
#2138 = FILL_AREA_STYLE ('',( #4030 ) ) ;
#2139 = COLOUR_RGB ( '',0.8509803921568627194, 0.8509803921568627194, 0.8509803921568627194 ) ;
#2140 = FACE_OUTER_BOUND ( 'NONE', #7765, .T. ) ;
#2141 = SURFACE_STYLE_FILL_AREA ( #2172 ) ;
#2142 = FACE_OUTER_BOUND ( 'NONE', #2758, .T. ) ;
#2143 = STYLED_ITEM ( 'NONE', ( #4886 ), #877 ) ;
#2144 = DIRECTION ( 'NONE',  ( 0.000000000000000000, -1.000000000000000000, 0.000000000000000000 ) ) ;
#2145 = EDGE_CURVE ( 'NONE', #1512, #5986, #8520, .T. ) ;
#2146 = ORIENTED_EDGE ( 'NONE', *, *, #8238, .T. ) ;
#2147 = ORIENTED_EDGE ( 'NONE', *, *, #1386, .F. ) ;
#2148 = FILL_AREA_STYLE ('',( #8196 ) ) ;
#2149 = PLANE ( 'NONE',  #250 ) ;
#2150 = DIRECTION ( 'NONE',  ( 1.000000000000000000, 0.000000000000000000, 0.000000000000000000 ) ) ;
#2151 = FILL_AREA_STYLE ('',( #92 ) ) ;
#2152 = UNCERTAINTY_MEASURE_WITH_UNIT (LENGTH_MEASURE( 1.000000000000000082E-05 ), #1071, 'distance_accuracy_value', 'NONE');
#2153 = PRESENTATION_STYLE_ASSIGNMENT (( #8204 ) ) ;
#2154 = AXIS2_PLACEMENT_3D ( 'NONE', #537, #1740, #3215 ) ;
#2155 =( LENGTH_UNIT ( ) NAMED_UNIT ( * ) SI_UNIT ( .MILLI., .METRE. ) );
#2156 = CARTESIAN_POINT ( 'NONE',  ( -3.810000000000000053, 1.250000000000000000, -0.9899999999999999911 ) ) ;
#2157 = SURFACE_STYLE_FILL_AREA ( #6199 ) ;
#2158 = SURFACE_STYLE_FILL_AREA ( #4265 ) ;
#2159 = CARTESIAN_POINT ( 'NONE',  ( -1.320000000000000062, -1.550000000000000044, -1.399999999999999911 ) ) ;
#2160 = UNCERTAINTY_MEASURE_WITH_UNIT (LENGTH_MEASURE( 1.000000000000000082E-05 ), #615, 'distance_accuracy_value', 'NONE');
#2161 = CARTESIAN_POINT ( 'NONE',  ( 1.763333333333335418, 2.183333333333336679, 0.6333333333333477366 ) ) ;
#2162 = SURFACE_STYLE_FILL_AREA ( #7616 ) ;
#2163 = CARTESIAN_POINT ( 'NONE',  ( 2.805000000000000160, 0.3150000000000000022, -5.440192378864675327 ) ) ;
#2164 = SURFACE_SIDE_STYLE ('',( #3540 ) ) ;
#2165 =( NAMED_UNIT ( * ) PLANE_ANGLE_UNIT ( ) SI_UNIT ( $, .RADIAN. ) );
#2166 =( LENGTH_UNIT ( ) NAMED_UNIT ( * ) SI_UNIT ( .MILLI., .METRE. ) );
#2167 = LINE ( 'NONE', #3547, #7237 ) ;
#2168 = FACE_OUTER_BOUND ( 'NONE', #8333, .T. ) ;
#2169 = ADVANCED_FACE ( 'NONE', ( #1043 ), #3157, .T. ) ;
#2170 = EDGE_CURVE ( 'NONE', #1246, #5355, #4498, .T. ) ;
#2171 = DIRECTION ( 'NONE',  ( 0.000000000000000000, 0.000000000000000000, 1.000000000000000000 ) ) ;
#2172 = FILL_AREA_STYLE ('',( #2788 ) ) ;
#2173 = EDGE_LOOP ( 'NONE', ( #510, #640, #1787, #8530, #8757 ) ) ;
#2174 = UNCERTAINTY_MEASURE_WITH_UNIT (LENGTH_MEASURE( 1.000000000000000082E-05 ), #1424, 'distance_accuracy_value', 'NONE');
#2175 = VECTOR ( 'NONE', #7709, 1000.000000000000000 ) ;
#2176 = ADVANCED_FACE ( 'NONE', ( #997 ), #7838, .T. ) ;
#2177 = ORIENTED_EDGE ( 'NONE', *, *, #8181, .F. ) ;
#2178 = EDGE_LOOP ( 'NONE', ( #3741, #8407, #2914, #4687 ) ) ;
#2179 = DIRECTION ( 'NONE',  ( 0.000000000000000000, -1.000000000000000000, 0.000000000000000000 ) ) ;
#2180 = EDGE_CURVE ( 'NONE', #8364, #7441, #5974, .T. ) ;
#2181 = SURFACE_SIDE_STYLE ('',( #8197 ) ) ;
#2182 = AXIS2_PLACEMENT_3D ( 'NONE', #7132, #1112, #6345 ) ;
#2183 = DIRECTION ( 'NONE',  ( 0.000000000000000000, 1.000000000000000000, 0.000000000000000000 ) ) ;
#2184 = AXIS2_PLACEMENT_3D ( 'NONE', #3028, #5836, #2286 ) ;
#2185 = LINE ( 'NONE', #140, #6182 ) ;
#2186 =( BOUNDED_CURVE ( )  B_SPLINE_CURVE ( 3, ( #4602, #2602, #5294, #7362 ),
 .UNSPECIFIED., .F., .T. ) 
 B_SPLINE_CURVE_WITH_KNOTS ( ( 4, 4 ),
 ( 3.141592653589793116, 3.926990816987238286 ),
 .UNSPECIFIED. ) 
 CURVE ( )  GEOMETRIC_REPRESENTATION_ITEM ( )  RATIONAL_B_SPLINE_CURVE ( ( 1.000000000000000000, 0.9492530216741915661, 0.9492530216741915661, 1.000000000000000000 ) ) 
 REPRESENTATION_ITEM ( '' )  );
#2187 = DIRECTION ( 'NONE',  ( 1.000000000000000000, 0.000000000000000000, 0.000000000000000000 ) ) ;
#2188 =( GEOMETRIC_REPRESENTATION_CONTEXT ( 3 ) GLOBAL_UNCERTAINTY_ASSIGNED_CONTEXT ( ( #8346 ) ) GLOBAL_UNIT_ASSIGNED_CONTEXT ( ( #3674, #7396, #8025 ) ) REPRESENTATION_CONTEXT ( 'NONE', 'WORKASPACE' ) );
#2189 = EDGE_CURVE ( 'NONE', #6489, #5428, #4295, .T. ) ;
#2190 = SURFACE_STYLE_FILL_AREA ( #5613 ) ;
#2191 = SURFACE_STYLE_FILL_AREA ( #8248 ) ;
#2192 = DIRECTION ( 'NONE',  ( 0.7071067811865475727, 0.7071067811865475727, -0.000000000000000000 ) ) ;
#2193 = DIRECTION ( 'NONE',  ( 0.000000000000000000, 1.000000000000000000, 0.000000000000000000 ) ) ;
#2194 =( NAMED_UNIT ( * ) PLANE_ANGLE_UNIT ( ) SI_UNIT ( $, .RADIAN. ) );
#2195 =( NAMED_UNIT ( * ) SI_UNIT ( $, .STERADIAN. ) SOLID_ANGLE_UNIT ( ) );
#2196 = CARTESIAN_POINT ( 'NONE',  ( 2.175000000000000711, 0.2784380551032344941, 6.140192378864673728 ) ) ;
#2197 = SURFACE_STYLE_FILL_AREA ( #3454 ) ;
#2198 = DIRECTION ( 'NONE',  ( -0.2505628070857336409, 0.2505628070857336409, 0.9351131265310282936 ) ) ;
#2199 =( NAMED_UNIT ( * ) PLANE_ANGLE_UNIT ( ) SI_UNIT ( $, .RADIAN. ) );
#2200 = AXIS2_PLACEMENT_3D ( 'NONE', #8012, #6627, #5398 ) ;
#2201 =( NAMED_UNIT ( * ) PLANE_ANGLE_UNIT ( ) SI_UNIT ( $, .RADIAN. ) );
#2202 = DIRECTION ( 'NONE',  ( 1.000000000000000000, 0.000000000000000000, 0.000000000000000000 ) ) ;
#2203 = FACE_OUTER_BOUND ( 'NONE', #3731, .T. ) ;
#2204 = SURFACE_STYLE_USAGE ( .BOTH. , #786 ) ;
#2205 = UNCERTAINTY_MEASURE_WITH_UNIT (LENGTH_MEASURE( 1.000000000000000082E-05 ), #3819, 'distance_accuracy_value', 'NONE');
#2206 = DIRECTION ( 'NONE',  ( 0.000000000000000000, 0.000000000000000000, 1.000000000000000000 ) ) ;
#2207 = VECTOR ( 'NONE', #4453, 1000.000000000000227 ) ;
#2208 = ORIENTED_EDGE ( 'NONE', *, *, #4670, .F. ) ;
#2209 = CARTESIAN_POINT ( 'NONE',  ( -3.810000000000000053, 0.7500000000000000000, -2.799999999999999822 ) ) ;
#2210 = ORIENTED_EDGE ( 'NONE', *, *, #7899, .F. ) ;
#2211 = CARTESIAN_POINT ( 'NONE',  ( 2.780853199169871726, 0.3098574789487829051, -5.459384528706809903 ) ) ;
#2212 = ORIENTED_EDGE ( 'NONE', *, *, #3804, .F. ) ;
#2213 = EDGE_CURVE ( 'NONE', #2099, #3010, #1859, .T. ) ;
#2214 = VECTOR ( 'NONE', #3669, 1000.000000000000000 ) ;
#2215 = DIRECTION ( 'NONE',  ( -1.000000000000000000, 0.000000000000000000, 0.000000000000000000 ) ) ;
#2216 = FACE_OUTER_BOUND ( 'NONE', #6630, .T. ) ;
#2217 = ORIENTED_EDGE ( 'NONE', *, *, #2984, .F. ) ;
#2218 = COLOUR_RGB ( '',0.8509803921568627194, 0.8509803921568627194, 0.8509803921568627194 ) ;
#2219 = COLOUR_RGB ( '',0.9686274509803921573, 0.8784313725490195957, 0.5999999999999999778 ) ;
#2220 =( LENGTH_UNIT ( ) NAMED_UNIT ( * ) SI_UNIT ( .MILLI., .METRE. ) );
#2221 = LINE ( 'NONE', #8202, #8380 ) ;
#2222 = EDGE_CURVE ( 'NONE', #3698, #3984, #8653, .T. ) ;
#2223 =( NAMED_UNIT ( * ) PLANE_ANGLE_UNIT ( ) SI_UNIT ( $, .RADIAN. ) );
#2224 = VECTOR ( 'NONE', #2584, 1000.000000000000000 ) ;
#2225 = CYLINDRICAL_SURFACE ( 'NONE', #7454, 0.4550000000000001266 ) ;
#2226 = CIRCLE ( 'NONE', #6301, 0.05000000000000012768 ) ;
#2227 = FACE_OUTER_BOUND ( 'NONE', #6970, .T. ) ;
#2228 = CARTESIAN_POINT ( 'NONE',  ( 2.805000000000000160, 0.2650000000000000133, 0.000000000000000000 ) ) ;
#2229 = FILL_AREA_STYLE ('',( #2116 ) ) ;
#2230 = EDGE_CURVE ( 'NONE', #2305, #6827, #6011, .T. ) ;
#2231 = CARTESIAN_POINT ( 'NONE',  ( -2.274999999999999911, -0.3150000000000000022, -2.500000000000000000 ) ) ;
#2232 =( GEOMETRIC_REPRESENTATION_CONTEXT ( 3 ) GLOBAL_UNCERTAINTY_ASSIGNED_CONTEXT ( ( #1481 ) ) GLOBAL_UNIT_ASSIGNED_CONTEXT ( ( #5438, #6234, #8152 ) ) REPRESENTATION_CONTEXT ( 'NONE', 'WORKASPACE' ) );
#2233 = CARTESIAN_POINT ( 'NONE',  ( 1.570000000000000062, -1.249999999999999556, -1.799999999999999600 ) ) ;
#2234 = VECTOR ( 'NONE', #6742, 1000.000000000000000 ) ;
#2235 = CARTESIAN_POINT ( 'NONE',  ( -4.403333333333335986, 2.183333333333336679, 0.6333333333333477366 ) ) ;
#2236 = FILL_AREA_STYLE ('',( #4310 ) ) ;
#2237 = VECTOR ( 'NONE', #91, 1000.000000000000000 ) ;
#2238 = PRESENTATION_LAYER_ASSIGNMENT (  '', '', ( #6039 ) ) ;
#2239 = DIRECTION ( 'NONE',  ( 0.000000000000000000, -0.000000000000000000, 1.000000000000000000 ) ) ;
#2240 = MECHANICAL_DESIGN_GEOMETRIC_PRESENTATION_REPRESENTATION (  '', ( #7313 ), #4912 ) ;
#2241 = STYLED_ITEM ( 'NONE', ( #3085 ), #4456 ) ;
#2242 = CARTESIAN_POINT ( 'NONE',  ( -2.854999999999999982, 0.2650000000000000133, -2.500000000000000000 ) ) ;
#2243 = VERTEX_POINT ( 'NONE', #1271 ) ;
#2244 = AXIS2_PLACEMENT_3D ( 'NONE', #8611, #2554, #7262 ) ;
#2245 = DIRECTION ( 'NONE',  ( 0.000000000000000000, 1.000000000000000000, 0.000000000000000000 ) ) ;
#2246 = DIRECTION ( 'NONE',  ( 1.000000000000000000, 0.000000000000000000, 0.000000000000000000 ) ) ;
#2247 = COLOUR_RGB ( '',0.8509803921568627194, 0.8509803921568627194, 0.8509803921568627194 ) ;
#2248 =( NAMED_UNIT ( * ) SI_UNIT ( $, .STERADIAN. ) SOLID_ANGLE_UNIT ( ) );
#2249 =( NAMED_UNIT ( * ) PLANE_ANGLE_UNIT ( ) SI_UNIT ( $, .RADIAN. ) );
#2250 = LINE ( 'NONE', #6709, #8320 ) ;
#2251 = ORIENTED_EDGE ( 'NONE', *, *, #2117, .F. ) ;
#2252 =( GEOMETRIC_REPRESENTATION_CONTEXT ( 3 ) GLOBAL_UNCERTAINTY_ASSIGNED_CONTEXT ( ( #209 ) ) GLOBAL_UNIT_ASSIGNED_CONTEXT ( ( #8079, #4594, #8610 ) ) REPRESENTATION_CONTEXT ( 'NONE', 'WORKASPACE' ) );
#2253 = VECTOR ( 'NONE', #7023, 1000.000000000000000 ) ;
#2254 = SURFACE_STYLE_FILL_AREA ( #6340 ) ;
#2255 =( NAMED_UNIT ( * ) SI_UNIT ( $, .STERADIAN. ) SOLID_ANGLE_UNIT ( ) );
#2256 =( GEOMETRIC_REPRESENTATION_CONTEXT ( 3 ) GLOBAL_UNCERTAINTY_ASSIGNED_CONTEXT ( ( #4437 ) ) GLOBAL_UNIT_ASSIGNED_CONTEXT ( ( #7654, #2194, #7612 ) ) REPRESENTATION_CONTEXT ( 'NONE', 'WORKASPACE' ) );
#2257 = PRESENTATION_STYLE_ASSIGNMENT (( #6288 ) ) ;
#2258 = PRODUCT ( 'c-825433-3-s-3d', 'c-825433-3-s-3d', '', ( #86 ) ) ;
#2259 = LINE ( 'NONE', #5749, #5478 ) ;
#2260 = AXIS2_PLACEMENT_3D ( 'NONE', #4155, #793, #4856 ) ;
#2261 = ORIENTED_EDGE ( 'NONE', *, *, #3970, .F. ) ;
#2262 = STYLED_ITEM ( 'NONE', ( #5230 ), #4978 ) ;
#2263 = SURFACE_STYLE_FILL_AREA ( #6176 ) ;
#2264 = ORIENTED_EDGE ( 'NONE', *, *, #3152, .F. ) ;
#2265 = EDGE_LOOP ( 'NONE', ( #1142, #5616, #3900, #5180 ) ) ;
#2266 = VECTOR ( 'NONE', #7545, 1000.000000000000000 ) ;
#2267 = AXIS2_PLACEMENT_3D ( 'NONE', #8705, #2654, #3303 ) ;
#2268 =( LENGTH_UNIT ( ) NAMED_UNIT ( * ) SI_UNIT ( .MILLI., .METRE. ) );
#2269 = CARTESIAN_POINT ( 'NONE',  ( -0.3649999999999998801, 0.3150000000000000022, -5.440192378864675327 ) ) ;
#2270 = COLOUR_RGB ( '',0.5607843137254902022, 0.6470588235294117974, 0.6352941176470587870 ) ;
#2271 = CYLINDRICAL_SURFACE ( 'NONE', #7737, 0.05000000000000012768 ) ;
#2272 = VERTEX_POINT ( 'NONE', #5241 ) ;
#2273 = VECTOR ( 'NONE', #478, 1000.000000000000000 ) ;
#2274 = CARTESIAN_POINT ( 'NONE',  ( -0.9699999999999999734, 1.250000000000000000, -2.799999999999999822 ) ) ;
#2275 = DIRECTION ( 'NONE',  ( 0.000000000000000000, 0.000000000000000000, -1.000000000000000000 ) ) ;
#2276 = VERTEX_POINT ( 'NONE', #603 ) ;
#2277 = FILL_AREA_STYLE_COLOUR ( '', #3501 ) ;
#2278 = AXIS2_PLACEMENT_3D ( 'NONE', #4384, #2622, #3100 ) ;
#2279 = LINE ( 'NONE', #4218, #5176 ) ;
#2280 = ADVANCED_FACE ( 'NONE', ( #4552 ), #7214, .F. ) ;
#2281 = ADVANCED_FACE ( 'NONE', ( #3872 ), #4000, .F. ) ;
#2282 = EDGE_CURVE ( 'NONE', #8328, #4831, #6762, .T. ) ;
#2283 =( GEOMETRIC_REPRESENTATION_CONTEXT ( 3 ) GLOBAL_UNCERTAINTY_ASSIGNED_CONTEXT ( ( #6965 ) ) GLOBAL_UNIT_ASSIGNED_CONTEXT ( ( #8570, #6723, #6560 ) ) REPRESENTATION_CONTEXT ( 'NONE', 'WORKASPACE' ) );
#2284 = CARTESIAN_POINT ( 'NONE',  ( -2.319999999999999840, -1.550000000000000044, -1.800000000000000044 ) ) ;
#2285 = EDGE_LOOP ( 'NONE', ( #4900, #959, #7187, #931 ) ) ;
#2286 = DIRECTION ( 'NONE',  ( 1.000000000000000000, 0.000000000000000000, -0.000000000000000000 ) ) ;
#2287 = SURFACE_STYLE_USAGE ( .BOTH. , #3070 ) ;
#2288 = VECTOR ( 'NONE', #8494, 1000.000000000000000 ) ;
#2289 = CARTESIAN_POINT ( 'NONE',  ( -1.270000000000000240, 1.250000000000000000, -2.499999999999998668 ) ) ;
#2290 =( NAMED_UNIT ( * ) PLANE_ANGLE_UNIT ( ) SI_UNIT ( $, .RADIAN. ) );
#2291 = AXIS2_PLACEMENT_3D ( 'NONE', #2734, #7440, #1413 ) ;
#2292 = FACE_OUTER_BOUND ( 'NONE', #5308, .T. ) ;
#2293 = EDGE_CURVE ( 'NONE', #3810, #6565, #2221, .T. ) ;
#2294 = CARTESIAN_POINT ( 'NONE',  ( -0.3149999999999998357, 0.3150000000000000022, 6.140192378864673728 ) ) ;
#2295 = ADVANCED_FACE ( 'NONE', ( #7521 ), #3526, .T. ) ;
#2296 = SURFACE_STYLE_FILL_AREA ( #236 ) ;
#2297 = CARTESIAN_POINT ( 'NONE',  ( -2.905000000000000249, 0.2650000000000000133, -2.500000000000000000 ) ) ;
#2298 = CARTESIAN_POINT ( 'NONE',  ( -1.270000000000000240, 0.9499999999999996225, -2.499999999999998668 ) ) ;
#2299 = ORIENTED_EDGE ( 'NONE', *, *, #7898, .F. ) ;
#2300 =( GEOMETRIC_REPRESENTATION_CONTEXT ( 3 ) GLOBAL_UNCERTAINTY_ASSIGNED_CONTEXT ( ( #3995 ) ) GLOBAL_UNIT_ASSIGNED_CONTEXT ( ( #6472, #7848, #8391 ) ) REPRESENTATION_CONTEXT ( 'NONE', 'WORKASPACE' ) );
#2301 = SURFACE_STYLE_FILL_AREA ( #121 ) ;
#2302 = DIRECTION ( 'NONE',  ( -1.000000000000000000, 0.000000000000000000, 0.000000000000000000 ) ) ;
#2303 = ORIENTED_EDGE ( 'NONE', *, *, #6990, .T. ) ;
#2304 = FILL_AREA_STYLE ('',( #7718 ) ) ;
#2305 = VERTEX_POINT ( 'NONE', #4745 ) ;
#2306 = CARTESIAN_POINT ( 'NONE',  ( 3.810000000000000053, 1.250000000000000000, 0.000000000000000000 ) ) ;
#2307 = VERTEX_POINT ( 'NONE', #3483 ) ;
#2308 = ORIENTED_EDGE ( 'NONE', *, *, #2022, .T. ) ;
#2309 = DIRECTION ( 'NONE',  ( 0.000000000000000000, -1.000000000000000000, 0.000000000000000000 ) ) ;
#2310 = MECHANICAL_DESIGN_GEOMETRIC_PRESENTATION_REPRESENTATION (  '', ( #8240 ), #2743 ) ;
#2311 = CARTESIAN_POINT ( 'NONE',  ( 2.780853199169871282, -0.3098574789487830716, 6.159384528706808304 ) ) ;
#2312 =( NAMED_UNIT ( * ) PLANE_ANGLE_UNIT ( ) SI_UNIT ( $, .RADIAN. ) );
#2313 = PLANE ( 'NONE',  #3480 ) ;
#2314 = EDGE_LOOP ( 'NONE', ( #5690, #6963, #488, #7907, #5162, #1649 ) ) ;
#2315 = ORIENTED_EDGE ( 'NONE', *, *, #7360, .T. ) ;
#2316 = CARTESIAN_POINT ( 'NONE',  ( -0.9699999999999999734, 1.250000000000000000, 0.000000000000000000 ) ) ;
#2317 = CIRCLE ( 'NONE', #1765, 0.4549999999999999600 ) ;
#2318 =( NAMED_UNIT ( * ) PLANE_ANGLE_UNIT ( ) SI_UNIT ( $, .RADIAN. ) );
#2319 = CYLINDRICAL_SURFACE ( 'NONE', #6592, 0.05000000000000012768 ) ;
#2320 = LINE ( 'NONE', #2942, #7438 ) ;
#2321 = ORIENTED_EDGE ( 'NONE', *, *, #4381, .F. ) ;
#2322 = CARTESIAN_POINT ( 'NONE',  ( -3.510000000000000231, 1.250000000000000000, -2.799999999999999822 ) ) ;
#2323 = CARTESIAN_POINT ( 'NONE',  ( -1.543333333333331003, -3.216666666666669006, 1.966666666666676555 ) ) ;
#2324 = SURFACE_STYLE_USAGE ( .BOTH. , #1044 ) ;
#2325 = EDGE_CURVE ( 'NONE', #7320, #1055, #2106, .T. ) ;
#2326 =( NAMED_UNIT ( * ) PLANE_ANGLE_UNIT ( ) SI_UNIT ( $, .RADIAN. ) );
#2327 = DIRECTION ( 'NONE',  ( 0.7071067811865463515, -0.000000000000000000, 0.7071067811865487940 ) ) ;
#2328 = PRESENTATION_STYLE_ASSIGNMENT (( #7702 ) ) ;
#2329 = DIRECTION ( 'NONE',  ( 1.000000000000000000, 0.000000000000000000, 0.000000000000000000 ) ) ;
#2330 = ORIENTED_EDGE ( 'NONE', *, *, #5365, .F. ) ;
#2331 = DIRECTION ( 'NONE',  ( 0.000000000000000000, -0.000000000000000000, 1.000000000000000000 ) ) ;
#2332 = CARTESIAN_POINT ( 'NONE',  ( -0.3503553390593275862, -0.3003553390593273753, -5.494846997554885704 ) ) ;
#2333 = FACE_OUTER_BOUND ( 'NONE', #7626, .T. ) ;
#2334 = DIRECTION ( 'NONE',  ( 1.000000000000000000, 0.000000000000000000, 0.000000000000000000 ) ) ;
#2335 = EDGE_CURVE ( 'NONE', #7498, #5734, #2854, .T. ) ;
#2336 = EDGE_LOOP ( 'NONE', ( #6405, #5435, #7664, #6755, #7213 ) ) ;
#2337 = EDGE_CURVE ( 'NONE', #5126, #2344, #4211, .T. ) ;
#2338 = EDGE_LOOP ( 'NONE', ( #4297, #1375, #3058, #5061 ) ) ;
#2339 = DIRECTION ( 'NONE',  ( 0.000000000000000000, -0.9659258262890675351, 0.2588190451025238481 ) ) ;
#2340 = CARTESIAN_POINT ( 'NONE',  ( -3.810000000000000053, 0.7500000000000000000, -2.799999999999999822 ) ) ;
#2341 =( NAMED_UNIT ( * ) PLANE_ANGLE_UNIT ( ) SI_UNIT ( $, .RADIAN. ) );
#2342 = ORIENTED_EDGE ( 'NONE', *, *, #174, .F. ) ;
#2343 = LINE ( 'NONE', #2528, #7457 ) ;
#2344 = VERTEX_POINT ( 'NONE', #8114 ) ;
#2345 = ADVANCED_FACE ( 'NONE', ( #4909 ), #6880, .T. ) ;
#2346 = VERTEX_POINT ( 'NONE', #6356 ) ;
#2347 = UNCERTAINTY_MEASURE_WITH_UNIT (LENGTH_MEASURE( 1.000000000000000082E-05 ), #2913, 'distance_accuracy_value', 'NONE');
#2348 = FACE_OUTER_BOUND ( 'NONE', #7738, .T. ) ;
#2349 =( NAMED_UNIT ( * ) PLANE_ANGLE_UNIT ( ) SI_UNIT ( $, .RADIAN. ) );
#2350 =( GEOMETRIC_REPRESENTATION_CONTEXT ( 3 ) GLOBAL_UNCERTAINTY_ASSIGNED_CONTEXT ( ( #1393 ) ) GLOBAL_UNIT_ASSIGNED_CONTEXT ( ( #7999, #7455, #7374 ) ) REPRESENTATION_CONTEXT ( 'NONE', 'WORKASPACE' ) );
#2351 =( NAMED_UNIT ( * ) SI_UNIT ( $, .STERADIAN. ) SOLID_ANGLE_UNIT ( ) );
#2352 = DIRECTION ( 'NONE',  ( -0.7071067811865474617, 0.7071067811865474617, 0.000000000000000000 ) ) ;
#2353 = CARTESIAN_POINT ( 'NONE',  ( -0.2046410161513772252, 0.1546410161513773474, -6.038660254037845121 ) ) ;
#2354 = LINE ( 'NONE', #7061, #7335 ) ;
#2355 =( NAMED_UNIT ( * ) PLANE_ANGLE_UNIT ( ) SI_UNIT ( $, .RADIAN. ) );
#2356 = DIRECTION ( 'NONE',  ( 0.7071067811865463515, 0.000000000000000000, -0.7071067811865487940 ) ) ;
#2357 = VECTOR ( 'NONE', #5568, 1000.000000000000000 ) ;
#2358 = EDGE_LOOP ( 'NONE', ( #6224, #3652, #1879, #6581 ) ) ;
#2359 = CARTESIAN_POINT ( 'NONE',  ( 1.269999999999999796, -0.9499999999999995115, -1.799999999999999600 ) ) ;
#2360 = FILL_AREA_STYLE_COLOUR ( '', #7599 ) ;
#2361 =( NAMED_UNIT ( * ) PLANE_ANGLE_UNIT ( ) SI_UNIT ( $, .RADIAN. ) );
#2362 = FILL_AREA_STYLE ('',( #1086 ) ) ;
#2363 = EDGE_CURVE ( 'NONE', #161, #377, #6266, .T. ) ;
#2364 = CARTESIAN_POINT ( 'NONE',  ( -3.810000000000000053, 0.7500000000000000000, -2.799999999999999822 ) ) ;
#2365 = STYLED_ITEM ( 'NONE', ( #4901 ), #4023 ) ;
#2366 = CARTESIAN_POINT ( 'NONE',  ( -1.320000000000000062, -2.399999999999999911, -1.399999999999999911 ) ) ;
#2367 = LINE ( 'NONE', #4409, #8143 ) ;
#2368 = AXIS2_PLACEMENT_3D ( 'NONE', #5543, #6983, #834 ) ;
#2369 = AXIS2_PLACEMENT_3D ( 'NONE', #6277, #8297, #5627 ) ;
#2370 = FILL_AREA_STYLE_COLOUR ( '', #8028 ) ;
#2371 = EDGE_CURVE ( 'NONE', #2073, #422, #267, .T. ) ;
#2372 = DIRECTION ( 'NONE',  ( 1.000000000000000000, 0.000000000000000000, 0.000000000000000000 ) ) ;
#2373 = ORIENTED_EDGE ( 'NONE', *, *, #707, .F. ) ;
#2374 = VECTOR ( 'NONE', #6281, 1000.000000000000000 ) ;
#2375 = DIRECTION ( 'NONE',  ( 0.000000000000000000, -1.000000000000000000, 0.000000000000000000 ) ) ;
#2376 = FILL_AREA_STYLE_COLOUR ( '', #6170 ) ;
#2377 = PLANE ( 'NONE',  #5743 ) ;
#2378 = FILL_AREA_STYLE ('',( #6564 ) ) ;
#2379 = DIRECTION ( 'NONE',  ( 0.000000000000000000, 0.000000000000000000, 1.000000000000000000 ) ) ;
#2380 = ORIENTED_EDGE ( 'NONE', *, *, #7812, .T. ) ;
#2381 = ORIENTED_EDGE ( 'NONE', *, *, #2995, .F. ) ;
#2382 = FACE_OUTER_BOUND ( 'NONE', #7915, .T. ) ;
#2383 =( LENGTH_UNIT ( ) NAMED_UNIT ( * ) SI_UNIT ( .MILLI., .METRE. ) );
#2384 = VECTOR ( 'NONE', #1455, 1000.000000000000000 ) ;
#2385 = VERTEX_POINT ( 'NONE', #1655 ) ;
#2386 = STYLED_ITEM ( 'NONE', ( #792 ), #518 ) ;
#2387 = PRESENTATION_LAYER_ASSIGNMENT (  '', '', ( #683 ) ) ;
#2388 = EDGE_CURVE ( 'NONE', #1464, #6508, #411, .T. ) ;
#2389 = VECTOR ( 'NONE', #675, 1000.000000000000000 ) ;
#2390 = SURFACE_STYLE_USAGE ( .BOTH. , #454 ) ;
#2391 = ORIENTED_EDGE ( 'NONE', *, *, #3603, .F. ) ;
#2392 = FILL_AREA_STYLE_COLOUR ( '', #1020 ) ;
#2393 = VERTEX_POINT ( 'NONE', #5785 ) ;
#2394 = VECTOR ( 'NONE', #4138, 1000.000000000000000 ) ;
#2395 = ORIENTED_EDGE ( 'NONE', *, *, #3804, .T. ) ;
#2396 = ORIENTED_EDGE ( 'NONE', *, *, #6885, .T. ) ;
#2397 = AXIS2_PLACEMENT_3D ( 'NONE', #4872, #6883, #3571 ) ;
#2398 = AXIS2_PLACEMENT_3D ( 'NONE', #270, #7689, #4338 ) ;
#2399 = EDGE_CURVE ( 'NONE', #2393, #5201, #3018, .T. ) ;
#2400 = FACE_OUTER_BOUND ( 'NONE', #6295, .T. ) ;
#2401 = SURFACE_STYLE_USAGE ( .BOTH. , #5820 ) ;
#2402 = FILL_AREA_STYLE_COLOUR ( '', #1394 ) ;
#2403 = ORIENTED_EDGE ( 'NONE', *, *, #3847, .F. ) ;
#2404 =( NAMED_UNIT ( * ) SI_UNIT ( $, .STERADIAN. ) SOLID_ANGLE_UNIT ( ) );
#2405 = LINE ( 'NONE', #1705, #3807 ) ;
#2406 = EDGE_LOOP ( 'NONE', ( #8053, #5157, #5277, #8176 ) ) ;
#2407 = UNCERTAINTY_MEASURE_WITH_UNIT (LENGTH_MEASURE( 1.000000000000000082E-05 ), #8313, 'distance_accuracy_value', 'NONE');
#2408 =( NAMED_UNIT ( * ) PLANE_ANGLE_UNIT ( ) SI_UNIT ( $, .RADIAN. ) );
#2409 =( GEOMETRIC_REPRESENTATION_CONTEXT ( 3 ) GLOBAL_UNCERTAINTY_ASSIGNED_CONTEXT ( ( #6192 ) ) GLOBAL_UNIT_ASSIGNED_CONTEXT ( ( #3274, #8719, #7283 ) ) REPRESENTATION_CONTEXT ( 'NONE', 'WORKASPACE' ) );
#2410 = FACE_OUTER_BOUND ( 'NONE', #2025, .T. ) ;
#2411 = AXIS2_PLACEMENT_3D ( 'NONE', #88, #8613, #2179 ) ;
#2412 = ORIENTED_EDGE ( 'NONE', *, *, #2282, .T. ) ;
#2413 = STYLED_ITEM ( 'NONE', ( #3892 ), #863 ) ;
#2414 = CARTESIAN_POINT ( 'NONE',  ( -1.270000000000000240, -0.9499999999999996225, -2.499999999999998668 ) ) ;
#2415 = COLOUR_RGB ( '',0.8509803921568627194, 0.8509803921568627194, 0.8509803921568627194 ) ;
#2416 = PRESENTATION_STYLE_ASSIGNMENT (( #2287 ) ) ;
#2417 = VERTEX_POINT ( 'NONE', #2978 ) ;
#2418 =( GEOMETRIC_REPRESENTATION_CONTEXT ( 3 ) GLOBAL_UNCERTAINTY_ASSIGNED_CONTEXT ( ( #8186 ) ) GLOBAL_UNIT_ASSIGNED_CONTEXT ( ( #4426, #6957, #3657 ) ) REPRESENTATION_CONTEXT ( 'NONE', 'WORKASPACE' ) );
#2419 =( LENGTH_UNIT ( ) NAMED_UNIT ( * ) SI_UNIT ( .MILLI., .METRE. ) );
#2420 = DIRECTION ( 'NONE',  ( 0.7071067811865487940, 0.000000000000000000, -0.7071067811865463515 ) ) ;
#2421 = DIRECTION ( 'NONE',  ( -1.000000000000000000, 0.000000000000000000, 0.000000000000000000 ) ) ;
#2422 = CARTESIAN_POINT ( 'NONE',  ( -2.274999999999999911, -0.3150000000000000022, 6.140192378864673728 ) ) ;
#2423 = FILL_AREA_STYLE_COLOUR ( '', #2539 ) ;
#2424 = FILL_AREA_STYLE_COLOUR ( '', #4704 ) ;
#2425 = VECTOR ( 'NONE', #4469, 1000.000000000000000 ) ;
#2426 = LINE ( 'NONE', #8393, #6443 ) ;
#2427 = ORIENTED_EDGE ( 'NONE', *, *, #8020, .F. ) ;
#2428 = PLANE ( 'NONE',  #320 ) ;
#2429 =( NAMED_UNIT ( * ) SI_UNIT ( $, .STERADIAN. ) SOLID_ANGLE_UNIT ( ) );
#2430 = UNCERTAINTY_MEASURE_WITH_UNIT (LENGTH_MEASURE( 1.000000000000000082E-05 ), #828, 'distance_accuracy_value', 'NONE');
#2431 = LINE ( 'NONE', #8626, #2175 ) ;
#2432 = PRESENTATION_STYLE_ASSIGNMENT (( #1678 ) ) ;
#2433 = ORIENTED_EDGE ( 'NONE', *, *, #1878, .F. ) ;
#2434 = ORIENTED_EDGE ( 'NONE', *, *, #8556, .T. ) ;
#2435 = DIRECTION ( 'NONE',  ( 1.000000000000000000, 0.000000000000000000, -0.000000000000000000 ) ) ;
#2436 = CARTESIAN_POINT ( 'NONE',  ( 3.536666666666668846, -3.216666666666669006, 1.966666666666676555 ) ) ;
#2437 = PLANE ( 'NONE',  #3920 ) ;
#2438 = DIRECTION ( 'NONE',  ( 1.000000000000000000, 0.000000000000000000, 0.000000000000000000 ) ) ;
#2439 = ORIENTED_EDGE ( 'NONE', *, *, #1593, .F. ) ;
#2440 = SURFACE_SIDE_STYLE ('',( #7916 ) ) ;
#2441 = CYLINDRICAL_SURFACE ( 'NONE', #5189, 0.05000000000000012768 ) ;
#2442 = CARTESIAN_POINT ( 'NONE',  ( 0.000000000000000000, 0.000000000000000000, -1.800000000000000044 ) ) ;
#2443 = ORIENTED_EDGE ( 'NONE', *, *, #2500, .F. ) ;
#2444 = ORIENTED_EDGE ( 'NONE', *, *, #8565, .F. ) ;
#2445 = ADVANCED_FACE ( 'NONE', ( #2451 ), #987, .F. ) ;
#2446 = EDGE_CURVE ( 'NONE', #6683, #8537, #1797, .T. ) ;
#2447 = FILL_AREA_STYLE ('',( #8642 ) ) ;
#2448 = PRESENTATION_STYLE_ASSIGNMENT (( #6499 ) ) ;
#2449 = ORIENTED_EDGE ( 'NONE', *, *, #7549, .T. ) ;
#2450 = CARTESIAN_POINT ( 'NONE',  ( -1.370000000000000107, 1.250000000000000000, -2.499999999999998668 ) ) ;
#2451 = FACE_OUTER_BOUND ( 'NONE', #6869, .T. ) ;
#2452 = FACE_OUTER_BOUND ( 'NONE', #7127, .T. ) ;
#2453 = EDGE_LOOP ( 'NONE', ( #2591, #5068, #7292, #1022, #3002, #1477, #4935, #3814 ) ) ;
#2454 = ORIENTED_EDGE ( 'NONE', *, *, #2619, .F. ) ;
#2455 = ADVANCED_FACE ( 'NONE', ( #7151 ), #7688, .F. ) ;
#2456 = EDGE_CURVE ( 'NONE', #3461, #3843, #2586, .T. ) ;
#2457 = CARTESIAN_POINT ( 'NONE',  ( 0.2650000000000000133, -0.2784380551032344941, 6.140192378864673728 ) ) ;
#2458 = PRESENTATION_LAYER_ASSIGNMENT (  '', '', ( #313 ) ) ;
#2459 = SURFACE_STYLE_FILL_AREA ( #3869 ) ;
#2460 = VECTOR ( 'NONE', #4412, 1000.000000000000000 ) ;
#2461 = ORIENTED_EDGE ( 'NONE', *, *, #3970, .T. ) ;
#2462 = CARTESIAN_POINT ( 'NONE',  ( -2.389999999999995239, 0.7500000000000000000, -1.380000000000000115 ) ) ;
#2463 =( NAMED_UNIT ( * ) PLANE_ANGLE_UNIT ( ) SI_UNIT ( $, .RADIAN. ) );
#2464 = ADVANCED_FACE ( 'NONE', ( #3992 ), #3864, .F. ) ;
#2465 = AXIS2_PLACEMENT_3D ( 'NONE', #4364, #441, #3128 ) ;
#2466 =( NAMED_UNIT ( * ) PLANE_ANGLE_UNIT ( ) SI_UNIT ( $, .RADIAN. ) );
#2467 = SURFACE_STYLE_FILL_AREA ( #1004 ) ;
#2468 = LINE ( 'NONE', #5152, #655 ) ;
#2469 = SURFACE_STYLE_FILL_AREA ( #8527 ) ;
#2470 = FACE_OUTER_BOUND ( 'NONE', #1806, .T. ) ;
#2471 = DIRECTION ( 'NONE',  ( -0.000000000000000000, -0.000000000000000000, -1.000000000000000000 ) ) ;
#2472 = VECTOR ( 'NONE', #2553, 999.9999999999998863 ) ;
#2473 = ORIENTED_EDGE ( 'NONE', *, *, #2769, .F. ) ;
#2474 = PLANE ( 'NONE',  #3714 ) ;
#2475 = FACE_OUTER_BOUND ( 'NONE', #3206, .T. ) ;
#2476 = ORIENTED_EDGE ( 'NONE', *, *, #2619, .T. ) ;
#2477 = ORIENTED_EDGE ( 'NONE', *, *, #8273, .T. ) ;
#2478 = ORIENTED_EDGE ( 'NONE', *, *, #2337, .F. ) ;
#2479 = CARTESIAN_POINT ( 'NONE',  ( -2.905000000000000249, -0.3150000000000000022, -5.440192378864675327 ) ) ;
#2480 = PRESENTATION_STYLE_ASSIGNMENT (( #8541 ) ) ;
#2481 = ORIENTED_EDGE ( 'NONE', *, *, #4907, .F. ) ;
#2482 =( NAMED_UNIT ( * ) SI_UNIT ( $, .STERADIAN. ) SOLID_ANGLE_UNIT ( ) );
#2483 = PRESENTATION_STYLE_ASSIGNMENT (( #2390 ) ) ;
#2484 = VERTEX_POINT ( 'NONE', #748 ) ;
#2485 = LINE ( 'NONE', #3745, #4120 ) ;
#2486 = FILL_AREA_STYLE_COLOUR ( '', #1694 ) ;
#2487 = DIRECTION ( 'NONE',  ( 1.000000000000000000, 0.000000000000000000, 0.000000000000000000 ) ) ;
#2488 = ORIENTED_EDGE ( 'NONE', *, *, #2282, .F. ) ;
#2489 = FILL_AREA_STYLE ('',( #462 ) ) ;
#2490 = ORIENTED_EDGE ( 'NONE', *, *, #8506, .T. ) ;
#2491 = EDGE_CURVE ( 'NONE', #6528, #2039, #469, .T. ) ;
#2492 = FACE_OUTER_BOUND ( 'NONE', #3227, .T. ) ;
#2493 = LINE ( 'NONE', #3226, #5039 ) ;
#2494 = FILL_AREA_STYLE ('',( #8555 ) ) ;
#2495 = VERTEX_POINT ( 'NONE', #7289 ) ;
#2496 = DIRECTION ( 'NONE',  ( 0.000000000000000000, 1.000000000000000000, 0.000000000000000000 ) ) ;
#2497 = CARTESIAN_POINT ( 'NONE',  ( -2.289644660940673315, -0.3003553390593272643, 6.194846997554884105 ) ) ;
#2498 =( GEOMETRIC_REPRESENTATION_CONTEXT ( 3 ) GLOBAL_UNCERTAINTY_ASSIGNED_CONTEXT ( ( #2717 ) ) GLOBAL_UNIT_ASSIGNED_CONTEXT ( ( #5500, #6898, #109 ) ) REPRESENTATION_CONTEXT ( 'NONE', 'WORKASPACE' ) );
#2499 = EDGE_CURVE ( 'NONE', #6535, #2566, #1258, .T. ) ;
#2500 = EDGE_CURVE ( 'NONE', #4074, #2129, #3279, .T. ) ;
#2501 = VERTEX_POINT ( 'NONE', #1899 ) ;
#2502 = AXIS2_PLACEMENT_3D ( 'NONE', #1622, #7606, #3448 ) ;
#2503 = DIRECTION ( 'NONE',  ( -0.2588190451024934280, 0.9659258262890755287, 0.000000000000000000 ) ) ;
#2504 = DIRECTION ( 'NONE',  ( 1.000000000000000000, 0.000000000000000000, 0.000000000000000000 ) ) ;
#2505 = DIRECTION ( 'NONE',  ( 0.5773502691896251759, -0.5773502691896251759, -0.5773502691896270633 ) ) ;
#2506 = FACE_OUTER_BOUND ( 'NONE', #4015, .T. ) ;
#2507 = EDGE_CURVE ( 'NONE', #5904, #2417, #8687, .T. ) ;
#2508 = PLANE ( 'NONE',  #4260 ) ;
#2509 = PRESENTATION_LAYER_ASSIGNMENT (  '', '', ( #2931 ) ) ;
#2510 = DIRECTION ( 'NONE',  ( 0.000000000000000000, -1.000000000000000000, 0.000000000000000000 ) ) ;
#2511 = EDGE_LOOP ( 'NONE', ( #6673, #575, #5812, #482, #2614, #3088, #6997, #3473 ) ) ;
#2512 = FACE_OUTER_BOUND ( 'NONE', #8686, .T. ) ;
#2513 = VECTOR ( 'NONE', #4050, 1000.000000000000000 ) ;
#2514 = FILL_AREA_STYLE_COLOUR ( '', #6871 ) ;
#2515 = ORIENTED_EDGE ( 'NONE', *, *, #6298, .T. ) ;
#2516 = VERTEX_POINT ( 'NONE', #1977 ) ;
#2517 = VECTOR ( 'NONE', #1023, 1000.000000000000000 ) ;
#2518 =( GEOMETRIC_REPRESENTATION_CONTEXT ( 3 ) GLOBAL_UNCERTAINTY_ASSIGNED_CONTEXT ( ( #2430 ) ) GLOBAL_UNIT_ASSIGNED_CONTEXT ( ( #828, #4235, #7575 ) ) REPRESENTATION_CONTEXT ( 'NONE', 'WORKASPACE' ) );
#2519 = LINE ( 'NONE', #7083, #2851 ) ;
#2520 = CARTESIAN_POINT ( 'NONE',  ( -3.810000000000000053, -0.7500000000000000000, -2.499999999999999112 ) ) ;
#2521 = COLOUR_RGB ( '',0.5607843137254902022, 0.6470588235294117974, 0.6352941176470587870 ) ;
#2522 =( NAMED_UNIT ( * ) PLANE_ANGLE_UNIT ( ) SI_UNIT ( $, .RADIAN. ) );
#2523 = ORIENTED_EDGE ( 'NONE', *, *, #6490, .F. ) ;
#2524 = MECHANICAL_DESIGN_GEOMETRIC_PRESENTATION_REPRESENTATION (  '', ( #1679 ), #7725 ) ;
#2525 = CARTESIAN_POINT ( 'NONE',  ( -2.854999999999999982, -0.2650000000000000133, -2.500000000000000000 ) ) ;
#2526 =( BOUNDED_CURVE ( )  B_SPLINE_CURVE ( 3, ( #881, #7633, #5589, #6125 ),
 .UNSPECIFIED., .F., .F. ) 
 B_SPLINE_CURVE_WITH_KNOTS ( ( 4, 4 ),
 ( 2.356194490192345281, 3.141592653589793116 ),
 .UNSPECIFIED. ) 
 CURVE ( )  GEOMETRIC_REPRESENTATION_ITEM ( )  RATIONAL_B_SPLINE_CURVE ( ( 1.000000000000000000, 0.9492530216741912330, 0.9492530216741912330, 1.000000000000000000 ) ) 
 REPRESENTATION_ITEM ( '' )  );
#2527 = STYLED_ITEM ( 'NONE', ( #942 ), #7670 ) ;
#2528 = CARTESIAN_POINT ( 'NONE',  ( 1.169999999999999929, -0.9499999999999992895, 6.699999999999999289 ) ) ;
#2529 = ORIENTED_EDGE ( 'NONE', *, *, #279, .F. ) ;
#2530 = PRESENTATION_LAYER_ASSIGNMENT (  '', '', ( #4208 ) ) ;
#2531 = PRESENTATION_STYLE_ASSIGNMENT (( #7870 ) ) ;
#2532 = MECHANICAL_DESIGN_GEOMETRIC_PRESENTATION_REPRESENTATION (  '', ( #1123 ), #2111 ) ;
#2533 = STYLED_ITEM ( 'NONE', ( #1792 ), #7956 ) ;
#2534 = DIRECTION ( 'NONE',  ( 1.000000000000000000, 0.000000000000000000, 0.000000000000000000 ) ) ;
#2535 = EDGE_LOOP ( 'NONE', ( #347, #4590, #5161, #6570 ) ) ;
#2536 = COLOUR_RGB ( '',0.9686274509803921573, 0.8784313725490195957, 0.5999999999999999778 ) ;
#2537 =( LENGTH_UNIT ( ) NAMED_UNIT ( * ) SI_UNIT ( .MILLI., .METRE. ) );
#2538 = SURFACE_STYLE_USAGE ( .BOTH. , #276 ) ;
#2539 = COLOUR_RGB ( '',0.5607843137254902022, 0.6470588235294117974, 0.6352941176470587870 ) ;
#2540 =( NAMED_UNIT ( * ) SI_UNIT ( $, .STERADIAN. ) SOLID_ANGLE_UNIT ( ) );
#2541 = CARTESIAN_POINT ( 'NONE',  ( -1.270000000000000240, -0.8499999999999994227, 6.699999999999999289 ) ) ;
#2542 = VECTOR ( 'NONE', #6492, 1000.000000000000000 ) ;
#2543 = ORIENTED_EDGE ( 'NONE', *, *, #4312, .T. ) ;
#2544 = ORIENTED_EDGE ( 'NONE', *, *, #813, .F. ) ;
#2545 = VECTOR ( 'NONE', #5495, 1000.000000000000000 ) ;
#2546 = VECTOR ( 'NONE', #3964, 1000.000000000000000 ) ;
#2547 = CARTESIAN_POINT ( 'NONE',  ( 2.805000000000000160, -0.2650000000000000133, -0.8909545442950493888 ) ) ;
#2548 =( LENGTH_UNIT ( ) NAMED_UNIT ( * ) SI_UNIT ( .MILLI., .METRE. ) );
#2549 =( GEOMETRIC_REPRESENTATION_CONTEXT ( 3 ) GLOBAL_UNCERTAINTY_ASSIGNED_CONTEXT ( ( #921 ) ) GLOBAL_UNIT_ASSIGNED_CONTEXT ( ( #17, #58, #5564 ) ) REPRESENTATION_CONTEXT ( 'NONE', 'WORKASPACE' ) );
#2550 = EDGE_LOOP ( 'NONE', ( #6009, #4057, #8581, #4339, #8281 ) ) ;
#2551 = DIRECTION ( 'NONE',  ( -0.000000000000000000, -0.000000000000000000, -1.000000000000000000 ) ) ;
#2552 = CARTESIAN_POINT ( 'NONE',  ( -2.274999999999999911, 0.2650000000000000133, -0.8909545442950493888 ) ) ;
#2553 = DIRECTION ( 'NONE',  ( -0.7071067811865463515, 0.000000000000000000, 0.7071067811865487940 ) ) ;
#2554 = DIRECTION ( 'NONE',  ( 0.000000000000000000, -0.9659258262890675351, 0.2588190451025238481 ) ) ;
#2555 = EDGE_CURVE ( 'NONE', #5653, #6981, #1038, .T. ) ;
#2556 = EDGE_CURVE ( 'NONE', #1688, #4584, #4815, .T. ) ;
#2557 = PRESENTATION_LAYER_ASSIGNMENT (  '', '', ( #2833 ) ) ;
#2558 = CARTESIAN_POINT ( 'NONE',  ( -3.810000000000000053, 0.9499999999999999556, -0.9899999999999999911 ) ) ;
#2559 = DIRECTION ( 'NONE',  ( -1.000000000000000000, 0.000000000000000000, 0.000000000000000000 ) ) ;
#2560 = SURFACE_STYLE_FILL_AREA ( #6647 ) ;
#2561 = EDGE_LOOP ( 'NONE', ( #2109, #738, #6421, #7686 ) ) ;
#2562 = DIRECTION ( 'NONE',  ( 0.7071067811865474617, -0.7071067811865474617, 0.000000000000000000 ) ) ;
#2563 = MECHANICAL_DESIGN_GEOMETRIC_PRESENTATION_REPRESENTATION (  '', ( #5239 ), #2418 ) ;
#2564 = CARTESIAN_POINT ( 'NONE',  ( -1.670000000000000373, -1.250000000000000000, -2.799999999999999822 ) ) ;
#2565 = ORIENTED_EDGE ( 'NONE', *, *, #6044, .T. ) ;
#2566 = VERTEX_POINT ( 'NONE', #8017 ) ;
#2567 = PRESENTATION_LAYER_ASSIGNMENT (  '', '', ( #4551 ) ) ;
#2568 = CARTESIAN_POINT ( 'NONE',  ( -2.905000000000000249, 0.2650000000000000133, 6.140192378864673728 ) ) ;
#2569 = EDGE_CURVE ( 'NONE', #7081, #2307, #5229, .T. ) ;
#2570 = CARTESIAN_POINT ( 'NONE',  ( -3.810000000000000053, 0.7500000000000000000, -2.500000000000000000 ) ) ;
#2571 = CARTESIAN_POINT ( 'NONE',  ( -2.905000000000000249, -0.3150000000000000022, -0.8909545442950493888 ) ) ;
#2572 =( GEOMETRIC_REPRESENTATION_CONTEXT ( 3 ) GLOBAL_UNCERTAINTY_ASSIGNED_CONTEXT ( ( #3551 ) ) GLOBAL_UNIT_ASSIGNED_CONTEXT ( ( #7141, #1122, #3272 ) ) REPRESENTATION_CONTEXT ( 'NONE', 'WORKASPACE' ) );
#2573 = ORIENTED_EDGE ( 'NONE', *, *, #7116, .T. ) ;
#2574 = COLOUR_RGB ( '',0.5607843137254902022, 0.6470588235294117974, 0.6352941176470587870 ) ;
#2575 = ORIENTED_EDGE ( 'NONE', *, *, #5038, .T. ) ;
#2576 = DIRECTION ( 'NONE',  ( 1.000000000000000000, 0.000000000000000000, 0.000000000000000000 ) ) ;
#2577 = EDGE_CURVE ( 'NONE', #3181, #966, #293, .T. ) ;
#2578 = PRESENTATION_LAYER_ASSIGNMENT (  '', '', ( #4405 ) ) ;
#2579 = CARTESIAN_POINT ( 'NONE',  ( 0.000000000000000000, 0.1650000000000000633, 6.700000000000000178 ) ) ;
#2580 =( BOUNDED_CURVE ( )  B_SPLINE_CURVE ( 3, ( #7747, #1715, #8476, #8384 ),
 .UNSPECIFIED., .F., .T. ) 
 B_SPLINE_CURVE_WITH_KNOTS ( ( 4, 4 ),
 ( 2.356194490192345281, 3.141592653589793116 ),
 .UNSPECIFIED. ) 
 CURVE ( )  GEOMETRIC_REPRESENTATION_ITEM ( )  RATIONAL_B_SPLINE_CURVE ( ( 1.000000000000000000, 0.9492530216741912330, 0.9492530216741912330, 1.000000000000000000 ) ) 
 REPRESENTATION_ITEM ( '' )  );
#2581 = LINE ( 'NONE', #251, #3653 ) ;
#2582 = ORIENTED_EDGE ( 'NONE', *, *, #1635, .F. ) ;
#2583 = DIRECTION ( 'NONE',  ( -0.000000000000000000, -0.000000000000000000, -1.000000000000000000 ) ) ;
#2584 = DIRECTION ( 'NONE',  ( -0.000000000000000000, -0.000000000000000000, -1.000000000000000000 ) ) ;
#2585 = ORIENTED_EDGE ( 'NONE', *, *, #7658, .T. ) ;
#2586 = LINE ( 'NONE', #3903, #6376 ) ;
#2587 = CARTESIAN_POINT ( 'NONE',  ( -1.320000000000000062, -1.250000000000000000, -1.399999999999999911 ) ) ;
#2588 = VERTEX_POINT ( 'NONE', #1466 ) ;
#2589 = PLANE ( 'NONE',  #4492 ) ;
#2590 = FACE_OUTER_BOUND ( 'NONE', #8576, .T. ) ;
#2591 = ORIENTED_EDGE ( 'NONE', *, *, #4396, .F. ) ;
#2592 = CARTESIAN_POINT ( 'NONE',  ( 2.754999999999999893, 0.3150000000000000022, -1.609045455704950278 ) ) ;
#2593 = CARTESIAN_POINT ( 'NONE',  ( -0.3649999999999998801, -0.2650000000000000133, 6.140192378864673728 ) ) ;
#2594 = CARTESIAN_POINT ( 'NONE',  ( 0.2598574789487829162, 0.2908531991698718455, -5.459384528706810791 ) ) ;
#2595 = UNCERTAINTY_MEASURE_WITH_UNIT (LENGTH_MEASURE( 1.000000000000000082E-05 ), #4062, 'distance_accuracy_value', 'NONE');
#2596 = DIRECTION ( 'NONE',  ( -0.000000000000000000, -0.000000000000000000, -1.000000000000000000 ) ) ;
#2597 = PRESENTATION_LAYER_ASSIGNMENT (  '', '', ( #2880 ) ) ;
#2598 = CARTESIAN_POINT ( 'NONE',  ( -2.289644660940672427, 0.3003553390593274308, -5.494846997554885704 ) ) ;
#2599 = SURFACE_SIDE_STYLE ('',( #7265 ) ) ;
#2600 = FILL_AREA_STYLE ('',( #523 ) ) ;
#2601 = CARTESIAN_POINT ( 'NONE',  ( -0.3503553390593271977, 0.3003553390593273753, -5.494846997554885704 ) ) ;
#2602 = CARTESIAN_POINT ( 'NONE',  ( -2.274999999999999911, -0.2784380551032344941, -5.440192378864676215 ) ) ;
#2603 = CARTESIAN_POINT ( 'NONE',  ( 0.1150000000000000883, 0.1650000000000000633, 6.700000000000000178 ) ) ;
#2604 = EDGE_CURVE ( 'NONE', #3911, #3990, #5885, .T. ) ;
#2605 = CARTESIAN_POINT ( 'NONE',  ( -0.3149999999999998357, 0.3150000000000000022, -2.500000000000000000 ) ) ;
#2606 = VECTOR ( 'NONE', #162, 1000.000000000000000 ) ;
#2607 =( NAMED_UNIT ( * ) SI_UNIT ( $, .STERADIAN. ) SOLID_ANGLE_UNIT ( ) );
#2608 = ORIENTED_EDGE ( 'NONE', *, *, #2975, .T. ) ;
#2609 = ORIENTED_EDGE ( 'NONE', *, *, #1387, .T. ) ;
#2610 = CARTESIAN_POINT ( 'NONE',  ( 2.225000000000000533, 0.3150000000000000022, -5.440192378864675327 ) ) ;
#2611 = FILL_AREA_STYLE_COLOUR ( '', #1082 ) ;
#2612 = DIRECTION ( 'NONE',  ( 0.7071067811865475727, 0.7071067811865475727, -0.000000000000000000 ) ) ;
#2613 = STYLED_ITEM ( 'NONE', ( #6322 ), #2176 ) ;
#2614 = ORIENTED_EDGE ( 'NONE', *, *, #1367, .T. ) ;
#2615 = CARTESIAN_POINT ( 'NONE',  ( 0.8699999999999996625, 1.250000000000000000, -2.799999999999999822 ) ) ;
#2616 = VERTEX_POINT ( 'NONE', #5582 ) ;
#2617 = FACE_OUTER_BOUND ( 'NONE', #2921, .T. ) ;
#2618 = EDGE_CURVE ( 'NONE', #6508, #2501, #2958, .T. ) ;
#2619 = EDGE_CURVE ( 'NONE', #2705, #4623, #4151, .T. ) ;
#2620 = DIRECTION ( 'NONE',  ( 0.7071067811865474617, -0.7071067811865474617, 0.000000000000000000 ) ) ;
#2621 = VECTOR ( 'NONE', #37, 1000.000000000000000 ) ;
#2622 = DIRECTION ( 'NONE',  ( 0.000000000000000000, -1.000000000000000000, 0.000000000000000000 ) ) ;
#2623 = UNCERTAINTY_MEASURE_WITH_UNIT (LENGTH_MEASURE( 1.000000000000000082E-05 ), #8574, 'distance_accuracy_value', 'NONE');
#2624 = DIRECTION ( 'NONE',  ( 0.000000000000000000, 0.000000000000000000, -1.000000000000000000 ) ) ;
#2625 = ORIENTED_EDGE ( 'NONE', *, *, #1696, .F. ) ;
#2626 = PLANE ( 'NONE',  #8699 ) ;
#2627 = EDGE_CURVE ( 'NONE', #8752, #3789, #4318, .T. ) ;
#2628 = DIRECTION ( 'NONE',  ( -1.000000000000000000, 0.000000000000000000, 0.000000000000000000 ) ) ;
#2629 = ORIENTED_EDGE ( 'NONE', *, *, #5608, .F. ) ;
#2630 = EDGE_CURVE ( 'NONE', #4620, #5864, #8225, .T. ) ;
#2631 = DIRECTION ( 'NONE',  ( -0.000000000000000000, -0.000000000000000000, 1.000000000000000000 ) ) ;
#2632 = VERTEX_POINT ( 'NONE', #3000 ) ;
#2633 = VERTEX_POINT ( 'NONE', #7541 ) ;
#2634 = VECTOR ( 'NONE', #1255, 1000.000000000000000 ) ;
#2635 = FACE_OUTER_BOUND ( 'NONE', #6953, .T. ) ;
#2636 = ORIENTED_EDGE ( 'NONE', *, *, #8434, .F. ) ;
#2637 = DIRECTION ( 'NONE',  ( 1.000000000000000000, 0.000000000000000000, 0.000000000000000000 ) ) ;
#2638 = SURFACE_SIDE_STYLE ('',( #7891 ) ) ;
#2639 = CARTESIAN_POINT ( 'NONE',  ( -1.543333333333331003, 3.216666666666669006, 1.966666666666676555 ) ) ;
#2640 = CARTESIAN_POINT ( 'NONE',  ( -2.905000000000000249, 0.2784380551032345497, -5.440192378864675327 ) ) ;
#2641 = VECTOR ( 'NONE', #6469, 1000.000000000000000 ) ;
#2642 = CARTESIAN_POINT ( 'NONE',  ( 1.570000000000000284, 1.250000000000000000, -2.799999999999999822 ) ) ;
#2643 =( LENGTH_UNIT ( ) NAMED_UNIT ( * ) SI_UNIT ( .MILLI., .METRE. ) );
#2644 = CARTESIAN_POINT ( 'NONE',  ( 1.443333333333330692, 3.216666666666669006, 1.966666666666676555 ) ) ;
#2645 = DIRECTION ( 'NONE',  ( 1.000000000000000000, 0.000000000000000000, 0.000000000000000000 ) ) ;
#2646 =( NAMED_UNIT ( * ) PLANE_ANGLE_UNIT ( ) SI_UNIT ( $, .RADIAN. ) );
#2647 = LINE ( 'NONE', #5253, #3224 ) ;
#2648 = COLOUR_RGB ( '',0.8509803921568627194, 0.8509803921568627194, 0.8509803921568627194 ) ;
#2649 =( LENGTH_UNIT ( ) NAMED_UNIT ( * ) SI_UNIT ( .MILLI., .METRE. ) );
#2650 = FACE_OUTER_BOUND ( 'NONE', #504, .T. ) ;
#2651 = FILL_AREA_STYLE_COLOUR ( '', #7730 ) ;
#2652 = ORIENTED_EDGE ( 'NONE', *, *, #6415, .F. ) ;
#2653 = ORIENTED_EDGE ( 'NONE', *, *, #72, .T. ) ;
#2654 = DIRECTION ( 'NONE',  ( 0.000000000000000000, -1.000000000000000000, 0.000000000000000000 ) ) ;
#2655 = CARTESIAN_POINT ( 'NONE',  ( -3.510000000000000231, -1.249999999999999556, 6.699999999999999289 ) ) ;
#2656 = EDGE_CURVE ( 'NONE', #4428, #177, #5669, .T. ) ;
#2657 = DIRECTION ( 'NONE',  ( -0.000000000000000000, -0.000000000000000000, 1.000000000000000000 ) ) ;
#2658 = ORIENTED_EDGE ( 'NONE', *, *, #3499, .F. ) ;
#2659 =( GEOMETRIC_REPRESENTATION_CONTEXT ( 3 ) GLOBAL_UNCERTAINTY_ASSIGNED_CONTEXT ( ( #4557 ) ) GLOBAL_UNIT_ASSIGNED_CONTEXT ( ( #7803, #912, #4981 ) ) REPRESENTATION_CONTEXT ( 'NONE', 'WORKASPACE' ) );
#2660 = CARTESIAN_POINT ( 'NONE',  ( -1.270000000000000240, 0.9499999999999996225, -0.9899999999999995470 ) ) ;
#2661 = FILL_AREA_STYLE_COLOUR ( '', #814 ) ;
#2662 = UNCERTAINTY_MEASURE_WITH_UNIT (LENGTH_MEASURE( 1.000000000000000082E-05 ), #4709, 'distance_accuracy_value', 'NONE');
#2663 = COLOUR_RGB ( '',0.5607843137254902022, 0.6470588235294117974, 0.6352941176470587870 ) ;
#2664 = PRESENTATION_STYLE_ASSIGNMENT (( #8716 ) ) ;
#2665 = EDGE_CURVE ( 'NONE', #2773, #31, #2167, .T. ) ;
#2666 = ADVANCED_FACE ( 'NONE', ( #2333 ), #7581, .F. ) ;
#2667 = FACE_OUTER_BOUND ( 'NONE', #1332, .T. ) ;
#2668 = MECHANICAL_DESIGN_GEOMETRIC_PRESENTATION_REPRESENTATION (  '', ( #6452 ), #1268 ) ;
#2669 = ORIENTED_EDGE ( 'NONE', *, *, #5148, .T. ) ;
#2670 = DIRECTION ( 'NONE',  ( -0.000000000000000000, -1.000000000000000000, -0.000000000000000000 ) ) ;
#2671 = AXIS2_PLACEMENT_3D ( 'NONE', #5031, #459, #5718 ) ;
#2672 = CARTESIAN_POINT ( 'NONE',  ( -2.754999999999999893, 0.000000000000000000, -6.000000000000000000 ) ) ;
#2673 = CARTESIAN_POINT ( 'NONE',  ( -0.1592304845412999825, -0.9499999999999999556, -1.800000000000000044 ) ) ;
#2674 = UNCERTAINTY_MEASURE_WITH_UNIT (LENGTH_MEASURE( 1.000000000000000082E-05 ), #6854, 'distance_accuracy_value', 'NONE');
#2675 = ADVANCED_FACE ( 'NONE', ( #788 ), #3509, .T. ) ;
#2676 = PLANE ( 'NONE',  #7712 ) ;
#2677 = VECTOR ( 'NONE', #5159, 1000.000000000000000 ) ;
#2678 = PLANE ( 'NONE',  #3791 ) ;
#2679 = VECTOR ( 'NONE', #2503, 1000.000000000000227 ) ;
#2680 = PRESENTATION_LAYER_ASSIGNMENT (  '', '', ( #4221 ) ) ;
#2681 = MECHANICAL_DESIGN_GEOMETRIC_PRESENTATION_REPRESENTATION (  '', ( #5352 ), #7597 ) ;
#2682 = ORIENTED_EDGE ( 'NONE', *, *, #3193, .T. ) ;
#2683 = CARTESIAN_POINT ( 'NONE',  ( -2.589999999999996749, -0.7500000000000000000, -3.719999999999999307 ) ) ;
#2684 = SURFACE_SIDE_STYLE ('',( #3373 ) ) ;
#2685 = ORIENTED_EDGE ( 'NONE', *, *, #3849, .T. ) ;
#2686 = AXIS2_PLACEMENT_3D ( 'NONE', #3032, #5697, #6367 ) ;
#2687 = VECTOR ( 'NONE', #1626, 1000.000000000000000 ) ;
#2688 = FACE_OUTER_BOUND ( 'NONE', #760, .T. ) ;
#2689 = LINE ( 'NONE', #2811, #6302 ) ;
#2690 = VECTOR ( 'NONE', #3555, 1000.000000000000000 ) ;
#2691 = CARTESIAN_POINT ( 'NONE',  ( -0.3649999999999998801, 0.2650000000000000133, -5.440192378864675327 ) ) ;
#2692 = CARTESIAN_POINT ( 'NONE',  ( -3.910000000000000142, 0.8499999999999998668, 6.699999999999999289 ) ) ;
#2693 = SURFACE_STYLE_FILL_AREA ( #6686 ) ;
#2694 = CARTESIAN_POINT ( 'NONE',  ( -1.103147515578000171, -1.550000000000000044, -1.000000000000000000 ) ) ;
#2695 = FACE_OUTER_BOUND ( 'NONE', #306, .T. ) ;
#2696 = ORIENTED_EDGE ( 'NONE', *, *, #797, .F. ) ;
#2697 = ORIENTED_EDGE ( 'NONE', *, *, #5506, .F. ) ;
#2698 = MECHANICAL_DESIGN_GEOMETRIC_PRESENTATION_REPRESENTATION (  '', ( #2135 ), #6335 ) ;
#2699 =( NAMED_UNIT ( * ) SI_UNIT ( $, .STERADIAN. ) SOLID_ANGLE_UNIT ( ) );
#2700 = DIRECTION ( 'NONE',  ( 1.000000000000000000, 0.000000000000000000, 0.000000000000000000 ) ) ;
#2701 = VECTOR ( 'NONE', #4103, 1000.000000000000000 ) ;
#2702 =( NAMED_UNIT ( * ) SI_UNIT ( $, .STERADIAN. ) SOLID_ANGLE_UNIT ( ) );
#2703 =( GEOMETRIC_REPRESENTATION_CONTEXT ( 3 ) GLOBAL_UNCERTAINTY_ASSIGNED_CONTEXT ( ( #6909 ) ) GLOBAL_UNIT_ASSIGNED_CONTEXT ( ( #5745, #1813, #8427 ) ) REPRESENTATION_CONTEXT ( 'NONE', 'WORKASPACE' ) );
#2704 = CARTESIAN_POINT ( 'NONE',  ( 1.169999999999999929, 0.8499999999999998668, -0.4000000000000010214 ) ) ;
#2705 = VERTEX_POINT ( 'NONE', #8489 ) ;
#2706 =( NAMED_UNIT ( * ) SI_UNIT ( $, .STERADIAN. ) SOLID_ANGLE_UNIT ( ) );
#2707 = DIRECTION ( 'NONE',  ( -0.7071067811865475727, -0.7071067811865475727, 0.000000000000000000 ) ) ;
#2708 = PRESENTATION_STYLE_ASSIGNMENT (( #3270 ) ) ;
#2709 = STYLED_ITEM ( 'NONE', ( #502 ), #6353 ) ;
#2710 = AXIS2_PLACEMENT_3D ( 'NONE', #3435, #5396, #4031 ) ;
#2711 = FACE_OUTER_BOUND ( 'NONE', #5727, .T. ) ;
#2712 = FILL_AREA_STYLE_COLOUR ( '', #8479 ) ;
#2713 = ORIENTED_EDGE ( 'NONE', *, *, #3083, .F. ) ;
#2714 =( LENGTH_UNIT ( ) NAMED_UNIT ( * ) SI_UNIT ( .MILLI., .METRE. ) );
#2715 = FACE_OUTER_BOUND ( 'NONE', #5165, .T. ) ;
#2716 = CARTESIAN_POINT ( 'NONE',  ( -1.270000000000000240, -0.7500000000000000000, -2.499999999999998668 ) ) ;
#2717 = UNCERTAINTY_MEASURE_WITH_UNIT (LENGTH_MEASURE( 1.000000000000000082E-05 ), #5500, 'distance_accuracy_value', 'NONE');
#2718 = MECHANICAL_DESIGN_GEOMETRIC_PRESENTATION_REPRESENTATION (  '', ( #733 ), #296 ) ;
#2719 = EDGE_CURVE ( 'NONE', #6781, #6380, #7808, .T. ) ;
#2720 = FILL_AREA_STYLE_COLOUR ( '', #5053 ) ;
#2721 = ORIENTED_EDGE ( 'NONE', *, *, #5136, .T. ) ;
#2722 = MECHANICAL_DESIGN_GEOMETRIC_PRESENTATION_REPRESENTATION (  '', ( #3840 ), #8082 ) ;
#2723 = PLANE ( 'NONE',  #4104 ) ;
#2724 =( NAMED_UNIT ( * ) SI_UNIT ( $, .STERADIAN. ) SOLID_ANGLE_UNIT ( ) );
#2725 = FILL_AREA_STYLE ('',( #1362 ) ) ;
#2726 = VERTEX_POINT ( 'NONE', #1159 ) ;
#2727 = LINE ( 'NONE', #6134, #7461 ) ;
#2728 = SURFACE_SIDE_STYLE ('',( #15 ) ) ;
#2729 = EDGE_CURVE ( 'NONE', #8646, #1734, #1778, .T. ) ;
#2730 = ADVANCED_FACE ( 'NONE', ( #2512 ), #1101, .F. ) ;
#2731 = CARTESIAN_POINT ( 'NONE',  ( 0.1150000000000000883, 0.000000000000000000, 6.700000000000000178 ) ) ;
#2732 = STYLED_ITEM ( 'NONE', ( #1006 ), #1041 ) ;
#2733 = CARTESIAN_POINT ( 'NONE',  ( 0.2672456717146063920, 0.3172456717146062144, -5.431811417928645191 ) ) ;
#2734 = CARTESIAN_POINT ( 'NONE',  ( 0.1150000000000000883, 0.000000000000000000, -6.000000000000000000 ) ) ;
#2735 = CARTESIAN_POINT ( 'NONE',  ( 2.540000000000000036, -0.1650000000000000633, 6.700000000000000178 ) ) ;
#2736 = DIRECTION ( 'NONE',  ( 1.000000000000000000, 0.000000000000000000, 0.000000000000000000 ) ) ;
#2737 = LINE ( 'NONE', #8210, #2384 ) ;
#2738 = ORIENTED_EDGE ( 'NONE', *, *, #7358, .F. ) ;
#2739 = SURFACE_STYLE_FILL_AREA ( #4605 ) ;
#2740 = EDGE_LOOP ( 'NONE', ( #316, #2012, #1748, #1615 ) ) ;
#2741 = SURFACE_STYLE_USAGE ( .BOTH. , #7372 ) ;
#2742 = LINE ( 'NONE', #5423, #1947 ) ;
#2743 =( GEOMETRIC_REPRESENTATION_CONTEXT ( 3 ) GLOBAL_UNCERTAINTY_ASSIGNED_CONTEXT ( ( #650 ) ) GLOBAL_UNIT_ASSIGNED_CONTEXT ( ( #5275, #7344, #7880 ) ) REPRESENTATION_CONTEXT ( 'NONE', 'WORKASPACE' ) );
#2744 = PRESENTATION_LAYER_ASSIGNMENT (  '', '', ( #7085 ) ) ;
#2745 = LINE ( 'NONE', #5427, #3310 ) ;
#2746 = VERTEX_POINT ( 'NONE', #8534 ) ;
#2747 = PLANE ( 'NONE',  #6666 ) ;
#2748 = UNCERTAINTY_MEASURE_WITH_UNIT (LENGTH_MEASURE( 1.000000000000000082E-05 ), #8141, 'distance_accuracy_value', 'NONE');
#2749 = STYLED_ITEM ( 'NONE', ( #5622 ), #3023 ) ;
#2750 = STYLED_ITEM ( 'NONE', ( #7943 ), #1863 ) ;
#2751 = DIRECTION ( 'NONE',  ( 0.000000000000000000, 0.000000000000000000, -1.000000000000000000 ) ) ;
#2752 = SURFACE_STYLE_USAGE ( .BOTH. , #6001 ) ;
#2753 = VECTOR ( 'NONE', #5342, 1000.000000000000227 ) ;
#2754 = DIRECTION ( 'NONE',  ( 1.000000000000000000, 0.000000000000000000, 0.000000000000000000 ) ) ;
#2755 = VECTOR ( 'NONE', #2275, 1000.000000000000000 ) ;
#2756 = EDGE_CURVE ( 'NONE', #7059, #799, #2431, .T. ) ;
#2757 = FILL_AREA_STYLE ('',( #3588 ) ) ;
#2758 = EDGE_LOOP ( 'NONE', ( #4445, #3660, #3240, #397 ) ) ;
#2759 = UNCERTAINTY_MEASURE_WITH_UNIT (LENGTH_MEASURE( 1.000000000000000082E-05 ), #5553, 'distance_accuracy_value', 'NONE');
#2760 =( NAMED_UNIT ( * ) SI_UNIT ( $, .STERADIAN. ) SOLID_ANGLE_UNIT ( ) );
#2761 = LINE ( 'NONE', #2849, #4058 ) ;
#2762 = EDGE_CURVE ( 'NONE', #677, #6350, #5160, .T. ) ;
#2763 = LINE ( 'NONE', #6760, #2389 ) ;
#2764 = LINE ( 'NONE', #3482, #1286 ) ;
#2765 = LINE ( 'NONE', #4832, #5607 ) ;
#2766 = DIRECTION ( 'NONE',  ( 0.000000000000000000, 0.000000000000000000, -1.000000000000000000 ) ) ;
#2767 =( NAMED_UNIT ( * ) PLANE_ANGLE_UNIT ( ) SI_UNIT ( $, .RADIAN. ) );
#2768 = PLANE ( 'NONE',  #532 ) ;
#2769 = EDGE_CURVE ( 'NONE', #1940, #6873, #7853, .T. ) ;
#2770 = CARTESIAN_POINT ( 'NONE',  ( 0.1046410161513774556, 0.1546410161513774584, 6.738660254037845299 ) ) ;
#2771 = CARTESIAN_POINT ( 'NONE',  ( -1.103147515577996840, -1.249999999999999556, -1.800000000000006040 ) ) ;
#2772 = LINE ( 'NONE', #2231, #7468 ) ;
#2773 = VERTEX_POINT ( 'NONE', #1677 ) ;
#2774 = DIRECTION ( 'NONE',  ( -0.4765988668615850354, 0.000000000000000000, 0.8791208791208711126 ) ) ;
#2775 = UNCERTAINTY_MEASURE_WITH_UNIT (LENGTH_MEASURE( 1.000000000000000082E-05 ), #6961, 'distance_accuracy_value', 'NONE');
#2776 = ORIENTED_EDGE ( 'NONE', *, *, #8615, .F. ) ;
#2777 = SURFACE_SIDE_STYLE ('',( #6116 ) ) ;
#2778 = EDGE_CURVE ( 'NONE', #918, #2276, #6426, .T. ) ;
#2779 = SURFACE_SIDE_STYLE ('',( #8219 ) ) ;
#2780 = CARTESIAN_POINT ( 'NONE',  ( -2.582036360588150004, 0.007963639411850471916, 7.345509090147042564 ) ) ;
#2781 = DIRECTION ( 'NONE',  ( 1.000000000000000000, 0.000000000000000000, -0.000000000000000000 ) ) ;
#2782 = ORIENTED_EDGE ( 'NONE', *, *, #8556, .F. ) ;
#2783 = PRESENTATION_STYLE_ASSIGNMENT (( #8258 ) ) ;
#2784 = DIRECTION ( 'NONE',  ( 0.000000000000000000, 0.000000000000000000, 1.000000000000000000 ) ) ;
#2785 = PRESENTATION_STYLE_ASSIGNMENT (( #3433 ) ) ;
#2786 = LINE ( 'NONE', #3395, #6637 ) ;
#2787 = UNCERTAINTY_MEASURE_WITH_UNIT (LENGTH_MEASURE( 1.000000000000000082E-05 ), #6325, 'distance_accuracy_value', 'NONE');
#2788 = FILL_AREA_STYLE_COLOUR ( '', #7185 ) ;
#2789 =( NAMED_UNIT ( * ) SI_UNIT ( $, .STERADIAN. ) SOLID_ANGLE_UNIT ( ) );
#2790 = SURFACE_STYLE_USAGE ( .BOTH. , #6660 ) ;
#2791 =( GEOMETRIC_REPRESENTATION_CONTEXT ( 3 ) GLOBAL_UNCERTAINTY_ASSIGNED_CONTEXT ( ( #4036 ) ) GLOBAL_UNIT_ASSIGNED_CONTEXT ( ( #5808, #3264, #5303 ) ) REPRESENTATION_CONTEXT ( 'NONE', 'WORKASPACE' ) );
#2792 =( NAMED_UNIT ( * ) PLANE_ANGLE_UNIT ( ) SI_UNIT ( $, .RADIAN. ) );
#2793 = APPLICATION_PROTOCOL_DEFINITION ( 'draft international standard', 'automotive_design', 1998, #7542 ) ;
#2794 = ORIENTED_EDGE ( 'NONE', *, *, #90, .F. ) ;
#2795 = ORIENTED_EDGE ( 'NONE', *, *, #4159, .T. ) ;
#2796 = STYLED_ITEM ( 'NONE', ( #1742 ), #4165 ) ;
#2797 = DIRECTION ( 'NONE',  ( 0.5773502691896251759, 0.5773502691896251759, 0.5773502691896270633 ) ) ;
#2798 = VECTOR ( 'NONE', #5638, 1000.000000000000000 ) ;
#2799 = AXIS2_PLACEMENT_3D ( 'NONE', #1768, #2421, #6593 ) ;
#2800 = FACE_OUTER_BOUND ( 'NONE', #4611, .T. ) ;
#2801 = FACE_OUTER_BOUND ( 'NONE', #4645, .T. ) ;
#2802 = ORIENTED_EDGE ( 'NONE', *, *, #6701, .F. ) ;
#2803 = DIRECTION ( 'NONE',  ( 1.000000000000000000, 0.000000000000000000, 0.000000000000000000 ) ) ;
#2804 = CARTESIAN_POINT ( 'NONE',  ( -3.810000000000000053, -0.7500000000000000000, -2.500000000000000000 ) ) ;
#2805 =( BOUNDED_CURVE ( )  B_SPLINE_CURVE ( 3, ( #4593, #2594, #5285, #7937 ),
 .UNSPECIFIED., .F., .T. ) 
 B_SPLINE_CURVE_WITH_KNOTS ( ( 4, 4 ),
 ( 2.356194490192341728, 3.141592653589793116 ),
 .UNSPECIFIED. ) 
 CURVE ( )  GEOMETRIC_REPRESENTATION_ITEM ( )  RATIONAL_B_SPLINE_CURVE ( ( 1.000000000000000000, 0.9492530216741906779, 0.9492530216741906779, 1.000000000000000000 ) ) 
 REPRESENTATION_ITEM ( '' )  );
#2806 = VECTOR ( 'NONE', #6512, 1000.000000000000000 ) ;
#2807 = ORIENTED_EDGE ( 'NONE', *, *, #5867, .T. ) ;
#2808 = SURFACE_STYLE_FILL_AREA ( #94 ) ;
#2809 = MECHANICAL_DESIGN_GEOMETRIC_PRESENTATION_REPRESENTATION (  '', ( #683 ), #4212 ) ;
#2810 = MECHANICAL_DESIGN_GEOMETRIC_PRESENTATION_REPRESENTATION (  '', ( #7322 ), #4224 ) ;
#2811 = CARTESIAN_POINT ( 'NONE',  ( -0.9699999999999999734, 1.250000000000000000, 0.000000000000000000 ) ) ;
#2812 = LINE ( 'NONE', #8249, #1302 ) ;
#2814 = CARTESIAN_POINT ( 'NONE',  ( 1.169999999999999929, 0.9499999999999999556, -0.9899999999999999911 ) ) ;
#2813 = COLOUR_RGB ( '',0.9686274509803921573, 0.8784313725490195957, 0.5999999999999999778 ) ;
#2815 =( NAMED_UNIT ( * ) SI_UNIT ( $, .STERADIAN. ) SOLID_ANGLE_UNIT ( ) );
#2816 = VECTOR ( 'NONE', #5192, 1000.000000000000000 ) ;
#2817 = SURFACE_STYLE_FILL_AREA ( #5570 ) ;
#2818 = ADVANCED_FACE ( 'NONE', ( #7032 ), #8438, .T. ) ;
#2819 = VERTEX_POINT ( 'NONE', #5333 ) ;
#2820 = EDGE_CURVE ( 'NONE', #6769, #1464, #5297, .T. ) ;
#2821 = MECHANICAL_DESIGN_GEOMETRIC_PRESENTATION_REPRESENTATION (  '', ( #6994 ), #3371 ) ;
#2822 = SURFACE_STYLE_USAGE ( .BOTH. , #952 ) ;
#2823 = VECTOR ( 'NONE', #222, 1000.000000000000000 ) ;
#2824 = PLANE ( 'NONE',  #7427 ) ;
#2825 = PRESENTATION_LAYER_ASSIGNMENT (  '', '', ( #6321 ) ) ;
#2826 =( NAMED_UNIT ( * ) SI_UNIT ( $, .STERADIAN. ) SOLID_ANGLE_UNIT ( ) );
#2827 = FILL_AREA_STYLE ('',( #4146 ) ) ;
#2828 = ORIENTED_EDGE ( 'NONE', *, *, #979, .F. ) ;
#2829 = ORIENTED_EDGE ( 'NONE', *, *, #3973, .F. ) ;
#2830 = CARTESIAN_POINT ( 'NONE',  ( -0.9699999999999999734, 0.7500000000000000000, -2.799999999999999822 ) ) ;
#2831 = CARTESIAN_POINT ( 'NONE',  ( 1.763333333333335418, -2.183333333333335791, 0.6333333333333477366 ) ) ;
#2832 = LINE ( 'NONE', #2911, #5202 ) ;
#2833 = STYLED_ITEM ( 'NONE', ( #653 ), #5937 ) ;
#2834 = DIRECTION ( 'NONE',  ( -1.000000000000000000, 0.000000000000000000, 0.000000000000000000 ) ) ;
#2835 = EDGE_CURVE ( 'NONE', #4436, #3061, #4642, .T. ) ;
#2836 = AXIS2_PLACEMENT_3D ( 'NONE', #3516, #6221, #4250 ) ;
#2837 = DIRECTION ( 'NONE',  ( 1.000000000000000000, 0.000000000000000000, 0.000000000000000000 ) ) ;
#2838 = PLANE ( 'NONE',  #3668 ) ;
#2839 = MECHANICAL_DESIGN_GEOMETRIC_PRESENTATION_REPRESENTATION (  '', ( #7762 ), #8348 ) ;
#2840 = PRESENTATION_STYLE_ASSIGNMENT (( #4772 ) ) ;
#2841 = CARTESIAN_POINT ( 'NONE',  ( 1.269999999999999796, -0.9499999999999995115, 6.699999999999999289 ) ) ;
#2842 = CARTESIAN_POINT ( 'NONE',  ( 2.790355339059327200, -0.3003553390593272643, 6.194846997554884105 ) ) ;
#2843 = EDGE_LOOP ( 'NONE', ( #7827, #8308, #4294, #7648, #3421, #6824, #7694, #5729, #7710, #7174 ) ) ;
#2844 = SURFACE_STYLE_FILL_AREA ( #885 ) ;
#2845 = DIRECTION ( 'NONE',  ( 0.000000000000000000, -1.000000000000000000, 0.000000000000000000 ) ) ;
#2846 = ORIENTED_EDGE ( 'NONE', *, *, #5709, .T. ) ;
#2847 = COLOUR_RGB ( '',0.9686274509803921573, 0.8784313725490195957, 0.5999999999999999778 ) ;
#2848 = EDGE_LOOP ( 'NONE', ( #530, #2881, #6052, #2575 ) ) ;
#2849 = CARTESIAN_POINT ( 'NONE',  ( 4.303333333333336341, 2.183333333333336679, 0.6333333333333477366 ) ) ;
#2850 =( NAMED_UNIT ( * ) PLANE_ANGLE_UNIT ( ) SI_UNIT ( $, .RADIAN. ) );
#2851 = VECTOR ( 'NONE', #5211, 1000.000000000000000 ) ;
#2852 = ORIENTED_EDGE ( 'NONE', *, *, #7350, .T. ) ;
#2853 =( GEOMETRIC_REPRESENTATION_CONTEXT ( 3 ) GLOBAL_UNCERTAINTY_ASSIGNED_CONTEXT ( ( #8153 ) ) GLOBAL_UNIT_ASSIGNED_CONTEXT ( ( #248, #880, #1152 ) ) REPRESENTATION_CONTEXT ( 'NONE', 'WORKASPACE' ) );
#2854 = LINE ( 'NONE', #8244, #6949 ) ;
#2855 = SURFACE_STYLE_FILL_AREA ( #3413 ) ;
#2856 = UNCERTAINTY_MEASURE_WITH_UNIT (LENGTH_MEASURE( 1.000000000000000082E-05 ), #2919, 'distance_accuracy_value', 'NONE');
#2857 = CARTESIAN_POINT ( 'NONE',  ( -2.854999999999999982, 0.3150000000000000022, 0.000000000000000000 ) ) ;
#2858 = VECTOR ( 'NONE', #8449, 1000.000000000000000 ) ;
#2859 =( NAMED_UNIT ( * ) SI_UNIT ( $, .STERADIAN. ) SOLID_ANGLE_UNIT ( ) );
#2860 =( GEOMETRIC_REPRESENTATION_CONTEXT ( 3 ) GLOBAL_UNCERTAINTY_ASSIGNED_CONTEXT ( ( #4628 ) ) GLOBAL_UNIT_ASSIGNED_CONTEXT ( ( #7802, #4510, #8431 ) ) REPRESENTATION_CONTEXT ( 'NONE', 'WORKASPACE' ) );
#2861 = PLANE ( 'NONE',  #3667 ) ;
#2862 = SURFACE_SIDE_STYLE ('',( #2157 ) ) ;
#2863 = DIRECTION ( 'NONE',  ( -1.000000000000000000, 0.000000000000000000, 0.000000000000000000 ) ) ;
#2864 = FACE_OUTER_BOUND ( 'NONE', #6227, .T. ) ;
#2865 = CARTESIAN_POINT ( 'NONE',  ( 0.2503553390593273864, 0.3003553390593273753, 6.194846997554884105 ) ) ;
#2866 = LINE ( 'NONE', #2235, #695 ) ;
#2867 = CARTESIAN_POINT ( 'NONE',  ( 2.225000000000000533, -0.2650000000000000133, -2.500000000000000000 ) ) ;
#2868 =( LENGTH_UNIT ( ) NAMED_UNIT ( * ) SI_UNIT ( .MILLI., .METRE. ) );
#2869 = FILL_AREA_STYLE_COLOUR ( '', #6724 ) ;
#2870 = ADVANCED_FACE ( 'NONE', ( #2650 ), #5254, .T. ) ;
#2871 = CARTESIAN_POINT ( 'NONE',  ( -0.3649999999999998801, 0.2650000000000000133, 6.140192378864673728 ) ) ;
#2872 =( LENGTH_UNIT ( ) NAMED_UNIT ( * ) SI_UNIT ( .MILLI., .METRE. ) );
#2873 = ORIENTED_EDGE ( 'NONE', *, *, #8548, .F. ) ;
#2874 = CARTESIAN_POINT ( 'NONE',  ( -2.274999999999999911, 0.2650000000000000133, -2.500000000000000000 ) ) ;
#2875 = FILL_AREA_STYLE ('',( #6942 ) ) ;
#2876 = DIRECTION ( 'NONE',  ( -1.000000000000000000, 0.000000000000000000, 0.000000000000000000 ) ) ;
#2877 = FILL_AREA_STYLE_COLOUR ( '', #3868 ) ;
#2878 = CARTESIAN_POINT ( 'NONE',  ( -2.319999999999999840, -1.550000000000000044, -1.800000000000000044 ) ) ;
#2879 = DIRECTION ( 'NONE',  ( 0.5773502691896251759, -0.5773502691896251759, -0.5773502691896270633 ) ) ;
#2880 = STYLED_ITEM ( 'NONE', ( #4463 ), #2730 ) ;
#2881 = ORIENTED_EDGE ( 'NONE', *, *, #2170, .T. ) ;
#2882 = FACE_OUTER_BOUND ( 'NONE', #5952, .T. ) ;
#2883 = EDGE_CURVE ( 'NONE', #1825, #4420, #6601, .T. ) ;
#2884 = ADVANCED_FACE ( 'NONE', ( #2695 ), #8087, .F. ) ;
#2885 = DIRECTION ( 'NONE',  ( -0.000000000000000000, -0.000000000000000000, -1.000000000000000000 ) ) ;
#2886 = VERTEX_POINT ( 'NONE', #4306 ) ;
#2887 = PLANE ( 'NONE',  #4407 ) ;
#2888 = DIRECTION ( 'NONE',  ( 0.000000000000000000, 0.000000000000000000, 1.000000000000000000 ) ) ;
#2889 = VERTEX_POINT ( 'NONE', #1498 ) ;
#2890 = AXIS2_PLACEMENT_3D ( 'NONE', #5149, #1191, #317 ) ;
#2891 = MECHANICAL_DESIGN_GEOMETRIC_PRESENTATION_REPRESENTATION (  '', ( #188 ), #7970 ) ;
#2892 = ORIENTED_EDGE ( 'NONE', *, *, #3646, .F. ) ;
#2893 = CARTESIAN_POINT ( 'NONE',  ( 5.080000000000000071, 0.1650000000000000633, 6.700000000000000178 ) ) ;
#2894 = EDGE_CURVE ( 'NONE', #4577, #3318, #6929, .T. ) ;
#2895 =( GEOMETRIC_REPRESENTATION_CONTEXT ( 3 ) GLOBAL_UNCERTAINTY_ASSIGNED_CONTEXT ( ( #1085 ) ) GLOBAL_UNIT_ASSIGNED_CONTEXT ( ( #1738, #5166, #3004 ) ) REPRESENTATION_CONTEXT ( 'NONE', 'WORKASPACE' ) );
#2896 = ORIENTED_EDGE ( 'NONE', *, *, #1158, .F. ) ;
#2897 = VECTOR ( 'NONE', #2352, 1000.000000000000114 ) ;
#2898 = DIRECTION ( 'NONE',  ( 0.000000000000000000, -1.000000000000000000, 0.000000000000000000 ) ) ;
#2899 = LINE ( 'NONE', #6190, #7474 ) ;
#2900 = VECTOR ( 'NONE', #6937, 1000.000000000000000 ) ;
#2901 = LINE ( 'NONE', #816, #6066 ) ;
#2902 = DIRECTION ( 'NONE',  ( -0.7071067811865474617, 0.7071067811865474617, 0.000000000000000000 ) ) ;
#2903 = CARTESIAN_POINT ( 'NONE',  ( 1.169999999999999707, -0.9499999999999998446, -0.2999999999999999334 ) ) ;
#2904 = LINE ( 'NONE', #4802, #8618 ) ;
#2905 = FILL_AREA_STYLE ('',( #200 ) ) ;
#2906 = CARTESIAN_POINT ( 'NONE',  ( 2.790355339059328088, 0.3003553390593274308, -5.494846997554885704 ) ) ;
#2907 = CARTESIAN_POINT ( 'NONE',  ( -1.670000000000000373, 1.250000000000000000, -0.9899999999999995470 ) ) ;
#2908 = ORIENTED_EDGE ( 'NONE', *, *, #4071, .F. ) ;
#2909 = SURFACE_STYLE_USAGE ( .BOTH. , #8178 ) ;
#2910 = DIRECTION ( 'NONE',  ( 0.000000000000000000, 0.000000000000000000, -1.000000000000000000 ) ) ;
#2911 = CARTESIAN_POINT ( 'NONE',  ( -2.480769515458999930, -0.9499999999999999556, -1.800000000000000044 ) ) ;
#2912 = UNCERTAINTY_MEASURE_WITH_UNIT (LENGTH_MEASURE( 1.000000000000000082E-05 ), #7600, 'distance_accuracy_value', 'NONE');
#2913 =( LENGTH_UNIT ( ) NAMED_UNIT ( * ) SI_UNIT ( .MILLI., .METRE. ) );
#2914 = ORIENTED_EDGE ( 'NONE', *, *, #990, .T. ) ;
#2915 = FILL_AREA_STYLE_COLOUR ( '', #2247 ) ;
#2916 = EDGE_CURVE ( 'NONE', #3064, #6489, #8292, .T. ) ;
#2917 = DIRECTION ( 'NONE',  ( 1.000000000000000000, 0.000000000000000000, 0.000000000000000000 ) ) ;
#2918 = MECHANICAL_DESIGN_GEOMETRIC_PRESENTATION_REPRESENTATION (  '', ( #1805 ), #1237 ) ;
#2919 =( LENGTH_UNIT ( ) NAMED_UNIT ( * ) SI_UNIT ( .MILLI., .METRE. ) );
#2920 = SURFACE_STYLE_USAGE ( .BOTH. , #8316 ) ;
#2921 = EDGE_LOOP ( 'NONE', ( #5905, #6525, #1487, #5805 ) ) ;
#2922 = CARTESIAN_POINT ( 'NONE',  ( -1.370000000000000107, 0.8499999999999998668, 6.699999999999999289 ) ) ;
#2923 = CARTESIAN_POINT ( 'NONE',  ( 1.269999999999999796, 0.8499999999999998668, 6.699999999999999289 ) ) ;
#2924 = EDGE_CURVE ( 'NONE', #2129, #3978, #821, .T. ) ;
#2925 = EDGE_CURVE ( 'NONE', #3894, #1168, #8345, .T. ) ;
#2926 = EDGE_CURVE ( 'NONE', #6535, #2484, #4879, .T. ) ;
#2927 = CARTESIAN_POINT ( 'NONE',  ( -0.2396152422706999963, -1.250000000000000000, -1.000000000000000000 ) ) ;
#2928 = DIRECTION ( 'NONE',  ( 0.000000000000000000, 1.000000000000000000, 0.000000000000000000 ) ) ;
#2929 =( NAMED_UNIT ( * ) SI_UNIT ( $, .STERADIAN. ) SOLID_ANGLE_UNIT ( ) );
#2930 = VERTEX_POINT ( 'NONE', #6973 ) ;
#2931 = STYLED_ITEM ( 'NONE', ( #1179 ), #1314 ) ;
#2932 = PRESENTATION_LAYER_ASSIGNMENT (  '', '', ( #6991 ) ) ;
#2933 = FILL_AREA_STYLE_COLOUR ( '', #825 ) ;
#2934 = SURFACE_SIDE_STYLE ('',( #6451 ) ) ;
#2935 = EDGE_CURVE ( 'NONE', #7882, #3030, #2317, .T. ) ;
#2936 = STYLED_ITEM ( 'NONE', ( #1631 ), #7447 ) ;
#2937 = PRESENTATION_LAYER_ASSIGNMENT (  '', '', ( #2365 ) ) ;
#2938 = DIRECTION ( 'NONE',  ( 0.000000000000000000, 0.000000000000000000, 1.000000000000000000 ) ) ;
#2939 = VECTOR ( 'NONE', #3286, 1000.000000000000000 ) ;
#2940 = ORIENTED_EDGE ( 'NONE', *, *, #6832, .F. ) ;
#2941 = STYLED_ITEM ( 'NONE', ( #6887 ), #7672 ) ;
#2942 = CARTESIAN_POINT ( 'NONE',  ( -1.270000000000000240, 1.250000000000000000, -0.3000000000000013767 ) ) ;
#2943 = PLANE ( 'NONE',  #3803 ) ;
#2944 = CARTESIAN_POINT ( 'NONE',  ( 2.805000000000000160, 0.2650000000000000133, 6.140192378864673728 ) ) ;
#2945 = PRESENTATION_LAYER_ASSIGNMENT (  '', '', ( #4777 ) ) ;
#2946 = CARTESIAN_POINT ( 'NONE',  ( 0.2503553390593273864, 0.3003553390593273753, 6.194846997554884105 ) ) ;
#2947 = CARTESIAN_POINT ( 'NONE',  ( -3.810000000000000053, 0.7500000000000000000, -2.500000000000000000 ) ) ;
#2948 = PLANE ( 'NONE',  #1652 ) ;
#2949 = CARTESIAN_POINT ( 'NONE',  ( 1.570000000000000284, 1.250000000000000000, 0.000000000000000000 ) ) ;
#2950 =( GEOMETRIC_REPRESENTATION_CONTEXT ( 3 ) GLOBAL_UNCERTAINTY_ASSIGNED_CONTEXT ( ( #3857 ) ) GLOBAL_UNIT_ASSIGNED_CONTEXT ( ( #3001, #7994, #4727 ) ) REPRESENTATION_CONTEXT ( 'NONE', 'WORKASPACE' ) );
#2951 = CARTESIAN_POINT ( 'NONE',  ( -0.3649999999999998801, 0.2784380551032344941, 6.140192378864673728 ) ) ;
#2952 = CARTESIAN_POINT ( 'NONE',  ( 3.810000000000000053, -1.250000000000000000, 0.000000000000000000 ) ) ;
#2953 = ORIENTED_EDGE ( 'NONE', *, *, #217, .T. ) ;
#2954 = PRESENTATION_LAYER_ASSIGNMENT (  '', '', ( #3370 ) ) ;
#2955 = LINE ( 'NONE', #6209, #1476 ) ;
#2956 =( NAMED_UNIT ( * ) PLANE_ANGLE_UNIT ( ) SI_UNIT ( $, .RADIAN. ) );
#2957 = PRESENTATION_STYLE_ASSIGNMENT (( #2204 ) ) ;
#2958 = LINE ( 'NONE', #1557, #3704 ) ;
#2959 = CARTESIAN_POINT ( 'NONE',  ( 1.169999999999999929, 0.9499999999999996225, 6.699999999999999289 ) ) ;
#2960 = VERTEX_POINT ( 'NONE', #2865 ) ;
#2961 = VECTOR ( 'NONE', #4554, 1000.000000000000000 ) ;
#2962 = LINE ( 'NONE', #7543, #5884 ) ;
#2963 = SURFACE_STYLE_USAGE ( .BOTH. , #8445 ) ;
#2964 = UNCERTAINTY_MEASURE_WITH_UNIT (LENGTH_MEASURE( 1.000000000000000082E-05 ), #6850, 'distance_accuracy_value', 'NONE');
#2965 = LINE ( 'NONE', #5587, #4257 ) ;
#2966 = AXIS2_PLACEMENT_3D ( 'NONE', #2316, #1079, #6311 ) ;
#2967 = SURFACE_STYLE_USAGE ( .BOTH. , #6223 ) ;
#2968 = VERTEX_POINT ( 'NONE', #2903 ) ;
#2969 = CARTESIAN_POINT ( 'NONE',  ( 1.219999999999999751, -0.8999999999999994671, 6.699999999999999289 ) ) ;
#2970 = ORIENTED_EDGE ( 'NONE', *, *, #8717, .T. ) ;
#2971 = PRESENTATION_LAYER_ASSIGNMENT (  '', '', ( #1433 ) ) ;
#2972 = ORIENTED_EDGE ( 'NONE', *, *, #3013, .F. ) ;
#2973 =( NAMED_UNIT ( * ) PLANE_ANGLE_UNIT ( ) SI_UNIT ( $, .RADIAN. ) );
#2974 = VERTEX_POINT ( 'NONE', #4176 ) ;
#2975 = EDGE_CURVE ( 'NONE', #6827, #3706, #8631, .T. ) ;
#2976 = COLOUR_RGB ( '',0.5607843137254902022, 0.6470588235294117974, 0.6352941176470587870 ) ;
#2977 = ORIENTED_EDGE ( 'NONE', *, *, #5086, .T. ) ;
#2978 = CARTESIAN_POINT ( 'NONE',  ( 2.225000000000000533, 0.3150000000000000022, -2.500000000000000000 ) ) ;
#2979 = LINE ( 'NONE', #221, #681 ) ;
#2980 = ORIENTED_EDGE ( 'NONE', *, *, #7971, .T. ) ;
#2981 = VECTOR ( 'NONE', #1028, 1000.000000000000000 ) ;
#2982 = FILL_AREA_STYLE ('',( #8285 ) ) ;
#2983 = FILL_AREA_STYLE ('',( #6197 ) ) ;
#2984 = EDGE_CURVE ( 'NONE', #8701, #1825, #7614, .T. ) ;
#2985 = VERTEX_POINT ( 'NONE', #905 ) ;
#2986 = EDGE_CURVE ( 'NONE', #8492, #7291, #8164, .T. ) ;
#2987 = CARTESIAN_POINT ( 'NONE',  ( -3.810000000000000053, 0.9500000000000000666, -0.3000000000000008771 ) ) ;
#2988 = ORIENTED_EDGE ( 'NONE', *, *, #3354, .F. ) ;
#2989 = DIRECTION ( 'NONE',  ( -0.7071067811865463515, 0.000000000000000000, 0.7071067811865487940 ) ) ;
#2990 = DIRECTION ( 'NONE',  ( 0.7071067811865475727, 0.7071067811865475727, -0.000000000000000000 ) ) ;
#2991 = PRESENTATION_STYLE_ASSIGNMENT (( #2324 ) ) ;
#2992 = MECHANICAL_DESIGN_GEOMETRIC_PRESENTATION_REPRESENTATION (  '', ( #7207 ), #1894 ) ;
#2993 = CARTESIAN_POINT ( 'NONE',  ( 0.2408531991698718289, 0.3098574789487830161, 6.159384528706809192 ) ) ;
#2994 = CARTESIAN_POINT ( 'NONE',  ( -0.3649999999999998801, -0.2650000000000000133, -5.440192378864675327 ) ) ;
#2995 = EDGE_CURVE ( 'NONE', #2632, #6320, #7062, .T. ) ;
#2996 = ORIENTED_EDGE ( 'NONE', *, *, #1803, .T. ) ;
#2997 =( LENGTH_UNIT ( ) NAMED_UNIT ( * ) SI_UNIT ( .MILLI., .METRE. ) );
#2998 = DIRECTION ( 'NONE',  ( -1.000000000000000000, 0.000000000000000000, 0.000000000000000000 ) ) ;
#2999 = DIRECTION ( 'NONE',  ( 0.7071067811865475727, -0.7071067811865475727, 0.000000000000000000 ) ) ;
#3000 = CARTESIAN_POINT ( 'NONE',  ( 2.805000000000000160, 0.2650000000000000133, 6.140192378864673728 ) ) ;
#3001 =( LENGTH_UNIT ( ) NAMED_UNIT ( * ) SI_UNIT ( .MILLI., .METRE. ) );
#3002 = ORIENTED_EDGE ( 'NONE', *, *, #2627, .F. ) ;
#3003 = VERTEX_POINT ( 'NONE', #6847 ) ;
#3004 =( NAMED_UNIT ( * ) SI_UNIT ( $, .STERADIAN. ) SOLID_ANGLE_UNIT ( ) );
#3005 = ORIENTED_EDGE ( 'NONE', *, *, #2388, .T. ) ;
#3006 =( NAMED_UNIT ( * ) SI_UNIT ( $, .STERADIAN. ) SOLID_ANGLE_UNIT ( ) );
#3007 =( NAMED_UNIT ( * ) PLANE_ANGLE_UNIT ( ) SI_UNIT ( $, .RADIAN. ) );
#3008 = ORIENTED_EDGE ( 'NONE', *, *, #5867, .F. ) ;
#3009 = ORIENTED_EDGE ( 'NONE', *, *, #384, .T. ) ;
#3010 = VERTEX_POINT ( 'NONE', #2233 ) ;
#3011 = PRESENTATION_STYLE_ASSIGNMENT (( #3103 ) ) ;
#3012 = VERTEX_POINT ( 'NONE', #66 ) ;
#3013 = EDGE_CURVE ( 'NONE', #1292, #1648, #4137, .T. ) ;
#3014 = COLOUR_RGB ( '',0.5607843137254902022, 0.6470588235294117974, 0.6352941176470587870 ) ;
#3015 = STYLED_ITEM ( 'NONE', ( #8674 ), #1636 ) ;
#3016 = ORIENTED_EDGE ( 'NONE', *, *, #6896, .F. ) ;
#3017 = DIRECTION ( 'NONE',  ( -0.5773502691896251759, -0.5773502691896251759, 0.5773502691896270633 ) ) ;
#3018 = LINE ( 'NONE', #5688, #4026 ) ;
#3019 = CARTESIAN_POINT ( 'NONE',  ( -2.274999999999999911, -0.3150000000000000022, -0.8909545442950493888 ) ) ;
#3020 = ORIENTED_EDGE ( 'NONE', *, *, #4333, .F. ) ;
#3021 = UNCERTAINTY_MEASURE_WITH_UNIT (LENGTH_MEASURE( 1.000000000000000082E-05 ), #2419, 'distance_accuracy_value', 'NONE');
#3022 = CARTESIAN_POINT ( 'NONE',  ( 0.8699999999999996625, 1.250000000000000000, -2.799999999999999822 ) ) ;
#3023 = ADVANCED_FACE ( 'NONE', ( #7569 ), #4229, .F. ) ;
#3024 =( GEOMETRIC_REPRESENTATION_CONTEXT ( 3 ) GLOBAL_UNCERTAINTY_ASSIGNED_CONTEXT ( ( #1997 ) ) GLOBAL_UNIT_ASSIGNED_CONTEXT ( ( #4556, #2361, #368 ) ) REPRESENTATION_CONTEXT ( 'NONE', 'WORKASPACE' ) );
#3025 = COLOUR_RGB ( '',0.8509803921568627194, 0.8509803921568627194, 0.8509803921568627194 ) ;
#3026 = DIRECTION ( 'NONE',  ( 0.7071067811865487940, -0.000000000000000000, 0.7071067811865463515 ) ) ;
#3027 = ORIENTED_EDGE ( 'NONE', *, *, #8085, .T. ) ;
#3028 = CARTESIAN_POINT ( 'NONE',  ( 2.540000000000000036, 0.000000000000000000, 6.700000000000000178 ) ) ;
#3029 = CARTESIAN_POINT ( 'NONE',  ( 2.655000000000000249, 0.000000000000000000, 6.700000000000000178 ) ) ;
#3030 = VERTEX_POINT ( 'NONE', #3769 ) ;
#3031 =( LENGTH_UNIT ( ) NAMED_UNIT ( * ) SI_UNIT ( .MILLI., .METRE. ) );
#3032 = CARTESIAN_POINT ( 'NONE',  ( -3.810000000000000053, -1.250000000000000000, 0.000000000000000000 ) ) ;
#3033 = LINE ( 'NONE', #5699, #7896 ) ;
#3034 = EDGE_CURVE ( 'NONE', #3750, #8222, #4449, .T. ) ;
#3035 = EDGE_CURVE ( 'NONE', #8222, #579, #1860, .T. ) ;
#3036 = FILL_AREA_STYLE_COLOUR ( '', #8709 ) ;
#3037 =( NAMED_UNIT ( * ) SI_UNIT ( $, .STERADIAN. ) SOLID_ANGLE_UNIT ( ) );
#3038 = LINE ( 'NONE', #1671, #3204 ) ;
#3039 = ORIENTED_EDGE ( 'NONE', *, *, #6586, .T. ) ;
#3040 = SURFACE_STYLE_FILL_AREA ( #7667 ) ;
#3041 = DIRECTION ( 'NONE',  ( 0.000000000000000000, 0.000000000000000000, 1.000000000000000000 ) ) ;
#3042 = ORIENTED_EDGE ( 'NONE', *, *, #61, .T. ) ;
#3043 = ORIENTED_EDGE ( 'NONE', *, *, #3185, .F. ) ;
#3044 = ADVANCED_FACE ( 'NONE', ( #7840 ), #5660, .F. ) ;
#3045 = VECTOR ( 'NONE', #5960, 1000.000000000000227 ) ;
#3046 = DIRECTION ( 'NONE',  ( -0.000000000000000000, -0.000000000000000000, 1.000000000000000000 ) ) ;
#3047 = EDGE_CURVE ( 'NONE', #7498, #8222, #6517, .T. ) ;
#3048 = SURFACE_SIDE_STYLE ('',( #5025 ) ) ;
#3049 = ADVANCED_FACE ( 'NONE', ( #1718 ), #5012, .F. ) ;
#3050 = PRESENTATION_STYLE_ASSIGNMENT (( #7131 ) ) ;
#3051 =( LENGTH_UNIT ( ) NAMED_UNIT ( * ) SI_UNIT ( .MILLI., .METRE. ) );
#3052 = LINE ( 'NONE', #5122, #6650 ) ;
#3053 = DIRECTION ( 'NONE',  ( 1.000000000000000000, 0.000000000000000000, 0.000000000000000000 ) ) ;
#3054 = ORIENTED_EDGE ( 'NONE', *, *, #4958, .F. ) ;
#3055 = VERTEX_POINT ( 'NONE', #7355 ) ;
#3056 = PRESENTATION_STYLE_ASSIGNMENT (( #8456 ) ) ;
#3057 = CARTESIAN_POINT ( 'NONE',  ( 5.080000000000000071, -0.1650000000000000633, -6.000000000000000000 ) ) ;
#3058 = ORIENTED_EDGE ( 'NONE', *, *, #1087, .T. ) ;
#3059 = DIRECTION ( 'NONE',  ( -0.000000000000000000, -0.000000000000000000, -1.000000000000000000 ) ) ;
#3060 = STYLED_ITEM ( 'NONE', ( #5834 ), #7067 ) ;
#3061 = VERTEX_POINT ( 'NONE', #563 ) ;
#3062 = SURFACE_STYLE_USAGE ( .BOTH. , #6962 ) ;
#3063 = ORIENTED_EDGE ( 'NONE', *, *, #4768, .F. ) ;
#3064 = VERTEX_POINT ( 'NONE', #605 ) ;
#3065 = CARTESIAN_POINT ( 'NONE',  ( 0.2150000000000000522, -0.3150000000000000022, -2.500000000000000000 ) ) ;
#3066 = CARTESIAN_POINT ( 'NONE',  ( -2.280142521051217397, -0.2908531991698717345, 6.159384528706809192 ) ) ;
#3067 = VECTOR ( 'NONE', #4753, 1000.000000000000000 ) ;
#3068 = EDGE_LOOP ( 'NONE', ( #5776, #7246, #6690, #4477, #2380 ) ) ;
#3069 = LINE ( 'NONE', #1807, #8392 ) ;
#3070 = SURFACE_SIDE_STYLE ('',( #8344 ) ) ;
#3071 = MECHANICAL_DESIGN_GEOMETRIC_PRESENTATION_REPRESENTATION (  '', ( #6582 ), #1391 ) ;
#3072 = CARTESIAN_POINT ( 'NONE',  ( 0.2650000000000000688, -0.3150000000000000022, -1.609045455704950278 ) ) ;
#3073 = DIRECTION ( 'NONE',  ( -0.000000000000000000, -0.000000000000000000, -1.000000000000000000 ) ) ;
#3074 = VECTOR ( 'NONE', #4157, 1000.000000000000000 ) ;
#3075 = FACE_OUTER_BOUND ( 'NONE', #5028, .T. ) ;
#3076 = VECTOR ( 'NONE', #8095, 1000.000000000000000 ) ;
#3077 = VECTOR ( 'NONE', #6418, 1000.000000000000000 ) ;
#3078 = CARTESIAN_POINT ( 'NONE',  ( -0.3503553390593270311, -0.3003553390593269312, 6.194846997554884993 ) ) ;
#3079 = ORIENTED_EDGE ( 'NONE', *, *, #864, .F. ) ;
#3080 = STYLED_ITEM ( 'NONE', ( #5815 ), #4166 ) ;
#3081 = CARTESIAN_POINT ( 'NONE',  ( -2.905000000000000249, -0.2650000000000000133, 0.000000000000000000 ) ) ;
#3082 = EDGE_CURVE ( 'NONE', #5455, #2889, #2805, .T. ) ;
#3083 = EDGE_CURVE ( 'NONE', #6320, #3109, #8230, .T. ) ;
#3084 = SURFACE_STYLE_FILL_AREA ( #7707 ) ;
#3085 = PRESENTATION_STYLE_ASSIGNMENT (( #1012 ) ) ;
#3086 = DIRECTION ( 'NONE',  ( 1.000000000000000000, 0.000000000000000000, 0.000000000000000000 ) ) ;
#3087 = ORIENTED_EDGE ( 'NONE', *, *, #3248, .F. ) ;
#3088 = ORIENTED_EDGE ( 'NONE', *, *, #3717, .T. ) ;
#3089 = VECTOR ( 'NONE', #7669, 1000.000000000000000 ) ;
#3090 = CARTESIAN_POINT ( 'NONE',  ( -2.325000000000000178, 0.3150000000000000022, 6.140192378864673728 ) ) ;
#3091 = VERTEX_POINT ( 'NONE', #4635 ) ;
#3092 =( GEOMETRIC_REPRESENTATION_CONTEXT ( 3 ) GLOBAL_UNCERTAINTY_ASSIGNED_CONTEXT ( ( #7789 ) ) GLOBAL_UNIT_ASSIGNED_CONTEXT ( ( #1513, #6222, #170 ) ) REPRESENTATION_CONTEXT ( 'NONE', 'WORKASPACE' ) );
#3093 = COLOUR_RGB ( '',1.000000000000000000, 1.000000000000000000, 1.000000000000000000 ) ;
#3094 = DIRECTION ( 'NONE',  ( -0.7071067811865474617, 0.7071067811865474617, 0.000000000000000000 ) ) ;
#3095 = EDGE_LOOP ( 'NONE', ( #7719, #8257, #8607, #3802, #739 ) ) ;
#3096 = CARTESIAN_POINT ( 'NONE',  ( -0.3503553390593275862, -0.3003553390593273753, -5.494846997554885704 ) ) ;
#3097 = EDGE_CURVE ( 'NONE', #4391, #6981, #1907, .T. ) ;
#3098 = SURFACE_STYLE_FILL_AREA ( #6348 ) ;
#3099 = ORIENTED_EDGE ( 'NONE', *, *, #3898, .T. ) ;
#3100 = DIRECTION ( 'NONE',  ( 0.000000000000000000, -0.000000000000000000, -1.000000000000000000 ) ) ;
#3101 = MECHANICAL_DESIGN_GEOMETRIC_PRESENTATION_REPRESENTATION (  '', ( #3956 ), #7909 ) ;
#3102 = VECTOR ( 'NONE', #6103, 1000.000000000000000 ) ;
#3103 = SURFACE_STYLE_USAGE ( .BOTH. , #405 ) ;
#3104 =( NAMED_UNIT ( * ) PLANE_ANGLE_UNIT ( ) SI_UNIT ( $, .RADIAN. ) );
#3105 = COLOUR_RGB ( '',0.5607843137254902022, 0.6470588235294117974, 0.6352941176470587870 ) ;
#3106 = LINE ( 'NONE', #506, #4354 ) ;
#3107 = DIRECTION ( 'NONE',  ( 0.000000000000000000, 0.000000000000000000, -1.000000000000000000 ) ) ;
#3108 = LINE ( 'NONE', #2353, #4233 ) ;
#3109 = VERTEX_POINT ( 'NONE', #3965 ) ;
#3110 = UNCERTAINTY_MEASURE_WITH_UNIT (LENGTH_MEASURE( 1.000000000000000082E-05 ), #2649, 'distance_accuracy_value', 'NONE');
#3111 = CARTESIAN_POINT ( 'NONE',  ( -2.311561944896765919, -0.3149999999999999467, 6.140192378864674616 ) ) ;
#3112 = CARTESIAN_POINT ( 'NONE',  ( 2.225000000000000533, 0.3150000000000000022, -5.440192378864675327 ) ) ;
#3113 = DIRECTION ( 'NONE',  ( 1.000000000000000000, 0.000000000000000000, 0.000000000000000000 ) ) ;
#3114 = ORIENTED_EDGE ( 'NONE', *, *, #5018, .T. ) ;
#3115 = LINE ( 'NONE', #5100, #3434 ) ;
#3116 =( NAMED_UNIT ( * ) SI_UNIT ( $, .STERADIAN. ) SOLID_ANGLE_UNIT ( ) );
#3117 = AXIS2_PLACEMENT_3D ( 'NONE', #3564, #5647, #2309 ) ;
#3118 =( NAMED_UNIT ( * ) SI_UNIT ( $, .STERADIAN. ) SOLID_ANGLE_UNIT ( ) );
#3119 = CARTESIAN_POINT ( 'NONE',  ( 5.080000000000000071, -0.1650000000000000633, -6.000000000000000000 ) ) ;
#3120 = SURFACE_STYLE_USAGE ( .BOTH. , #2599 ) ;
#3121 = LINE ( 'NONE', #7801, #6187 ) ;
#3122 =( LENGTH_UNIT ( ) NAMED_UNIT ( * ) SI_UNIT ( .MILLI., .METRE. ) );
#3123 = COLOUR_RGB ( '',0.9686274509803921573, 0.8784313725490195957, 0.5999999999999999778 ) ;
#3124 = DIRECTION ( 'NONE',  ( 0.000000000000000000, 0.000000000000000000, -1.000000000000000000 ) ) ;
#3125 = ORIENTED_EDGE ( 'NONE', *, *, #217, .F. ) ;
#3126 = DIRECTION ( 'NONE',  ( 0.000000000000000000, 1.000000000000000000, -0.000000000000000000 ) ) ;
#3127 = FILL_AREA_STYLE_COLOUR ( '', #1263 ) ;
#3128 = DIRECTION ( 'NONE',  ( 1.000000000000000000, 0.000000000000000000, -0.000000000000000000 ) ) ;
#3129 = ORIENTED_EDGE ( 'NONE', *, *, #6644, .T. ) ;
#3130 = VERTEX_POINT ( 'NONE', #4680 ) ;
#3131 = LINE ( 'NONE', #1735, #430 ) ;
#3132 =( GEOMETRIC_REPRESENTATION_CONTEXT ( 3 ) GLOBAL_UNCERTAINTY_ASSIGNED_CONTEXT ( ( #637 ) ) GLOBAL_UNIT_ASSIGNED_CONTEXT ( ( #6561, #1951, #3332 ) ) REPRESENTATION_CONTEXT ( 'NONE', 'WORKASPACE' ) );
#3133 = EDGE_CURVE ( 'NONE', #1624, #3091, #6554, .T. ) ;
#3134 = SURFACE_SIDE_STYLE ('',( #6486 ) ) ;
#3135 = DIRECTION ( 'NONE',  ( 1.000000000000000000, 0.000000000000000000, -0.000000000000000000 ) ) ;
#3136 = VERTEX_POINT ( 'NONE', #1996 ) ;
#3137 = LINE ( 'NONE', #6534, #600 ) ;
#3138 =( BOUNDED_CURVE ( )  B_SPLINE_CURVE ( 3, ( #8337, #3531, #992, #4261 ),
 .UNSPECIFIED., .F., .T. ) 
 B_SPLINE_CURVE_WITH_KNOTS ( ( 4, 4 ),
 ( 3.141592653589793116, 3.926990816987244504 ),
 .UNSPECIFIED. ) 
 CURVE ( )  GEOMETRIC_REPRESENTATION_ITEM ( )  RATIONAL_B_SPLINE_CURVE ( ( 1.000000000000000000, 0.9492530216741906779, 0.9492530216741906779, 1.000000000000000000 ) ) 
 REPRESENTATION_ITEM ( '' )  );
#3139 = LINE ( 'NONE', #7044, #2517 ) ;
#3140 = AXIS2_PLACEMENT_3D ( 'NONE', #6523, #1052, #6372 ) ;
#3141 = ORIENTED_EDGE ( 'NONE', *, *, #4918, .T. ) ;
#3142 = VERTEX_POINT ( 'NONE', #3195 ) ;
#3143 = EDGE_CURVE ( 'NONE', #3750, #5646, #5976, .T. ) ;
#3144 = ADVANCED_FACE ( 'NONE', ( #1321 ), #297, .T. ) ;
#3145 = ORIENTED_EDGE ( 'NONE', *, *, #2820, .T. ) ;
#3146 = CARTESIAN_POINT ( 'NONE',  ( -2.854999999999999982, 0.3150000000000000022, -0.8909545442950493888 ) ) ;
#3147 = ORIENTED_EDGE ( 'NONE', *, *, #4907, .T. ) ;
#3148 = LINE ( 'NONE', #2450, #5903 ) ;
#3149 = FILL_AREA_STYLE_COLOUR ( '', #3014 ) ;
#3150 = DIRECTION ( 'NONE',  ( 0.000000000000000000, -1.000000000000000000, 0.000000000000000000 ) ) ;
#3151 = ORIENTED_EDGE ( 'NONE', *, *, #5017, .F. ) ;
#3152 = EDGE_CURVE ( 'NONE', #1648, #3012, #4156, .T. ) ;
#3153 = CARTESIAN_POINT ( 'NONE',  ( 2.189644660940672782, 0.3003553390593273753, -5.494846997554885704 ) ) ;
#3154 = PRESENTATION_LAYER_ASSIGNMENT (  '', '', ( #8240 ) ) ;
#3155 = COLOUR_RGB ( '',0.5607843137254902022, 0.6470588235294117974, 0.6352941176470587870 ) ;
#3156 = ORIENTED_EDGE ( 'NONE', *, *, #4873, .F. ) ;
#3157 = PLANE ( 'NONE',  #2184 ) ;
#3158 =( NAMED_UNIT ( * ) SI_UNIT ( $, .STERADIAN. ) SOLID_ANGLE_UNIT ( ) );
#3159 = STYLED_ITEM ( 'NONE', ( #5147 ), #2169 ) ;
#3160 = CARTESIAN_POINT ( 'NONE',  ( -2.400384757728999841, -1.250000000000000000, -1.800000000000000044 ) ) ;
#3161 = PLANE ( 'NONE',  #6766 ) ;
#3162 = FILL_AREA_STYLE_COLOUR ( '', #528 ) ;
#3163 = DIRECTION ( 'NONE',  ( -0.7071067811865475727, 0.7071067811865475727, 0.000000000000000000 ) ) ;
#3164 = STYLED_ITEM ( 'NONE', ( #6387 ), #3202 ) ;
#3165 = ORIENTED_EDGE ( 'NONE', *, *, #5196, .T. ) ;
#3166 = FILL_AREA_STYLE ('',( #7706 ) ) ;
#3167 = CARTESIAN_POINT ( 'NONE',  ( -2.325000000000000178, 0.2650000000000000133, -2.500000000000000000 ) ) ;
#3168 = VERTEX_POINT ( 'NONE', #1833 ) ;
#3169 = ORIENTED_EDGE ( 'NONE', *, *, #4977, .T. ) ;
#3170 =( NAMED_UNIT ( * ) PLANE_ANGLE_UNIT ( ) SI_UNIT ( $, .RADIAN. ) );
#3171 = DIRECTION ( 'NONE',  ( -0.7071067811865474617, 0.7071067811865474617, 0.000000000000000000 ) ) ;
#3172 = CARTESIAN_POINT ( 'NONE',  ( 3.810000000000000053, 1.250000000000000000, 0.000000000000000000 ) ) ;
#3173 = ORIENTED_EDGE ( 'NONE', *, *, #3353, .F. ) ;
#3174 = DIRECTION ( 'NONE',  ( -0.000000000000000000, 1.000000000000000000, 0.000000000000000000 ) ) ;
#3175 = ORIENTED_EDGE ( 'NONE', *, *, #2371, .T. ) ;
#3176 = ORIENTED_EDGE ( 'NONE', *, *, #5095, .T. ) ;
#3177 = SURFACE_SIDE_STYLE ('',( #1893 ) ) ;
#3178 = FILL_AREA_STYLE_COLOUR ( '', #7750 ) ;
#3179 = ORIENTED_EDGE ( 'NONE', *, *, #5831, .F. ) ;
#3180 = SURFACE_STYLE_FILL_AREA ( #1180 ) ;
#3181 = VERTEX_POINT ( 'NONE', #7770 ) ;
#3182 = DIRECTION ( 'NONE',  ( 0.000000000000000000, -1.000000000000000000, 0.000000000000000000 ) ) ;
#3183 = CARTESIAN_POINT ( 'NONE',  ( -1.270000000000000240, -0.9499999999999995115, 6.699999999999999289 ) ) ;
#3184 = ADVANCED_FACE ( 'NONE', ( #971 ), #4532, .F. ) ;
#3185 = EDGE_CURVE ( 'NONE', #5705, #7773, #1021, .T. ) ;
#3186 = SURFACE_STYLE_USAGE ( .BOTH. , #508 ) ;
#3187 = ORIENTED_EDGE ( 'NONE', *, *, #4502, .F. ) ;
#3188 = EDGE_LOOP ( 'NONE', ( #3307, #4458, #8693, #3736, #8093, #8552 ) ) ;
#3189 = SURFACE_SIDE_STYLE ('',( #2459 ) ) ;
#3190 = COLOUR_RGB ( '',0.5607843137254902022, 0.6470588235294117974, 0.6352941176470587870 ) ;
#3191 = ORIENTED_EDGE ( 'NONE', *, *, #6689, .T. ) ;
#3192 = DIRECTION ( 'NONE',  ( 1.000000000000000000, 0.000000000000000000, 0.000000000000000000 ) ) ;
#3193 = EDGE_CURVE ( 'NONE', #677, #6391, #2064, .T. ) ;
#3194 =( LENGTH_UNIT ( ) NAMED_UNIT ( * ) SI_UNIT ( .MILLI., .METRE. ) );
#3195 = CARTESIAN_POINT ( 'NONE',  ( -2.289644660940673315, -0.3003553390593272643, 6.194846997554884105 ) ) ;
#3196 = CARTESIAN_POINT ( 'NONE',  ( 3.409999999999999698, 1.250000000000000000, 0.000000000000000000 ) ) ;
#3197 = AXIS2_PLACEMENT_3D ( 'NONE', #8518, #8472, #1854 ) ;
#3198 = SURFACE_SIDE_STYLE ('',( #2467 ) ) ;
#3199 = LINE ( 'NONE', #6370, #2207 ) ;
#3200 = SURFACE_STYLE_USAGE ( .BOTH. , #571 ) ;
#3201 = DIRECTION ( 'NONE',  ( 0.7071067811865463515, 0.000000000000000000, 0.7071067811865487940 ) ) ;
#3202 = ADVANCED_FACE ( 'NONE', ( #8368, #5027 ), #8447, .T. ) ;
#3203 = CARTESIAN_POINT ( 'NONE',  ( 1.169999999999999929, -0.8499999999999994227, -2.399999999999998579 ) ) ;
#3204 = VECTOR ( 'NONE', #7757, 1000.000000000000000 ) ;
#3205 = DIRECTION ( 'NONE',  ( -0.9659258262890675351, 0.000000000000000000, 0.2588190451025238481 ) ) ;
#3206 = EDGE_LOOP ( 'NONE', ( #1369, #5032, #3008, #1781 ) ) ;
#3207 =( LENGTH_UNIT ( ) NAMED_UNIT ( * ) SI_UNIT ( .MILLI., .METRE. ) );
#3208 = MECHANICAL_DESIGN_GEOMETRIC_PRESENTATION_REPRESENTATION (  '', ( #7169 ), #1666 ) ;
#3209 = SURFACE_STYLE_USAGE ( .BOTH. , #4573 ) ;
#3210 = ORIENTED_EDGE ( 'NONE', *, *, #5995, .T. ) ;
#3211 = VECTOR ( 'NONE', #2845, 1000.000000000000000 ) ;
#3212 =( NAMED_UNIT ( * ) PLANE_ANGLE_UNIT ( ) SI_UNIT ( $, .RADIAN. ) );
#3213 = ORIENTED_EDGE ( 'NONE', *, *, #3301, .T. ) ;
#3214 =( GEOMETRIC_REPRESENTATION_CONTEXT ( 3 ) GLOBAL_UNCERTAINTY_ASSIGNED_CONTEXT ( ( #703 ) ) GLOBAL_UNIT_ASSIGNED_CONTEXT ( ( #1600, #2165, #6902 ) ) REPRESENTATION_CONTEXT ( 'NONE', 'WORKASPACE' ) );
#3215 = DIRECTION ( 'NONE',  ( 0.7071067811865474617, -0.7071067811865474617, 0.000000000000000000 ) ) ;
#3216 = LINE ( 'NONE', #6162, #2374 ) ;
#3217 = ORIENTED_EDGE ( 'NONE', *, *, #8506, .F. ) ;
#3218 = AXIS2_PLACEMENT_3D ( 'NONE', #3690, #442, #4365 ) ;
#3219 = STYLED_ITEM ( 'NONE', ( #4107 ), #4382 ) ;
#3220 = VECTOR ( 'NONE', #6545, 1000.000000000000000 ) ;
#3221 = MECHANICAL_DESIGN_GEOMETRIC_PRESENTATION_REPRESENTATION (  '', ( #3944 ), #7589 ) ;
#3222 = LINE ( 'NONE', #6088, #6626 ) ;
#3223 = ORIENTED_EDGE ( 'NONE', *, *, #923, .F. ) ;
#3224 = VECTOR ( 'NONE', #5332, 1000.000000000000000 ) ;
#3225 = LINE ( 'NONE', #4430, #948 ) ;
#3226 = CARTESIAN_POINT ( 'NONE',  ( 2.325000000000000178, 0.000000000000000000, 6.700000000000000178 ) ) ;
#3227 = EDGE_LOOP ( 'NONE', ( #3963, #5181, #6006, #4063 ) ) ;
#3228 = MECHANICAL_DESIGN_GEOMETRIC_PRESENTATION_REPRESENTATION (  '', ( #3633 ), #3092 ) ;
#3229 = FILL_AREA_STYLE_COLOUR ( '', #8740 ) ;
#3230 = DIRECTION ( 'NONE',  ( 1.000000000000000000, 0.000000000000000000, 0.000000000000000000 ) ) ;
#3231 = AXIS2_PLACEMENT_3D ( 'NONE', #1395, #1310, #8192 ) ;
#3232 = CARTESIAN_POINT ( 'NONE',  ( 3.810000000000000053, 1.250000000000000000, 0.000000000000000000 ) ) ;
#3233 = MECHANICAL_DESIGN_GEOMETRIC_PRESENTATION_REPRESENTATION (  '', ( #4916 ), #4530 ) ;
#3234 = ORIENTED_EDGE ( 'NONE', *, *, #3654, .F. ) ;
#3235 = VECTOR ( 'NONE', #7790, 1000.000000000000114 ) ;
#3236 = EDGE_CURVE ( 'NONE', #4728, #4677, #761, .T. ) ;
#3237 =( GEOMETRIC_REPRESENTATION_CONTEXT ( 3 ) GLOBAL_UNCERTAINTY_ASSIGNED_CONTEXT ( ( #4817 ) ) GLOBAL_UNIT_ASSIGNED_CONTEXT ( ( #3207, #8493, #5259 ) ) REPRESENTATION_CONTEXT ( 'NONE', 'WORKASPACE' ) );
#3238 = ORIENTED_EDGE ( 'NONE', *, *, #5305, .T. ) ;
#3239 = FACE_OUTER_BOUND ( 'NONE', #2740, .T. ) ;
#3240 = ORIENTED_EDGE ( 'NONE', *, *, #3849, .F. ) ;
#3241 = CARTESIAN_POINT ( 'NONE',  ( 0.000000000000000000, 0.000000000000000000, -2.799999999999999822 ) ) ;
#3242 = STYLED_ITEM ( 'NONE', ( #5677 ), #767 ) ;
#3243 =( NAMED_UNIT ( * ) PLANE_ANGLE_UNIT ( ) SI_UNIT ( $, .RADIAN. ) );
#3244 = CARTESIAN_POINT ( 'NONE',  ( -0.9699999999999999734, -1.250000000000000000, -2.799999999999999822 ) ) ;
#3245 = LINE ( 'NONE', #6096, #4549 ) ;
#3246 =( GEOMETRIC_REPRESENTATION_CONTEXT ( 3 ) GLOBAL_UNCERTAINTY_ASSIGNED_CONTEXT ( ( #750 ) ) GLOBAL_UNIT_ASSIGNED_CONTEXT ( ( #4077, #722, #2760 ) ) REPRESENTATION_CONTEXT ( 'NONE', 'WORKASPACE' ) );
#3247 = CARTESIAN_POINT ( 'NONE',  ( -2.299146800830127457, 0.3098574789487829051, -5.459384528706809903 ) ) ;
#3248 = EDGE_CURVE ( 'NONE', #6350, #6638, #535, .T. ) ;
#3249 = EDGE_CURVE ( 'NONE', #1168, #1202, #1383, .T. ) ;
#3250 = CARTESIAN_POINT ( 'NONE',  ( -3.810000000000000053, -0.9499999999999999556, -1.000000000000000000 ) ) ;
#3251 = ORIENTED_EDGE ( 'NONE', *, *, #1932, .F. ) ;
#3252 = PRESENTATION_LAYER_ASSIGNMENT (  '', '', ( #2413 ) ) ;
#3253 = CARTESIAN_POINT ( 'NONE',  ( -0.9699999999999999734, 1.250000000000000000, -0.9899999999999995470 ) ) ;
#3254 = FACE_OUTER_BOUND ( 'NONE', #8550, .T. ) ;
#3255 = COLOUR_RGB ( '',0.5607843137254902022, 0.6470588235294117974, 0.6352941176470587870 ) ;
#3256 = SURFACE_STYLE_USAGE ( .BOTH. , #7449 ) ;
#3257 = DIRECTION ( 'NONE',  ( 1.000000000000000000, 0.000000000000000000, 0.000000000000000000 ) ) ;
#3258 = EDGE_LOOP ( 'NONE', ( #8514, #5069, #75, #7547 ) ) ;
#3259 = ORIENTED_EDGE ( 'NONE', *, *, #1968, .F. ) ;
#3260 = CARTESIAN_POINT ( 'NONE',  ( 0.1150000000000000883, -0.1650000000000000633, -6.000000000000000000 ) ) ;
#3261 = MECHANICAL_DESIGN_GEOMETRIC_PRESENTATION_REPRESENTATION (  '', ( #7921 ), #6899 ) ;
#3262 = FILL_AREA_STYLE ('',( #5164 ) ) ;
#3263 = ADVANCED_FACE ( 'NONE', ( #6614 ), #5992, .T. ) ;
#3264 =( NAMED_UNIT ( * ) PLANE_ANGLE_UNIT ( ) SI_UNIT ( $, .RADIAN. ) );
#3265 = PRESENTATION_LAYER_ASSIGNMENT (  '', '', ( #1007 ) ) ;
#3266 = VERTEX_POINT ( 'NONE', #2704 ) ;
#3267 = ORIENTED_EDGE ( 'NONE', *, *, #3663, .T. ) ;
#3268 = DIRECTION ( 'NONE',  ( 0.000000000000000000, 0.000000000000000000, -1.000000000000000000 ) ) ;
#3269 = DIRECTION ( 'NONE',  ( -0.5773502691896251759, -0.5773502691896251759, 0.5773502691896270633 ) ) ;
#3270 = SURFACE_STYLE_USAGE ( .BOTH. , #663 ) ;
#3271 = MECHANICAL_DESIGN_GEOMETRIC_PRESENTATION_REPRESENTATION (  '', ( #4405 ), #3680 ) ;
#3272 =( NAMED_UNIT ( * ) SI_UNIT ( $, .STERADIAN. ) SOLID_ANGLE_UNIT ( ) );
#3273 =( GEOMETRIC_REPRESENTATION_CONTEXT ( 3 ) GLOBAL_UNCERTAINTY_ASSIGNED_CONTEXT ( ( #3906 ) ) GLOBAL_UNIT_ASSIGNED_CONTEXT ( ( #7548, #130, #3006 ) ) REPRESENTATION_CONTEXT ( 'NONE', 'WORKASPACE' ) );
#3274 =( LENGTH_UNIT ( ) NAMED_UNIT ( * ) SI_UNIT ( .MILLI., .METRE. ) );
#3275 = ORIENTED_EDGE ( 'NONE', *, *, #3249, .F. ) ;
#3276 = CARTESIAN_POINT ( 'NONE',  ( -0.3503553390593271977, 0.3003553390593273753, -5.494846997554885704 ) ) ;
#3277 = DIRECTION ( 'NONE',  ( 0.7071067811865474617, 0.7071067811865474617, -0.000000000000000000 ) ) ;
#3278 = DIRECTION ( 'NONE',  ( 0.7071067811865487940, -0.000000000000000000, 0.7071067811865463515 ) ) ;
#3279 = LINE ( 'NONE', #3183, #8387 ) ;
#3280 =( LENGTH_UNIT ( ) NAMED_UNIT ( * ) SI_UNIT ( .MILLI., .METRE. ) );
#3281 = ORIENTED_EDGE ( 'NONE', *, *, #4629, .F. ) ;
#3282 = UNCERTAINTY_MEASURE_WITH_UNIT (LENGTH_MEASURE( 1.000000000000000082E-05 ), #6375, 'distance_accuracy_value', 'NONE');
#3283 = MECHANICAL_DESIGN_GEOMETRIC_PRESENTATION_REPRESENTATION (  '', ( #1870 ), #2860 ) ;
#3284 = FILL_AREA_STYLE_COLOUR ( '', #1967 ) ;
#3285 = ORIENTED_EDGE ( 'NONE', *, *, #5597, .T. ) ;
#3286 = DIRECTION ( 'NONE',  ( -0.000000000000000000, -0.000000000000000000, -1.000000000000000000 ) ) ;
#3287 = FACE_OUTER_BOUND ( 'NONE', #5875, .T. ) ;
#3288 = CARTESIAN_POINT ( 'NONE',  ( -1.269999999999990692, -0.7500000000000000000, 0.04000000000000053513 ) ) ;
#3289 = UNCERTAINTY_MEASURE_WITH_UNIT (LENGTH_MEASURE( 1.000000000000000082E-05 ), #7761, 'distance_accuracy_value', 'NONE');
#3290 = EDGE_CURVE ( 'NONE', #975, #652, #364, .T. ) ;
#3291 = AXIS2_PLACEMENT_3D ( 'NONE', #4274, #6945, #6282 ) ;
#3292 = SURFACE_SIDE_STYLE ('',( #608 ) ) ;
#3293 = DIRECTION ( 'NONE',  ( -0.000000000000000000, -1.000000000000000000, -0.000000000000000000 ) ) ;
#3294 = FACE_OUTER_BOUND ( 'NONE', #6157, .T. ) ;
#3295 = SURFACE_STYLE_USAGE ( .BOTH. , #4049 ) ;
#3296 = CARTESIAN_POINT ( 'NONE',  ( 1.570000000000000284, 1.250000000000000000, 0.000000000000000000 ) ) ;
#3297 = MECHANICAL_DESIGN_GEOMETRIC_PRESENTATION_REPRESENTATION (  '', ( #7085 ), #624 ) ;
#3298 = DIRECTION ( 'NONE',  ( 1.000000000000000000, 0.000000000000000000, 0.000000000000000000 ) ) ;
#3299 = EDGE_CURVE ( 'NONE', #5930, #8752, #5264, .T. ) ;
#3300 = ORIENTED_EDGE ( 'NONE', *, *, #1224, .T. ) ;
#3301 = EDGE_CURVE ( 'NONE', #2819, #6320, #7953, .T. ) ;
#3302 = ORIENTED_EDGE ( 'NONE', *, *, #8008, .F. ) ;
#3303 = DIRECTION ( 'NONE',  ( 0.000000000000000000, 0.000000000000000000, -1.000000000000000000 ) ) ;
#3304 = DIRECTION ( 'NONE',  ( -0.000000000000000000, -1.000000000000000000, -0.000000000000000000 ) ) ;
#3305 = VECTOR ( 'NONE', #7415, 1000.000000000000000 ) ;
#3306 = SURFACE_STYLE_USAGE ( .BOTH. , #5426 ) ;
#3307 = ORIENTED_EDGE ( 'NONE', *, *, #6154, .T. ) ;
#3308 =( NAMED_UNIT ( * ) SI_UNIT ( $, .STERADIAN. ) SOLID_ANGLE_UNIT ( ) );
#3309 = ADVANCED_FACE ( 'NONE', ( #8052 ), #2019, .T. ) ;
#3310 = VECTOR ( 'NONE', #8132, 1000.000000000000000 ) ;
#3311 = SURFACE_SIDE_STYLE ('',( #7469 ) ) ;
#3312 = UNCERTAINTY_MEASURE_WITH_UNIT (LENGTH_MEASURE( 1.000000000000000082E-05 ), #6411, 'distance_accuracy_value', 'NONE');
#3313 = DIRECTION ( 'NONE',  ( 0.000000000000000000, 0.000000000000000000, 1.000000000000000000 ) ) ;
#3314 = ORIENTED_EDGE ( 'NONE', *, *, #4234, .T. ) ;
#3315 =( NAMED_UNIT ( * ) PLANE_ANGLE_UNIT ( ) SI_UNIT ( $, .RADIAN. ) );
#3316 = LINE ( 'NONE', #6628, #1831 ) ;
#3317 = DIRECTION ( 'NONE',  ( 0.000000000000000000, 0.000000000000000000, -1.000000000000000000 ) ) ;
#3318 = VERTEX_POINT ( 'NONE', #4184 ) ;
#3319 = STYLED_ITEM ( 'NONE', ( #7385 ), #1381 ) ;
#3320 = CARTESIAN_POINT ( 'NONE',  ( 1.169999999999999929, 0.8499999999999998668, 6.699999999999999289 ) ) ;
#3321 = SURFACE_STYLE_USAGE ( .BOTH. , #5370 ) ;
#3322 = ORIENTED_EDGE ( 'NONE', *, *, #3394, .F. ) ;
#3323 = CARTESIAN_POINT ( 'NONE',  ( 2.754999999999999893, 0.2650000000000000133, -2.500000000000000000 ) ) ;
#3324 = CARTESIAN_POINT ( 'NONE',  ( -0.04203636058814881615, 0.007963639411851446831, -6.645509090147044162 ) ) ;
#3325 = DIRECTION ( 'NONE',  ( 0.7071067811865463515, 0.000000000000000000, 0.7071067811865487940 ) ) ;
#3326 = ORIENTED_EDGE ( 'NONE', *, *, #6669, .T. ) ;
#3327 = SURFACE_STYLE_FILL_AREA ( #5325 ) ;
#3328 = VECTOR ( 'NONE', #3828, 1000.000000000000000 ) ;
#3329 =( NAMED_UNIT ( * ) SI_UNIT ( $, .STERADIAN. ) SOLID_ANGLE_UNIT ( ) );
#3330 = FACE_OUTER_BOUND ( 'NONE', #2406, .T. ) ;
#3331 =( NAMED_UNIT ( * ) PLANE_ANGLE_UNIT ( ) SI_UNIT ( $, .RADIAN. ) );
#3332 =( NAMED_UNIT ( * ) SI_UNIT ( $, .STERADIAN. ) SOLID_ANGLE_UNIT ( ) );
#3333 = CARTESIAN_POINT ( 'NONE',  ( -3.660000000000000142, -1.099999999999999867, -1.800000000000000044 ) ) ;
#3334 = CARTESIAN_POINT ( 'NONE',  ( -2.425000000000000266, 0.1650000000000000633, -6.000000000000000000 ) ) ;
#3335 = COLOUR_RGB ( '',0.5607843137254902022, 0.6470588235294117974, 0.6352941176470587870 ) ;
#3336 = CARTESIAN_POINT ( 'NONE',  ( -1.103147515578000171, -1.250000000000000000, -1.000000000000000000 ) ) ;
#3337 = EDGE_LOOP ( 'NONE', ( #4696, #5760, #3577, #7409 ) ) ;
#3338 = ORIENTED_EDGE ( 'NONE', *, *, #1272, .T. ) ;
#3339 = LINE ( 'NONE', #1379, #6425 ) ;
#3340 = PRESENTATION_LAYER_ASSIGNMENT (  '', '', ( #6014 ) ) ;
#3341 = FILL_AREA_STYLE_COLOUR ( '', #4341 ) ;
#3342 = MECHANICAL_DESIGN_GEOMETRIC_PRESENTATION_REPRESENTATION (  '', ( #2931 ), #5877 ) ;
#3343 = ADVANCED_FACE ( 'NONE', ( #112 ), #160, .F. ) ;
#3344 = DIRECTION ( 'NONE',  ( -1.000000000000000000, 0.000000000000000000, 0.000000000000000000 ) ) ;
#3345 = VERTEX_POINT ( 'NONE', #2907 ) ;
#3346 = PRESENTATION_LAYER_ASSIGNMENT (  '', '', ( #4332 ) ) ;
#3347 =( NAMED_UNIT ( * ) PLANE_ANGLE_UNIT ( ) SI_UNIT ( $, .RADIAN. ) );
#3348 = SURFACE_SIDE_STYLE ('',( #8136 ) ) ;
#3349 = PRESENTATION_LAYER_ASSIGNMENT (  '', '', ( #2936 ) ) ;
#3350 = VECTOR ( 'NONE', #8421, 1000.000000000000000 ) ;
#3351 = SURFACE_STYLE_FILL_AREA ( #665 ) ;
#3352 = STYLED_ITEM ( 'NONE', ( #6859 ), #8283 ) ;
#3353 = EDGE_CURVE ( 'NONE', #560, #8467, #5577, .T. ) ;
#3354 = EDGE_CURVE ( 'NONE', #5505, #1648, #4934, .T. ) ;
#3355 = STYLED_ITEM ( 'NONE', ( #6768 ), #7557 ) ;
#3356 = ORIENTED_EDGE ( 'NONE', *, *, #2604, .F. ) ;
#3357 = LINE ( 'NONE', #3, #6611 ) ;
#3358 = CARTESIAN_POINT ( 'NONE',  ( 1.269999999999999796, 1.250000000000000000, -0.3000000000000013767 ) ) ;
#3359 = DIRECTION ( 'NONE',  ( -0.000000000000000000, -1.000000000000000000, -0.000000000000000000 ) ) ;
#3360 = VECTOR ( 'NONE', #7647, 1000.000000000000000 ) ;
#3361 = LINE ( 'NONE', #4245, #5612 ) ;
#3362 = ORIENTED_EDGE ( 'NONE', *, *, #4277, .T. ) ;
#3363 = UNCERTAINTY_MEASURE_WITH_UNIT (LENGTH_MEASURE( 1.000000000000000082E-05 ), #7329, 'distance_accuracy_value', 'NONE');
#3364 = VECTOR ( 'NONE', #765, 1000.000000000000000 ) ;
#3365 =( GEOMETRIC_REPRESENTATION_CONTEXT ( 3 ) GLOBAL_UNCERTAINTY_ASSIGNED_CONTEXT ( ( #2205 ) ) GLOBAL_UNIT_ASSIGNED_CONTEXT ( ( #3819, #8560, #7211 ) ) REPRESENTATION_CONTEXT ( 'NONE', 'WORKASPACE' ) );
#3366 = DIRECTION ( 'NONE',  ( 0.000000000000000000, -1.000000000000000000, 0.000000000000000000 ) ) ;
#3367 = AXIS2_PLACEMENT_3D ( 'NONE', #6070, #1236, #2009 ) ;
#3368 = EDGE_CURVE ( 'NONE', #2243, #2960, #1299, .T. ) ;
#3369 = CARTESIAN_POINT ( 'NONE',  ( 2.175000000000000266, -0.2650000000000000133, 6.140192378864673728 ) ) ;
#3370 = STYLED_ITEM ( 'NONE', ( #1864 ), #370 ) ;
#3371 =( GEOMETRIC_REPRESENTATION_CONTEXT ( 3 ) GLOBAL_UNCERTAINTY_ASSIGNED_CONTEXT ( ( #7420 ) ) GLOBAL_UNIT_ASSIGNED_CONTEXT ( ( #497, #5814, #3895 ) ) REPRESENTATION_CONTEXT ( 'NONE', 'WORKASPACE' ) );
#3372 = ORIENTED_EDGE ( 'NONE', *, *, #3916, .F. ) ;
#3373 = SURFACE_STYLE_FILL_AREA ( #5283 ) ;
#3374 = CARTESIAN_POINT ( 'NONE',  ( 2.790355339059327200, -0.3003553390593272643, 6.194846997554884105 ) ) ;
#3375 = VECTOR ( 'NONE', #2596, 1000.000000000000000 ) ;
#3376 = CARTESIAN_POINT ( 'NONE',  ( 0.2503553390593276085, 0.3003553390593274308, -5.494846997554885704 ) ) ;
#3377 = CARTESIAN_POINT ( 'NONE',  ( 1.269999999999999796, -0.8499999999999994227, 6.699999999999999289 ) ) ;
#3378 = FILL_AREA_STYLE_COLOUR ( '', #2415 ) ;
#3379 = CARTESIAN_POINT ( 'NONE',  ( 3.810000000000000053, -1.250000000000000000, -2.799999999999999822 ) ) ;
#3380 = SURFACE_STYLE_USAGE ( .BOTH. , #8625 ) ;
#3381 = AXIS2_PLACEMENT_3D ( 'NONE', #4099, #576, #619 ) ;
#3382 =( NAMED_UNIT ( * ) PLANE_ANGLE_UNIT ( ) SI_UNIT ( $, .RADIAN. ) );
#3383 = DIRECTION ( 'NONE',  ( -0.2505628070857343070, 0.2505628070857343070, -0.9351131265310277385 ) ) ;
#3384 = VECTOR ( 'NONE', #2202, 1000.000000000000000 ) ;
#3385 =( LENGTH_UNIT ( ) NAMED_UNIT ( * ) SI_UNIT ( .MILLI., .METRE. ) );
#3386 = EDGE_CURVE ( 'NONE', #7208, #8024, #7504, .T. ) ;
#3387 = DIRECTION ( 'NONE',  ( -0.7071067811865487940, 0.000000000000000000, 0.7071067811865463515 ) ) ;
#3388 = COLOUR_RGB ( '',0.9686274509803921573, 0.8784313725490195957, 0.5999999999999999778 ) ;
#3389 = LINE ( 'NONE', #6080, #2621 ) ;
#3390 = EDGE_LOOP ( 'NONE', ( #5908, #8127, #5956, #367 ) ) ;
#3391 = CARTESIAN_POINT ( 'NONE',  ( 1.270000000000002016, 0.7500000000000000000, -2.500000000000000000 ) ) ;
#3392 = CARTESIAN_POINT ( 'NONE',  ( -3.810000000000000053, -0.9499999999999994005, -0.3000000000000002665 ) ) ;
#3393 = VECTOR ( 'NONE', #1537, 1000.000000000000000 ) ;
#3394 = EDGE_CURVE ( 'NONE', #5300, #2930, #3389, .T. ) ;
#3395 = CARTESIAN_POINT ( 'NONE',  ( -2.319999999999999840, -1.550000000000000044, -1.800000000000000044 ) ) ;
#3396 = AXIS2_PLACEMENT_3D ( 'NONE', #8036, #685, #7902 ) ;
#3397 = CARTESIAN_POINT ( 'NONE',  ( -2.905000000000000249, -0.3150000000000000022, -1.609045455704950278 ) ) ;
#3398 = CARTESIAN_POINT ( 'NONE',  ( -3.810000000000000053, -1.250000000000000000, 0.000000000000000000 ) ) ;
#3399 = CARTESIAN_POINT ( 'NONE',  ( 5.080000000000000071, 0.000000000000000000, -6.000000000000000000 ) ) ;
#3400 = DIRECTION ( 'NONE',  ( 0.2505628070857343070, 0.2505628070857343070, -0.9351131265310277385 ) ) ;
#3401 = AXIS2_PLACEMENT_3D ( 'NONE', #5907, #1062, #447 ) ;
#3402 = PRESENTATION_STYLE_ASSIGNMENT (( #6179 ) ) ;
#3403 =( NAMED_UNIT ( * ) SI_UNIT ( $, .STERADIAN. ) SOLID_ANGLE_UNIT ( ) );
#3404 = ORIENTED_EDGE ( 'NONE', *, *, #324, .T. ) ;
#3405 = AXIS2_PLACEMENT_3D ( 'NONE', #5979, #8697, #1869 ) ;
#3406 = EDGE_CURVE ( 'NONE', #365, #7159, #2745, .T. ) ;
#3407 = EDGE_CURVE ( 'NONE', #1645, #1598, #4762, .T. ) ;
#3408 = FILL_AREA_STYLE ('',( #847 ) ) ;
#3409 = SURFACE_STYLE_USAGE ( .BOTH. , #7347 ) ;
#3410 = LINE ( 'NONE', #8111, #835 ) ;
#3411 = PLANE ( 'NONE',  #3943 ) ;
#3412 =( BOUNDED_CURVE ( )  B_SPLINE_CURVE ( 3, ( #2842, #5517, #8232, #7635 ),
 .UNSPECIFIED., .F., .T. ) 
 B_SPLINE_CURVE_WITH_KNOTS ( ( 4, 4 ),
 ( 2.356194490192345281, 3.141592653589793116 ),
 .UNSPECIFIED. ) 
 CURVE ( )  GEOMETRIC_REPRESENTATION_ITEM ( )  RATIONAL_B_SPLINE_CURVE ( ( 1.000000000000000000, 0.9492530216741912330, 0.9492530216741912330, 1.000000000000000000 ) ) 
 REPRESENTATION_ITEM ( '' )  );
#3413 = FILL_AREA_STYLE ('',( #3484 ) ) ;
#3414 = FILL_AREA_STYLE_COLOUR ( '', #8334 ) ;
#3415 = EDGE_CURVE ( 'NONE', #7146, #6510, #436, .T. ) ;
#3416 = SURFACE_SIDE_STYLE ('',( #8567 ) ) ;
#3417 = SURFACE_SIDE_STYLE ('',( #7439 ) ) ;
#3418 =( NAMED_UNIT ( * ) PLANE_ANGLE_UNIT ( ) SI_UNIT ( $, .RADIAN. ) );
#3419 = CARTESIAN_POINT ( 'NONE',  ( 0.2150000000000000244, 0.3150000000000000022, -2.500000000000000000 ) ) ;
#3420 = CARTESIAN_POINT ( 'NONE',  ( -2.905000000000000249, -0.2650000000000000133, -5.440192378864675327 ) ) ;
#3421 = ORIENTED_EDGE ( 'NONE', *, *, #512, .T. ) ;
#3422 = SURFACE_STYLE_USAGE ( .BOTH. , #8252 ) ;
#3423 = EDGE_LOOP ( 'NONE', ( #995, #1397, #1016, #7119, #3462, #6263, #2685, #5422 ) ) ;
#3424 =( NAMED_UNIT ( * ) SI_UNIT ( $, .STERADIAN. ) SOLID_ANGLE_UNIT ( ) );
#3425 = CARTESIAN_POINT ( 'NONE',  ( -1.370000000000000107, -1.249999999999999556, 6.699999999999999289 ) ) ;
#3426 = AXIS2_PLACEMENT_3D ( 'NONE', #2136, #5317, #5872 ) ;
#3427 = PLANE ( 'NONE',  #7766 ) ;
#3428 = VECTOR ( 'NONE', #2245, 1000.000000000000000 ) ;
#3429 = ORIENTED_EDGE ( 'NONE', *, *, #3406, .F. ) ;
#3430 = CARTESIAN_POINT ( 'NONE',  ( -2.905000000000000249, 0.2650000000000000133, -1.609045455704950278 ) ) ;
#3431 = DIRECTION ( 'NONE',  ( -0.5773502691896251759, -0.5773502691896251759, 0.5773502691896270633 ) ) ;
#3432 = UNCERTAINTY_MEASURE_WITH_UNIT (LENGTH_MEASURE( 1.000000000000000082E-05 ), #5024, 'distance_accuracy_value', 'NONE');
#3433 = SURFACE_STYLE_USAGE ( .BOTH. , #5921 ) ;
#3434 = VECTOR ( 'NONE', #4403, 1000.000000000000000 ) ;
#3435 = CARTESIAN_POINT ( 'NONE',  ( 0.8699999999999996625, 1.250000000000000000, 0.000000000000000000 ) ) ;
#3436 = FACE_OUTER_BOUND ( 'NONE', #7330, .T. ) ;
#3437 = CARTESIAN_POINT ( 'NONE',  ( -0.3649999999999998801, 0.2650000000000000133, -0.8909545442950493888 ) ) ;
#3438 = PRESENTATION_LAYER_ASSIGNMENT (  '', '', ( #4601 ) ) ;
#3439 = DIRECTION ( 'NONE',  ( 1.000000000000000000, 0.000000000000000000, 0.000000000000000000 ) ) ;
#3440 = EDGE_LOOP ( 'NONE', ( #1226, #3851, #2449, #1896 ) ) ;
#3441 = ORIENTED_EDGE ( 'NONE', *, *, #3034, .T. ) ;
#3442 = CARTESIAN_POINT ( 'NONE',  ( -1.370000000000000107, 1.250000000000000000, -2.499999999999998668 ) ) ;
#3443 = EDGE_CURVE ( 'NONE', #4620, #7498, #6420, .T. ) ;
#3444 = EDGE_CURVE ( 'NONE', #6683, #2039, #3038, .T. ) ;
#3445 = CARTESIAN_POINT ( 'NONE',  ( 0.000000000000000000, 0.000000000000000000, 0.000000000000000000 ) ) ;
#3446 =( NAMED_UNIT ( * ) SI_UNIT ( $, .STERADIAN. ) SOLID_ANGLE_UNIT ( ) );
#3447 = CARTESIAN_POINT ( 'NONE',  ( -0.3649999999999998801, -0.2650000000000000133, -1.609045455704950278 ) ) ;
#3448 = DIRECTION ( 'NONE',  ( -1.000000000000000000, 0.000000000000000000, 0.000000000000000000 ) ) ;
#3449 = FILL_AREA_STYLE_COLOUR ( '', #7155 ) ;
#3450 = ADVANCED_FACE ( 'NONE', ( #1008 ), #1632, .F. ) ;
#3451 =( BOUNDED_CURVE ( )  B_SPLINE_CURVE ( 3, ( #548, #5692, #3901, #224 ),
 .UNSPECIFIED., .F., .F. ) 
 B_SPLINE_CURVE_WITH_KNOTS ( ( 4, 4 ),
 ( 2.356194490192345281, 3.141592653589793116 ),
 .UNSPECIFIED. ) 
 CURVE ( )  GEOMETRIC_REPRESENTATION_ITEM ( )  RATIONAL_B_SPLINE_CURVE ( ( 1.000000000000000000, 0.9492530216741912330, 0.9492530216741912330, 1.000000000000000000 ) ) 
 REPRESENTATION_ITEM ( '' )  );
#3452 = LINE ( 'NONE', #8208, #2357 ) ;
#3453 = CARTESIAN_POINT ( 'NONE',  ( 2.175000000000000266, -0.2650000000000000133, -5.440192378864675327 ) ) ;
#3454 = FILL_AREA_STYLE ('',( #153 ) ) ;
#3455 = VERTEX_POINT ( 'NONE', #1054 ) ;
#3456 = LINE ( 'NONE', #4142, #134 ) ;
#3457 = FACE_OUTER_BOUND ( 'NONE', #2843, .T. ) ;
#3458 = PRESENTATION_LAYER_ASSIGNMENT (  '', '', ( #8573 ) ) ;
#3459 = LINE ( 'NONE', #111, #3384 ) ;
#3460 = SURFACE_STYLE_USAGE ( .BOTH. , #1245 ) ;
#3461 = VERTEX_POINT ( 'NONE', #8485 ) ;
#3462 = ORIENTED_EDGE ( 'NONE', *, *, #2117, .T. ) ;
#3463 = CARTESIAN_POINT ( 'NONE',  ( -0.3149999999999998357, -0.3150000000000000022, 0.000000000000000000 ) ) ;
#3464 = CARTESIAN_POINT ( 'NONE',  ( 1.169999999999999929, -0.9499999999999992895, -1.799999999999999600 ) ) ;
#3465 = FILL_AREA_STYLE ('',( #2877 ) ) ;
#3466 = FACE_OUTER_BOUND ( 'NONE', #5596, .T. ) ;
#3467 = VECTOR ( 'NONE', #6801, 1000.000000000000000 ) ;
#3468 = COLOUR_RGB ( '',0.5607843137254902022, 0.6470588235294117974, 0.6352941176470587870 ) ;
#3469 = SURFACE_STYLE_USAGE ( .BOTH. , #5464 ) ;
#3470 = CARTESIAN_POINT ( 'NONE',  ( 2.175000000000000266, 0.3150000000000000022, -5.440192378864675327 ) ) ;
#3471 = VERTEX_POINT ( 'NONE', #7663 ) ;
#3472 = AXIS2_PLACEMENT_3D ( 'NONE', #1918, #2612, #6609 ) ;
#3473 = ORIENTED_EDGE ( 'NONE', *, *, #4524, .T. ) ;
#3474 =( GEOMETRIC_REPRESENTATION_CONTEXT ( 3 ) GLOBAL_UNCERTAINTY_ASSIGNED_CONTEXT ( ( #4086 ) ) GLOBAL_UNIT_ASSIGNED_CONTEXT ( ( #4922, #8140, #754 ) ) REPRESENTATION_CONTEXT ( 'NONE', 'WORKASPACE' ) );
#3475 = SURFACE_SIDE_STYLE ('',( #6828 ) ) ;
#3476 = PRESENTATION_LAYER_ASSIGNMENT (  '', '', ( #1679 ) ) ;
#3477 = COLOUR_RGB ( '',0.5607843137254902022, 0.6470588235294117974, 0.6352941176470587870 ) ;
#3478 =( NAMED_UNIT ( * ) SI_UNIT ( $, .STERADIAN. ) SOLID_ANGLE_UNIT ( ) );
#3479 = DIRECTION ( 'NONE',  ( 0.000000000000000000, 0.000000000000000000, -1.000000000000000000 ) ) ;
#3480 = AXIS2_PLACEMENT_3D ( 'NONE', #3019, #412, #8415 ) ;
#3481 = VECTOR ( 'NONE', #4188, 1000.000000000000000 ) ;
#3482 = CARTESIAN_POINT ( 'NONE',  ( 3.810000000000000053, -1.250000000000000000, -2.799999999999999822 ) ) ;
#3483 = CARTESIAN_POINT ( 'NONE',  ( -0.9699999999999999734, 1.250000000000000000, -1.810000000000000941 ) ) ;
#3484 = FILL_AREA_STYLE_COLOUR ( '', #4650 ) ;
#3485 = VECTOR ( 'NONE', #4638, 1000.000000000000000 ) ;
#3486 = DIRECTION ( 'NONE',  ( 0.000000000000000000, -1.000000000000000000, 0.000000000000000000 ) ) ;
#3487 = AXIS2_PLACEMENT_3D ( 'NONE', #3167, #2379, #2334 ) ;
#3488 = MECHANICAL_DESIGN_GEOMETRIC_PRESENTATION_REPRESENTATION (  '', ( #3629 ), #572 ) ;
#3489 = EDGE_CURVE ( 'NONE', #4763, #1925, #1667, .T. ) ;
#3490 = DIRECTION ( 'NONE',  ( 0.000000000000000000, 0.000000000000000000, -1.000000000000000000 ) ) ;
#3491 = AXIS2_PLACEMENT_3D ( 'NONE', #5841, #5102, #7798 ) ;
#3492 = SURFACE_STYLE_USAGE ( .BOTH. , #4917 ) ;
#3493 = LINE ( 'NONE', #6889, #3393 ) ;
#3494 = CARTESIAN_POINT ( 'NONE',  ( 2.335358983848622838, 0.1546410161513773474, -6.038660254037845121 ) ) ;
#3495 = CARTESIAN_POINT ( 'NONE',  ( -2.854999999999999982, -0.3150000000000000022, 0.000000000000000000 ) ) ;
#3496 = CARTESIAN_POINT ( 'NONE',  ( 2.805000000000000160, 0.2784380551032345497, 6.140192378864674616 ) ) ;
#3497 = LINE ( 'NONE', #6775, #7010 ) ;
#3498 = CARTESIAN_POINT ( 'NONE',  ( 0.2150000000000000522, 0.3150000000000000022, 6.140192378864673728 ) ) ;
#3499 = EDGE_CURVE ( 'NONE', #387, #4620, #1774, .T. ) ;
#3500 = EDGE_CURVE ( 'NONE', #5146, #4587, #2426, .T. ) ;
#3501 = COLOUR_RGB ( '',0.8509803921568627194, 0.8509803921568627194, 0.8509803921568627194 ) ;
#3502 = LINE ( 'NONE', #7701, #936 ) ;
#3503 = MECHANICAL_DESIGN_GEOMETRIC_PRESENTATION_REPRESENTATION (  '', ( #6882 ), #7886 ) ;
#3504 = CARTESIAN_POINT ( 'NONE',  ( 1.269999999999999352, 0.7500000000000000000, -2.500000000000000000 ) ) ;
#3505 = ORIENTED_EDGE ( 'NONE', *, *, #1651, .T. ) ;
#3506 = DIRECTION ( 'NONE',  ( -0.000000000000000000, -0.000000000000000000, -1.000000000000000000 ) ) ;
#3507 = DIRECTION ( 'NONE',  ( 0.000000000000000000, 0.000000000000000000, -1.000000000000000000 ) ) ;
#3508 = PRESENTATION_LAYER_ASSIGNMENT (  '', '', ( #6058 ) ) ;
#3509 = PLANE ( 'NONE',  #1757 ) ;
#3510 = VECTOR ( 'NONE', #6624, 1000.000000000000000 ) ;
#3511 = DIRECTION ( 'NONE',  ( 0.7071067811865463515, 0.000000000000000000, -0.7071067811865487940 ) ) ;
#3512 = ADVANCED_FACE ( 'NONE', ( #4512 ), #3783, .T. ) ;
#3513 = DIRECTION ( 'NONE',  ( 1.000000000000000000, 0.000000000000000000, 0.000000000000000000 ) ) ;
#3514 = VECTOR ( 'NONE', #2797, 1000.000000000000000 ) ;
#3515 = ORIENTED_EDGE ( 'NONE', *, *, #312, .T. ) ;
#3516 = CARTESIAN_POINT ( 'NONE',  ( 0.000000000000000000, -2.399999999999999911, 0.000000000000000000 ) ) ;
#3517 = LINE ( 'NONE', #2096, #7604 ) ;
#3518 = ORIENTED_EDGE ( 'NONE', *, *, #4129, .F. ) ;
#3519 = DIRECTION ( 'NONE',  ( -0.000000000000000000, -0.000000000000000000, -1.000000000000000000 ) ) ;
#3520 = PLANE ( 'NONE',  #1969 ) ;
#3521 = ORIENTED_EDGE ( 'NONE', *, *, #1999, .T. ) ;
#3522 = PLANE ( 'NONE',  #2411 ) ;
#3523 =( NAMED_UNIT ( * ) PLANE_ANGLE_UNIT ( ) SI_UNIT ( $, .RADIAN. ) );
#3524 = PRESENTATION_LAYER_ASSIGNMENT (  '', '', ( #4699 ) ) ;
#3525 = CARTESIAN_POINT ( 'NONE',  ( 2.225000000000000533, -0.3150000000000000022, -0.8909545442950493888 ) ) ;
#3526 = CYLINDRICAL_SURFACE ( 'NONE', #5833, 0.05000000000000002359 ) ;
#3527 = UNCERTAINTY_MEASURE_WITH_UNIT (LENGTH_MEASURE( 1.000000000000000082E-05 ), #4737, 'distance_accuracy_value', 'NONE');
#3528 = LINE ( 'NONE', #5439, #6619 ) ;
#3529 = ADVANCED_FACE ( 'NONE', ( #5200 ), #3922, .F. ) ;
#3530 = AXIS2_PLACEMENT_3D ( 'NONE', #5519, #8370, #2144 ) ;
#3531 = CARTESIAN_POINT ( 'NONE',  ( 0.2650000000000000688, -0.2784380551032345497, -5.440192378864675327 ) ) ;
#3532 = FILL_AREA_STYLE_COLOUR ( '', #4387 ) ;
#3533 = CARTESIAN_POINT ( 'NONE',  ( 3.536666666666669290, 3.216666666666669006, 1.966666666666676555 ) ) ;
#3534 = DIRECTION ( 'NONE',  ( 1.000000000000000000, 0.000000000000000000, 0.000000000000000000 ) ) ;
#3535 = LINE ( 'NONE', #1763, #2687 ) ;
#3536 = UNCERTAINTY_MEASURE_WITH_UNIT (LENGTH_MEASURE( 1.000000000000000082E-05 ), #4869, 'distance_accuracy_value', 'NONE');
#3537 =( NAMED_UNIT ( * ) SI_UNIT ( $, .STERADIAN. ) SOLID_ANGLE_UNIT ( ) );
#3538 = LINE ( 'NONE', #199, #1875 ) ;
#3539 = SURFACE_STYLE_FILL_AREA ( #2827 ) ;
#3540 = SURFACE_STYLE_FILL_AREA ( #5504 ) ;
#3541 = EDGE_CURVE ( 'NONE', #5083, #4276, #8038, .T. ) ;
#3542 = ORIENTED_EDGE ( 'NONE', *, *, #8664, .T. ) ;
#3543 = DIRECTION ( 'NONE',  ( 0.7071067811865463515, 0.000000000000000000, 0.7071067811865487940 ) ) ;
#3544 = EDGE_CURVE ( 'NONE', #5300, #4996, #4565, .T. ) ;
#3545 = EDGE_CURVE ( 'NONE', #4473, #3911, #2186, .T. ) ;
#3546 = SURFACE_STYLE_FILL_AREA ( #6819 ) ;
#3547 = CARTESIAN_POINT ( 'NONE',  ( -2.590000000000000302, 2.169999999999999485, -1.810000000000000053 ) ) ;
#3548 = SURFACE_STYLE_FILL_AREA ( #7426 ) ;
#3549 = PRESENTATION_LAYER_ASSIGNMENT (  '', '', ( #4279 ) ) ;
#3550 = COLOUR_RGB ( '',0.9686274509803921573, 0.8784313725490195957, 0.5999999999999999778 ) ;
#3551 = UNCERTAINTY_MEASURE_WITH_UNIT (LENGTH_MEASURE( 1.000000000000000082E-05 ), #7141, 'distance_accuracy_value', 'NONE');
#3552 = ORIENTED_EDGE ( 'NONE', *, *, #3249, .T. ) ;
#3553 = FACE_OUTER_BOUND ( 'NONE', #4788, .T. ) ;
#3554 = DIRECTION ( 'NONE',  ( 0.000000000000000000, 0.000000000000000000, -1.000000000000000000 ) ) ;
#3555 = DIRECTION ( 'NONE',  ( -1.000000000000000000, 0.000000000000000000, 0.000000000000000000 ) ) ;
#3556 = ORIENTED_EDGE ( 'NONE', *, *, #8077, .F. ) ;
#3557 = SURFACE_STYLE_USAGE ( .BOTH. , #5592 ) ;
#3558 = ADVANCED_FACE ( 'NONE', ( #2045 ), #4689, .F. ) ;
#3559 = ORIENTED_EDGE ( 'NONE', *, *, #4906, .T. ) ;
#3560 = EDGE_CURVE ( 'NONE', #3266, #3003, #5898, .T. ) ;
#3561 = STYLED_ITEM ( 'NONE', ( #8662 ), #2884 ) ;
#3562 = AXIS2_PLACEMENT_3D ( 'NONE', #6927, #4878, #1495 ) ;
#3563 = VERTEX_POINT ( 'NONE', #25 ) ;
#3564 = CARTESIAN_POINT ( 'NONE',  ( -3.810000000000000053, 0.9499999999999999556, -1.810000000000000053 ) ) ;
#3565 = DIRECTION ( 'NONE',  ( -1.000000000000000000, 0.000000000000000000, 0.000000000000000000 ) ) ;
#3566 = AXIS2_PLACEMENT_3D ( 'NONE', #3172, #7040, #7819 ) ;
#3567 = CARTESIAN_POINT ( 'NONE',  ( 2.225000000000000533, -0.2650000000000000133, 0.000000000000000000 ) ) ;
#3568 = SURFACE_STYLE_USAGE ( .BOTH. , #6448 ) ;
#3569 = DIRECTION ( 'NONE',  ( -1.000000000000000000, 0.000000000000000000, 0.000000000000000000 ) ) ;
#3570 = ORIENTED_EDGE ( 'NONE', *, *, #8329, .F. ) ;
#3571 = DIRECTION ( 'NONE',  ( 0.000000000000000000, -1.000000000000000000, 0.000000000000000000 ) ) ;
#3572 = CARTESIAN_POINT ( 'NONE',  ( -2.854999999999999982, -0.2650000000000000133, -1.609045455704950278 ) ) ;
#3573 =( NAMED_UNIT ( * ) SI_UNIT ( $, .STERADIAN. ) SOLID_ANGLE_UNIT ( ) );
#3574 = DIRECTION ( 'NONE',  ( 0.000000000000000000, -1.000000000000000000, 0.000000000000000000 ) ) ;
#3575 = CARTESIAN_POINT ( 'NONE',  ( 2.540000000000000036, -0.1650000000000000633, -6.000000000000000000 ) ) ;
#3576 = SURFACE_STYLE_USAGE ( .BOTH. , #6928 ) ;
#3577 = ORIENTED_EDGE ( 'NONE', *, *, #5140, .F. ) ;
#3578 = SURFACE_STYLE_USAGE ( .BOTH. , #862 ) ;
#3579 = CARTESIAN_POINT ( 'NONE',  ( 3.409999999999999698, -1.249999999999999556, 0.000000000000000000 ) ) ;
#3580 = DIRECTION ( 'NONE',  ( 0.000000000000000000, -1.000000000000000000, 0.000000000000000000 ) ) ;
#3581 = DIRECTION ( 'NONE',  ( 1.000000000000000000, 0.000000000000000000, 0.000000000000000000 ) ) ;
#3582 = DIRECTION ( 'NONE',  ( 0.7071067811865487940, 0.000000000000000000, -0.7071067811865463515 ) ) ;
#3583 = FACE_OUTER_BOUND ( 'NONE', #965, .T. ) ;
#3584 = ORIENTED_EDGE ( 'NONE', *, *, #61, .F. ) ;
#3585 = CARTESIAN_POINT ( 'NONE',  ( 0.2650000000000000688, 0.2650000000000000133, -2.500000000000000000 ) ) ;
#3586 = UNCERTAINTY_MEASURE_WITH_UNIT (LENGTH_MEASURE( 1.000000000000000082E-05 ), #3613, 'distance_accuracy_value', 'NONE');
#3587 = CARTESIAN_POINT ( 'NONE',  ( -3.660000000000000142, 1.100000000000000089, -0.9899999999999999911 ) ) ;
#3588 = FILL_AREA_STYLE_COLOUR ( '', #8762 ) ;
#3589 = ORIENTED_EDGE ( 'NONE', *, *, #2035, .F. ) ;
#3590 = CARTESIAN_POINT ( 'NONE',  ( 2.805000000000000160, -0.3150000000000000022, -5.440192378864675327 ) ) ;
#3591 = LINE ( 'NONE', #2340, #7628 ) ;
#3592 = EDGE_CURVE ( 'NONE', #1064, #7383, #7526, .T. ) ;
#3593 = PRESENTATION_LAYER_ASSIGNMENT (  '', '', ( #6834 ) ) ;
#3594 = DIRECTION ( 'NONE',  ( 0.000000000000000000, 0.000000000000000000, -1.000000000000000000 ) ) ;
#3595 = DIRECTION ( 'NONE',  ( 0.000000000000000000, 0.000000000000000000, -1.000000000000000000 ) ) ;
#3596 = CARTESIAN_POINT ( 'NONE',  ( 0.2503553390593275529, -0.3003553390593273753, -5.494846997554885704 ) ) ;
#3597 = ORIENTED_EDGE ( 'NONE', *, *, #5698, .F. ) ;
#3598 = FILL_AREA_STYLE_COLOUR ( '', #1316 ) ;
#3599 = DIRECTION ( 'NONE',  ( -0.7071067811865475727, -0.7071067811865475727, 0.000000000000000000 ) ) ;
#3600 = ORIENTED_EDGE ( 'NONE', *, *, #3097, .F. ) ;
#3601 = AXIS2_PLACEMENT_3D ( 'NONE', #7793, #4399, #4548 ) ;
#3602 = EDGE_CURVE ( 'NONE', #4763, #5854, #3452, .T. ) ;
#3603 = EDGE_CURVE ( 'NONE', #31, #1760, #8250, .T. ) ;
#3604 = VECTOR ( 'NONE', #6142, 1000.000000000000000 ) ;
#3605 = DIRECTION ( 'NONE',  ( 0.7071067811865474617, -0.7071067811865474617, 0.000000000000000000 ) ) ;
#3606 = CARTESIAN_POINT ( 'NONE',  ( 0.000000000000000000, 0.000000000000000000, -6.000000000000000000 ) ) ;
#3607 = DIRECTION ( 'NONE',  ( 0.000000000000000000, 0.000000000000000000, 1.000000000000000000 ) ) ;
#3608 = ORIENTED_EDGE ( 'NONE', *, *, #5073, .T. ) ;
#3609 = ORIENTED_EDGE ( 'NONE', *, *, #2756, .F. ) ;
#3610 =( GEOMETRIC_REPRESENTATION_CONTEXT ( 3 ) GLOBAL_UNCERTAINTY_ASSIGNED_CONTEXT ( ( #6085 ) ) GLOBAL_UNIT_ASSIGNED_CONTEXT ( ( #1125, #4427, #5130 ) ) REPRESENTATION_CONTEXT ( 'NONE', 'WORKASPACE' ) );
#3611 = STYLED_ITEM ( 'NONE', ( #697 ), #7413 ) ;
#3612 = AXIS2_PLACEMENT_3D ( 'NONE', #4263, #994, #6969 ) ;
#3613 =( LENGTH_UNIT ( ) NAMED_UNIT ( * ) SI_UNIT ( .MILLI., .METRE. ) );
#3614 =( GEOMETRIC_REPRESENTATION_CONTEXT ( 3 ) GLOBAL_UNCERTAINTY_ASSIGNED_CONTEXT ( ( #6861 ) ) GLOBAL_UNIT_ASSIGNED_CONTEXT ( ( #5328, #4131, #6681 ) ) REPRESENTATION_CONTEXT ( 'NONE', 'WORKASPACE' ) );
#3615 = LINE ( 'NONE', #7019, #3350 ) ;
#3616 = ORIENTED_EDGE ( 'NONE', *, *, #4603, .F. ) ;
#3617 = SURFACE_STYLE_USAGE ( .BOTH. , #6365 ) ;
#3618 = SURFACE_STYLE_FILL_AREA ( #998 ) ;
#3619 = AXIS2_PLACEMENT_3D ( 'NONE', #3976, #8750, #7947 ) ;
#3620 = CARTESIAN_POINT ( 'NONE',  ( 2.799857478948783118, 0.2908531991698717345, 6.159384528706809192 ) ) ;
#3621 =( GEOMETRIC_REPRESENTATION_CONTEXT ( 3 ) GLOBAL_UNCERTAINTY_ASSIGNED_CONTEXT ( ( #4002 ) ) GLOBAL_UNIT_ASSIGNED_CONTEXT ( ( #5124, #3007, #396 ) ) REPRESENTATION_CONTEXT ( 'NONE', 'WORKASPACE' ) );
#3622 = SURFACE_STYLE_USAGE ( .BOTH. , #6465 ) ;
#3623 = CARTESIAN_POINT ( 'NONE',  ( -0.9700000000000001954, -1.249999999999999556, 6.699999999999999289 ) ) ;
#3624 = PRESENTATION_STYLE_ASSIGNMENT (( #5663 ) ) ;
#3625 = AXIS2_PLACEMENT_3D ( 'NONE', #7733, #1704, #3605 ) ;
#3626 = MECHANICAL_DESIGN_GEOMETRIC_PRESENTATION_REPRESENTATION (  '', ( #2533 ), #3610 ) ;
#3627 = CARTESIAN_POINT ( 'NONE',  ( -0.3649999999999998801, 0.3150000000000000022, -1.609045455704950278 ) ) ;
#3628 = ADVANCED_FACE ( 'NONE', ( #859 ), #5492, .F. ) ;
#3629 = STYLED_ITEM ( 'NONE', ( #4135 ), #4669 ) ;
#3630 = SURFACE_STYLE_USAGE ( .BOTH. , #6241 ) ;
#3631 = PRESENTATION_STYLE_ASSIGNMENT (( #5060 ) ) ;
#3632 = ORIENTED_EDGE ( 'NONE', *, *, #3248, .T. ) ;
#3633 = STYLED_ITEM ( 'NONE', ( #4251 ), #464 ) ;
#3634 =( NAMED_UNIT ( * ) SI_UNIT ( $, .STERADIAN. ) SOLID_ANGLE_UNIT ( ) );
#3635 = FILL_AREA_STYLE ('',( #915 ) ) ;
#3636 = COLOUR_RGB ( '',0.8509803921568627194, 0.8509803921568627194, 0.8509803921568627194 ) ;
#3637 = SURFACE_SIDE_STYLE ('',( #5112 ) ) ;
#3638 = CARTESIAN_POINT ( 'NONE',  ( -2.289644660940672871, -0.3003553390593272643, -5.494846997554885704 ) ) ;
#3639 = FACE_OUTER_BOUND ( 'NONE', #3824, .T. ) ;
#3640 = ORIENTED_EDGE ( 'NONE', *, *, #1983, .F. ) ;
#3641 = EDGE_LOOP ( 'NONE', ( #5719, #6027, #1901, #8742, #3676 ) ) ;
#3642 = COLOUR_RGB ( '',0.8509803921568627194, 0.8509803921568627194, 0.8509803921568627194 ) ;
#3643 = COLOUR_RGB ( '',0.5607843137254902022, 0.6470588235294117974, 0.6352941176470587870 ) ;
#3644 = PRESENTATION_STYLE_ASSIGNMENT (( #6987 ) ) ;
#3645 = DIRECTION ( 'NONE',  ( 0.000000000000000000, 0.000000000000000000, 1.000000000000000000 ) ) ;
#3646 = EDGE_CURVE ( 'NONE', #1571, #1036, #1494, .T. ) ;
#3647 = CARTESIAN_POINT ( 'NONE',  ( 1.570000000000000284, 1.250000000000000000, -2.799999999999999822 ) ) ;
#3648 = CARTESIAN_POINT ( 'NONE',  ( -2.905000000000000249, 0.3150000000000000022, -2.500000000000000000 ) ) ;
#3649 = ORIENTED_EDGE ( 'NONE', *, *, #5425, .F. ) ;
#3650 = CARTESIAN_POINT ( 'NONE',  ( -3.810000000000000053, -0.7500000000000000000, -2.500000000000000000 ) ) ;
#3651 = FILL_AREA_STYLE_COLOUR ( '', #5341 ) ;
#3652 = ORIENTED_EDGE ( 'NONE', *, *, #2656, .T. ) ;
#3653 = VECTOR ( 'NONE', #4821, 1000.000000000000114 ) ;
#3654 = EDGE_CURVE ( 'NONE', #6508, #7428, #1370, .T. ) ;
#3655 = PRODUCT_DEFINITION ( 'Î´Öª', '', #2121, #5912 ) ;
#3656 = ORIENTED_EDGE ( 'NONE', *, *, #3499, .T. ) ;
#3657 =( NAMED_UNIT ( * ) SI_UNIT ( $, .STERADIAN. ) SOLID_ANGLE_UNIT ( ) );
#3658 = AXIS2_PLACEMENT_3D ( 'NONE', #1111, #4531, #2438 ) ;
#3659 = SURFACE_SIDE_STYLE ('',( #7143 ) ) ;
#3660 = ORIENTED_EDGE ( 'NONE', *, *, #4631, .T. ) ;
#3661 =( GEOMETRIC_REPRESENTATION_CONTEXT ( 3 ) GLOBAL_UNCERTAINTY_ASSIGNED_CONTEXT ( ( #2964 ) ) GLOBAL_UNIT_ASSIGNED_CONTEXT ( ( #6850, #824, #4976 ) ) REPRESENTATION_CONTEXT ( 'NONE', 'WORKASPACE' ) );
#3662 =( NAMED_UNIT ( * ) PLANE_ANGLE_UNIT ( ) SI_UNIT ( $, .RADIAN. ) );
#3663 = EDGE_CURVE ( 'NONE', #4255, #5090, #4227, .T. ) ;
#3664 = EDGE_CURVE ( 'NONE', #1598, #2495, #4836, .T. ) ;
#3665 = SURFACE_STYLE_FILL_AREA ( #1034 ) ;
#3666 = ORIENTED_EDGE ( 'NONE', *, *, #934, .F. ) ;
#3667 = AXIS2_PLACEMENT_3D ( 'NONE', #5918, #1846, #407 ) ;
#3668 = AXIS2_PLACEMENT_3D ( 'NONE', #7586, #2206, #3513 ) ;
#3669 = DIRECTION ( 'NONE',  ( 0.000000000000000000, -0.000000000000000000, -1.000000000000000000 ) ) ;
#3670 = SURFACE_STYLE_USAGE ( .BOTH. , #7609 ) ;
#3671 = AXIS2_PLACEMENT_3D ( 'NONE', #168, #4508, #6220 ) ;
#3672 = PRESENTATION_STYLE_ASSIGNMENT (( #2538 ) ) ;
#3673 = ORIENTED_EDGE ( 'NONE', *, *, #1260, .T. ) ;
#3674 =( LENGTH_UNIT ( ) NAMED_UNIT ( * ) SI_UNIT ( .MILLI., .METRE. ) );
#3675 = EDGE_CURVE ( 'NONE', #3136, #1059, #4172, .T. ) ;
#3676 = ORIENTED_EDGE ( 'NONE', *, *, #5895, .F. ) ;
#3677 = PRESENTATION_STYLE_ASSIGNMENT (( #7893 ) ) ;
#3678 = EDGE_CURVE ( 'NONE', #5343, #1645, #1416, .T. ) ;
#3679 = DIRECTION ( 'NONE',  ( 1.000000000000000000, 0.000000000000000000, 0.000000000000000000 ) ) ;
#3680 =( GEOMETRIC_REPRESENTATION_CONTEXT ( 3 ) GLOBAL_UNCERTAINTY_ASSIGNED_CONTEXT ( ( #8146 ) ) GLOBAL_UNIT_ASSIGNED_CONTEXT ( ( #7191, #7821, #1115 ) ) REPRESENTATION_CONTEXT ( 'NONE', 'WORKASPACE' ) );
#3681 = FILL_AREA_STYLE_COLOUR ( '', #124 ) ;
#3682 = LINE ( 'NONE', #1665, #581 ) ;
#3683 = DIRECTION ( 'NONE',  ( -0.000000000000000000, 1.000000000000000000, 0.000000000000000000 ) ) ;
#3684 = SURFACE_STYLE_FILL_AREA ( #5628 ) ;
#3685 = DIRECTION ( 'NONE',  ( -1.000000000000000000, 0.000000000000000000, 0.000000000000000000 ) ) ;
#3686 = EDGE_LOOP ( 'NONE', ( #5821, #3703, #472, #4606, #8088 ) ) ;
#3687 = SURFACE_SIDE_STYLE ('',( #5110 ) ) ;
#3688 =( NAMED_UNIT ( * ) SI_UNIT ( $, .STERADIAN. ) SOLID_ANGLE_UNIT ( ) );
#3689 = FILL_AREA_STYLE ('',( #1013 ) ) ;
#3690 = CARTESIAN_POINT ( 'NONE',  ( -1.270000000000000240, -1.250000000000000000, 6.699999999999999289 ) ) ;
#3691 = ORIENTED_EDGE ( 'NONE', *, *, #8389, .F. ) ;
#3692 = VERTEX_POINT ( 'NONE', #5529 ) ;
#3693 = PRESENTATION_LAYER_ASSIGNMENT (  '', '', ( #2732 ) ) ;
#3694 = DIRECTION ( 'NONE',  ( -0.000000000000000000, 0.000000000000000000, 1.000000000000000000 ) ) ;
#3695 = CARTESIAN_POINT ( 'NONE',  ( 2.175000000000000266, 0.3150000000000000022, 6.140192378864673728 ) ) ;
#3696 = CARTESIAN_POINT ( 'NONE',  ( -2.325000000000000178, 0.3150000000000000022, 0.000000000000000000 ) ) ;
#3697 = SURFACE_STYLE_USAGE ( .BOTH. , #7678 ) ;
#3698 = VERTEX_POINT ( 'NONE', #7565 ) ;
#3699 = DIRECTION ( 'NONE',  ( -0.2505628070857343070, 0.2505628070857343070, 0.9351131265310277385 ) ) ;
#3700 = FACE_OUTER_BOUND ( 'NONE', #5022, .T. ) ;
#3701 = SURFACE_SIDE_STYLE ('',( #5220 ) ) ;
#3702 = VERTEX_POINT ( 'NONE', #736 ) ;
#3703 = ORIENTED_EDGE ( 'NONE', *, *, #2170, .F. ) ;
#3704 = VECTOR ( 'NONE', #8306, 1000.000000000000000 ) ;
#3705 = DIRECTION ( 'NONE',  ( 1.000000000000000000, 0.000000000000000000, 0.000000000000000000 ) ) ;
#3706 = VERTEX_POINT ( 'NONE', #1453 ) ;
#3707 =( NAMED_UNIT ( * ) SI_UNIT ( $, .STERADIAN. ) SOLID_ANGLE_UNIT ( ) );
#3708 = VECTOR ( 'NONE', #3506, 1000.000000000000000 ) ;
#3709 = DIRECTION ( 'NONE',  ( 0.000000000000000000, -1.000000000000000000, 0.000000000000000000 ) ) ;
#3710 = LINE ( 'NONE', #4435, #5604 ) ;
#3711 = ORIENTED_EDGE ( 'NONE', *, *, #3236, .F. ) ;
#3712 = VERTEX_POINT ( 'NONE', #3419 ) ;
#3713 = AXIS2_PLACEMENT_3D ( 'NONE', #6463, #8385, #425 ) ;
#3714 = AXIS2_PLACEMENT_3D ( 'NONE', #6069, #1953, #7407 ) ;
#3715 =( NAMED_UNIT ( * ) SI_UNIT ( $, .STERADIAN. ) SOLID_ANGLE_UNIT ( ) );
#3716 = EDGE_CURVE ( 'NONE', #1872, #2960, #6109, .T. ) ;
#3717 = EDGE_CURVE ( 'NONE', #6615, #2773, #2115, .T. ) ;
#3718 = ORIENTED_EDGE ( 'NONE', *, *, #5619, .T. ) ;
#3719 = CARTESIAN_POINT ( 'NONE',  ( 2.180142521051217308, -0.2908531991698717345, 6.159384528706809192 ) ) ;
#3720 = VECTOR ( 'NONE', #3124, 1000.000000000000000 ) ;
#3721 = EDGE_LOOP ( 'NONE', ( #3784, #4999, #444, #3862 ) ) ;
#3722 = PRESENTATION_LAYER_ASSIGNMENT (  '', '', ( #7536 ) ) ;
#3723 =( LENGTH_UNIT ( ) NAMED_UNIT ( * ) SI_UNIT ( .MILLI., .METRE. ) );
#3724 = DIRECTION ( 'NONE',  ( 0.000000000000000000, -1.000000000000000000, -0.000000000000000000 ) ) ;
#3725 = CARTESIAN_POINT ( 'NONE',  ( -1.320000000000000062, -0.8999999999999988010, -0.3500000000000011990 ) ) ;
#3726 = CARTESIAN_POINT ( 'NONE',  ( 0.2650000000000000688, -0.3150000000000000022, 0.000000000000000000 ) ) ;
#3727 =( NAMED_UNIT ( * ) PLANE_ANGLE_UNIT ( ) SI_UNIT ( $, .RADIAN. ) );
#3728 = EDGE_CURVE ( 'NONE', #253, #4074, #2320, .T. ) ;
#3729 =( NAMED_UNIT ( * ) SI_UNIT ( $, .STERADIAN. ) SOLID_ANGLE_UNIT ( ) );
#3730 = PRESENTATION_STYLE_ASSIGNMENT (( #290 ) ) ;
#3731 = EDGE_LOOP ( 'NONE', ( #3640, #3372, #2738, #3556 ) ) ;
#3732 = CARTESIAN_POINT ( 'NONE',  ( -1.670000000000000373, 1.250000000000000000, -2.799999999999999822 ) ) ;
#3733 = FACE_OUTER_BOUND ( 'NONE', #3641, .T. ) ;
#3734 = CARTESIAN_POINT ( 'NONE',  ( 3.709999999999999964, 0.9499999999999995115, -0.9899999999999999911 ) ) ;
#3735 = VERTEX_POINT ( 'NONE', #2284 ) ;
#3736 = ORIENTED_EDGE ( 'NONE', *, *, #3489, .T. ) ;
#3737 =( GEOMETRIC_REPRESENTATION_CONTEXT ( 3 ) GLOBAL_UNCERTAINTY_ASSIGNED_CONTEXT ( ( #4712 ) ) GLOBAL_UNIT_ASSIGNED_CONTEXT ( ( #6706, #3315, #4116 ) ) REPRESENTATION_CONTEXT ( 'NONE', 'WORKASPACE' ) );
#3738 = FILL_AREA_STYLE_COLOUR ( '', #1572 ) ;
#3739 = CARTESIAN_POINT ( 'NONE',  ( -1.370000000000000107, 0.9499999999999995115, -2.499999999999998668 ) ) ;
#3740 = ADVANCED_FACE ( 'NONE', ( #6926 ), #8341, .F. ) ;
#3741 = ORIENTED_EDGE ( 'NONE', *, *, #4820, .F. ) ;
#3742 = LINE ( 'NONE', #6386, #5926 ) ;
#3743 = PRESENTATION_STYLE_ASSIGNMENT (( #494 ) ) ;
#3744 = ORIENTED_EDGE ( 'NONE', *, *, #5256, .F. ) ;
#3745 = CARTESIAN_POINT ( 'NONE',  ( 4.303333333333336341, -2.183333333333335791, 0.6333333333333477366 ) ) ;
#3746 =( BOUNDED_CURVE ( )  B_SPLINE_CURVE ( 3, ( #3596, #4774, #7546, #84 ),
 .UNSPECIFIED., .F., .T. ) 
 B_SPLINE_CURVE_WITH_KNOTS ( ( 4, 4 ),
 ( 2.356194490192342172, 3.141592653589793116 ),
 .UNSPECIFIED. ) 
 CURVE ( )  GEOMETRIC_REPRESENTATION_ITEM ( )  RATIONAL_B_SPLINE_CURVE ( ( 1.000000000000000000, 0.9492530216741907889, 0.9492530216741907889, 1.000000000000000000 ) ) 
 REPRESENTATION_ITEM ( '' )  );
#3747 = SURFACE_STYLE_USAGE ( .BOTH. , #1065 ) ;
#3748 = CARTESIAN_POINT ( 'NONE',  ( 2.540000000000000036, 0.1650000000000000633, 6.700000000000000178 ) ) ;
#3749 = ORIENTED_EDGE ( 'NONE', *, *, #8656, .F. ) ;
#3750 = VERTEX_POINT ( 'NONE', #2987 ) ;
#3751 = VECTOR ( 'NONE', #5247, 999.9999999999998863 ) ;
#3752 = SURFACE_STYLE_USAGE ( .BOTH. , #3177 ) ;
#3753 =( NAMED_UNIT ( * ) PLANE_ANGLE_UNIT ( ) SI_UNIT ( $, .RADIAN. ) );
#3754 =( NAMED_UNIT ( * ) SI_UNIT ( $, .STERADIAN. ) SOLID_ANGLE_UNIT ( ) );
#3755 = CARTESIAN_POINT ( 'NONE',  ( 0.2650000000000000688, -0.3150000000000000022, -2.500000000000000000 ) ) ;
#3756 = PRESENTATION_LAYER_ASSIGNMENT (  '', '', ( #371 ) ) ;
#3757 = SURFACE_SIDE_STYLE ('',( #4487 ) ) ;
#3758 = DIRECTION ( 'NONE',  ( 0.7071067811865474617, 0.7071067811865474617, 0.000000000000000000 ) ) ;
#3759 =( LENGTH_UNIT ( ) NAMED_UNIT ( * ) SI_UNIT ( .MILLI., .METRE. ) );
#3760 = ORIENTED_EDGE ( 'NONE', *, *, #7518, .T. ) ;
#3761 = ORIENTED_EDGE ( 'NONE', *, *, #2132, .T. ) ;
#3762 = CARTESIAN_POINT ( 'NONE',  ( -2.289644660940673315, -0.3003553390593272643, 6.194846997554884105 ) ) ;
#3763 =( NAMED_UNIT ( * ) SI_UNIT ( $, .STERADIAN. ) SOLID_ANGLE_UNIT ( ) );
#3764 = FILL_AREA_STYLE ('',( #6551 ) ) ;
#3765 = AXIS2_PLACEMENT_3D ( 'NONE', #2692, #8745, #5380 ) ;
#3766 = EDGE_LOOP ( 'NONE', ( #5693, #2970, #4288, #4197 ) ) ;
#3767 =( NAMED_UNIT ( * ) SI_UNIT ( $, .STERADIAN. ) SOLID_ANGLE_UNIT ( ) );
#3768 =( GEOMETRIC_REPRESENTATION_CONTEXT ( 3 ) GLOBAL_UNCERTAINTY_ASSIGNED_CONTEXT ( ( #5962 ) ) GLOBAL_UNIT_ASSIGNED_CONTEXT ( ( #3385, #742, #2826 ) ) REPRESENTATION_CONTEXT ( 'NONE', 'WORKASPACE' ) );
#3769 = CARTESIAN_POINT ( 'NONE',  ( -1.775000000000000133, -1.550000000000000044, -1.399999999999999911 ) ) ;
#3770 = SURFACE_STYLE_FILL_AREA ( #2362 ) ;
#3771 = EDGE_CURVE ( 'NONE', #2974, #2968, #8382, .T. ) ;
#3772 = PRODUCT_RELATED_PRODUCT_CATEGORY ( 'part', '', ( #2258 ) ) ;
#3773 = DIRECTION ( 'NONE',  ( 1.000000000000000000, 0.000000000000000000, 0.000000000000000000 ) ) ;
#3774 = VECTOR ( 'NONE', #2670, 1000.000000000000000 ) ;
#3775 = SURFACE_STYLE_USAGE ( .BOTH. , #5842 ) ;
#3776 = LINE ( 'NONE', #3119, #7123 ) ;
#3777 = MECHANICAL_DESIGN_GEOMETRIC_PRESENTATION_REPRESENTATION (  '', ( #1114 ), #3214 ) ;
#3778 = MECHANICAL_DESIGN_GEOMETRIC_PRESENTATION_REPRESENTATION (  '', ( #4507 ), #4070 ) ;
#3779 =( NAMED_UNIT ( * ) PLANE_ANGLE_UNIT ( ) SI_UNIT ( $, .RADIAN. ) );
#3780 = DIRECTION ( 'NONE',  ( -0.000000000000000000, 1.000000000000000000, 0.000000000000000000 ) ) ;
#3781 = SURFACE_SIDE_STYLE ('',( #3684 ) ) ;
#3783 = PLANE ( 'NONE',  #6017 ) ;
#3782 = VECTOR ( 'NONE', #5400, 1000.000000000000227 ) ;
#3784 = ORIENTED_EDGE ( 'NONE', *, *, #4828, .T. ) ;
#3785 = LINE ( 'NONE', #330, #5893 ) ;
#3786 = CARTESIAN_POINT ( 'NONE',  ( -0.2149999999999999134, 0.000000000000000000, -6.000000000000000000 ) ) ;
#3787 = AXIS2_PLACEMENT_3D ( 'NONE', #5920, #3278, #5784 ) ;
#3788 = EDGE_CURVE ( 'NONE', #4677, #5090, #7244, .T. ) ;
#3789 = VERTEX_POINT ( 'NONE', #4346 ) ;
#3790 = ORIENTED_EDGE ( 'NONE', *, *, #6430, .F. ) ;
#3791 = AXIS2_PLACEMENT_3D ( 'NONE', #2034, #1315, #1988 ) ;
#3792 = CARTESIAN_POINT ( 'NONE',  ( 3.810000000000000053, 1.250000000000000000, -2.399999999999998579 ) ) ;
#3793 = LINE ( 'NONE', #2436, #8362 ) ;
#3794 = FILL_AREA_STYLE ('',( #1108 ) ) ;
#3795 = EDGE_LOOP ( 'NONE', ( #7152, #2608, #2523, #7241, #8360, #7860 ) ) ;
#3796 = VECTOR ( 'NONE', #8657, 1000.000000000000000 ) ;
#3797 = CARTESIAN_POINT ( 'NONE',  ( -2.319999999999999840, -1.550000000000000044, -1.000000000000000000 ) ) ;
#3798 = VERTEX_POINT ( 'NONE', #6543 ) ;
#3799 = CARTESIAN_POINT ( 'NONE',  ( -2.868438055103234685, -0.3150000000000000022, -5.440192378864675327 ) ) ;
#3800 = CARTESIAN_POINT ( 'NONE',  ( 2.199146800830128701, -0.3098574789487829606, -5.459384528706810791 ) ) ;
#3801 = MECHANICAL_DESIGN_GEOMETRIC_PRESENTATION_REPRESENTATION (  '', ( #417 ), #2252 ) ;
#3802 = ORIENTED_EDGE ( 'NONE', *, *, #8616, .F. ) ;
#3803 = AXIS2_PLACEMENT_3D ( 'NONE', #3029, #946, #7161 ) ;
#3804 = EDGE_CURVE ( 'NONE', #2633, #5848, #3451, .T. ) ;
#3805 = VERTEX_POINT ( 'NONE', #944 ) ;
#3806 = VECTOR ( 'NONE', #6914, 1000.000000000000000 ) ;
#3807 = VECTOR ( 'NONE', #1582, 1000.000000000000000 ) ;
#3808 =( NAMED_UNIT ( * ) PLANE_ANGLE_UNIT ( ) SI_UNIT ( $, .RADIAN. ) );
#3809 = EDGE_LOOP ( 'NONE', ( #6346, #5384, #2048, #3711, #2054 ) ) ;
#3810 = VERTEX_POINT ( 'NONE', #2228 ) ;
#3811 =( LENGTH_UNIT ( ) NAMED_UNIT ( * ) SI_UNIT ( .MILLI., .METRE. ) );
#3812 = DIRECTION ( 'NONE',  ( -0.000000000000000000, -1.000000000000000000, -0.000000000000000000 ) ) ;
#3813 = LINE ( 'NONE', #1798, #6482 ) ;
#3814 = ORIENTED_EDGE ( 'NONE', *, *, #8462, .T. ) ;
#3815 = COLOUR_RGB ( '',0.5607843137254902022, 0.6470588235294117974, 0.6352941176470587870 ) ;
#3816 = ORIENTED_EDGE ( 'NONE', *, *, #1336, .F. ) ;
#3817 = CIRCLE ( 'NONE', #1153, 0.05000000000000012768 ) ;
#3818 = DIRECTION ( 'NONE',  ( 0.5773502691896251759, -0.5773502691896251759, -0.5773502691896270633 ) ) ;
#3819 =( LENGTH_UNIT ( ) NAMED_UNIT ( * ) SI_UNIT ( .MILLI., .METRE. ) );
#3820 = STYLED_ITEM ( 'NONE', ( #5796 ), #6128 ) ;
#3821 = ORIENTED_EDGE ( 'NONE', *, *, #4066, .F. ) ;
#3822 = DIRECTION ( 'NONE',  ( -0.000000000000000000, -1.000000000000000000, -0.000000000000000000 ) ) ;
#3823 = LINE ( 'NONE', #7397, #2546 ) ;
#3824 = EDGE_LOOP ( 'NONE', ( #3187, #7711, #4662, #1920 ) ) ;
#3825 = UNCERTAINTY_MEASURE_WITH_UNIT (LENGTH_MEASURE( 1.000000000000000082E-05 ), #5555, 'distance_accuracy_value', 'NONE');
#3826 = FILL_AREA_STYLE_COLOUR ( '', #3642 ) ;
#3827 = AXIS2_PLACEMENT_3D ( 'NONE', #5349, #5512, #6702 ) ;
#3828 = DIRECTION ( 'NONE',  ( 0.000000000000000000, -0.000000000000000000, -1.000000000000000000 ) ) ;
#3829 = STYLED_ITEM ( 'NONE', ( #6951 ), #55 ) ;
#3830 = DIRECTION ( 'NONE',  ( -0.000000000000000000, -0.000000000000000000, -1.000000000000000000 ) ) ;
#3831 = CARTESIAN_POINT ( 'NONE',  ( 0.2150000000000000244, 0.3150000000000000022, -5.440192378864675327 ) ) ;
#3832 = CARTESIAN_POINT ( 'NONE',  ( 3.810000000000000053, -0.8499999999999994227, 6.699999999999999289 ) ) ;
#3833 = SURFACE_STYLE_USAGE ( .BOTH. , #1670 ) ;
#3834 = COLOUR_RGB ( '',0.9686274509803921573, 0.8784313725490195957, 0.5999999999999999778 ) ;
#3835 = SURFACE_STYLE_USAGE ( .BOTH. , #481 ) ;
#3836 = ORIENTED_EDGE ( 'NONE', *, *, #4757, .F. ) ;
#3837 = CARTESIAN_POINT ( 'NONE',  ( -2.905000000000000249, -0.2650000000000000133, -0.8909545442950493888 ) ) ;
#3838 = LINE ( 'NONE', #5019, #2677 ) ;
#3839 = CARTESIAN_POINT ( 'NONE',  ( -1.103147515578000171, -1.550000000000000044, -1.800000000000000044 ) ) ;
#3840 = STYLED_ITEM ( 'NONE', ( #644 ), #164 ) ;
#3841 = SURFACE_SIDE_STYLE ('',( #5021 ) ) ;
#3842 = ORIENTED_EDGE ( 'NONE', *, *, #5709, .F. ) ;
#3843 = VERTEX_POINT ( 'NONE', #5228 ) ;
#3844 =( NAMED_UNIT ( * ) PLANE_ANGLE_UNIT ( ) SI_UNIT ( $, .RADIAN. ) );
#3845 = SURFACE_SIDE_STYLE ('',( #533 ) ) ;
#3846 = ORIENTED_EDGE ( 'NONE', *, *, #8388, .T. ) ;
#3847 = EDGE_CURVE ( 'NONE', #3181, #7965, #3615, .T. ) ;
#3848 = EDGE_CURVE ( 'NONE', #2305, #6072, #2493, .T. ) ;
#3849 = EDGE_CURVE ( 'NONE', #7822, #7225, #505, .T. ) ;
#3850 = CARTESIAN_POINT ( 'NONE',  ( -2.854999999999999982, 0.2650000000000000133, -0.8909545442950493888 ) ) ;
#3851 = ORIENTED_EDGE ( 'NONE', *, *, #3143, .T. ) ;
#3852 = LINE ( 'NONE', #1431, #5927 ) ;
#3853 =( NAMED_UNIT ( * ) SI_UNIT ( $, .STERADIAN. ) SOLID_ANGLE_UNIT ( ) );
#3854 = FILL_AREA_STYLE ('',( #1066 ) ) ;
#3855 = ORIENTED_EDGE ( 'NONE', *, *, #90, .T. ) ;
#3856 = SURFACE_STYLE_FILL_AREA ( #1841 ) ;
#3857 = UNCERTAINTY_MEASURE_WITH_UNIT (LENGTH_MEASURE( 1.000000000000000082E-05 ), #3001, 'distance_accuracy_value', 'NONE');
#3858 = ADVANCED_FACE ( 'NONE', ( #6319 ), #7201, .F. ) ;
#3859 = PRESENTATION_STYLE_ASSIGNMENT (( #2401 ) ) ;
#3860 = ORIENTED_EDGE ( 'NONE', *, *, #5425, .T. ) ;
#3861 = FILL_AREA_STYLE_COLOUR ( '', #7878 ) ;
#3862 = ORIENTED_EDGE ( 'NONE', *, *, #2213, .T. ) ;
#3863 = PRESENTATION_STYLE_ASSIGNMENT (( #1898 ) ) ;
#3864 = PLANE ( 'NONE',  #7388 ) ;
#3865 = CARTESIAN_POINT ( 'NONE',  ( 2.175000000000000266, 0.2650000000000000133, -1.609045455704950278 ) ) ;
#3866 = EDGE_LOOP ( 'NONE', ( #4328, #492, #4546, #8584 ) ) ;
#3867 = CARTESIAN_POINT ( 'NONE',  ( -1.370000000000000107, -0.8499999999999994227, -2.399999999999998579 ) ) ;
#3868 = COLOUR_RGB ( '',0.5607843137254902022, 0.6470588235294117974, 0.6352941176470587870 ) ;
#3869 = FILL_AREA_STYLE ('',( #514 ) ) ;
#3870 = AXIS2_PLACEMENT_3D ( 'NONE', #1674, #378, #2375 ) ;
#3871 = ORIENTED_EDGE ( 'NONE', *, *, #8169, .T. ) ;
#3872 = FACE_OUTER_BOUND ( 'NONE', #3866, .T. ) ;
#3873 =( LENGTH_UNIT ( ) NAMED_UNIT ( * ) SI_UNIT ( .MILLI., .METRE. ) );
#3874 = CARTESIAN_POINT ( 'NONE',  ( -2.425000000000000266, 0.000000000000000000, -6.000000000000000000 ) ) ;
#3875 = CARTESIAN_POINT ( 'NONE',  ( -2.899857478948783207, 0.2908531991698718455, -5.459384528706810791 ) ) ;
#3876 = STYLED_ITEM ( 'NONE', ( #7366 ), #2870 ) ;
#3877 = VECTOR ( 'NONE', #6727, 1000.000000000000000 ) ;
#3878 = FACE_OUTER_BOUND ( 'NONE', #7854, .T. ) ;
#3879 = FILL_AREA_STYLE_COLOUR ( '', #5390 ) ;
#3880 = STYLED_ITEM ( 'NONE', ( #4238 ), #3309 ) ;
#3881 = CARTESIAN_POINT ( 'NONE',  ( -0.3598574789487827830, 0.2908531991698718455, -5.459384528706810791 ) ) ;
#3882 =( GEOMETRIC_REPRESENTATION_CONTEXT ( 3 ) GLOBAL_UNCERTAINTY_ASSIGNED_CONTEXT ( ( #5334 ) ) GLOBAL_UNIT_ASSIGNED_CONTEXT ( ( #2072, #3662, #2404 ) ) REPRESENTATION_CONTEXT ( 'NONE', 'WORKASPACE' ) );
#3883 = ORIENTED_EDGE ( 'NONE', *, *, #268, .T. ) ;
#3884 = CARTESIAN_POINT ( 'NONE',  ( -1.320000000000000062, -1.250000000000000000, -1.399999999999999911 ) ) ;
#3885 = DIRECTION ( 'NONE',  ( -0.000000000000000000, -0.000000000000000000, -1.000000000000000000 ) ) ;
#3886 = DIRECTION ( 'NONE',  ( -0.000000000000000000, -1.000000000000000000, -0.000000000000000000 ) ) ;
#3887 = ORIENTED_EDGE ( 'NONE', *, *, #7920, .T. ) ;
#3888 = ORIENTED_EDGE ( 'NONE', *, *, #6654, .F. ) ;
#3889 = SURFACE_SIDE_STYLE ('',( #6483 ) ) ;
#3890 = FILL_AREA_STYLE_COLOUR ( '', #7775 ) ;
#3891 =( LENGTH_UNIT ( ) NAMED_UNIT ( * ) SI_UNIT ( .MILLI., .METRE. ) );
#3892 = PRESENTATION_STYLE_ASSIGNMENT (( #3306 ) ) ;
#3893 = CARTESIAN_POINT ( 'NONE',  ( 2.805000000000000160, 0.2784380551032345497, -5.440192378864675327 ) ) ;
#3894 = VERTEX_POINT ( 'NONE', #716 ) ;
#3895 =( NAMED_UNIT ( * ) SI_UNIT ( $, .STERADIAN. ) SOLID_ANGLE_UNIT ( ) );
#3896 = UNCERTAINTY_MEASURE_WITH_UNIT (LENGTH_MEASURE( 1.000000000000000082E-05 ), #2220, 'distance_accuracy_value', 'NONE');
#3897 = ORIENTED_EDGE ( 'NONE', *, *, #4219, .F. ) ;
#3898 = EDGE_CURVE ( 'NONE', #5621, #4276, #2097, .T. ) ;
#3899 = DIRECTION ( 'NONE',  ( 0.000000000000000000, 0.000000000000000000, 1.000000000000000000 ) ) ;
#3900 = ORIENTED_EDGE ( 'NONE', *, *, #398, .T. ) ;
#3901 = CARTESIAN_POINT ( 'NONE',  ( -2.905000000000000249, 0.2784380551032344941, 6.140192378864673728 ) ) ;
#3902 = SURFACE_SIDE_STYLE ('',( #5178 ) ) ;
#3903 = CARTESIAN_POINT ( 'NONE',  ( -1.096666666666669343, -3.216666666666669006, 1.966666666666676555 ) ) ;
#3904 = CARTESIAN_POINT ( 'NONE',  ( -1.370000000000000329, -0.9499999999999994005, 6.699999999999999289 ) ) ;
#3905 = ORIENTED_EDGE ( 'NONE', *, *, #4122, .T. ) ;
#3906 = UNCERTAINTY_MEASURE_WITH_UNIT (LENGTH_MEASURE( 1.000000000000000082E-05 ), #7548, 'distance_accuracy_value', 'NONE');
#3907 = EDGE_CURVE ( 'NONE', #5659, #8486, #6003, .T. ) ;
#3908 = EDGE_CURVE ( 'NONE', #4128, #2726, #6049, .T. ) ;
#3909 =( LENGTH_UNIT ( ) NAMED_UNIT ( * ) SI_UNIT ( .MILLI., .METRE. ) );
#3910 = DIRECTION ( 'NONE',  ( 0.5773502691896251759, -0.5773502691896251759, -0.5773502691896270633 ) ) ;
#3911 = VERTEX_POINT ( 'NONE', #4775 ) ;
#3912 =( LENGTH_UNIT ( ) NAMED_UNIT ( * ) SI_UNIT ( .MILLI., .METRE. ) );
#3913 = EDGE_LOOP ( 'NONE', ( #3559, #2104, #489, #133 ) ) ;
#3914 = DIRECTION ( 'NONE',  ( 0.000000000000000000, 0.000000000000000000, 1.000000000000000000 ) ) ;
#3915 = CARTESIAN_POINT ( 'NONE',  ( -2.325000000000000178, 0.3150000000000000022, -0.8909545442950493888 ) ) ;
#3916 = EDGE_CURVE ( 'NONE', #7622, #8671, #1975, .T. ) ;
#3917 = LINE ( 'NONE', #7357, #4081 ) ;
#3918 = SURFACE_STYLE_FILL_AREA ( #3408 ) ;
#3919 = CARTESIAN_POINT ( 'NONE',  ( 2.189644660940672782, -0.3003553390593271533, 6.194846997554884105 ) ) ;
#3920 = AXIS2_PLACEMENT_3D ( 'NONE', #2571, #7816, #1165 ) ;
#3921 = CARTESIAN_POINT ( 'NONE',  ( 3.810000000000000053, 0.8499999999999998668, 6.699999999999999289 ) ) ;
#3922 = PLANE ( 'NONE',  #3765 ) ;
#3923 = LINE ( 'NONE', #8746, #629 ) ;
#3924 =( NAMED_UNIT ( * ) SI_UNIT ( $, .STERADIAN. ) SOLID_ANGLE_UNIT ( ) );
#3925 = PRESENTATION_LAYER_ASSIGNMENT (  '', '', ( #2796 ) ) ;
#3926 = VERTEX_POINT ( 'NONE', #8101 ) ;
#3927 = EDGE_LOOP ( 'NONE', ( #6394, #4270, #6440, #3238 ) ) ;
#3928 = COLOUR_RGB ( '',0.5607843137254902022, 0.6470588235294117974, 0.6352941176470587870 ) ;
#3929 = STYLED_ITEM ( 'NONE', ( #7800 ), #7524 ) ;
#3930 = CARTESIAN_POINT ( 'NONE',  ( -2.311561944896765475, 0.3150000000000000022, 6.140192378864673728 ) ) ;
#3931 = ORIENTED_EDGE ( 'NONE', *, *, #3560, .F. ) ;
#3932 =( GEOMETRIC_REPRESENTATION_CONTEXT ( 3 ) GLOBAL_UNCERTAINTY_ASSIGNED_CONTEXT ( ( #5933 ) ) GLOBAL_UNIT_ASSIGNED_CONTEXT ( ( #2166, #8304, #2248 ) ) REPRESENTATION_CONTEXT ( 'NONE', 'WORKASPACE' ) );
#3933 = SURFACE_STYLE_USAGE ( .BOTH. , #656 ) ;
#3934 =( NAMED_UNIT ( * ) SI_UNIT ( $, .STERADIAN. ) SOLID_ANGLE_UNIT ( ) );
#3935 = ORIENTED_EDGE ( 'NONE', *, *, #3908, .T. ) ;
#3936 = MECHANICAL_DESIGN_GEOMETRIC_PRESENTATION_REPRESENTATION (  '', ( #1835 ), #6164 ) ;
#3937 = CARTESIAN_POINT ( 'NONE',  ( -2.274999999999999911, -0.2650000000000000133, -2.500000000000000000 ) ) ;
#3938 = LINE ( 'NONE', #7379, #3076 ) ;
#3939 =( NAMED_UNIT ( * ) PLANE_ANGLE_UNIT ( ) SI_UNIT ( $, .RADIAN. ) );
#3940 = PRESENTATION_LAYER_ASSIGNMENT (  '', '', ( #7313 ) ) ;
#3941 =( GEOMETRIC_REPRESENTATION_CONTEXT ( 3 ) GLOBAL_UNCERTAINTY_ASSIGNED_CONTEXT ( ( #3289 ) ) GLOBAL_UNIT_ASSIGNED_CONTEXT ( ( #7761, #5706, #2429 ) ) REPRESENTATION_CONTEXT ( 'NONE', 'WORKASPACE' ) );
#3942 = EDGE_CURVE ( 'NONE', #359, #5864, #6090, .T. ) ;
#3943 = AXIS2_PLACEMENT_3D ( 'NONE', #6796, #678, #8201 ) ;
#3944 = STYLED_ITEM ( 'NONE', ( #3959 ), #7778 ) ;
#3945 = FILL_AREA_STYLE ('',( #2712 ) ) ;
#3946 = EDGE_LOOP ( 'NONE', ( #7922, #2609, #8448, #1297, #6093, #8474 ) ) ;
#3947 = COLOUR_RGB ( '',0.5607843137254902022, 0.6470588235294117974, 0.6352941176470587870 ) ;
#3948 = PRESENTATION_LAYER_ASSIGNMENT (  '', '', ( #3629 ) ) ;
#3949 = EDGE_CURVE ( 'NONE', #4728, #1292, #1355, .T. ) ;
#3950 = LINE ( 'NONE', #7285, #2634 ) ;
#3951 = COLOUR_RGB ( '',0.5607843137254902022, 0.6470588235294117974, 0.6352941176470587870 ) ;
#3952 =( NAMED_UNIT ( * ) PLANE_ANGLE_UNIT ( ) SI_UNIT ( $, .RADIAN. ) );
#3953 = DIRECTION ( 'NONE',  ( 0.000000000000000000, 1.000000000000000000, 0.000000000000000000 ) ) ;
#3954 = DIRECTION ( 'NONE',  ( 1.000000000000000000, 0.000000000000000000, 0.000000000000000000 ) ) ;
#3955 = ORIENTED_EDGE ( 'NONE', *, *, #1260, .F. ) ;
#3956 = STYLED_ITEM ( 'NONE', ( #4395 ), #5559 ) ;
#3957 = LINE ( 'NONE', #2269, #4893 ) ;
#3958 = STYLED_ITEM ( 'NONE', ( #2448 ), #607 ) ;
#3959 = PRESENTATION_STYLE_ASSIGNMENT (( #3321 ) ) ;
#3960 = EDGE_CURVE ( 'NONE', #5854, #7758, #6788, .T. ) ;
#3961 = EDGE_CURVE ( 'NONE', #984, #8235, #6, .T. ) ;
#3962 =( GEOMETRIC_REPRESENTATION_CONTEXT ( 3 ) GLOBAL_UNCERTAINTY_ASSIGNED_CONTEXT ( ( #5514 ) ) GLOBAL_UNIT_ASSIGNED_CONTEXT ( ( #6653, #2081, #3424 ) ) REPRESENTATION_CONTEXT ( 'NONE', 'WORKASPACE' ) );
#3963 = ORIENTED_EDGE ( 'NONE', *, *, #8020, .T. ) ;
#3964 = DIRECTION ( 'NONE',  ( -0.000000000000000000, -0.000000000000000000, 1.000000000000000000 ) ) ;
#3965 = CARTESIAN_POINT ( 'NONE',  ( 2.754999999999999893, 0.3150000000000000022, 6.140192378864673728 ) ) ;
#3966 = MECHANICAL_DESIGN_GEOMETRIC_PRESENTATION_REPRESENTATION (  '', ( #1861 ), #6758 ) ;
#3967 = SURFACE_STYLE_FILL_AREA ( #6722 ) ;
#3968 = SURFACE_STYLE_FILL_AREA ( #1817 ) ;
#3969 = VECTOR ( 'NONE', #6780, 1000.000000000000227 ) ;
#3970 = EDGE_CURVE ( 'NONE', #5081, #8486, #7969, .T. ) ;
#3971 = STYLED_ITEM ( 'NONE', ( #6725 ), #1091 ) ;
#3972 = CARTESIAN_POINT ( 'NONE',  ( -2.480769515458999930, -0.9499999999999999556, -1.800000000000000044 ) ) ;
#3973 = EDGE_CURVE ( 'NONE', #7682, #2705, #5273, .T. ) ;
#3974 = COLOUR_RGB ( '',0.5607843137254902022, 0.6470588235294117974, 0.6352941176470587870 ) ;
#3975 = PRESENTATION_STYLE_ASSIGNMENT (( #7946 ) ) ;
#3976 = CARTESIAN_POINT ( 'NONE',  ( 1.269999999999999796, -1.250000000000000000, 6.699999999999999289 ) ) ;
#3977 = ORIENTED_EDGE ( 'NONE', *, *, #6539, .F. ) ;
#3978 = VERTEX_POINT ( 'NONE', #2716 ) ;
#3979 = DIRECTION ( 'NONE',  ( 1.000000000000000000, 0.000000000000000000, 0.000000000000000000 ) ) ;
#3980 = PLANE ( 'NONE',  #7282 ) ;
#3981 = PRESENTATION_LAYER_ASSIGNMENT (  '', '', ( #1309 ) ) ;
#3982 = LINE ( 'NONE', #36, #714 ) ;
#3983 = DIRECTION ( 'NONE',  ( 0.000000000000000000, 0.000000000000000000, 1.000000000000000000 ) ) ;
#3984 = VERTEX_POINT ( 'NONE', #8722 ) ;
#3985 =( LENGTH_UNIT ( ) NAMED_UNIT ( * ) SI_UNIT ( .MILLI., .METRE. ) );
#3986 = DIRECTION ( 'NONE',  ( 0.000000000000000000, 0.000000000000000000, -1.000000000000000000 ) ) ;
#3987 = UNCERTAINTY_MEASURE_WITH_UNIT (LENGTH_MEASURE( 1.000000000000000082E-05 ), #2548, 'distance_accuracy_value', 'NONE');
#3988 = LINE ( 'NONE', #8098, #855 ) ;
#3989 = SURFACE_STYLE_USAGE ( .BOTH. , #7964 ) ;
#3990 = VERTEX_POINT ( 'NONE', #8014 ) ;
#3991 = SURFACE_STYLE_FILL_AREA ( #1308 ) ;
#3992 = FACE_OUTER_BOUND ( 'NONE', #1420, .T. ) ;
#3993 = LINE ( 'NONE', #3904, #6735 ) ;
#3994 = ORIENTED_EDGE ( 'NONE', *, *, #384, .F. ) ;
#3995 = UNCERTAINTY_MEASURE_WITH_UNIT (LENGTH_MEASURE( 1.000000000000000082E-05 ), #6472, 'distance_accuracy_value', 'NONE');
#3996 =( NAMED_UNIT ( * ) PLANE_ANGLE_UNIT ( ) SI_UNIT ( $, .RADIAN. ) );
#3997 = SURFACE_STYLE_FILL_AREA ( #5320 ) ;
#3998 = ORIENTED_EDGE ( 'NONE', *, *, #1206, .F. ) ;
#3999 = LINE ( 'NONE', #1992, #2939 ) ;
#4000 = PLANE ( 'NONE',  #1214 ) ;
#4001 = ORIENTED_EDGE ( 'NONE', *, *, #923, .T. ) ;
#4002 = UNCERTAINTY_MEASURE_WITH_UNIT (LENGTH_MEASURE( 1.000000000000000082E-05 ), #5124, 'distance_accuracy_value', 'NONE');
#4003 = CARTESIAN_POINT ( 'NONE',  ( -2.890355339059327289, 0.3003553390593273753, -5.494846997554885704 ) ) ;
#4004 = LINE ( 'NONE', #5934, #3796 ) ;
#4005 = EDGE_CURVE ( 'NONE', #8648, #2886, #3316, .T. ) ;
#4006 = EDGE_CURVE ( 'NONE', #1645, #1059, #6661, .T. ) ;
#4007 = MECHANICAL_DESIGN_GEOMETRIC_PRESENTATION_REPRESENTATION (  '', ( #2880 ), #5970 ) ;
#4008 = MECHANICAL_DESIGN_GEOMETRIC_PRESENTATION_REPRESENTATION (  '', ( #181 ), #1759 ) ;
#4009 = FACE_OUTER_BOUND ( 'NONE', #298, .T. ) ;
#4010 = CARTESIAN_POINT ( 'NONE',  ( -1.670000000000000373, 1.250000000000000000, -2.799999999999999822 ) ) ;
#4011 = SURFACE_STYLE_FILL_AREA ( #4640 ) ;
#4012 = VECTOR ( 'NONE', #5838, 1000.000000000000000 ) ;
#4013 =( LENGTH_UNIT ( ) NAMED_UNIT ( * ) SI_UNIT ( .MILLI., .METRE. ) );
#4014 = CIRCLE ( 'NONE', #6393, 0.4550000000000001266 ) ;
#4015 = EDGE_LOOP ( 'NONE', ( #334, #6695, #8442, #758 ) ) ;
#4016 =( NAMED_UNIT ( * ) SI_UNIT ( $, .STERADIAN. ) SOLID_ANGLE_UNIT ( ) );
#4017 = UNCERTAINTY_MEASURE_WITH_UNIT (LENGTH_MEASURE( 1.000000000000000082E-05 ), #5066, 'distance_accuracy_value', 'NONE');
#4018 = SURFACE_SIDE_STYLE ('',( #1331 ) ) ;
#4019 = ORIENTED_EDGE ( 'NONE', *, *, #8097, .F. ) ;
#4020 = ORIENTED_EDGE ( 'NONE', *, *, #6252, .F. ) ;
#4021 = CARTESIAN_POINT ( 'NONE',  ( 2.754999999999999893, -0.3150000000000000022, -5.440192378864675327 ) ) ;
#4022 = EDGE_CURVE ( 'NONE', #4521, #7103, #4738, .T. ) ;
#4023 = ADVANCED_FACE ( 'NONE', ( #45 ), #4666, .F. ) ;
#4024 = LINE ( 'NONE', #2655, #7554 ) ;
#4025 = DIRECTION ( 'NONE',  ( 0.000000000000000000, 0.000000000000000000, 1.000000000000000000 ) ) ;
#4026 = VECTOR ( 'NONE', #8512, 1000.000000000000114 ) ;
#4027 = FILL_AREA_STYLE ('',( #6079 ) ) ;
#4028 = ORIENTED_EDGE ( 'NONE', *, *, #7957, .F. ) ;
#4029 = CARTESIAN_POINT ( 'NONE',  ( 2.189644660940672782, 0.3003553390593270422, 6.194846997554884993 ) ) ;
#4030 = FILL_AREA_STYLE_COLOUR ( '', #2847 ) ;
#4031 = DIRECTION ( 'NONE',  ( -0.7071067811865463515, 0.000000000000000000, 0.7071067811865487940 ) ) ;
#4032 = SURFACE_STYLE_USAGE ( .BOTH. , #1437 ) ;
#4033 = ORIENTED_EDGE ( 'NONE', *, *, #6055, .F. ) ;
#4034 = CARTESIAN_POINT ( 'NONE',  ( -0.3408531991698716679, 0.3098574789487829606, -5.459384528706810791 ) ) ;
#4035 = SURFACE_STYLE_USAGE ( .BOTH. , #4072 ) ;
#4036 = UNCERTAINTY_MEASURE_WITH_UNIT (LENGTH_MEASURE( 1.000000000000000082E-05 ), #5808, 'distance_accuracy_value', 'NONE');
#4037 = SURFACE_STYLE_USAGE ( .BOTH. , #6905 ) ;
#4038 = ORIENTED_EDGE ( 'NONE', *, *, #2756, .T. ) ;
#4039 = UNCERTAINTY_MEASURE_WITH_UNIT (LENGTH_MEASURE( 1.000000000000000082E-05 ), #6664, 'distance_accuracy_value', 'NONE');
#4040 =( LENGTH_UNIT ( ) NAMED_UNIT ( * ) SI_UNIT ( .MILLI., .METRE. ) );
#4041 = SURFACE_STYLE_FILL_AREA ( #2725 ) ;
#4042 =( BOUNDED_CURVE ( )  B_SPLINE_CURVE ( 3, ( #5618, #4837, #6143, #3420 ),
 .UNSPECIFIED., .F., .T. ) 
 B_SPLINE_CURVE_WITH_KNOTS ( ( 4, 4 ),
 ( 2.356194490192348390, 3.141592653589793116 ),
 .UNSPECIFIED. ) 
 CURVE ( )  GEOMETRIC_REPRESENTATION_ITEM ( )  RATIONAL_B_SPLINE_CURVE ( ( 1.000000000000000000, 0.9492530216741915661, 0.9492530216741915661, 1.000000000000000000 ) ) 
 REPRESENTATION_ITEM ( '' )  );
#4043 = DIRECTION ( 'NONE',  ( -0.9659258262890677571, 0.000000000000000000, -0.2588190451025230709 ) ) ;
#4044 = EDGE_LOOP ( 'NONE', ( #7206, #4433, #1083, #65 ) ) ;
#4045 = LINE ( 'NONE', #642, #8325 ) ;
#4046 = SURFACE_STYLE_USAGE ( .BOTH. , #8738 ) ;
#4047 = CARTESIAN_POINT ( 'NONE',  ( -1.119999999999999885, -1.440000000000000169, -0.9899999999999999911 ) ) ;
#4048 = LINE ( 'NONE', #7490, #8458 ) ;
#4049 = SURFACE_SIDE_STYLE ('',( #611 ) ) ;
#4050 = DIRECTION ( 'NONE',  ( 0.000000000000000000, 0.000000000000000000, -1.000000000000000000 ) ) ;
#4051 =( NAMED_UNIT ( * ) SI_UNIT ( $, .STERADIAN. ) SOLID_ANGLE_UNIT ( ) );
#4052 = EDGE_CURVE ( 'NONE', #5916, #4652, #795, .T. ) ;
#4053 = SURFACE_STYLE_FILL_AREA ( #688 ) ;
#4054 =( GEOMETRIC_REPRESENTATION_CONTEXT ( 3 ) GLOBAL_UNCERTAINTY_ASSIGNED_CONTEXT ( ( #4287 ) ) GLOBAL_UNIT_ASSIGNED_CONTEXT ( ( #97, #2223, #6924 ) ) REPRESENTATION_CONTEXT ( 'NONE', 'WORKASPACE' ) );
#4055 = EDGE_LOOP ( 'NONE', ( #3842, #5859, #3505, #784, #3234, #8145, #6404, #5387 ) ) ;
#4056 =( NAMED_UNIT ( * ) PLANE_ANGLE_UNIT ( ) SI_UNIT ( $, .RADIAN. ) );
#4057 = ORIENTED_EDGE ( 'NONE', *, *, #5440, .F. ) ;
#4058 = VECTOR ( 'NONE', #1520, 1000.000000000000000 ) ;
#4059 = CARTESIAN_POINT ( 'NONE',  ( 0.000000000000000000, 0.000000000000000000, -2.799999999999999822 ) ) ;
#4060 = VECTOR ( 'NONE', #3059, 1000.000000000000000 ) ;
#4061 = PLANE ( 'NONE',  #5775 ) ;
#4062 =( LENGTH_UNIT ( ) NAMED_UNIT ( * ) SI_UNIT ( .MILLI., .METRE. ) );
#4063 = ORIENTED_EDGE ( 'NONE', *, *, #4109, .T. ) ;
#4064 = VECTOR ( 'NONE', #4094, 1000.000000000000000 ) ;
#4065 = CARTESIAN_POINT ( 'NONE',  ( -0.1592304845412999825, -0.9499999999999999556, -1.000000000000000000 ) ) ;
#4066 = EDGE_CURVE ( 'NONE', #3798, #1282, #1623, .T. ) ;
#4067 = MECHANICAL_DESIGN_GEOMETRIC_PRESENTATION_REPRESENTATION (  '', ( #234 ), #5191 ) ;
#4068 = FACE_OUTER_BOUND ( 'NONE', #8342, .T. ) ;
#4069 = VECTOR ( 'NONE', #1439, 999.9999999999998863 ) ;
#4070 =( GEOMETRIC_REPRESENTATION_CONTEXT ( 3 ) GLOBAL_UNCERTAINTY_ASSIGNED_CONTEXT ( ( #6944 ) ) GLOBAL_UNIT_ASSIGNED_CONTEXT ( ( #8122, #8696, #4749 ) ) REPRESENTATION_CONTEXT ( 'NONE', 'WORKASPACE' ) );
#4071 = EDGE_CURVE ( 'NONE', #2773, #7965, #4286, .T. ) ;
#4072 = SURFACE_SIDE_STYLE ('',( #3991 ) ) ;
#4073 = CARTESIAN_POINT ( 'NONE',  ( 2.807245671714605262, -0.3172456717146053262, 6.131811417928646257 ) ) ;
#4074 = VERTEX_POINT ( 'NONE', #85 ) ;
#4075 = PRESENTATION_LAYER_ASSIGNMENT (  '', '', ( #1123 ) ) ;
#4076 =( GEOMETRIC_REPRESENTATION_CONTEXT ( 3 ) GLOBAL_UNCERTAINTY_ASSIGNED_CONTEXT ( ( #4242 ) ) GLOBAL_UNIT_ASSIGNED_CONTEXT ( ( #935, #2850, #264 ) ) REPRESENTATION_CONTEXT ( 'NONE', 'WORKASPACE' ) );
#4077 =( LENGTH_UNIT ( ) NAMED_UNIT ( * ) SI_UNIT ( .MILLI., .METRE. ) );
#4078 = DIRECTION ( 'NONE',  ( 0.000000000000000000, -1.000000000000000000, 0.000000000000000000 ) ) ;
#4079 = AXIS2_PLACEMENT_3D ( 'NONE', #1418, #7530, #819 ) ;
#4080 = DIRECTION ( 'NONE',  ( -0.000000000000000000, -0.000000000000000000, -1.000000000000000000 ) ) ;
#4081 = VECTOR ( 'NONE', #2000, 1000.000000000000000 ) ;
#4082 = MECHANICAL_DESIGN_GEOMETRIC_PRESENTATION_REPRESENTATION (  '', ( #4221 ), #1849 ) ;
#4083 = PRESENTATION_LAYER_ASSIGNMENT (  '', '', ( #6746 ) ) ;
#4084 = CARTESIAN_POINT ( 'NONE',  ( -2.274999999999999911, 0.3150000000000000022, -5.440192378864675327 ) ) ;
#4085 =( GEOMETRIC_REPRESENTATION_CONTEXT ( 3 ) GLOBAL_UNCERTAINTY_ASSIGNED_CONTEXT ( ( #6658 ) ) GLOBAL_UNIT_ASSIGNED_CONTEXT ( ( #4880, #6275, #3537 ) ) REPRESENTATION_CONTEXT ( 'NONE', 'WORKASPACE' ) );
#4086 = UNCERTAINTY_MEASURE_WITH_UNIT (LENGTH_MEASURE( 1.000000000000000082E-05 ), #4922, 'distance_accuracy_value', 'NONE');
#4087 = MECHANICAL_DESIGN_GEOMETRIC_PRESENTATION_REPRESENTATION (  '', ( #8619 ), #6751 ) ;
#4088 = DIRECTION ( 'NONE',  ( 0.7071067811865463515, -0.000000000000000000, 0.7071067811865487940 ) ) ;
#4089 = STYLED_ITEM ( 'NONE', ( #3859 ), #606 ) ;
#4090 = DIRECTION ( 'NONE',  ( -0.7071067811865475727, 0.7071067811865475727, 0.000000000000000000 ) ) ;
#4091 =( NAMED_UNIT ( * ) SI_UNIT ( $, .STERADIAN. ) SOLID_ANGLE_UNIT ( ) );
#4092 = VECTOR ( 'NONE', #6359, 1000.000000000000000 ) ;
#4093 = ORIENTED_EDGE ( 'NONE', *, *, #6139, .F. ) ;
#4094 = DIRECTION ( 'NONE',  ( 0.000000000000000000, 0.000000000000000000, 1.000000000000000000 ) ) ;
#4095 = AXIS2_PLACEMENT_3D ( 'NONE', #545, #7339, #2624 ) ;
#4096 = DIRECTION ( 'NONE',  ( 0.000000000000000000, 0.000000000000000000, -1.000000000000000000 ) ) ;
#4097 = SURFACE_SIDE_STYLE ('',( #7496 ) ) ;
#4098 =( LENGTH_UNIT ( ) NAMED_UNIT ( * ) SI_UNIT ( .MILLI., .METRE. ) );
#4099 = CARTESIAN_POINT ( 'NONE',  ( 0.8699999999999996625, 1.250000000000000000, -2.799999999999999822 ) ) ;
#4100 = CARTESIAN_POINT ( 'NONE',  ( 1.219999999999999973, 1.250000000000000000, -0.3500000000000014766 ) ) ;
#4101 = PRESENTATION_LAYER_ASSIGNMENT (  '', '', ( #1714 ) ) ;
#4102 = CARTESIAN_POINT ( 'NONE',  ( 3.409999999999999698, 1.250000000000000000, -2.799999999999999822 ) ) ;
#4103 = DIRECTION ( 'NONE',  ( 1.000000000000000000, 0.000000000000000000, 0.000000000000000000 ) ) ;
#4104 = AXIS2_PLACEMENT_3D ( 'NONE', #4903, #1573, #8372 ) ;
#4105 = ORIENTED_EDGE ( 'NONE', *, *, #5507, .F. ) ;
#4106 = DIRECTION ( 'NONE',  ( 1.000000000000000000, 0.000000000000000000, 0.000000000000000000 ) ) ;
#4107 = PRESENTATION_STYLE_ASSIGNMENT (( #5581 ) ) ;
#4108 = MECHANICAL_DESIGN_GEOMETRIC_PRESENTATION_REPRESENTATION (  '', ( #7768 ), #13 ) ;
#4109 = EDGE_CURVE ( 'NONE', #3789, #4285, #4995, .T. ) ;
#4110 = EDGE_CURVE ( 'NONE', #7936, #1067, #8191, .T. ) ;
#4111 = UNCERTAINTY_MEASURE_WITH_UNIT (LENGTH_MEASURE( 1.000000000000000082E-05 ), #1755, 'distance_accuracy_value', 'NONE');
#4112 = COLOUR_RGB ( '',0.5607843137254902022, 0.6470588235294117974, 0.6352941176470587870 ) ;
#4113 = DIRECTION ( 'NONE',  ( 0.000000000000000000, 0.000000000000000000, 1.000000000000000000 ) ) ;
#4114 = PRESENTATION_STYLE_ASSIGNMENT (( #4032 ) ) ;
#4115 =( NAMED_UNIT ( * ) SI_UNIT ( $, .STERADIAN. ) SOLID_ANGLE_UNIT ( ) );
#4116 =( NAMED_UNIT ( * ) SI_UNIT ( $, .STERADIAN. ) SOLID_ANGLE_UNIT ( ) );
#4117 =( NAMED_UNIT ( * ) SI_UNIT ( $, .STERADIAN. ) SOLID_ANGLE_UNIT ( ) );
#4118 = ADVANCED_FACE ( 'NONE', ( #6826 ), #3520, .F. ) ;
#4119 = EDGE_LOOP ( 'NONE', ( #5680, #5816, #4367, #4161 ) ) ;
#4120 = VECTOR ( 'NONE', #8499, 1000.000000000000000 ) ;
#4121 = SURFACE_SIDE_STYLE ('',( #4740 ) ) ;
#4122 = EDGE_CURVE ( 'NONE', #5863, #4255, #131, .T. ) ;
#4123 = PRESENTATION_STYLE_ASSIGNMENT (( #6130 ) ) ;
#4124 = DIRECTION ( 'NONE',  ( 1.000000000000000000, 0.000000000000000000, -0.000000000000000000 ) ) ;
#4125 = ORIENTED_EDGE ( 'NONE', *, *, #4579, .F. ) ;
#4126 =( NAMED_UNIT ( * ) SI_UNIT ( $, .STERADIAN. ) SOLID_ANGLE_UNIT ( ) );
#4127 =( NAMED_UNIT ( * ) PLANE_ANGLE_UNIT ( ) SI_UNIT ( $, .RADIAN. ) );
#4128 = VERTEX_POINT ( 'NONE', #5521 ) ;
#4129 = EDGE_CURVE ( 'NONE', #3012, #4763, #844, .T. ) ;
#4130 = CARTESIAN_POINT ( 'NONE',  ( 2.175000000000000266, 0.2784380551032345497, -5.440192378864675327 ) ) ;
#4131 =( NAMED_UNIT ( * ) PLANE_ANGLE_UNIT ( ) SI_UNIT ( $, .RADIAN. ) );
#4132 = SURFACE_SIDE_STYLE ('',( #735 ) ) ;
#4133 = DIRECTION ( 'NONE',  ( 0.000000000000000000, 0.000000000000000000, 1.000000000000000000 ) ) ;
#4134 = SURFACE_STYLE_USAGE ( .BOTH. , #148 ) ;
#4135 = PRESENTATION_STYLE_ASSIGNMENT (( #3576 ) ) ;
#4136 = CARTESIAN_POINT ( 'NONE',  ( 1.570000000000000284, 0.7500000000000000000, -2.799999999999999822 ) ) ;
#4137 = LINE ( 'NONE', #1542, #1045 ) ;
#4138 = DIRECTION ( 'NONE',  ( -1.000000000000000000, 0.000000000000000000, 0.000000000000000000 ) ) ;
#4139 = ORIENTED_EDGE ( 'NONE', *, *, #3290, .T. ) ;
#4140 = MECHANICAL_DESIGN_GEOMETRIC_PRESENTATION_REPRESENTATION (  '', ( #4279 ), #6536 ) ;
#4141 = FILL_AREA_STYLE_COLOUR ( '', #7470 ) ;
#4142 = CARTESIAN_POINT ( 'NONE',  ( 1.269999999999999796, 0.9499999999999996225, 6.699999999999999289 ) ) ;
#4143 = CARTESIAN_POINT ( 'NONE',  ( 1.570000000000000284, 1.250000000000000000, 0.000000000000000000 ) ) ;
#4144 = SURFACE_SIDE_STYLE ('',( #6778 ) ) ;
#4145 = MECHANICAL_DESIGN_GEOMETRIC_PRESENTATION_REPRESENTATION (  '', ( #187 ), #5832 ) ;
#4146 = FILL_AREA_STYLE_COLOUR ( '', #5637 ) ;
#4147 = CARTESIAN_POINT ( 'NONE',  ( 0.2598574789487831382, 0.2908531991698717345, 6.159384528706809192 ) ) ;
#4148 = ORIENTED_EDGE ( 'NONE', *, *, #5609, .T. ) ;
#4149 = CARTESIAN_POINT ( 'NONE',  ( -0.2396152422706999963, -1.250000000000000000, -1.000000000000000000 ) ) ;
#4150 =( NAMED_UNIT ( * ) PLANE_ANGLE_UNIT ( ) SI_UNIT ( $, .RADIAN. ) );
#4151 = LINE ( 'NONE', #165, #5412 ) ;
#4152 = COLOUR_RGB ( '',0.9686274509803921573, 0.8784313725490195957, 0.5999999999999999778 ) ;
#4153 = COLOUR_RGB ( '',0.8509803921568627194, 0.8509803921568627194, 0.8509803921568627194 ) ;
#4154 = FILL_AREA_STYLE_COLOUR ( '', #2574 ) ;
#4155 = CARTESIAN_POINT ( 'NONE',  ( -2.854999999999999982, 0.2650000000000000133, -1.609045455704950278 ) ) ;
#4156 = CIRCLE ( 'NONE', #8549, 0.05000000000000002359 ) ;
#4157 = DIRECTION ( 'NONE',  ( 0.000000000000000000, 0.000000000000000000, 1.000000000000000000 ) ) ;
#4158 = AXIS2_PLACEMENT_3D ( 'NONE', #1944, #1319, #516 ) ;
#4159 = EDGE_CURVE ( 'NONE', #1872, #5863, #7722, .T. ) ;
#4160 = ORIENTED_EDGE ( 'NONE', *, *, #7791, .T. ) ;
#4161 = ORIENTED_EDGE ( 'NONE', *, *, #4129, .T. ) ;
#4162 = DIRECTION ( 'NONE',  ( -0.7071067811865475727, 0.7071067811865475727, 0.000000000000000000 ) ) ;
#4163 = PRESENTATION_STYLE_ASSIGNMENT (( #8729 ) ) ;
#4164 = DIRECTION ( 'NONE',  ( 0.000000000000000000, 0.000000000000000000, 1.000000000000000000 ) ) ;
#4165 = ADVANCED_FACE ( 'NONE', ( #7045 ), #8501, .F. ) ;
#4166 = ADVANCED_FACE ( 'NONE', ( #5170 ), #6493, .F. ) ;
#4167 = DIRECTION ( 'NONE',  ( -0.7071067811865474617, 0.7071067811865474617, 0.000000000000000000 ) ) ;
#4168 =( GEOMETRIC_REPRESENTATION_CONTEXT ( 3 ) GLOBAL_UNCERTAINTY_ASSIGNED_CONTEXT ( ( #1359 ) ) GLOBAL_UNIT_ASSIGNED_CONTEXT ( ( #7475, #8065, #4326 ) ) REPRESENTATION_CONTEXT ( 'NONE', 'WORKASPACE' ) );
#4169 = UNCERTAINTY_MEASURE_WITH_UNIT (LENGTH_MEASURE( 1.000000000000000082E-05 ), #1218, 'distance_accuracy_value', 'NONE');
#4170 = LINE ( 'NONE', #6235, #6756 ) ;
#4171 =( NAMED_UNIT ( * ) PLANE_ANGLE_UNIT ( ) SI_UNIT ( $, .RADIAN. ) );
#4172 = LINE ( 'NONE', #7445, #382 ) ;
#4173 = CARTESIAN_POINT ( 'NONE',  ( 1.169999999999999929, 1.249999999999999556, -2.499999999999998668 ) ) ;
#4174 = EDGE_CURVE ( 'NONE', #1624, #4497, #8547, .T. ) ;
#4175 = CARTESIAN_POINT ( 'NONE',  ( -1.670000000000000373, -1.249999999999999556, 0.000000000000000000 ) ) ;
#4176 = CARTESIAN_POINT ( 'NONE',  ( 1.169999999999999929, 0.9500000000000000666, -0.3000000000000007661 ) ) ;
#4177 = LINE ( 'NONE', #2120, #2394 ) ;
#4178 = VECTOR ( 'NONE', #2505, 1000.000000000000000 ) ;
#4179 = LINE ( 'NONE', #5498, #6042 ) ;
#4180 = CARTESIAN_POINT ( 'NONE',  ( -1.320000000000000284, 0.8999999999999998002, 6.699999999999999289 ) ) ;
#4181 = SURFACE_STYLE_USAGE ( .BOTH. , #1550 ) ;
#4182 = VECTOR ( 'NONE', #3818, 1000.000000000000000 ) ;
#4183 = DIRECTION ( 'NONE',  ( -0.7071067811865474617, -0.7071067811865474617, 0.000000000000000000 ) ) ;
#4184 = CARTESIAN_POINT ( 'NONE',  ( 1.570000000000000284, 1.250000000000000000, -0.9899999999999995470 ) ) ;
#4185 = EDGE_LOOP ( 'NONE', ( #7951, #8015, #5171, #6652 ) ) ;
#4186 = CARTESIAN_POINT ( 'NONE',  ( 3.810000000000000053, 0.8499999999999998668, 6.699999999999999289 ) ) ;
#4187 = SURFACE_STYLE_USAGE ( .BOTH. , #238 ) ;
#4188 = DIRECTION ( 'NONE',  ( 1.000000000000000000, 0.000000000000000000, 0.000000000000000000 ) ) ;
#4189 = CARTESIAN_POINT ( 'NONE',  ( -2.890355339059327289, -0.3003553390593271533, 6.194846997554884105 ) ) ;
#4190 = MECHANICAL_DESIGN_GEOMETRIC_PRESENTATION_REPRESENTATION (  '', ( #7138 ), #5037 ) ;
#4191 = PRESENTATION_STYLE_ASSIGNMENT (( #2963 ) ) ;
#4192 = UNCERTAINTY_MEASURE_WITH_UNIT (LENGTH_MEASURE( 1.000000000000000082E-05 ), #8525, 'distance_accuracy_value', 'NONE');
#4193 = ORIENTED_EDGE ( 'NONE', *, *, #8167, .F. ) ;
#4194 = CARTESIAN_POINT ( 'NONE',  ( 0.2284380551032346163, 0.3150000000000000022, -5.440192378864675327 ) ) ;
#4195 =( NAMED_UNIT ( * ) SI_UNIT ( $, .STERADIAN. ) SOLID_ANGLE_UNIT ( ) );
#4196 = CARTESIAN_POINT ( 'NONE',  ( -3.510000000000000231, -1.249999999999999556, -1.000000000000000000 ) ) ;
#4197 = ORIENTED_EDGE ( 'NONE', *, *, #2145, .F. ) ;
#4198 = SURFACE_STYLE_USAGE ( .BOTH. , #6916 ) ;
#4199 = PRESENTATION_LAYER_ASSIGNMENT (  '', '', ( #7138 ) ) ;
#4200 = ORIENTED_EDGE ( 'NONE', *, *, #5656, .T. ) ;
#4201 = VERTEX_POINT ( 'NONE', #4476 ) ;
#4202 = ORIENTED_EDGE ( 'NONE', *, *, #1922, .F. ) ;
#4203 = VECTOR ( 'NONE', #6271, 1000.000000000000227 ) ;
#4204 = VECTOR ( 'NONE', #7353, 1000.000000000000000 ) ;
#4205 = CARTESIAN_POINT ( 'NONE',  ( -1.270000000000000240, -0.8499999999999994227, 6.699999999999999289 ) ) ;
#4206 = EDGE_CURVE ( 'NONE', #2968, #8328, #2343, .T. ) ;
#4207 = PRESENTATION_LAYER_ASSIGNMENT (  '', '', ( #6882 ) ) ;
#4208 = STYLED_ITEM ( 'NONE', ( #2708 ), #4223 ) ;
#4209 = ORIENTED_EDGE ( 'NONE', *, *, #5748, .T. ) ;
#4210 = LINE ( 'NONE', #6232, #4653 ) ;
#4211 = LINE ( 'NONE', #894, #7675 ) ;
#4212 =( GEOMETRIC_REPRESENTATION_CONTEXT ( 3 ) GLOBAL_UNCERTAINTY_ASSIGNED_CONTEXT ( ( #7234 ) ) GLOBAL_UNIT_ASSIGNED_CONTEXT ( ( #6836, #8243, #4126 ) ) REPRESENTATION_CONTEXT ( 'NONE', 'WORKASPACE' ) );
#4213 = PRESENTATION_STYLE_ASSIGNMENT (( #7558 ) ) ;
#4214 = AXIS2_PLACEMENT_3D ( 'NONE', #8035, #6018, #684 ) ;
#4215 = CARTESIAN_POINT ( 'NONE',  ( 0.2150000000000000244, -0.3150000000000000022, 0.000000000000000000 ) ) ;
#4216 = AXIS2_PLACEMENT_3D ( 'NONE', #4464, #1732, #5670 ) ;
#4217 = UNCERTAINTY_MEASURE_WITH_UNIT (LENGTH_MEASURE( 1.000000000000000082E-05 ), #2383, 'distance_accuracy_value', 'NONE');
#4218 = CARTESIAN_POINT ( 'NONE',  ( -0.04999999999998885891, -0.7500000000000000000, -6.259999999999998899 ) ) ;
#4219 = EDGE_CURVE ( 'NONE', #1440, #7146, #6168, .T. ) ;
#4220 = VECTOR ( 'NONE', #4406, 1000.000000000000000 ) ;
#4221 = STYLED_ITEM ( 'NONE', ( #6004 ), #8744 ) ;
#4222 = EDGE_CURVE ( 'NONE', #6494, #6827, #7998, .T. ) ;
#4223 = ADVANCED_FACE ( 'NONE', ( #1024 ), #5268, .T. ) ;
#4224 =( GEOMETRIC_REPRESENTATION_CONTEXT ( 3 ) GLOBAL_UNCERTAINTY_ASSIGNED_CONTEXT ( ( #7580 ) ) GLOBAL_UNIT_ASSIGNED_CONTEXT ( ( #803, #6959, #2929 ) ) REPRESENTATION_CONTEXT ( 'NONE', 'WORKASPACE' ) );
#4225 =( NAMED_UNIT ( * ) PLANE_ANGLE_UNIT ( ) SI_UNIT ( $, .RADIAN. ) );
#4227 = LINE ( 'NONE', #2735, #3604 ) ;
#4226 =( GEOMETRIC_REPRESENTATION_CONTEXT ( 3 ) GLOBAL_UNCERTAINTY_ASSIGNED_CONTEXT ( ( #2787 ) ) GLOBAL_UNIT_ASSIGNED_CONTEXT ( ( #6325, #3243, #8736 ) ) REPRESENTATION_CONTEXT ( 'NONE', 'WORKASPACE' ) );
#4228 = COLOUR_RGB ( '',0.5607843137254902022, 0.6470588235294117974, 0.6352941176470587870 ) ;
#4229 = PLANE ( 'NONE',  #2890 ) ;
#4230 = CARTESIAN_POINT ( 'NONE',  ( 0.2284380551032345885, 0.3150000000000000022, 6.140192378864673728 ) ) ;
#4231 = CARTESIAN_POINT ( 'NONE',  ( 0.2650000000000000688, 0.3150000000000000022, -1.609045455704950278 ) ) ;
#4232 = COLOUR_RGB ( '',0.9686274509803921573, 0.8784313725490195957, 0.5999999999999999778 ) ;
#4233 = VECTOR ( 'NONE', #8466, 1000.000000000000114 ) ;
#4234 = EDGE_CURVE ( 'NONE', #6391, #4902, #7959, .T. ) ;
#4235 =( NAMED_UNIT ( * ) PLANE_ANGLE_UNIT ( ) SI_UNIT ( $, .RADIAN. ) );
#4236 = STYLED_ITEM ( 'NONE', ( #465 ), #646 ) ;
#4237 = CARTESIAN_POINT ( 'NONE',  ( 2.754999999999999893, -0.3150000000000000022, -5.440192378864675327 ) ) ;
#4238 = PRESENTATION_STYLE_ASSIGNMENT (( #3460 ) ) ;
#4239 = ORIENTED_EDGE ( 'NONE', *, *, #3444, .T. ) ;
#4240 =( NAMED_UNIT ( * ) SI_UNIT ( $, .STERADIAN. ) SOLID_ANGLE_UNIT ( ) );
#4241 = FACE_OUTER_BOUND ( 'NONE', #4950, .T. ) ;
#4242 = UNCERTAINTY_MEASURE_WITH_UNIT (LENGTH_MEASURE( 1.000000000000000082E-05 ), #935, 'distance_accuracy_value', 'NONE');
#4243 = COLOUR_RGB ( '',0.8509803921568627194, 0.8509803921568627194, 0.8509803921568627194 ) ;
#4244 = DIRECTION ( 'NONE',  ( 0.7071067811865474617, 0.7071067811865474617, -0.000000000000000000 ) ) ;
#4245 = CARTESIAN_POINT ( 'NONE',  ( -2.540000000000000036, -0.3199999999999998401, -1.810000000000000053 ) ) ;
#4246 = COLOUR_RGB ( '',0.5607843137254902022, 0.6470588235294117974, 0.6352941176470587870 ) ;
#4247 = DIRECTION ( 'NONE',  ( 1.000000000000000000, 0.000000000000000000, 0.000000000000000000 ) ) ;
#4248 =( GEOMETRIC_REPRESENTATION_CONTEXT ( 3 ) GLOBAL_UNCERTAINTY_ASSIGNED_CONTEXT ( ( #839 ) ) GLOBAL_UNIT_ASSIGNED_CONTEXT ( ( #7095, #1069, #348 ) ) REPRESENTATION_CONTEXT ( 'NONE', 'WORKASPACE' ) );
#4249 = ORIENTED_EDGE ( 'NONE', *, *, #7463, .T. ) ;
#4250 = DIRECTION ( 'NONE',  ( 0.000000000000000000, 0.000000000000000000, -1.000000000000000000 ) ) ;
#4251 = PRESENTATION_STYLE_ASSIGNMENT (( #4855 ) ) ;
#4252 = DIRECTION ( 'NONE',  ( 0.2588190451024934280, 0.9659258262890755287, 0.000000000000000000 ) ) ;
#4253 = ORIENTED_EDGE ( 'NONE', *, *, #4381, .T. ) ;
#4254 = EDGE_LOOP ( 'NONE', ( #5948, #7863, #7995, #4592, #1518, #4614, #437, #103 ) ) ;
#4255 = VERTEX_POINT ( 'NONE', #6084 ) ;
#4256 = FILL_AREA_STYLE ('',( #4290 ) ) ;
#4257 = VECTOR ( 'NONE', #2171, 1000.000000000000000 ) ;
#4258 = CARTESIAN_POINT ( 'NONE',  ( 1.170000000000000151, -0.9499999999999991784, -2.499999999999997780 ) ) ;
#4259 = LINE ( 'NONE', #6449, #3360 ) ;
#4260 = AXIS2_PLACEMENT_3D ( 'NONE', #7312, #7405, #1195 ) ;
#4261 = CARTESIAN_POINT ( 'NONE',  ( 0.2503553390593275529, -0.3003553390593273753, -5.494846997554885704 ) ) ;
#4262 = VECTOR ( 'NONE', #2006, 1000.000000000000000 ) ;
#4263 = CARTESIAN_POINT ( 'NONE',  ( -3.810000000000000053, -1.250000000000000000, -1.800000000000000044 ) ) ;
#4264 = LINE ( 'NONE', #1589, #53 ) ;
#4265 = FILL_AREA_STYLE ('',( #27 ) ) ;
#4266 = SURFACE_STYLE_FILL_AREA ( #778 ) ;
#4267 = DIRECTION ( 'NONE',  ( -0.5773502691896251759, 0.5773502691896251759, -0.5773502691896270633 ) ) ;
#4268 = ADVANCED_FACE ( 'NONE', ( #2091 ), #41, .F. ) ;
#4269 = SURFACE_SIDE_STYLE ('',( #2162 ) ) ;
#4270 = ORIENTED_EDGE ( 'NONE', *, *, #8563, .T. ) ;
#4271 = CARTESIAN_POINT ( 'NONE',  ( 3.709999999999998188, 0.7500000000000000000, -2.500000000000000000 ) ) ;
#4272 = DIRECTION ( 'NONE',  ( 1.000000000000000000, 0.000000000000000000, 0.000000000000000000 ) ) ;
#4273 = CARTESIAN_POINT ( 'NONE',  ( -1.670000000000000373, 1.250000000000000000, -2.799999999999999822 ) ) ;
#4274 = CARTESIAN_POINT ( 'NONE',  ( -3.810000000000000053, 0.7500000000000000000, -2.799999999999999822 ) ) ;
#4275 = EDGE_CURVE ( 'NONE', #2272, #2588, #136, .T. ) ;
#4276 = VERTEX_POINT ( 'NONE', #8714 ) ;
#4277 = EDGE_CURVE ( 'NONE', #253, #3136, #8056, .T. ) ;
#4278 = FILL_AREA_STYLE ('',( #1510 ) ) ;
#4279 = STYLED_ITEM ( 'NONE', ( #4849 ), #2666 ) ;
#4280 = VECTOR ( 'NONE', #2130, 1000.000000000000000 ) ;
#4281 = UNCERTAINTY_MEASURE_WITH_UNIT (LENGTH_MEASURE( 1.000000000000000082E-05 ), #213, 'distance_accuracy_value', 'NONE');
#4282 = CARTESIAN_POINT ( 'NONE',  ( -0.3149999999999998357, -0.2650000000000000133, -1.609045455704950278 ) ) ;
#4283 = PLANE ( 'NONE',  #2836 ) ;
#4284 =( NAMED_UNIT ( * ) PLANE_ANGLE_UNIT ( ) SI_UNIT ( $, .RADIAN. ) );
#4285 = VERTEX_POINT ( 'NONE', #6698 ) ;
#4286 = LINE ( 'NONE', #8371, #3074 ) ;
#4287 = UNCERTAINTY_MEASURE_WITH_UNIT (LENGTH_MEASURE( 1.000000000000000082E-05 ), #97, 'distance_accuracy_value', 'NONE');
#4288 = ORIENTED_EDGE ( 'NONE', *, *, #6475, .F. ) ;
#4289 =( GEOMETRIC_REPRESENTATION_CONTEXT ( 3 ) GLOBAL_UNCERTAINTY_ASSIGNED_CONTEXT ( ( #1365 ) ) GLOBAL_UNIT_ASSIGNED_CONTEXT ( ( #1955, #689, #2118 ) ) REPRESENTATION_CONTEXT ( 'NONE', 'WORKASPACE' ) );
#4290 = FILL_AREA_STYLE_COLOUR ( '', #283 ) ;
#4291 = CARTESIAN_POINT ( 'NONE',  ( -0.3649999999999998801, -0.2650000000000000133, -5.440192378864675327 ) ) ;
#4292 = STYLED_ITEM ( 'NONE', ( #4404 ), #3049 ) ;
#4293 = SURFACE_STYLE_FILL_AREA ( #4829 ) ;
#4294 = ORIENTED_EDGE ( 'NONE', *, *, #4206, .T. ) ;
#4295 = CIRCLE ( 'NONE', #5144, 0.05000000000000012768 ) ;
#4296 = UNCERTAINTY_MEASURE_WITH_UNIT (LENGTH_MEASURE( 1.000000000000000082E-05 ), #7375, 'distance_accuracy_value', 'NONE');
#4297 = ORIENTED_EDGE ( 'NONE', *, *, #1467, .T. ) ;
#4298 = FILL_AREA_STYLE_COLOUR ( '', #5056 ) ;
#4299 = CARTESIAN_POINT ( 'NONE',  ( -2.854999999999999982, -0.3150000000000000022, -1.609045455704950278 ) ) ;
#4300 = DIRECTION ( 'NONE',  ( -0.000000000000000000, -0.000000000000000000, -1.000000000000000000 ) ) ;
#4301 = ORIENTED_EDGE ( 'NONE', *, *, #8339, .F. ) ;
#4302 =( NAMED_UNIT ( * ) PLANE_ANGLE_UNIT ( ) SI_UNIT ( $, .RADIAN. ) );
#4303 =( NAMED_UNIT ( * ) SI_UNIT ( $, .STERADIAN. ) SOLID_ANGLE_UNIT ( ) );
#4304 = FILL_AREA_STYLE ('',( #4971 ) ) ;
#4305 = PLANE ( 'NONE',  #7021 ) ;
#4306 = CARTESIAN_POINT ( 'NONE',  ( -1.369999999999999885, -0.9499999999999991784, -0.3000000000000010436 ) ) ;
#4307 = CARTESIAN_POINT ( 'NONE',  ( 2.225000000000000533, 0.2650000000000000133, -0.8909545442950493888 ) ) ;
#4308 = EDGE_CURVE ( 'NONE', #7877, #6489, #5394, .T. ) ;
#4309 = DIRECTION ( 'NONE',  ( 0.000000000000000000, 0.000000000000000000, 1.000000000000000000 ) ) ;
#4310 = FILL_AREA_STYLE_COLOUR ( '', #2139 ) ;
#4311 = PRESENTATION_STYLE_ASSIGNMENT (( #8349 ) ) ;
#4312 = EDGE_CURVE ( 'NONE', #8300, #526, #3216, .T. ) ;
#4313 = DIRECTION ( 'NONE',  ( -0.7071067811865463515, 0.000000000000000000, -0.7071067811865487940 ) ) ;
#4314 = DIRECTION ( 'NONE',  ( -0.000000000000000000, -1.000000000000000000, -0.000000000000000000 ) ) ;
#4315 = ORIENTED_EDGE ( 'NONE', *, *, #2145, .T. ) ;
#4316 = CARTESIAN_POINT ( 'NONE',  ( -0.1592304845412999825, -0.9499999999999999556, -1.000000000000000000 ) ) ;
#4317 = FILL_AREA_STYLE_COLOUR ( '', #4913 ) ;
#4318 = LINE ( 'NONE', #8397, #5966 ) ;
#4319 =( LENGTH_UNIT ( ) NAMED_UNIT ( * ) SI_UNIT ( .MILLI., .METRE. ) );
#4320 = EDGE_LOOP ( 'NONE', ( #7811, #5142, #1958, #5223, #5578 ) ) ;
#4321 = LINE ( 'NONE', #4988, #544 ) ;
#4322 = EDGE_CURVE ( 'NONE', #8646, #6790, #118, .T. ) ;
#4323 = ADVANCED_FACE ( 'NONE', ( #4938 ), #872, .T. ) ;
#4324 = SURFACE_SIDE_STYLE ('',( #7913 ) ) ;
#4325 = VERTEX_POINT ( 'NONE', #3464 ) ;
#4326 =( NAMED_UNIT ( * ) SI_UNIT ( $, .STERADIAN. ) SOLID_ANGLE_UNIT ( ) );
#4327 = CARTESIAN_POINT ( 'NONE',  ( -2.274999999999999911, 0.2650000000000000133, -5.440192378864675327 ) ) ;
#4328 = ORIENTED_EDGE ( 'NONE', *, *, #4174, .F. ) ;
#4329 = MECHANICAL_DESIGN_GEOMETRIC_PRESENTATION_REPRESENTATION (  '', ( #8284 ), #7286 ) ;
#4330 = VERTEX_POINT ( 'NONE', #4890 ) ;
#4331 = SURFACE_STYLE_FILL_AREA ( #1745 ) ;
#4332 = STYLED_ITEM ( 'NONE', ( #8621 ), #3529 ) ;
#4333 = EDGE_CURVE ( 'NONE', #1067, #3455, #2832, .T. ) ;
#4334 = STYLED_ITEM ( 'NONE', ( #2480 ), #7412 ) ;
#4335 = VERTEX_POINT ( 'NONE', #2298 ) ;
#4336 = SURFACE_STYLE_USAGE ( .BOTH. , #1654 ) ;
#4337 = CARTESIAN_POINT ( 'NONE',  ( 1.763333333333335418, -2.183333333333335791, 0.6333333333333477366 ) ) ;
#4338 = DIRECTION ( 'NONE',  ( -0.7071067811865463515, 0.000000000000000000, 0.7071067811865487940 ) ) ;
#4339 = ORIENTED_EDGE ( 'NONE', *, *, #7846, .F. ) ;
#4340 = CARTESIAN_POINT ( 'NONE',  ( -2.299146800830128790, -0.3098574789487830716, 6.159384528706808304 ) ) ;
#4341 = COLOUR_RGB ( '',0.5607843137254902022, 0.6470588235294117974, 0.6352941176470587870 ) ;
#4342 = LINE ( 'NONE', #361, #8006 ) ;
#4343 = PRESENTATION_LAYER_ASSIGNMENT (  '', '', ( #5456 ) ) ;
#4344 = VECTOR ( 'NONE', #4272, 1000.000000000000000 ) ;
#4345 = VECTOR ( 'NONE', #3113, 1000.000000000000000 ) ;
#4346 = CARTESIAN_POINT ( 'NONE',  ( 2.225000000000000533, -0.3150000000000000022, -2.500000000000000000 ) ) ;
#4347 = EDGE_LOOP ( 'NONE', ( #4555, #7033, #5552, #7776 ) ) ;
#4348 = CARTESIAN_POINT ( 'NONE',  ( 0.2650000000000000688, 0.3150000000000000022, 0.000000000000000000 ) ) ;
#4349 = STYLED_ITEM ( 'NONE', ( #1956 ), #5245 ) ;
#4350 = SURFACE_SIDE_STYLE ('',( #1663 ) ) ;
#4351 = VECTOR ( 'NONE', #6040, 1000.000000000000000 ) ;
#4352 = LINE ( 'NONE', #8566, #4220 ) ;
#4353 = DIRECTION ( 'NONE',  ( 0.000000000000000000, 0.000000000000000000, 1.000000000000000000 ) ) ;
#4354 = VECTOR ( 'NONE', #7831, 1000.000000000000000 ) ;
#4355 = COLOUR_RGB ( '',0.9686274509803921573, 0.8784313725490195957, 0.5999999999999999778 ) ;
#4356 = SURFACE_STYLE_FILL_AREA ( #2905 ) ;
#4357 =( LENGTH_UNIT ( ) NAMED_UNIT ( * ) SI_UNIT ( .MILLI., .METRE. ) );
#4358 = AXIS2_PLACEMENT_3D ( 'NONE', #3072, #3724, #282 ) ;
#4359 = CARTESIAN_POINT ( 'NONE',  ( -3.810000000000000053, -0.7500000000000000000, -2.799999999999999822 ) ) ;
#4360 = ORIENTED_EDGE ( 'NONE', *, *, #8717, .F. ) ;
#4361 = STYLED_ITEM ( 'NONE', ( #3402 ), #7247 ) ;
#4362 = DIRECTION ( 'NONE',  ( -0.000000000000000000, 1.000000000000000000, 0.000000000000000000 ) ) ;
#4363 =( LENGTH_UNIT ( ) NAMED_UNIT ( * ) SI_UNIT ( .MILLI., .METRE. ) );
#4364 = CARTESIAN_POINT ( 'NONE',  ( 5.080000000000000071, -0.1650000000000000633, 6.700000000000000178 ) ) ;
#4365 = DIRECTION ( 'NONE',  ( 0.000000000000000000, 0.000000000000000000, -1.000000000000000000 ) ) ;
#4366 = VERTEX_POINT ( 'NONE', #7579 ) ;
#4367 = ORIENTED_EDGE ( 'NONE', *, *, #1815, .F. ) ;
#4368 = COLOUR_RGB ( '',0.5607843137254902022, 0.6470588235294117974, 0.6352941176470587870 ) ;
#4369 = MECHANICAL_DESIGN_GEOMETRIC_PRESENTATION_REPRESENTATION (  '', ( #5356 ), #418 ) ;
#4370 =( NAMED_UNIT ( * ) SI_UNIT ( $, .STERADIAN. ) SOLID_ANGLE_UNIT ( ) );
#4371 = DIRECTION ( 'NONE',  ( 0.000000000000000000, 1.000000000000000000, 0.000000000000000000 ) ) ;
#4372 = CARTESIAN_POINT ( 'NONE',  ( -1.370000000000000107, 0.8499999999999998668, 6.699999999999999289 ) ) ;
#4373 = SURFACE_STYLE_FILL_AREA ( #2304 ) ;
#4374 = ORIENTED_EDGE ( 'NONE', *, *, #1427, .F. ) ;
#4375 = CARTESIAN_POINT ( 'NONE',  ( -2.890355339059327733, -0.3003553390593273753, -5.494846997554884815 ) ) ;
#4376 = DIRECTION ( 'NONE',  ( 1.000000000000000000, 0.000000000000000000, 0.000000000000000000 ) ) ;
#4377 = CARTESIAN_POINT ( 'NONE',  ( -3.810000000000000053, -0.9499999999999999556, -1.800000000000000044 ) ) ;
#4378 = ORIENTED_EDGE ( 'NONE', *, *, #2399, .T. ) ;
#4379 = MECHANICAL_DESIGN_GEOMETRIC_PRESENTATION_REPRESENTATION (  '', ( #4236 ), #426 ) ;
#4380 = ORIENTED_EDGE ( 'NONE', *, *, #7716, .F. ) ;
#4381 = EDGE_CURVE ( 'NONE', #4420, #4330, #1556, .T. ) ;
#4382 = ADVANCED_FACE ( 'NONE', ( #4241 ), #747, .F. ) ;
#4383 = AXIS2_PLACEMENT_3D ( 'NONE', #2366, #7842, #322 ) ;
#4384 = CARTESIAN_POINT ( 'NONE',  ( -0.3649999999999998801, -0.3150000000000000022, -0.8909545442950493888 ) ) ;
#4385 = UNCERTAINTY_MEASURE_WITH_UNIT (LENGTH_MEASURE( 1.000000000000000082E-05 ), #4319, 'distance_accuracy_value', 'NONE');
#4386 = AXIS2_PLACEMENT_3D ( 'NONE', #2615, #3387, #1961 ) ;
#4387 = COLOUR_RGB ( '',0.5607843137254902022, 0.6470588235294117974, 0.6352941176470587870 ) ;
#4388 = CARTESIAN_POINT ( 'NONE',  ( -1.370000000000000107, 0.9499999999999996225, -0.9899999999999995470 ) ) ;
#4389 = DIRECTION ( 'NONE',  ( 0.000000000000000000, 1.000000000000000000, -0.000000000000000000 ) ) ;
#4390 =( GEOMETRIC_REPRESENTATION_CONTEXT ( 3 ) GLOBAL_UNCERTAINTY_ASSIGNED_CONTEXT ( ( #4833 ) ) GLOBAL_UNIT_ASSIGNED_CONTEXT ( ( #4583, #1175, #5778 ) ) REPRESENTATION_CONTEXT ( 'NONE', 'WORKASPACE' ) );
#4391 = VERTEX_POINT ( 'NONE', #3585 ) ;
#4392 = DIRECTION ( 'NONE',  ( 0.2505628070857336409, 0.2505628070857336409, 0.9351131265310282936 ) ) ;
#4393 = CARTESIAN_POINT ( 'NONE',  ( 3.810000000000000053, 1.250000000000000000, -0.4000000000000014655 ) ) ;
#4394 = EDGE_LOOP ( 'NONE', ( #1257, #8628, #6309, #1161, #1181 ) ) ;
#4395 = PRESENTATION_STYLE_ASSIGNMENT (( #7104 ) ) ;
#4396 = EDGE_CURVE ( 'NONE', #2417, #3698, #78, .T. ) ;
#4397 = VECTOR ( 'NONE', #1452, 1000.000000000000000 ) ;
#4398 =( GEOMETRIC_REPRESENTATION_CONTEXT ( 3 ) GLOBAL_UNCERTAINTY_ASSIGNED_CONTEXT ( ( #1562 ) ) GLOBAL_UNIT_ASSIGNED_CONTEXT ( ( #2268, #303, #5035 ) ) REPRESENTATION_CONTEXT ( 'NONE', 'WORKASPACE' ) );
#4399 = DIRECTION ( 'NONE',  ( 0.000000000000000000, 0.000000000000000000, -1.000000000000000000 ) ) ;
#4400 = PRESENTATION_STYLE_ASSIGNMENT (( #4495 ) ) ;
#4401 = COLOUR_RGB ( '',0.9686274509803921573, 0.8784313725490195957, 0.5999999999999999778 ) ;
#4402 = ORIENTED_EDGE ( 'NONE', *, *, #2456, .T. ) ;
#4403 = DIRECTION ( 'NONE',  ( -1.000000000000000000, 0.000000000000000000, 0.000000000000000000 ) ) ;
#4404 = PRESENTATION_STYLE_ASSIGNMENT (( #7696 ) ) ;
#4405 = STYLED_ITEM ( 'NONE', ( #1888 ), #1479 ) ;
#4406 = DIRECTION ( 'NONE',  ( -0.000000000000000000, 0.000000000000000000, 1.000000000000000000 ) ) ;
#4407 = AXIS2_PLACEMENT_3D ( 'NONE', #2306, #1169, #343 ) ;
#4408 = PLANE ( 'NONE',  #5497 ) ;
#4409 = CARTESIAN_POINT ( 'NONE',  ( -3.810000000000000053, 1.250000000000000000, 0.000000000000000000 ) ) ;
#4410 = DIRECTION ( 'NONE',  ( -0.2505628070857343070, 0.2505628070857343070, -0.9351131265310277385 ) ) ;
#4411 = ORIENTED_EDGE ( 'NONE', *, *, #2925, .T. ) ;
#4412 = DIRECTION ( 'NONE',  ( 0.000000000000000000, 1.000000000000000000, -0.000000000000000000 ) ) ;
#4413 = CARTESIAN_POINT ( 'NONE',  ( 3.810000000000000053, 1.250000000000000000, -0.9899999999999999911 ) ) ;
#4414 = ORIENTED_EDGE ( 'NONE', *, *, #501, .T. ) ;
#4415 = ORIENTED_EDGE ( 'NONE', *, *, #5312, .T. ) ;
#4416 = CARTESIAN_POINT ( 'NONE',  ( -0.2149999999999999134, 0.1650000000000000633, 6.700000000000000178 ) ) ;
#4417 = CARTESIAN_POINT ( 'NONE',  ( 1.169999999999999929, -0.9499999999999999556, -1.800000000000000044 ) ) ;
#4418 = SURFACE_STYLE_USAGE ( .BOTH. , #4324 ) ;
#4419 = DIRECTION ( 'NONE',  ( -0.7071067811865463515, 0.000000000000000000, 0.7071067811865487940 ) ) ;
#4420 = VERTEX_POINT ( 'NONE', #8488 ) ;
#4421 = CARTESIAN_POINT ( 'NONE',  ( 1.169999999999999929, 0.8499999999999998668, 6.699999999999999289 ) ) ;
#4422 = SURFACE_STYLE_USAGE ( .BOTH. , #8452 ) ;
#4423 = VERTEX_POINT ( 'NONE', #331 ) ;
#4424 = ORIENTED_EDGE ( 'NONE', *, *, #6793, .T. ) ;
#4425 =( GEOMETRIC_REPRESENTATION_CONTEXT ( 3 ) GLOBAL_UNCERTAINTY_ASSIGNED_CONTEXT ( ( #4017 ) ) GLOBAL_UNIT_ASSIGNED_CONTEXT ( ( #5066, #7177, #1731 ) ) REPRESENTATION_CONTEXT ( 'NONE', 'WORKASPACE' ) );
#4426 =( LENGTH_UNIT ( ) NAMED_UNIT ( * ) SI_UNIT ( .MILLI., .METRE. ) );
#4427 =( NAMED_UNIT ( * ) PLANE_ANGLE_UNIT ( ) SI_UNIT ( $, .RADIAN. ) );
#4428 = VERTEX_POINT ( 'NONE', #8437 ) ;
#4429 = EDGE_CURVE ( 'NONE', #7428, #939, #7807, .T. ) ;
#4430 = CARTESIAN_POINT ( 'NONE',  ( 3.409999999999999698, -1.249999999999999556, 6.699999999999999289 ) ) ;
#4431 = MECHANICAL_DESIGN_GEOMETRIC_PRESENTATION_REPRESENTATION (  '', ( #3561 ), #4289 ) ;
#4432 = STYLED_ITEM ( 'NONE', ( #1465 ), #1758 ) ;
#4433 = ORIENTED_EDGE ( 'NONE', *, *, #7293, .F. ) ;
#4434 = DIRECTION ( 'NONE',  ( 0.000000000000000000, -0.000000000000000000, -1.000000000000000000 ) ) ;
#4435 = CARTESIAN_POINT ( 'NONE',  ( -0.1592304845412999825, -0.9499999999999999556, -1.800000000000000044 ) ) ;
#4436 = VERTEX_POINT ( 'NONE', #6984 ) ;
#4437 = UNCERTAINTY_MEASURE_WITH_UNIT (LENGTH_MEASURE( 1.000000000000000082E-05 ), #7654, 'distance_accuracy_value', 'NONE');
#4438 = CYLINDRICAL_SURFACE ( 'NONE', #2260, 0.05000000000000012768 ) ;
#4439 = STYLED_ITEM ( 'NONE', ( #3743 ), #3144 ) ;
#4440 = VECTOR ( 'NONE', #2863, 1000.000000000000000 ) ;
#4441 = PRESENTATION_STYLE_ASSIGNMENT (( #8419 ) ) ;
#4442 =( NAMED_UNIT ( * ) PLANE_ANGLE_UNIT ( ) SI_UNIT ( $, .RADIAN. ) );
#4443 = EDGE_CURVE ( 'NONE', #5090, #1872, #3838, .T. ) ;
#4444 = EDGE_CURVE ( 'NONE', #7441, #4201, #1777, .T. ) ;
#4445 = ORIENTED_EDGE ( 'NONE', *, *, #6490, .T. ) ;
#4446 =( LENGTH_UNIT ( ) NAMED_UNIT ( * ) SI_UNIT ( .MILLI., .METRE. ) );
#4447 =( GEOMETRIC_REPRESENTATION_CONTEXT ( 3 ) GLOBAL_UNCERTAINTY_ASSIGNED_CONTEXT ( ( #5054 ) ) GLOBAL_UNIT_ASSIGNED_CONTEXT ( ( #6121, #869, #744 ) ) REPRESENTATION_CONTEXT ( 'NONE', 'WORKASPACE' ) );
#4448 =( NAMED_UNIT ( * ) SI_UNIT ( $, .STERADIAN. ) SOLID_ANGLE_UNIT ( ) );
#4449 = LINE ( 'NONE', #6366, #5681 ) ;
#4450 = UNCERTAINTY_MEASURE_WITH_UNIT (LENGTH_MEASURE( 1.000000000000000082E-05 ), #3723, 'distance_accuracy_value', 'NONE');
#4451 = FACE_OUTER_BOUND ( 'NONE', #626, .T. ) ;
#4452 = SURFACE_STYLE_FILL_AREA ( #6369 ) ;
#4453 = DIRECTION ( 'NONE',  ( 0.2588190451024934280, -0.9659258262890755287, 0.000000000000000000 ) ) ;
#4454 = LINE ( 'NONE', #2558, #3077 ) ;
#4455 = CARTESIAN_POINT ( 'NONE',  ( 0.2408531991698718566, 0.3098574789487829606, -5.459384528706810791 ) ) ;
#4456 = ADVANCED_FACE ( 'NONE', ( #5803 ), #2377, .F. ) ;
#4457 = CARTESIAN_POINT ( 'NONE',  ( 0.2150000000000000244, 0.3150000000000000022, -1.609045455704950278 ) ) ;
#4458 = ORIENTED_EDGE ( 'NONE', *, *, #911, .T. ) ;
#4459 = SURFACE_SIDE_STYLE ('',( #6333 ) ) ;
#4460 = CARTESIAN_POINT ( 'NONE',  ( -3.810000000000000053, -0.7500000000000000000, -2.500000000000000000 ) ) ;
#4461 = DIRECTION ( 'NONE',  ( 1.000000000000000000, 0.000000000000000000, -0.000000000000000000 ) ) ;
#4462 = VERTEX_POINT ( 'NONE', #7708 ) ;
#4463 = PRESENTATION_STYLE_ASSIGNMENT (( #7763 ) ) ;
#4464 = CARTESIAN_POINT ( 'NONE',  ( -0.9699999999999999734, 1.250000000000000000, -2.799999999999999822 ) ) ;
#4465 = ORIENTED_EDGE ( 'NONE', *, *, #8666, .F. ) ;
#4466 = EDGE_LOOP ( 'NONE', ( #3063, #309, #6504, #3584, #1754 ) ) ;
#4467 = PRESENTATION_LAYER_ASSIGNMENT (  '', '', ( #3319 ) ) ;
#4468 = SURFACE_STYLE_FILL_AREA ( #6429 ) ;
#4469 = DIRECTION ( 'NONE',  ( 0.000000000000000000, 0.000000000000000000, 1.000000000000000000 ) ) ;
#4470 = ORIENTED_EDGE ( 'NONE', *, *, #5140, .T. ) ;
#4471 = LINE ( 'NONE', #5768, #5501 ) ;
#4472 = CARTESIAN_POINT ( 'NONE',  ( -1.670000000000000373, 1.250000000000000000, 0.000000000000000000 ) ) ;
#4473 = VERTEX_POINT ( 'NONE', #4984 ) ;
#4474 = LINE ( 'NONE', #5772, #2858 ) ;
#4475 = CARTESIAN_POINT ( 'NONE',  ( 1.763333333333335418, 2.183333333333336679, 0.6333333333333477366 ) ) ;
#4476 = CARTESIAN_POINT ( 'NONE',  ( -0.2149999999999999134, 0.1650000000000000633, -6.000000000000000000 ) ) ;
#4477 = ORIENTED_EDGE ( 'NONE', *, *, #6842, .T. ) ;
#4478 = EDGE_LOOP ( 'NONE', ( #6388, #1306, #7723, #2892 ) ) ;
#4479 = ORIENTED_EDGE ( 'NONE', *, *, #6549, .T. ) ;
#4480 = AXIS2_PLACEMENT_3D ( 'NONE', #8483, #2420, #7264 ) ;
#4481 = PRESENTATION_STYLE_ASSIGNMENT (( #5129 ) ) ;
#4482 = CARTESIAN_POINT ( 'NONE',  ( 0.2650000000000000688, -0.2650000000000000133, -5.440192378864675327 ) ) ;
#4483 =( NAMED_UNIT ( * ) SI_UNIT ( $, .STERADIAN. ) SOLID_ANGLE_UNIT ( ) );
#4484 = VERTEX_POINT ( 'NONE', #6334 ) ;
#4485 = LINE ( 'NONE', #3146, #5183 ) ;
#4486 = ORIENTED_EDGE ( 'NONE', *, *, #1524, .T. ) ;
#4487 = SURFACE_STYLE_FILL_AREA ( #7926 ) ;
#4488 = DIRECTION ( 'NONE',  ( -1.000000000000000000, 0.000000000000000000, -0.000000000000000000 ) ) ;
#4489 =( NAMED_UNIT ( * ) PLANE_ANGLE_UNIT ( ) SI_UNIT ( $, .RADIAN. ) );
#4490 = ORIENTED_EDGE ( 'NONE', *, *, #6240, .T. ) ;
#4491 = ORIENTED_EDGE ( 'NONE', *, *, #3675, .F. ) ;
#4492 = AXIS2_PLACEMENT_3D ( 'NONE', #3320, #1361, #5319 ) ;
#4493 =( GEOMETRIC_REPRESENTATION_CONTEXT ( 3 ) GLOBAL_UNCERTAINTY_ASSIGNED_CONTEXT ( ( #1902 ) ) GLOBAL_UNIT_ASSIGNED_CONTEXT ( ( #2537, #1935, #7829 ) ) REPRESENTATION_CONTEXT ( 'NONE', 'WORKASPACE' ) );
#4494 = CARTESIAN_POINT ( 'NONE',  ( -0.3149999999999998357, -0.3150000000000000022, -2.500000000000000000 ) ) ;
#4495 = SURFACE_STYLE_USAGE ( .BOTH. , #1711 ) ;
#4496 = VECTOR ( 'NONE', #6726, 1000.000000000000000 ) ;
#4497 = VERTEX_POINT ( 'NONE', #6424 ) ;
#4498 = LINE ( 'NONE', #366, #5682 ) ;
#4499 = FACE_OUTER_BOUND ( 'NONE', #5113, .T. ) ;
#4500 = FILL_AREA_STYLE_COLOUR ( '', #6392 ) ;
#4501 = SURFACE_STYLE_FILL_AREA ( #1720 ) ;
#4502 = EDGE_CURVE ( 'NONE', #3978, #6500, #5668, .T. ) ;
#4503 = CARTESIAN_POINT ( 'NONE',  ( 0.2503553390593275529, -0.3003553390593273753, -5.494846997554885704 ) ) ;
#4504 = EDGE_CURVE ( 'NONE', #3345, #966, #1057, .T. ) ;
#4505 = ADVANCED_FACE ( 'NONE', ( #3733 ), #8533, .T. ) ;
#4506 = DIRECTION ( 'NONE',  ( -1.000000000000000000, 0.000000000000000000, 0.000000000000000000 ) ) ;
#4507 = STYLED_ITEM ( 'NONE', ( #610 ), #7607 ) ;
#4508 = DIRECTION ( 'NONE',  ( 0.000000000000000000, 0.000000000000000000, 1.000000000000000000 ) ) ;
#4509 = DIRECTION ( 'NONE',  ( 1.000000000000000000, 0.000000000000000000, 0.000000000000000000 ) ) ;
#4510 =( NAMED_UNIT ( * ) PLANE_ANGLE_UNIT ( ) SI_UNIT ( $, .RADIAN. ) );
#4512 = FACE_OUTER_BOUND ( 'NONE', #4671, .T. ) ;
#4511 = VECTOR ( 'NONE', #2108, 999.9999999999998863 ) ;
#4513 = VERTEX_POINT ( 'NONE', #7408 ) ;
#4514 = MECHANICAL_DESIGN_GEOMETRIC_PRESENTATION_REPRESENTATION (  '', ( #4208 ), #682 ) ;
#4515 = FILL_AREA_STYLE ('',( #7120 ) ) ;
#4516 = DIRECTION ( 'NONE',  ( 0.000000000000000000, 0.000000000000000000, 1.000000000000000000 ) ) ;
#4517 =( NAMED_UNIT ( * ) PLANE_ANGLE_UNIT ( ) SI_UNIT ( $, .RADIAN. ) );
#4518 = CARTESIAN_POINT ( 'NONE',  ( -1.103147515578000171, -1.250000000000000000, -1.800000000000000044 ) ) ;
#4519 = FILL_AREA_STYLE_COLOUR ( '', #5210 ) ;
#4520 = PRESENTATION_LAYER_ASSIGNMENT (  '', '', ( #6739 ) ) ;
#4521 = VERTEX_POINT ( 'NONE', #6649 ) ;
#4522 = EDGE_LOOP ( 'NONE', ( #562, #8168, #6399, #7550 ) ) ;
#4523 = PRESENTATION_STYLE_ASSIGNMENT (( #388 ) ) ;
#4524 = EDGE_CURVE ( 'NONE', #7965, #8648, #6022, .T. ) ;
#4525 = COLOUR_RGB ( '',0.5607843137254902022, 0.6470588235294117974, 0.6352941176470587870 ) ;
#4526 = DIRECTION ( 'NONE',  ( -1.000000000000000000, 0.000000000000000000, 0.000000000000000000 ) ) ;
#4527 = PRESENTATION_LAYER_ASSIGNMENT (  '', '', ( #6872 ) ) ;
#4528 = FILL_AREA_STYLE ('',( #8000 ) ) ;
#4529 = ORIENTED_EDGE ( 'NONE', *, *, #96, .F. ) ;
#4530 =( GEOMETRIC_REPRESENTATION_CONTEXT ( 3 ) GLOBAL_UNCERTAINTY_ASSIGNED_CONTEXT ( ( #787 ) ) GLOBAL_UNIT_ASSIGNED_CONTEXT ( ( #7781, #3753, #5511 ) ) REPRESENTATION_CONTEXT ( 'NONE', 'WORKASPACE' ) );
#4531 = DIRECTION ( 'NONE',  ( 0.000000000000000000, -1.000000000000000000, 0.000000000000000000 ) ) ;
#4532 = PLANE ( 'NONE',  #5424 ) ;
#4533 = VERTEX_POINT ( 'NONE', #2605 ) ;
#4534 = CARTESIAN_POINT ( 'NONE',  ( 3.409999999999999698, -1.250000000000000000, -2.799999999999999822 ) ) ;
#4535 = CARTESIAN_POINT ( 'NONE',  ( -1.863333333333335728, -2.183333333333335791, 0.6333333333333477366 ) ) ;
#4536 = AXIS2_PLACEMENT_3D ( 'NONE', #906, #4840, #8166 ) ;
#4537 = STYLED_ITEM ( 'NONE', ( #7068 ), #4678 ) ;
#4538 = ORIENTED_EDGE ( 'NONE', *, *, #924, .F. ) ;
#4539 =( GEOMETRIC_REPRESENTATION_CONTEXT ( 3 ) GLOBAL_UNCERTAINTY_ASSIGNED_CONTEXT ( ( #6217 ) ) GLOBAL_UNIT_ASSIGNED_CONTEXT ( ( #7523, #6194, #1530 ) ) REPRESENTATION_CONTEXT ( 'NONE', 'WORKASPACE' ) );
#4540 = LINE ( 'NONE', #1793, #6329 ) ;
#4541 = VERTEX_POINT ( 'NONE', #2046 ) ;
#4542 =( GEOMETRIC_REPRESENTATION_CONTEXT ( 3 ) GLOBAL_UNCERTAINTY_ASSIGNED_CONTEXT ( ( #4782 ) ) GLOBAL_UNIT_ASSIGNED_CONTEXT ( ( #1832, #2341, #1786 ) ) REPRESENTATION_CONTEXT ( 'NONE', 'WORKASPACE' ) );
#4543 = CARTESIAN_POINT ( 'NONE',  ( -0.3149999999999998357, -0.3150000000000000022, 6.140192378864673728 ) ) ;
#4544 = DIRECTION ( 'NONE',  ( 0.000000000000000000, 1.000000000000000000, -0.000000000000000000 ) ) ;
#4545 = CARTESIAN_POINT ( 'NONE',  ( -0.9700000000000001954, -1.249999999999999556, 6.699999999999999289 ) ) ;
#4546 = ORIENTED_EDGE ( 'NONE', *, *, #6299, .T. ) ;
#4547 = ORIENTED_EDGE ( 'NONE', *, *, #7178, .F. ) ;
#4548 = DIRECTION ( 'NONE',  ( -1.000000000000000000, 0.000000000000000000, 0.000000000000000000 ) ) ;
#4549 = VECTOR ( 'NONE', #5246, 1000.000000000000000 ) ;
#4550 = ORIENTED_EDGE ( 'NONE', *, *, #726, .T. ) ;
#4551 = STYLED_ITEM ( 'NONE', ( #4641 ), #9 ) ;
#4552 = FACE_OUTER_BOUND ( 'NONE', #4863, .T. ) ;
#4553 = STYLED_ITEM ( 'NONE', ( #24 ), #1217 ) ;
#4554 = DIRECTION ( 'NONE',  ( 1.000000000000000000, 0.000000000000000000, 0.000000000000000000 ) ) ;
#4555 = ORIENTED_EDGE ( 'NONE', *, *, #7608, .T. ) ;
#4556 =( LENGTH_UNIT ( ) NAMED_UNIT ( * ) SI_UNIT ( .MILLI., .METRE. ) );
#4557 = UNCERTAINTY_MEASURE_WITH_UNIT (LENGTH_MEASURE( 1.000000000000000082E-05 ), #7803, 'distance_accuracy_value', 'NONE');
#4558 = CARTESIAN_POINT ( 'NONE',  ( 0.000000000000000000, 0.000000000000000000, -2.799999999999999822 ) ) ;
#4559 = AXIS2_PLACEMENT_3D ( 'NONE', #2579, #6538, #588 ) ;
#4560 = DIRECTION ( 'NONE',  ( 1.000000000000000000, 0.000000000000000000, 0.000000000000000000 ) ) ;
#4561 = FACE_OUTER_BOUND ( 'NONE', #4706, .T. ) ;
#4562 =( NAMED_UNIT ( * ) PLANE_ANGLE_UNIT ( ) SI_UNIT ( $, .RADIAN. ) );
#4563 = PLANE ( 'NONE',  #2291 ) ;
#4564 = PLANE ( 'NONE',  #7618 ) ;
#4565 = LINE ( 'NONE', #612, #4896 ) ;
#4566 = ORIENTED_EDGE ( 'NONE', *, *, #6990, .F. ) ;
#4567 = ADVANCED_FACE ( 'NONE', ( #4725 ), #7364, .T. ) ;
#4568 = CARTESIAN_POINT ( 'NONE',  ( -2.582036360588149115, 0.007963639411851446831, -6.645509090147044162 ) ) ;
#4569 = FACE_OUTER_BOUND ( 'NONE', #2535, .T. ) ;
#4570 = VERTEX_POINT ( 'NONE', #3334 ) ;
#4571 = ORIENTED_EDGE ( 'NONE', *, *, #3386, .T. ) ;
#4572 = FILL_AREA_STYLE ('',( #1204 ) ) ;
#4573 = SURFACE_SIDE_STYLE ('',( #7814 ) ) ;
#4574 = SURFACE_STYLE_USAGE ( .BOTH. , #261 ) ;
#4575 = SURFACE_STYLE_FILL_AREA ( #6613 ) ;
#4576 = CARTESIAN_POINT ( 'NONE',  ( -0.3200000000000000067, -1.550000000000000044, -1.800000000000000044 ) ) ;
#4577 = VERTEX_POINT ( 'NONE', #3296 ) ;
#4578 = EDGE_CURVE ( 'NONE', #8024, #6638, #5900, .T. ) ;
#4579 = EDGE_CURVE ( 'NONE', #7758, #918, #8039, .T. ) ;
#4580 =( LENGTH_UNIT ( ) NAMED_UNIT ( * ) SI_UNIT ( .MILLI., .METRE. ) );
#4581 = DIRECTION ( 'NONE',  ( -1.000000000000000000, 0.000000000000000000, 0.000000000000000000 ) ) ;
#4582 = ORIENTED_EDGE ( 'NONE', *, *, #8329, .T. ) ;
#4583 =( LENGTH_UNIT ( ) NAMED_UNIT ( * ) SI_UNIT ( .MILLI., .METRE. ) );
#4584 = VERTEX_POINT ( 'NONE', #7223 ) ;
#4585 = FILL_AREA_STYLE ('',( #2402 ) ) ;
#4586 =( NAMED_UNIT ( * ) PLANE_ANGLE_UNIT ( ) SI_UNIT ( $, .RADIAN. ) );
#4587 = VERTEX_POINT ( 'NONE', #3203 ) ;
#4588 = SURFACE_STYLE_USAGE ( .BOTH. , #1903 ) ;
#4589 =( GEOMETRIC_REPRESENTATION_CONTEXT ( 3 ) GLOBAL_UNCERTAINTY_ASSIGNED_CONTEXT ( ( #8071 ) ) GLOBAL_UNIT_ASSIGNED_CONTEXT ( ( #2997, #7175, #3634 ) ) REPRESENTATION_CONTEXT ( 'NONE', 'WORKASPACE' ) );
#4590 = ORIENTED_EDGE ( 'NONE', *, *, #6055, .T. ) ;
#4591 = PRESENTATION_STYLE_ASSIGNMENT (( #8654 ) ) ;
#4592 = ORIENTED_EDGE ( 'NONE', *, *, #1170, .T. ) ;
#4593 = CARTESIAN_POINT ( 'NONE',  ( 0.2503553390593276085, 0.3003553390593274308, -5.494846997554885704 ) ) ;
#4594 =( NAMED_UNIT ( * ) PLANE_ANGLE_UNIT ( ) SI_UNIT ( $, .RADIAN. ) );
#4595 = VECTOR ( 'NONE', #3298, 1000.000000000000000 ) ;
#4596 = VECTOR ( 'NONE', #3822, 1000.000000000000000 ) ;
#4597 = PRESENTATION_STYLE_ASSIGNMENT (( #8236 ) ) ;
#4598 = PLANE ( 'NONE',  #5044 ) ;
#4599 = MECHANICAL_DESIGN_GEOMETRIC_PRESENTATION_REPRESENTATION (  '', ( #4439 ), #1771 ) ;
#4600 = CARTESIAN_POINT ( 'NONE',  ( 0.8699999999999996625, -1.249999999999999556, -1.799999999999999600 ) ) ;
#4601 = STYLED_ITEM ( 'NONE', ( #7602 ), #2345 ) ;
#4602 = CARTESIAN_POINT ( 'NONE',  ( -2.274999999999999911, -0.2650000000000000133, -5.440192378864675327 ) ) ;
#4603 = EDGE_CURVE ( 'NONE', #3010, #1036, #2647, .T. ) ;
#4604 = SURFACE_STYLE_USAGE ( .BOTH. , #4692 ) ;
#4605 = FILL_AREA_STYLE ('',( #4644 ) ) ;
#4606 = ORIENTED_EDGE ( 'NONE', *, *, #8110, .F. ) ;
#4607 = DIRECTION ( 'NONE',  ( 0.7071067811865475727, -0.7071067811865475727, 0.000000000000000000 ) ) ;
#4608 = CARTESIAN_POINT ( 'NONE',  ( 1.169999999999999929, -0.7500000000000000000, -2.499999999999998668 ) ) ;
#4609 = ADVANCED_FACE ( 'NONE', ( #6600 ), #5382, .T. ) ;
#4610 = DIRECTION ( 'NONE',  ( 0.000000000000000000, -0.000000000000000000, -1.000000000000000000 ) ) ;
#4611 = EDGE_LOOP ( 'NONE', ( #6244, #4888, #5828, #5825, #3213, #8454 ) ) ;
#4612 = DIRECTION ( 'NONE',  ( 0.000000000000000000, -1.000000000000000000, 0.000000000000000000 ) ) ;
#4613 = SURFACE_STYLE_FILL_AREA ( #1924 ) ;
#4614 = ORIENTED_EDGE ( 'NONE', *, *, #3152, .T. ) ;
#4615 = PRESENTATION_STYLE_ASSIGNMENT (( #700 ) ) ;
#4616 = SURFACE_STYLE_USAGE ( .BOTH. , #3348 ) ;
#4617 = UNCERTAINTY_MEASURE_WITH_UNIT (LENGTH_MEASURE( 1.000000000000000082E-05 ), #1247, 'distance_accuracy_value', 'NONE');
#4618 = ADVANCED_FACE ( 'NONE', ( #5445 ), #64, .T. ) ;
#4619 = DIRECTION ( 'NONE',  ( 0.7071067811865474617, 0.7071067811865474617, 0.000000000000000000 ) ) ;
#4620 = VERTEX_POINT ( 'NONE', #4175 ) ;
#4621 = CARTESIAN_POINT ( 'NONE',  ( -2.868438055103234685, 0.3150000000000000577, 6.140192378864675504 ) ) ;
#4622 = CARTESIAN_POINT ( 'NONE',  ( -1.469999999999992646, 0.7500000000000000000, -5.140000000000000568 ) ) ;
#4623 = VERTEX_POINT ( 'NONE', #3495 ) ;
#4624 = FACE_OUTER_BOUND ( 'NONE', #7954, .T. ) ;
#4625 = CARTESIAN_POINT ( 'NONE',  ( 1.169999999999999707, -0.8499999999999994227, 6.699999999999999289 ) ) ;
#4626 = FILL_AREA_STYLE ('',( #1311 ) ) ;
#4627 = ORIENTED_EDGE ( 'NONE', *, *, #312, .F. ) ;
#4628 = UNCERTAINTY_MEASURE_WITH_UNIT (LENGTH_MEASURE( 1.000000000000000082E-05 ), #7802, 'distance_accuracy_value', 'NONE');
#4629 = EDGE_CURVE ( 'NONE', #1203, #2073, #2772, .T. ) ;
#4630 = CARTESIAN_POINT ( 'NONE',  ( 2.175000000000000266, 0.2650000000000000133, 0.000000000000000000 ) ) ;
#4631 = EDGE_CURVE ( 'NONE', #3706, #7225, #2737, .T. ) ;
#4632 = CARTESIAN_POINT ( 'NONE',  ( 2.754999999999999893, -0.2650000000000000133, 0.000000000000000000 ) ) ;
#4633 = EDGE_LOOP ( 'NONE', ( #2037, #1351, #7133, #6574 ) ) ;
#4634 = DIRECTION ( 'NONE',  ( 1.000000000000000000, 0.000000000000000000, 0.000000000000000000 ) ) ;
#4635 = CARTESIAN_POINT ( 'NONE',  ( 1.269999999999999796, -0.7500000000000000000, -2.499999999999998668 ) ) ;
#4636 = DIRECTION ( 'NONE',  ( 0.2505628070857336409, 0.2505628070857336409, 0.9351131265310282936 ) ) ;
#4637 =( GEOMETRIC_REPRESENTATION_CONTEXT ( 3 ) GLOBAL_UNCERTAINTY_ASSIGNED_CONTEXT ( ( #564 ) ) GLOBAL_UNIT_ASSIGNED_CONTEXT ( ( #6598, #1285, #7904 ) ) REPRESENTATION_CONTEXT ( 'NONE', 'WORKASPACE' ) );
#4638 = DIRECTION ( 'NONE',  ( 0.000000000000000000, 1.000000000000000000, 0.000000000000000000 ) ) ;
#4639 = SURFACE_STYLE_FILL_AREA ( #5847 ) ;
#4640 = FILL_AREA_STYLE ('',( #8125 ) ) ;
#4641 = PRESENTATION_STYLE_ASSIGNMENT (( #2010 ) ) ;
#4642 = LINE ( 'NONE', #6729, #52 ) ;
#4643 = UNCERTAINTY_MEASURE_WITH_UNIT (LENGTH_MEASURE( 1.000000000000000082E-05 ), #561, 'distance_accuracy_value', 'NONE');
#4644 = FILL_AREA_STYLE_COLOUR ( '', #4525 ) ;
#4645 = EDGE_LOOP ( 'NONE', ( #4125, #6874, #7299, #294, #5449 ) ) ;
#4646 = ORIENTED_EDGE ( 'NONE', *, *, #7239, .F. ) ;
#4647 = MECHANICAL_DESIGN_GEOMETRIC_PRESENTATION_REPRESENTATION (  '', ( #3929 ), #5330 ) ;
#4648 = FILL_AREA_STYLE ('',( #3890 ) ) ;
#4649 = SURFACE_STYLE_FILL_AREA ( #4528 ) ;
#4650 = COLOUR_RGB ( '',0.5607843137254902022, 0.6470588235294117974, 0.6352941176470587870 ) ;
#4651 = VECTOR ( 'NONE', #3053, 1000.000000000000000 ) ;
#4652 = VERTEX_POINT ( 'NONE', #8289 ) ;
#4653 = VECTOR ( 'NONE', #1032, 1000.000000000000000 ) ;
#4654 = DIRECTION ( 'NONE',  ( 1.000000000000000000, 0.000000000000000000, 0.000000000000000000 ) ) ;
#4655 = DIRECTION ( 'NONE',  ( 1.000000000000000000, 0.000000000000000000, -0.000000000000000000 ) ) ;
#4656 = FILL_AREA_STYLE_COLOUR ( '', #6033 ) ;
#4657 = AXIS2_PLACEMENT_3D ( 'NONE', #1199, #3885, #7316 ) ;
#4658 = FILL_AREA_STYLE_COLOUR ( '', #5383 ) ;
#4659 = STYLED_ITEM ( 'NONE', ( #907 ), #340 ) ;
#4660 = PRESENTATION_LAYER_ASSIGNMENT (  '', '', ( #3944 ) ) ;
#4661 = UNCERTAINTY_MEASURE_WITH_UNIT (LENGTH_MEASURE( 1.000000000000000082E-05 ), #1914, 'distance_accuracy_value', 'NONE');
#4662 = ORIENTED_EDGE ( 'NONE', *, *, #3541, .T. ) ;
#4663 = PRESENTATION_LAYER_ASSIGNMENT (  '', '', ( #417 ) ) ;
#4664 = COLOUR_RGB ( '',0.5607843137254902022, 0.6470588235294117974, 0.6352941176470587870 ) ;
#4665 = CARTESIAN_POINT ( 'NONE',  ( -0.3284380551032344275, 0.3150000000000000022, -5.440192378864675327 ) ) ;
#4666 = PLANE ( 'NONE',  #5193 ) ;
#4667 = SURFACE_SIDE_STYLE ('',( #5468 ) ) ;
#4668 =( LENGTH_UNIT ( ) NAMED_UNIT ( * ) SI_UNIT ( .MILLI., .METRE. ) );
#4669 = ADVANCED_FACE ( 'NONE', ( #2864 ), #5531, .T. ) ;
#4670 = EDGE_CURVE ( 'NONE', #1598, #2974, #3535, .T. ) ;
#4671 = EDGE_LOOP ( 'NONE', ( #1484, #414, #6856, #2980 ) ) ;
#4672 = VECTOR ( 'NONE', #926, 1000.000000000000227 ) ;
#4673 = SURFACE_STYLE_FILL_AREA ( #6757 ) ;
#4674 = PRESENTATION_LAYER_ASSIGNMENT (  '', '', ( #1861 ) ) ;
#4675 = CARTESIAN_POINT ( 'NONE',  ( -2.274999999999999911, 0.2784380551032345497, 6.140192378864674616 ) ) ;
#4676 = VECTOR ( 'NONE', #7813, 1000.000000000000000 ) ;
#4677 = VERTEX_POINT ( 'NONE', #8423 ) ;
#4678 = ADVANCED_FACE ( 'NONE', ( #4499 ), #4305, .F. ) ;
#4679 =( BOUNDED_CURVE ( )  B_SPLINE_CURVE ( 3, ( #7184, #8539, #3930, #3090 ),
 .UNSPECIFIED., .F., .T. ) 
 B_SPLINE_CURVE_WITH_KNOTS ( ( 4, 4 ),
 ( 2.356194490192345281, 3.141592653589793116 ),
 .UNSPECIFIED. ) 
 CURVE ( )  GEOMETRIC_REPRESENTATION_ITEM ( )  RATIONAL_B_SPLINE_CURVE ( ( 1.000000000000000000, 0.9492530216741912330, 0.9492530216741912330, 1.000000000000000000 ) ) 
 REPRESENTATION_ITEM ( '' )  );
#4680 = CARTESIAN_POINT ( 'NONE',  ( -1.670000000000000373, -1.249999999999999556, -1.799999999999999600 ) ) ;
#4681 =( GEOMETRIC_REPRESENTATION_CONTEXT ( 3 ) GLOBAL_UNCERTAINTY_ASSIGNED_CONTEXT ( ( #7976 ) ) GLOBAL_UNIT_ASSIGNED_CONTEXT ( ( #580, #3212, #5263 ) ) REPRESENTATION_CONTEXT ( 'NONE', 'WORKASPACE' ) );
#4682 = SURFACE_STYLE_USAGE ( .BOTH. , #1998 ) ;
#4683 =( LENGTH_UNIT ( ) NAMED_UNIT ( * ) SI_UNIT ( .MILLI., .METRE. ) );
#4684 = PRESENTATION_LAYER_ASSIGNMENT (  '', '', ( #5777 ) ) ;
#4685 = PLANE ( 'NONE',  #8034 ) ;
#4686 = SURFACE_SIDE_STYLE ('',( #3968 ) ) ;
#4687 = ORIENTED_EDGE ( 'NONE', *, *, #4429, .T. ) ;
#4688 = MECHANICAL_DESIGN_GEOMETRIC_PRESENTATION_REPRESENTATION (  '', ( #4806 ), #4681 ) ;
#4689 = PLANE ( 'NONE',  #6148 ) ;
#4690 = LINE ( 'NONE', #3333, #4998 ) ;
#4691 = EDGE_CURVE ( 'NONE', #5118, #8133, #5794, .T. ) ;
#4692 = SURFACE_SIDE_STYLE ('',( #1912 ) ) ;
#4693 = ORIENTED_EDGE ( 'NONE', *, *, #3728, .T. ) ;
#4694 = FILL_AREA_STYLE ('',( #6774 ) ) ;
#4695 = ORIENTED_EDGE ( 'NONE', *, *, #3717, .F. ) ;
#4696 = ORIENTED_EDGE ( 'NONE', *, *, #8121, .T. ) ;
#4697 = CARTESIAN_POINT ( 'NONE',  ( -3.510000000000000231, 1.250000000000000000, -1.810000000000000941 ) ) ;
#4698 = FILL_AREA_STYLE_COLOUR ( '', #7823 ) ;
#4699 = STYLED_ITEM ( 'NONE', ( #2024 ), #18 ) ;
#4700 = ORIENTED_EDGE ( 'NONE', *, *, #7957, .T. ) ;
#4701 =( LENGTH_UNIT ( ) NAMED_UNIT ( * ) SI_UNIT ( .MILLI., .METRE. ) );
#4702 = MECHANICAL_DESIGN_GEOMETRIC_PRESENTATION_REPRESENTATION (  '', ( #8510 ), #7053 ) ;
#4703 = FILL_AREA_STYLE_COLOUR ( '', #4112 ) ;
#4704 = COLOUR_RGB ( '',0.9686274509803921573, 0.8784313725490195957, 0.5999999999999999778 ) ;
#4705 = FILL_AREA_STYLE_COLOUR ( '', #5369 ) ;
#4706 = EDGE_LOOP ( 'NONE', ( #6548, #4424, #2208, #5243 ) ) ;
#4707 = DIRECTION ( 'NONE',  ( 0.000000000000000000, 0.000000000000000000, -1.000000000000000000 ) ) ;
#4708 = DIRECTION ( 'NONE',  ( 0.000000000000000000, 0.000000000000000000, 1.000000000000000000 ) ) ;
#4709 =( LENGTH_UNIT ( ) NAMED_UNIT ( * ) SI_UNIT ( .MILLI., .METRE. ) );
#4710 = CARTESIAN_POINT ( 'NONE',  ( 1.169999999999999929, 1.250000000000000000, -0.4000000000000014655 ) ) ;
#4711 = VERTEX_POINT ( 'NONE', #1662 ) ;
#4712 = UNCERTAINTY_MEASURE_WITH_UNIT (LENGTH_MEASURE( 1.000000000000000082E-05 ), #6706, 'distance_accuracy_value', 'NONE');
#4713 = EDGE_CURVE ( 'NONE', #918, #466, #1084, .T. ) ;
#4714 = CARTESIAN_POINT ( 'NONE',  ( -1.536852484421999954, -1.550000000000000044, -1.000000000000000000 ) ) ;
#4715 = LINE ( 'NONE', #6099, #2237 ) ;
#4716 = CARTESIAN_POINT ( 'NONE',  ( -2.325000000000000178, -0.3150000000000000022, 0.000000000000000000 ) ) ;
#4717 = CARTESIAN_POINT ( 'NONE',  ( 2.199146800830128701, -0.3098574789487830161, 6.159384528706809192 ) ) ;
#4718 = ADVANCED_FACE ( 'NONE', ( #7839 ), #2943, .F. ) ;
#4719 = ADVANCED_FACE ( 'NONE', ( #1145 ), #6272, .F. ) ;
#4720 =( LENGTH_UNIT ( ) NAMED_UNIT ( * ) SI_UNIT ( .MILLI., .METRE. ) );
#4721 = EDGE_LOOP ( 'NONE', ( #4038, #28, #252, #5987, #6122, #7098, #8044, #6584 ) ) ;
#4722 = FILL_AREA_STYLE ('',( #5940 ) ) ;
#4723 = PRESENTATION_STYLE_ASSIGNMENT (( #1538 ) ) ;
#4724 = DIRECTION ( 'NONE',  ( 0.000000000000000000, -1.000000000000000000, 0.000000000000000000 ) ) ;
#4725 = FACE_OUTER_BOUND ( 'NONE', #8410, .T. ) ;
#4726 = PRESENTATION_LAYER_ASSIGNMENT (  '', '', ( #8685 ) ) ;
#4727 =( NAMED_UNIT ( * ) SI_UNIT ( $, .STERADIAN. ) SOLID_ANGLE_UNIT ( ) );
#4728 = VERTEX_POINT ( 'NONE', #7935 ) ;
#4729 = EDGE_LOOP ( 'NONE', ( #4160, #870, #8441, #7284 ) ) ;
#4730 = CARTESIAN_POINT ( 'NONE',  ( -0.3200000000000000067, -1.550000000000000044, -1.000000000000000000 ) ) ;
#4731 = EDGE_CURVE ( 'NONE', #3064, #6354, #5322, .T. ) ;
#4732 = STYLED_ITEM ( 'NONE', ( #2483 ), #3184 ) ;
#4733 = VECTOR ( 'NONE', #1993, 1000.000000000000000 ) ;
#4734 = CARTESIAN_POINT ( 'NONE',  ( 0.2408531991698715236, -0.3098574789487830716, 6.159384528706808304 ) ) ;
#4735 = ORIENTED_EDGE ( 'NONE', *, *, #3678, .T. ) ;
#4736 = DIRECTION ( 'NONE',  ( 0.000000000000000000, 0.000000000000000000, 1.000000000000000000 ) ) ;
#4737 =( LENGTH_UNIT ( ) NAMED_UNIT ( * ) SI_UNIT ( .MILLI., .METRE. ) );
#4738 = LINE ( 'NONE', #1392, #3774 ) ;
#4739 = ORIENTED_EDGE ( 'NONE', *, *, #6748, .T. ) ;
#4740 = SURFACE_STYLE_FILL_AREA ( #801 ) ;
#4741 = CARTESIAN_POINT ( 'NONE',  ( -2.435358983848622483, 0.1546410161513774584, 6.738660254037845299 ) ) ;
#4742 = CARTESIAN_POINT ( 'NONE',  ( -2.289644660940672871, 0.3003553390593273198, 6.194846997554884105 ) ) ;
#4743 = ORIENTED_EDGE ( 'NONE', *, *, #4989, .T. ) ;
#4744 = FILL_AREA_STYLE_COLOUR ( '', #8177 ) ;
#4745 = CARTESIAN_POINT ( 'NONE',  ( 2.325000000000000178, 0.1650000000000000633, 6.700000000000000178 ) ) ;
#4746 = LINE ( 'NONE', #93, #4511 ) ;
#4747 = FILL_AREA_STYLE ('',( #2074 ) ) ;
#4748 = PRESENTATION_STYLE_ASSIGNMENT (( #5978 ) ) ;
#4749 =( NAMED_UNIT ( * ) SI_UNIT ( $, .STERADIAN. ) SOLID_ANGLE_UNIT ( ) );
#4750 = CARTESIAN_POINT ( 'NONE',  ( 3.409999999999999698, -1.249999999999999556, -1.000000000000000000 ) ) ;
#4751 = ORIENTED_EDGE ( 'NONE', *, *, #1922, .T. ) ;
#4752 = CARTESIAN_POINT ( 'NONE',  ( -2.325000000000000178, 0.3150000000000000022, -5.440192378864675327 ) ) ;
#4753 = DIRECTION ( 'NONE',  ( -0.000000000000000000, -0.000000000000000000, -1.000000000000000000 ) ) ;
#4754 = CARTESIAN_POINT ( 'NONE',  ( -0.3503553390593270311, -0.3003553390593269312, 6.194846997554884993 ) ) ;
#4755 = SURFACE_SIDE_STYLE ('',( #7260 ) ) ;
#4756 = CARTESIAN_POINT ( 'NONE',  ( -2.274999999999999911, 0.3150000000000000022, -1.609045455704950278 ) ) ;
#4757 = EDGE_CURVE ( 'NONE', #5734, #359, #5931, .T. ) ;
#4758 = ADVANCED_FACE ( 'NONE', ( #3239 ), #6515, .T. ) ;
#4759 = LINE ( 'NONE', #4100, #219 ) ;
#4760 = FILL_AREA_STYLE ('',( #6031 ) ) ;
#4761 = CARTESIAN_POINT ( 'NONE',  ( 2.780853199169871726, -0.3098574789487829606, -5.459384528706810791 ) ) ;
#4762 = LINE ( 'NONE', #2087, #7535 ) ;
#4763 = VERTEX_POINT ( 'NONE', #2593 ) ;
#4764 = PRESENTATION_LAYER_ASSIGNMENT (  '', '', ( #5186 ) ) ;
#4765 = CARTESIAN_POINT ( 'NONE',  ( 1.570000000000000284, -0.7500000000000000000, -2.799999999999999822 ) ) ;
#4766 = SURFACE_STYLE_FILL_AREA ( #6617 ) ;
#4767 = UNCERTAINTY_MEASURE_WITH_UNIT (LENGTH_MEASURE( 1.000000000000000082E-05 ), #6280, 'distance_accuracy_value', 'NONE');
#4768 = EDGE_CURVE ( 'NONE', #4391, #3712, #129, .T. ) ;
#4769 = STYLED_ITEM ( 'NONE', ( #2328 ), #7476 ) ;
#4770 =( NAMED_UNIT ( * ) PLANE_ANGLE_UNIT ( ) SI_UNIT ( $, .RADIAN. ) );
#4771 = VECTOR ( 'NONE', #3400, 1000.000000000000114 ) ;
#4772 = SURFACE_STYLE_USAGE ( .BOTH. , #6703 ) ;
#4773 = COLOUR_RGB ( '',0.5607843137254902022, 0.6470588235294117974, 0.6352941176470587870 ) ;
#4774 = CARTESIAN_POINT ( 'NONE',  ( 0.2408531991698718289, -0.3098574789487829606, -5.459384528706809903 ) ) ;
#4775 = CARTESIAN_POINT ( 'NONE',  ( -2.289644660940672871, -0.3003553390593272643, -5.494846997554885704 ) ) ;
#4776 = MECHANICAL_DESIGN_GEOMETRIC_PRESENTATION_REPRESENTATION (  '', ( #7467 ), #5897 ) ;
#4777 = STYLED_ITEM ( 'NONE', ( #1301 ), #4268 ) ;
#4778 = EDGE_CURVE ( 'NONE', #1799, #5653, #3823, .T. ) ;
#4779 = DIRECTION ( 'NONE',  ( 1.000000000000000000, 0.000000000000000000, 0.000000000000000000 ) ) ;
#4780 = ORIENTED_EDGE ( 'NONE', *, *, #5996, .F. ) ;
#4781 = EDGE_LOOP ( 'NONE', ( #6390, #6028, #6046, #5645 ) ) ;
#4782 = UNCERTAINTY_MEASURE_WITH_UNIT (LENGTH_MEASURE( 1.000000000000000082E-05 ), #1832, 'distance_accuracy_value', 'NONE');
#4783 = VECTOR ( 'NONE', #4392, 1000.000000000000227 ) ;
#4784 = COLOUR_RGB ( '',0.5607843137254902022, 0.6470588235294117974, 0.6352941176470587870 ) ;
#4785 = PRESENTATION_LAYER_ASSIGNMENT (  '', '', ( #6878 ) ) ;
#4786 = AXIS2_PLACEMENT_3D ( 'NONE', #6368, #7025, #7112 ) ;
#4787 = VECTOR ( 'NONE', #8500, 1000.000000000000000 ) ;
#4788 = EDGE_LOOP ( 'NONE', ( #1221, #1820, #1342, #6012, #6338 ) ) ;
#4789 =( NAMED_UNIT ( * ) PLANE_ANGLE_UNIT ( ) SI_UNIT ( $, .RADIAN. ) );
#4790 = PLANE ( 'NONE',  #4931 ) ;
#4791 = ORIENTED_EDGE ( 'NONE', *, *, #2762, .F. ) ;
#4792 = STYLED_ITEM ( 'NONE', ( #730 ), #4850 ) ;
#4793 = DIRECTION ( 'NONE',  ( -0.000000000000000000, -0.000000000000000000, 1.000000000000000000 ) ) ;
#4794 = DIRECTION ( 'NONE',  ( -0.7071067811865474617, -0.7071067811865474617, 0.000000000000000000 ) ) ;
#4795 = CARTESIAN_POINT ( 'NONE',  ( -3.810000000000000053, 0.9499999999999999556, -0.9899999999999999911 ) ) ;
#4796 = FILL_AREA_STYLE ('',( #3378 ) ) ;
#4797 = CARTESIAN_POINT ( 'NONE',  ( -1.370000000000000107, 0.9499999999999996225, 6.699999999999999289 ) ) ;
#4798 = MECHANICAL_DESIGN_GEOMETRIC_PRESENTATION_REPRESENTATION (  '', ( #1433 ), #2409 ) ;
#4799 = PRESENTATION_STYLE_ASSIGNMENT (( #4134 ) ) ;
#4800 = DIRECTION ( 'NONE',  ( -1.000000000000000000, 0.000000000000000000, 0.000000000000000000 ) ) ;
#4801 = CARTESIAN_POINT ( 'NONE',  ( -0.3649999999999998801, -0.3150000000000000022, -5.440192378864675327 ) ) ;
#4802 = CARTESIAN_POINT ( 'NONE',  ( -0.3649999999999998801, -0.3150000000000000022, -2.500000000000000000 ) ) ;
#4803 = ORIENTED_EDGE ( 'NONE', *, *, #5440, .T. ) ;
#4804 = AXIS2_PLACEMENT_3D ( 'NONE', #1782, #4607, #1018 ) ;
#4805 = FACE_OUTER_BOUND ( 'NONE', #6459, .T. ) ;
#4806 = STYLED_ITEM ( 'NONE', ( #6569 ), #876 ) ;
#4807 = VECTOR ( 'NONE', #6082, 1000.000000000000000 ) ;
#4808 = DIRECTION ( 'NONE',  ( 0.000000000000000000, -1.000000000000000000, 0.000000000000000000 ) ) ;
#4809 = ADVANCED_FACE ( 'NONE', ( #3287 ), #8694, .F. ) ;
#4810 = DIRECTION ( 'NONE',  ( -0.7071067811865474617, 0.7071067811865474617, 0.000000000000000000 ) ) ;
#4811 = STYLED_ITEM ( 'NONE', ( #5013 ), #6151 ) ;
#4812 = ORIENTED_EDGE ( 'NONE', *, *, #2371, .F. ) ;
#4813 = CARTESIAN_POINT ( 'NONE',  ( -2.854999999999999982, -0.2650000000000000133, 0.000000000000000000 ) ) ;
#4814 = FILL_AREA_STYLE_COLOUR ( '', #1410 ) ;
#4815 = LINE ( 'NONE', #8595, #8104 ) ;
#4816 = DIRECTION ( 'NONE',  ( 1.000000000000000000, 0.000000000000000000, 0.000000000000000000 ) ) ;
#4817 = UNCERTAINTY_MEASURE_WITH_UNIT (LENGTH_MEASURE( 1.000000000000000082E-05 ), #3207, 'distance_accuracy_value', 'NONE');
#4818 = MECHANICAL_DESIGN_GEOMETRIC_PRESENTATION_REPRESENTATION (  '', ( #728 ), #7049 ) ;
#4819 = EDGE_CURVE ( 'NONE', #3003, #560, #7486, .T. ) ;
#4820 = EDGE_CURVE ( 'NONE', #7, #939, #2899, .T. ) ;
#4821 = DIRECTION ( 'NONE',  ( 0.2505628070857343070, 0.2505628070857343070, 0.9351131265310277385 ) ) ;
#4822 = LINE ( 'NONE', #883, #2125 ) ;
#4823 = CARTESIAN_POINT ( 'NONE',  ( 1.269999999999999796, -0.8499999999999994227, 6.699999999999999289 ) ) ;
#4824 = ORIENTED_EDGE ( 'NONE', *, *, #4820, .T. ) ;
#4825 =( NAMED_UNIT ( * ) PLANE_ANGLE_UNIT ( ) SI_UNIT ( $, .RADIAN. ) );
#4826 = UNCERTAINTY_MEASURE_WITH_UNIT (LENGTH_MEASURE( 1.000000000000000082E-05 ), #3194, 'distance_accuracy_value', 'NONE');
#4827 = FILL_AREA_STYLE ('',( #5436 ) ) ;
#4828 = EDGE_CURVE ( 'NONE', #3010, #1178, #7522, .T. ) ;
#4829 = FILL_AREA_STYLE ('',( #7645 ) ) ;
#4830 = FILL_AREA_STYLE_COLOUR ( '', #419 ) ;
#4831 = VERTEX_POINT ( 'NONE', #57 ) ;
#4832 = CARTESIAN_POINT ( 'NONE',  ( 3.409999999999999698, 1.250000000000000000, -2.799999999999999822 ) ) ;
#4833 = UNCERTAINTY_MEASURE_WITH_UNIT (LENGTH_MEASURE( 1.000000000000000082E-05 ), #4583, 'distance_accuracy_value', 'NONE');
#4834 =( LENGTH_UNIT ( ) NAMED_UNIT ( * ) SI_UNIT ( .MILLI., .METRE. ) );
#4835 =( NAMED_UNIT ( * ) SI_UNIT ( $, .STERADIAN. ) SOLID_ANGLE_UNIT ( ) );
#4836 = LINE ( 'NONE', #2814, #2513 ) ;
#4837 = CARTESIAN_POINT ( 'NONE',  ( -2.899857478948783207, -0.2908531991698716790, -5.459384528706809903 ) ) ;
#4838 =( NAMED_UNIT ( * ) PLANE_ANGLE_UNIT ( ) SI_UNIT ( $, .RADIAN. ) );
#4839 = CARTESIAN_POINT ( 'NONE',  ( -0.9700000000000001954, -1.249999999999999556, 6.699999999999999289 ) ) ;
#4840 = DIRECTION ( 'NONE',  ( 0.7071067811865487940, -0.000000000000000000, 0.7071067811865463515 ) ) ;
#4841 = VECTOR ( 'NONE', #6163, 1000.000000000000000 ) ;
#4842 = DIRECTION ( 'NONE',  ( 0.000000000000000000, 0.000000000000000000, -1.000000000000000000 ) ) ;
#4843 = PLANE ( 'NONE',  #8159 ) ;
#4844 = VECTOR ( 'NONE', #5532, 1000.000000000000000 ) ;
#4845 = CARTESIAN_POINT ( 'NONE',  ( -3.810000000000000053, -0.7500000000000000000, -2.799999999999999822 ) ) ;
#4846 = EDGE_LOOP ( 'NONE', ( #5447, #2308, #7226, #8460, #5074, #4019 ) ) ;
#4847 = LINE ( 'NONE', #4186, #3708 ) ;
#4848 = DIRECTION ( 'NONE',  ( -0.5773502691896251759, 0.5773502691896251759, -0.5773502691896270633 ) ) ;
#4849 = PRESENTATION_STYLE_ASSIGNMENT (( #206 ) ) ;
#4850 = ADVANCED_FACE ( 'NONE', ( #5410 ), #4790, .F. ) ;
#4851 = VECTOR ( 'NONE', #3983, 1000.000000000000000 ) ;
#4852 = PRESENTATION_LAYER_ASSIGNMENT (  '', '', ( #2613 ) ) ;
#4853 = FACE_OUTER_BOUND ( 'NONE', #7041, .T. ) ;
#4854 = LINE ( 'NONE', #169, #2266 ) ;
#4855 = SURFACE_STYLE_USAGE ( .BOTH. , #7634 ) ;
#4856 = DIRECTION ( 'NONE',  ( -1.000000000000000000, 0.000000000000000000, 0.000000000000000000 ) ) ;
#4857 = VERTEX_POINT ( 'NONE', #3374 ) ;
#4858 = VECTOR ( 'NONE', #3685, 1000.000000000000000 ) ;
#4859 =( NAMED_UNIT ( * ) SI_UNIT ( $, .STERADIAN. ) SOLID_ANGLE_UNIT ( ) );
#4860 = MECHANICAL_DESIGN_GEOMETRIC_PRESENTATION_REPRESENTATION (  '', ( #7536 ), #7231 ) ;
#4861 = ORIENTED_EDGE ( 'NONE', *, *, #4443, .T. ) ;
#4862 = EDGE_CURVE ( 'NONE', #6535, #5986, #4746, .T. ) ;
#4863 = EDGE_LOOP ( 'NONE', ( #1619, #2412, #23, #4253 ) ) ;
#4864 = EDGE_CURVE ( 'NONE', #5646, #7498, #5482, .T. ) ;
#4865 = ADVANCED_FACE ( 'NONE', ( #6763 ), #1406, .F. ) ;
#4866 = SURFACE_STYLE_FILL_AREA ( #4827 ) ;
#4867 = SURFACE_STYLE_USAGE ( .BOTH. , #763 ) ;
#4868 = SURFACE_STYLE_FILL_AREA ( #6761 ) ;
#4869 =( LENGTH_UNIT ( ) NAMED_UNIT ( * ) SI_UNIT ( .MILLI., .METRE. ) );
#4870 = SURFACE_SIDE_STYLE ('',( #2855 ) ) ;
#4871 = ORIENTED_EDGE ( 'NONE', *, *, #1288, .T. ) ;
#4872 = CARTESIAN_POINT ( 'NONE',  ( -3.810000000000000053, 0.9499999999999999556, -1.810000000000000053 ) ) ;
#4873 = EDGE_CURVE ( 'NONE', #652, #984, #4259, .T. ) ;
#4874 = SURFACE_STYLE_USAGE ( .BOTH. , #8336 ) ;
#4875 = SURFACE_STYLE_USAGE ( .BOTH. , #899 ) ;
#4876 = DIRECTION ( 'NONE',  ( -0.000000000000000000, -0.000000000000000000, -1.000000000000000000 ) ) ;
#4877 = FILL_AREA_STYLE_COLOUR ( '', #8439 ) ;
#4878 = DIRECTION ( 'NONE',  ( -0.000000000000000000, -0.000000000000000000, -1.000000000000000000 ) ) ;
#4879 = LINE ( 'NONE', #6237, #6384 ) ;
#4880 =( LENGTH_UNIT ( ) NAMED_UNIT ( * ) SI_UNIT ( .MILLI., .METRE. ) );
#4881 = VECTOR ( 'NONE', #4842, 1000.000000000000000 ) ;
#4882 = LINE ( 'NONE', #8216, #7168 ) ;
#4883 = DIRECTION ( 'NONE',  ( 0.000000000000000000, 0.000000000000000000, 1.000000000000000000 ) ) ;
#4884 = CARTESIAN_POINT ( 'NONE',  ( -0.3284380551032343720, 0.3150000000000000022, 6.140192378864674616 ) ) ;
#4885 = MECHANICAL_DESIGN_GEOMETRIC_PRESENTATION_REPRESENTATION (  '', ( #3060 ), #7858 ) ;
#4886 = PRESENTATION_STYLE_ASSIGNMENT (( #1596 ) ) ;
#4887 = CARTESIAN_POINT ( 'NONE',  ( 0.2650000000000000688, 0.2784380551032345497, 6.140192378864674616 ) ) ;
#4888 = ORIENTED_EDGE ( 'NONE', *, *, #4222, .T. ) ;
#4889 = PRESENTATION_STYLE_ASSIGNMENT (( #8259 ) ) ;
#4890 = CARTESIAN_POINT ( 'NONE',  ( -0.1592304845412999825, -0.9499999999999999556, -1.000000000000000000 ) ) ;
#4891 = SURFACE_STYLE_USAGE ( .BOTH. , #5634 ) ;
#4892 = PRESENTATION_STYLE_ASSIGNMENT (( #919 ) ) ;
#4893 = VECTOR ( 'NONE', #7644, 1000.000000000000000 ) ;
#4894 = UNCERTAINTY_MEASURE_WITH_UNIT (LENGTH_MEASURE( 1.000000000000000082E-05 ), #360, 'distance_accuracy_value', 'NONE');
#4895 = ORIENTED_EDGE ( 'NONE', *, *, #428, .F. ) ;
#4896 = VECTOR ( 'NONE', #2510, 1000.000000000000000 ) ;
#4897 = CARTESIAN_POINT ( 'NONE',  ( -3.810000000000000053, -1.250000000000000000, 0.000000000000000000 ) ) ;
#4898 =( NAMED_UNIT ( * ) PLANE_ANGLE_UNIT ( ) SI_UNIT ( $, .RADIAN. ) );
#4899 = CARTESIAN_POINT ( 'NONE',  ( -0.3649999999999998801, 0.2650000000000000133, -1.609045455704950278 ) ) ;
#4900 = ORIENTED_EDGE ( 'NONE', *, *, #6213, .F. ) ;
#4901 = PRESENTATION_STYLE_ASSIGNMENT (( #4035 ) ) ;
#4902 = VERTEX_POINT ( 'NONE', #4962 ) ;
#4903 = CARTESIAN_POINT ( 'NONE',  ( -3.810000000000000053, -0.9499999999999999556, -1.800000000000000044 ) ) ;
#4904 = MECHANICAL_DESIGN_GEOMETRIC_PRESENTATION_REPRESENTATION (  '', ( #2527 ), #1117 ) ;
#4905 = CARTESIAN_POINT ( 'NONE',  ( 2.655000000000000249, -0.1650000000000000633, -6.000000000000000000 ) ) ;
#4906 = EDGE_CURVE ( 'NONE', #5911, #1512, #1618, .T. ) ;
#4907 = EDGE_CURVE ( 'NONE', #1645, #253, #2979, .T. ) ;
#4908 = LINE ( 'NONE', #182, #5472 ) ;
#4909 = FACE_OUTER_BOUND ( 'NONE', #5094, .T. ) ;
#4910 = COLOUR_RGB ( '',0.8509803921568627194, 0.8509803921568627194, 0.8509803921568627194 ) ;
#4911 = ORIENTED_EDGE ( 'NONE', *, *, #257, .T. ) ;
#4912 =( GEOMETRIC_REPRESENTATION_CONTEXT ( 3 ) GLOBAL_UNCERTAINTY_ASSIGNED_CONTEXT ( ( #2347 ) ) GLOBAL_UNIT_ASSIGNED_CONTEXT ( ( #2913, #7625, #6946 ) ) REPRESENTATION_CONTEXT ( 'NONE', 'WORKASPACE' ) );
#4913 = COLOUR_RGB ( '',0.9686274509803921573, 0.8784313725490195957, 0.5999999999999999778 ) ;
#4914 = CARTESIAN_POINT ( 'NONE',  ( -2.325000000000000178, -0.3150000000000000022, -1.609045455704950278 ) ) ;
#4915 =( GEOMETRIC_REPRESENTATION_CONTEXT ( 3 ) GLOBAL_UNCERTAINTY_ASSIGNED_CONTEXT ( ( #1801 ) ) GLOBAL_UNIT_ASSIGNED_CONTEXT ( ( #1047, #2466, #1812 ) ) REPRESENTATION_CONTEXT ( 'NONE', 'WORKASPACE' ) );
#4916 = STYLED_ITEM ( 'NONE', ( #3011 ), #7967 ) ;
#4917 = SURFACE_SIDE_STYLE ('',( #3967 ) ) ;
#4918 = EDGE_CURVE ( 'NONE', #5265, #8486, #5689, .T. ) ;
#4919 = ADVANCED_FACE ( 'NONE', ( #988 ), #2313, .T. ) ;
#4920 = CARTESIAN_POINT ( 'NONE',  ( -2.905000000000000249, 0.2650000000000000133, -5.440192378864675327 ) ) ;
#4922 =( LENGTH_UNIT ( ) NAMED_UNIT ( * ) SI_UNIT ( .MILLI., .METRE. ) );
#4921 = PRESENTATION_LAYER_ASSIGNMENT (  '', '', ( #262 ) ) ;
#4923 = CARTESIAN_POINT ( 'NONE',  ( -2.274999999999999911, -0.3150000000000000022, -1.609045455704950278 ) ) ;
#4924 = DIRECTION ( 'NONE',  ( 0.000000000000000000, 0.000000000000000000, -1.000000000000000000 ) ) ;
#4925 = DIRECTION ( 'NONE',  ( 0.000000000000000000, 1.000000000000000000, 0.000000000000000000 ) ) ;
#4926 =( GEOMETRIC_REPRESENTATION_CONTEXT ( 3 ) GLOBAL_UNCERTAINTY_ASSIGNED_CONTEXT ( ( #7153 ) ) GLOBAL_UNIT_ASSIGNED_CONTEXT ( ( #2714, #2095, #4115 ) ) REPRESENTATION_CONTEXT ( 'NONE', 'WORKASPACE' ) );
#4927 = PLANE ( 'NONE',  #3491 ) ;
#4928 = SURFACE_STYLE_FILL_AREA ( #8294 ) ;
#4929 = MECHANICAL_DESIGN_GEOMETRIC_PRESENTATION_REPRESENTATION (  '', ( #421 ), #1293 ) ;
#4930 = PRESENTATION_STYLE_ASSIGNMENT (( #826 ) ) ;
#4931 = AXIS2_PLACEMENT_3D ( 'NONE', #1529, #6717, #4167 ) ;
#4932 = SURFACE_SIDE_STYLE ('',( #201 ) ) ;
#4933 = EDGE_CURVE ( 'NONE', #4201, #8575, #3108, .T. ) ;
#4934 = LINE ( 'NONE', #7621, #1783 ) ;
#4935 = ORIENTED_EDGE ( 'NONE', *, *, #3961, .F. ) ;
#4936 = FACE_OUTER_BOUND ( 'NONE', #2338, .T. ) ;
#4937 = CYLINDRICAL_SURFACE ( 'NONE', #6030, 0.05000000000000012768 ) ;
#4938 = FACE_OUTER_BOUND ( 'NONE', #3686, .T. ) ;
#4939 = UNCERTAINTY_MEASURE_WITH_UNIT (LENGTH_MEASURE( 1.000000000000000082E-05 ), #7418, 'distance_accuracy_value', 'NONE');
#4940 = AXIS2_PLACEMENT_3D ( 'NONE', #4946, #752, #6126 ) ;
#4941 =( LENGTH_UNIT ( ) NAMED_UNIT ( * ) SI_UNIT ( .MILLI., .METRE. ) );
#4942 = ORIENTED_EDGE ( 'NONE', *, *, #268, .F. ) ;
#4943 = CYLINDRICAL_SURFACE ( 'NONE', #5043, 0.05000000000000012768 ) ;
#4944 = AXIS2_PLACEMENT_3D ( 'NONE', #4231, #866, #8253 ) ;
#4945 = CARTESIAN_POINT ( 'NONE',  ( -0.3200000000000000067, -1.550000000000000044, -1.000000000000000000 ) ) ;
#4946 = CARTESIAN_POINT ( 'NONE',  ( 2.175000000000000266, 0.3150000000000000022, -0.8909545442950493888 ) ) ;
#4947 = ORIENTED_EDGE ( 'NONE', *, *, #3082, .T. ) ;
#4948 = COLOUR_RGB ( '',0.5607843137254902022, 0.6470588235294117974, 0.6352941176470587870 ) ;
#4949 =( NAMED_UNIT ( * ) SI_UNIT ( $, .STERADIAN. ) SOLID_ANGLE_UNIT ( ) );
#4950 = EDGE_LOOP ( 'NONE', ( #4360, #7091, #2013, #1713 ) ) ;
#4951 = ORIENTED_EDGE ( 'NONE', *, *, #8097, .T. ) ;
#4952 = PLANE ( 'NONE',  #2278 ) ;
#4953 = AXIS2_PLACEMENT_3D ( 'NONE', #4282, #3594, #7117 ) ;
#4954 = FILL_AREA_STYLE_COLOUR ( '', #8021 ) ;
#4955 = SURFACE_STYLE_FILL_AREA ( #8199 ) ;
#4956 = ORIENTED_EDGE ( 'NONE', *, *, #6549, .F. ) ;
#4957 =( GEOMETRIC_REPRESENTATION_CONTEXT ( 3 ) GLOBAL_UNCERTAINTY_ASSIGNED_CONTEXT ( ( #1138 ) ) GLOBAL_UNIT_ASSIGNED_CONTEXT ( ( #6286, #1019, #7713 ) ) REPRESENTATION_CONTEXT ( 'NONE', 'WORKASPACE' ) );
#4958 = EDGE_CURVE ( 'NONE', #5944, #5716, #5786, .T. ) ;
#4959 = VERTEX_POINT ( 'NONE', #7736 ) ;
#4960 = MECHANICAL_DESIGN_GEOMETRIC_PRESENTATION_REPRESENTATION (  '', ( #7932 ), #7212 ) ;
#4961 = CARTESIAN_POINT ( 'NONE',  ( 2.790355339059327200, -0.3003553390593272643, 6.194846997554884105 ) ) ;
#4962 = CARTESIAN_POINT ( 'NONE',  ( -0.8649999999999999911, -2.399999999999999911, -1.399999999999999911 ) ) ;
#4963 = ORIENTED_EDGE ( 'NONE', *, *, #5558, .T. ) ;
#4964 = ORIENTED_EDGE ( 'NONE', *, *, #1643, .F. ) ;
#4965 = UNCERTAINTY_MEASURE_WITH_UNIT (LENGTH_MEASURE( 1.000000000000000082E-05 ), #710, 'distance_accuracy_value', 'NONE');
#4966 = SURFACE_SIDE_STYLE ('',( #1037 ) ) ;
#4967 = EDGE_CURVE ( 'NONE', #5386, #3091, #2405, .T. ) ;
#4968 = COLOUR_RGB ( '',0.5607843137254902022, 0.6470588235294117974, 0.6352941176470587870 ) ;
#4969 = FILL_AREA_STYLE ('',( #1220 ) ) ;
#4970 = VERTEX_POINT ( 'NONE', #7058 ) ;
#4971 = FILL_AREA_STYLE_COLOUR ( '', #1919 ) ;
#4972 = DIRECTION ( 'NONE',  ( -0.7071067811865474617, 0.7071067811865474617, 0.000000000000000000 ) ) ;
#4973 = DIRECTION ( 'NONE',  ( 1.000000000000000000, 0.000000000000000000, 0.000000000000000000 ) ) ;
#4974 = CARTESIAN_POINT ( 'NONE',  ( 1.219999999999999973, 0.8999999999999999112, -2.449999999999998401 ) ) ;
#4975 = LINE ( 'NONE', #3623, #8184 ) ;
#4976 =( NAMED_UNIT ( * ) SI_UNIT ( $, .STERADIAN. ) SOLID_ANGLE_UNIT ( ) );
#4977 = EDGE_CURVE ( 'NONE', #2099, #7102, #3710, .T. ) ;
#4978 = ADVANCED_FACE ( 'NONE', ( #2452 ), #7603, .T. ) ;
#4979 = CARTESIAN_POINT ( 'NONE',  ( -2.890355339059327733, -0.3003553390593273753, -5.494846997554884815 ) ) ;
#4980 = SURFACE_STYLE_USAGE ( .BOTH. , #3781 ) ;
#4981 =( NAMED_UNIT ( * ) SI_UNIT ( $, .STERADIAN. ) SOLID_ANGLE_UNIT ( ) );
#4982 = ORIENTED_EDGE ( 'NONE', *, *, #3646, .T. ) ;
#4983 = FILL_AREA_STYLE_COLOUR ( '', #6239 ) ;
#4984 = CARTESIAN_POINT ( 'NONE',  ( -2.274999999999999911, -0.2650000000000000133, -5.440192378864675327 ) ) ;
#4985 = PRESENTATION_STYLE_ASSIGNMENT (( #4891 ) ) ;
#4986 = CARTESIAN_POINT ( 'NONE',  ( 1.169999999999999929, -0.8499999999999994227, -0.4000000000000014655 ) ) ;
#4987 = EDGE_LOOP ( 'NONE', ( #6738, #1553, #1915, #601, #932 ) ) ;
#4988 = CARTESIAN_POINT ( 'NONE',  ( 3.709999999999999964, 0.9499999999999999556, -0.9899999999999999911 ) ) ;
#4989 = EDGE_CURVE ( 'NONE', #2501, #6769, #3813, .T. ) ;
#4990 = CARTESIAN_POINT ( 'NONE',  ( -2.272754328285393921, 0.3172456717146062144, -5.431811417928645191 ) ) ;
#4991 = VECTOR ( 'NONE', #5851, 1000.000000000000114 ) ;
#4992 = PRESENTATION_LAYER_ASSIGNMENT (  '', '', ( #181 ) ) ;
#4993 = LINE ( 'NONE', #2841, #5917 ) ;
#4994 = ORIENTED_EDGE ( 'NONE', *, *, #6644, .F. ) ;
#4995 = LINE ( 'NONE', #8319, #8728 ) ;
#4996 = VERTEX_POINT ( 'NONE', #8558 ) ;
#4997 = PRESENTATION_LAYER_ASSIGNMENT (  '', '', ( #2749 ) ) ;
#4998 = VECTOR ( 'NONE', #2562, 1000.000000000000114 ) ;
#4999 = ORIENTED_EDGE ( 'NONE', *, *, #7899, .T. ) ;
#5000 = CARTESIAN_POINT ( 'NONE',  ( 1.270000000000000462, 0.9500000000000011768, -2.499999999999998668 ) ) ;
#5001 = VECTOR ( 'NONE', #3135, 1000.000000000000000 ) ;
#5002 = DIRECTION ( 'NONE',  ( 1.000000000000000000, 0.000000000000000000, 0.000000000000000000 ) ) ;
#5003 = VECTOR ( 'NONE', #2038, 1000.000000000000114 ) ;
#5004 = PRESENTATION_STYLE_ASSIGNMENT (( #4336 ) ) ;
#5005 =( NAMED_UNIT ( * ) PLANE_ANGLE_UNIT ( ) SI_UNIT ( $, .RADIAN. ) );
#5006 = ORIENTED_EDGE ( 'NONE', *, *, #1753, .T. ) ;
#5007 = FILL_AREA_STYLE ('',( #2277 ) ) ;
#5008 =( NAMED_UNIT ( * ) SI_UNIT ( $, .STERADIAN. ) SOLID_ANGLE_UNIT ( ) );
#5009 = ORIENTED_EDGE ( 'NONE', *, *, #2577, .T. ) ;
#5010 = SURFACE_STYLE_USAGE ( .BOTH. , #424 ) ;
#5011 =( LENGTH_UNIT ( ) NAMED_UNIT ( * ) SI_UNIT ( .MILLI., .METRE. ) );
#5012 = PLANE ( 'NONE',  #6813 ) ;
#5013 = PRESENTATION_STYLE_ASSIGNMENT (( #5891 ) ) ;
#5014 = LINE ( 'NONE', #8218, #4881 ) ;
#5015 = FILL_AREA_STYLE_COLOUR ( '', #6587 ) ;
#5016 = ORIENTED_EDGE ( 'NONE', *, *, #4308, .F. ) ;
#5017 = EDGE_CURVE ( 'NONE', #2886, #8504, #3993, .T. ) ;
#5018 = EDGE_CURVE ( 'NONE', #2243, #5323, #6005, .T. ) ;
#5019 = CARTESIAN_POINT ( 'NONE',  ( 0.1150000000000000883, 0.000000000000000000, 6.700000000000000178 ) ) ;
#5020 = SURFACE_STYLE_FILL_AREA ( #2378 ) ;
#5021 = SURFACE_STYLE_FILL_AREA ( #1160 ) ;
#5022 = EDGE_LOOP ( 'NONE', ( #4695, #2477, #2391, #8711 ) ) ;
#5023 = ORIENTED_EDGE ( 'NONE', *, *, #6941, .F. ) ;
#5024 =( LENGTH_UNIT ( ) NAMED_UNIT ( * ) SI_UNIT ( .MILLI., .METRE. ) );
#5025 = SURFACE_STYLE_FILL_AREA ( #4278 ) ;
#5026 = MECHANICAL_DESIGN_GEOMETRIC_PRESENTATION_REPRESENTATION (  '', ( #6975 ), #2498 ) ;
#5027 = FACE_BOUND ( 'NONE', #3423, .T. ) ;
#5028 = EDGE_LOOP ( 'NONE', ( #2721, #2321, #5953, #3087, #8018, #842 ) ) ;
#5029 = CARTESIAN_POINT ( 'NONE',  ( -2.880853199169871814, -0.3098574789487829606, -5.459384528706810791 ) ) ;
#5030 = ADVANCED_FACE ( 'NONE', ( #1900 ), #5922, .T. ) ;
#5031 = CARTESIAN_POINT ( 'NONE',  ( -0.3149999999999998357, -0.2650000000000000133, -2.500000000000000000 ) ) ;
#5032 = ORIENTED_EDGE ( 'NONE', *, *, #6579, .T. ) ;
#5033 = MECHANICAL_DESIGN_GEOMETRIC_PRESENTATION_REPRESENTATION (  '', ( #5446 ), #1959 ) ;
#5034 = ORIENTED_EDGE ( 'NONE', *, *, #1534, .T. ) ;
#5035 =( NAMED_UNIT ( * ) SI_UNIT ( $, .STERADIAN. ) SOLID_ANGLE_UNIT ( ) );
#5036 =( GEOMETRIC_REPRESENTATION_CONTEXT ( 3 ) GLOBAL_UNCERTAINTY_ASSIGNED_CONTEXT ( ( #6104 ) ) GLOBAL_UNIT_ASSIGNED_CONTEXT ( ( #5251, #1871, #5941 ) ) REPRESENTATION_CONTEXT ( 'NONE', 'WORKASPACE' ) );
#5037 =( GEOMETRIC_REPRESENTATION_CONTEXT ( 3 ) GLOBAL_UNCERTAINTY_ASSIGNED_CONTEXT ( ( #8723 ) ) GLOBAL_UNIT_ASSIGNED_CONTEXT ( ( #848, #3523, #3478 ) ) REPRESENTATION_CONTEXT ( 'NONE', 'WORKASPACE' ) );
#5038 = EDGE_CURVE ( 'NONE', #3926, #476, #7345, .T. ) ;
#5039 = VECTOR ( 'NONE', #5177, 1000.000000000000000 ) ;
#5040 = SURFACE_STYLE_FILL_AREA ( #1751 ) ;
#5041 = DIRECTION ( 'NONE',  ( -0.000000000000000000, -1.000000000000000000, -0.000000000000000000 ) ) ;
#5042 = CARTESIAN_POINT ( 'NONE',  ( -1.863333333333335950, 2.183333333333336679, 0.6333333333333477366 ) ) ;
#5043 = AXIS2_PLACEMENT_3D ( 'NONE', #7627, #1641, #6214 ) ;
#5044 = AXIS2_PLACEMENT_3D ( 'NONE', #3250, #7901, #8659 ) ;
#5045 = LINE ( 'NONE', #7063, #4182 ) ;
#5046 = AXIS2_PLACEMENT_3D ( 'NONE', #4273, #6943, #8180 ) ;
#5047 = CARTESIAN_POINT ( 'NONE',  ( -2.325000000000000178, 0.3150000000000000022, -2.500000000000000000 ) ) ;
#5048 = ORIENTED_EDGE ( 'NONE', *, *, #2132, .F. ) ;
#5049 = STYLED_ITEM ( 'NONE', ( #7931 ), #7731 ) ;
#5050 = ORIENTED_EDGE ( 'NONE', *, *, #2719, .F. ) ;
#5051 = CARTESIAN_POINT ( 'NONE',  ( 2.189644660940672782, -0.3003553390593271533, 6.194846997554884105 ) ) ;
#5052 = SURFACE_SIDE_STYLE ('',( #7797 ) ) ;
#5053 = COLOUR_RGB ( '',0.5607843137254902022, 0.6470588235294117974, 0.6352941176470587870 ) ;
#5054 = UNCERTAINTY_MEASURE_WITH_UNIT (LENGTH_MEASURE( 1.000000000000000082E-05 ), #6121, 'distance_accuracy_value', 'NONE');
#5055 = AXIS2_PLACEMENT_3D ( 'NONE', #5296, #1874, #614 ) ;
#5056 = COLOUR_RGB ( '',0.5607843137254902022, 0.6470588235294117974, 0.6352941176470587870 ) ;
#5057 = CARTESIAN_POINT ( 'NONE',  ( -1.096666666666669343, 3.216666666666669006, 1.966666666666676555 ) ) ;
#5058 = COLOUR_RGB ( '',0.5607843137254902022, 0.6470588235294117974, 0.6352941176470587870 ) ;
#5059 = VECTOR ( 'NONE', #2187, 1000.000000000000000 ) ;
#5060 = SURFACE_STYLE_USAGE ( .BOTH. , #1819 ) ;
#5061 = ORIENTED_EDGE ( 'NONE', *, *, #1584, .T. ) ;
#5062 =( GEOMETRIC_REPRESENTATION_CONTEXT ( 3 ) GLOBAL_UNCERTAINTY_ASSIGNED_CONTEXT ( ( #3021 ) ) GLOBAL_UNIT_ASSIGNED_CONTEXT ( ( #2419, #429, #477 ) ) REPRESENTATION_CONTEXT ( 'NONE', 'WORKASPACE' ) );
#5063 = COLOUR_RGB ( '',0.9686274509803921573, 0.8784313725490195957, 0.5999999999999999778 ) ;
#5064 = CARTESIAN_POINT ( 'NONE',  ( 0.2150000000000000522, -0.3150000000000000022, -5.440192378864675327 ) ) ;
#5065 = FILL_AREA_STYLE ('',( #2376 ) ) ;
#5066 =( LENGTH_UNIT ( ) NAMED_UNIT ( * ) SI_UNIT ( .MILLI., .METRE. ) );
#5067 = SURFACE_SIDE_STYLE ('',( #8535 ) ) ;
#5068 = ORIENTED_EDGE ( 'NONE', *, *, #5506, .T. ) ;
#5069 = ORIENTED_EDGE ( 'NONE', *, *, #4778, .T. ) ;
#5070 = COLOUR_RGB ( '',0.9686274509803921573, 0.8784313725490195957, 0.5999999999999999778 ) ;
#5071 = DIRECTION ( 'NONE',  ( -1.000000000000000000, 0.000000000000000000, 0.000000000000000000 ) ) ;
#5072 = PLANE ( 'NONE',  #6352 ) ;
#5073 = EDGE_CURVE ( 'NONE', #3805, #1940, #6305, .T. ) ;
#5074 = ORIENTED_EDGE ( 'NONE', *, *, #3592, .F. ) ;
#5075 = PRODUCT_DEFINITION_SHAPE ( 'NONE', 'NONE',  #3655 ) ;
#5076 = AXIS2_PLACEMENT_3D ( 'NONE', #32, #2124, #3979 ) ;
#5077 = ORIENTED_EDGE ( 'NONE', *, *, #3185, .T. ) ;
#5078 = CARTESIAN_POINT ( 'NONE',  ( -0.3649999999999998801, -0.2650000000000000133, -2.500000000000000000 ) ) ;
#5079 = CARTESIAN_POINT ( 'NONE',  ( -2.325000000000000178, 0.2650000000000000133, -0.8909545442950493888 ) ) ;
#5080 = DIRECTION ( 'NONE',  ( 0.000000000000000000, 0.000000000000000000, 1.000000000000000000 ) ) ;
#5081 = VERTEX_POINT ( 'NONE', #5827 ) ;
#5082 = COLOUR_RGB ( '',0.5607843137254902022, 0.6470588235294117974, 0.6352941176470587870 ) ;
#5083 = VERTEX_POINT ( 'NONE', #7290 ) ;
#5084 = STYLED_ITEM ( 'NONE', ( #4597 ), #6204 ) ;
#5085 = SURFACE_STYLE_FILL_AREA ( #4256 ) ;
#5086 = EDGE_CURVE ( 'NONE', #7371, #5282, #5873, .T. ) ;
#5087 = EDGE_CURVE ( 'NONE', #1974, #2495, #6629, .T. ) ;
#5088 = PLANE ( 'NONE',  #6612 ) ;
#5089 = FILL_AREA_STYLE_COLOUR ( '', #5082 ) ;
#5090 = VERTEX_POINT ( 'NONE', #963 ) ;
#5091 = PRESENTATION_LAYER_ASSIGNMENT (  '', '', ( #5783 ) ) ;
#5092 = DIRECTION ( 'NONE',  ( -0.000000000000000000, -0.000000000000000000, -1.000000000000000000 ) ) ;
#5093 = ORIENTED_EDGE ( 'NONE', *, *, #5365, .T. ) ;
#5094 = EDGE_LOOP ( 'NONE', ( #4200, #8559, #7889, #5206 ) ) ;
#5095 = EDGE_CURVE ( 'NONE', #4857, #8698, #1602, .T. ) ;
#5096 = PRESENTATION_LAYER_ASSIGNMENT (  '', '', ( #733 ) ) ;
#5097 = CARTESIAN_POINT ( 'NONE',  ( -1.370000000000000107, -0.8499999999999994227, -0.4000000000000014655 ) ) ;
#5098 = CARTESIAN_POINT ( 'NONE',  ( -0.3649999999999998801, 0.2650000000000000133, 0.000000000000000000 ) ) ;
#5099 = ORIENTED_EDGE ( 'NONE', *, *, #8169, .F. ) ;
#5100 = CARTESIAN_POINT ( 'NONE',  ( 2.175000000000000266, -0.3150000000000000022, 0.000000000000000000 ) ) ;
#5101 = FACE_OUTER_BOUND ( 'NONE', #3258, .T. ) ;
#5102 = DIRECTION ( 'NONE',  ( 0.000000000000000000, 0.000000000000000000, 1.000000000000000000 ) ) ;
#5103 = PRESENTATION_LAYER_ASSIGNMENT (  '', '', ( #8510 ) ) ;
#5104 = LINE ( 'NONE', #3726, #8200 ) ;
#5105 = CARTESIAN_POINT ( 'NONE',  ( 3.810000000000000053, 1.250000000000000000, -0.9899999999999999911 ) ) ;
#5106 = CARTESIAN_POINT ( 'NONE',  ( -2.272754328285393921, -0.3172456717146062144, -5.431811417928645191 ) ) ;
#5107 = DIRECTION ( 'NONE',  ( 0.2588190451024934280, 0.9659258262890755287, 0.000000000000000000 ) ) ;
#5108 = DIRECTION ( 'NONE',  ( -0.000000000000000000, -1.000000000000000000, -0.000000000000000000 ) ) ;
#5109 = ORIENTED_EDGE ( 'NONE', *, *, #4933, .F. ) ;
#5110 = SURFACE_STYLE_FILL_AREA ( #3166 ) ;
#5111 = CARTESIAN_POINT ( 'NONE',  ( 3.810000000000000053, -1.250000000000000000, 0.000000000000000000 ) ) ;
#5112 = SURFACE_STYLE_FILL_AREA ( #380 ) ;
#5113 = EDGE_LOOP ( 'NONE', ( #1916, #1197, #8405, #6566 ) ) ;
#5114 = ORIENTED_EDGE ( 'NONE', *, *, #6475, .T. ) ;
#5115 = CARTESIAN_POINT ( 'NONE',  ( 0.000000000000000000, -1.249999999999999556, -1.000000000000000000 ) ) ;
#5116 = DIRECTION ( 'NONE',  ( 0.7071067811865475727, 0.7071067811865475727, -0.000000000000000000 ) ) ;
#5117 = ADVANCED_FACE ( 'NONE', ( #875, #3639 ), #6051, .F. ) ;
#5118 = VERTEX_POINT ( 'NONE', #8142 ) ;
#5119 =( BOUNDED_CURVE ( )  B_SPLINE_CURVE ( 3, ( #1509, #7584, #207, #4189 ),
 .UNSPECIFIED., .F., .F. ) 
 B_SPLINE_CURVE_WITH_KNOTS ( ( 4, 4 ),
 ( 3.141592653589793116, 3.926990816987240951 ),
 .UNSPECIFIED. ) 
 CURVE ( )  GEOMETRIC_REPRESENTATION_ITEM ( )  RATIONAL_B_SPLINE_CURVE ( ( 1.000000000000000000, 0.9492530216741912330, 0.9492530216741912330, 1.000000000000000000 ) ) 
 REPRESENTATION_ITEM ( '' )  );
#5120 = FILL_AREA_STYLE_COLOUR ( '', #498 ) ;
#5121 = ORIENTED_EDGE ( 'NONE', *, *, #2569, .T. ) ;
#5122 = CARTESIAN_POINT ( 'NONE',  ( -2.744641016151377677, 0.1546410161513773474, -6.038660254037845121 ) ) ;
#5123 = PRESENTATION_STYLE_ASSIGNMENT (( #3747 ) ) ;
#5124 =( LENGTH_UNIT ( ) NAMED_UNIT ( * ) SI_UNIT ( .MILLI., .METRE. ) );
#5125 = ORIENTED_EDGE ( 'NONE', *, *, #5548, .T. ) ;
#5126 = VERTEX_POINT ( 'NONE', #8069 ) ;
#5127 = COLOUR_RGB ( '',0.8509803921568627194, 0.8509803921568627194, 0.8509803921568627194 ) ;
#5128 = COLOUR_RGB ( '',0.8509803921568627194, 0.8509803921568627194, 0.8509803921568627194 ) ;
#5129 = SURFACE_STYLE_USAGE ( .BOTH. , #542 ) ;
#5130 =( NAMED_UNIT ( * ) SI_UNIT ( $, .STERADIAN. ) SOLID_ANGLE_UNIT ( ) );
#5131 = SURFACE_STYLE_USAGE ( .BOTH. , #7145 ) ;
#5132 = EDGE_LOOP ( 'NONE', ( #7126, #7866, #794, #5678 ) ) ;
#5133 = FACE_OUTER_BOUND ( 'NONE', #2173, .T. ) ;
#5134 = MECHANICAL_DESIGN_GEOMETRIC_PRESENTATION_REPRESENTATION (  '', ( #3876 ), #897 ) ;
#5135 = ORIENTED_EDGE ( 'NONE', *, *, #7828, .T. ) ;
#5136 = EDGE_CURVE ( 'NONE', #2746, #4330, #1558, .T. ) ;
#5137 = FILL_AREA_STYLE ('',( #3229 ) ) ;
#5138 = DIRECTION ( 'NONE',  ( -0.000000000000000000, 0.000000000000000000, 1.000000000000000000 ) ) ;
#5139 = EDGE_CURVE ( 'NONE', #5343, #2495, #2250, .T. ) ;
#5140 = EDGE_CURVE ( 'NONE', #3266, #5146, #2029, .T. ) ;
#5141 = ORIENTED_EDGE ( 'NONE', *, *, #1190, .T. ) ;
#5142 = ORIENTED_EDGE ( 'NONE', *, *, #4778, .F. ) ;
#5143 = AXIS2_PLACEMENT_3D ( 'NONE', #6035, #5858, #6656 ) ;
#5144 = AXIS2_PLACEMENT_3D ( 'NONE', #5188, #2551, #3192 ) ;
#5145 = SURFACE_STYLE_USAGE ( .BOTH. , #3189 ) ;
#5146 = VERTEX_POINT ( 'NONE', #4986 ) ;
#5147 = PRESENTATION_STYLE_ASSIGNMENT (( #5010 ) ) ;
#5148 = EDGE_CURVE ( 'NONE', #2307, #5343, #3361, .T. ) ;
#5149 = CARTESIAN_POINT ( 'NONE',  ( -3.810000000000000053, -0.9499999999999999556, -1.000000000000000000 ) ) ;
#5150 = UNCERTAINTY_MEASURE_WITH_UNIT (LENGTH_MEASURE( 1.000000000000000082E-05 ), #774, 'distance_accuracy_value', 'NONE');
#5151 = ADVANCED_FACE ( 'NONE', ( #5635, #1639 ), #1357, .F. ) ;
#5152 = CARTESIAN_POINT ( 'NONE',  ( 2.805000000000000160, -0.3150000000000000022, 6.140192378864673728 ) ) ;
#5153 = SURFACE_SIDE_STYLE ('',( #2469 ) ) ;
#5154 = CYLINDRICAL_SURFACE ( 'NONE', #3396, 0.05000000000000012768 ) ;
#5155 = PRESENTATION_STYLE_ASSIGNMENT (( #2920 ) ) ;
#5156 = CARTESIAN_POINT ( 'NONE',  ( -1.670000000000000373, 1.250000000000000000, 0.000000000000000000 ) ) ;
#5157 = ORIENTED_EDGE ( 'NONE', *, *, #7069, .T. ) ;
#5158 = SURFACE_SIDE_STYLE ('',( #7300 ) ) ;
#5159 = DIRECTION ( 'NONE',  ( 0.000000000000000000, 1.000000000000000000, 0.000000000000000000 ) ) ;
#5160 = LINE ( 'NONE', #3839, #8540 ) ;
#5161 = ORIENTED_EDGE ( 'NONE', *, *, #1982, .T. ) ;
#5162 = ORIENTED_EDGE ( 'NONE', *, *, #3301, .F. ) ;
#5163 = PLANE ( 'NONE',  #4804 ) ;
#5164 = FILL_AREA_STYLE_COLOUR ( '', #6642 ) ;
#5165 = EDGE_LOOP ( 'NONE', ( #4538, #7908, #5919, #1979 ) ) ;
#5166 =( NAMED_UNIT ( * ) PLANE_ANGLE_UNIT ( ) SI_UNIT ( $, .RADIAN. ) );
#5167 = EDGE_LOOP ( 'NONE', ( #7236, #4249, #6998, #6691, #549, #4911 ) ) ;
#5168 = DIRECTION ( 'NONE',  ( 0.000000000000000000, 0.000000000000000000, 1.000000000000000000 ) ) ;
#5169 = FILL_AREA_STYLE ('',( #2486 ) ) ;
#5170 = FACE_OUTER_BOUND ( 'NONE', #4633, .T. ) ;
#5171 = ORIENTED_EDGE ( 'NONE', *, *, #2835, .T. ) ;
#5172 = VECTOR ( 'NONE', #3304, 1000.000000000000000 ) ;
#5173 = FACE_OUTER_BOUND ( 'NONE', #5739, .T. ) ;
#5174 = ORIENTED_EDGE ( 'NONE', *, *, #3407, .F. ) ;
#5175 = SURFACE_STYLE_USAGE ( .BOTH. , #8461 ) ;
#5176 = VECTOR ( 'NONE', #6315, 999.9999999999998863 ) ;
#5177 = DIRECTION ( 'NONE',  ( 0.000000000000000000, -1.000000000000000000, 0.000000000000000000 ) ) ;
#5178 = SURFACE_STYLE_FILL_AREA ( #2494 ) ;
#5179 = CARTESIAN_POINT ( 'NONE',  ( 0.2650000000000000688, -0.3150000000000000022, 6.140192378864673728 ) ) ;
#5180 = ORIENTED_EDGE ( 'NONE', *, *, #1710, .T. ) ;
#5181 = ORIENTED_EDGE ( 'NONE', *, *, #3299, .T. ) ;
#5182 = VECTOR ( 'NONE', #4078, 1000.000000000000000 ) ;
#5183 = VECTOR ( 'NONE', #7147, 1000.000000000000000 ) ;
#5184 = FILL_AREA_STYLE ('',( #1139 ) ) ;
#5185 = EDGE_CURVE ( 'NONE', #8665, #210, #5758, .T. ) ;
#5186 = STYLED_ITEM ( 'NONE', ( #3631 ), #3450 ) ;
#5187 = ORIENTED_EDGE ( 'NONE', *, *, #6785, .F. ) ;
#5188 = CARTESIAN_POINT ( 'NONE',  ( -2.325000000000000178, -0.2650000000000000133, 0.000000000000000000 ) ) ;
#5189 = AXIS2_PLACEMENT_3D ( 'NONE', #5079, #1690, #4376 ) ;
#5190 = CARTESIAN_POINT ( 'NONE',  ( -3.810000000000000053, -1.250000000000000000, -1.000000000000000000 ) ) ;
#5191 =( GEOMETRIC_REPRESENTATION_CONTEXT ( 3 ) GLOBAL_UNCERTAINTY_ASSIGNED_CONTEXT ( ( #4296 ) ) GLOBAL_UNIT_ASSIGNED_CONTEXT ( ( #7375, #1461, #2702 ) ) REPRESENTATION_CONTEXT ( 'NONE', 'WORKASPACE' ) );
#5192 = DIRECTION ( 'NONE',  ( 1.000000000000000000, 0.000000000000000000, 0.000000000000000000 ) ) ;
#5193 = AXIS2_PLACEMENT_3D ( 'NONE', #2923, #3599, #175 ) ;
#5194 = LINE ( 'NONE', #7897, #2273 ) ;
#5195 = ADVANCED_FACE ( 'NONE', ( #1103 ), #333, .F. ) ;
#5196 = EDGE_CURVE ( 'NONE', #1653, #7773, #8173, .T. ) ;
#5197 = FILL_AREA_STYLE_COLOUR ( '', #3477 ) ;
#5198 =( LENGTH_UNIT ( ) NAMED_UNIT ( * ) SI_UNIT ( .MILLI., .METRE. ) );
#5200 = FACE_OUTER_BOUND ( 'NONE', #3440, .T. ) ;
#5199 = VECTOR ( 'NONE', #6507, 1000.000000000000000 ) ;
#5201 = VERTEX_POINT ( 'NONE', #3734 ) ;
#5202 = VECTOR ( 'NONE', #2784, 1000.000000000000000 ) ;
#5203 = LINE ( 'NONE', #7759, #1340 ) ;
#5204 = DIRECTION ( 'NONE',  ( 0.000000000000000000, 0.000000000000000000, 1.000000000000000000 ) ) ;
#5205 =( NAMED_UNIT ( * ) PLANE_ANGLE_UNIT ( ) SI_UNIT ( $, .RADIAN. ) );
#5206 = ORIENTED_EDGE ( 'NONE', *, *, #8764, .T. ) ;
#5207 = ORIENTED_EDGE ( 'NONE', *, *, #6526, .T. ) ;
#5208 = PRESENTATION_LAYER_ASSIGNMENT (  '', '', ( #6183 ) ) ;
#5209 =( NAMED_UNIT ( * ) SI_UNIT ( $, .STERADIAN. ) SOLID_ANGLE_UNIT ( ) );
#5210 = COLOUR_RGB ( '',0.8509803921568627194, 0.8509803921568627194, 0.8509803921568627194 ) ;
#5211 = DIRECTION ( 'NONE',  ( -0.000000000000000000, -0.000000000000000000, -1.000000000000000000 ) ) ;
#5212 = ORIENTED_EDGE ( 'NONE', *, *, #1336, .T. ) ;
#5213 = MECHANICAL_DESIGN_GEOMETRIC_PRESENTATION_REPRESENTATION (  '', ( #259 ), #1693 ) ;
#5214 = AXIS2_PLACEMENT_3D ( 'NONE', #8055, #2707, #2620 ) ;
#5215 = DIRECTION ( 'NONE',  ( 1.000000000000000000, 0.000000000000000000, 0.000000000000000000 ) ) ;
#5216 =( NAMED_UNIT ( * ) SI_UNIT ( $, .STERADIAN. ) SOLID_ANGLE_UNIT ( ) );
#5217 = ORIENTED_EDGE ( 'NONE', *, *, #2656, .F. ) ;
#5218 = FACE_OUTER_BOUND ( 'NONE', #6687, .T. ) ;
#5219 = CARTESIAN_POINT ( 'NONE',  ( 2.211561944896765830, -0.3150000000000000022, -5.440192378864675327 ) ) ;
#5220 = SURFACE_STYLE_FILL_AREA ( #3854 ) ;
#5221 = AXIS2_PLACEMENT_3D ( 'NONE', #4307, #6974, #3679 ) ;
#5222 = ORIENTED_EDGE ( 'NONE', *, *, #3097, .T. ) ;
#5223 = ORIENTED_EDGE ( 'NONE', *, *, #7658, .F. ) ;
#5224 = CARTESIAN_POINT ( 'NONE',  ( 2.790355339059327644, 0.3003553390593273198, 6.194846997554884105 ) ) ;
#5225 = ORIENTED_EDGE ( 'NONE', *, *, #7508, .T. ) ;
#5226 = STYLED_ITEM ( 'NONE', ( #8367 ), #723 ) ;
#5227 = PLANE ( 'NONE',  #7868 ) ;
#5228 = CARTESIAN_POINT ( 'NONE',  ( 1.220000000000000195, -0.8999999999999993561, -0.3500000000000004774 ) ) ;
#5229 = LINE ( 'NONE', #7249, #4841 ) ;
#5230 = PRESENTATION_STYLE_ASSIGNMENT (( #3186 ) ) ;
#5231 = ORIENTED_EDGE ( 'NONE', *, *, #1890, .F. ) ;
#5232 = ORIENTED_EDGE ( 'NONE', *, *, #5139, .T. ) ;
#5233 = UNCERTAINTY_MEASURE_WITH_UNIT (LENGTH_MEASURE( 1.000000000000000082E-05 ), #7493, 'distance_accuracy_value', 'NONE');
#5234 =( BOUNDED_CURVE ( )  B_SPLINE_CURVE ( 3, ( #2691, #5896, #3881, #2601 ),
 .UNSPECIFIED., .F., .F. ) 
 B_SPLINE_CURVE_WITH_KNOTS ( ( 4, 4 ),
 ( 3.141592653589793116, 3.926990816987244504 ),
 .UNSPECIFIED. ) 
 CURVE ( )  GEOMETRIC_REPRESENTATION_ITEM ( )  RATIONAL_B_SPLINE_CURVE ( ( 1.000000000000000000, 0.9492530216741906779, 0.9492530216741906779, 1.000000000000000000 ) ) 
 REPRESENTATION_ITEM ( '' )  );
#5235 = CIRCLE ( 'NONE', #3658, 0.4550000000000000155 ) ;
#5236 = FACE_OUTER_BOUND ( 'NONE', #4846, .T. ) ;
#5237 = MANIFOLD_SOLID_BREP ( 'ÕóÁÐ(ÏßÐÔ)2', #6498 ) ;
#5238 = ADVANCED_FACE ( 'NONE', ( #4569 ), #1824, .T. ) ;
#5239 = STYLED_ITEM ( 'NONE', ( #1613 ), #6262 ) ;
#5240 = VERTEX_POINT ( 'NONE', #6026 ) ;
#5241 = CARTESIAN_POINT ( 'NONE',  ( 2.805000000000000160, -0.2650000000000000133, -5.440192378864675327 ) ) ;
#5242 = DIRECTION ( 'NONE',  ( -0.000000000000000000, 0.000000000000000000, 1.000000000000000000 ) ) ;
#5243 = ORIENTED_EDGE ( 'NONE', *, *, #7509, .F. ) ;
#5244 = UNCERTAINTY_MEASURE_WITH_UNIT (LENGTH_MEASURE( 1.000000000000000082E-05 ), #5615, 'distance_accuracy_value', 'NONE');
#5245 = ADVANCED_FACE ( 'NONE', ( #7269, #6731 ), #5985, .F. ) ;
#5246 = DIRECTION ( 'NONE',  ( -0.000000000000000000, -0.000000000000000000, -1.000000000000000000 ) ) ;
#5247 = DIRECTION ( 'NONE',  ( -0.7071067811865463515, 0.000000000000000000, 0.7071067811865487940 ) ) ;
#5248 = FILL_AREA_STYLE ('',( #5197 ) ) ;
#5249 = PRESENTATION_STYLE_ASSIGNMENT (( #8620 ) ) ;
#5250 = PRESENTATION_LAYER_ASSIGNMENT (  '', '', ( #460 ) ) ;
#5251 =( LENGTH_UNIT ( ) NAMED_UNIT ( * ) SI_UNIT ( .MILLI., .METRE. ) );
#5252 = ORIENTED_EDGE ( 'NONE', *, *, #5256, .T. ) ;
#5253 = CARTESIAN_POINT ( 'NONE',  ( 1.570000000000000062, -1.249999999999999556, 6.699999999999999289 ) ) ;
#5254 = CYLINDRICAL_SURFACE ( 'NONE', #7243, 0.05000000000000002359 ) ;
#5255 = DIRECTION ( 'NONE',  ( 0.000000000000000000, 0.000000000000000000, -1.000000000000000000 ) ) ;
#5256 = EDGE_CURVE ( 'NONE', #5083, #4335, #8702, .T. ) ;
#5257 = ORIENTED_EDGE ( 'NONE', *, *, #386, .F. ) ;
#5258 = ADVANCED_FACE ( 'NONE', ( #7369 ), #7451, .F. ) ;
#5259 =( NAMED_UNIT ( * ) SI_UNIT ( $, .STERADIAN. ) SOLID_ANGLE_UNIT ( ) );
#5260 = CARTESIAN_POINT ( 'NONE',  ( 2.805000000000000160, -0.2650000000000000133, 0.000000000000000000 ) ) ;
#5261 = PLANE ( 'NONE',  #7144 ) ;
#5262 = ORIENTED_EDGE ( 'NONE', *, *, #5269, .F. ) ;
#5263 =( NAMED_UNIT ( * ) SI_UNIT ( $, .STERADIAN. ) SOLID_ANGLE_UNIT ( ) );
#5264 = LINE ( 'NONE', #5910, #6248 ) ;
#5265 = VERTEX_POINT ( 'NONE', #2564 ) ;
#5266 = DIRECTION ( 'NONE',  ( 0.000000000000000000, 1.000000000000000000, -0.000000000000000000 ) ) ;
#5267 = PRESENTATION_STYLE_ASSIGNMENT (( #1928 ) ) ;
#5268 = PLANE ( 'NONE',  #7005 ) ;
#5269 = EDGE_CURVE ( 'NONE', #8646, #4335, #3497, .T. ) ;
#5270 = PLANE ( 'NONE',  #144 ) ;
#5271 = ORIENTED_EDGE ( 'NONE', *, *, #3544, .T. ) ;
#5272 = CARTESIAN_POINT ( 'NONE',  ( -0.9699999999999999734, 1.250000000000000000, 6.699999999999999289 ) ) ;
#5273 = LINE ( 'NONE', #5358, #7149 ) ;
#5274 =( LENGTH_UNIT ( ) NAMED_UNIT ( * ) SI_UNIT ( .MILLI., .METRE. ) );
#5275 =( LENGTH_UNIT ( ) NAMED_UNIT ( * ) SI_UNIT ( .MILLI., .METRE. ) );
#5276 = DIRECTION ( 'NONE',  ( -0.4765988668615850354, 0.000000000000000000, -0.8791208791208711126 ) ) ;
#5277 = ORIENTED_EDGE ( 'NONE', *, *, #8103, .F. ) ;
#5278 = DIRECTION ( 'NONE',  ( 0.9659258262890675351, -0.000000000000000000, 0.2588190451025238481 ) ) ;
#5279 = PRESENTATION_LAYER_ASSIGNMENT (  '', '', ( #3876 ) ) ;
#5280 = CARTESIAN_POINT ( 'NONE',  ( -2.274999999999999911, -0.2650000000000000133, 6.140192378864673728 ) ) ;
#5281 = MECHANICAL_DESIGN_GEOMETRIC_PRESENTATION_REPRESENTATION (  '', ( #3015 ), #6932 ) ;
#5282 = VERTEX_POINT ( 'NONE', #3579 ) ;
#5283 = FILL_AREA_STYLE ('',( #5883 ) ) ;
#5284 =( BOUNDED_CURVE ( )  B_SPLINE_CURVE ( 3, ( #235, #6120, #2951, #2871 ),
 .UNSPECIFIED., .F., .F. ) 
 B_SPLINE_CURVE_WITH_KNOTS ( ( 4, 4 ),
 ( 2.356194490192345281, 3.141592653589793116 ),
 .UNSPECIFIED. ) 
 CURVE ( )  GEOMETRIC_REPRESENTATION_ITEM ( )  RATIONAL_B_SPLINE_CURVE ( ( 1.000000000000000000, 0.9492530216741912330, 0.9492530216741912330, 1.000000000000000000 ) ) 
 REPRESENTATION_ITEM ( '' )  );
#5285 = CARTESIAN_POINT ( 'NONE',  ( 0.2650000000000000688, 0.2784380551032345497, -5.440192378864675327 ) ) ;
#5286 = CARTESIAN_POINT ( 'NONE',  ( -0.04203636058814969045, 0.007963639411850471916, 7.345509090147042564 ) ) ;
#5287 = PRESENTATION_LAYER_ASSIGNMENT (  '', '', ( #5684 ) ) ;
#5288 = LINE ( 'NONE', #4914, #3467 ) ;
#5289 = LINE ( 'NONE', #5798, #1252 ) ;
#5290 = EDGE_LOOP ( 'NONE', ( #7986, #2802, #6260, #6146, #2807, #890, #2782, #7652 ) ) ;
#5291 = COLOUR_RGB ( '',0.5607843137254902022, 0.6470588235294117974, 0.6352941176470587870 ) ;
#5292 = DIRECTION ( 'NONE',  ( 0.000000000000000000, 0.000000000000000000, 1.000000000000000000 ) ) ;
#5293 = COLOUR_RGB ( '',0.9686274509803921573, 0.8784313725490195957, 0.5999999999999999778 ) ;
#5294 = CARTESIAN_POINT ( 'NONE',  ( -2.280142521051216953, -0.2908531991698716235, -5.459384528706809903 ) ) ;
#5295 =( NAMED_UNIT ( * ) SI_UNIT ( $, .STERADIAN. ) SOLID_ANGLE_UNIT ( ) );
#5296 = CARTESIAN_POINT ( 'NONE',  ( 0.000000000000000000, 0.000000000000000000, 6.700000000000000178 ) ) ;
#5297 = LINE ( 'NONE', #6073, #4595 ) ;
#5298 = PRESENTATION_STYLE_ASSIGNMENT (( #5902 ) ) ;
#5299 = ORIENTED_EDGE ( 'NONE', *, *, #1478, .T. ) ;
#5300 = VERTEX_POINT ( 'NONE', #4974 ) ;
#5301 = SURFACE_STYLE_FILL_AREA ( #5988 ) ;
#5302 = SURFACE_STYLE_USAGE ( .BOTH. , #5452 ) ;
#5303 =( NAMED_UNIT ( * ) SI_UNIT ( $, .STERADIAN. ) SOLID_ANGLE_UNIT ( ) );
#5304 = EDGE_CURVE ( 'NONE', #3692, #7428, #6203, .T. ) ;
#5305 = EDGE_CURVE ( 'NONE', #6918, #2039, #7657, .T. ) ;
#5306 = DIRECTION ( 'NONE',  ( -0.000000000000000000, -0.000000000000000000, 1.000000000000000000 ) ) ;
#5307 = SURFACE_STYLE_FILL_AREA ( #6694 ) ;
#5308 = EDGE_LOOP ( 'NONE', ( #7514, #1661, #8400, #5874, #3760, #5595 ) ) ;
#5309 = CARTESIAN_POINT ( 'NONE',  ( 1.570000000000000284, 1.250000000000000000, -2.799999999999999822 ) ) ;
#5310 = LINE ( 'NONE', #7958, #8171 ) ;
#5311 = VECTOR ( 'NONE', #5, 1000.000000000000000 ) ;
#5312 = EDGE_CURVE ( 'NONE', #1440, #3168, #2904, .T. ) ;
#5313 = ORIENTED_EDGE ( 'NONE', *, *, #3560, .T. ) ;
#5314 = CARTESIAN_POINT ( 'NONE',  ( 2.805000000000000160, -0.3150000000000000022, -1.609045455704950278 ) ) ;
#5315 = CARTESIAN_POINT ( 'NONE',  ( -3.510000000000000231, 1.250000000000000000, -2.799999999999999822 ) ) ;
#5316 = PLANE ( 'NONE',  #7008 ) ;
#5317 = DIRECTION ( 'NONE',  ( 0.000000000000000000, 0.000000000000000000, 1.000000000000000000 ) ) ;
#5318 = EDGE_LOOP ( 'NONE', ( #2443, #1800, #2481, #7551, #2582, #3744, #7837, #237 ) ) ;
#5319 = DIRECTION ( 'NONE',  ( 0.7071067811865474617, 0.7071067811865474617, 0.000000000000000000 ) ) ;
#5320 = FILL_AREA_STYLE ('',( #7430 ) ) ;
#5321 = EDGE_LOOP ( 'NONE', ( #1950, #1358, #2122, #3597 ) ) ;
#5322 = LINE ( 'NONE', #2552, #1853 ) ;
#5323 = VERTEX_POINT ( 'NONE', #67 ) ;
#5324 = UNCERTAINTY_MEASURE_WITH_UNIT (LENGTH_MEASURE( 1.000000000000000082E-05 ), #4363, 'distance_accuracy_value', 'NONE');
#5325 = FILL_AREA_STYLE ('',( #5977 ) ) ;
#5326 = DIRECTION ( 'NONE',  ( -0.7071067811865475727, -0.7071067811865475727, 0.000000000000000000 ) ) ;
#5327 = VECTOR ( 'NONE', #4133, 1000.000000000000000 ) ;
#5328 =( LENGTH_UNIT ( ) NAMED_UNIT ( * ) SI_UNIT ( .MILLI., .METRE. ) );
#5329 = SURFACE_SIDE_STYLE ('',( #2042 ) ) ;
#5330 =( GEOMETRIC_REPRESENTATION_CONTEXT ( 3 ) GLOBAL_UNCERTAINTY_ASSIGNED_CONTEXT ( ( #6246 ) ) GLOBAL_UNIT_ASSIGNED_CONTEXT ( ( #8569, #3779, #3729 ) ) REPRESENTATION_CONTEXT ( 'NONE', 'WORKASPACE' ) );
#5331 = LINE ( 'NONE', #8660, #4262 ) ;
#5332 = DIRECTION ( 'NONE',  ( -0.000000000000000000, -0.000000000000000000, -1.000000000000000000 ) ) ;
#5333 = CARTESIAN_POINT ( 'NONE',  ( 2.655000000000000249, 0.1650000000000000633, 6.700000000000000178 ) ) ;
#5334 = UNCERTAINTY_MEASURE_WITH_UNIT (LENGTH_MEASURE( 1.000000000000000082E-05 ), #2072, 'distance_accuracy_value', 'NONE');
#5335 = ORIENTED_EDGE ( 'NONE', *, *, #5488, .F. ) ;
#5336 = EDGE_LOOP ( 'NONE', ( #1187, #509, #2988, #7251 ) ) ;
#5337 = PLANE ( 'NONE',  #5076 ) ;
#5338 = VECTOR ( 'NONE', #6559, 1000.000000000000114 ) ;
#5339 = FACE_OUTER_BOUND ( 'NONE', #2511, .T. ) ;
#5340 = CARTESIAN_POINT ( 'NONE',  ( -0.2149999999999999134, -0.1650000000000000633, -6.000000000000000000 ) ) ;
#5341 = COLOUR_RGB ( '',0.5607843137254902022, 0.6470588235294117974, 0.6352941176470587870 ) ;
#5342 = DIRECTION ( 'NONE',  ( 0.2505628070857336409, 0.2505628070857336409, -0.9351131265310282936 ) ) ;
#5343 = VERTEX_POINT ( 'NONE', #7615 ) ;
#5344 = SURFACE_SIDE_STYLE ('',( #1926 ) ) ;
#5345 =( NAMED_UNIT ( * ) SI_UNIT ( $, .STERADIAN. ) SOLID_ANGLE_UNIT ( ) );
#5346 =( LENGTH_UNIT ( ) NAMED_UNIT ( * ) SI_UNIT ( .MILLI., .METRE. ) );
#5347 = PRESENTATION_LAYER_ASSIGNMENT (  '', '', ( #5741 ) ) ;
#5348 = ADVANCED_FACE ( 'NONE', ( #7570 ), #1543, .F. ) ;
#5349 = CARTESIAN_POINT ( 'NONE',  ( -1.270000000000000240, 0.8499999999999998668, 6.699999999999999289 ) ) ;
#5350 = CIRCLE ( 'NONE', #409, 0.4549999999999999600 ) ;
#5351 =( GEOMETRIC_REPRESENTATION_CONTEXT ( 3 ) GLOBAL_UNCERTAINTY_ASSIGNED_CONTEXT ( ( #2748 ) ) GLOBAL_UNIT_ASSIGNED_CONTEXT ( ( #8141, #8016, #635 ) ) REPRESENTATION_CONTEXT ( 'NONE', 'WORKASPACE' ) );
#5352 = STYLED_ITEM ( 'NONE', ( #5404 ), #7910 ) ;
#5353 = PLANE ( 'NONE',  #3671 ) ;
#5354 = CARTESIAN_POINT ( 'NONE',  ( 2.805000000000000160, 0.2650000000000000133, -5.440192378864675327 ) ) ;
#5355 = VERTEX_POINT ( 'NONE', #198 ) ;
#5356 = STYLED_ITEM ( 'NONE', ( #4591 ), #4758 ) ;
#5357 = FILL_AREA_STYLE ('',( #6089 ) ) ;
#5358 = CARTESIAN_POINT ( 'NONE',  ( -2.905000000000000249, -0.3150000000000000022, 6.140192378864673728 ) ) ;
#5359 = UNCERTAINTY_MEASURE_WITH_UNIT (LENGTH_MEASURE( 1.000000000000000082E-05 ), #3891, 'distance_accuracy_value', 'NONE');
#5360 = STYLED_ITEM ( 'NONE', ( #4163 ), #573 ) ;
#5361 = DIRECTION ( 'NONE',  ( 0.000000000000000000, 1.000000000000000000, 0.000000000000000000 ) ) ;
#5362 = ORIENTED_EDGE ( 'NONE', *, *, #6897, .T. ) ;
#5363 = ORIENTED_EDGE ( 'NONE', *, *, #978, .F. ) ;
#5364 = EDGE_CURVE ( 'NONE', #4584, #8701, #4177, .T. ) ;
#5365 = EDGE_CURVE ( 'NONE', #2129, #210, #2866, .T. ) ;
#5366 = STYLED_ITEM ( 'NONE', ( #6013 ), #5460 ) ;
#5367 = PRESENTATION_LAYER_ASSIGNMENT (  '', '', ( #2262 ) ) ;
#5368 = CARTESIAN_POINT ( 'NONE',  ( -1.103147515577996840, -1.249999999999999556, -0.9999999999999940048 ) ) ;
#5369 = COLOUR_RGB ( '',0.5607843137254902022, 0.6470588235294117974, 0.6352941176470587870 ) ;
#5370 = SURFACE_SIDE_STYLE ('',( #4041 ) ) ;
#5371 = DIRECTION ( 'NONE',  ( -0.7071067811865463515, 0.000000000000000000, -0.7071067811865487940 ) ) ;
#5372 = CARTESIAN_POINT ( 'NONE',  ( -3.810000000000000053, -0.9499999999999999556, -1.000000000000000000 ) ) ;
#5373 = DIRECTION ( 'NONE',  ( 1.000000000000000000, 0.000000000000000000, 0.000000000000000000 ) ) ;
#5374 = COLOUR_RGB ( '',0.9686274509803921573, 0.8784313725490195957, 0.5999999999999999778 ) ;
#5375 = ADVANCED_FACE ( 'NONE', ( #5533 ), #6809, .T. ) ;
#5376 = VECTOR ( 'NONE', #7660, 1000.000000000000000 ) ;
#5377 =( NAMED_UNIT ( * ) PLANE_ANGLE_UNIT ( ) SI_UNIT ( $, .RADIAN. ) );
#5378 = LINE ( 'NONE', #6646, #3485 ) ;
#5379 = LINE ( 'NONE', #2644, #6229 ) ;
#5380 = DIRECTION ( 'NONE',  ( 0.7071067811865474617, 0.7071067811865474617, 0.000000000000000000 ) ) ;
#5381 =( NAMED_UNIT ( * ) SI_UNIT ( $, .STERADIAN. ) SOLID_ANGLE_UNIT ( ) );
#5382 = PLANE ( 'NONE',  #4079 ) ;
#5383 = COLOUR_RGB ( '',0.9686274509803921573, 0.8784313725490195957, 0.5999999999999999778 ) ;
#5384 = ORIENTED_EDGE ( 'NONE', *, *, #6907, .F. ) ;
#5385 =( LENGTH_UNIT ( ) NAMED_UNIT ( * ) SI_UNIT ( .MILLI., .METRE. ) );
#5386 = VERTEX_POINT ( 'NONE', #427 ) ;
#5387 = ORIENTED_EDGE ( 'NONE', *, *, #2399, .F. ) ;
#5388 = VECTOR ( 'NONE', #2879, 1000.000000000000000 ) ;
#5389 = CARTESIAN_POINT ( 'NONE',  ( -2.425000000000000266, 0.000000000000000000, 6.700000000000000178 ) ) ;
#5390 = COLOUR_RGB ( '',0.8509803921568627194, 0.8509803921568627194, 0.8509803921568627194 ) ;
#5391 = VERTEX_POINT ( 'NONE', #7751 ) ;
#5392 = CARTESIAN_POINT ( 'NONE',  ( 0.8699999999999996625, 1.250000000000000000, 6.699999999999999289 ) ) ;
#5393 = CARTESIAN_POINT ( 'NONE',  ( 1.269999999999999796, -0.9499999999999995115, -1.000000000000000000 ) ) ;
#5394 = LINE ( 'NONE', #8638, #2234 ) ;
#5395 = DIRECTION ( 'NONE',  ( -0.2505628070857343070, 0.2505628070857343070, -0.9351131265310277385 ) ) ;
#5396 = DIRECTION ( 'NONE',  ( -0.7071067811865487940, 0.000000000000000000, -0.7071067811865463515 ) ) ;
#5397 = STYLED_ITEM ( 'NONE', ( #5249 ), #1090 ) ;
#5398 = DIRECTION ( 'NONE',  ( 1.000000000000000000, 0.000000000000000000, 0.000000000000000000 ) ) ;
#5399 = CARTESIAN_POINT ( 'NONE',  ( 2.497963639411851400, 0.007963639411851446831, -6.645509090147044162 ) ) ;
#5400 = DIRECTION ( 'NONE',  ( -0.2505628070857336409, 0.2505628070857336409, 0.9351131265310282936 ) ) ;
#5401 = ORIENTED_EDGE ( 'NONE', *, *, #6842, .F. ) ;
#5402 = SURFACE_STYLE_USAGE ( .BOTH. , #3475 ) ;
#5403 =( NAMED_UNIT ( * ) PLANE_ANGLE_UNIT ( ) SI_UNIT ( $, .RADIAN. ) );
#5404 = PRESENTATION_STYLE_ASSIGNMENT (( #6057 ) ) ;
#5405 = ADVANCED_FACE ( 'NONE', ( #5101 ), #950, .T. ) ;
#5406 = ADVANCED_FACE ( 'NONE', ( #4451 ), #7111, .T. ) ;
#5407 = ADVANCED_FACE ( 'NONE', ( #8480 ), #318, .F. ) ;
#5408 = ORIENTED_EDGE ( 'NONE', *, *, #7567, .T. ) ;
#5409 = FACE_OUTER_BOUND ( 'NONE', #3913, .T. ) ;
#5410 = FACE_OUTER_BOUND ( 'NONE', #7365, .T. ) ;
#5411 = FACE_OUTER_BOUND ( 'NONE', #6264, .T. ) ;
#5412 = VECTOR ( 'NONE', #874, 1000.000000000000000 ) ;
#5413 = PRESENTATION_LAYER_ASSIGNMENT (  '', '', ( #4432 ) ) ;
#5414 = DIRECTION ( 'NONE',  ( 0.2505628070857343070, 0.2505628070857343070, 0.9351131265310277385 ) ) ;
#5415 = ADVANCED_FACE ( 'NONE', ( #2688 ), #8655, .F. ) ;
#5416 = DIRECTION ( 'NONE',  ( -0.000000000000000000, -0.000000000000000000, -1.000000000000000000 ) ) ;
#5417 = CARTESIAN_POINT ( 'NONE',  ( -2.325000000000000178, 0.2650000000000000133, -1.609045455704950278 ) ) ;
#5418 = VECTOR ( 'NONE', #152, 1000.000000000000000 ) ;
#5419 =( LENGTH_UNIT ( ) NAMED_UNIT ( * ) SI_UNIT ( .MILLI., .METRE. ) );
#5420 =( GEOMETRIC_REPRESENTATION_CONTEXT ( 3 ) GLOBAL_UNCERTAINTY_ASSIGNED_CONTEXT ( ( #8689 ) ) GLOBAL_UNIT_ASSIGNED_CONTEXT ( ( #8040, #1287, #5295 ) ) REPRESENTATION_CONTEXT ( 'NONE', 'WORKASPACE' ) );
#5421 = FILL_AREA_STYLE ('',( #1954 ) ) ;
#5422 = ORIENTED_EDGE ( 'NONE', *, *, #8130, .T. ) ;
#5423 = CARTESIAN_POINT ( 'NONE',  ( -3.810000000000000053, 1.250000000000000000, 0.000000000000000000 ) ) ;
#5424 = AXIS2_PLACEMENT_3D ( 'NONE', #4472, #6435, #4419 ) ;
#5425 = EDGE_CURVE ( 'NONE', #1113, #3055, #1049, .T. ) ;
#5426 = SURFACE_SIDE_STYLE ('',( #7275 ) ) ;
#5427 = CARTESIAN_POINT ( 'NONE',  ( 0.9966666666666689212, -3.216666666666669006, 1.966666666666676555 ) ) ;
#5428 = VERTEX_POINT ( 'NONE', #4716 ) ;
#5429 = SURFACE_STYLE_FILL_AREA ( #7331 ) ;
#5430 = DIRECTION ( 'NONE',  ( 0.000000000000000000, -1.000000000000000000, 0.000000000000000000 ) ) ;
#5431 =( NAMED_UNIT ( * ) SI_UNIT ( $, .STERADIAN. ) SOLID_ANGLE_UNIT ( ) );
#5432 =( NAMED_UNIT ( * ) SI_UNIT ( $, .STERADIAN. ) SOLID_ANGLE_UNIT ( ) );
#5433 = SURFACE_STYLE_FILL_AREA ( #5516 ) ;
#5434 = PRESENTATION_STYLE_ASSIGNMENT (( #718 ) ) ;
#5435 = ORIENTED_EDGE ( 'NONE', *, *, #7812, .F. ) ;
#5436 = FILL_AREA_STYLE_COLOUR ( '', #7867 ) ;
#5437 = SURFACE_STYLE_USAGE ( .BOTH. , #8113 ) ;
#5438 =( LENGTH_UNIT ( ) NAMED_UNIT ( * ) SI_UNIT ( .MILLI., .METRE. ) );
#5439 = CARTESIAN_POINT ( 'NONE',  ( -2.905000000000000249, 0.3150000000000000022, 6.140192378864673728 ) ) ;
#5440 = EDGE_CURVE ( 'NONE', #4462, #799, #1366, .T. ) ;
#5441 = PRESENTATION_LAYER_ASSIGNMENT (  '', '', ( #6975 ) ) ;
#5442 = LINE ( 'NONE', #7489, #5575 ) ;
#5443 = FACE_OUTER_BOUND ( 'NONE', #1077, .T. ) ;
#5444 = DIRECTION ( 'NONE',  ( 0.000000000000000000, -1.000000000000000000, 0.000000000000000000 ) ) ;
#5445 = FACE_OUTER_BOUND ( 'NONE', #1692, .T. ) ;
#5446 = STYLED_ITEM ( 'NONE', ( #4748 ), #6955 ) ;
#5447 = ORIENTED_EDGE ( 'NONE', *, *, #3908, .F. ) ;
#5448 = CARTESIAN_POINT ( 'NONE',  ( 2.189644660940672782, 0.3003553390593270422, 6.194846997554884993 ) ) ;
#5449 = ORIENTED_EDGE ( 'NONE', *, *, #2778, .F. ) ;
#5450 = EDGE_CURVE ( 'NONE', #1512, #1760, #4045, .T. ) ;
#5451 = EDGE_CURVE ( 'NONE', #1925, #4255, #7217, .T. ) ;
#5452 = SURFACE_SIDE_STYLE ('',( #8754 ) ) ;
#5453 = VECTOR ( 'NONE', #4610, 1000.000000000000000 ) ;
#5454 = CARTESIAN_POINT ( 'NONE',  ( -1.269999999999999796, 1.590000000000000302, -1.000000000000000000 ) ) ;
#5455 = VERTEX_POINT ( 'NONE', #3376 ) ;
#5456 = STYLED_ITEM ( 'NONE', ( #3672 ), #3740 ) ;
#5457 = PLANE ( 'NONE',  #3870 ) ;
#5458 = CARTESIAN_POINT ( 'NONE',  ( 2.225000000000000533, 0.3150000000000000022, -1.609045455704950278 ) ) ;
#5459 = MECHANICAL_DESIGN_GEOMETRIC_PRESENTATION_REPRESENTATION (  '', ( #4769 ), #1668 ) ;
#5460 = ADVANCED_FACE ( 'NONE', ( #7305 ), #6641, .F. ) ;
#5461 =( GEOMETRIC_REPRESENTATION_CONTEXT ( 3 ) GLOBAL_UNCERTAINTY_ASSIGNED_CONTEXT ( ( #1809 ) ) GLOBAL_UNIT_ASSIGNED_CONTEXT ( ( #974, #2792, #4859 ) ) REPRESENTATION_CONTEXT ( 'NONE', 'WORKASPACE' ) );
#5462 = CARTESIAN_POINT ( 'NONE',  ( -1.670000000000000373, 1.250000000000000000, -1.810000000000000941 ) ) ;
#5463 = VECTOR ( 'NONE', #4848, 1000.000000000000000 ) ;
#5464 = SURFACE_SIDE_STYLE ('',( #212 ) ) ;
#5465 = CARTESIAN_POINT ( 'NONE',  ( 3.810000000000000053, -0.8499999999999994227, -0.4000000000000014655 ) ) ;
#5466 = LINE ( 'NONE', #1307, #3045 ) ;
#5467 = PRESENTATION_LAYER_ASSIGNMENT (  '', '', ( #1415 ) ) ;
#5468 = SURFACE_STYLE_FILL_AREA ( #7387 ) ;
#5469 = ORIENTED_EDGE ( 'NONE', *, *, #2924, .T. ) ;
#5470 = ORIENTED_EDGE ( 'NONE', *, *, #6799, .F. ) ;
#5471 = UNCERTAINTY_MEASURE_WITH_UNIT (LENGTH_MEASURE( 1.000000000000000082E-05 ), #1599, 'distance_accuracy_value', 'NONE');
#5472 = VECTOR ( 'NONE', #2898, 1000.000000000000000 ) ;
#5473 = PRESENTATION_LAYER_ASSIGNMENT (  '', '', ( #5352 ) ) ;
#5474 = DIRECTION ( 'NONE',  ( 0.000000000000000000, 0.000000000000000000, -1.000000000000000000 ) ) ;
#5475 = CARTESIAN_POINT ( 'NONE',  ( -1.670000000000000373, 0.7500000000000000000, -2.799999999999999822 ) ) ;
#5476 =( GEOMETRIC_REPRESENTATION_CONTEXT ( 3 ) GLOBAL_UNCERTAINTY_ASSIGNED_CONTEXT ( ( #7894 ) ) GLOBAL_UNIT_ASSIGNED_CONTEXT ( ( #4013, #8747, #3924 ) ) REPRESENTATION_CONTEXT ( 'NONE', 'WORKASPACE' ) );
#5477 = PRESENTATION_STYLE_ASSIGNMENT (( #4867 ) ) ;
#5478 = VECTOR ( 'NONE', #5108, 1000.000000000000000 ) ;
#5479 = FILL_AREA_STYLE ('',( #6623 ) ) ;
#5480 =( NAMED_UNIT ( * ) SI_UNIT ( $, .STERADIAN. ) SOLID_ANGLE_UNIT ( ) );
#5481 = CARTESIAN_POINT ( 'NONE',  ( -1.320000000000000950, -3.439999999999999059, -1.000000000000000000 ) ) ;
#5482 = LINE ( 'NONE', #6061, #3102 ) ;
#5483 = EDGE_LOOP ( 'NONE', ( #5363, #8503, #5470, #3649, #6133 ) ) ;
#5484 = VECTOR ( 'NONE', #1608, 1000.000000000000000 ) ;
#5485 = UNCERTAINTY_MEASURE_WITH_UNIT (LENGTH_MEASURE( 1.000000000000000082E-05 ), #81, 'distance_accuracy_value', 'NONE');
#5486 = AXIS2_PLACEMENT_3D ( 'NONE', #1273, #5837, #5373 ) ;
#5487 = SURFACE_SIDE_STYLE ('',( #2808 ) ) ;
#5488 = EDGE_CURVE ( 'NONE', #8542, #5848, #3528, .T. ) ;
#5489 = CYLINDRICAL_SURFACE ( 'NONE', #2502, 0.04999999999999999584 ) ;
#5490 = VECTOR ( 'NONE', #694, 1000.000000000000114 ) ;
#5491 = SURFACE_STYLE_FILL_AREA ( #4796 ) ;
#5492 = PLANE ( 'NONE',  #6849 ) ;
#5493 = EDGE_CURVE ( 'NONE', #7288, #2484, #2110, .T. ) ;
#5494 = UNCERTAINTY_MEASURE_WITH_UNIT (LENGTH_MEASURE( 1.000000000000000082E-05 ), #5707, 'distance_accuracy_value', 'NONE');
#5495 = DIRECTION ( 'NONE',  ( 0.5773502691896251759, 0.5773502691896251759, 0.5773502691896270633 ) ) ;
#5496 = ORIENTED_EDGE ( 'NONE', *, *, #4918, .F. ) ;
#5497 = AXIS2_PLACEMENT_3D ( 'NONE', #1909, #135, #5474 ) ;
#5498 = CARTESIAN_POINT ( 'NONE',  ( -1.096666666666669343, -3.216666666666669006, 1.966666666666676555 ) ) ;
#5499 =( BOUNDED_CURVE ( )  B_SPLINE_CURVE ( 3, ( #8139, #4621, #2063, #633 ),
 .UNSPECIFIED., .F., .F. ) 
 B_SPLINE_CURVE_WITH_KNOTS ( ( 4, 4 ),
 ( 3.141592653589793116, 3.926990816987246724 ),
 .UNSPECIFIED. ) 
 CURVE ( )  GEOMETRIC_REPRESENTATION_ITEM ( )  RATIONAL_B_SPLINE_CURVE ( ( 1.000000000000000000, 0.9492530216741903448, 0.9492530216741903448, 1.000000000000000000 ) ) 
 REPRESENTATION_ITEM ( '' )  );
#5500 =( LENGTH_UNIT ( ) NAMED_UNIT ( * ) SI_UNIT ( .MILLI., .METRE. ) );
#5501 = VECTOR ( 'NONE', #7039, 1000.000000000000000 ) ;
#5502 = AXIS2_PLACEMENT_3D ( 'NONE', #2525, #5168, #7864 ) ;
#5503 = DIRECTION ( 'NONE',  ( -0.7071067811865474617, 0.7071067811865474617, 0.000000000000000000 ) ) ;
#5504 = FILL_AREA_STYLE ('',( #7459 ) ) ;
#5505 = VERTEX_POINT ( 'NONE', #4215 ) ;
#5506 = EDGE_CURVE ( 'NONE', #2417, #3926, #1857, .T. ) ;
#5507 = EDGE_CURVE ( 'NONE', #7291, #1440, #769, .T. ) ;
#5508 = FACE_OUTER_BOUND ( 'NONE', #6450, .T. ) ;
#5509 = CARTESIAN_POINT ( 'NONE',  ( -0.2396152422706999963, -1.250000000000000000, -1.000000000000000000 ) ) ;
#5510 = DIRECTION ( 'NONE',  ( -0.000000000000000000, -0.000000000000000000, -1.000000000000000000 ) ) ;
#5511 =( NAMED_UNIT ( * ) SI_UNIT ( $, .STERADIAN. ) SOLID_ANGLE_UNIT ( ) );
#5512 = DIRECTION ( 'NONE',  ( -0.7071067811865475727, -0.7071067811865475727, 0.000000000000000000 ) ) ;
#5513 = EDGE_CURVE ( 'NONE', #1940, #677, #4170, .T. ) ;
#5514 = UNCERTAINTY_MEASURE_WITH_UNIT (LENGTH_MEASURE( 1.000000000000000082E-05 ), #6653, 'distance_accuracy_value', 'NONE');
#5515 = PRESENTATION_LAYER_ASSIGNMENT (  '', '', ( #865 ) ) ;
#5516 = FILL_AREA_STYLE ('',( #713 ) ) ;
#5517 = CARTESIAN_POINT ( 'NONE',  ( 2.799857478948783118, -0.2908531991698717345, 6.159384528706809192 ) ) ;
#5518 = ORIENTED_EDGE ( 'NONE', *, *, #4005, .F. ) ;
#5519 = CARTESIAN_POINT ( 'NONE',  ( -3.810000000000000053, -1.250000000000000000, -1.800000000000000044 ) ) ;
#5520 = EDGE_CURVE ( 'NONE', #4366, #5968, #1450, .T. ) ;
#5521 = CARTESIAN_POINT ( 'NONE',  ( 2.189644660940672338, -0.3003553390593273753, -5.494846997554884815 ) ) ;
#5522 = VERTEX_POINT ( 'NONE', #6798 ) ;
#5523 = ORIENTED_EDGE ( 'NONE', *, *, #6371, .T. ) ;
#5524 = CARTESIAN_POINT ( 'NONE',  ( 0.8699999999999996625, 1.250000000000000000, -0.9899999999999995470 ) ) ;
#5525 = PRESENTATION_STYLE_ASSIGNMENT (( #5437 ) ) ;
#5526 = SURFACE_STYLE_USAGE ( .BOTH. , #6100 ) ;
#5527 = UNCERTAINTY_MEASURE_WITH_UNIT (LENGTH_MEASURE( 1.000000000000000082E-05 ), #1931, 'distance_accuracy_value', 'NONE');
#5528 = CYLINDRICAL_SURFACE ( 'NONE', #3601, 0.04999999999999999584 ) ;
#5529 = CARTESIAN_POINT ( 'NONE',  ( 3.810000000000000053, 0.8499999999999998668, -2.399999999999998579 ) ) ;
#5530 = LINE ( 'NONE', #6891, #1209 ) ;
#5531 = PLANE ( 'NONE',  #5617 ) ;
#5532 = DIRECTION ( 'NONE',  ( 0.000000000000000000, -1.000000000000000000, 0.000000000000000000 ) ) ;
#5533 = FACE_OUTER_BOUND ( 'NONE', #1609, .T. ) ;
#5534 = VECTOR ( 'NONE', #3886, 1000.000000000000000 ) ;
#5535 = PLANE ( 'NONE',  #4944 ) ;
#5536 = PLANE ( 'NONE',  #2799 ) ;
#5537 = VECTOR ( 'NONE', #7656, 1000.000000000000000 ) ;
#5538 = LINE ( 'NONE', #2780, #3969 ) ;
#5539 = MECHANICAL_DESIGN_GEOMETRIC_PRESENTATION_REPRESENTATION (  '', ( #8685 ), #327 ) ;
#5540 = CARTESIAN_POINT ( 'NONE',  ( 2.540000000000000036, -0.1650000000000000633, 6.700000000000000178 ) ) ;
#5541 = ORIENTED_EDGE ( 'NONE', *, *, #6999, .T. ) ;
#5542 = SURFACE_SIDE_STYLE ('',( #6123 ) ) ;
#5543 = CARTESIAN_POINT ( 'NONE',  ( -2.274999999999999911, 0.3150000000000000022, -0.8909545442950493888 ) ) ;
#5544 = SURFACE_STYLE_FILL_AREA ( #3465 ) ;
#5545 =( BOUNDED_CURVE ( )  B_SPLINE_CURVE ( 3, ( #3831, #4194, #4455, #8227 ),
 .UNSPECIFIED., .F., .F. ) 
 B_SPLINE_CURVE_WITH_KNOTS ( ( 4, 4 ),
 ( 3.141592653589793116, 3.926990816987244504 ),
 .UNSPECIFIED. ) 
 CURVE ( )  GEOMETRIC_REPRESENTATION_ITEM ( )  RATIONAL_B_SPLINE_CURVE ( ( 1.000000000000000000, 0.9492530216741906779, 0.9492530216741906779, 1.000000000000000000 ) ) 
 REPRESENTATION_ITEM ( '' )  );
#5546 = LINE ( 'NONE', #8361, #8185 ) ;
#5547 = PRESENTATION_LAYER_ASSIGNMENT (  '', '', ( #2750 ) ) ;
#5548 = EDGE_CURVE ( 'NONE', #1178, #1571, #809, .T. ) ;
#5549 = ADVANCED_FACE ( 'NONE', ( #6137 ), #8245, .F. ) ;
#5550 = SURFACE_STYLE_FILL_AREA ( #7544 ) ;
#5551 = CARTESIAN_POINT ( 'NONE',  ( -3.510000000000000231, -0.7500000000000000000, -2.799999999999999822 ) ) ;
#5552 = ORIENTED_EDGE ( 'NONE', *, *, #2556, .F. ) ;
#5553 =( LENGTH_UNIT ( ) NAMED_UNIT ( * ) SI_UNIT ( .MILLI., .METRE. ) );
#5554 = AXIS2_PLACEMENT_3D ( 'NONE', #1429, #6156, #74 ) ;
#5555 =( LENGTH_UNIT ( ) NAMED_UNIT ( * ) SI_UNIT ( .MILLI., .METRE. ) );
#5556 = ORIENTED_EDGE ( 'NONE', *, *, #8649, .F. ) ;
#5557 = VERTEX_POINT ( 'NONE', #854 ) ;
#5558 = EDGE_CURVE ( 'NONE', #4584, #4831, #8282, .T. ) ;
#5559 = ADVANCED_FACE ( 'NONE', ( #5411 ), #8116, .F. ) ;
#5560 = DIRECTION ( 'NONE',  ( -1.000000000000000000, 0.000000000000000000, 0.000000000000000000 ) ) ;
#5561 = LINE ( 'NONE', #5652, #7888 ) ;
#5562 =( LENGTH_UNIT ( ) NAMED_UNIT ( * ) SI_UNIT ( .MILLI., .METRE. ) );
#5563 = COLOUR_RGB ( '',0.5607843137254902022, 0.6470588235294117974, 0.6352941176470587870 ) ;
#5564 =( NAMED_UNIT ( * ) SI_UNIT ( $, .STERADIAN. ) SOLID_ANGLE_UNIT ( ) );
#5565 = FILL_AREA_STYLE_COLOUR ( '', #1517 ) ;
#5566 =( NAMED_UNIT ( * ) PLANE_ANGLE_UNIT ( ) SI_UNIT ( $, .RADIAN. ) );
#5567 = SURFACE_SIDE_STYLE ('',( #5491 ) ) ;
#5568 = DIRECTION ( 'NONE',  ( 0.000000000000000000, 1.000000000000000000, 0.000000000000000000 ) ) ;
#5569 = FILL_AREA_STYLE_COLOUR ( '', #2536 ) ;
#5570 = FILL_AREA_STYLE ('',( #6145 ) ) ;
#5571 = PRESENTATION_LAYER_ASSIGNMENT (  '', '', ( #6710 ) ) ;
#5572 =( LENGTH_UNIT ( ) NAMED_UNIT ( * ) SI_UNIT ( .MILLI., .METRE. ) );
#5573 = DIRECTION ( 'NONE',  ( 0.000000000000000000, 1.000000000000000000, 0.000000000000000000 ) ) ;
#5574 = FILL_AREA_STYLE ('',( #2869 ) ) ;
#5575 = VECTOR ( 'NONE', #8156, 1000.000000000000000 ) ;
#5576 = LINE ( 'NONE', #5454, #6062 ) ;
#5577 = LINE ( 'NONE', #8299, #638 ) ;
#5578 = ORIENTED_EDGE ( 'NONE', *, *, #8718, .F. ) ;
#5579 = PLANE ( 'NONE',  #7238 ) ;
#5580 = SURFACE_STYLE_FILL_AREA ( #2875 ) ;
#5581 = SURFACE_STYLE_USAGE ( .BOTH. , #7466 ) ;
#5582 = CARTESIAN_POINT ( 'NONE',  ( 0.2650000000000000688, 0.2650000000000000133, 0.000000000000000000 ) ) ;
#5583 = DIRECTION ( 'NONE',  ( 1.000000000000000000, 0.000000000000000000, 0.000000000000000000 ) ) ;
#5584 = ORIENTED_EDGE ( 'NONE', *, *, #7000, .T. ) ;
#5585 = VECTOR ( 'NONE', #2583, 1000.000000000000000 ) ;
#5586 = FILL_AREA_STYLE_COLOUR ( '', #3123 ) ;
#5587 = CARTESIAN_POINT ( 'NONE',  ( -3.810000000000000053, 0.9500000000000000666, 0.000000000000000000 ) ) ;
#5588 = VECTOR ( 'NONE', #8287, 1000.000000000000114 ) ;
#5589 = CARTESIAN_POINT ( 'NONE',  ( -0.3284380551032343720, -0.3150000000000000022, 6.140192378864673728 ) ) ;
#5590 = LINE ( 'NONE', #7172, #1131 ) ;
#5591 = EDGE_LOOP ( 'NONE', ( #8704, #271, #1027, #6268, #1505, #3275 ) ) ;
#5592 = SURFACE_SIDE_STYLE ('',( #2844 ) ) ;
#5593 =( GEOMETRIC_REPRESENTATION_CONTEXT ( 3 ) GLOBAL_UNCERTAINTY_ASSIGNED_CONTEXT ( ( #1548 ) ) GLOBAL_UNIT_ASSIGNED_CONTEXT ( ( #4357, #2201, #3037 ) ) REPRESENTATION_CONTEXT ( 'NONE', 'WORKASPACE' ) );
#5594 = UNCERTAINTY_MEASURE_WITH_UNIT (LENGTH_MEASURE( 1.000000000000000082E-05 ), #6558, 'distance_accuracy_value', 'NONE');
#5595 = ORIENTED_EDGE ( 'NONE', *, *, #5818, .F. ) ;
#5596 = EDGE_LOOP ( 'NONE', ( #5963, #3632, #1672, #2544, #1262 ) ) ;
#5597 = EDGE_CURVE ( 'NONE', #5386, #1036, #6966, .T. ) ;
#5598 = FILL_AREA_STYLE_COLOUR ( '', #8211 ) ;
#5599 =( GEOMETRIC_REPRESENTATION_CONTEXT ( 3 ) GLOBAL_UNCERTAINTY_ASSIGNED_CONTEXT ( ( #4767 ) ) GLOBAL_UNIT_ASSIGNED_CONTEXT ( ( #6280, #6210, #3688 ) ) REPRESENTATION_CONTEXT ( 'NONE', 'WORKASPACE' ) );
#5600 = UNCERTAINTY_MEASURE_WITH_UNIT (LENGTH_MEASURE( 1.000000000000000082E-05 ), #6461, 'distance_accuracy_value', 'NONE');
#5601 =( LENGTH_UNIT ( ) NAMED_UNIT ( * ) SI_UNIT ( .MILLI., .METRE. ) );
#5602 = CARTESIAN_POINT ( 'NONE',  ( 2.655000000000000249, 0.000000000000000000, 6.700000000000000178 ) ) ;
#5603 = ORIENTED_EDGE ( 'NONE', *, *, #7617, .F. ) ;
#5604 = VECTOR ( 'NONE', #8513, 1000.000000000000000 ) ;
#5605 = VECTOR ( 'NONE', #5430, 1000.000000000000000 ) ;
#5606 =( NAMED_UNIT ( * ) PLANE_ANGLE_UNIT ( ) SI_UNIT ( $, .RADIAN. ) );
#5607 = VECTOR ( 'NONE', #8279, 1000.000000000000000 ) ;
#5608 = EDGE_CURVE ( 'NONE', #7682, #3142, #1972, .T. ) ;
#5609 = EDGE_CURVE ( 'NONE', #6790, #5621, #310, .T. ) ;
#5610 = AXIS2_PLACEMENT_3D ( 'NONE', #5649, #889, #5002 ) ;
#5611 = CARTESIAN_POINT ( 'NONE',  ( -3.510000000000000231, 1.250000000000000000, 0.000000000000000000 ) ) ;
#5612 = VECTOR ( 'NONE', #48, 1000.000000000000114 ) ;
#5613 = FILL_AREA_STYLE ('',( #8247 ) ) ;
#5614 = VECTOR ( 'NONE', #1116, 1000.000000000000000 ) ;
#5615 =( LENGTH_UNIT ( ) NAMED_UNIT ( * ) SI_UNIT ( .MILLI., .METRE. ) );
#5616 = ORIENTED_EDGE ( 'NONE', *, *, #1643, .T. ) ;
#5617 = AXIS2_PLACEMENT_3D ( 'NONE', #7568, #6892, #860 ) ;
#5618 = CARTESIAN_POINT ( 'NONE',  ( -2.890355339059327733, -0.3003553390593273753, -5.494846997554884815 ) ) ;
#5619 = EDGE_CURVE ( 'NONE', #3345, #7965, #8418, .T. ) ;
#5620 = FILL_AREA_STYLE_COLOUR ( '', #4228 ) ;
#5621 = VERTEX_POINT ( 'NONE', #5788 ) ;
#5622 = PRESENTATION_STYLE_ASSIGNMENT (( #3578 ) ) ;
#5623 = VECTOR ( 'NONE', #4124, 1000.000000000000000 ) ;
#5624 = DIRECTION ( 'NONE',  ( 0.000000000000000000, -1.000000000000000000, 0.000000000000000000 ) ) ;
#5625 = PRESENTATION_LAYER_ASSIGNMENT (  '', '', ( #421 ) ) ;
#5626 = LINE ( 'NONE', #2163, #7699 ) ;
#5627 = DIRECTION ( 'NONE',  ( 0.000000000000000000, 1.000000000000000000, 0.000000000000000000 ) ) ;
#5628 = FILL_AREA_STYLE ('',( #2424 ) ) ;
#5629 = ORIENTED_EDGE ( 'NONE', *, *, #452, .T. ) ;
#5630 = DIRECTION ( 'NONE',  ( -0.5773502691896251759, -0.5773502691896251759, 0.5773502691896270633 ) ) ;
#5631 = CARTESIAN_POINT ( 'NONE',  ( 0.2650000000000000688, -0.2650000000000000133, 0.000000000000000000 ) ) ;
#5632 = UNCERTAINTY_MEASURE_WITH_UNIT (LENGTH_MEASURE( 1.000000000000000082E-05 ), #5755, 'distance_accuracy_value', 'NONE');
#5633 = VECTOR ( 'NONE', #2435, 1000.000000000000000 ) ;
#5634 = SURFACE_SIDE_STYLE ('',( #5544 ) ) ;
#5635 = FACE_OUTER_BOUND ( 'NONE', #5318, .T. ) ;
#5636 = ORIENTED_EDGE ( 'NONE', *, *, #3907, .T. ) ;
#5637 = COLOUR_RGB ( '',0.5607843137254902022, 0.6470588235294117974, 0.6352941176470587870 ) ;
#5638 = DIRECTION ( 'NONE',  ( 0.000000000000000000, 0.000000000000000000, 1.000000000000000000 ) ) ;
#5639 = CARTESIAN_POINT ( 'NONE',  ( -2.854999999999999982, -0.2650000000000000133, -0.8909545442950493888 ) ) ;
#5640 = ORIENTED_EDGE ( 'NONE', *, *, #4864, .T. ) ;
#5641 = LINE ( 'NONE', #2422, #455 ) ;
#5642 =( NAMED_UNIT ( * ) SI_UNIT ( $, .STERADIAN. ) SOLID_ANGLE_UNIT ( ) );
#5643 = EDGE_LOOP ( 'NONE', ( #3609, #3673, #937, #4803 ) ) ;
#5644 = DIRECTION ( 'NONE',  ( 0.000000000000000000, 0.000000000000000000, -1.000000000000000000 ) ) ;
#5645 = ORIENTED_EDGE ( 'NONE', *, *, #2894, .T. ) ;
#5646 = VERTEX_POINT ( 'NONE', #5611 ) ;
#5647 = DIRECTION ( 'NONE',  ( 0.000000000000000000, 0.000000000000000000, -1.000000000000000000 ) ) ;
#5648 = COLOUR_RGB ( '',0.5607843137254902022, 0.6470588235294117974, 0.6352941176470587870 ) ;
#5649 = CARTESIAN_POINT ( 'NONE',  ( 0.000000000000000000, 0.000000000000000000, -2.799999999999999822 ) ) ;
#5650 = EDGE_LOOP ( 'NONE', ( #5077, #617, #1844, #1130 ) ) ;
#5651 = EDGE_LOOP ( 'NONE', ( #6625, #2454, #7919, #3302, #6657 ) ) ;
#5652 = CARTESIAN_POINT ( 'NONE',  ( 1.269999999999999796, 1.250000000000000000, -2.399999999999998579 ) ) ;
#5653 = VERTEX_POINT ( 'NONE', #3065 ) ;
#5654 = UNCERTAINTY_MEASURE_WITH_UNIT (LENGTH_MEASURE( 1.000000000000000082E-05 ), #2643, 'distance_accuracy_value', 'NONE');
#5655 = CARTESIAN_POINT ( 'NONE',  ( -2.325000000000000178, -0.3150000000000000022, 6.140192378864673728 ) ) ;
#5656 = EDGE_CURVE ( 'NONE', #6074, #4570, #2354, .T. ) ;
#5657 = ADVANCED_FACE ( 'NONE', ( #8335 ), #4438, .T. ) ;
#5658 = SURFACE_STYLE_FILL_AREA ( #4969 ) ;
#5659 = VERTEX_POINT ( 'NONE', #5551 ) ;
#5660 = PLANE ( 'NONE',  #3713 ) ;
#5661 = FILL_AREA_STYLE_COLOUR ( '', #2813 ) ;
#5662 = DIRECTION ( 'NONE',  ( 0.4765988668615850354, 0.000000000000000000, 0.8791208791208711126 ) ) ;
#5663 = SURFACE_STYLE_USAGE ( .BOTH. , #780 ) ;
#5664 = LINE ( 'NONE', #6417, #3751 ) ;
#5665 = EDGE_CURVE ( 'NONE', #390, #1799, #3746, .T. ) ;
#5666 = ORIENTED_EDGE ( 'NONE', *, *, #7791, .F. ) ;
#5667 = CARTESIAN_POINT ( 'NONE',  ( 1.169999999999999929, -0.9499999999999999556, -1.000000000000000000 ) ) ;
#5668 = LINE ( 'NONE', #5756, #6744 ) ;
#5669 = LINE ( 'NONE', #1508, #6663 ) ;
#5670 = DIRECTION ( 'NONE',  ( 0.7071067811865463515, 0.000000000000000000, -0.7071067811865487940 ) ) ;
#5671 = ORIENTED_EDGE ( 'NONE', *, *, #1374, .T. ) ;
#5672 = ORIENTED_EDGE ( 'NONE', *, *, #398, .F. ) ;
#5673 = LINE ( 'NONE', #3695, #6908 ) ;
#5674 = AXIS2_PLACEMENT_3D ( 'NONE', #1183, #7973, #3230 ) ;
#5675 = VECTOR ( 'NONE', #1506, 1000.000000000000000 ) ;
#5676 = ORIENTED_EDGE ( 'NONE', *, *, #6416, .T. ) ;
#5677 = PRESENTATION_STYLE_ASSIGNMENT (( #6434 ) ) ;
#5678 = ORIENTED_EDGE ( 'NONE', *, *, #4819, .F. ) ;
#5679 = CARTESIAN_POINT ( 'NONE',  ( -3.810000000000000053, -0.7500000000000000000, -2.799999999999999822 ) ) ;
#5680 = ORIENTED_EDGE ( 'NONE', *, *, #3602, .T. ) ;
#5681 = VECTOR ( 'NONE', #5742, 1000.000000000000000 ) ;
#5682 = VECTOR ( 'NONE', #7022, 1000.000000000000000 ) ;
#5683 = EDGE_LOOP ( 'NONE', ( #7825, #8536, #392, #6576, #6442, #7271 ) ) ;
#5684 = STYLED_ITEM ( 'NONE', ( #625 ), #3263 ) ;
#5685 = FILL_AREA_STYLE ('',( #8507 ) ) ;
#5686 = VECTOR ( 'NONE', #6675, 1000.000000000000114 ) ;
#5687 = LINE ( 'NONE', #7786, #4783 ) ;
#5688 = CARTESIAN_POINT ( 'NONE',  ( -0.2000000000000005107, 4.859999999999999432, -0.9899999999999999911 ) ) ;
#5689 = LINE ( 'NONE', #357, #7182 ) ;
#5690 = ORIENTED_EDGE ( 'NONE', *, *, #5095, .F. ) ;
#5691 = ORIENTED_EDGE ( 'NONE', *, *, #122, .F. ) ;
#5692 = CARTESIAN_POINT ( 'NONE',  ( -2.899857478948783207, 0.2908531991698717345, 6.159384528706809192 ) ) ;
#5693 = ORIENTED_EDGE ( 'NONE', *, *, #5450, .T. ) ;
#5694 = DIRECTION ( 'NONE',  ( 0.7071067811865463515, 0.000000000000000000, -0.7071067811865487940 ) ) ;
#5695 =( NAMED_UNIT ( * ) PLANE_ANGLE_UNIT ( ) SI_UNIT ( $, .RADIAN. ) );
#5696 = FILL_AREA_STYLE ('',( #4500 ) ) ;
#5697 = DIRECTION ( 'NONE',  ( 0.000000000000000000, -1.000000000000000000, 0.000000000000000000 ) ) ;
#5698 = EDGE_CURVE ( 'NONE', #7320, #2746, #3517, .T. ) ;
#5699 = CARTESIAN_POINT ( 'NONE',  ( -3.810000000000000053, 0.7500000000000000000, -2.500000000000000000 ) ) ;
#5700 = LINE ( 'NONE', #1192, #6063 ) ;
#5701 = PLANE ( 'NONE',  #4480 ) ;
#5702 = SURFACE_STYLE_FILL_AREA ( #7754 ) ;
#5703 =( NAMED_UNIT ( * ) PLANE_ANGLE_UNIT ( ) SI_UNIT ( $, .RADIAN. ) );
#5704 = CARTESIAN_POINT ( 'NONE',  ( 0.000000000000000000, 0.000000000000000000, -2.799999999999999822 ) ) ;
#5705 = VERTEX_POINT ( 'NONE', #1566 ) ;
#5706 =( NAMED_UNIT ( * ) PLANE_ANGLE_UNIT ( ) SI_UNIT ( $, .RADIAN. ) );
#5707 =( LENGTH_UNIT ( ) NAMED_UNIT ( * ) SI_UNIT ( .MILLI., .METRE. ) );
#5708 = FILL_AREA_STYLE ('',( #5852 ) ) ;
#5709 = EDGE_CURVE ( 'NONE', #7371, #2393, #4822, .T. ) ;
#5710 = ORIENTED_EDGE ( 'NONE', *, *, #7549, .F. ) ;
#5711 = EDGE_CURVE ( 'NONE', #3061, #3130, #8267, .T. ) ;
#5712 = ORIENTED_EDGE ( 'NONE', *, *, #218, .F. ) ;
#5713 = CARTESIAN_POINT ( 'NONE',  ( 0.2650000000000000688, 0.2650000000000000133, -0.8909545442950493888 ) ) ;
#5714 = PLANE ( 'NONE',  #3401 ) ;
#5715 = MECHANICAL_DESIGN_GEOMETRIC_PRESENTATION_REPRESENTATION (  '', ( #6710 ), #2350 ) ;
#5716 = VERTEX_POINT ( 'NONE', #5465 ) ;
#5717 = CARTESIAN_POINT ( 'NONE',  ( 3.709999999999999964, 0.9499999999999999556, -1.810000000000000053 ) ) ;
#5718 = DIRECTION ( 'NONE',  ( 1.000000000000000000, 0.000000000000000000, 0.000000000000000000 ) ) ;
#5719 = ORIENTED_EDGE ( 'NONE', *, *, #620, .F. ) ;
#5720 = EDGE_CURVE ( 'NONE', #3984, #5904, #1514, .T. ) ;
#5721 = PRESENTATION_LAYER_ASSIGNMENT (  '', '', ( #5446 ) ) ;
#5722 = ORIENTED_EDGE ( 'NONE', *, *, #924, .T. ) ;
#5723 = PLANE ( 'NONE',  #3117 ) ;
#5724 = MECHANICAL_DESIGN_GEOMETRIC_PRESENTATION_REPRESENTATION (  '', ( #1963 ), #7871 ) ;
#5725 = CARTESIAN_POINT ( 'NONE',  ( -1.103147515578000171, -1.250000000000000000, -1.000000000000000000 ) ) ;
#5726 = VECTOR ( 'NONE', #1985, 1000.000000000000000 ) ;
#5727 = EDGE_LOOP ( 'NONE', ( #7431, #4942, #667, #1072 ) ) ;
#5728 = FILL_AREA_STYLE ('',( #7784 ) ) ;
#5729 = ORIENTED_EDGE ( 'NONE', *, *, #8708, .T. ) ;
#5730 = VECTOR ( 'NONE', #670, 1000.000000000000000 ) ;
#5731 = DIRECTION ( 'NONE',  ( -0.000000000000000000, -0.000000000000000000, -1.000000000000000000 ) ) ;
#5732 = FILL_AREA_STYLE_COLOUR ( '', #5127 ) ;
#5733 =( NAMED_UNIT ( * ) SI_UNIT ( $, .STERADIAN. ) SOLID_ANGLE_UNIT ( ) );
#5734 = VERTEX_POINT ( 'NONE', #4196 ) ;
#5735 = MECHANICAL_DESIGN_GEOMETRIC_PRESENTATION_REPRESENTATION (  '', ( #843 ), #8030 ) ;
#5736 = CARTESIAN_POINT ( 'NONE',  ( -1.863333333333335950, 2.183333333333336679, 0.6333333333333477366 ) ) ;
#5737 = VECTOR ( 'NONE', #3709, 1000.000000000000000 ) ;
#5738 = STYLED_ITEM ( 'NONE', ( #7693 ), #7619 ) ;
#5739 = EDGE_LOOP ( 'NONE', ( #3888, #5212, #6610, #1633, #8571, #5207 ) ) ;
#5740 = CARTESIAN_POINT ( 'NONE',  ( -3.636666666666669379, 3.216666666666669006, 1.966666666666676555 ) ) ;
#5741 = STYLED_ITEM ( 'NONE', ( #7224 ), #5238 ) ;
#5742 = DIRECTION ( 'NONE',  ( 0.000000000000000000, -1.000000000000000000, 0.000000000000000000 ) ) ;
#5743 = AXIS2_PLACEMENT_3D ( 'NONE', #1676, #2999, #1730 ) ;
#5744 = SURFACE_SIDE_STYLE ('',( #4501 ) ) ;
#5745 =( LENGTH_UNIT ( ) NAMED_UNIT ( * ) SI_UNIT ( .MILLI., .METRE. ) );
#5746 = AXIS2_PLACEMENT_3D ( 'NONE', #5928, #8072, #599 ) ;
#5747 = COLOUR_RGB ( '',0.9686274509803921573, 0.8784313725490195957, 0.5999999999999999778 ) ;
#5748 = EDGE_CURVE ( 'NONE', #3168, #8492, #8190, .T. ) ;
#5749 = CARTESIAN_POINT ( 'NONE',  ( 1.269999999999999796, 1.250000000000000000, -0.4000000000000014655 ) ) ;
#5750 = PLANE ( 'NONE',  #1320 ) ;
#5751 = FILL_AREA_STYLE_COLOUR ( '', #2219 ) ;
#5752 = ORIENTED_EDGE ( 'NONE', *, *, #864, .T. ) ;
#5753 =( GEOMETRIC_REPRESENTATION_CONTEXT ( 3 ) GLOBAL_UNCERTAINTY_ASSIGNED_CONTEXT ( ( #4169 ) ) GLOBAL_UNIT_ASSIGNED_CONTEXT ( ( #1218, #3808, #4483 ) ) REPRESENTATION_CONTEXT ( 'NONE', 'WORKASPACE' ) );
#5754 = CARTESIAN_POINT ( 'NONE',  ( 2.175000000000000266, -0.3150000000000000022, -2.500000000000000000 ) ) ;
#5755 =( LENGTH_UNIT ( ) NAMED_UNIT ( * ) SI_UNIT ( .MILLI., .METRE. ) );
#5756 = CARTESIAN_POINT ( 'NONE',  ( -3.810000000000000053, -0.7500000000000000000, -2.500000000000000000 ) ) ;
#5757 = CARTESIAN_POINT ( 'NONE',  ( 0.000000000000000000, 0.000000000000000000, -1.000000000000000000 ) ) ;
#5758 = LINE ( 'NONE', #8398, #8037 ) ;
#5759 = EDGE_LOOP ( 'NONE', ( #7148, #7933, #443, #1078 ) ) ;
#5760 = ORIENTED_EDGE ( 'NONE', *, *, #3500, .F. ) ;
#5761 = VECTOR ( 'NONE', #4793, 1000.000000000000000 ) ;
#5762 = COLOUR_RGB ( '',0.5607843137254902022, 0.6470588235294117974, 0.6352941176470587870 ) ;
#5763 =( LENGTH_UNIT ( ) NAMED_UNIT ( * ) SI_UNIT ( .MILLI., .METRE. ) );
#5764 = DIRECTION ( 'NONE',  ( -0.5773502691896251759, 0.5773502691896251759, -0.5773502691896270633 ) ) ;
#5765 = ORIENTED_EDGE ( 'NONE', *, *, #1488, .F. ) ;
#5766 = EDGE_CURVE ( 'NONE', #1317, #2633, #6290, .T. ) ;
#5767 = ADVANCED_FACE ( 'NONE', ( #2142 ), #128, .T. ) ;
#5768 = CARTESIAN_POINT ( 'NONE',  ( -3.810000000000000053, 1.250000000000000000, 0.000000000000000000 ) ) ;
#5769 = MECHANICAL_DESIGN_GEOMETRIC_PRESENTATION_REPRESENTATION (  '', ( #7914 ), #3661 ) ;
#5770 =( NAMED_UNIT ( * ) SI_UNIT ( $, .STERADIAN. ) SOLID_ANGLE_UNIT ( ) );
#5771 = ORIENTED_EDGE ( 'NONE', *, *, #2131, .T. ) ;
#5772 = CARTESIAN_POINT ( 'NONE',  ( -3.810000000000000053, 0.9499999999999999556, -1.810000000000000053 ) ) ;
#5773 = LINE ( 'NONE', #4475, #2542 ) ;
#5774 = ORIENTED_EDGE ( 'NONE', *, *, #8103, .T. ) ;
#5775 = AXIS2_PLACEMENT_3D ( 'NONE', #6737, #5909, #4183 ) ;
#5776 = ORIENTED_EDGE ( 'NONE', *, *, #7194, .F. ) ;
#5777 = STYLED_ITEM ( 'NONE', ( #8107 ), #6253 ) ;
#5778 =( NAMED_UNIT ( * ) SI_UNIT ( $, .STERADIAN. ) SOLID_ANGLE_UNIT ( ) );
#5779 = EDGE_CURVE ( 'NONE', #4857, #3702, #3412, .T. ) ;
#5780 = DIRECTION ( 'NONE',  ( -1.000000000000000000, 0.000000000000000000, 0.000000000000000000 ) ) ;
#5781 = PLANE ( 'NONE',  #1294 ) ;
#5782 =( NAMED_UNIT ( * ) PLANE_ANGLE_UNIT ( ) SI_UNIT ( $, .RADIAN. ) );
#5783 = STYLED_ITEM ( 'NONE', ( #2664 ), #6412 ) ;
#5784 = DIRECTION ( 'NONE',  ( 0.7071067811865463515, 0.000000000000000000, -0.7071067811865487940 ) ) ;
#5785 = CARTESIAN_POINT ( 'NONE',  ( 3.409999999999999698, 1.250000000000000000, -0.9899999999999995470 ) ) ;
#5786 = LINE ( 'NONE', #4393, #2005 ) ;
#5787 = ORIENTED_EDGE ( 'NONE', *, *, #867, .T. ) ;
#5788 = CARTESIAN_POINT ( 'NONE',  ( 0.8699999999999996625, 0.7500000000000000000, -2.799999999999999822 ) ) ;
#5789 =( GEOMETRIC_REPRESENTATION_CONTEXT ( 3 ) GLOBAL_UNCERTAINTY_ASSIGNED_CONTEXT ( ( #2174 ) ) GLOBAL_UNIT_ASSIGNED_CONTEXT ( ( #1424, #70, #1335 ) ) REPRESENTATION_CONTEXT ( 'NONE', 'WORKASPACE' ) );
#5790 = CARTESIAN_POINT ( 'NONE',  ( -2.274999999999999911, -0.2784380551032344941, 6.140192378864673728 ) ) ;
#5791 = AXIS2_PLACEMENT_3D ( 'NONE', #631, #3313, #5999 ) ;
#5792 = ORIENTED_EDGE ( 'NONE', *, *, #1488, .T. ) ;
#5793 = DIRECTION ( 'NONE',  ( -0.7071067811865474617, 0.7071067811865474617, 0.000000000000000000 ) ) ;
#5794 = LINE ( 'NONE', #5740, #8048 ) ;
#5795 = DIRECTION ( 'NONE',  ( 1.000000000000000000, 0.000000000000000000, 0.000000000000000000 ) ) ;
#5796 = PRESENTATION_STYLE_ASSIGNMENT (( #3775 ) ) ;
#5797 = CARTESIAN_POINT ( 'NONE',  ( -2.890355339059327289, 0.3003553390593273753, -5.494846997554885704 ) ) ;
#5798 = CARTESIAN_POINT ( 'NONE',  ( -3.510000000000000231, 1.250000000000000000, 6.699999999999999289 ) ) ;
#5799 = CARTESIAN_POINT ( 'NONE',  ( 2.805000000000000160, -0.2650000000000000133, -1.609045455704950278 ) ) ;
#5800 =( NAMED_UNIT ( * ) SI_UNIT ( $, .STERADIAN. ) SOLID_ANGLE_UNIT ( ) );
#5801 = FILL_AREA_STYLE ('',( #8432 ) ) ;
#5802 = ORIENTED_EDGE ( 'NONE', *, *, #7358, .T. ) ;
#5803 = FACE_OUTER_BOUND ( 'NONE', #1515, .T. ) ;
#5804 = FILL_AREA_STYLE ('',( #2514 ) ) ;
#5805 = ORIENTED_EDGE ( 'NONE', *, *, #5597, .F. ) ;
#5806 = CARTESIAN_POINT ( 'NONE',  ( -0.3649999999999998801, 0.2650000000000000133, 6.140192378864673728 ) ) ;
#5807 = LINE ( 'NONE', #7767, #1727 ) ;
#5808 =( LENGTH_UNIT ( ) NAMED_UNIT ( * ) SI_UNIT ( .MILLI., .METRE. ) );
#5809 = ORIENTED_EDGE ( 'NONE', *, *, #4333, .T. ) ;
#5810 =( LENGTH_UNIT ( ) NAMED_UNIT ( * ) SI_UNIT ( .MILLI., .METRE. ) );
#5811 = SURFACE_STYLE_FILL_AREA ( #6993 ) ;
#5812 = ORIENTED_EDGE ( 'NONE', *, *, #7281, .T. ) ;
#5813 = CARTESIAN_POINT ( 'NONE',  ( -0.3149999999999998357, -0.3150000000000000022, -5.440192378864675327 ) ) ;
#5814 =( NAMED_UNIT ( * ) PLANE_ANGLE_UNIT ( ) SI_UNIT ( $, .RADIAN. ) );
#5815 = PRESENTATION_STYLE_ASSIGNMENT (( #4422 ) ) ;
#5816 = ORIENTED_EDGE ( 'NONE', *, *, #3960, .T. ) ;
#5817 = ORIENTED_EDGE ( 'NONE', *, *, #2507, .T. ) ;
#5818 = EDGE_CURVE ( 'NONE', #4570, #8730, #6868, .T. ) ;
#5819 = PRESENTATION_LAYER_ASSIGNMENT (  '', '', ( #8242 ) ) ;
#5820 = SURFACE_SIDE_STYLE ('',( #7198 ) ) ;
#5821 = ORIENTED_EDGE ( 'NONE', *, *, #269, .F. ) ;
#5822 = CARTESIAN_POINT ( 'NONE',  ( -1.670000000000000373, -1.249999999999999556, 6.699999999999999289 ) ) ;
#5823 = VECTOR ( 'NONE', #8748, 1000.000000000000000 ) ;
#5824 = AXIS2_PLACEMENT_3D ( 'NONE', #5417, #192, #7527 ) ;
#5825 = ORIENTED_EDGE ( 'NONE', *, *, #511, .F. ) ;
#5826 = CARTESIAN_POINT ( 'NONE',  ( -3.810000000000000053, 1.250000000000000000, -2.499999999999999112 ) ) ;
#5827 = CARTESIAN_POINT ( 'NONE',  ( -3.810000000000000053, -0.9499999999999995115, -2.499999999999998668 ) ) ;
#5828 = ORIENTED_EDGE ( 'NONE', *, *, #2230, .F. ) ;
#5829 = ORIENTED_EDGE ( 'NONE', *, *, #2630, .T. ) ;
#5830 = EDGE_CURVE ( 'NONE', #5505, #4728, #3131, .T. ) ;
#5831 = EDGE_CURVE ( 'NONE', #6218, #1059, #531, .T. ) ;
#5832 =( GEOMETRIC_REPRESENTATION_CONTEXT ( 3 ) GLOBAL_UNCERTAINTY_ASSIGNED_CONTEXT ( ( #8425 ) ) GLOBAL_UNIT_ASSIGNED_CONTEXT ( ( #3031, #2463, #1764 ) ) REPRESENTATION_CONTEXT ( 'NONE', 'WORKASPACE' ) );
#5833 = AXIS2_PLACEMENT_3D ( 'NONE', #807, #8280, #6837 ) ;
#5834 = PRESENTATION_STYLE_ASSIGNMENT (( #4874 ) ) ;
#5835 = EDGE_LOOP ( 'NONE', ( #7850, #5584, #3790, #216, #6810, #6257 ) ) ;
#5836 = DIRECTION ( 'NONE',  ( 0.000000000000000000, 0.000000000000000000, 1.000000000000000000 ) ) ;
#5837 = DIRECTION ( 'NONE',  ( -0.000000000000000000, 1.000000000000000000, 0.000000000000000000 ) ) ;
#5838 = DIRECTION ( 'NONE',  ( 0.000000000000000000, 0.000000000000000000, -1.000000000000000000 ) ) ;
#5839 =( LENGTH_UNIT ( ) NAMED_UNIT ( * ) SI_UNIT ( .MILLI., .METRE. ) );
#5840 = EDGE_CURVE ( 'NONE', #5864, #5522, #490, .T. ) ;
#5841 = CARTESIAN_POINT ( 'NONE',  ( -3.810000000000000053, 0.7500000000000000000, -2.500000000000000000 ) ) ;
#5842 = SURFACE_SIDE_STYLE ('',( #4452 ) ) ;
#5843 = FILL_AREA_STYLE ('',( #3162 ) ) ;
#5844 = SURFACE_STYLE_USAGE ( .BOTH. , #5153 ) ;
#5845 = SURFACE_STYLE_FILL_AREA ( #7847 ) ;
#5846 =( NAMED_UNIT ( * ) SI_UNIT ( $, .STERADIAN. ) SOLID_ANGLE_UNIT ( ) );
#5847 = FILL_AREA_STYLE ('',( #1155 ) ) ;
#5848 = VERTEX_POINT ( 'NONE', #2568 ) ;
#5849 = FACE_OUTER_BOUND ( 'NONE', #7501, .T. ) ;
#5850 = CARTESIAN_POINT ( 'NONE',  ( 3.409999999999999698, 1.250000000000000000, -2.799999999999999822 ) ) ;
#5851 = DIRECTION ( 'NONE',  ( 0.2505628070857343070, 0.2505628070857343070, -0.9351131265310277385 ) ) ;
#5852 = FILL_AREA_STYLE_COLOUR ( '', #254 ) ;
#5853 = EDGE_LOOP ( 'NONE', ( #2795, #3905, #3267, #4861 ) ) ;
#5854 = VERTEX_POINT ( 'NONE', #5806 ) ;
#5855 = CARTESIAN_POINT ( 'NONE',  ( -2.905000000000000249, 0.3150000000000000022, -5.440192378864675327 ) ) ;
#5856 = PRESENTATION_STYLE_ASSIGNMENT (( #1243 ) ) ;
#5857 =( NAMED_UNIT ( * ) PLANE_ANGLE_UNIT ( ) SI_UNIT ( $, .RADIAN. ) );
#5858 = DIRECTION ( 'NONE',  ( 0.000000000000000000, 0.000000000000000000, 1.000000000000000000 ) ) ;
#5859 = ORIENTED_EDGE ( 'NONE', *, *, #1051, .T. ) ;
#5860 = DIRECTION ( 'NONE',  ( -0.000000000000000000, -1.000000000000000000, -0.000000000000000000 ) ) ;
#5861 = DIRECTION ( 'NONE',  ( 0.000000000000000000, -1.000000000000000000, 0.000000000000000000 ) ) ;
#5862 = CARTESIAN_POINT ( 'NONE',  ( 2.199146800830129589, 0.3098574789487829606, 6.159384528706809192 ) ) ;
#5863 = VERTEX_POINT ( 'NONE', #4416 ) ;
#5864 = VERTEX_POINT ( 'NONE', #1106 ) ;
#5865 = MECHANICAL_DESIGN_GEOMETRIC_PRESENTATION_REPRESENTATION (  '', ( #8573 ), #2085 ) ;
#5866 = ORIENTED_EDGE ( 'NONE', *, *, #2491, .T. ) ;
#5867 = EDGE_CURVE ( 'NONE', #3692, #4959, #1882, .T. ) ;
#5868 = LINE ( 'NONE', #3755, #228 ) ;
#5869 = STYLED_ITEM ( 'NONE', ( #1586 ), #7057 ) ;
#5870 = SURFACE_SIDE_STYLE ('',( #3180 ) ) ;
#5871 = DIRECTION ( 'NONE',  ( 0.000000000000000000, 0.000000000000000000, -1.000000000000000000 ) ) ;
#5872 = DIRECTION ( 'NONE',  ( 1.000000000000000000, 0.000000000000000000, 0.000000000000000000 ) ) ;
#5873 = LINE ( 'NONE', #8596, #7585 ) ;
#5874 = ORIENTED_EDGE ( 'NONE', *, *, #3545, .T. ) ;
#5875 = EDGE_LOOP ( 'NONE', ( #8682, #8586, #1904, #7833, #7199, #7017 ) ) ;
#5876 = MECHANICAL_DESIGN_GEOMETRIC_PRESENTATION_REPRESENTATION (  '', ( #227 ), #2791 ) ;
#5877 =( GEOMETRIC_REPRESENTATION_CONTEXT ( 3 ) GLOBAL_UNCERTAINTY_ASSIGNED_CONTEXT ( ( #7252 ) ) GLOBAL_UNIT_ASSIGNED_CONTEXT ( ( #7966, #5782, #3707 ) ) REPRESENTATION_CONTEXT ( 'NONE', 'WORKASPACE' ) );
#5878 =( NAMED_UNIT ( * ) SI_UNIT ( $, .STERADIAN. ) SOLID_ANGLE_UNIT ( ) );
#5879 = PRESENTATION_LAYER_ASSIGNMENT (  '', '', ( #8727 ) ) ;
#5880 = ADVANCED_FACE ( 'NONE', ( #6382 ), #5163, .F. ) ;
#5881 = EDGE_CURVE ( 'NONE', #1839, #5705, #336, .T. ) ;
#5882 = ORIENTED_EDGE ( 'NONE', *, *, #4768, .T. ) ;
#5883 = FILL_AREA_STYLE_COLOUR ( '', #6400 ) ;
#5884 = VECTOR ( 'NONE', #6284, 1000.000000000000000 ) ;
#5885 =( BOUNDED_CURVE ( )  B_SPLINE_CURVE ( 3, ( #3638, #6336, #8261, #962 ),
 .UNSPECIFIED., .F., .F. ) 
 B_SPLINE_CURVE_WITH_KNOTS ( ( 4, 4 ),
 ( 2.356194490192341728, 3.141592653589793116 ),
 .UNSPECIFIED. ) 
 CURVE ( )  GEOMETRIC_REPRESENTATION_ITEM ( )  RATIONAL_B_SPLINE_CURVE ( ( 1.000000000000000000, 0.9492530216741906779, 0.9492530216741906779, 1.000000000000000000 ) ) 
 REPRESENTATION_ITEM ( '' )  );
#5886 =( NAMED_UNIT ( * ) PLANE_ANGLE_UNIT ( ) SI_UNIT ( $, .RADIAN. ) );
#5887 = FILL_AREA_STYLE_COLOUR ( '', #5291 ) ;
#5888 = FILL_AREA_STYLE_COLOUR ( '', #120 ) ;
#5889 = PLANE ( 'NONE',  #2244 ) ;
#5890 = MECHANICAL_DESIGN_GEOMETRIC_PRESENTATION_REPRESENTATION (  '', ( #8446 ), #5461 ) ;
#5891 = SURFACE_STYLE_USAGE ( .BOTH. , #3198 ) ;
#5892 = SURFACE_SIDE_STYLE ('',( #1048 ) ) ;
#5893 = VECTOR ( 'NONE', #6477, 1000.000000000000000 ) ;
#5894 = MECHANICAL_DESIGN_GEOMETRIC_PRESENTATION_REPRESENTATION (  '', ( #2941 ), #8172 ) ;
#5895 = EDGE_CURVE ( 'NONE', #2616, #2243, #7856, .T. ) ;
#5896 = CARTESIAN_POINT ( 'NONE',  ( -0.3649999999999998801, 0.2784380551032345497, -5.440192378864675327 ) ) ;
#5898 = LINE ( 'NONE', #3533, #4496 ) ;
#5897 =( GEOMETRIC_REPRESENTATION_CONTEXT ( 3 ) GLOBAL_UNCERTAINTY_ASSIGNED_CONTEXT ( ( #8010 ) ) GLOBAL_UNIT_ASSIGNED_CONTEXT ( ( #5385, #6688, #1373 ) ) REPRESENTATION_CONTEXT ( 'NONE', 'WORKASPACE' ) );
#5899 = ADVANCED_FACE ( 'NONE', ( #2382 ), #7128, .F. ) ;
#5900 = LINE ( 'NONE', #2694, #1691 ) ;
#5901 = CARTESIAN_POINT ( 'NONE',  ( -0.9699999999999999734, 1.250000000000000000, -2.799999999999999822 ) ) ;
#5902 = SURFACE_STYLE_USAGE ( .BOTH. , #4018 ) ;
#5903 = VECTOR ( 'NONE', #7972, 1000.000000000000000 ) ;
#5904 = VERTEX_POINT ( 'NONE', #2610 ) ;
#5905 = ORIENTED_EDGE ( 'NONE', *, *, #4967, .T. ) ;
#5906 = PRESENTATION_STYLE_ASSIGNMENT (( #8538 ) ) ;
#5907 = CARTESIAN_POINT ( 'NONE',  ( 2.540000000000000036, 0.1650000000000000633, 6.700000000000000178 ) ) ;
#5908 = ORIENTED_EDGE ( 'NONE', *, *, #7281, .F. ) ;
#5909 = DIRECTION ( 'NONE',  ( -0.7071067811865475727, 0.7071067811865475727, 0.000000000000000000 ) ) ;
#5910 = CARTESIAN_POINT ( 'NONE',  ( 2.754999999999999893, -0.3150000000000000022, -1.609045455704950278 ) ) ;
#5911 = VERTEX_POINT ( 'NONE', #4697 ) ;
#5912 = PRODUCT_DEFINITION_CONTEXT ( 'detailed design', #7542, 'design' ) ;
#5913 = MECHANICAL_DESIGN_GEOMETRIC_PRESENTATION_REPRESENTATION (  '', ( #4537 ), #6186 ) ;
#5914 = MECHANICAL_DESIGN_GEOMETRIC_PRESENTATION_REPRESENTATION (  '', ( #5360 ), #2256 ) ;
#5915 = VECTOR ( 'NONE', #445, 1000.000000000000000 ) ;
#5916 = VERTEX_POINT ( 'NONE', #8089 ) ;
#5917 = VECTOR ( 'NONE', #6172, 1000.000000000000000 ) ;
#5918 = CARTESIAN_POINT ( 'NONE',  ( 3.810000000000000053, 1.250000000000000000, 0.000000000000000000 ) ) ;
#5919 = ORIENTED_EDGE ( 'NONE', *, *, #4502, .T. ) ;
#5920 = CARTESIAN_POINT ( 'NONE',  ( -3.510000000000000231, 1.250000000000000000, -2.799999999999999822 ) ) ;
#5921 = SURFACE_SIDE_STYLE ('',( #79 ) ) ;
#5922 = CYLINDRICAL_SURFACE ( 'NONE', #245, 0.05000000000000012768 ) ;
#5923 = ORIENTED_EDGE ( 'NONE', *, *, #5748, .F. ) ;
#5924 = VECTOR ( 'NONE', #8668, 1000.000000000000000 ) ;
#5925 = UNCERTAINTY_MEASURE_WITH_UNIT (LENGTH_MEASURE( 1.000000000000000082E-05 ), #5994, 'distance_accuracy_value', 'NONE');
#5926 = VECTOR ( 'NONE', #3094, 1000.000000000000114 ) ;
#5927 = VECTOR ( 'NONE', #6616, 1000.000000000000114 ) ;
#5928 = CARTESIAN_POINT ( 'NONE',  ( -3.810000000000000053, -1.250000000000000000, 0.000000000000000000 ) ) ;
#5929 = MECHANICAL_DESIGN_GEOMETRIC_PRESENTATION_REPRESENTATION (  '', ( #4811 ), #2703 ) ;
#5930 = VERTEX_POINT ( 'NONE', #4021 ) ;
#5931 = LINE ( 'NONE', #5190, #2961 ) ;
#5932 = CARTESIAN_POINT ( 'NONE',  ( 2.790355339059327644, 0.3003553390593273198, 6.194846997554884105 ) ) ;
#5933 = UNCERTAINTY_MEASURE_WITH_UNIT (LENGTH_MEASURE( 1.000000000000000082E-05 ), #2166, 'distance_accuracy_value', 'NONE');
#5934 = CARTESIAN_POINT ( 'NONE',  ( 3.810000000000000053, -1.250000000000000000, 0.000000000000000000 ) ) ;
#5935 = LINE ( 'NONE', #7938, #3514 ) ;
#5936 = EDGE_CURVE ( 'NONE', #1055, #4325, #6692, .T. ) ;
#5937 = ADVANCED_FACE ( 'NONE', ( #6075 ), #5337, .T. ) ;
#5938 = COLOUR_RGB ( '',0.8509803921568627194, 0.8509803921568627194, 0.8509803921568627194 ) ;
#5939 = PRESENTATION_STYLE_ASSIGNMENT (( #6682 ) ) ;
#5940 = FILL_AREA_STYLE_COLOUR ( '', #4968 ) ;
#5941 =( NAMED_UNIT ( * ) SI_UNIT ( $, .STERADIAN. ) SOLID_ANGLE_UNIT ( ) );
#5942 =( NAMED_UNIT ( * ) PLANE_ANGLE_UNIT ( ) SI_UNIT ( $, .RADIAN. ) );
#5943 = VECTOR ( 'NONE', #7720, 1000.000000000000000 ) ;
#5944 = VERTEX_POINT ( 'NONE', #740 ) ;
#5945 = PRESENTATION_LAYER_ASSIGNMENT (  '', '', ( #6228 ) ) ;
#5946 = CARTESIAN_POINT ( 'NONE',  ( 2.655000000000000249, 0.000000000000000000, -6.000000000000000000 ) ) ;
#5947 = VERTEX_POINT ( 'NONE', #6029 ) ;
#5948 = ORIENTED_EDGE ( 'NONE', *, *, #4713, .T. ) ;
#5949 = LINE ( 'NONE', #8046, #5924 ) ;
#5950 = ADVANCED_FACE ( 'NONE', ( #7411 ), #1422, .F. ) ;
#5951 = DIRECTION ( 'NONE',  ( -0.000000000000000000, -1.000000000000000000, -0.000000000000000000 ) ) ;
#5952 = EDGE_LOOP ( 'NONE', ( #3897, #4105, #5187, #7942, #7769 ) ) ;
#5953 = ORIENTED_EDGE ( 'NONE', *, *, #72, .F. ) ;
#5954 = CARTESIAN_POINT ( 'NONE',  ( -1.270000000000000240, 0.9499999999999996225, 6.699999999999999289 ) ) ;
#5955 = FILL_AREA_STYLE ('',( #4656 ) ) ;
#5956 = ORIENTED_EDGE ( 'NONE', *, *, #1107, .F. ) ;
#5957 = FACE_OUTER_BOUND ( 'NONE', #2178, .T. ) ;
#5958 = FILL_AREA_STYLE ('',( #4705 ) ) ;
#5959 = ORIENTED_EDGE ( 'NONE', *, *, #451, .T. ) ;
#5960 = DIRECTION ( 'NONE',  ( -0.2588190451024934280, 0.9659258262890755287, 0.000000000000000000 ) ) ;
#5961 = FILL_AREA_STYLE_COLOUR ( '', #2521 ) ;
#5962 = UNCERTAINTY_MEASURE_WITH_UNIT (LENGTH_MEASURE( 1.000000000000000082E-05 ), #3385, 'distance_accuracy_value', 'NONE');
#5963 = ORIENTED_EDGE ( 'NONE', *, *, #2762, .T. ) ;
#5964 = SURFACE_STYLE_USAGE ( .BOTH. , #3757 ) ;
#5965 = DIRECTION ( 'NONE',  ( 0.000000000000000000, -0.000000000000000000, -1.000000000000000000 ) ) ;
#5966 = VECTOR ( 'NONE', #2834, 1000.000000000000000 ) ;
#5967 = SURFACE_STYLE_USAGE ( .BOTH. , #6580 ) ;
#5968 = VERTEX_POINT ( 'NONE', #3260 ) ;
#5969 = DIRECTION ( 'NONE',  ( 0.000000000000000000, 1.000000000000000000, 0.000000000000000000 ) ) ;
#5970 =( GEOMETRIC_REPRESENTATION_CONTEXT ( 3 ) GLOBAL_UNCERTAINTY_ASSIGNED_CONTEXT ( ( #5494 ) ) GLOBAL_UNIT_ASSIGNED_CONTEXT ( ( #5707, #7124, #7079 ) ) REPRESENTATION_CONTEXT ( 'NONE', 'WORKASPACE' ) );
#5971 = CARTESIAN_POINT ( 'NONE',  ( -0.2000000000000005107, -4.859999999999999432, -1.800000000000000044 ) ) ;
#5972 = ORIENTED_EDGE ( 'NONE', *, *, #7518, .F. ) ;
#5973 =( NAMED_UNIT ( * ) PLANE_ANGLE_UNIT ( ) SI_UNIT ( $, .RADIAN. ) );
#5974 = LINE ( 'NONE', #3324, #5686 ) ;
#5975 =( NAMED_UNIT ( * ) PLANE_ANGLE_UNIT ( ) SI_UNIT ( $, .RADIAN. ) );
#5976 = LINE ( 'NONE', #2639, #7398 ) ;
#5977 = FILL_AREA_STYLE_COLOUR ( '', #4368 ) ;
#5978 = SURFACE_STYLE_USAGE ( .BOTH. , #3292 ) ;
#5979 = CARTESIAN_POINT ( 'NONE',  ( -1.670000000000000373, 1.250000000000000000, 0.000000000000000000 ) ) ;
#5980 = MECHANICAL_DESIGN_GEOMETRIC_PRESENTATION_REPRESENTATION (  '', ( #3880 ), #4447 ) ;
#5981 = SURFACE_STYLE_USAGE ( .BOTH. , #1196 ) ;
#5982 = EDGE_CURVE ( 'NONE', #579, #3455, #5949, .T. ) ;
#5983 = DIRECTION ( 'NONE',  ( 1.000000000000000000, 0.000000000000000000, 0.000000000000000000 ) ) ;
#5984 = CARTESIAN_POINT ( 'NONE',  ( 2.540000000000000036, 0.000000000000000000, -6.000000000000000000 ) ) ;
#5985 = PLANE ( 'NONE',  #3619 ) ;
#5986 = VERTEX_POINT ( 'NONE', #1459 ) ;
#5987 = ORIENTED_EDGE ( 'NONE', *, *, #2189, .T. ) ;
#5988 = FILL_AREA_STYLE ('',( #8170 ) ) ;
#5989 = DIRECTION ( 'NONE',  ( 1.000000000000000000, 0.000000000000000000, 0.000000000000000000 ) ) ;
#5990 = FILL_AREA_STYLE ('',( #3341 ) ) ;
#5991 =( NAMED_UNIT ( * ) PLANE_ANGLE_UNIT ( ) SI_UNIT ( $, .RADIAN. ) );
#5992 = PLANE ( 'NONE',  #6550 ) ;
#5993 = ORIENTED_EDGE ( 'NONE', *, *, #1325, .F. ) ;
#5994 =( LENGTH_UNIT ( ) NAMED_UNIT ( * ) SI_UNIT ( .MILLI., .METRE. ) );
#5995 = EDGE_CURVE ( 'NONE', #3142, #1168, #6812, .T. ) ;
#5996 = EDGE_CURVE ( 'NONE', #6278, #6769, #3456, .T. ) ;
#5997 = CARTESIAN_POINT ( 'NONE',  ( 2.799857478948783562, -0.2908531991698716235, -5.459384528706809903 ) ) ;
#5998 = UNCERTAINTY_MEASURE_WITH_UNIT (LENGTH_MEASURE( 1.000000000000000082E-05 ), #3811, 'distance_accuracy_value', 'NONE');
#5999 = DIRECTION ( 'NONE',  ( 1.000000000000000000, 0.000000000000000000, 0.000000000000000000 ) ) ;
#6000 = ORIENTED_EDGE ( 'NONE', *, *, #3299, .F. ) ;
#6001 = SURFACE_SIDE_STYLE ('',( #7424 ) ) ;
#6002 = ADVANCED_FACE ( 'NONE', ( #2292 ), #6976, .F. ) ;
#6003 = LINE ( 'NONE', #5315, #960 ) ;
#6004 = PRESENTATION_STYLE_ASSIGNMENT (( #6708 ) ) ;
#6005 = LINE ( 'NONE', #5179, #6032 ) ;
#6006 = ORIENTED_EDGE ( 'NONE', *, *, #2627, .T. ) ;
#6007 = PRESENTATION_STYLE_ASSIGNMENT (( #4588 ) ) ;
#6008 = MECHANICAL_DESIGN_GEOMETRIC_PRESENTATION_REPRESENTATION (  '', ( #6432 ), #6978 ) ;
#6009 = ORIENTED_EDGE ( 'NONE', *, *, #8450, .F. ) ;
#6010 = LINE ( 'NONE', #806, #3364 ) ;
#6011 = LINE ( 'NONE', #7890, #7254 ) ;
#6012 = ORIENTED_EDGE ( 'NONE', *, *, #4757, .T. ) ;
#6013 = PRESENTATION_STYLE_ASSIGNMENT (( #4682 ) ) ;
#6014 = STYLED_ITEM ( 'NONE', ( #7859 ), #7351 ) ;
#6015 = FILL_AREA_STYLE ('',( #2041 ) ) ;
#6016 = CARTESIAN_POINT ( 'NONE',  ( 1.269999999999999796, 0.8499999999999998668, 6.699999999999999289 ) ) ;
#6017 = AXIS2_PLACEMENT_3D ( 'NONE', #7173, #7988, #1952 ) ;
#6018 = DIRECTION ( 'NONE',  ( 0.9659258262890677571, 0.000000000000000000, -0.2588190451025230709 ) ) ;
#6019 = PRESENTATION_LAYER_ASSIGNMENT (  '', '', ( #234 ) ) ;
#6020 = FILL_AREA_STYLE_COLOUR ( '', #4948 ) ;
#6021 = SURFACE_STYLE_USAGE ( .BOTH. , #1328 ) ;
#6022 = LINE ( 'NONE', #1289, #6464 ) ;
#6023 = SURFACE_SIDE_STYLE ('',( #1419 ) ) ;
#6024 =( NAMED_UNIT ( * ) PLANE_ANGLE_UNIT ( ) SI_UNIT ( $, .RADIAN. ) );
#6025 = VECTOR ( 'NONE', #3574, 1000.000000000000000 ) ;
#6026 = CARTESIAN_POINT ( 'NONE',  ( 0.8699999999999996625, -0.7500000000000000000, -2.799999999999999822 ) ) ;
#6027 = ORIENTED_EDGE ( 'NONE', *, *, #7971, .F. ) ;
#6028 = ORIENTED_EDGE ( 'NONE', *, *, #4052, .T. ) ;
#6029 = CARTESIAN_POINT ( 'NONE',  ( 1.269999999999999796, -0.8499999999999994227, -2.399999999999998579 ) ) ;
#6030 = AXIS2_PLACEMENT_3D ( 'NONE', #1099, #1318, #2998 ) ;
#6031 = FILL_AREA_STYLE_COLOUR ( '', #2663 ) ;
#6032 = VECTOR ( 'NONE', #7974, 1000.000000000000000 ) ;
#6033 = COLOUR_RGB ( '',0.8509803921568627194, 0.8509803921568627194, 0.8509803921568627194 ) ;
#6034 =( NAMED_UNIT ( * ) SI_UNIT ( $, .STERADIAN. ) SOLID_ANGLE_UNIT ( ) );
#6035 = CARTESIAN_POINT ( 'NONE',  ( 0.000000000000000000, 0.000000000000000000, 0.000000000000000000 ) ) ;
#6036 = EDGE_LOOP ( 'NONE', ( #2020, #6364, #2478, #7636 ) ) ;
#6037 = DIRECTION ( 'NONE',  ( 0.7071067811865487940, -0.000000000000000000, 0.7071067811865463515 ) ) ;
#6038 = DIRECTION ( 'NONE',  ( -0.000000000000000000, -0.000000000000000000, -1.000000000000000000 ) ) ;
#6039 = STYLED_ITEM ( 'NONE', ( #5477 ), #7944 ) ;
#6040 = DIRECTION ( 'NONE',  ( 0.5773502691896251759, 0.5773502691896251759, 0.5773502691896270633 ) ) ;
#6041 = PRESENTATION_LAYER_ASSIGNMENT (  '', '', ( #565 ) ) ;
#6042 = VECTOR ( 'NONE', #6147, 1000.000000000000000 ) ;
#6043 = ADVANCED_FACE ( 'NONE', ( #7572 ), #5535, .T. ) ;
#6044 = EDGE_CURVE ( 'NONE', #5118, #8537, #1592, .T. ) ;
#6045 = SURFACE_SIDE_STYLE ('',( #3351 ) ) ;
#6046 = ORIENTED_EDGE ( 'NONE', *, *, #7727, .T. ) ;
#6047 = DIRECTION ( 'NONE',  ( 0.000000000000000000, 0.000000000000000000, -1.000000000000000000 ) ) ;
#6048 = CARTESIAN_POINT ( 'NONE',  ( -0.3149999999999998357, 0.3150000000000000022, -5.440192378864675327 ) ) ;
#6049 = LINE ( 'NONE', #5399, #4771 ) ;
#6050 = LINE ( 'NONE', #2672, #1278 ) ;
#6051 = PLANE ( 'NONE',  #406 ) ;
#6052 = ORIENTED_EDGE ( 'NONE', *, *, #1829, .T. ) ;
#6053 = MECHANICAL_DESIGN_GEOMETRIC_PRESENTATION_REPRESENTATION (  '', ( #5366 ), #2549 ) ;
#6054 = PRESENTATION_LAYER_ASSIGNMENT (  '', '', ( #8737 ) ) ;
#6055 = EDGE_CURVE ( 'NONE', #1282, #1653, #3538, .T. ) ;
#6056 = CIRCLE ( 'NONE', #8058, 0.04999999999999999584 ) ;
#6057 = SURFACE_STYLE_USAGE ( .BOTH. , #6671 ) ;
#6058 = STYLED_ITEM ( 'NONE', ( #5906 ), #5880 ) ;
#6059 = CARTESIAN_POINT ( 'NONE',  ( -2.325000000000000178, 0.2650000000000000133, 0.000000000000000000 ) ) ;
#6060 = DIRECTION ( 'NONE',  ( -0.5773502691896251759, 0.5773502691896251759, -0.5773502691896270633 ) ) ;
#6061 = CARTESIAN_POINT ( 'NONE',  ( -3.510000000000000231, 1.250000000000000000, 0.000000000000000000 ) ) ;
#6062 = VECTOR ( 'NONE', #4810, 1000.000000000000114 ) ;
#6063 = VECTOR ( 'NONE', #4560, 1000.000000000000000 ) ;
#6064 = CARTESIAN_POINT ( 'NONE',  ( -0.3149999999999998357, 0.3150000000000000022, -5.440192378864675327 ) ) ;
#6065 = FILL_AREA_STYLE_COLOUR ( '', #680 ) ;
#6066 = VECTOR ( 'NONE', #7564, 1000.000000000000000 ) ;
#6067 = FILL_AREA_STYLE ('',( #3532 ) ) ;
#6068 =( NAMED_UNIT ( * ) PLANE_ANGLE_UNIT ( ) SI_UNIT ( $, .RADIAN. ) );
#6069 = CARTESIAN_POINT ( 'NONE',  ( -2.754999999999999893, 0.000000000000000000, 6.700000000000000178 ) ) ;
#6070 = CARTESIAN_POINT ( 'NONE',  ( 0.2150000000000000522, 0.2650000000000000133, -0.8909545442950493888 ) ) ;
#6071 = MECHANICAL_DESIGN_GEOMETRIC_PRESENTATION_REPRESENTATION (  '', ( #1007 ), #4398 ) ;
#6072 = VERTEX_POINT ( 'NONE', #908 ) ;
#6073 = CARTESIAN_POINT ( 'NONE',  ( -3.810000000000000053, 0.9499999999999999556, -1.810000000000000053 ) ) ;
#6074 = VERTEX_POINT ( 'NONE', #6276 ) ;
#6075 = FACE_OUTER_BOUND ( 'NONE', #6715, .T. ) ;
#6076 = SURFACE_STYLE_USAGE ( .BOTH. , #2777 ) ;
#6077 = DIRECTION ( 'NONE',  ( 0.000000000000000000, 0.000000000000000000, 1.000000000000000000 ) ) ;
#6078 =( GEOMETRIC_REPRESENTATION_CONTEXT ( 3 ) GLOBAL_UNCERTAINTY_ASSIGNED_CONTEXT ( ( #4217 ) ) GLOBAL_UNIT_ASSIGNED_CONTEXT ( ( #2383, #6216, #2255 ) ) REPRESENTATION_CONTEXT ( 'NONE', 'WORKASPACE' ) );
#6079 = FILL_AREA_STYLE_COLOUR ( '', #434 ) ;
#6080 = CARTESIAN_POINT ( 'NONE',  ( -1.863333333333335728, -2.183333333333335791, 0.6333333333333477366 ) ) ;
#6081 = ORIENTED_EDGE ( 'NONE', *, *, #6131, .T. ) ;
#6082 = DIRECTION ( 'NONE',  ( 0.000000000000000000, 0.000000000000000000, 1.000000000000000000 ) ) ;
#6083 = SURFACE_SIDE_STYLE ('',( #4766 ) ) ;
#6084 = CARTESIAN_POINT ( 'NONE',  ( -0.2149999999999999134, -0.1650000000000000633, 6.700000000000000178 ) ) ;
#6085 = UNCERTAINTY_MEASURE_WITH_UNIT (LENGTH_MEASURE( 1.000000000000000082E-05 ), #1125, 'distance_accuracy_value', 'NONE');
#6086 = DIRECTION ( 'NONE',  ( 0.000000000000000000, 1.000000000000000000, -0.000000000000000000 ) ) ;
#6087 = PLANE ( 'NONE',  #2710 ) ;
#6088 = CARTESIAN_POINT ( 'NONE',  ( 1.570000000000000062, -1.249999999999999556, 6.699999999999999289 ) ) ;
#6089 = FILL_AREA_STYLE_COLOUR ( '', #5563 ) ;
#6090 = LINE ( 'NONE', #7477, #6446 ) ;
#6091 = EDGE_CURVE ( 'NONE', #6535, #7390, #232, .T. ) ;
#6092 = DIRECTION ( 'NONE',  ( 0.000000000000000000, 0.000000000000000000, 1.000000000000000000 ) ) ;
#6093 = ORIENTED_EDGE ( 'NONE', *, *, #3592, .T. ) ;
#6094 = ORIENTED_EDGE ( 'NONE', *, *, #1040, .T. ) ;
#6095 = UNCERTAINTY_MEASURE_WITH_UNIT (LENGTH_MEASURE( 1.000000000000000082E-05 ), #6108, 'distance_accuracy_value', 'NONE');
#6096 = CARTESIAN_POINT ( 'NONE',  ( 1.570000000000000284, 1.250000000000000000, 6.699999999999999289 ) ) ;
#6097 = PRESENTATION_STYLE_ASSIGNMENT (( #3409 ) ) ;
#6098 = DIRECTION ( 'NONE',  ( 0.2588190451024934280, -0.9659258262890755287, 0.000000000000000000 ) ) ;
#6099 = CARTESIAN_POINT ( 'NONE',  ( 2.175000000000000266, -0.2650000000000000133, -0.8909545442950493888 ) ) ;
#6100 = SURFACE_SIDE_STYLE ('',( #1580 ) ) ;
#6101 = EDGE_CURVE ( 'NONE', #422, #3990, #5700, .T. ) ;
#6102 = EDGE_CURVE ( 'NONE', #4902, #4541, #6497, .T. ) ;
#6103 = DIRECTION ( 'NONE',  ( -0.000000000000000000, -1.000000000000000000, -0.000000000000000000 ) ) ;
#6104 = UNCERTAINTY_MEASURE_WITH_UNIT (LENGTH_MEASURE( 1.000000000000000082E-05 ), #5251, 'distance_accuracy_value', 'NONE');
#6105 = CARTESIAN_POINT ( 'NONE',  ( -0.9699999999999999734, 1.250000000000000000, -2.799999999999999822 ) ) ;
#6106 = AXIS2_PLACEMENT_3D ( 'NONE', #7832, #7007, #3758 ) ;
#6107 = DIRECTION ( 'NONE',  ( 0.7071067811865474617, -0.7071067811865474617, 0.000000000000000000 ) ) ;
#6108 =( LENGTH_UNIT ( ) NAMED_UNIT ( * ) SI_UNIT ( .MILLI., .METRE. ) );
#6109 = LINE ( 'NONE', #2770, #231 ) ;
#6110 = CARTESIAN_POINT ( 'NONE',  ( 2.175000000000000711, -0.2784380551032344941, 6.140192378864673728 ) ) ;
#6111 = MECHANICAL_DESIGN_GEOMETRIC_PRESENTATION_REPRESENTATION (  '', ( #2749 ), #3024 ) ;
#6112 = AXIS2_PLACEMENT_3D ( 'NONE', #6200, #8343, #7495 ) ;
#6113 = ORIENTED_EDGE ( 'NONE', *, *, #8764, .F. ) ;
#6114 = SURFACE_STYLE_USAGE ( .BOTH. , #7997 ) ;
#6115 =( BOUNDED_CURVE ( )  B_SPLINE_CURVE ( 3, ( #6977, #953, #286, #2994 ),
 .UNSPECIFIED., .F., .T. ) 
 B_SPLINE_CURVE_WITH_KNOTS ( ( 4, 4 ),
 ( 2.356194490192341728, 3.141592653589793116 ),
 .UNSPECIFIED. ) 
 CURVE ( )  GEOMETRIC_REPRESENTATION_ITEM ( )  RATIONAL_B_SPLINE_CURVE ( ( 1.000000000000000000, 0.9492530216741906779, 0.9492530216741906779, 1.000000000000000000 ) ) 
 REPRESENTATION_ITEM ( '' )  );
#6116 = SURFACE_STYLE_FILL_AREA ( #4648 ) ;
#6117 = PRESENTATION_LAYER_ASSIGNMENT (  '', '', ( #4439 ) ) ;
#6118 = CARTESIAN_POINT ( 'NONE',  ( -3.810000000000000053, -0.7500000000000000000, -2.500000000000000000 ) ) ;
#6119 = VECTOR ( 'NONE', #141, 1000.000000000000000 ) ;
#6120 = CARTESIAN_POINT ( 'NONE',  ( -0.3598574789487828385, 0.2908531991698717345, 6.159384528706809192 ) ) ;
#6121 =( LENGTH_UNIT ( ) NAMED_UNIT ( * ) SI_UNIT ( .MILLI., .METRE. ) );
#6122 = ORIENTED_EDGE ( 'NONE', *, *, #7239, .T. ) ;
#6123 = SURFACE_STYLE_FILL_AREA ( #8302 ) ;
#6124 = DIRECTION ( 'NONE',  ( -0.000000000000000000, 0.9659258262890677571, -0.2588190451025230709 ) ) ;
#6125 = CARTESIAN_POINT ( 'NONE',  ( -0.3149999999999998357, -0.3150000000000000022, 6.140192378864673728 ) ) ;
#6126 = DIRECTION ( 'NONE',  ( 0.000000000000000000, 0.000000000000000000, 1.000000000000000000 ) ) ;
#6127 = CARTESIAN_POINT ( 'NONE',  ( -3.810000000000000053, -0.9499999999999999556, -1.800000000000000044 ) ) ;
#6128 = ADVANCED_FACE ( 'NONE', ( #1865, #7218 ), #3161, .F. ) ;
#6129 =( NAMED_UNIT ( * ) SI_UNIT ( $, .STERADIAN. ) SOLID_ANGLE_UNIT ( ) );
#6130 = SURFACE_STYLE_USAGE ( .BOTH. , #2181 ) ;
#6131 = EDGE_CURVE ( 'NONE', #4711, #7159, #5194, .T. ) ;
#6132 = SURFACE_SIDE_STYLE ('',( #4293 ) ) ;
#6133 = ORIENTED_EDGE ( 'NONE', *, *, #1752, .F. ) ;
#6134 = CARTESIAN_POINT ( 'NONE',  ( -0.1592304845412999825, -0.9499999999999999556, -1.800000000000000044 ) ) ;
#6135 = DIRECTION ( 'NONE',  ( 0.000000000000000000, -1.000000000000000000, 0.000000000000000000 ) ) ;
#6136 = ORIENTED_EDGE ( 'NONE', *, *, #4006, .F. ) ;
#6137 = FACE_OUTER_BOUND ( 'NONE', #255, .T. ) ;
#6138 = AXIS2_PLACEMENT_3D ( 'NONE', #6016, #5326, #6107 ) ;
#6139 = EDGE_CURVE ( 'NONE', #2616, #8233, #5104, .T. ) ;
#6140 = DIRECTION ( 'NONE',  ( 0.7071067811865463515, 0.000000000000000000, -0.7071067811865487940 ) ) ;
#6141 = CARTESIAN_POINT ( 'NONE',  ( 3.409999999999999698, -1.249999999999999556, -1.799999999999999600 ) ) ;
#6142 = DIRECTION ( 'NONE',  ( 1.000000000000000000, 0.000000000000000000, 0.000000000000000000 ) ) ;
#6143 = CARTESIAN_POINT ( 'NONE',  ( -2.905000000000000249, -0.2784380551032344941, -5.440192378864676215 ) ) ;
#6144 = PRESENTATION_LAYER_ASSIGNMENT (  '', '', ( #6432 ) ) ;
#6145 = FILL_AREA_STYLE_COLOUR ( '', #5058 ) ;
#6146 = ORIENTED_EDGE ( 'NONE', *, *, #5304, .F. ) ;
#6147 = DIRECTION ( 'NONE',  ( -0.5773502691896251759, -0.5773502691896251759, 0.5773502691896270633 ) ) ;
#6148 = AXIS2_PLACEMENT_3D ( 'NONE', #4010, #525, #3201 ) ;
#6149 =( NAMED_UNIT ( * ) SI_UNIT ( $, .STERADIAN. ) SOLID_ANGLE_UNIT ( ) );
#6150 = FACE_BOUND ( 'NONE', #8269, .T. ) ;
#6151 = ADVANCED_FACE ( 'NONE', ( #3878 ), #373, .T. ) ;
#6152 = MECHANICAL_DESIGN_GEOMETRIC_PRESENTATION_REPRESENTATION (  '', ( #7435 ), #6852 ) ;
#6153 = DIRECTION ( 'NONE',  ( 1.000000000000000000, 0.000000000000000000, 0.000000000000000000 ) ) ;
#6154 = EDGE_CURVE ( 'NONE', #5863, #4513, #3682, .T. ) ;
#6155 = PLANE ( 'NONE',  #8516 ) ;
#6156 = DIRECTION ( 'NONE',  ( -0.9659258262890756397, -0.2588190451024934280, 0.000000000000000000 ) ) ;
#6157 = EDGE_LOOP ( 'NONE', ( #2303, #4947, #5603, #2585, #3129, #1744 ) ) ;
#6158 = VECTOR ( 'NONE', #4544, 1000.000000000000000 ) ;
#6159 = EDGE_LOOP ( 'NONE', ( #2030, #4139, #657, #1312, #8605, #1834 ) ) ;
#6160 = FILL_AREA_STYLE_COLOUR ( '', #3155 ) ;
#6161 = PLANE ( 'NONE',  #8026 ) ;
#6162 = CARTESIAN_POINT ( 'NONE',  ( -2.905000000000000249, -0.2650000000000000133, -1.609045455704950278 ) ) ;
#6163 = DIRECTION ( 'NONE',  ( -1.000000000000000000, 0.000000000000000000, 0.000000000000000000 ) ) ;
#6164 =( GEOMETRIC_REPRESENTATION_CONTEXT ( 3 ) GLOBAL_UNCERTAINTY_ASSIGNED_CONTEXT ( ( #4617 ) ) GLOBAL_UNIT_ASSIGNED_CONTEXT ( ( #1247, #2956, #8357 ) ) REPRESENTATION_CONTEXT ( 'NONE', 'WORKASPACE' ) );
#6165 = COLOUR_RGB ( '',0.9686274509803921573, 0.8784313725490195957, 0.5999999999999999778 ) ;
#6166 = FILL_AREA_STYLE_COLOUR ( '', #3928 ) ;
#6167 = CARTESIAN_POINT ( 'NONE',  ( 2.189644660940672782, -0.3003553390593271533, 6.194846997554884105 ) ) ;
#6168 = CIRCLE ( 'NONE', #2671, 0.05000000000000002359 ) ;
#6169 = DIRECTION ( 'NONE',  ( -1.000000000000000000, 0.000000000000000000, 0.000000000000000000 ) ) ;
#6170 = COLOUR_RGB ( '',0.5607843137254902022, 0.6470588235294117974, 0.6352941176470587870 ) ;
#6171 = MECHANICAL_DESIGN_GEOMETRIC_PRESENTATION_REPRESENTATION (  '', ( #5049 ), #6606 ) ;
#6172 = DIRECTION ( 'NONE',  ( 0.000000000000000000, -0.000000000000000000, -1.000000000000000000 ) ) ;
#6173 = FILL_AREA_STYLE_COLOUR ( '', #4232 ) ;
#6174 = EDGE_LOOP ( 'NONE', ( #1068, #8561, #7181, #7705, #5109, #1796 ) ) ;
#6175 = DIRECTION ( 'NONE',  ( 0.000000000000000000, -1.000000000000000000, 0.000000000000000000 ) ) ;
#6176 = FILL_AREA_STYLE ('',( #6996 ) ) ;
#6177 = PRESENTATION_LAYER_ASSIGNMENT (  '', '', ( #7456 ) ) ;
#6178 =( GEOMETRIC_REPRESENTATION_CONTEXT ( 3 ) GLOBAL_UNCERTAINTY_ASSIGNED_CONTEXT ( ( #641 ) ) GLOBAL_UNIT_ASSIGNED_CONTEXT ( ( #647, #5942, #1541 ) ) REPRESENTATION_CONTEXT ( 'NONE', 'WORKASPACE' ) );
#6179 = SURFACE_STYLE_USAGE ( .BOTH. , #4667 ) ;
#6180 = ORIENTED_EDGE ( 'NONE', *, *, #2719, .T. ) ;
#6181 = COLOUR_RGB ( '',0.5607843137254902022, 0.6470588235294117974, 0.6352941176470587870 ) ;
#6182 = VECTOR ( 'NONE', #7484, 1000.000000000000000 ) ;
#6183 = STYLED_ITEM ( 'NONE', ( #4400 ), #7777 ) ;
#6184 = CARTESIAN_POINT ( 'NONE',  ( -0.2396152422706999963, -1.250000000000000000, -1.800000000000000044 ) ) ;
#6185 = AXIS2_PLACEMENT_3D ( 'NONE', #5946, #3205, #8627 ) ;
#6186 =( GEOMETRIC_REPRESENTATION_CONTEXT ( 3 ) GLOBAL_UNCERTAINTY_ASSIGNED_CONTEXT ( ( #8022 ) ) GLOBAL_UNIT_ASSIGNED_CONTEXT ( ( #5011, #5695, #4448 ) ) REPRESENTATION_CONTEXT ( 'NONE', 'WORKASPACE' ) );
#6187 = VECTOR ( 'NONE', #1770, 1000.000000000000000 ) ;
#6188 = EDGE_LOOP ( 'NONE', ( #3656, #5099, #5518, #6381 ) ) ;
#6189 = CARTESIAN_POINT ( 'NONE',  ( -0.2396152422706999963, -1.250000000000000000, -1.800000000000000044 ) ) ;
#6190 = CARTESIAN_POINT ( 'NONE',  ( -3.810000000000000053, 0.7500000000000000000, -2.799999999999999822 ) ) ;
#6191 = AXIS2_PLACEMENT_3D ( 'NONE', #6839, #1408, #7560 ) ;
#6192 = UNCERTAINTY_MEASURE_WITH_UNIT (LENGTH_MEASURE( 1.000000000000000082E-05 ), #3274, 'distance_accuracy_value', 'NONE');
#6193 = AXIS2_PLACEMENT_3D ( 'NONE', #2587, #3150, #5276 ) ;
#6194 =( NAMED_UNIT ( * ) PLANE_ANGLE_UNIT ( ) SI_UNIT ( $, .RADIAN. ) );
#6195 = AXIS2_PLACEMENT_3D ( 'NONE', #7528, #1496, #3534 ) ;
#6196 = DIRECTION ( 'NONE',  ( -1.000000000000000000, 0.000000000000000000, 0.000000000000000000 ) ) ;
#6197 = FILL_AREA_STYLE_COLOUR ( '', #8309 ) ;
#6198 = CARTESIAN_POINT ( 'NONE',  ( -2.325000000000000178, -0.3150000000000000022, -2.500000000000000000 ) ) ;
#6199 = FILL_AREA_STYLE ('',( #4877 ) ) ;
#6200 = CARTESIAN_POINT ( 'NONE',  ( -0.3149999999999998357, 0.2650000000000000133, -2.500000000000000000 ) ) ;
#6201 = CARTESIAN_POINT ( 'NONE',  ( 0.000000000000000000, -0.1650000000000000633, 6.700000000000000178 ) ) ;
#6202 = UNCERTAINTY_MEASURE_WITH_UNIT (LENGTH_MEASURE( 1.000000000000000082E-05 ), #4098, 'distance_accuracy_value', 'NONE');
#6203 = LINE ( 'NONE', #8347, #1559 ) ;
#6204 = ADVANCED_FACE ( 'NONE', ( #3075 ), #4408, .T. ) ;
#6205 = ADVANCED_FACE ( 'NONE', ( #7517 ), #3522, .F. ) ;
#6206 = DIRECTION ( 'NONE',  ( 1.000000000000000000, 0.000000000000000000, 0.000000000000000000 ) ) ;
#6207 = FILL_AREA_STYLE_COLOUR ( '', #4246 ) ;
#6208 = UNCERTAINTY_MEASURE_WITH_UNIT (LENGTH_MEASURE( 1.000000000000000082E-05 ), #7661, 'distance_accuracy_value', 'NONE');
#6209 = CARTESIAN_POINT ( 'NONE',  ( -6.943333333333336022, -2.183333333333335791, 0.6333333333333477366 ) ) ;
#6210 =( NAMED_UNIT ( * ) PLANE_ANGLE_UNIT ( ) SI_UNIT ( $, .RADIAN. ) );
#6211 = CARTESIAN_POINT ( 'NONE',  ( 2.225000000000000533, -0.2650000000000000133, -1.609045455704950278 ) ) ;
#6212 = DIRECTION ( 'NONE',  ( -0.7071067811865474617, 0.7071067811865474617, 0.000000000000000000 ) ) ;
#6213 = EDGE_CURVE ( 'NONE', #2501, #3471, #3245, .T. ) ;
#6214 = DIRECTION ( 'NONE',  ( -1.000000000000000000, 0.000000000000000000, 0.000000000000000000 ) ) ;
#6215 = MECHANICAL_DESIGN_GEOMETRIC_PRESENTATION_REPRESENTATION (  '', ( #1309 ), #5789 ) ;
#6216 =( NAMED_UNIT ( * ) PLANE_ANGLE_UNIT ( ) SI_UNIT ( $, .RADIAN. ) );
#6217 = UNCERTAINTY_MEASURE_WITH_UNIT (LENGTH_MEASURE( 1.000000000000000082E-05 ), #7523, 'distance_accuracy_value', 'NONE');
#6218 = VERTEX_POINT ( 'NONE', #5524 ) ;
#6219 = VECTOR ( 'NONE', #751, 1000.000000000000000 ) ;
#6220 = DIRECTION ( 'NONE',  ( 1.000000000000000000, 0.000000000000000000, -0.000000000000000000 ) ) ;
#6221 = DIRECTION ( 'NONE',  ( 0.000000000000000000, -1.000000000000000000, 0.000000000000000000 ) ) ;
#6222 =( NAMED_UNIT ( * ) PLANE_ANGLE_UNIT ( ) SI_UNIT ( $, .RADIAN. ) );
#6223 = SURFACE_SIDE_STYLE ('',( #6952 ) ) ;
#6224 = ORIENTED_EDGE ( 'NONE', *, *, #1593, .T. ) ;
#6225 = CARTESIAN_POINT ( 'NONE',  ( -0.3649999999999998801, -0.2650000000000000133, -0.8909545442950493888 ) ) ;
#6226 = UNCERTAINTY_MEASURE_WITH_UNIT (LENGTH_MEASURE( 1.000000000000000082E-05 ), #8119, 'distance_accuracy_value', 'NONE');
#6227 = EDGE_LOOP ( 'NONE', ( #768, #7930, #7195, #5817 ) ) ;
#6228 = STYLED_ITEM ( 'NONE', ( #8318 ), #1435 ) ;
#6229 = VECTOR ( 'NONE', #8743, 1000.000000000000000 ) ;
#6230 = FACE_OUTER_BOUND ( 'NONE', #3927, .T. ) ;
#6231 = SURFACE_STYLE_USAGE ( .BOTH. , #6132 ) ;
#6232 = CARTESIAN_POINT ( 'NONE',  ( 4.303333333333336341, -2.183333333333335791, 0.6333333333333477366 ) ) ;
#6233 = FILL_AREA_STYLE_COLOUR ( '', #904 ) ;
#6234 =( NAMED_UNIT ( * ) PLANE_ANGLE_UNIT ( ) SI_UNIT ( $, .RADIAN. ) );
#6235 = CARTESIAN_POINT ( 'NONE',  ( -1.103147515578000171, -1.250000000000000000, -1.800000000000000044 ) ) ;
#6236 =( NAMED_UNIT ( * ) SI_UNIT ( $, .STERADIAN. ) SOLID_ANGLE_UNIT ( ) );
#6237 = CARTESIAN_POINT ( 'NONE',  ( -3.810000000000000053, 0.7500000000000000000, -2.500000000000000000 ) ) ;
#6238 = DIRECTION ( 'NONE',  ( -0.5773502691896251759, -0.5773502691896251759, 0.5773502691896270633 ) ) ;
#6239 = COLOUR_RGB ( '',0.5607843137254902022, 0.6470588235294117974, 0.6352941176470587870 ) ;
#6240 = EDGE_CURVE ( 'NONE', #4711, #5118, #5935, .T. ) ;
#6241 = SURFACE_SIDE_STYLE ('',( #3539 ) ) ;
#6242 = CIRCLE ( 'NONE', #6112, 0.05000000000000002359 ) ;
#6243 =( NAMED_UNIT ( * ) SI_UNIT ( $, .STERADIAN. ) SOLID_ANGLE_UNIT ( ) );
#6244 = ORIENTED_EDGE ( 'NONE', *, *, #10, .F. ) ;
#6245 = CARTESIAN_POINT ( 'NONE',  ( -3.810000000000000053, -0.9499999999999999556, -1.800000000000000044 ) ) ;
#6246 = UNCERTAINTY_MEASURE_WITH_UNIT (LENGTH_MEASURE( 1.000000000000000082E-05 ), #8569, 'distance_accuracy_value', 'NONE');
#6247 = FILL_AREA_STYLE ('',( #917 ) ) ;
#6248 = VECTOR ( 'NONE', #2657, 1000.000000000000000 ) ;
#6249 = MECHANICAL_DESIGN_GEOMETRIC_PRESENTATION_REPRESENTATION (  '', ( #2066 ), #1198 ) ;
#6250 = LINE ( 'NONE', #4990, #1451 ) ;
#6251 =( NAMED_UNIT ( * ) SI_UNIT ( $, .STERADIAN. ) SOLID_ANGLE_UNIT ( ) );
#6252 = EDGE_CURVE ( 'NONE', #6350, #7320, #11, .T. ) ;
#6253 = ADVANCED_FACE ( 'NONE', ( #1231 ), #2723, .F. ) ;
#6254 = SURFACE_SIDE_STYLE ('',( #7677 ) ) ;
#6255 = CARTESIAN_POINT ( 'NONE',  ( 2.175000000000000266, 0.2650000000000000133, -5.440192378864675327 ) ) ;
#6256 = PRESENTATION_STYLE_ASSIGNMENT (( #2967 ) ) ;
#6257 = ORIENTED_EDGE ( 'NONE', *, *, #6799, .T. ) ;
#6258 = PRESENTATION_LAYER_ASSIGNMENT (  '', '', ( #3880 ) ) ;
#6259 = DIRECTION ( 'NONE',  ( -0.7071067811865475727, 0.7071067811865475727, 0.000000000000000000 ) ) ;
#6260 = ORIENTED_EDGE ( 'NONE', *, *, #4429, .F. ) ;
#6261 = ORIENTED_EDGE ( 'NONE', *, *, #1605, .T. ) ;
#6262 = ADVANCED_FACE ( 'NONE', ( #6395 ), #5723, .F. ) ;
#6263 = ORIENTED_EDGE ( 'NONE', *, *, #8603, .T. ) ;
#6264 = EDGE_LOOP ( 'NONE', ( #4693, #6474, #985, #150 ) ) ;
#6265 = FACE_OUTER_BOUND ( 'NONE', #7003, .T. ) ;
#6266 = LINE ( 'NONE', #308, #6680 ) ;
#6267 = FILL_AREA_STYLE_COLOUR ( '', #820 ) ;
#6268 = ORIENTED_EDGE ( 'NONE', *, *, #7846, .T. ) ;
#6269 = CARTESIAN_POINT ( 'NONE',  ( 0.8699999999999996625, -1.249999999999999556, 6.699999999999999289 ) ) ;
#6270 = CARTESIAN_POINT ( 'NONE',  ( 2.175000000000000266, 0.2650000000000000133, -5.440192378864675327 ) ) ;
#6271 = DIRECTION ( 'NONE',  ( -0.2505628070857336409, 0.2505628070857336409, 0.9351131265310282936 ) ) ;
#6272 = PLANE ( 'NONE',  #8470 ) ;
#6273 = EDGE_LOOP ( 'NONE', ( #2217, #5523, #6917, #5093, #2529, #5048 ) ) ;
#6274 = CARTESIAN_POINT ( 'NONE',  ( 1.269999999999999796, -0.8499999999999994227, 6.699999999999999289 ) ) ;
#6275 =( NAMED_UNIT ( * ) PLANE_ANGLE_UNIT ( ) SI_UNIT ( $, .RADIAN. ) );
#6276 = CARTESIAN_POINT ( 'NONE',  ( -2.754999999999999893, 0.1650000000000000633, -6.000000000000000000 ) ) ;
#6277 = CARTESIAN_POINT ( 'NONE',  ( -2.754999999999999893, 0.000000000000000000, -6.000000000000000000 ) ) ;
#6278 = VERTEX_POINT ( 'NONE', #5000 ) ;
#6279 = DIRECTION ( 'NONE',  ( -0.7071067811865487940, 0.000000000000000000, 0.7071067811865463515 ) ) ;
#6280 =( LENGTH_UNIT ( ) NAMED_UNIT ( * ) SI_UNIT ( .MILLI., .METRE. ) );
#6281 = DIRECTION ( 'NONE',  ( -0.000000000000000000, -0.000000000000000000, 1.000000000000000000 ) ) ;
#6282 = DIRECTION ( 'NONE',  ( 1.000000000000000000, 0.000000000000000000, 0.000000000000000000 ) ) ;
#6283 = ORIENTED_EDGE ( 'NONE', *, *, #2883, .F. ) ;
#6284 = DIRECTION ( 'NONE',  ( -0.000000000000000000, -0.000000000000000000, -1.000000000000000000 ) ) ;
#6285 = VECTOR ( 'NONE', #639, 1000.000000000000227 ) ;
#6286 =( LENGTH_UNIT ( ) NAMED_UNIT ( * ) SI_UNIT ( .MILLI., .METRE. ) );
#6287 = UNCERTAINTY_MEASURE_WITH_UNIT (LENGTH_MEASURE( 1.000000000000000082E-05 ), #5572, 'distance_accuracy_value', 'NONE');
#6288 = SURFACE_STYLE_USAGE ( .BOTH. , #922 ) ;
#6289 = VECTOR ( 'NONE', #7494, 1000.000000000000000 ) ;
#6290 = LINE ( 'NONE', #171, #4672 ) ;
#6291 = ORIENTED_EDGE ( 'NONE', *, *, #4629, .T. ) ;
#6292 = PRESENTATION_STYLE_ASSIGNMENT (( #215 ) ) ;
#6293 = UNCERTAINTY_MEASURE_WITH_UNIT (LENGTH_MEASURE( 1.000000000000000082E-05 ), #4040, 'distance_accuracy_value', 'NONE');
#6294 = EDGE_LOOP ( 'NONE', ( #7137, #3191, #2846, #7787 ) ) ;
#6295 = EDGE_LOOP ( 'NONE', ( #6718, #3042, #4566, #5666, #8598, #5671 ) ) ;
#6296 = EDGE_LOOP ( 'NONE', ( #3043, #7352, #2636, #6374, #3281, #1135, #6711, #3165 ) ) ;
#6297 = VECTOR ( 'NONE', #1647, 1000.000000000000000 ) ;
#6298 = EDGE_CURVE ( 'NONE', #2516, #177, #7641, .T. ) ;
#6299 = EDGE_CURVE ( 'NONE', #3091, #6436, #178, .T. ) ;
#6300 = SURFACE_SIDE_STYLE ('',( #5085 ) ) ;
#6301 = AXIS2_PLACEMENT_3D ( 'NONE', #4813, #8303, #2246 ) ;
#6302 = VECTOR ( 'NONE', #3293, 1000.000000000000000 ) ;
#6303 = PLANE ( 'NONE',  #8155 ) ;
#6304 = EDGE_LOOP ( 'NONE', ( #176, #2315, #3285, #3616 ) ) ;
#6305 = CIRCLE ( 'NONE', #6193, 0.4549999999999999600 ) ;
#6306 = PRESENTATION_LAYER_ASSIGNMENT (  '', '', ( #3080 ) ) ;
#6307 = LINE ( 'NONE', #8331, #249 ) ;
#6308 =( GEOMETRIC_REPRESENTATION_CONTEXT ( 3 ) GLOBAL_UNCERTAINTY_ASSIGNED_CONTEXT ( ( #3896 ) ) GLOBAL_UNIT_ASSIGNED_CONTEXT ( ( #2220, #5606, #2351 ) ) REPRESENTATION_CONTEXT ( 'NONE', 'WORKASPACE' ) );
#6309 = ORIENTED_EDGE ( 'NONE', *, *, #8634, .F. ) ;
#6310 = EDGE_LOOP ( 'NONE', ( #8163, #5034, #7321, #832 ) ) ;
#6311 = DIRECTION ( 'NONE',  ( -0.7071067811865463515, 0.000000000000000000, -0.7071067811865487940 ) ) ;
#6312 = ADVANCED_FACE ( 'NONE', ( #1650 ), #4952, .T. ) ;
#6313 = VECTOR ( 'NONE', #691, 1000.000000000000000 ) ;
#6314 =( GEOMETRIC_REPRESENTATION_CONTEXT ( 3 ) GLOBAL_UNCERTAINTY_ASSIGNED_CONTEXT ( ( #1719 ) ) GLOBAL_UNIT_ASSIGNED_CONTEXT ( ( #194, #1590, #1497 ) ) REPRESENTATION_CONTEXT ( 'NONE', 'WORKASPACE' ) );
#6315 = DIRECTION ( 'NONE',  ( -0.7071067811865463515, 0.000000000000000000, -0.7071067811865487940 ) ) ;
#6316 = AXIS2_PLACEMENT_3D ( 'NONE', #3832, #3163, #7591 ) ;
#6317 = AXIS2_PLACEMENT_3D ( 'NONE', #746, #6038, #4106 ) ;
#6319 = FACE_OUTER_BOUND ( 'NONE', #6428, .T. ) ;
#6318 = STYLED_ITEM ( 'NONE', ( #8523 ), #5407 ) ;
#6320 = VERTEX_POINT ( 'NONE', #5224 ) ;
#6321 = STYLED_ITEM ( 'NONE', ( #1994 ), #4809 ) ;
#6322 = PRESENTATION_STYLE_ASSIGNMENT (( #3617 ) ) ;
#6323 = PRESENTATION_STYLE_ASSIGNMENT (( #7748 ) ) ;
#6324 = CARTESIAN_POINT ( 'NONE',  ( -3.810000000000000053, -0.9499999999999992895, 0.000000000000000000 ) ) ;
#6325 =( LENGTH_UNIT ( ) NAMED_UNIT ( * ) SI_UNIT ( .MILLI., .METRE. ) );
#6326 = ADVANCED_FACE ( 'NONE', ( #5173 ), #7963, .F. ) ;
#6327 = DIRECTION ( 'NONE',  ( -0.9659258262890675351, 0.000000000000000000, 0.2588190451025238481 ) ) ;
#6328 = CARTESIAN_POINT ( 'NONE',  ( -0.3503553390593271422, 0.3003553390593270422, 6.194846997554884993 ) ) ;
#6329 = VECTOR ( 'NONE', #7826, 1000.000000000000000 ) ;
#6330 = FILL_AREA_STYLE ('',( #957 ) ) ;
#6331 =( NAMED_UNIT ( * ) SI_UNIT ( $, .STERADIAN. ) SOLID_ANGLE_UNIT ( ) );
#6332 = ORIENTED_EDGE ( 'NONE', *, *, #5766, .T. ) ;
#6333 = SURFACE_STYLE_FILL_AREA ( #4515 ) ;
#6334 = CARTESIAN_POINT ( 'NONE',  ( 0.2150000000000000522, 0.3150000000000000022, 6.140192378864673728 ) ) ;
#6335 =( GEOMETRIC_REPRESENTATION_CONTEXT ( 3 ) GLOBAL_UNCERTAINTY_ASSIGNED_CONTEXT ( ( #7630 ) ) GLOBAL_UNIT_ASSIGNED_CONTEXT ( ( #5763, #3170, #5209 ) ) REPRESENTATION_CONTEXT ( 'NONE', 'WORKASPACE' ) );
#6336 = CARTESIAN_POINT ( 'NONE',  ( -2.299146800830128345, -0.3098574789487829606, -5.459384528706810791 ) ) ;
#6337 = EDGE_LOOP ( 'NONE', ( #4582, #8622, #1680, #7690 ) ) ;
#6338 = ORIENTED_EDGE ( 'NONE', *, *, #3942, .T. ) ;
#6339 = COLOUR_RGB ( '',0.9686274509803921573, 0.8784313725490195957, 0.5999999999999999778 ) ;
#6340 = FILL_AREA_STYLE ('',( #2915 ) ) ;
#6341 = FACE_OUTER_BOUND ( 'NONE', #5651, .T. ) ;
#6342 = PRESENTATION_LAYER_ASSIGNMENT (  '', '', ( #5239 ) ) ;
#6343 =( BOUNDED_CURVE ( )  B_SPLINE_CURVE ( 3, ( #8413, #986, #2311, #4961 ),
 .UNSPECIFIED., .F., .T. ) 
 B_SPLINE_CURVE_WITH_KNOTS ( ( 4, 4 ),
 ( 3.141592653589793116, 3.926990816987234290 ),
 .UNSPECIFIED. ) 
 CURVE ( )  GEOMETRIC_REPRESENTATION_ITEM ( )  RATIONAL_B_SPLINE_CURVE ( ( 1.000000000000000000, 0.9492530216741920102, 0.9492530216741920102, 1.000000000000000000 ) ) 
 REPRESENTATION_ITEM ( '' )  );
#6344 = CYLINDRICAL_SURFACE ( 'NONE', #996, 0.05000000000000012768 ) ;
#6345 = DIRECTION ( 'NONE',  ( 0.4765988668615850354, 0.000000000000000000, -0.8791208791208711126 ) ) ;
#6346 = ORIENTED_EDGE ( 'NONE', *, *, #1170, .F. ) ;
#6347 = FILL_AREA_STYLE_COLOUR ( '', #8223 ) ;
#6348 = FILL_AREA_STYLE ('',( #3651 ) ) ;
#6349 = ORIENTED_EDGE ( 'NONE', *, *, #2975, .F. ) ;
#6350 = VERTEX_POINT ( 'NONE', #8551 ) ;
#6351 = FILL_AREA_STYLE ('',( #7050 ) ) ;
#6352 = AXIS2_PLACEMENT_3D ( 'NONE', #491, #5116, #3171 ) ;
#6353 = ADVANCED_FACE ( 'NONE', ( #5957 ), #5270, .F. ) ;
#6354 = VERTEX_POINT ( 'NONE', #402 ) ;
#6355 = LINE ( 'NONE', #893, #7309 ) ;
#6356 = CARTESIAN_POINT ( 'NONE',  ( -2.289644660940672871, 0.3003553390593273198, 6.194846997554884105 ) ) ;
#6357 = PRESENTATION_STYLE_ASSIGNMENT (( #3062 ) ) ;
#6358 = EDGE_LOOP ( 'NONE', ( #1104, #5787, #5222, #7982 ) ) ;
#6359 = DIRECTION ( 'NONE',  ( 0.5773502691896251759, -0.5773502691896251759, -0.5773502691896270633 ) ) ;
#6360 = PLANE ( 'NONE',  #3197 ) ;
#6361 = ADVANCED_FACE ( 'NONE', ( #8505 ), #1216, .F. ) ;
#6362 = EDGE_CURVE ( 'NONE', #2588, #7340, #1468, .T. ) ;
#6363 = VECTOR ( 'NONE', #2329, 1000.000000000000000 ) ;
#6364 = ORIENTED_EDGE ( 'NONE', *, *, #1376, .T. ) ;
#6365 = SURFACE_SIDE_STYLE ('',( #6971 ) ) ;
#6366 = CARTESIAN_POINT ( 'NONE',  ( -3.810000000000000053, 1.250000000000000000, -0.3000000000000008771 ) ) ;
#6367 = DIRECTION ( 'NONE',  ( 0.000000000000000000, 0.000000000000000000, -1.000000000000000000 ) ) ;
#6368 = CARTESIAN_POINT ( 'NONE',  ( -3.510000000000000231, 1.250000000000000000, 0.000000000000000000 ) ) ;
#6369 = FILL_AREA_STYLE ('',( #1089 ) ) ;
#6370 = CARTESIAN_POINT ( 'NONE',  ( -2.400384757728999841, -1.250000000000000000, -1.000000000000000000 ) ) ;
#6371 = EDGE_CURVE ( 'NONE', #8701, #4074, #3988, .T. ) ;
#6372 = DIRECTION ( 'NONE',  ( 0.000000000000000000, 0.000000000000000000, -1.000000000000000000 ) ) ;
#6373 = SURFACE_STYLE_FILL_AREA ( #5801 ) ;
#6374 = ORIENTED_EDGE ( 'NONE', *, *, #1535, .T. ) ;
#6375 =( LENGTH_UNIT ( ) NAMED_UNIT ( * ) SI_UNIT ( .MILLI., .METRE. ) );
#6376 = VECTOR ( 'NONE', #6506, 1000.000000000000000 ) ;
#6377 = CARTESIAN_POINT ( 'NONE',  ( 5.080000000000000071, 0.1650000000000000633, -6.000000000000000000 ) ) ;
#6378 = FILL_AREA_STYLE_COLOUR ( '', #977 ) ;
#6379 = SURFACE_SIDE_STYLE ('',( #381 ) ) ;
#6380 = VERTEX_POINT ( 'NONE', #6820 ) ;
#6381 = ORIENTED_EDGE ( 'NONE', *, *, #7106, .F. ) ;
#6382 = FACE_OUTER_BOUND ( 'NONE', #4781, .T. ) ;
#6383 = DIRECTION ( 'NONE',  ( 0.000000000000000000, -1.000000000000000000, 0.000000000000000000 ) ) ;
#6384 = VECTOR ( 'NONE', #229, 1000.000000000000000 ) ;
#6385 = COLOUR_RGB ( '',0.5607843137254902022, 0.6470588235294117974, 0.6352941176470587870 ) ;
#6386 = CARTESIAN_POINT ( 'NONE',  ( -1.320000000000000950, 3.439999999999999059, -1.810000000000000053 ) ) ;
#6387 = PRESENTATION_STYLE_ASSIGNMENT (( #3697 ) ) ;
#6388 = ORIENTED_EDGE ( 'NONE', *, *, #5548, .F. ) ;
#6389 = PLANE ( 'NONE',  #5214 ) ;
#6390 = ORIENTED_EDGE ( 'NONE', *, *, #6940, .F. ) ;
#6391 = VERTEX_POINT ( 'NONE', #8226 ) ;
#6392 = COLOUR_RGB ( '',0.5607843137254902022, 0.6470588235294117974, 0.6352941176470587870 ) ;
#6393 = AXIS2_PLACEMENT_3D ( 'NONE', #99, #7446, #1417 ) ;
#6394 = ORIENTED_EDGE ( 'NONE', *, *, #2491, .F. ) ;
#6395 = FACE_OUTER_BOUND ( 'NONE', #2, .T. ) ;
#6396 =( BOUNDED_CURVE ( )  B_SPLINE_CURVE ( 3, ( #8408, #3799, #5029, #4375 ),
 .UNSPECIFIED., .F., .T. ) 
 B_SPLINE_CURVE_WITH_KNOTS ( ( 4, 4 ),
 ( 3.141592653589793116, 3.926990816987244504 ),
 .UNSPECIFIED. ) 
 CURVE ( )  GEOMETRIC_REPRESENTATION_ITEM ( )  RATIONAL_B_SPLINE_CURVE ( ( 1.000000000000000000, 0.9492530216741906779, 0.9492530216741906779, 1.000000000000000000 ) ) 
 REPRESENTATION_ITEM ( '' )  );
#6397 = PRESENTATION_LAYER_ASSIGNMENT (  '', '', ( #8690 ) ) ;
#6398 = PLANE ( 'NONE',  #8623 ) ;
#6399 = ORIENTED_EDGE ( 'NONE', *, *, #2916, .F. ) ;
#6400 = COLOUR_RGB ( '',0.5607843137254902022, 0.6470588235294117974, 0.6352941176470587870 ) ;
#6401 = EDGE_CURVE ( 'NONE', #3735, #7804, #2786, .T. ) ;
#6402 = CARTESIAN_POINT ( 'NONE',  ( -0.9699999999999999734, -0.7500000000000000000, -2.799999999999999822 ) ) ;
#6403 =( NAMED_UNIT ( * ) PLANE_ANGLE_UNIT ( ) SI_UNIT ( $, .RADIAN. ) );
#6404 = ORIENTED_EDGE ( 'NONE', *, *, #8067, .F. ) ;
#6405 = ORIENTED_EDGE ( 'NONE', *, *, #2935, .F. ) ;
#6406 = ADVANCED_FACE ( 'NONE', ( #4853 ), #664, .T. ) ;
#6407 = CARTESIAN_POINT ( 'NONE',  ( 0.2503553390593269978, -0.3003553390593272643, 6.194846997554884105 ) ) ;
#6408 = VERTEX_POINT ( 'NONE', #6167 ) ;
#6409 = VECTOR ( 'NONE', #3519, 1000.000000000000000 ) ;
#6410 = SURFACE_STYLE_FILL_AREA ( #1144 ) ;
#6411 =( LENGTH_UNIT ( ) NAMED_UNIT ( * ) SI_UNIT ( .MILLI., .METRE. ) );
#6412 = ADVANCED_FACE ( 'NONE', ( #4068, #123 ), #2838, .T. ) ;
#6413 = CARTESIAN_POINT ( 'NONE',  ( -2.400384757728999841, -1.250000000000000000, -1.000000000000000000 ) ) ;
#6414 = DIRECTION ( 'NONE',  ( 0.000000000000000000, -1.000000000000000000, 0.000000000000000000 ) ) ;
#6415 = EDGE_CURVE ( 'NONE', #7103, #6918, #8363, .T. ) ;
#6416 = EDGE_CURVE ( 'NONE', #3030, #7804, #7209, .T. ) ;
#6417 = CARTESIAN_POINT ( 'NONE',  ( -2.539999999999995595, -0.7500000000000000000, -1.229999999999999760 ) ) ;
#6418 = DIRECTION ( 'NONE',  ( 1.000000000000000000, 0.000000000000000000, 0.000000000000000000 ) ) ;
#6419 = CARTESIAN_POINT ( 'NONE',  ( 1.570000000000000284, -1.250000000000000000, -2.799999999999999822 ) ) ;
#6420 = LINE ( 'NONE', #2952, #4858 ) ;
#6421 = ORIENTED_EDGE ( 'NONE', *, *, #6645, .T. ) ;
#6422 = FACE_OUTER_BOUND ( 'NONE', #5650, .T. ) ;
#6423 = PLANE ( 'NONE',  #964 ) ;
#6424 = CARTESIAN_POINT ( 'NONE',  ( 3.409999999999999698, -0.7500000000000000000, -2.799999999999999822 ) ) ;
#6425 = VECTOR ( 'NONE', #3383, 1000.000000000000114 ) ;
#6426 = LINE ( 'NONE', #1058, #7662 ) ;
#6427 = EDGE_LOOP ( 'NONE', ( #515, #5252, #5262, #2049 ) ) ;
#6428 = EDGE_LOOP ( 'NONE', ( #5174, #6562, #3179, #7869 ) ) ;
#6429 = FILL_AREA_STYLE ('',( #3738 ) ) ;
#6430 = EDGE_CURVE ( 'NONE', #4570, #3798, #6250, .T. ) ;
#6431 = LINE ( 'NONE', #2479, #2288 ) ;
#6432 = STYLED_ITEM ( 'NONE', ( #4441 ), #7129 ) ;
#6433 = ORIENTED_EDGE ( 'NONE', *, *, #7306, .F. ) ;
#6434 = SURFACE_STYLE_USAGE ( .BOTH. , #1563 ) ;
#6435 = DIRECTION ( 'NONE',  ( -0.7071067811865487940, 0.000000000000000000, -0.7071067811865463515 ) ) ;
#6436 = VERTEX_POINT ( 'NONE', #7037 ) ;
#6437 = CARTESIAN_POINT ( 'NONE',  ( -0.3284380551032344275, -0.3150000000000000022, -5.440192378864675327 ) ) ;
#6438 = PLANE ( 'NONE',  #693 ) ;
#6439 = EDGE_LOOP ( 'NONE', ( #6531, #3521, #945, #8703, #8063, #8590, #3600, #5882 ) ) ;
#6440 = ORIENTED_EDGE ( 'NONE', *, *, #8340, .F. ) ;
#6441 =( GEOMETRIC_REPRESENTATION_CONTEXT ( 3 ) GLOBAL_UNCERTAINTY_ASSIGNED_CONTEXT ( ( #5359 ) ) GLOBAL_UNIT_ASSIGNED_CONTEXT ( ( #3891, #2973, #1208 ) ) REPRESENTATION_CONTEXT ( 'NONE', 'WORKASPACE' ) );
#6442 = ORIENTED_EDGE ( 'NONE', *, *, #3788, .T. ) ;
#6443 = VECTOR ( 'NONE', #7849, 1000.000000000000000 ) ;
#6444 = MECHANICAL_DESIGN_GEOMETRIC_PRESENTATION_REPRESENTATION (  '', ( #1828 ), #2518 ) ;
#6445 = DIRECTION ( 'NONE',  ( 0.000000000000000000, 0.9659258262890675351, 0.2588190451025238481 ) ) ;
#6446 = VECTOR ( 'NONE', #2754, 1000.000000000000000 ) ;
#6447 = LINE ( 'NONE', #410, #6875 ) ;
#6448 = SURFACE_SIDE_STYLE ('',( #1075 ) ) ;
#6449 = CARTESIAN_POINT ( 'NONE',  ( 2.805000000000000160, 0.2650000000000000133, -1.609045455704950278 ) ) ;
#6450 = EDGE_LOOP ( 'NONE', ( #8579, #4193, #7874, #5809 ) ) ;
#6451 = SURFACE_STYLE_FILL_AREA ( #4747 ) ;
#6452 = STYLED_ITEM ( 'NONE', ( #439 ), #8402 ) ;
#6453 =( BOUNDED_CURVE ( )  B_SPLINE_CURVE ( 3, ( #5797, #7753, #323, #1724 ),
 .UNSPECIFIED., .F., .T. ) 
 B_SPLINE_CURVE_WITH_KNOTS ( ( 4, 4 ),
 ( 2.356194490192341728, 3.141592653589793116 ),
 .UNSPECIFIED. ) 
 CURVE ( )  GEOMETRIC_REPRESENTATION_ITEM ( )  RATIONAL_B_SPLINE_CURVE ( ( 1.000000000000000000, 0.9492530216741906779, 0.9492530216741906779, 1.000000000000000000 ) ) 
 REPRESENTATION_ITEM ( '' )  );
#6454 =( GEOMETRIC_REPRESENTATION_CONTEXT ( 3 ) GLOBAL_UNCERTAINTY_ASSIGNED_CONTEXT ( ( #7334 ) ) GLOBAL_UNIT_ASSIGNED_CONTEXT ( ( #4834, #5566, #5008 ) ) REPRESENTATION_CONTEXT ( 'NONE', 'WORKASPACE' ) );
#6455 = VECTOR ( 'NONE', #4300, 1000.000000000000000 ) ;
#6456 =( GEOMETRIC_REPRESENTATION_CONTEXT ( 3 ) GLOBAL_UNCERTAINTY_ASSIGNED_CONTEXT ( ( #1275 ) ) GLOBAL_UNIT_ASSIGNED_CONTEXT ( ( #8260, #4150, #6782 ) ) REPRESENTATION_CONTEXT ( 'NONE', 'WORKASPACE' ) );
#6457 = AXIS2_PLACEMENT_3D ( 'NONE', #3567, #5731, #850 ) ;
#6458 = MECHANICAL_DESIGN_GEOMETRIC_PRESENTATION_REPRESENTATION (  '', ( #5738 ), #6454 ) ;
#6459 = EDGE_LOOP ( 'NONE', ( #1881, #1384, #3570, #7830 ) ) ;
#6460 = CARTESIAN_POINT ( 'NONE',  ( -3.810000000000000053, -0.7500000000000000000, -2.500000000000000000 ) ) ;
#6461 =( LENGTH_UNIT ( ) NAMED_UNIT ( * ) SI_UNIT ( .MILLI., .METRE. ) );
#6462 = VECTOR ( 'NONE', #8105, 1000.000000000000000 ) ;
#6463 = CARTESIAN_POINT ( 'NONE',  ( -0.2149999999999999134, 0.000000000000000000, -6.000000000000000000 ) ) ;
#6464 = VECTOR ( 'NONE', #5204, 1000.000000000000000 ) ;
#6465 = SURFACE_SIDE_STYLE ('',( #3770 ) ) ;
#6466 = AXIS2_PLACEMENT_3D ( 'NONE', #321, #3073, #5795 ) ;
#6467 = PRESENTATION_LAYER_ASSIGNMENT (  '', '', ( #4361 ) ) ;
#6468 = AXIS2_PLACEMENT_3D ( 'NONE', #7108, #3026, #2356 ) ;
#6469 = DIRECTION ( 'NONE',  ( -1.000000000000000000, 0.000000000000000000, 0.000000000000000000 ) ) ;
#6470 = PRESENTATION_LAYER_ASSIGNMENT (  '', '', ( #8182 ) ) ;
#6471 = AXIS2_PLACEMENT_3D ( 'NONE', #2731, #4043, #16 ) ;
#6472 =( LENGTH_UNIT ( ) NAMED_UNIT ( * ) SI_UNIT ( .MILLI., .METRE. ) );
#6473 =( NAMED_UNIT ( * ) PLANE_ANGLE_UNIT ( ) SI_UNIT ( $, .RADIAN. ) );
#6474 = ORIENTED_EDGE ( 'NONE', *, *, #6371, .F. ) ;
#6475 = EDGE_CURVE ( 'NONE', #5986, #7288, #3591, .T. ) ;
#6476 = ADVANCED_FACE ( 'NONE', ( #6341 ), #1560, .T. ) ;
#6477 = DIRECTION ( 'NONE',  ( -1.000000000000000000, 0.000000000000000000, 0.000000000000000000 ) ) ;
#6478 = PRESENTATION_STYLE_ASSIGNMENT (( #1100 ) ) ;
#6479 =( LENGTH_UNIT ( ) NAMED_UNIT ( * ) SI_UNIT ( .MILLI., .METRE. ) );
#6480 = ORIENTED_EDGE ( 'NONE', *, *, #7989, .T. ) ;
#6481 = EDGE_LOOP ( 'NONE', ( #1962, #896, #1957, #2515 ) ) ;
#6482 = VECTOR ( 'NONE', #7927, 1000.000000000000114 ) ;
#6483 = SURFACE_STYLE_FILL_AREA ( #4572 ) ;
#6484 = CARTESIAN_POINT ( 'NONE',  ( -1.270000000000000240, -0.8499999999999994227, -0.4000000000000014655 ) ) ;
#6485 = MECHANICAL_DESIGN_GEOMETRIC_PRESENTATION_REPRESENTATION (  '', ( #5226 ), #6884 ) ;
#6486 = SURFACE_STYLE_FILL_AREA ( #3794 ) ;
#6487 = ORIENTED_EDGE ( 'NONE', *, *, #4862, .F. ) ;
#6488 = VECTOR ( 'NONE', #8443, 1000.000000000000000 ) ;
#6489 = VERTEX_POINT ( 'NONE', #1683 ) ;
#6490 = EDGE_CURVE ( 'NONE', #7905, #3706, #5673, .T. ) ;
#6491 = ADVANCED_FACE ( 'NONE', ( #7676 ), #5714, .F. ) ;
#6492 = DIRECTION ( 'NONE',  ( 0.5773502691896251759, 0.5773502691896251759, 0.5773502691896270633 ) ) ;
#6493 = PLANE ( 'NONE',  #1121 ) ;
#6494 = VERTEX_POINT ( 'NONE', #6607 ) ;
#6495 =( GEOMETRIC_REPRESENTATION_CONTEXT ( 3 ) GLOBAL_UNCERTAINTY_ASSIGNED_CONTEXT ( ( #2674 ) ) GLOBAL_UNIT_ASSIGNED_CONTEXT ( ( #6854, #6816, #7620 ) ) REPRESENTATION_CONTEXT ( 'NONE', 'WORKASPACE' ) );
#6496 = ORIENTED_EDGE ( 'NONE', *, *, #813, .T. ) ;
#6497 = CIRCLE ( 'NONE', #4383, 0.4550000000000000155 ) ;
#6498 = CLOSED_SHELL ( 'NONE', ( #3202, #8402, #6412, #5415, #7412, #1381, #340, #2666, #6831, #7129, #1646, #518, #7777, #5549, #7557, #3858, #1090, #4978, #4678, #2464, #7167, #5880, #7910, #6353, #2281, #6128, #6759, #6262, #1030, #54, #1217, #1436, #2280, #4166, #4268, #766, #5375, #1758, #5899, #7619, #4758, #3144, #723, #1863, #5937, #2675, #6204, #3023, #7524, #6253, #8229, #1435, #3740, #3309, #8078, #4609, #4165, #1222, #7670, #668, #646, #8378, #3450, #3049, #7437, #5117, #464, #7476, #1091, #3628, #450, #2445, #7413, #7447, #7607, #606, #5407, #8557, #5245, #6955, #6938, #4023, #4118, #2884, #3529, #7351, #767, #4456, #8129, #1479, #659, #6361, #8707, #877, #6678, #6578, #5151, #7294, #876, #8435, #4850, #7731, #8677, #5195, #5460, #5348, #4719, #3558, #4382, #1001, #5559, #163, #3184, #370, #18, #1737, #5950, #863, #4865, #7400, #1041, #8228, #4919, #4567, #8744, #6326, #8220, #1855, #812, #6476, #6635, #8120, #2345, #9, #1762, #5238, #2036, #7464, #2455, #7944, #6002, #1921, #7912, #7057, #5657, #6312, #2176, #3512, #7778, #2169, #6151, #5767, #6406, #4618, #55, #4809, #6491, #3343, #6205, #4718, #7349, #2730, #7556, #573, #2870, #2295, #4505, #5406, #827, #5030, #149, #2818, #3263, #6736, #6043, #5405, #1324, #4223, #4669, #1636, #1314, #3044, #7967, #607, #164, #7180, #208, #7956, #5258, #7067, #7056, #107, #1171, #7672, #8283, #4323, #8009 ) ) ;
#6499 = SURFACE_STYLE_USAGE ( .BOTH. , #7729 ) ;
#6500 = VERTEX_POINT ( 'NONE', #4608 ) ;
#6501 = CARTESIAN_POINT ( 'NONE',  ( 2.175000000000000266, -0.2650000000000000133, -5.440192378864675327 ) ) ;
#6502 = EDGE_CURVE ( 'NONE', #4276, #6500, #8632, .T. ) ;
#6503 = PRESENTATION_LAYER_ASSIGNMENT (  '', '', ( #8205 ) ) ;
#6504 = ORIENTED_EDGE ( 'NONE', *, *, #3082, .F. ) ;
#6505 = CARTESIAN_POINT ( 'NONE',  ( -2.425000000000000266, -0.1650000000000000633, -6.000000000000000000 ) ) ;
#6506 = DIRECTION ( 'NONE',  ( -0.5773502691896251759, -0.5773502691896251759, 0.5773502691896270633 ) ) ;
#6507 = DIRECTION ( 'NONE',  ( 0.000000000000000000, 0.000000000000000000, -1.000000000000000000 ) ) ;
#6508 = VERTEX_POINT ( 'NONE', #7272 ) ;
#6509 = STYLED_ITEM ( 'NONE', ( #5939 ), #149 ) ;
#6510 = VERTEX_POINT ( 'NONE', #577 ) ;
#6511 = VECTOR ( 'NONE', #1242, 1000.000000000000000 ) ;
#6512 = DIRECTION ( 'NONE',  ( 0.5773502691896251759, 0.5773502691896251759, 0.5773502691896270633 ) ) ;
#6513 = ORIENTED_EDGE ( 'NONE', *, *, #8167, .T. ) ;
#6514 = LINE ( 'NONE', #2462, #2059 ) ;
#6515 = PLANE ( 'NONE',  #5486 ) ;
#6516 = ORIENTED_EDGE ( 'NONE', *, *, #4234, .F. ) ;
#6517 = LINE ( 'NONE', #2323, #634 ) ;
#6518 = LINE ( 'NONE', #3160, #2679 ) ;
#6519 = CARTESIAN_POINT ( 'NONE',  ( 2.175000000000000266, -0.3150000000000000022, -0.8909545442950493888 ) ) ;
#6520 = CARTESIAN_POINT ( 'NONE',  ( -1.320000000000000506, -0.8999999999999994671, -2.449999999999998401 ) ) ;
#6521 = LINE ( 'NONE', #4945, #6904 ) ;
#6522 = PLANE ( 'NONE',  #6316 ) ;
#6523 = CARTESIAN_POINT ( 'NONE',  ( -3.810000000000000053, 0.9499999999999999556, -0.9899999999999999911 ) ) ;
#6524 = PRESENTATION_STYLE_ASSIGNMENT (( #3835 ) ) ;
#6525 = ORIENTED_EDGE ( 'NONE', *, *, #3133, .F. ) ;
#6526 = EDGE_CURVE ( 'NONE', #2346, #4462, #4679, .T. ) ;
#6527 = PRESENTATION_STYLE_ASSIGNMENT (( #7851 ) ) ;
#6528 = VERTEX_POINT ( 'NONE', #6484 ) ;
#6529 = ORIENTED_EDGE ( 'NONE', *, *, #1374, .F. ) ;
#6530 = EDGE_CURVE ( 'NONE', #1118, #1839, #8577, .T. ) ;
#6531 = ORIENTED_EDGE ( 'NONE', *, *, #7567, .F. ) ;
#6532 = CARTESIAN_POINT ( 'NONE',  ( -0.3149999999999998357, -0.2650000000000000133, 0.000000000000000000 ) ) ;
#6533 = EDGE_LOOP ( 'NONE', ( #1794, #195, #6291, #3175 ) ) ;
#6534 = CARTESIAN_POINT ( 'NONE',  ( 2.805000000000000160, 0.3150000000000000022, 0.000000000000000000 ) ) ;
#6535 = VERTEX_POINT ( 'NONE', #2570 ) ;
#6536 =( GEOMETRIC_REPRESENTATION_CONTEXT ( 3 ) GLOBAL_UNCERTAINTY_ASSIGNED_CONTEXT ( ( #30 ) ) GLOBAL_UNIT_ASSIGNED_CONTEXT ( ( #4941, #2249, #7624 ) ) REPRESENTATION_CONTEXT ( 'NONE', 'WORKASPACE' ) );
#6537 = AXIS2_PLACEMENT_3D ( 'NONE', #2021, #2576, #3268 ) ;
#6538 = DIRECTION ( 'NONE',  ( -0.000000000000000000, -0.9659258262890677571, -0.2588190451025230709 ) ) ;
#6539 = EDGE_CURVE ( 'NONE', #3843, #5146, #3793, .T. ) ;
#6540 = EDGE_CURVE ( 'NONE', #4325, #8328, #1205, .T. ) ;
#6541 = DIRECTION ( 'NONE',  ( 0.7071067811865463515, 0.000000000000000000, 0.7071067811865487940 ) ) ;
#6542 = ORIENTED_EDGE ( 'NONE', *, *, #660, .T. ) ;
#6543 = CARTESIAN_POINT ( 'NONE',  ( -2.289644660940672427, 0.3003553390593274308, -5.494846997554885704 ) ) ;
#6544 = COLOUR_RGB ( '',0.5607843137254902022, 0.6470588235294117974, 0.6352941176470587870 ) ;
#6545 = DIRECTION ( 'NONE',  ( 0.000000000000000000, 1.000000000000000000, 0.000000000000000000 ) ) ;
#6546 = DIRECTION ( 'NONE',  ( 0.7071067811865475727, 0.7071067811865475727, -0.000000000000000000 ) ) ;
#6547 =( NAMED_UNIT ( * ) SI_UNIT ( $, .STERADIAN. ) SOLID_ANGLE_UNIT ( ) );
#6548 = ORIENTED_EDGE ( 'NONE', *, *, #1605, .F. ) ;
#6549 = EDGE_CURVE ( 'NONE', #1113, #8300, #6431, .T. ) ;
#6550 = AXIS2_PLACEMENT_3D ( 'NONE', #1887, #3344, #8756 ) ;
#6551 = FILL_AREA_STYLE_COLOUR ( '', #4784 ) ;
#6552 = ORIENTED_EDGE ( 'NONE', *, *, #1753, .F. ) ;
#6553 = FILL_AREA_STYLE_COLOUR ( '', #1930 ) ;
#6554 = LINE ( 'NONE', #3288, #2472 ) ;
#6555 = SURFACE_STYLE_USAGE ( .BOTH. , #566 ) ;
#6556 = FILL_AREA_STYLE ('',( #1766 ) ) ;
#6557 = DIRECTION ( 'NONE',  ( 0.000000000000000000, -0.000000000000000000, -1.000000000000000000 ) ) ;
#6558 =( LENGTH_UNIT ( ) NAMED_UNIT ( * ) SI_UNIT ( .MILLI., .METRE. ) );
#6559 = DIRECTION ( 'NONE',  ( 0.7071067811865474617, -0.7071067811865474617, 0.000000000000000000 ) ) ;
#6560 =( NAMED_UNIT ( * ) SI_UNIT ( $, .STERADIAN. ) SOLID_ANGLE_UNIT ( ) );
#6561 =( LENGTH_UNIT ( ) NAMED_UNIT ( * ) SI_UNIT ( .MILLI., .METRE. ) );
#6562 = ORIENTED_EDGE ( 'NONE', *, *, #4006, .T. ) ;
#6563 = SURFACE_STYLE_USAGE ( .BOTH. , #7222 ) ;
#6564 = FILL_AREA_STYLE_COLOUR ( '', #8531 ) ;
#6565 = VERTEX_POINT ( 'NONE', #5260 ) ;
#6566 = ORIENTED_EDGE ( 'NONE', *, *, #3500, .T. ) ;
#6567 = CYLINDRICAL_SURFACE ( 'NONE', #798, 0.05000000000000012768 ) ;
#6568 = CARTESIAN_POINT ( 'NONE',  ( 3.409999999999999698, 1.250000000000000000, 0.000000000000000000 ) ) ;
#6569 = PRESENTATION_STYLE_ASSIGNMENT (( #3933 ) ) ;
#6570 = ORIENTED_EDGE ( 'NONE', *, *, #174, .T. ) ;
#6571 = PLANE ( 'NONE',  #2154 ) ;
#6572 = CARTESIAN_POINT ( 'NONE',  ( 2.325000000000000178, 0.000000000000000000, -6.000000000000000000 ) ) ;
#6573 = DIRECTION ( 'NONE',  ( 0.000000000000000000, -1.000000000000000000, 0.000000000000000000 ) ) ;
#6574 = ORIENTED_EDGE ( 'NONE', *, *, #5136, .F. ) ;
#6575 = SURFACE_STYLE_FILL_AREA ( #2447 ) ;
#6576 = ORIENTED_EDGE ( 'NONE', *, *, #3236, .T. ) ;
#6577 = ORIENTED_EDGE ( 'NONE', *, *, #3675, .T. ) ;
#6578 = ADVANCED_FACE ( 'NONE', ( #1784 ), #5072, .F. ) ;
#6579 = EDGE_CURVE ( 'NONE', #5716, #4959, #5807, .T. ) ;
#6580 = SURFACE_SIDE_STYLE ('',( #470 ) ) ;
#6581 = ORIENTED_EDGE ( 'NONE', *, *, #979, .T. ) ;
#6582 = STYLED_ITEM ( 'NONE', ( #6007 ), #7180 ) ;
#6583 = COLOUR_RGB ( '',0.5607843137254902022, 0.6470588235294117974, 0.6352941176470587870 ) ;
#6584 = ORIENTED_EDGE ( 'NONE', *, *, #353, .T. ) ;
#6585 = VECTOR ( 'NONE', #3511, 999.9999999999998863 ) ;
#6586 = EDGE_CURVE ( 'NONE', #3109, #7960, #2519, .T. ) ;
#6587 = COLOUR_RGB ( '',0.5607843137254902022, 0.6470588235294117974, 0.6352941176470587870 ) ;
#6588 = DIRECTION ( 'NONE',  ( 1.000000000000000000, 0.000000000000000000, 0.000000000000000000 ) ) ;
#6589 = LINE ( 'NONE', #8031, #1848 ) ;
#6590 = SURFACE_SIDE_STYLE ('',( #3918 ) ) ;
#6591 = COLOUR_RGB ( '',0.9686274509803921573, 0.8784313725490195957, 0.5999999999999999778 ) ;
#6592 = AXIS2_PLACEMENT_3D ( 'NONE', #475, #362, #1856 ) ;
#6593 = DIRECTION ( 'NONE',  ( 0.000000000000000000, 0.000000000000000000, 1.000000000000000000 ) ) ;
#6594 = SURFACE_STYLE_FILL_AREA ( #1233 ) ;
#6595 = ORIENTED_EDGE ( 'NONE', *, *, #3973, .T. ) ;
#6596 = DIRECTION ( 'NONE',  ( 0.7071067811865474617, -0.7071067811865474617, 0.000000000000000000 ) ) ;
#6598 =( LENGTH_UNIT ( ) NAMED_UNIT ( * ) SI_UNIT ( .MILLI., .METRE. ) );
#6597 =( GEOMETRIC_REPRESENTATION_CONTEXT ( 3 ) GLOBAL_UNCERTAINTY_ASSIGNED_CONTEXT ( ( #4385 ) ) GLOBAL_UNIT_ASSIGNED_CONTEXT ( ( #4319, #8359, #3403 ) ) REPRESENTATION_CONTEXT ( 'NONE', 'WORKASPACE' ) );
#6599 = MECHANICAL_DESIGN_GEOMETRIC_PRESENTATION_REPRESENTATION (  '', ( #3219 ), #3932 ) ;
#6600 = FACE_OUTER_BOUND ( 'NONE', #2336, .T. ) ;
#6601 = LINE ( 'NONE', #3336, #5823 ) ;
#6602 = CARTESIAN_POINT ( 'NONE',  ( -1.270000000000000240, 1.250000000000000000, -2.499999999999998668 ) ) ;
#6603 = VECTOR ( 'NONE', #56, 1000.000000000000000 ) ;
#6604 = ORIENTED_EDGE ( 'NONE', *, *, #4312, .F. ) ;
#6605 = ORIENTED_EDGE ( 'NONE', *, *, #2446, .T. ) ;
#6606 =( GEOMETRIC_REPRESENTATION_CONTEXT ( 3 ) GLOBAL_UNCERTAINTY_ASSIGNED_CONTEXT ( ( #3987 ) ) GLOBAL_UNIT_ASSIGNED_CONTEXT ( ( #2548, #4442, #5878 ) ) REPRESENTATION_CONTEXT ( 'NONE', 'WORKASPACE' ) );
#6607 = CARTESIAN_POINT ( 'NONE',  ( 2.225000000000000533, 0.3150000000000000022, 6.140192378864673728 ) ) ;
#6608 = MECHANICAL_DESIGN_GEOMETRIC_PRESENTATION_REPRESENTATION (  '', ( #7895 ), #6178 ) ;
#6609 = DIRECTION ( 'NONE',  ( -0.7071067811865474617, 0.7071067811865474617, 0.000000000000000000 ) ) ;
#6610 = ORIENTED_EDGE ( 'NONE', *, *, #5766, .F. ) ;
#6611 = VECTOR ( 'NONE', #6047, 1000.000000000000000 ) ;
#6612 = AXIS2_PLACEMENT_3D ( 'NONE', #1604, #2339, #2837 ) ;
#6613 = FILL_AREA_STYLE ('',( #1886 ) ) ;
#6614 = FACE_OUTER_BOUND ( 'NONE', #1570, .T. ) ;
#6615 = VERTEX_POINT ( 'NONE', #3739 ) ;
#6616 = DIRECTION ( 'NONE',  ( -0.7071067811865474617, -0.7071067811865474617, 0.000000000000000000 ) ) ;
#6617 = FILL_AREA_STYLE ('',( #2661 ) ) ;
#6618 = UNCERTAINTY_MEASURE_WITH_UNIT (LENGTH_MEASURE( 1.000000000000000082E-05 ), #8066, 'distance_accuracy_value', 'NONE');
#6619 = VECTOR ( 'NONE', #6923, 1000.000000000000000 ) ;
#6620 = STYLED_ITEM ( 'NONE', ( #2416 ), #4719 ) ;
#6621 =( GEOMETRIC_REPRESENTATION_CONTEXT ( 3 ) GLOBAL_UNCERTAINTY_ASSIGNED_CONTEXT ( ( #2152 ) ) GLOBAL_UNIT_ASSIGNED_CONTEXT ( ( #1071, #3104, #3754 ) ) REPRESENTATION_CONTEXT ( 'NONE', 'WORKASPACE' ) );
#6622 = MECHANICAL_DESIGN_GEOMETRIC_PRESENTATION_REPRESENTATION (  '', ( #6058 ), #3237 ) ;
#6623 = FILL_AREA_STYLE_COLOUR ( '', #1140 ) ;
#6624 = DIRECTION ( 'NONE',  ( -0.000000000000000000, -1.000000000000000000, -0.000000000000000000 ) ) ;
#6625 = ORIENTED_EDGE ( 'NONE', *, *, #8254, .F. ) ;
#6626 = VECTOR ( 'NONE', #43, 1000.000000000000000 ) ;
#6627 = DIRECTION ( 'NONE',  ( 0.000000000000000000, 0.000000000000000000, 1.000000000000000000 ) ) ;
#6628 = CARTESIAN_POINT ( 'NONE',  ( -1.370000000000000107, 1.250000000000000000, -0.3000000000000013212 ) ) ;
#6629 = LINE ( 'NONE', #2959, #7336 ) ;
#6630 = EDGE_LOOP ( 'NONE', ( #5972, #8355, #1789, #5792, #6180, #3691 ) ) ;
#6631 = AXIS2_PLACEMENT_3D ( 'NONE', #6519, #7072, #6557 ) ;
#6632 = UNCERTAINTY_MEASURE_WITH_UNIT (LENGTH_MEASURE( 1.000000000000000082E-05 ), #3122, 'distance_accuracy_value', 'NONE');
#6633 =( GEOMETRIC_REPRESENTATION_CONTEXT ( 3 ) GLOBAL_UNCERTAINTY_ASSIGNED_CONTEXT ( ( #3363 ) ) GLOBAL_UNIT_ASSIGNED_CONTEXT ( ( #7329, #1382, #6034 ) ) REPRESENTATION_CONTEXT ( 'NONE', 'WORKASPACE' ) );
#6634 =( GEOMETRIC_REPRESENTATION_CONTEXT ( 3 ) GLOBAL_UNCERTAINTY_ASSIGNED_CONTEXT ( ( #721 ) ) GLOBAL_UNIT_ASSIGNED_CONTEXT ( ( #5198, #1911, #5846 ) ) REPRESENTATION_CONTEXT ( 'NONE', 'WORKASPACE' ) );
#6635 = ADVANCED_FACE ( 'NONE', ( #1883 ), #6567, .T. ) ;
#6636 = LINE ( 'NONE', #5971, #8045 ) ;
#6637 = VECTOR ( 'NONE', #4816, 1000.000000000000000 ) ;
#6638 = VERTEX_POINT ( 'NONE', #4730 ) ;
#6639 = FACE_BOUND ( 'NONE', #4254, .T. ) ;
#6640 = CARTESIAN_POINT ( 'NONE',  ( 0.2650000000000000688, 0.3150000000000000022, -2.500000000000000000 ) ) ;
#6641 = PLANE ( 'NONE',  #6881 ) ;
#6642 = COLOUR_RGB ( '',0.5607843137254902022, 0.6470588235294117974, 0.6352941176470587870 ) ;
#6643 = MECHANICAL_DESIGN_GEOMETRIC_PRESENTATION_REPRESENTATION (  '', ( #865 ), #2031 ) ;
#6644 = EDGE_CURVE ( 'NONE', #390, #5968, #3339, .T. ) ;
#6645 = EDGE_CURVE ( 'NONE', #4577, #5126, #1460, .T. ) ;
#6646 = CARTESIAN_POINT ( 'NONE',  ( 0.2650000000000000688, 0.3150000000000000022, -5.440192378864675327 ) ) ;
#6647 = FILL_AREA_STYLE ('',( #645 ) ) ;
#6648 = LINE ( 'NONE', #1235, #898 ) ;
#6649 = CARTESIAN_POINT ( 'NONE',  ( -1.370000000000000107, 0.8499999999999998668, -2.399999999999998579 ) ) ;
#6650 = VECTOR ( 'NONE', #3699, 1000.000000000000114 ) ;
#6651 = ORIENTED_EDGE ( 'NONE', *, *, #1999, .F. ) ;
#6652 = ORIENTED_EDGE ( 'NONE', *, *, #386, .T. ) ;
#6653 =( LENGTH_UNIT ( ) NAMED_UNIT ( * ) SI_UNIT ( .MILLI., .METRE. ) );
#6654 = EDGE_CURVE ( 'NONE', #7082, #4462, #741, .T. ) ;
#6655 = PRESENTATION_STYLE_ASSIGNMENT (( #1502 ) ) ;
#6656 = DIRECTION ( 'NONE',  ( 1.000000000000000000, 0.000000000000000000, 0.000000000000000000 ) ) ;
#6657 = ORIENTED_EDGE ( 'NONE', *, *, #1816, .F. ) ;
#6658 = UNCERTAINTY_MEASURE_WITH_UNIT (LENGTH_MEASURE( 1.000000000000000082E-05 ), #4880, 'distance_accuracy_value', 'NONE');
#6659 = ORIENTED_EDGE ( 'NONE', *, *, #5982, .T. ) ;
#6660 = SURFACE_SIDE_STYLE ('',( #1353 ) ) ;
#6661 = LINE ( 'NONE', #593, #7577 ) ;
#6662 = UNCERTAINTY_MEASURE_WITH_UNIT (LENGTH_MEASURE( 1.000000000000000082E-05 ), #5601, 'distance_accuracy_value', 'NONE');
#6663 = VECTOR ( 'NONE', #7668, 1000.000000000000114 ) ;
#6664 =( LENGTH_UNIT ( ) NAMED_UNIT ( * ) SI_UNIT ( .MILLI., .METRE. ) );
#6665 = EDGE_LOOP ( 'NONE', ( #8673, #5541, #2896, #7881 ) ) ;
#6666 = AXIS2_PLACEMENT_3D ( 'NONE', #5309, #6037, #8758 ) ;
#6667 = UNCERTAINTY_MEASURE_WITH_UNIT (LENGTH_MEASURE( 1.000000000000000082E-05 ), #3873, 'distance_accuracy_value', 'NONE');
#6668 = SURFACE_STYLE_FILL_AREA ( #8109 ) ;
#6669 = EDGE_CURVE ( 'NONE', #4436, #8486, #4024, .T. ) ;
#6670 = VECTOR ( 'NONE', #7532, 1000.000000000000000 ) ;
#6671 = SURFACE_SIDE_STYLE ('',( #3997 ) ) ;
#6672 = CIRCLE ( 'NONE', #3562, 0.05000000000000012768 ) ;
#6673 = ORIENTED_EDGE ( 'NONE', *, *, #4005, .T. ) ;
#6674 = CARTESIAN_POINT ( 'NONE',  ( -0.3649999999999998801, 0.2650000000000000133, -5.440192378864675327 ) ) ;
#6675 = DIRECTION ( 'NONE',  ( 0.2505628070857343070, 0.2505628070857343070, -0.9351131265310277385 ) ) ;
#6676 =( LENGTH_UNIT ( ) NAMED_UNIT ( * ) SI_UNIT ( .MILLI., .METRE. ) );
#6677 = DIRECTION ( 'NONE',  ( -0.7071067811865487940, 0.000000000000000000, -0.7071067811865463515 ) ) ;
#6678 = ADVANCED_FACE ( 'NONE', ( #6150, #5339 ), #3980, .F. ) ;
#6679 = MECHANICAL_DESIGN_GEOMETRIC_PRESENTATION_REPRESENTATION (  '', ( #4732 ), #2895 ) ;
#6680 = VECTOR ( 'NONE', #5138, 1000.000000000000000 ) ;
#6681 =( NAMED_UNIT ( * ) SI_UNIT ( $, .STERADIAN. ) SOLID_ANGLE_UNIT ( ) );
#6682 = SURFACE_STYLE_USAGE ( .BOTH. , #4686 ) ;
#6683 = VERTEX_POINT ( 'NONE', #2050 ) ;
#6684 = COLOUR_RGB ( '',0.9686274509803921573, 0.8784313725490195957, 0.5999999999999999778 ) ;
#6685 = SURFACE_SIDE_STYLE ('',( #1327 ) ) ;
#6686 = FILL_AREA_STYLE ('',( #7267 ) ) ;
#6687 = EDGE_LOOP ( 'NONE', ( #3125, #415, #970, #1739 ) ) ;
#6688 =( NAMED_UNIT ( * ) PLANE_ANGLE_UNIT ( ) SI_UNIT ( $, .RADIAN. ) );
#6689 = EDGE_CURVE ( 'NONE', #4577, #7371, #2742, .T. ) ;
#6690 = ORIENTED_EDGE ( 'NONE', *, *, #3942, .F. ) ;
#6691 = ORIENTED_EDGE ( 'NONE', *, *, #4159, .F. ) ;
#6692 = LINE ( 'NONE', #1241, #5490 ) ;
#6693 = FACE_OUTER_BOUND ( 'NONE', #7094, .T. ) ;
#6694 = FILL_AREA_STYLE ('',( #4698 ) ) ;
#6695 = ORIENTED_EDGE ( 'NONE', *, *, #8563, .F. ) ;
#6696 = FILL_AREA_STYLE_COLOUR ( '', #6385 ) ;
#6697 = FACE_OUTER_BOUND ( 'NONE', #7317, .T. ) ;
#6698 = CARTESIAN_POINT ( 'NONE',  ( 2.225000000000000533, -0.3150000000000000022, -5.440192378864675327 ) ) ;
#6699 = UNCERTAINTY_MEASURE_WITH_UNIT (LENGTH_MEASURE( 1.000000000000000082E-05 ), #8532, 'distance_accuracy_value', 'NONE');
#6700 = EDGE_CURVE ( 'NONE', #3843, #3003, #4759, .T. ) ;
#6701 = EDGE_CURVE ( 'NONE', #939, #5391, #3502, .T. ) ;
#6702 = DIRECTION ( 'NONE',  ( 0.7071067811865474617, -0.7071067811865474617, 0.000000000000000000 ) ) ;
#6703 = SURFACE_SIDE_STYLE ('',( #2093 ) ) ;
#6704 =( NAMED_UNIT ( * ) PLANE_ANGLE_UNIT ( ) SI_UNIT ( $, .RADIAN. ) );
#6705 = ORIENTED_EDGE ( 'NONE', *, *, #8181, .T. ) ;
#6706 =( LENGTH_UNIT ( ) NAMED_UNIT ( * ) SI_UNIT ( .MILLI., .METRE. ) );
#6707 = DIRECTION ( 'NONE',  ( 0.5773502691896251759, 0.5773502691896251759, 0.5773502691896270633 ) ) ;
#6708 = SURFACE_STYLE_USAGE ( .BOTH. , #3902 ) ;
#6709 = CARTESIAN_POINT ( 'NONE',  ( -3.810000000000000053, 0.9499999999999999556, -1.810000000000000053 ) ) ;
#6710 = STYLED_ITEM ( 'NONE', ( #2016 ), #6678 ) ;
#6711 = ORIENTED_EDGE ( 'NONE', *, *, #1982, .F. ) ;
#6712 = UNCERTAINTY_MEASURE_WITH_UNIT (LENGTH_MEASURE( 1.000000000000000082E-05 ), #7578, 'distance_accuracy_value', 'NONE');
#6713 =( NAMED_UNIT ( * ) SI_UNIT ( $, .STERADIAN. ) SOLID_ANGLE_UNIT ( ) );
#6714 = MECHANICAL_DESIGN_GEOMETRIC_PRESENTATION_REPRESENTATION (  '', ( #371 ), #1657 ) ;
#6715 = EDGE_LOOP ( 'NONE', ( #2653, #6283, #4028, #4571, #7855 ) ) ;
#6716 =( NAMED_UNIT ( * ) SI_UNIT ( $, .STERADIAN. ) SOLID_ANGLE_UNIT ( ) );
#6717 = DIRECTION ( 'NONE',  ( 0.7071067811865475727, 0.7071067811865475727, -0.000000000000000000 ) ) ;
#6718 = ORIENTED_EDGE ( 'NONE', *, *, #7255, .F. ) ;
#6719 = UNCERTAINTY_MEASURE_WITH_UNIT (LENGTH_MEASURE( 1.000000000000000082E-05 ), #7086, 'distance_accuracy_value', 'NONE');
#6720 = DIRECTION ( 'NONE',  ( 1.000000000000000000, 0.000000000000000000, 0.000000000000000000 ) ) ;
#6721 = VECTOR ( 'NONE', #3565, 1000.000000000000000 ) ;
#6722 = FILL_AREA_STYLE ('',( #7402 ) ) ;
#6723 =( NAMED_UNIT ( * ) PLANE_ANGLE_UNIT ( ) SI_UNIT ( $, .RADIAN. ) );
#6724 = COLOUR_RGB ( '',0.5607843137254902022, 0.6470588235294117974, 0.6352941176470587870 ) ;
#6725 = PRESENTATION_STYLE_ASSIGNMENT (( #3295 ) ) ;
#6726 = DIRECTION ( 'NONE',  ( 0.5773502691896251759, 0.5773502691896251759, 0.5773502691896270633 ) ) ;
#6727 = DIRECTION ( 'NONE',  ( 0.000000000000000000, 0.000000000000000000, 1.000000000000000000 ) ) ;
#6728 = FILL_AREA_STYLE_COLOUR ( '', #8321 ) ;
#6729 = CARTESIAN_POINT ( 'NONE',  ( -3.810000000000000053, -1.250000000000000000, -1.800000000000000044 ) ) ;
#6730 = STYLED_ITEM ( 'NONE', ( #7924 ), #3858 ) ;
#6731 = FACE_OUTER_BOUND ( 'NONE', #7928, .T. ) ;
#6732 = PRESENTATION_LAYER_ASSIGNMENT (  '', '', ( #1114 ) ) ;
#6733 = PRESENTATION_LAYER_ASSIGNMENT (  '', '', ( #4507 ) ) ;
#6734 =( LENGTH_UNIT ( ) NAMED_UNIT ( * ) SI_UNIT ( .MILLI., .METRE. ) );
#6735 = VECTOR ( 'NONE', #3317, 1000.000000000000000 ) ;
#6736 = ADVANCED_FACE ( 'NONE', ( #1594 ), #2824, .T. ) ;
#6737 = CARTESIAN_POINT ( 'NONE',  ( -1.270000000000000240, -0.8499999999999994227, 6.699999999999999289 ) ) ;
#6738 = ORIENTED_EDGE ( 'NONE', *, *, #2984, .T. ) ;
#6739 = STYLED_ITEM ( 'NONE', ( #595 ), #8677 ) ;
#6740 = DIRECTION ( 'NONE',  ( -0.000000000000000000, -0.000000000000000000, -1.000000000000000000 ) ) ;
#6741 = SURFACE_STYLE_USAGE ( .BOTH. , #6083 ) ;
#6742 = DIRECTION ( 'NONE',  ( 0.000000000000000000, -0.000000000000000000, -1.000000000000000000 ) ) ;
#6743 =( GEOMETRIC_REPRESENTATION_CONTEXT ( 3 ) GLOBAL_UNCERTAINTY_ASSIGNED_CONTEXT ( ( #4661 ) ) GLOBAL_UNIT_ASSIGNED_CONTEXT ( ( #1914, #1239, #2607 ) ) REPRESENTATION_CONTEXT ( 'NONE', 'WORKASPACE' ) );
#6744 = VECTOR ( 'NONE', #7122, 1000.000000000000000 ) ;
#6745 = CIRCLE ( 'NONE', #6466, 0.05000000000000012768 ) ;
#6746 = STYLED_ITEM ( 'NONE', ( #4892 ), #8009 ) ;
#6747 = EDGE_CURVE ( 'NONE', #2272, #652, #5626, .T. ) ;
#6748 = EDGE_CURVE ( 'NONE', #3003, #5300, #5014, .T. ) ;
#6749 =( NAMED_UNIT ( * ) SI_UNIT ( $, .STERADIAN. ) SOLID_ANGLE_UNIT ( ) );
#6750 = MECHANICAL_DESIGN_GEOMETRIC_PRESENTATION_REPRESENTATION (  '', ( #976 ), #7324 ) ;
#6751 =( GEOMETRIC_REPRESENTATION_CONTEXT ( 3 ) GLOBAL_UNCERTAINTY_ASSIGNED_CONTEXT ( ( #5600 ) ) GLOBAL_UNIT_ASSIGNED_CONTEXT ( ( #6461, #280, #3116 ) ) REPRESENTATION_CONTEXT ( 'NONE', 'WORKASPACE' ) );
#6752 = LINE ( 'NONE', #3358, #5311 ) ;
#6753 = UNCERTAINTY_MEASURE_WITH_UNIT (LENGTH_MEASURE( 1.000000000000000082E-05 ), #7741, 'distance_accuracy_value', 'NONE');
#6754 = SURFACE_SIDE_STYLE ('',( #7389 ) ) ;
#6755 = ORIENTED_EDGE ( 'NONE', *, *, #6401, .T. ) ;
#6756 = VECTOR ( 'NONE', #7488, 1000.000000000000000 ) ;
#6757 = FILL_AREA_STYLE ('',( #725 ) ) ;
#6758 =( GEOMETRIC_REPRESENTATION_CONTEXT ( 3 ) GLOBAL_UNCERTAINTY_ASSIGNED_CONTEXT ( ( #3527 ) ) GLOBAL_UNIT_ASSIGNED_CONTEXT ( ( #4737, #6704, #1389 ) ) REPRESENTATION_CONTEXT ( 'NONE', 'WORKASPACE' ) );
#6759 = ADVANCED_FACE ( 'NONE', ( #7534 ), #2948, .F. ) ;
#6760 = CARTESIAN_POINT ( 'NONE',  ( -2.319999999999999840, -1.550000000000000044, -1.000000000000000000 ) ) ;
#6761 = FILL_AREA_STYLE ('',( #4744 ) ) ;
#6762 = LINE ( 'NONE', #5481, #338 ) ;
#6763 = FACE_OUTER_BOUND ( 'NONE', #5132, .T. ) ;
#6764 = EDGE_LOOP ( 'NONE', ( #5050, #4751, #4956, #3860, #7538, #6113 ) ) ;
#6765 = CARTESIAN_POINT ( 'NONE',  ( 0.1150000000000000883, 0.000000000000000000, -6.000000000000000000 ) ) ;
#6766 = AXIS2_PLACEMENT_3D ( 'NONE', #7113, #4353, #2504 ) ;
#6767 = CARTESIAN_POINT ( 'NONE',  ( 0.2650000000000000688, -0.2650000000000000133, -2.500000000000000000 ) ) ;
#6768 = PRESENTATION_STYLE_ASSIGNMENT (( #2077 ) ) ;
#6769 = VERTEX_POINT ( 'NONE', #233 ) ;
#6770 = PRESENTATION_LAYER_ASSIGNMENT (  '', '', ( #3971 ) ) ;
#6771 = CARTESIAN_POINT ( 'NONE',  ( -0.3149999999999998357, 0.2650000000000000133, -1.609045455704950278 ) ) ;
#6772 = CARTESIAN_POINT ( 'NONE',  ( -2.854999999999999982, -0.3150000000000000022, -2.500000000000000000 ) ) ;
#6773 = SURFACE_STYLE_USAGE ( .BOTH. , #4097 ) ;
#6774 = FILL_AREA_STYLE_COLOUR ( '', #4152 ) ;
#6775 = CARTESIAN_POINT ( 'NONE',  ( -4.403333333333335098, -2.183333333333335791, 0.6333333333333477366 ) ) ;
#6776 = ORIENTED_EDGE ( 'NONE', *, *, #2082, .F. ) ;
#6777 = DIRECTION ( 'NONE',  ( 0.000000000000000000, 1.000000000000000000, 0.000000000000000000 ) ) ;
#6778 = SURFACE_STYLE_FILL_AREA ( #5990 ) ;
#6779 = MECHANICAL_DESIGN_GEOMETRIC_PRESENTATION_REPRESENTATION (  '', ( #460 ), #4957 ) ;
#6780 = DIRECTION ( 'NONE',  ( 0.2505628070857336409, 0.2505628070857336409, 0.9351131265310282936 ) ) ;
#6781 = VERTEX_POINT ( 'NONE', #4979 ) ;
#6782 =( NAMED_UNIT ( * ) SI_UNIT ( $, .STERADIAN. ) SOLID_ANGLE_UNIT ( ) );
#6783 = DIRECTION ( 'NONE',  ( -0.7071067811865474617, 0.7071067811865474617, 0.000000000000000000 ) ) ;
#6784 =( BOUNDED_CURVE ( )  B_SPLINE_CURVE ( 3, ( #7593, #1610, #2211, #7637 ),
 .UNSPECIFIED., .F., .F. ) 
 B_SPLINE_CURVE_WITH_KNOTS ( ( 4, 4 ),
 ( 3.141592653589793116, 3.926990816987251165 ),
 .UNSPECIFIED. ) 
 CURVE ( )  GEOMETRIC_REPRESENTATION_ITEM ( )  RATIONAL_B_SPLINE_CURVE ( ( 1.000000000000000000, 0.9492530216741897897, 0.9492530216741897897, 1.000000000000000000 ) ) 
 REPRESENTATION_ITEM ( '' )  );
#6785 = EDGE_CURVE ( 'NONE', #8364, #7291, #6115, .T. ) ;
#6786 = LINE ( 'NONE', #7510, #6219 ) ;
#6787 = MECHANICAL_DESIGN_GEOMETRIC_PRESENTATION_REPRESENTATION (  '', ( #5397 ), #3132 ) ;
#6788 = LINE ( 'NONE', #3437, #2224 ) ;
#6789 = CARTESIAN_POINT ( 'NONE',  ( 0.000000000000000000, 0.000000000000000000, 0.000000000000000000 ) ) ;
#6790 = VERTEX_POINT ( 'NONE', #1630 ) ;
#6791 = ORIENTED_EDGE ( 'NONE', *, *, #6940, .T. ) ;
#6792 = EDGE_CURVE ( 'NONE', #8665, #3978, #5664, .T. ) ;
#6793 = EDGE_CURVE ( 'NONE', #1688, #2974, #7073, .T. ) ;
#6794 = MECHANICAL_DESIGN_GEOMETRIC_PRESENTATION_REPRESENTATION (  '', ( #7977 ), #1490 ) ;
#6795 = CARTESIAN_POINT ( 'NONE',  ( 1.269999999999999796, 0.8499999999999998668, -0.4000000000000014655 ) ) ;
#6796 = CARTESIAN_POINT ( 'NONE',  ( -3.910000000000000142, 0.8499999999999998668, 6.699999999999999289 ) ) ;
#6797 = DIRECTION ( 'NONE',  ( 1.000000000000000000, 0.000000000000000000, 0.000000000000000000 ) ) ;
#6798 = CARTESIAN_POINT ( 'NONE',  ( -1.536852484421999954, -1.249999999999999556, -1.000000000000000000 ) ) ;
#6799 = EDGE_CURVE ( 'NONE', #3055, #1839, #6453, .T. ) ;
#6800 = PRESENTATION_LAYER_ASSIGNMENT (  '', '', ( #759 ) ) ;
#6801 = DIRECTION ( 'NONE',  ( -0.000000000000000000, -0.000000000000000000, 1.000000000000000000 ) ) ;
#6802 = SURFACE_STYLE_FILL_AREA ( #2112 ) ;
#6803 = SURFACE_STYLE_USAGE ( .BOTH. , #4132 ) ;
#6804 = DIRECTION ( 'NONE',  ( -0.000000000000000000, -0.000000000000000000, -1.000000000000000000 ) ) ;
#6805 = COLOUR_RGB ( '',0.5607843137254902022, 0.6470588235294117974, 0.6352941176470587870 ) ;
#6806 = MECHANICAL_DESIGN_GEOMETRIC_PRESENTATION_REPRESENTATION (  '', ( #2750 ), #5420 ) ;
#6807 = DIRECTION ( 'NONE',  ( -0.000000000000000000, -0.000000000000000000, -1.000000000000000000 ) ) ;
#6808 = UNCERTAINTY_MEASURE_WITH_UNIT (LENGTH_MEASURE( 1.000000000000000082E-05 ), #3912, 'distance_accuracy_value', 'NONE');
#6809 = PLANE ( 'NONE',  #2686 ) ;
#6810 = ORIENTED_EDGE ( 'NONE', *, *, #1462, .T. ) ;
#6811 = LINE ( 'NONE', #1628, #8042 ) ;
#6812 = LINE ( 'NONE', #285, #8338 ) ;
#6813 = AXIS2_PLACEMENT_3D ( 'NONE', #3241, #3914, #6588 ) ;
#6814 = DIRECTION ( 'NONE',  ( 0.000000000000000000, 0.000000000000000000, -1.000000000000000000 ) ) ;
#6815 = STYLED_ITEM ( 'NONE', ( #1227 ), #2281 ) ;
#6816 =( NAMED_UNIT ( * ) PLANE_ANGLE_UNIT ( ) SI_UNIT ( $, .RADIAN. ) );
#6817 = CARTESIAN_POINT ( 'NONE',  ( 0.2503553390593273864, 0.3003553390593273753, 6.194846997554884105 ) ) ;
#6818 = ORIENTED_EDGE ( 'NONE', *, *, #4222, .F. ) ;
#6819 = FILL_AREA_STYLE ('',( #4814 ) ) ;
#6820 = CARTESIAN_POINT ( 'NONE',  ( -2.754999999999999893, -0.1650000000000000633, -6.000000000000000000 ) ) ;
#6821 = UNCERTAINTY_MEASURE_WITH_UNIT (LENGTH_MEASURE( 1.000000000000000082E-05 ), #1519, 'distance_accuracy_value', 'NONE');
#6822 = FILL_AREA_STYLE ('',( #82 ) ) ;
#6823 = PRESENTATION_LAYER_ASSIGNMENT (  '', '', ( #1070 ) ) ;
#6824 = ORIENTED_EDGE ( 'NONE', *, *, #1983, .T. ) ;
#6825 = FILL_AREA_STYLE ('',( #6347 ) ) ;
#6826 = FACE_OUTER_BOUND ( 'NONE', #5759, .T. ) ;
#6827 = VERTEX_POINT ( 'NONE', #1193 ) ;
#6828 = SURFACE_STYLE_FILL_AREA ( #2148 ) ;
#6829 = UNCERTAINTY_MEASURE_WITH_UNIT (LENGTH_MEASURE( 1.000000000000000082E-05 ), #5562, 'distance_accuracy_value', 'NONE');
#6830 = FACE_OUTER_BOUND ( 'NONE', #7783, .T. ) ;
#6831 = ADVANCED_FACE ( 'NONE', ( #7939 ), #5701, .F. ) ;
#6832 = EDGE_CURVE ( 'NONE', #2393, #3318, #7843, .T. ) ;
#6833 = SURFACE_STYLE_FILL_AREA ( #7520 ) ;
#6834 = STYLED_ITEM ( 'NONE', ( #4930 ), #6759 ) ;
#6835 = VERTEX_POINT ( 'NONE', #1767 ) ;
#6836 =( LENGTH_UNIT ( ) NAMED_UNIT ( * ) SI_UNIT ( .MILLI., .METRE. ) );
#6837 = DIRECTION ( 'NONE',  ( 1.000000000000000000, 0.000000000000000000, 0.000000000000000000 ) ) ;
#6838 = CARTESIAN_POINT ( 'NONE',  ( -0.2396152422706999963, -1.250000000000000000, -1.800000000000000044 ) ) ;
#6839 = CARTESIAN_POINT ( 'NONE',  ( 2.225000000000000533, 0.2650000000000000133, -2.500000000000000000 ) ) ;
#6840 = SURFACE_STYLE_FILL_AREA ( #7562 ) ;
#6841 = FACE_OUTER_BOUND ( 'NONE', #1612, .T. ) ;
#6842 = EDGE_CURVE ( 'NONE', #359, #800, #3199, .T. ) ;
#6843 = CARTESIAN_POINT ( 'NONE',  ( -3.810000000000000053, 0.9500000000000000666, -1.810000000000000053 ) ) ;
#6844 = CARTESIAN_POINT ( 'NONE',  ( -1.270000000000000240, 0.9499999999999996225, 6.699999999999999289 ) ) ;
#6845 =( LENGTH_UNIT ( ) NAMED_UNIT ( * ) SI_UNIT ( .MILLI., .METRE. ) );
#6846 = MECHANICAL_DESIGN_GEOMETRIC_PRESENTATION_REPRESENTATION (  '', ( #5869 ), #4054 ) ;
#6847 = CARTESIAN_POINT ( 'NONE',  ( 1.219999999999999751, 0.8999999999999989120, -0.3500000000000011990 ) ) ;
#6848 = SURFACE_STYLE_USAGE ( .BOTH. , #8293 ) ;
#6849 = AXIS2_PLACEMENT_3D ( 'NONE', #7406, #2192, #2902 ) ;
#6850 =( LENGTH_UNIT ( ) NAMED_UNIT ( * ) SI_UNIT ( .MILLI., .METRE. ) );
#6851 = FILL_AREA_STYLE ('',( #8295 ) ) ;
#6852 =( GEOMETRIC_REPRESENTATION_CONTEXT ( 3 ) GLOBAL_UNCERTAINTY_ASSIGNED_CONTEXT ( ( #6662 ) ) GLOBAL_UNIT_ASSIGNED_CONTEXT ( ( #5601, #8237, #762 ) ) REPRESENTATION_CONTEXT ( 'NONE', 'WORKASPACE' ) );
#6853 = EDGE_CURVE ( 'NONE', #1202, #1317, #8428, .T. ) ;
#6854 =( LENGTH_UNIT ( ) NAMED_UNIT ( * ) SI_UNIT ( .MILLI., .METRE. ) );
#6855 = SURFACE_STYLE_USAGE ( .BOTH. , #2164 ) ;
#6856 = ORIENTED_EDGE ( 'NONE', *, *, #311, .T. ) ;
#6857 = MECHANICAL_DESIGN_GEOMETRIC_PRESENTATION_REPRESENTATION (  '', ( #2796 ), #3621 ) ;
#6858 = LINE ( 'NONE', #833, #5675 ) ;
#6859 = PRESENTATION_STYLE_ASSIGNMENT (( #4187 ) ) ;
#6860 = FILL_AREA_STYLE_COLOUR ( '', #101 ) ;
#6861 = UNCERTAINTY_MEASURE_WITH_UNIT (LENGTH_MEASURE( 1.000000000000000082E-05 ), #5328, 'distance_accuracy_value', 'NONE');
#6862 = PRESENTATION_LAYER_ASSIGNMENT (  '', '', ( #3352 ) ) ;
#6863 = PRESENTATION_LAYER_ASSIGNMENT (  '', '', ( #7303 ) ) ;
#6864 = MECHANICAL_DESIGN_GEOMETRIC_PRESENTATION_REPRESENTATION (  '', ( #1409 ), #1283 ) ;
#6865 = ORIENTED_EDGE ( 'NONE', *, *, #2569, .F. ) ;
#6866 = CIRCLE ( 'NONE', #6457, 0.05000000000000012768 ) ;
#6867 = MECHANICAL_DESIGN_GEOMETRIC_PRESENTATION_REPRESENTATION (  '', ( #3355 ), #3614 ) ;
#6868 = LINE ( 'NONE', #3874, #5915 ) ;
#6869 = EDGE_LOOP ( 'NONE', ( #5313, #4739, #1009, #1851 ) ) ;
#6870 = DIRECTION ( 'NONE',  ( 0.000000000000000000, 0.000000000000000000, 1.000000000000000000 ) ) ;
#6871 = COLOUR_RGB ( '',1.000000000000000000, 1.000000000000000000, 1.000000000000000000 ) ;
#6872 = STYLED_ITEM ( 'NONE', ( #8086 ), #4567 ) ;
#6873 = VERTEX_POINT ( 'NONE', #8526 ) ;
#6874 = ORIENTED_EDGE ( 'NONE', *, *, #3960, .F. ) ;
#6875 = VECTOR ( 'NONE', #5871, 1000.000000000000000 ) ;
#6876 = COLOUR_RGB ( '',0.5607843137254902022, 0.6470588235294117974, 0.6352941176470587870 ) ;
#6877 = CARTESIAN_POINT ( 'NONE',  ( -0.3149999999999998357, 0.3150000000000000022, -1.609045455704950278 ) ) ;
#6878 = STYLED_ITEM ( 'NONE', ( #2991 ), #5405 ) ;
#6879 = CARTESIAN_POINT ( 'NONE',  ( -2.754999999999999893, 0.000000000000000000, 6.700000000000000178 ) ) ;
#6880 = PLANE ( 'NONE',  #1773 ) ;
#6881 = AXIS2_PLACEMENT_3D ( 'NONE', #6105, #1583, #732 ) ;
#6882 = STYLED_ITEM ( 'NONE', ( #6357 ), #4919 ) ;
#6883 = DIRECTION ( 'NONE',  ( 0.000000000000000000, 0.000000000000000000, -1.000000000000000000 ) ) ;
#6884 =( GEOMETRIC_REPRESENTATION_CONTEXT ( 3 ) GLOBAL_UNCERTAINTY_ASSIGNED_CONTEXT ( ( #2856 ) ) GLOBAL_UNIT_ASSIGNED_CONTEXT ( ( #2919, #8231, #4195 ) ) REPRESENTATION_CONTEXT ( 'NONE', 'WORKASPACE' ) );
#6885 = EDGE_CURVE ( 'NONE', #5646, #387, #2367, .T. ) ;
#6886 = PRESENTATION_STYLE_ASSIGNMENT (( #1531 ) ) ;
#6887 = PRESENTATION_STYLE_ASSIGNMENT (( #4875 ) ) ;
#6888 = PRESENTATION_LAYER_ASSIGNMENT (  '', '', ( #1866 ) ) ;
#6889 = CARTESIAN_POINT ( 'NONE',  ( -1.670000000000000373, -1.249999999999999556, 6.699999999999999289 ) ) ;
#6890 = PRESENTATION_LAYER_ASSIGNMENT (  '', '', ( #4806 ) ) ;
#6891 = CARTESIAN_POINT ( 'NONE',  ( -2.325000000000000178, 0.3150000000000000022, -1.609045455704950278 ) ) ;
#6892 = DIRECTION ( 'NONE',  ( -0.000000000000000000, 1.000000000000000000, 0.000000000000000000 ) ) ;
#6893 = FILL_AREA_STYLE_COLOUR ( '', #6805 ) ;
#6894 = MECHANICAL_DESIGN_GEOMETRIC_PRESENTATION_REPRESENTATION (  '', ( #5777 ), #4248 ) ;
#6895 = FACE_BOUND ( 'NONE', #6296, .T. ) ;
#6896 = EDGE_CURVE ( 'NONE', #7340, #2726, #3776, .T. ) ;
#6897 = EDGE_CURVE ( 'NONE', #2632, #3702, #2468, .T. ) ;
#6898 =( NAMED_UNIT ( * ) PLANE_ANGLE_UNIT ( ) SI_UNIT ( $, .RADIAN. ) );
#6899 =( GEOMETRIC_REPRESENTATION_CONTEXT ( 3 ) GLOBAL_UNCERTAINTY_ASSIGNED_CONTEXT ( ( #5233 ) ) GLOBAL_UNIT_ASSIGNED_CONTEXT ( ( #7493, #4171, #4835 ) ) REPRESENTATION_CONTEXT ( 'NONE', 'WORKASPACE' ) );
#6900 = CARTESIAN_POINT ( 'NONE',  ( -0.3408531991698715569, 0.3098574789487829606, 6.159384528706809192 ) ) ;
#6901 = CARTESIAN_POINT ( 'NONE',  ( -1.370000000000000329, -0.8499999999999994227, 6.699999999999999289 ) ) ;
#6902 =( NAMED_UNIT ( * ) SI_UNIT ( $, .STERADIAN. ) SOLID_ANGLE_UNIT ( ) );
#6903 = CARTESIAN_POINT ( 'NONE',  ( -1.670000000000000373, -1.249999999999999556, 6.699999999999999289 ) ) ;
#6904 = VECTOR ( 'NONE', #5107, 1000.000000000000227 ) ;
#6905 = SURFACE_SIDE_STYLE ('',( #3548 ) ) ;
#6906 = LINE ( 'NONE', #2878, #2798 ) ;
#6907 = EDGE_CURVE ( 'NONE', #5323, #8233, #7170, .T. ) ;
#6908 = VECTOR ( 'NONE', #4371, 1000.000000000000000 ) ;
#6909 = UNCERTAINTY_MEASURE_WITH_UNIT (LENGTH_MEASURE( 1.000000000000000082E-05 ), #5745, 'distance_accuracy_value', 'NONE');
#6910 = MECHANICAL_DESIGN_GEOMETRIC_PRESENTATION_REPRESENTATION (  '', ( #3829 ), #2853 ) ;
#6911 = LINE ( 'NONE', #8366, #8074 ) ;
#6912 = FILL_AREA_STYLE ('',( #126 ) ) ;
#6913 = CARTESIAN_POINT ( 'NONE',  ( 0.2150000000000000522, 0.3150000000000000022, 0.000000000000000000 ) ) ;
#6914 = DIRECTION ( 'NONE',  ( 0.000000000000000000, 0.000000000000000000, -1.000000000000000000 ) ) ;
#6915 = ORIENTED_EDGE ( 'NONE', *, *, #467, .T. ) ;
#6916 = SURFACE_SIDE_STYLE ('',( #6954 ) ) ;
#6917 = ORIENTED_EDGE ( 'NONE', *, *, #2500, .T. ) ;
#6918 = VERTEX_POINT ( 'NONE', #6520 ) ;
#6919 = STYLED_ITEM ( 'NONE', ( #1772 ), #1030 ) ;
#6920 =( NAMED_UNIT ( * ) SI_UNIT ( $, .STERADIAN. ) SOLID_ANGLE_UNIT ( ) );
#6921 = FILL_AREA_STYLE_COLOUR ( '', #5762 ) ;
#6922 = VERTEX_POINT ( 'NONE', #1867 ) ;
#6923 = DIRECTION ( 'NONE',  ( 0.000000000000000000, 1.000000000000000000, 0.000000000000000000 ) ) ;
#6924 =( NAMED_UNIT ( * ) SI_UNIT ( $, .STERADIAN. ) SOLID_ANGLE_UNIT ( ) );
#6925 = FILL_AREA_STYLE_COLOUR ( '', #1837 ) ;
#6926 = FACE_OUTER_BOUND ( 'NONE', #4185, .T. ) ;
#6927 = CARTESIAN_POINT ( 'NONE',  ( 2.754999999999999893, 0.2650000000000000133, 0.000000000000000000 ) ) ;
#6928 = SURFACE_SIDE_STYLE ('',( #2158 ) ) ;
#6929 = LINE ( 'NONE', #100, #5537 ) ;
#6930 = DIRECTION ( 'NONE',  ( 0.000000000000000000, 1.000000000000000000, -0.000000000000000000 ) ) ;
#6931 =( GEOMETRIC_REPRESENTATION_CONTEXT ( 3 ) GLOBAL_UNCERTAINTY_ASSIGNED_CONTEXT ( ( #7368 ) ) GLOBAL_UNIT_ASSIGNED_CONTEXT ( ( #4668, #7203, #551 ) ) REPRESENTATION_CONTEXT ( 'NONE', 'WORKASPACE' ) );
#6932 =( GEOMETRIC_REPRESENTATION_CONTEXT ( 3 ) GLOBAL_UNCERTAINTY_ASSIGNED_CONTEXT ( ( #5925 ) ) GLOBAL_UNIT_ASSIGNED_CONTEXT ( ( #5994, #7417, #8054 ) ) REPRESENTATION_CONTEXT ( 'NONE', 'WORKASPACE' ) );
#6933 = SURFACE_STYLE_USAGE ( .BOTH. , #4269 ) ;
#6934 = DIRECTION ( 'NONE',  ( -0.000000000000000000, -0.000000000000000000, 1.000000000000000000 ) ) ;
#6935 = SURFACE_SIDE_STYLE ('',( #1549 ) ) ;
#6936 = FILL_AREA_STYLE ('',( #5015 ) ) ;
#6937 = DIRECTION ( 'NONE',  ( 0.000000000000000000, -1.000000000000000000, 0.000000000000000000 ) ) ;
#6938 = ADVANCED_FACE ( 'NONE', ( #4561 ), #479, .F. ) ;
#6939 = ORIENTED_EDGE ( 'NONE', *, *, #8666, .T. ) ;
#6940 = EDGE_CURVE ( 'NONE', #5916, #3318, #1323, .T. ) ;
#6941 = EDGE_CURVE ( 'NONE', #6408, #2385, #7373, .T. ) ;
#6942 = FILL_AREA_STYLE_COLOUR ( '', #4773 ) ;
#6943 = DIRECTION ( 'NONE',  ( -0.7071067811865487940, 0.000000000000000000, 0.7071067811865463515 ) ) ;
#6944 = UNCERTAINTY_MEASURE_WITH_UNIT (LENGTH_MEASURE( 1.000000000000000082E-05 ), #8122, 'distance_accuracy_value', 'NONE');
#6945 = DIRECTION ( 'NONE',  ( -0.000000000000000000, 1.000000000000000000, 0.000000000000000000 ) ) ;
#6946 =( NAMED_UNIT ( * ) SI_UNIT ( $, .STERADIAN. ) SOLID_ANGLE_UNIT ( ) );
#6947 = EDGE_LOOP ( 'NONE', ( #5774, #7452, #1240, #7046 ) ) ;
#6948 = LINE ( 'NONE', #3590, #569 ) ;
#6949 = VECTOR ( 'NONE', #7555, 1000.000000000000000 ) ;
#6950 = PRESENTATION_STYLE_ASSIGNMENT (( #339 ) ) ;
#6951 = PRESENTATION_STYLE_ASSIGNMENT (( #1093 ) ) ;
#6952 = SURFACE_STYLE_FILL_AREA ( #841 ) ;
#6953 = EDGE_LOOP ( 'NONE', ( #4982, #2696, #258, #2434 ) ) ;
#6954 = SURFACE_STYLE_FILL_AREA ( #6825 ) ;
#6955 = ADVANCED_FACE ( 'NONE', ( #1279 ), #2768, .F. ) ;
#6956 = DIRECTION ( 'NONE',  ( 0.000000000000000000, 0.000000000000000000, -1.000000000000000000 ) ) ;
#6957 =( NAMED_UNIT ( * ) PLANE_ANGLE_UNIT ( ) SI_UNIT ( $, .RADIAN. ) );
#6958 = SURFACE_STYLE_USAGE ( .BOTH. , #7553 ) ;
#6959 =( NAMED_UNIT ( * ) PLANE_ANGLE_UNIT ( ) SI_UNIT ( $, .RADIAN. ) );
#6960 = ORIENTED_EDGE ( 'NONE', *, *, #4873, .T. ) ;
#6961 =( LENGTH_UNIT ( ) NAMED_UNIT ( * ) SI_UNIT ( .MILLI., .METRE. ) );
#6962 = SURFACE_SIDE_STYLE ('',( #3665 ) ) ;
#6963 = ORIENTED_EDGE ( 'NONE', *, *, #5779, .T. ) ;
#6964 = VERTEX_POINT ( 'NONE', #6064 ) ;
#6965 = UNCERTAINTY_MEASURE_WITH_UNIT (LENGTH_MEASURE( 1.000000000000000082E-05 ), #8570, 'distance_accuracy_value', 'NONE');
#6966 = LINE ( 'NONE', #5042, #4092 ) ;
#6967 = SURFACE_STYLE_USAGE ( .BOTH. , #8379 ) ;
#6968 = CARTESIAN_POINT ( 'NONE',  ( 0.8699999999999996625, -1.250000000000000000, -2.799999999999999822 ) ) ;
#6969 = DIRECTION ( 'NONE',  ( 0.000000000000000000, -1.000000000000000000, 0.000000000000000000 ) ) ;
#6970 = EDGE_LOOP ( 'NONE', ( #6651, #6433, #6529, #342, #5923 ) ) ;
#6971 = SURFACE_STYLE_FILL_AREA ( #4304 ) ;
#6972 = SURFACE_STYLE_USAGE ( .BOTH. , #5052 ) ;
#6973 = CARTESIAN_POINT ( 'NONE',  ( 1.169999999999999929, 0.8499999999999998668, -2.399999999999998579 ) ) ;
#6974 = DIRECTION ( 'NONE',  ( 0.000000000000000000, 0.000000000000000000, 1.000000000000000000 ) ) ;
#6975 = STYLED_ITEM ( 'NONE', ( #4311 ), #6736 ) ;
#6976 = PLANE ( 'NONE',  #7338 ) ;
#6977 = CARTESIAN_POINT ( 'NONE',  ( -0.3503553390593275862, -0.3003553390593273753, -5.494846997554885704 ) ) ;
#6978 =( GEOMETRIC_REPRESENTATION_CONTEXT ( 3 ) GLOBAL_UNCERTAINTY_ASSIGNED_CONTEXT ( ( #930 ) ) GLOBAL_UNIT_ASSIGNED_CONTEXT ( ( #7105, #2355, #3715 ) ) REPRESENTATION_CONTEXT ( 'NONE', 'WORKASPACE' ) );
#6979 = CARTESIAN_POINT ( 'NONE',  ( -0.9699999999999999734, 1.250000000000000000, 0.000000000000000000 ) ) ;
#6980 = SURFACE_SIDE_STYLE ('',( #2296 ) ) ;
#6981 = VERTEX_POINT ( 'NONE', #6767 ) ;
#6982 = CARTESIAN_POINT ( 'NONE',  ( 0.8699999999999996625, 1.250000000000000000, 0.000000000000000000 ) ) ;
#6983 = DIRECTION ( 'NONE',  ( 0.000000000000000000, 1.000000000000000000, -0.000000000000000000 ) ) ;
#6984 = CARTESIAN_POINT ( 'NONE',  ( -3.510000000000000231, -1.249999999999999556, -1.799999999999999600 ) ) ;
#6985 = DIRECTION ( 'NONE',  ( 0.000000000000000000, 0.000000000000000000, 1.000000000000000000 ) ) ;
#6986 = ORIENTED_EDGE ( 'NONE', *, *, #2926, .F. ) ;
#6987 = SURFACE_STYLE_USAGE ( .BOTH. , #7673 ) ;
#6988 = PRESENTATION_LAYER_ASSIGNMENT (  '', '', ( #6582 ) ) ;
#6989 = AXIS2_PLACEMENT_3D ( 'NONE', #5314, #753, #8683 ) ;
#6990 = EDGE_CURVE ( 'NONE', #4366, #5455, #19, .T. ) ;
#6991 = STYLED_ITEM ( 'NONE', ( #3730 ), #3512 ) ;
#6992 = PRESENTATION_STYLE_ASSIGNMENT (( #4418 ) ) ;
#6993 = FILL_AREA_STYLE ('',( #5120 ) ) ;
#6994 = STYLED_ITEM ( 'NONE', ( #395 ), #8120 ) ;
#6995 = PLANE ( 'NONE',  #3530 ) ;
#6996 = FILL_AREA_STYLE_COLOUR ( '', #7298 ) ;
#6997 = ORIENTED_EDGE ( 'NONE', *, *, #4071, .T. ) ;
#6998 = ORIENTED_EDGE ( 'NONE', *, *, #6154, .F. ) ;
#6999 = EDGE_CURVE ( 'NONE', #5848, #7048, #5442, .T. ) ;
#7000 = EDGE_CURVE ( 'NONE', #1118, #3798, #7001, .T. ) ;
#7001 =( BOUNDED_CURVE ( )  B_SPLINE_CURVE ( 3, ( #8658, #570, #3247, #2598 ),
 .UNSPECIFIED., .F., .T. ) 
 B_SPLINE_CURVE_WITH_KNOTS ( ( 4, 4 ),
 ( 3.141592653589793116, 3.926990816987251165 ),
 .UNSPECIFIED. ) 
 CURVE ( )  GEOMETRIC_REPRESENTATION_ITEM ( )  RATIONAL_B_SPLINE_CURVE ( ( 1.000000000000000000, 0.9492530216741897897, 0.9492530216741897897, 1.000000000000000000 ) ) 
 REPRESENTATION_ITEM ( '' )  );
#7002 = LINE ( 'NONE', #5725, #7471 ) ;
#7003 = EDGE_LOOP ( 'NONE', ( #591, #2625, #4315, #6487 ) ) ;
#7004 = MECHANICAL_DESIGN_GEOMETRIC_PRESENTATION_REPRESENTATION (  '', ( #7456 ), #1986 ) ;
#7005 = AXIS2_PLACEMENT_3D ( 'NONE', #7419, #8760, #8096 ) ;
#7006 = ORIENTED_EDGE ( 'NONE', *, *, #6748, .F. ) ;
#7007 = DIRECTION ( 'NONE',  ( 0.7071067811865475727, -0.7071067811865475727, 0.000000000000000000 ) ) ;
#7008 = AXIS2_PLACEMENT_3D ( 'NONE', #4545, #3182, #4434 ) ;
#7009 = MECHANICAL_DESIGN_GEOMETRIC_PRESENTATION_REPRESENTATION (  '', ( #6183 ), #3365 ) ;
#7010 = VECTOR ( 'NONE', #6238, 1000.000000000000000 ) ;
#7011 =( GEOMETRIC_REPRESENTATION_CONTEXT ( 3 ) GLOBAL_UNCERTAINTY_ASSIGNED_CONTEXT ( ( #5324 ) ) GLOBAL_UNIT_ASSIGNED_CONTEXT ( ( #4363, #4517, #7176 ) ) REPRESENTATION_CONTEXT ( 'NONE', 'WORKASPACE' ) );
#7012 = EDGE_CURVE ( 'NONE', #476, #7383, #1927, .T. ) ;
#7013 = UNCERTAINTY_MEASURE_WITH_UNIT (LENGTH_MEASURE( 1.000000000000000082E-05 ), #4701, 'distance_accuracy_value', 'NONE');
#7014 = CARTESIAN_POINT ( 'NONE',  ( 2.211561944896765830, 0.3150000000000000022, -5.440192378864675327 ) ) ;
#7015 = AXIS2_PLACEMENT_3D ( 'NONE', #2209, #3780, #4509 ) ;
#7016 = PRESENTATION_LAYER_ASSIGNMENT (  '', '', ( #4916 ) ) ;
#7017 = ORIENTED_EDGE ( 'NONE', *, *, #4443, .F. ) ;
#7019 = CARTESIAN_POINT ( 'NONE',  ( -3.810000000000000053, 0.9499999999999999556, -0.9899999999999999911 ) ) ;
#7018 = PRESENTATION_LAYER_ASSIGNMENT (  '', '', ( #3956 ) ) ;
#7020 = ORIENTED_EDGE ( 'NONE', *, *, #1878, .T. ) ;
#7021 = AXIS2_PLACEMENT_3D ( 'NONE', #1808, #2990, #4972 ) ;
#7022 = DIRECTION ( 'NONE',  ( -0.000000000000000000, -0.000000000000000000, 1.000000000000000000 ) ) ;
#7023 = DIRECTION ( 'NONE',  ( 1.000000000000000000, -0.000000000000000000, 0.000000000000000000 ) ) ;
#7024 = SURFACE_STYLE_FILL_AREA ( #7166 ) ;
#7025 = DIRECTION ( 'NONE',  ( 0.7071067811865487940, 0.000000000000000000, -0.7071067811865463515 ) ) ;
#7026 = PRESENTATION_LAYER_ASSIGNMENT (  '', '', ( #7914 ) ) ;
#7027 =( NAMED_UNIT ( * ) SI_UNIT ( $, .STERADIAN. ) SOLID_ANGLE_UNIT ( ) );
#7028 = CARTESIAN_POINT ( 'NONE',  ( -0.3149999999999998357, -0.3150000000000000022, -1.609045455704950278 ) ) ;
#7029 = EDGE_LOOP ( 'NONE', ( #5114, #1105, #6986, #972 ) ) ;
#7030 = DIRECTION ( 'NONE',  ( 0.000000000000000000, 0.000000000000000000, 1.000000000000000000 ) ) ;
#7031 = DIRECTION ( 'NONE',  ( 0.000000000000000000, 1.000000000000000000, 0.000000000000000000 ) ) ;
#7032 = FACE_OUTER_BOUND ( 'NONE', #4729, .T. ) ;
#7033 = ORIENTED_EDGE ( 'NONE', *, *, #5364, .F. ) ;
#7034 = EDGE_LOOP ( 'NONE', ( #6094, #8150, #3141, #1567 ) ) ;
#7035 = MECHANICAL_DESIGN_GEOMETRIC_PRESENTATION_REPRESENTATION (  '', ( #143 ), #6633 ) ;
#7036 = DIRECTION ( 'NONE',  ( -0.7071067811865463515, 0.000000000000000000, -0.7071067811865487940 ) ) ;
#7037 = CARTESIAN_POINT ( 'NONE',  ( 3.709999999999998188, -0.7500000000000002220, -2.500000000000000000 ) ) ;
#7038 = EDGE_CURVE ( 'NONE', #3990, #1203, #5288, .T. ) ;
#7039 = DIRECTION ( 'NONE',  ( 1.000000000000000000, 0.000000000000000000, 0.000000000000000000 ) ) ;
#7040 = DIRECTION ( 'NONE',  ( -0.000000000000000000, 1.000000000000000000, 0.000000000000000000 ) ) ;
#7041 = EDGE_LOOP ( 'NONE', ( #540, #5629, #7774, #3039 ) ) ;
#7042 = DIRECTION ( 'NONE',  ( -0.000000000000000000, -0.000000000000000000, -1.000000000000000000 ) ) ;
#7043 = AXIS2_PLACEMENT_3D ( 'NONE', #8286, #4876, #2113 ) ;
#7044 = CARTESIAN_POINT ( 'NONE',  ( 1.169999999999999929, 1.250000000000000000, -2.399999999999998579 ) ) ;
#7045 = FACE_OUTER_BOUND ( 'NONE', #7460, .T. ) ;
#7046 = ORIENTED_EDGE ( 'NONE', *, *, #6213, .T. ) ;
#7047 = EDGE_CURVE ( 'NONE', #6436, #4497, #2279, .T. ) ;
#7048 = VERTEX_POINT ( 'NONE', #856 ) ;
#7049 =( GEOMETRIC_REPRESENTATION_CONTEXT ( 3 ) GLOBAL_UNCERTAINTY_ASSIGNED_CONTEXT ( ( #2407 ) ) GLOBAL_UNIT_ASSIGNED_CONTEXT ( ( #8313, #211, #6251 ) ) REPRESENTATION_CONTEXT ( 'NONE', 'WORKASPACE' ) );
#7050 = FILL_AREA_STYLE_COLOUR ( '', #3636 ) ;
#7051 = DIRECTION ( 'NONE',  ( -0.7071067811865487940, 0.000000000000000000, 0.7071067811865463515 ) ) ;
#7052 = ORIENTED_EDGE ( 'NONE', *, *, #726, .F. ) ;
#7053 =( GEOMETRIC_REPRESENTATION_CONTEXT ( 3 ) GLOBAL_UNCERTAINTY_ASSIGNED_CONTEXT ( ( #2759 ) ) GLOBAL_UNIT_ASSIGNED_CONTEXT ( ( #5553, #7512, #173 ) ) REPRESENTATION_CONTEXT ( 'NONE', 'WORKASPACE' ) );
#7054 = LINE ( 'NONE', #3525, #1842 ) ;
#7055 = CARTESIAN_POINT ( 'NONE',  ( -0.05000000000000012768, 4.709999999999999964, -1.810000000000000053 ) ) ;
#7056 = ADVANCED_FACE ( 'NONE', ( #275 ), #5489, .T. ) ;
#7057 = ADVANCED_FACE ( 'NONE', ( #8206 ), #810, .T. ) ;
#7058 = CARTESIAN_POINT ( 'NONE',  ( -1.670000000000000373, -0.7500000000000000000, -2.799999999999999822 ) ) ;
#7059 = VERTEX_POINT ( 'NONE', #2857 ) ;
#7060 = ORIENTED_EDGE ( 'NONE', *, *, #2769, .T. ) ;
#7061 = CARTESIAN_POINT ( 'NONE',  ( 0.000000000000000000, 0.1650000000000000633, -6.000000000000000000 ) ) ;
#7062 =( BOUNDED_CURVE ( )  B_SPLINE_CURVE ( 3, ( #2944, #3496, #3620, #1456 ),
 .UNSPECIFIED., .F., .T. ) 
 B_SPLINE_CURVE_WITH_KNOTS ( ( 4, 4 ),
 ( 3.141592653589793116, 3.926990816987241395 ),
 .UNSPECIFIED. ) 
 CURVE ( )  GEOMETRIC_REPRESENTATION_ITEM ( )  RATIONAL_B_SPLINE_CURVE ( ( 1.000000000000000000, 0.9492530216741911220, 0.9492530216741911220, 1.000000000000000000 ) ) 
 REPRESENTATION_ITEM ( '' )  );
#7063 = CARTESIAN_POINT ( 'NONE',  ( -3.636666666666669379, 3.216666666666669006, 1.966666666666676555 ) ) ;
#7064 = CARTESIAN_POINT ( 'NONE',  ( -2.325000000000000178, -0.3150000000000000022, 6.140192378864673728 ) ) ;
#7065 = COLOUR_RGB ( '',0.5607843137254902022, 0.6470588235294117974, 0.6352941176470587870 ) ;
#7066 = ORIENTED_EDGE ( 'NONE', *, *, #1880, .F. ) ;
#7067 = ADVANCED_FACE ( 'NONE', ( #145 ), #5528, .T. ) ;
#7068 = PRESENTATION_STYLE_ASSIGNMENT (( #6972 ) ) ;
#7069 = EDGE_CURVE ( 'NONE', #892, #6278, #4342, .T. ) ;
#7070 =( NAMED_UNIT ( * ) PLANE_ANGLE_UNIT ( ) SI_UNIT ( $, .RADIAN. ) );
#7071 = FILL_AREA_STYLE ('',( #3681 ) ) ;
#7072 = DIRECTION ( 'NONE',  ( 0.000000000000000000, -1.000000000000000000, 0.000000000000000000 ) ) ;
#7073 = LINE ( 'NONE', #5057, #4178 ) ;
#7074 = PLANE ( 'NONE',  #4214 ) ;
#7075 = APPLICATION_CONTEXT ( 'automotive_design' ) ;
#7076 = EDGE_LOOP ( 'NONE', ( #943, #5016, #38, #2629, #5712 ) ) ;
#7077 = LINE ( 'NONE', #1157, #2460 ) ;
#7078 = MECHANICAL_DESIGN_GEOMETRIC_PRESENTATION_REPRESENTATION (  '', ( #2051 ), #6931 ) ;
#7079 =( NAMED_UNIT ( * ) SI_UNIT ( $, .STERADIAN. ) SOLID_ANGLE_UNIT ( ) );
#7080 =( NAMED_UNIT ( * ) PLANE_ANGLE_UNIT ( ) SI_UNIT ( $, .RADIAN. ) );
#7081 = VERTEX_POINT ( 'NONE', #7835 ) ;
#7082 = VERTEX_POINT ( 'NONE', #7210 ) ;
#7083 = CARTESIAN_POINT ( 'NONE',  ( 2.754999999999999893, 0.3150000000000000022, -0.8909545442950493888 ) ) ;
#7084 = STYLED_ITEM ( 'NONE', ( #3975 ), #2818 ) ;
#7085 = STYLED_ITEM ( 'NONE', ( #4615 ), #1646 ) ;
#7086 =( LENGTH_UNIT ( ) NAMED_UNIT ( * ) SI_UNIT ( .MILLI., .METRE. ) );
#7087 = ORIENTED_EDGE ( 'NONE', *, *, #5139, .F. ) ;
#7088 = DIRECTION ( 'NONE',  ( 1.000000000000000000, -0.000000000000000000, 0.000000000000000000 ) ) ;
#7089 = SURFACE_STYLE_FILL_AREA ( #344 ) ;
#7090 = SURFACE_STYLE_USAGE ( .BOTH. , #3701 ) ;
#7091 = ORIENTED_EDGE ( 'NONE', *, *, #8273, .F. ) ;
#7092 = VECTOR ( 'NONE', #7304, 1000.000000000000000 ) ;
#7093 = PRESENTATION_LAYER_ASSIGNMENT (  '', '', ( #3159 ) ) ;
#7094 = EDGE_LOOP ( 'NONE', ( #3151, #3871, #5829, #3338, #5141, #3027 ) ) ;
#7095 =( LENGTH_UNIT ( ) NAMED_UNIT ( * ) SI_UNIT ( .MILLI., .METRE. ) );
#7096 =( GEOMETRIC_REPRESENTATION_CONTEXT ( 3 ) GLOBAL_UNCERTAINTY_ASSIGNED_CONTEXT ( ( #8522 ) ) GLOBAL_UNIT_ASSIGNED_CONTEXT ( ( #2872, #831, #6243 ) ) REPRESENTATION_CONTEXT ( 'NONE', 'WORKASPACE' ) );
#7097 = CARTESIAN_POINT ( 'NONE',  ( 2.540000000000000036, -0.1650000000000000633, -6.000000000000000000 ) ) ;
#7098 = ORIENTED_EDGE ( 'NONE', *, *, #8254, .T. ) ;
#7099 = LINE ( 'NONE', #1074, #3220 ) ;
#7100 = FILL_AREA_STYLE ('',( #5732 ) ) ;
#7101 =( NAMED_UNIT ( * ) SI_UNIT ( $, .STERADIAN. ) SOLID_ANGLE_UNIT ( ) );
#7102 = VERTEX_POINT ( 'NONE', #513 ) ;
#7103 = VERTEX_POINT ( 'NONE', #3867 ) ;
#7104 = SURFACE_STYLE_USAGE ( .BOTH. , #2934 ) ;
#7105 =( LENGTH_UNIT ( ) NAMED_UNIT ( * ) SI_UNIT ( .MILLI., .METRE. ) );
#7106 = EDGE_CURVE ( 'NONE', #387, #8648, #5045, .T. ) ;
#7107 = EDGE_CURVE ( 'NONE', #4677, #5323, #8275, .T. ) ;
#7108 = CARTESIAN_POINT ( 'NONE',  ( -3.510000000000000231, 1.250000000000000000, -2.799999999999999822 ) ) ;
#7109 = ORIENTED_EDGE ( 'NONE', *, *, #2043, .F. ) ;
#7110 = DIRECTION ( 'NONE',  ( 0.5773502691896251759, -0.5773502691896251759, -0.5773502691896270633 ) ) ;
#7111 = CYLINDRICAL_SURFACE ( 'NONE', #5221, 0.05000000000000012768 ) ;
#7112 = DIRECTION ( 'NONE',  ( -0.7071067811865463515, 0.000000000000000000, -0.7071067811865487940 ) ) ;
#7113 = CARTESIAN_POINT ( 'NONE',  ( -3.810000000000000053, 0.7500000000000000000, -2.500000000000000000 ) ) ;
#7114 = CARTESIAN_POINT ( 'NONE',  ( 0.000000000000000000, 0.1650000000000000633, 6.700000000000000178 ) ) ;
#7115 = EDGE_CURVE ( 'NONE', #7383, #5904, #431, .T. ) ;
#7116 = EDGE_CURVE ( 'NONE', #3702, #6565, #991, .T. ) ;
#7117 = DIRECTION ( 'NONE',  ( -1.000000000000000000, 0.000000000000000000, 0.000000000000000000 ) ) ;
#7118 = DIRECTION ( 'NONE',  ( 1.000000000000000000, 0.000000000000000000, 0.000000000000000000 ) ) ;
#7119 = ORIENTED_EDGE ( 'NONE', *, *, #7836, .T. ) ;
#7120 = FILL_AREA_STYLE_COLOUR ( '', #50 ) ;
#7121 = DIRECTION ( 'NONE',  ( 1.000000000000000000, 0.000000000000000000, 0.000000000000000000 ) ) ;
#7122 = DIRECTION ( 'NONE',  ( 1.000000000000000000, 0.000000000000000000, 0.000000000000000000 ) ) ;
#7123 = VECTOR ( 'NONE', #4506, 1000.000000000000000 ) ;
#7124 =( NAMED_UNIT ( * ) PLANE_ANGLE_UNIT ( ) SI_UNIT ( $, .RADIAN. ) );
#7125 =( NAMED_UNIT ( * ) SI_UNIT ( $, .STERADIAN. ) SOLID_ANGLE_UNIT ( ) );
#7126 = ORIENTED_EDGE ( 'NONE', *, *, #6700, .F. ) ;
#7127 = EDGE_LOOP ( 'NONE', ( #4491, #7771, #6261, #7274 ) ) ;
#7128 = PLANE ( 'NONE',  #2267 ) ;
#7129 = ADVANCED_FACE ( 'NONE', ( #2410 ), #6360, .F. ) ;
#7130 = FILL_AREA_STYLE ('',( #7186 ) ) ;
#7131 = SURFACE_STYLE_USAGE ( .BOTH. , #8543 ) ;
#7132 = CARTESIAN_POINT ( 'NONE',  ( -1.320000000000000062, -1.550000000000000044, -1.399999999999999911 ) ) ;
#7133 = ORIENTED_EDGE ( 'NONE', *, *, #8274, .F. ) ;
#7134 = SURFACE_STYLE_USAGE ( .BOTH. , #2440 ) ;
#7135 =( NAMED_UNIT ( * ) PLANE_ANGLE_UNIT ( ) SI_UNIT ( $, .RADIAN. ) );
#7136 = ORIENTED_EDGE ( 'NONE', *, *, #7038, .F. ) ;
#7137 = ORIENTED_EDGE ( 'NONE', *, *, #2894, .F. ) ;
#7138 = STYLED_ITEM ( 'NONE', ( #933 ), #7349 ) ;
#7139 = STYLED_ITEM ( 'NONE', ( #468 ), #1222 ) ;
#7140 = ORIENTED_EDGE ( 'NONE', *, *, #5609, .F. ) ;
#7141 =( LENGTH_UNIT ( ) NAMED_UNIT ( * ) SI_UNIT ( .MILLI., .METRE. ) );
#7142 = AXIS2_PLACEMENT_3D ( 'NONE', #5704, #376, #7118 ) ;
#7143 = SURFACE_STYLE_FILL_AREA ( #5685 ) ;
#7144 = AXIS2_PLACEMENT_3D ( 'NONE', #4059, #6077, #6153 ) ;
#7145 = SURFACE_SIDE_STYLE ('',( #1700 ) ) ;
#7146 = VERTEX_POINT ( 'NONE', #4494 ) ;
#7147 = DIRECTION ( 'NONE',  ( 0.000000000000000000, 0.000000000000000000, 1.000000000000000000 ) ) ;
#7148 = ORIENTED_EDGE ( 'NONE', *, *, #8634, .T. ) ;
#7149 = VECTOR ( 'NONE', #2628, 1000.000000000000000 ) ;
#7150 = SURFACE_STYLE_FILL_AREA ( #5137 ) ;
#7151 = FACE_OUTER_BOUND ( 'NONE', #5835, .T. ) ;
#7152 = ORIENTED_EDGE ( 'NONE', *, *, #2230, .T. ) ;
#7153 = UNCERTAINTY_MEASURE_WITH_UNIT (LENGTH_MEASURE( 1.000000000000000082E-05 ), #2714, 'distance_accuracy_value', 'NONE');
#7154 = AXIS2_PLACEMENT_3D ( 'NONE', #1965, #6124, #4655 ) ;
#7155 = COLOUR_RGB ( '',0.5607843137254902022, 0.6470588235294117974, 0.6352941176470587870 ) ;
#7156 = CARTESIAN_POINT ( 'NONE',  ( 0.2598574789487830827, -0.2908531991698717345, 6.159384528706809192 ) ) ;
#7157 =( GEOMETRIC_REPRESENTATION_CONTEXT ( 3 ) GLOBAL_UNCERTAINTY_ASSIGNED_CONTEXT ( ( #731 ) ) GLOBAL_UNIT_ASSIGNED_CONTEXT ( ( #8409, #7135, #300 ) ) REPRESENTATION_CONTEXT ( 'NONE', 'WORKASPACE' ) );
#7158 = MECHANICAL_DESIGN_GEOMETRIC_PRESENTATION_REPRESENTATION (  '', ( #6739 ), #7588 ) ;
#7159 = VERTEX_POINT ( 'NONE', #5097 ) ;
#7160 = LINE ( 'NONE', #7796, #7394 ) ;
#7161 = DIRECTION ( 'NONE',  ( 0.000000000000000000, 1.000000000000000000, 0.000000000000000000 ) ) ;
#7162 = ORIENTED_EDGE ( 'NONE', *, *, #7069, .F. ) ;
#7163 = MECHANICAL_DESIGN_GEOMETRIC_PRESENTATION_REPRESENTATION (  '', ( #1415 ), #829 ) ;
#7164 = UNCERTAINTY_MEASURE_WITH_UNIT (LENGTH_MEASURE( 1.000000000000000082E-05 ), #1966, 'distance_accuracy_value', 'NONE');
#7165 = VECTOR ( 'NONE', #1638, 1000.000000000000000 ) ;
#7166 = FILL_AREA_STYLE ('',( #3826 ) ) ;
#7167 = ADVANCED_FACE ( 'NONE', ( #1223 ), #2589, .F. ) ;
#7168 = VECTOR ( 'NONE', #104, 1000.000000000000000 ) ;
#7169 = STYLED_ITEM ( 'NONE', ( #3644 ), #8078 ) ;
#7170 = LINE ( 'NONE', #1150, #3328 ) ;
#7171 = AXIS2_PLACEMENT_3D ( 'NONE', #4558, #7261, #1230 ) ;
#7172 = CARTESIAN_POINT ( 'NONE',  ( 2.225000000000000533, 0.3150000000000000022, -0.8909545442950493888 ) ) ;
#7173 = CARTESIAN_POINT ( 'NONE',  ( 0.2650000000000000688, 0.3150000000000000022, -0.8909545442950493888 ) ) ;
#7174 = ORIENTED_EDGE ( 'NONE', *, *, #3664, .F. ) ;
#7175 =( NAMED_UNIT ( * ) PLANE_ANGLE_UNIT ( ) SI_UNIT ( $, .RADIAN. ) );
#7176 =( NAMED_UNIT ( * ) SI_UNIT ( $, .STERADIAN. ) SOLID_ANGLE_UNIT ( ) );
#7177 =( NAMED_UNIT ( * ) PLANE_ANGLE_UNIT ( ) SI_UNIT ( $, .RADIAN. ) );
#7178 = EDGE_CURVE ( 'NONE', #2566, #1174, #51, .T. ) ;
#7179 = ORIENTED_EDGE ( 'NONE', *, *, #1387, .F. ) ;
#7180 = ADVANCED_FACE ( 'NONE', ( #5236 ), #2676, .F. ) ;
#7181 = ORIENTED_EDGE ( 'NONE', *, *, #2986, .F. ) ;
#7182 = VECTOR ( 'NONE', #3569, 1000.000000000000000 ) ;
#7183 = CARTESIAN_POINT ( 'NONE',  ( -2.854999999999999982, 0.3150000000000000022, -1.609045455704950278 ) ) ;
#7184 = CARTESIAN_POINT ( 'NONE',  ( -2.289644660940672871, 0.3003553390593273198, 6.194846997554884105 ) ) ;
#7185 = COLOUR_RGB ( '',0.5607843137254902022, 0.6470588235294117974, 0.6352941176470587870 ) ;
#7186 = FILL_AREA_STYLE_COLOUR ( '', #8585 ) ;
#7187 = ORIENTED_EDGE ( 'NONE', *, *, #3654, .T. ) ;
#7188 = FILL_AREA_STYLE ('',( #7861 ) ) ;
#7189 = COLOUR_RGB ( '',0.5607843137254902022, 0.6470588235294117974, 0.6352941176470587870 ) ;
#7190 = ORIENTED_EDGE ( 'NONE', *, *, #8462, .F. ) ;
#7191 =( LENGTH_UNIT ( ) NAMED_UNIT ( * ) SI_UNIT ( .MILLI., .METRE. ) );
#7192 = CARTESIAN_POINT ( 'NONE',  ( 2.225000000000000533, -0.3150000000000000022, -5.440192378864675327 ) ) ;
#7193 = AXIS2_PLACEMENT_3D ( 'NONE', #4372, #7717, #493 ) ;
#7194 = EDGE_CURVE ( 'NONE', #5522, #7882, #8691, .T. ) ;
#7195 = ORIENTED_EDGE ( 'NONE', *, *, #5720, .T. ) ;
#7196 = PRESENTATION_LAYER_ASSIGNMENT (  '', '', ( #4811 ) ) ;
#7197 = UNCERTAINTY_MEASURE_WITH_UNIT (LENGTH_MEASURE( 1.000000000000000082E-05 ), #6479, 'distance_accuracy_value', 'NONE');
#7198 = SURFACE_STYLE_FILL_AREA ( #5479 ) ;
#7199 = ORIENTED_EDGE ( 'NONE', *, *, #3716, .F. ) ;
#7200 = SURFACE_STYLE_FILL_AREA ( #4585 ) ;
#7201 = PLANE ( 'NONE',  #1532 ) ;
#7202 = MECHANICAL_DESIGN_GEOMETRIC_PRESENTATION_REPRESENTATION (  '', ( #2709 ), #4390 ) ;
#7203 =( NAMED_UNIT ( * ) PLANE_ANGLE_UNIT ( ) SI_UNIT ( $, .RADIAN. ) );
#7204 =( BOUNDED_CURVE ( )  B_SPLINE_CURVE ( 3, ( #7978, #4675, #7297, #4742 ),
 .UNSPECIFIED., .F., .T. ) 
 B_SPLINE_CURVE_WITH_KNOTS ( ( 4, 4 ),
 ( 3.141592653589793116, 3.926990816987241395 ),
 .UNSPECIFIED. ) 
 CURVE ( )  GEOMETRIC_REPRESENTATION_ITEM ( )  RATIONAL_B_SPLINE_CURVE ( ( 1.000000000000000000, 0.9492530216741911220, 0.9492530216741911220, 1.000000000000000000 ) ) 
 REPRESENTATION_ITEM ( '' )  );
#7205 = DIRECTION ( 'NONE',  ( 1.000000000000000000, 0.000000000000000000, 0.000000000000000000 ) ) ;
#7206 = ORIENTED_EDGE ( 'NONE', *, *, #8615, .T. ) ;
#7207 = STYLED_ITEM ( 'NONE', ( #7311 ), #163 ) ;
#7208 = VERTEX_POINT ( 'NONE', #5368 ) ;
#7209 = CIRCLE ( 'NONE', #861, 0.4550000000000001266 ) ;
#7210 = CARTESIAN_POINT ( 'NONE',  ( -2.854999999999999982, 0.3150000000000000022, 6.140192378864673728 ) ) ;
#7211 =( NAMED_UNIT ( * ) SI_UNIT ( $, .STERADIAN. ) SOLID_ANGLE_UNIT ( ) );
#7212 =( GEOMETRIC_REPRESENTATION_CONTEXT ( 3 ) GLOBAL_UNCERTAINTY_ASSIGNED_CONTEXT ( ( #473 ) ) GLOBAL_UNIT_ASSIGNED_CONTEXT ( ( #4683, #8118, #7436 ) ) REPRESENTATION_CONTEXT ( 'NONE', 'WORKASPACE' ) );
#7213 = ORIENTED_EDGE ( 'NONE', *, *, #6416, .F. ) ;
#7214 = PLANE ( 'NONE',  #59 ) ;
#7215 = FILL_AREA_STYLE ('',( #1189 ) ) ;
#7216 = ORIENTED_EDGE ( 'NONE', *, *, #2935, .T. ) ;
#7217 = LINE ( 'NONE', #5286, #2004 ) ;
#7218 = FACE_OUTER_BOUND ( 'NONE', #2265, .T. ) ;
#7219 = SURFACE_STYLE_USAGE ( .BOTH. , #5892 ) ;
#7220 =( NAMED_UNIT ( * ) SI_UNIT ( $, .STERADIAN. ) SOLID_ANGLE_UNIT ( ) );
#7221 = EDGE_LOOP ( 'NONE', ( #6939, #2652, #1891, #7820 ) ) ;
#7222 = SURFACE_SIDE_STYLE ('',( #4011 ) ) ;
#7223 = CARTESIAN_POINT ( 'NONE',  ( 0.8699999999999996625, -1.249999999999999556, 0.000000000000000000 ) ) ;
#7224 = PRESENTATION_STYLE_ASSIGNMENT (( #1877 ) ) ;
#7225 = VERTEX_POINT ( 'NONE', #4630 ) ;
#7226 = ORIENTED_EDGE ( 'NONE', *, *, #756, .F. ) ;
#7227 = CARTESIAN_POINT ( 'NONE',  ( 3.810000000000000053, 1.250000000000000000, -0.9899999999999999911 ) ) ;
#7228 = ORIENTED_EDGE ( 'NONE', *, *, #558, .F. ) ;
#7229 = EDGE_CURVE ( 'NONE', #1202, #2346, #7296, .T. ) ;
#7230 = EDGE_CURVE ( 'NONE', #6922, #7340, #7429, .T. ) ;
#7231 =( GEOMETRIC_REPRESENTATION_CONTEXT ( 3 ) GLOBAL_UNCERTAINTY_ASSIGNED_CONTEXT ( ( #3536 ) ) GLOBAL_UNIT_ASSIGNED_CONTEXT ( ( #4869, #4127, #3446 ) ) REPRESENTATION_CONTEXT ( 'NONE', 'WORKASPACE' ) );
#7232 = ORIENTED_EDGE ( 'NONE', *, *, #2222, .F. ) ;
#7233 = FILL_AREA_STYLE ('',( #2392 ) ) ;
#7234 = UNCERTAINTY_MEASURE_WITH_UNIT (LENGTH_MEASURE( 1.000000000000000082E-05 ), #6836, 'distance_accuracy_value', 'NONE');
#7235 = ORIENTED_EDGE ( 'NONE', *, *, #1376, .F. ) ;
#7236 = ORIENTED_EDGE ( 'NONE', *, *, #311, .F. ) ;
#7237 = VECTOR ( 'NONE', #6212, 1000.000000000000114 ) ;
#7238 = AXIS2_PLACEMENT_3D ( 'NONE', #871, #6279, #3543 ) ;
#7239 = EDGE_CURVE ( 'NONE', #5428, #4623, #2033, .T. ) ;
#7240 = SURFACE_STYLE_FILL_AREA ( #351 ) ;
#7241 = ORIENTED_EDGE ( 'NONE', *, *, #2043, .T. ) ;
#7242 = SURFACE_STYLE_USAGE ( .BOTH. , #1749 ) ;
#7243 = AXIS2_PLACEMENT_3D ( 'NONE', #1290, #2047, #7992 ) ;
#7244 = LINE ( 'NONE', #1660, #4203 ) ;
#7245 = AXIS2_PLACEMENT_3D ( 'NONE', #4923, #7611, #4096 ) ;
#7246 = ORIENTED_EDGE ( 'NONE', *, *, #5840, .F. ) ;
#7247 = ADVANCED_BREP_SHAPE_REPRESENTATION ( 'c-825433-3-s-3d', ( #5237, #7328 ), #692 ) ;
#7248 = FACE_OUTER_BOUND ( 'NONE', #5591, .T. ) ;
#7249 = CARTESIAN_POINT ( 'NONE',  ( 3.810000000000000053, 1.250000000000000000, -1.810000000000000053 ) ) ;
#7250 = DIRECTION ( 'NONE',  ( -0.000000000000000000, 1.000000000000000000, 0.000000000000000000 ) ) ;
#7251 = ORIENTED_EDGE ( 'NONE', *, *, #5830, .T. ) ;
#7252 = UNCERTAINTY_MEASURE_WITH_UNIT (LENGTH_MEASURE( 1.000000000000000082E-05 ), #7966, 'distance_accuracy_value', 'NONE');
#7253 = COLOUR_RGB ( '',0.5607843137254902022, 0.6470588235294117974, 0.6352941176470587870 ) ;
#7254 = VECTOR ( 'NONE', #8732, 1000.000000000000227 ) ;
#7255 = EDGE_CURVE ( 'NONE', #4423, #6964, #3957, .T. ) ;
#7256 = CARTESIAN_POINT ( 'NONE',  ( 5.080000000000000071, -0.1650000000000000633, 6.700000000000000178 ) ) ;
#7257 = ORIENTED_EDGE ( 'NONE', *, *, #5269, .T. ) ;
#7258 = SURFACE_STYLE_USAGE ( .BOTH. , #2684 ) ;
#7259 =( NAMED_UNIT ( * ) SI_UNIT ( $, .STERADIAN. ) SOLID_ANGLE_UNIT ( ) );
#7260 = SURFACE_STYLE_FILL_AREA ( #8608 ) ;
#7261 = DIRECTION ( 'NONE',  ( 0.000000000000000000, 0.000000000000000000, 1.000000000000000000 ) ) ;
#7262 = DIRECTION ( 'NONE',  ( 1.000000000000000000, 0.000000000000000000, 0.000000000000000000 ) ) ;
#7263 = CARTESIAN_POINT ( 'NONE',  ( -0.3200000000000000067, -1.550000000000000044, -1.800000000000000044 ) ) ;
#7264 = DIRECTION ( 'NONE',  ( -0.7071067811865463515, 0.000000000000000000, -0.7071067811865487940 ) ) ;
#7265 = SURFACE_STYLE_FILL_AREA ( #5248 ) ;
#7266 = FACE_OUTER_BOUND ( 'NONE', #4055, .T. ) ;
#7267 = FILL_AREA_STYLE_COLOUR ( '', #6544 ) ;
#7268 = PRESENTATION_STYLE_ASSIGNMENT (( #4604 ) ) ;
#7269 = FACE_BOUND ( 'NONE', #7483, .T. ) ;
#7270 = ORIENTED_EDGE ( 'NONE', *, *, #451, .F. ) ;
#7271 = ORIENTED_EDGE ( 'NONE', *, *, #3663, .F. ) ;
#7272 = CARTESIAN_POINT ( 'NONE',  ( 3.409999999999999698, 1.250000000000000000, -1.810000000000000941 ) ) ;
#7273 = CARTESIAN_POINT ( 'NONE',  ( 2.189644660940672782, 0.3003553390593273753, -5.494846997554885704 ) ) ;
#7274 = ORIENTED_EDGE ( 'NONE', *, *, #5831, .T. ) ;
#7275 = SURFACE_STYLE_FILL_AREA ( #4027 ) ;
#7276 = CARTESIAN_POINT ( 'NONE',  ( 0.2284380551032344497, -0.3149999999999999467, 6.140192378864674616 ) ) ;
#7277 = EDGE_LOOP ( 'NONE', ( #6081, #3429, #3404, #1701 ) ) ;
#7278 =( NAMED_UNIT ( * ) PLANE_ANGLE_UNIT ( ) SI_UNIT ( $, .RADIAN. ) );
#7279 = CARTESIAN_POINT ( 'NONE',  ( -0.8649999999999999911, -1.550000000000000044, -1.399999999999999911 ) ) ;
#7280 = ORIENTED_EDGE ( 'NONE', *, *, #5507, .T. ) ;
#7281 = EDGE_CURVE ( 'NONE', #8504, #3563, #1574, .T. ) ;
#7282 = AXIS2_PLACEMENT_3D ( 'NONE', #3425, #34, #7325 ) ;
#7283 =( NAMED_UNIT ( * ) SI_UNIT ( $, .STERADIAN. ) SOLID_ANGLE_UNIT ( ) );
#7284 = ORIENTED_EDGE ( 'NONE', *, *, #4444, .T. ) ;
#7285 = CARTESIAN_POINT ( 'NONE',  ( -1.370000000000000107, 1.250000000000000000, -2.499999999999998668 ) ) ;
#7286 =( GEOMETRIC_REPRESENTATION_CONTEXT ( 3 ) GLOBAL_UNCERTAINTY_ASSIGNED_CONTEXT ( ( #46 ) ) GLOBAL_UNIT_ASSIGNED_CONTEXT ( ( #3909, #5403, #2724 ) ) REPRESENTATION_CONTEXT ( 'NONE', 'WORKASPACE' ) );
#7287 = CARTESIAN_POINT ( 'NONE',  ( -3.810000000000000053, 1.250000000000000000, -0.9899999999999999911 ) ) ;
#7288 = VERTEX_POINT ( 'NONE', #5475 ) ;
#7289 = CARTESIAN_POINT ( 'NONE',  ( 1.169999999999999929, 0.9499999999999999556, -1.810000000000000053 ) ) ;
#7290 = CARTESIAN_POINT ( 'NONE',  ( -1.270000000000000240, 0.7500000000000000000, -2.499999999999998668 ) ) ;
#7291 = VERTEX_POINT ( 'NONE', #4291 ) ;
#7292 = ORIENTED_EDGE ( 'NONE', *, *, #1829, .F. ) ;
#7293 = EDGE_CURVE ( 'NONE', #4996, #5947, #2761, .T. ) ;
#7294 = ADVANCED_FACE ( 'NONE', ( #6230 ), #89, .F. ) ;
#7295 = VECTOR ( 'NONE', #2102, 1000.000000000000000 ) ;
#7296 = LINE ( 'NONE', #4741, #6285 ) ;
#7297 = CARTESIAN_POINT ( 'NONE',  ( -2.280142521051216953, 0.2908531991698717345, 6.159384528706809192 ) ) ;
#7298 = COLOUR_RGB ( '',0.5607843137254902022, 0.6470588235294117974, 0.6352941176470587870 ) ;
#7299 = ORIENTED_EDGE ( 'NONE', *, *, #911, .F. ) ;
#7300 = SURFACE_STYLE_FILL_AREA ( #5065 ) ;
#7301 = SURFACE_STYLE_USAGE ( .BOTH. , #1905 ) ;
#7302 = DIRECTION ( 'NONE',  ( 1.000000000000000000, 0.000000000000000000, 0.000000000000000000 ) ) ;
#7303 = STYLED_ITEM ( 'NONE', ( #7844 ), #7556 ) ;
#7304 = DIRECTION ( 'NONE',  ( 0.000000000000000000, -1.000000000000000000, 0.000000000000000000 ) ) ;
#7305 = FACE_OUTER_BOUND ( 'NONE', #214, .T. ) ;
#7306 = EDGE_CURVE ( 'NONE', #6964, #4533, #1614, .T. ) ;
#7307 = SURFACE_STYLE_FILL_AREA ( #6015 ) ;
#7308 = CARTESIAN_POINT ( 'NONE',  ( 2.225000000000000533, -0.3150000000000000022, 6.140192378864673728 ) ) ;
#7309 = VECTOR ( 'NONE', #5092, 1000.000000000000000 ) ;
#7310 = SURFACE_STYLE_USAGE ( .BOTH. , #734 ) ;
#7311 = PRESENTATION_STYLE_ASSIGNMENT (( #1194 ) ) ;
#7312 = CARTESIAN_POINT ( 'NONE',  ( 3.810000000000000053, 1.250000000000000000, 0.000000000000000000 ) ) ;
#7313 = STYLED_ITEM ( 'NONE', ( #673 ), #5151 ) ;
#7314 = COLOUR_RGB ( '',0.8509803921568627194, 0.8509803921568627194, 0.8509803921568627194 ) ;
#7315 = CYLINDRICAL_SURFACE ( 'NONE', #5824, 0.05000000000000012768 ) ;
#7316 = DIRECTION ( 'NONE',  ( 1.000000000000000000, 0.000000000000000000, 0.000000000000000000 ) ) ;
#7317 = EDGE_LOOP ( 'NONE', ( #3666, #1377, #2829, #546, #3210, #8652 ) ) ;
#7318 =( NAMED_UNIT ( * ) SI_UNIT ( $, .STERADIAN. ) SOLID_ANGLE_UNIT ( ) );
#7319 = PRESENTATION_LAYER_ASSIGNMENT (  '', '', ( #2386 ) ) ;
#7320 = VERTEX_POINT ( 'NONE', #6184 ) ;
#7321 = ORIENTED_EDGE ( 'NONE', *, *, #627, .F. ) ;
#7322 = STYLED_ITEM ( 'NONE', ( #7685 ), #7912 ) ;
#7323 = FILL_AREA_STYLE ('',( #2015 ) ) ;
#7324 =( GEOMETRIC_REPRESENTATION_CONTEXT ( 3 ) GLOBAL_UNCERTAINTY_ASSIGNED_CONTEXT ( ( #8262 ) ) GLOBAL_UNIT_ASSIGNED_CONTEXT ( ( #5839, #369, #3158 ) ) REPRESENTATION_CONTEXT ( 'NONE', 'WORKASPACE' ) );
#7325 = DIRECTION ( 'NONE',  ( 5.421010862427520198E-16, -1.000000000000000000, 0.000000000000000000 ) ) ;
#7326 = PRESENTATION_LAYER_ASSIGNMENT (  '', '', ( #6620 ) ) ;
#7327 = MECHANICAL_DESIGN_GEOMETRIC_PRESENTATION_REPRESENTATION (  '', ( #3958 ), #5753 ) ;
#7328 = AXIS2_PLACEMENT_3D ( 'NONE', #6789, #755, #3439 ) ;
#7329 =( LENGTH_UNIT ( ) NAMED_UNIT ( * ) SI_UNIT ( .MILLI., .METRE. ) );
#7330 = EDGE_LOOP ( 'NONE', ( #4871, #7257, #1156, #8411 ) ) ;
#7331 = FILL_AREA_STYLE ('',( #39 ) ) ;
#7332 = PLANE ( 'NONE',  #2368 ) ;
#7333 = CARTESIAN_POINT ( 'NONE',  ( 2.790355339059327644, -0.3003553390593272643, -5.494846997554885704 ) ) ;
#7334 = UNCERTAINTY_MEASURE_WITH_UNIT (LENGTH_MEASURE( 1.000000000000000082E-05 ), #4834, 'distance_accuracy_value', 'NONE');
#7335 = VECTOR ( 'NONE', #8377, 1000.000000000000000 ) ;
#7336 = VECTOR ( 'NONE', #6985, 1000.000000000000000 ) ;
#7337 = PRESENTATION_LAYER_ASSIGNMENT (  '', '', ( #3958 ) ) ;
#7338 = AXIS2_PLACEMENT_3D ( 'NONE', #8217, #6327, #105 ) ;
#7339 = DIRECTION ( 'NONE',  ( 0.000000000000000000, -1.000000000000000000, 0.000000000000000000 ) ) ;
#7340 = VERTEX_POINT ( 'NONE', #4905 ) ;
#7341 = AXIS2_PLACEMENT_3D ( 'NONE', #1350, #8062, #4619 ) ;
#7342 = FACE_OUTER_BOUND ( 'NONE', #1830, .T. ) ;
#7343 = CARTESIAN_POINT ( 'NONE',  ( 2.805000000000000160, 0.3150000000000000022, -2.500000000000000000 ) ) ;
#7344 =( NAMED_UNIT ( * ) PLANE_ANGLE_UNIT ( ) SI_UNIT ( $, .RADIAN. ) );
#7345 = LINE ( 'NONE', #3865, #5199 ) ;
#7346 = ORIENTED_EDGE ( 'NONE', *, *, #5073, .F. ) ;
#7347 = SURFACE_SIDE_STYLE ('',( #4673 ) ) ;
#7348 = MECHANICAL_DESIGN_GEOMETRIC_PRESENTATION_REPRESENTATION (  '', ( #5783 ), #449 ) ;
#7349 = ADVANCED_FACE ( 'NONE', ( #2800 ), #6303, .F. ) ;
#7350 = EDGE_CURVE ( 'NONE', #377, #2385, #7598, .T. ) ;
#7351 = ADVANCED_FACE ( 'NONE', ( #1960 ), #8670, .F. ) ;
#7352 = ORIENTED_EDGE ( 'NONE', *, *, #978, .T. ) ;
#7353 = DIRECTION ( 'NONE',  ( 1.000000000000000000, 0.000000000000000000, 0.000000000000000000 ) ) ;
#7354 = FILL_AREA_STYLE_COLOUR ( '', #5070 ) ;
#7355 = CARTESIAN_POINT ( 'NONE',  ( -2.890355339059327289, 0.3003553390593273753, -5.494846997554885704 ) ) ;
#7356 = AXIS2_PLACEMENT_3D ( 'NONE', #5639, #3645, #7629 ) ;
#7357 = CARTESIAN_POINT ( 'NONE',  ( -1.670000000000000373, 1.250000000000000000, 6.699999999999999289 ) ) ;
#7358 = EDGE_CURVE ( 'NONE', #5240, #7622, #578, .T. ) ;
#7359 =( LENGTH_UNIT ( ) NAMED_UNIT ( * ) SI_UNIT ( .MILLI., .METRE. ) );
#7360 = EDGE_CURVE ( 'NONE', #2099, #5386, #448, .T. ) ;
#7361 = CARTESIAN_POINT ( 'NONE',  ( -2.905000000000000249, 0.3150000000000000022, -0.8909545442950493888 ) ) ;
#7362 = CARTESIAN_POINT ( 'NONE',  ( -2.289644660940672871, -0.3003553390593272643, -5.494846997554885704 ) ) ;
#7363 = DIRECTION ( 'NONE',  ( 0.000000000000000000, -0.000000000000000000, 1.000000000000000000 ) ) ;
#7364 = PLANE ( 'NONE',  #5055 ) ;
#7365 = EDGE_LOOP ( 'NONE', ( #5299, #2461, #1025, #5231 ) ) ;
#7366 = PRESENTATION_STYLE_ASSIGNMENT (( #29 ) ) ;
#7367 = MECHANICAL_DESIGN_GEOMETRIC_PRESENTATION_REPRESENTATION (  '', ( #6228 ), #3273 ) ;
#7368 = UNCERTAINTY_MEASURE_WITH_UNIT (LENGTH_MEASURE( 1.000000000000000082E-05 ), #4668, 'distance_accuracy_value', 'NONE');
#7369 = FACE_OUTER_BOUND ( 'NONE', #6159, .T. ) ;
#7370 = ORIENTED_EDGE ( 'NONE', *, *, #5513, .T. ) ;
#7371 = VERTEX_POINT ( 'NONE', #6568 ) ;
#7372 = SURFACE_SIDE_STYLE ('',( #1378 ) ) ;
#7373 =( BOUNDED_CURVE ( )  B_SPLINE_CURVE ( 3, ( #3919, #4717, #1368, #7308 ),
 .UNSPECIFIED., .F., .T. ) 
 B_SPLINE_CURVE_WITH_KNOTS ( ( 4, 4 ),
 ( 2.356194490192345281, 3.141592653589793116 ),
 .UNSPECIFIED. ) 
 CURVE ( )  GEOMETRIC_REPRESENTATION_ITEM ( )  RATIONAL_B_SPLINE_CURVE ( ( 1.000000000000000000, 0.9492530216741912330, 0.9492530216741912330, 1.000000000000000000 ) ) 
 REPRESENTATION_ITEM ( '' )  );
#7374 =( NAMED_UNIT ( * ) SI_UNIT ( $, .STERADIAN. ) SOLID_ANGLE_UNIT ( ) );
#7375 =( LENGTH_UNIT ( ) NAMED_UNIT ( * ) SI_UNIT ( .MILLI., .METRE. ) );
#7376 = DIRECTION ( 'NONE',  ( 0.000000000000000000, 0.000000000000000000, 1.000000000000000000 ) ) ;
#7377 = CARTESIAN_POINT ( 'NONE',  ( 2.644641016151377588, 0.1546410161513774584, 6.738660254037845299 ) ) ;
#7378 = ORIENTED_EDGE ( 'NONE', *, *, #3961, .T. ) ;
#7379 = CARTESIAN_POINT ( 'NONE',  ( -3.810000000000000053, -0.9499999999999999556, -1.800000000000000044 ) ) ;
#7380 = CARTESIAN_POINT ( 'NONE',  ( 0.9966666666666691432, 3.216666666666669006, 1.966666666666676555 ) ) ;
#7381 = CARTESIAN_POINT ( 'NONE',  ( 2.805000000000000160, 0.3150000000000000022, -0.8909545442950493888 ) ) ;
#7382 = LINE ( 'NONE', #7473, #3510 ) ;
#7383 = VERTEX_POINT ( 'NONE', #7273 ) ;
#7384 = SURFACE_SIDE_STYLE ('',( #5433 ) ) ;
#7385 = PRESENTATION_STYLE_ASSIGNMENT (( #2752 ) ) ;
#7386 = CARTESIAN_POINT ( 'NONE',  ( 4.303333333333336341, 2.183333333333336679, 0.6333333333333477366 ) ) ;
#7387 = FILL_AREA_STYLE ('',( #717 ) ) ;
#7388 = AXIS2_PLACEMENT_3D ( 'NONE', #4625, #6546, #6783 ) ;
#7389 = SURFACE_STYLE_FILL_AREA ( #2757 ) ;
#7390 = VERTEX_POINT ( 'NONE', #2520 ) ;
#7391 = VECTOR ( 'NONE', #8356, 1000.000000000000000 ) ;
#7392 = CARTESIAN_POINT ( 'NONE',  ( -2.905000000000000249, -0.3150000000000000022, 0.000000000000000000 ) ) ;
#7393 = CARTESIAN_POINT ( 'NONE',  ( 2.175000000000000266, -0.2650000000000000133, 0.000000000000000000 ) ) ;
#7394 = VECTOR ( 'NONE', #7695, 1000.000000000000000 ) ;
#7395 = LINE ( 'NONE', #4084, #6603 ) ;
#7396 =( NAMED_UNIT ( * ) PLANE_ANGLE_UNIT ( ) SI_UNIT ( $, .RADIAN. ) );
#7397 = CARTESIAN_POINT ( 'NONE',  ( 0.2150000000000000522, -0.3150000000000000022, -1.609045455704950278 ) ) ;
#7398 = VECTOR ( 'NONE', #8029, 1000.000000000000000 ) ;
#7399 = MECHANICAL_DESIGN_GEOMETRIC_PRESENTATION_REPRESENTATION (  '', ( #6815 ), #7824 ) ;
#7400 = ADVANCED_FACE ( 'NONE', ( #1884 ), #2437, .T. ) ;
#7401 =( NAMED_UNIT ( * ) PLANE_ANGLE_UNIT ( ) SI_UNIT ( $, .RADIAN. ) );
#7402 = FILL_AREA_STYLE_COLOUR ( '', #1984 ) ;
#7403 = CARTESIAN_POINT ( 'NONE',  ( 2.754999999999999893, -0.3150000000000000022, 0.000000000000000000 ) ) ;
#7404 = ORIENTED_EDGE ( 'NONE', *, *, #7255, .T. ) ;
#7405 = DIRECTION ( 'NONE',  ( -0.000000000000000000, 1.000000000000000000, 0.000000000000000000 ) ) ;
#7406 = CARTESIAN_POINT ( 'NONE',  ( 1.169999999999999707, -0.8499999999999994227, 6.699999999999999289 ) ) ;
#7407 = DIRECTION ( 'NONE',  ( 0.000000000000000000, -1.000000000000000000, 0.000000000000000000 ) ) ;
#7408 = CARTESIAN_POINT ( 'NONE',  ( -0.3503553390593271422, 0.3003553390593270422, 6.194846997554884993 ) ) ;
#7409 = ORIENTED_EDGE ( 'NONE', *, *, #1523, .T. ) ;
#7410 = ORIENTED_EDGE ( 'NONE', *, *, #3034, .F. ) ;
#7411 = FACE_OUTER_BOUND ( 'NONE', #1733, .T. ) ;
#7412 = ADVANCED_FACE ( 'NONE', ( #1785 ), #5261, .F. ) ;
#7413 = ADVANCED_FACE ( 'NONE', ( #35, #3457 ), #4843, .F. ) ;
#7414 = FILL_AREA_STYLE ('',( #2611 ) ) ;
#7415 = DIRECTION ( 'NONE',  ( 0.000000000000000000, 1.000000000000000000, 0.000000000000000000 ) ) ;
#7416 = ORIENTED_EDGE ( 'NONE', *, *, #2337, .T. ) ;
#7417 =( NAMED_UNIT ( * ) PLANE_ANGLE_UNIT ( ) SI_UNIT ( $, .RADIAN. ) );
#7418 =( LENGTH_UNIT ( ) NAMED_UNIT ( * ) SI_UNIT ( .MILLI., .METRE. ) );
#7419 = CARTESIAN_POINT ( 'NONE',  ( 2.175000000000000266, -0.3150000000000000022, -1.609045455704950278 ) ) ;
#7420 = UNCERTAINTY_MEASURE_WITH_UNIT (LENGTH_MEASURE( 1.000000000000000082E-05 ), #497, 'distance_accuracy_value', 'NONE');
#7421 =( LENGTH_UNIT ( ) NAMED_UNIT ( * ) SI_UNIT ( .MILLI., .METRE. ) );
#7422 = SURFACE_STYLE_FILL_AREA ( #790 ) ;
#7423 = CARTESIAN_POINT ( 'NONE',  ( -1.103147515578000171, -1.550000000000000044, -1.800000000000000044 ) ) ;
#7424 = SURFACE_STYLE_FILL_AREA ( #5357 ) ;
#7425 = DIRECTION ( 'NONE',  ( 0.000000000000000000, -1.000000000000000000, 0.000000000000000000 ) ) ;
#7426 = FILL_AREA_STYLE ('',( #2720 ) ) ;
#7427 = AXIS2_PLACEMENT_3D ( 'NONE', #3627, #3683, #2239 ) ;
#7428 = VERTEX_POINT ( 'NONE', #4102 ) ;
#7429 = LINE ( 'NONE', #1400, #5182 ) ;
#7430 = FILL_AREA_STYLE_COLOUR ( '', #6876 ) ;
#7431 = ORIENTED_EDGE ( 'NONE', *, *, #2556, .T. ) ;
#7432 = CARTESIAN_POINT ( 'NONE',  ( -1.320000000000000506, 0.9000000000000005773, -2.449999999999998401 ) ) ;
#7433 = SURFACE_STYLE_USAGE ( .BOTH. , #8115 ) ;
#7434 = UNCERTAINTY_MEASURE_WITH_UNIT (LENGTH_MEASURE( 1.000000000000000082E-05 ), #8354, 'distance_accuracy_value', 'NONE');
#7435 = STYLED_ITEM ( 'NONE', ( #4123 ), #7294 ) ;
#7436 =( NAMED_UNIT ( * ) SI_UNIT ( $, .STERADIAN. ) SOLID_ANGLE_UNIT ( ) );
#7437 = ADVANCED_FACE ( 'NONE', ( #2127 ), #8706, .F. ) ;
#7438 = VECTOR ( 'NONE', #1847, 1000.000000000000000 ) ;
#7439 = SURFACE_STYLE_FILL_AREA ( #2002 ) ;
#7440 = DIRECTION ( 'NONE',  ( -0.9659258262890675351, 0.000000000000000000, 0.2588190451025238481 ) ) ;
#7441 = VERTEX_POINT ( 'NONE', #5340 ) ;
#7442 = COLOUR_RGB ( '',0.5607843137254902022, 0.6470588235294117974, 0.6352941176470587870 ) ;
#7443 = MECHANICAL_DESIGN_GEOMETRIC_PRESENTATION_REPRESENTATION (  '', ( #3611 ), #3768 ) ;
#7444 = PRESENTATION_STYLE_ASSIGNMENT (( #8160 ) ) ;
#7445 = CARTESIAN_POINT ( 'NONE',  ( -0.9699999999999999734, 1.250000000000000000, 6.699999999999999289 ) ) ;
#7446 = DIRECTION ( 'NONE',  ( 0.000000000000000000, -1.000000000000000000, 0.000000000000000000 ) ) ;
#7447 = ADVANCED_FACE ( 'NONE', ( #8049 ), #8429, .F. ) ;
#7448 = CARTESIAN_POINT ( 'NONE',  ( 2.805000000000000160, -0.3150000000000000022, -0.8909545442950493888 ) ) ;
#7449 = SURFACE_SIDE_STYLE ('',( #2011 ) ) ;
#7450 = PRESENTATION_LAYER_ASSIGNMENT (  '', '', ( #8446 ) ) ;
#7451 = PLANE ( 'NONE',  #6185 ) ;
#7452 = ORIENTED_EDGE ( 'NONE', *, *, #5996, .T. ) ;
#7453 = VECTOR ( 'NONE', #4516, 1000.000000000000000 ) ;
#7454 = AXIS2_PLACEMENT_3D ( 'NONE', #146, #8381, #1587 ) ;
#7455 =( NAMED_UNIT ( * ) PLANE_ANGLE_UNIT ( ) SI_UNIT ( $, .RADIAN. ) );
#7456 = STYLED_ITEM ( 'NONE', ( #2432 ), #5195 ) ;
#7457 = VECTOR ( 'NONE', #345, 1000.000000000000000 ) ;
#7458 = SURFACE_STYLE_FILL_AREA ( #1503 ) ;
#7459 = FILL_AREA_STYLE_COLOUR ( '', #6684 ) ;
#7460 = EDGE_LOOP ( 'NONE', ( #8498, #7060, #1270, #4020, #4791 ) ) ;
#7461 = VECTOR ( 'NONE', #2150, 1000.000000000000000 ) ;
#7462 = LINE ( 'NONE', #5954, #4807 ) ;
#7463 = EDGE_CURVE ( 'NONE', #2276, #4513, #1349, .T. ) ;
#7464 = ADVANCED_FACE ( 'NONE', ( #1595 ), #8390, .F. ) ;
#7465 = PRESENTATION_LAYER_ASSIGNMENT (  '', '', ( #2533 ) ) ;
#7466 = SURFACE_SIDE_STYLE ('',( #3546 ) ) ;
#7467 = STYLED_ITEM ( 'NONE', ( #5298 ), #5258 ) ;
#7468 = VECTOR ( 'NONE', #4800, 1000.000000000000000 ) ;
#7469 = SURFACE_STYLE_FILL_AREA ( #80 ) ;
#7470 = COLOUR_RGB ( '',0.5607843137254902022, 0.6470588235294117974, 0.6352941176470587870 ) ;
#7471 = VECTOR ( 'NONE', #983, 1000.000000000000000 ) ;
#7472 = FILL_AREA_STYLE ('',( #4154 ) ) ;
#7473 = CARTESIAN_POINT ( 'NONE',  ( -1.270000000000000240, 1.250000000000000000, -0.4000000000000014655 ) ) ;
#7474 = VECTOR ( 'NONE', #6797, 1000.000000000000000 ) ;
#7475 =( LENGTH_UNIT ( ) NAMED_UNIT ( * ) SI_UNIT ( .MILLI., .METRE. ) );
#7476 = ADVANCED_FACE ( 'NONE', ( #157 ), #5536, .T. ) ;
#7477 = CARTESIAN_POINT ( 'NONE',  ( -2.400384757728999841, -1.250000000000000000, -1.000000000000000000 ) ) ;
#7478 = ORIENTED_EDGE ( 'NONE', *, *, #218, .T. ) ;
#7479 = STYLED_ITEM ( 'NONE', ( #2153 ), #5549 ) ;
#7480 = PRESENTATION_LAYER_ASSIGNMENT (  '', '', ( #4236 ) ) ;
#7481 = LINE ( 'NONE', #2103, #559 ) ;
#7482 = MECHANICAL_DESIGN_GEOMETRIC_PRESENTATION_REPRESENTATION (  '', ( #2833 ), #1707 ) ;
#7483 = EDGE_LOOP ( 'NONE', ( #3173, #4414, #3855, #2776 ) ) ;
#7484 = DIRECTION ( 'NONE',  ( 0.000000000000000000, 1.000000000000000000, -0.000000000000000000 ) ) ;
#7485 =( NAMED_UNIT ( * ) SI_UNIT ( $, .STERADIAN. ) SOLID_ANGLE_UNIT ( ) );
#7486 = LINE ( 'NONE', #1486, #837 ) ;
#7487 = AXIS2_PLACEMENT_3D ( 'NONE', #3850, #391, #5215 ) ;
#7488 = DIRECTION ( 'NONE',  ( 0.000000000000000000, -1.000000000000000000, 0.000000000000000000 ) ) ;
#7489 = CARTESIAN_POINT ( 'NONE',  ( -2.905000000000000249, 0.2650000000000000133, -0.8909545442950493888 ) ) ;
#7490 = CARTESIAN_POINT ( 'NONE',  ( -0.3649999999999998801, 0.3150000000000000022, -2.500000000000000000 ) ) ;
#7491 = MECHANICAL_DESIGN_GEOMETRIC_PRESENTATION_REPRESENTATION (  '', ( #4551 ), #7929 ) ;
#7492 =( GEOMETRIC_REPRESENTATION_CONTEXT ( 3 ) GLOBAL_UNCERTAINTY_ASSIGNED_CONTEXT ( ( #6095 ) ) GLOBAL_UNIT_ASSIGNED_CONTEXT ( ( #6108, #3418, #62 ) ) REPRESENTATION_CONTEXT ( 'NONE', 'WORKASPACE' ) );
#7493 =( LENGTH_UNIT ( ) NAMED_UNIT ( * ) SI_UNIT ( .MILLI., .METRE. ) );
#7494 = DIRECTION ( 'NONE',  ( -1.000000000000000000, 0.000000000000000000, 0.000000000000000000 ) ) ;
#7495 = DIRECTION ( 'NONE',  ( 1.000000000000000000, 0.000000000000000000, 0.000000000000000000 ) ) ;
#7496 = SURFACE_STYLE_FILL_AREA ( #903 ) ;
#7497 = AXIS2_PLACEMENT_3D ( 'NONE', #7381, #6086, #4736 ) ;
#7498 = VERTEX_POINT ( 'NONE', #8617 ) ;
#7499 = CARTESIAN_POINT ( 'NONE',  ( 2.180142521051217308, 0.2908531991698717345, 6.159384528706809192 ) ) ;
#7500 = DIRECTION ( 'NONE',  ( 0.5773502691896251759, -0.5773502691896251759, -0.5773502691896270633 ) ) ;
#7501 = EDGE_LOOP ( 'NONE', ( #6332, #2395, #5335, #2067, #7975, #2444 ) ) ;
#7502 = COLOUR_RGB ( '',0.9686274509803921573, 0.8784313725490195957, 0.5999999999999999778 ) ;
#7503 = CARTESIAN_POINT ( 'NONE',  ( -2.325000000000000178, -0.2650000000000000133, -0.8909545442950493888 ) ) ;
#7504 = LINE ( 'NONE', #7576, #2900 ) ;
#7505 = EDGE_LOOP ( 'NONE', ( #247, #7216, #5752, #8661, #6516, #6496, #745, #3515 ) ) ;
#7506 = FACE_OUTER_BOUND ( 'NONE', #1026, .T. ) ;
#7507 = CARTESIAN_POINT ( 'NONE',  ( -3.810000000000000053, 1.250000000000000000, -2.799999999999999822 ) ) ;
#7508 = EDGE_CURVE ( 'NONE', #5916, #5201, #4454, .T. ) ;
#7509 = EDGE_CURVE ( 'NONE', #6218, #1598, #1910, .T. ) ;
#7510 = CARTESIAN_POINT ( 'NONE',  ( 2.805000000000000160, 0.3150000000000000022, 6.140192378864673728 ) ) ;
#7511 = FACE_OUTER_BOUND ( 'NONE', #1577, .T. ) ;
#7512 =( NAMED_UNIT ( * ) PLANE_ANGLE_UNIT ( ) SI_UNIT ( $, .RADIAN. ) );
#7513 = DIRECTION ( 'NONE',  ( -0.7071067811865474617, -0.7071067811865474617, 0.000000000000000000 ) ) ;
#7514 = ORIENTED_EDGE ( 'NONE', *, *, #6430, .T. ) ;
#7515 = EDGE_LOOP ( 'NONE', ( #2953, #8374, #5710, #2396 ) ) ;
#7516 = UNCERTAINTY_MEASURE_WITH_UNIT (LENGTH_MEASURE( 1.000000000000000082E-05 ), #8710, 'distance_accuracy_value', 'NONE');
#7517 = FACE_OUTER_BOUND ( 'NONE', #3188, .T. ) ;
#7518 = EDGE_CURVE ( 'NONE', #3911, #8730, #1151, .T. ) ;
#7519 = VECTOR ( 'NONE', #2631, 1000.000000000000000 ) ;
#7520 = FILL_AREA_STYLE ('',( #4830 ) ) ;
#7521 = FACE_OUTER_BOUND ( 'NONE', #3809, .T. ) ;
#7522 = LINE ( 'NONE', #6838, #5059 ) ;
#7523 =( LENGTH_UNIT ( ) NAMED_UNIT ( * ) SI_UNIT ( .MILLI., .METRE. ) );
#7524 = ADVANCED_FACE ( 'NONE', ( #432 ), #4598, .F. ) ;
#7525 = DIRECTION ( 'NONE',  ( 1.000000000000000000, 0.000000000000000000, 0.000000000000000000 ) ) ;
#7526 = LINE ( 'NONE', #3494, #5588 ) ;
#7527 = DIRECTION ( 'NONE',  ( -1.000000000000000000, 0.000000000000000000, 0.000000000000000000 ) ) ;
#7528 = CARTESIAN_POINT ( 'NONE',  ( -0.3149999999999998357, 0.2650000000000000133, -0.8909545442950493888 ) ) ;
#7529 = PRESENTATION_LAYER_ASSIGNMENT (  '', '', ( #4292 ) ) ;
#7530 = DIRECTION ( 'NONE',  ( 0.000000000000000000, -1.000000000000000000, 0.000000000000000000 ) ) ;
#7531 =( GEOMETRIC_REPRESENTATION_CONTEXT ( 3 ) GLOBAL_UNCERTAINTY_ASSIGNED_CONTEXT ( ( #3282 ) ) GLOBAL_UNIT_ASSIGNED_CONTEXT ( ( #6375, #329, #4051 ) ) REPRESENTATION_CONTEXT ( 'NONE', 'WORKASPACE' ) );
#7532 = DIRECTION ( 'NONE',  ( -0.000000000000000000, -0.000000000000000000, -1.000000000000000000 ) ) ;
#7533 = SURFACE_STYLE_FILL_AREA ( #2236 ) ;
#7534 = FACE_OUTER_BOUND ( 'NONE', #1219, .T. ) ;
#7535 = VECTOR ( 'NONE', #2372, 1000.000000000000000 ) ;
#7536 = STYLED_ITEM ( 'NONE', ( #1528 ), #2295 ) ;
#7537 = LINE ( 'NONE', #73, #7918 ) ;
#7538 = ORIENTED_EDGE ( 'NONE', *, *, #1462, .F. ) ;
#7539 = LINE ( 'NONE', #3430, #7391 ) ;
#7540 = LINE ( 'NONE', #4316, #4344 ) ;
#7541 = CARTESIAN_POINT ( 'NONE',  ( -2.890355339059327289, 0.3003553390593270422, 6.194846997554884993 ) ) ;
#7542 = APPLICATION_CONTEXT ( 'automotive_design' ) ;
#7543 = CARTESIAN_POINT ( 'NONE',  ( 0.2150000000000000522, 0.3150000000000000022, -0.8909545442950493888 ) ) ;
#7544 = FILL_AREA_STYLE ('',( #8264 ) ) ;
#7545 = DIRECTION ( 'NONE',  ( 0.000000000000000000, -1.000000000000000000, 0.000000000000000000 ) ) ;
#7546 = CARTESIAN_POINT ( 'NONE',  ( 0.2284380551032346163, -0.3149999999999999467, -5.440192378864674438 ) ) ;
#7547 = ORIENTED_EDGE ( 'NONE', *, *, #3415, .T. ) ;
#7548 =( LENGTH_UNIT ( ) NAMED_UNIT ( * ) SI_UNIT ( .MILLI., .METRE. ) );
#7549 = EDGE_CURVE ( 'NONE', #5646, #966, #5289, .T. ) ;
#7550 = ORIENTED_EDGE ( 'NONE', *, *, #4731, .T. ) ;
#7551 = ORIENTED_EDGE ( 'NONE', *, *, #3678, .F. ) ;
#7552 = SURFACE_STYLE_USAGE ( .BOTH. , #6590 ) ;
#7553 = SURFACE_SIDE_STYLE ('',( #4866 ) ) ;
#7554 = VECTOR ( 'NONE', #8090, 1000.000000000000000 ) ;
#7555 = DIRECTION ( 'NONE',  ( -0.000000000000000000, -0.000000000000000000, -1.000000000000000000 ) ) ;
#7556 = ADVANCED_FACE ( 'NONE', ( #1725 ), #7074, .F. ) ;
#7557 = ADVANCED_FACE ( 'NONE', ( #5443 ), #4685, .F. ) ;
#7558 = SURFACE_STYLE_USAGE ( .BOTH. , #4870 ) ;
#7559 = ORIENTED_EDGE ( 'NONE', *, *, #1892, .T. ) ;
#7560 = DIRECTION ( 'NONE',  ( 1.000000000000000000, 0.000000000000000000, 0.000000000000000000 ) ) ;
#7561 = VECTOR ( 'NONE', #60, 1000.000000000000114 ) ;
#7562 = FILL_AREA_STYLE ('',( #5565 ) ) ;
#7563 =( LENGTH_UNIT ( ) NAMED_UNIT ( * ) SI_UNIT ( .MILLI., .METRE. ) );
#7564 = DIRECTION ( 'NONE',  ( -0.000000000000000000, -1.000000000000000000, -0.000000000000000000 ) ) ;
#7565 = CARTESIAN_POINT ( 'NONE',  ( 2.754999999999999893, 0.3150000000000000022, -2.500000000000000000 ) ) ;
#7566 = CARTESIAN_POINT ( 'NONE',  ( -1.270000000000000240, -0.8499999999999994227, -2.399999999999998579 ) ) ;
#7567 = EDGE_CURVE ( 'NONE', #4533, #3712, #4048, .T. ) ;
#7568 = CARTESIAN_POINT ( 'NONE',  ( 2.175000000000000266, 0.3150000000000000022, -1.609045455704950278 ) ) ;
#7569 = FACE_OUTER_BOUND ( 'NONE', #2358, .T. ) ;
#7570 = FACE_OUTER_BOUND ( 'NONE', #6427, .T. ) ;
#7571 = VECTOR ( 'NONE', #2645, 1000.000000000000000 ) ;
#7572 = FACE_OUTER_BOUND ( 'NONE', #6358, .T. ) ;
#7573 =( NAMED_UNIT ( * ) SI_UNIT ( $, .STERADIAN. ) SOLID_ANGLE_UNIT ( ) );
#7574 = PRESENTATION_LAYER_ASSIGNMENT (  '', '', ( #3611 ) ) ;
#7575 =( NAMED_UNIT ( * ) SI_UNIT ( $, .STERADIAN. ) SOLID_ANGLE_UNIT ( ) );
#7576 = CARTESIAN_POINT ( 'NONE',  ( -1.103147515578000171, -1.250000000000000000, -1.000000000000000000 ) ) ;
#7577 = VECTOR ( 'NONE', #3277, 1000.000000000000114 ) ;
#7578 =( LENGTH_UNIT ( ) NAMED_UNIT ( * ) SI_UNIT ( .MILLI., .METRE. ) );
#7579 = CARTESIAN_POINT ( 'NONE',  ( 0.1150000000000000883, 0.1650000000000000633, -6.000000000000000000 ) ) ;
#7580 = UNCERTAINTY_MEASURE_WITH_UNIT (LENGTH_MEASURE( 1.000000000000000082E-05 ), #803, 'distance_accuracy_value', 'NONE');
#7581 = PLANE ( 'NONE',  #3291 ) ;
#7582 = VECTOR ( 'NONE', #3269, 1000.000000000000000 ) ;
#7583 =( GEOMETRIC_REPRESENTATION_CONTEXT ( 3 ) GLOBAL_UNCERTAINTY_ASSIGNED_CONTEXT ( ( #1345 ) ) GLOBAL_UNIT_ASSIGNED_CONTEXT ( ( #1868, #4562, #522 ) ) REPRESENTATION_CONTEXT ( 'NONE', 'WORKASPACE' ) );
#7584 = CARTESIAN_POINT ( 'NONE',  ( -2.905000000000000249, -0.2784380551032344941, 6.140192378864673728 ) ) ;
#7585 = VECTOR ( 'NONE', #1261, 1000.000000000000000 ) ;
#7586 = CARTESIAN_POINT ( 'NONE',  ( 0.000000000000000000, 0.000000000000000000, 0.000000000000000000 ) ) ;
#7587 = ORIENTED_EDGE ( 'NONE', *, *, #6044, .F. ) ;
#7588 =( GEOMETRIC_REPRESENTATION_CONTEXT ( 3 ) GLOBAL_UNCERTAINTY_ASSIGNED_CONTEXT ( ( #539 ) ) GLOBAL_UNIT_ASSIGNED_CONTEXT ( ( #5274, #8511, #2540 ) ) REPRESENTATION_CONTEXT ( 'NONE', 'WORKASPACE' ) );
#7589 =( GEOMETRIC_REPRESENTATION_CONTEXT ( 3 ) GLOBAL_UNCERTAINTY_ASSIGNED_CONTEXT ( ( #1601 ) ) GLOBAL_UNIT_ASSIGNED_CONTEXT ( ( #1445, #12, #727 ) ) REPRESENTATION_CONTEXT ( 'NONE', 'WORKASPACE' ) );
#7590 = DIRECTION ( 'NONE',  ( 0.000000000000000000, -1.000000000000000000, 0.000000000000000000 ) ) ;
#7591 = DIRECTION ( 'NONE',  ( -0.7071067811865474617, -0.7071067811865474617, 0.000000000000000000 ) ) ;
#7592 = ORIENTED_EDGE ( 'NONE', *, *, #2446, .F. ) ;
#7593 = CARTESIAN_POINT ( 'NONE',  ( 2.754999999999999893, 0.3150000000000000022, -5.440192378864675327 ) ) ;
#7594 = ORIENTED_EDGE ( 'NONE', *, *, #7012, .F. ) ;
#7595 = MECHANICAL_DESIGN_GEOMETRIC_PRESENTATION_REPRESENTATION (  '', ( #2241 ), #3941 ) ;
#7596 = ORIENTED_EDGE ( 'NONE', *, *, #6792, .F. ) ;
#7597 =( GEOMETRIC_REPRESENTATION_CONTEXT ( 3 ) GLOBAL_UNCERTAINTY_ASSIGNED_CONTEXT ( ( #2912 ) ) GLOBAL_UNIT_ASSIGNED_CONTEXT ( ( #7600, #1576, #6920 ) ) REPRESENTATION_CONTEXT ( 'NONE', 'WORKASPACE' ) );
#7598 = LINE ( 'NONE', #888, #6721 ) ;
#7599 = COLOUR_RGB ( '',0.5607843137254902022, 0.6470588235294117974, 0.6352941176470587870 ) ;
#7600 =( LENGTH_UNIT ( ) NAMED_UNIT ( * ) SI_UNIT ( .MILLI., .METRE. ) );
#7601 = PLANE ( 'NONE',  #3625 ) ;
#7602 = PRESENTATION_STYLE_ASSIGNMENT (( #183 ) ) ;
#7603 = PLANE ( 'NONE',  #1568 ) ;
#7604 = VECTOR ( 'NONE', #4252, 1000.000000000000227 ) ;
#7605 = DIRECTION ( 'NONE',  ( -0.000000000000000000, -0.000000000000000000, -1.000000000000000000 ) ) ;
#7606 = DIRECTION ( 'NONE',  ( 0.000000000000000000, 0.000000000000000000, -1.000000000000000000 ) ) ;
#7607 = ADVANCED_FACE ( 'NONE', ( #3330 ), #773, .F. ) ;
#7608 = EDGE_CURVE ( 'NONE', #3136, #8701, #2689, .T. ) ;
#7609 = SURFACE_SIDE_STYLE ('',( #1492 ) ) ;
#7610 = MECHANICAL_DESIGN_GEOMETRIC_PRESENTATION_REPRESENTATION (  '', ( #2143 ), #6495 ) ;
#7611 = DIRECTION ( 'NONE',  ( 0.000000000000000000, -1.000000000000000000, -0.000000000000000000 ) ) ;
#7612 =( NAMED_UNIT ( * ) SI_UNIT ( $, .STERADIAN. ) SOLID_ANGLE_UNIT ( ) );
#7613 = PRESENTATION_STYLE_ASSIGNMENT (( #6773 ) ) ;
#7614 = LINE ( 'NONE', #4839, #6670 ) ;
#7615 = CARTESIAN_POINT ( 'NONE',  ( -1.270000000000000240, 0.9499999999999996225, -1.810000000000000941 ) ) ;
#7616 = FILL_AREA_STYLE ('',( #4141 ) ) ;
#7617 = EDGE_CURVE ( 'NONE', #7949, #2889, #5378, .T. ) ;
#7618 = AXIS2_PLACEMENT_3D ( 'NONE', #3921, #524, #6596 ) ;
#7619 = ADVANCED_FACE ( 'NONE', ( #4009 ), #1280, .F. ) ;
#7620 =( NAMED_UNIT ( * ) SI_UNIT ( $, .STERADIAN. ) SOLID_ANGLE_UNIT ( ) );
#7621 = CARTESIAN_POINT ( 'NONE',  ( -0.3649999999999998801, -0.3150000000000000022, 0.000000000000000000 ) ) ;
#7622 = VERTEX_POINT ( 'NONE', #6968 ) ;
#7623 = LINE ( 'NONE', #8179, #8307 ) ;
#7624 =( NAMED_UNIT ( * ) SI_UNIT ( $, .STERADIAN. ) SOLID_ANGLE_UNIT ( ) );
#7625 =( NAMED_UNIT ( * ) PLANE_ANGLE_UNIT ( ) SI_UNIT ( $, .RADIAN. ) );
#7626 = EDGE_LOOP ( 'NONE', ( #8688, #8416, #495, #3099 ) ) ;
#7627 = CARTESIAN_POINT ( 'NONE',  ( 2.225000000000000533, 0.2650000000000000133, -1.609045455704950278 ) ) ;
#7628 = VECTOR ( 'NONE', #2917, 1000.000000000000000 ) ;
#7629 = DIRECTION ( 'NONE',  ( 1.000000000000000000, 0.000000000000000000, 0.000000000000000000 ) ) ;
#7630 = UNCERTAINTY_MEASURE_WITH_UNIT (LENGTH_MEASURE( 1.000000000000000082E-05 ), #5763, 'distance_accuracy_value', 'NONE');
#7631 = PRESENTATION_LAYER_ASSIGNMENT (  '', '', ( #7932 ) ) ;
#7632 = DIRECTION ( 'NONE',  ( 0.000000000000000000, -1.000000000000000000, 0.000000000000000000 ) ) ;
#7633 = CARTESIAN_POINT ( 'NONE',  ( -0.3408531991698716124, -0.3098574789487830161, 6.159384528706809192 ) ) ;
#7634 = SURFACE_SIDE_STYLE ('',( #5845 ) ) ;
#7635 = CARTESIAN_POINT ( 'NONE',  ( 2.805000000000000160, -0.2650000000000000133, 6.140192378864673728 ) ) ;
#7636 = ORIENTED_EDGE ( 'NONE', *, *, #6645, .F. ) ;
#7637 = CARTESIAN_POINT ( 'NONE',  ( 2.790355339059328088, 0.3003553390593274308, -5.494846997554885704 ) ) ;
#7638 =( NAMED_UNIT ( * ) PLANE_ANGLE_UNIT ( ) SI_UNIT ( $, .RADIAN. ) );
#7639 = UNCERTAINTY_MEASURE_WITH_UNIT (LENGTH_MEASURE( 1.000000000000000082E-05 ), #7359, 'distance_accuracy_value', 'NONE');
#7640 = ORIENTED_EDGE ( 'NONE', *, *, #5185, .T. ) ;
#7641 = LINE ( 'NONE', #2927, #2981 ) ;
#7642 =( BOUNDED_CURVE ( )  B_SPLINE_CURVE ( 3, ( #8131, #4761, #1551, #4237 ),
 .UNSPECIFIED., .F., .T. ) 
 B_SPLINE_CURVE_WITH_KNOTS ( ( 4, 4 ),
 ( 2.356194490192341728, 3.141592653589793116 ),
 .UNSPECIFIED. ) 
 CURVE ( )  GEOMETRIC_REPRESENTATION_ITEM ( )  RATIONAL_B_SPLINE_CURVE ( ( 1.000000000000000000, 0.9492530216741906779, 0.9492530216741906779, 1.000000000000000000 ) ) 
 REPRESENTATION_ITEM ( '' )  );
#7643 = UNCERTAINTY_MEASURE_WITH_UNIT (LENGTH_MEASURE( 1.000000000000000082E-05 ), #3280, 'distance_accuracy_value', 'NONE');
#7644 = DIRECTION ( 'NONE',  ( -1.000000000000000000, 0.000000000000000000, 0.000000000000000000 ) ) ;
#7645 = FILL_AREA_STYLE_COLOUR ( '', #1686 ) ;
#7646 = DIRECTION ( 'NONE',  ( -0.000000000000000000, -0.000000000000000000, -1.000000000000000000 ) ) ;
#7647 = DIRECTION ( 'NONE',  ( -0.000000000000000000, -0.000000000000000000, 1.000000000000000000 ) ) ;
#7648 = ORIENTED_EDGE ( 'NONE', *, *, #6540, .F. ) ;
#7649 = SURFACE_STYLE_USAGE ( .BOTH. , #4966 ) ;
#7650 = UNCERTAINTY_MEASURE_WITH_UNIT (LENGTH_MEASURE( 1.000000000000000082E-05 ), #1164, 'distance_accuracy_value', 'NONE');
#7651 = CARTESIAN_POINT ( 'NONE',  ( 2.180142521051217308, 0.2908531991698718455, -5.459384528706810791 ) ) ;
#7652 = ORIENTED_EDGE ( 'NONE', *, *, #7047, .F. ) ;
#7653 = FILL_AREA_STYLE_COLOUR ( '', #764 ) ;
#7654 =( LENGTH_UNIT ( ) NAMED_UNIT ( * ) SI_UNIT ( .MILLI., .METRE. ) );
#7655 = FILL_AREA_STYLE ('',( #2360 ) ) ;
#7656 = DIRECTION ( 'NONE',  ( -0.000000000000000000, -0.000000000000000000, -1.000000000000000000 ) ) ;
#7657 = LINE ( 'NONE', #2161, #2545 ) ;
#7658 = EDGE_CURVE ( 'NONE', #7949, #390, #3138, .T. ) ;
#7659 = MECHANICAL_DESIGN_GEOMETRIC_PRESENTATION_REPRESENTATION (  '', ( #313 ), #4425 ) ;
#7660 = DIRECTION ( 'NONE',  ( 0.000000000000000000, 0.000000000000000000, -1.000000000000000000 ) ) ;
#7661 =( LENGTH_UNIT ( ) NAMED_UNIT ( * ) SI_UNIT ( .MILLI., .METRE. ) );
#7662 = VECTOR ( 'NONE', #3041, 1000.000000000000000 ) ;
#7663 = CARTESIAN_POINT ( 'NONE',  ( 1.570000000000000284, 1.250000000000000000, -2.799999999999999822 ) ) ;
#7664 = ORIENTED_EDGE ( 'NONE', *, *, #8068, .F. ) ;
#7665 = FILL_AREA_STYLE ('',( #6160 ) ) ;
#7666 = DIRECTION ( 'NONE',  ( 1.000000000000000000, 0.000000000000000000, 0.000000000000000000 ) ) ;
#7667 = FILL_AREA_STYLE ('',( #6378 ) ) ;
#7668 = DIRECTION ( 'NONE',  ( -0.7071067811865474617, -0.7071067811865474617, 0.000000000000000000 ) ) ;
#7669 = DIRECTION ( 'NONE',  ( 0.000000000000000000, 0.000000000000000000, 1.000000000000000000 ) ) ;
#7670 = ADVANCED_FACE ( 'NONE', ( #189 ), #2225, .T. ) ;
#7671 = EDGE_LOOP ( 'NONE', ( #277, #7020, #5225, #202 ) ) ;
#7672 = ADVANCED_FACE ( 'NONE', ( #6841 ), #2319, .T. ) ;
#7673 = SURFACE_SIDE_STYLE ('',( #2301 ) ) ;
#7674 = COLOUR_RGB ( '',0.5607843137254902022, 0.6470588235294117974, 0.6352941176470587870 ) ;
#7675 = VECTOR ( 'NONE', #6060, 1000.000000000000000 ) ;
#7676 = FACE_OUTER_BOUND ( 'NONE', #5167, .T. ) ;
#7677 = SURFACE_STYLE_FILL_AREA ( #6822 ) ;
#7678 = SURFACE_SIDE_STYLE ('',( #4373 ) ) ;
#7679 = ORIENTED_EDGE ( 'NONE', *, *, #4819, .T. ) ;
#7680 = CARTESIAN_POINT ( 'NONE',  ( -2.280142521051216953, 0.2908531991698718455, -5.459384528706810791 ) ) ;
#7681 = ORIENTED_EDGE ( 'NONE', *, *, #3143, .F. ) ;
#7682 = VERTEX_POINT ( 'NONE', #7064 ) ;
#7683 = ORIENTED_EDGE ( 'NONE', *, *, #3847, .T. ) ;
#7684 = CARTESIAN_POINT ( 'NONE',  ( -3.810000000000000053, -0.7500000000000000000, -2.500000000000000000 ) ) ;
#7685 = PRESENTATION_STYLE_ASSIGNMENT (( #6231 ) ) ;
#7686 = ORIENTED_EDGE ( 'NONE', *, *, #246, .F. ) ;
#7687 = SURFACE_STYLE_FILL_AREA ( #938 ) ;
#7688 = PLANE ( 'NONE',  #5674 ) ;
#7689 = DIRECTION ( 'NONE',  ( -0.7071067811865487940, 0.000000000000000000, -0.7071067811865463515 ) ) ;
#7690 = ORIENTED_EDGE ( 'NONE', *, *, #2082, .T. ) ;
#7691 = PRESENTATION_STYLE_ASSIGNMENT (( #7649 ) ) ;
#7692 =( BOUNDED_CURVE ( )  B_SPLINE_CURVE ( 3, ( #5813, #6437, #394, #3096 ),
 .UNSPECIFIED., .F., .F. ) 
 B_SPLINE_CURVE_WITH_KNOTS ( ( 4, 4 ),
 ( 3.141592653589793116, 3.926990816987244948 ),
 .UNSPECIFIED. ) 
 CURVE ( )  GEOMETRIC_REPRESENTATION_ITEM ( )  RATIONAL_B_SPLINE_CURVE ( ( 1.000000000000000000, 0.9492530216741906779, 0.9492530216741906779, 1.000000000000000000 ) ) 
 REPRESENTATION_ITEM ( '' )  );
#7693 = PRESENTATION_STYLE_ASSIGNMENT (( #3492 ) ) ;
#7694 = ORIENTED_EDGE ( 'NONE', *, *, #6502, .F. ) ;
#7695 = DIRECTION ( 'NONE',  ( -0.000000000000000000, -0.000000000000000000, -1.000000000000000000 ) ) ;
#7696 = SURFACE_STYLE_USAGE ( .BOTH. , #8424 ) ;
#7697 = UNCERTAINTY_MEASURE_WITH_UNIT (LENGTH_MEASURE( 1.000000000000000082E-05 ), #6845, 'distance_accuracy_value', 'NONE');
#7698 = SURFACE_STYLE_USAGE ( .BOTH. , #5744 ) ;
#7699 = VECTOR ( 'NONE', #5573, 1000.000000000000000 ) ;
#7700 = CARTESIAN_POINT ( 'NONE',  ( 2.754999999999999893, -0.3150000000000000022, 6.140192378864673728 ) ) ;
#7701 = CARTESIAN_POINT ( 'NONE',  ( -0.1999999999999883815, 0.7500000000000000000, -6.409999999999999254 ) ) ;
#7702 = SURFACE_STYLE_USAGE ( .BOTH. , #4932 ) ;
#7703 = EDGE_CURVE ( 'NONE', #6072, #8698, #1141, .T. ) ;
#7704 = CARTESIAN_POINT ( 'NONE',  ( -0.3598574789487827830, -0.2908531991698717345, 6.159384528706809192 ) ) ;
#7705 = ORIENTED_EDGE ( 'NONE', *, *, #1080, .T. ) ;
#7706 = FILL_AREA_STYLE_COLOUR ( '', #3550 ) ;
#7707 = FILL_AREA_STYLE ('',( #3127 ) ) ;
#7708 = CARTESIAN_POINT ( 'NONE',  ( -2.325000000000000178, 0.3150000000000000022, 6.140192378864673728 ) ) ;
#7709 = DIRECTION ( 'NONE',  ( 1.000000000000000000, -0.000000000000000000, 0.000000000000000000 ) ) ;
#7710 = ORIENTED_EDGE ( 'NONE', *, *, #5087, .T. ) ;
#7711 = ORIENTED_EDGE ( 'NONE', *, *, #547, .T. ) ;
#7712 = AXIS2_PLACEMENT_3D ( 'NONE', #2069, #5278, #5969 ) ;
#7713 =( NAMED_UNIT ( * ) SI_UNIT ( $, .STERADIAN. ) SOLID_ANGLE_UNIT ( ) );
#7714 = PRESENTATION_LAYER_ASSIGNMENT (  '', '', ( #6730 ) ) ;
#7715 = EDGE_CURVE ( 'NONE', #3142, #7877, #7940, .T. ) ;
#7716 = EDGE_CURVE ( 'NONE', #4587, #4996, #1039, .T. ) ;
#7717 = DIRECTION ( 'NONE',  ( 0.7071067811865475727, -0.7071067811865475727, 0.000000000000000000 ) ) ;
#7718 = FILL_AREA_STYLE_COLOUR ( '', #7253 ) ;
#7719 = ORIENTED_EDGE ( 'NONE', *, *, #7836, .F. ) ;
#7720 = DIRECTION ( 'NONE',  ( 0.000000000000000000, 0.000000000000000000, -1.000000000000000000 ) ) ;
#7721 = VECTOR ( 'NONE', #4410, 1000.000000000000114 ) ;
#7722 = LINE ( 'NONE', #3748, #1673 ) ;
#7723 = ORIENTED_EDGE ( 'NONE', *, *, #4603, .T. ) ;
#7724 = COLOUR_RGB ( '',0.5607843137254902022, 0.6470588235294117974, 0.6352941176470587870 ) ;
#7725 =( GEOMETRIC_REPRESENTATION_CONTEXT ( 3 ) GLOBAL_UNCERTAINTY_ASSIGNED_CONTEXT ( ( #4939 ) ) GLOBAL_UNIT_ASSIGNED_CONTEXT ( ( #7418, #8675, #8135 ) ) REPRESENTATION_CONTEXT ( 'NONE', 'WORKASPACE' ) );
#7726 = COLOUR_RGB ( '',0.5607843137254902022, 0.6470588235294117974, 0.6352941176470587870 ) ;
#7727 = EDGE_CURVE ( 'NONE', #4652, #4577, #420, .T. ) ;
#7728 = PLANE ( 'NONE',  #2123 ) ;
#7729 = SURFACE_SIDE_STYLE ('',( #7240 ) ) ;
#7730 = COLOUR_RGB ( '',0.8509803921568627194, 0.8509803921568627194, 0.8509803921568627194 ) ;
#7731 = ADVANCED_FACE ( 'NONE', ( #8420 ), #1804, .F. ) ;
#7732 = PRESENTATION_LAYER_ASSIGNMENT (  '', '', ( #2241 ) ) ;
#7733 = CARTESIAN_POINT ( 'NONE',  ( 1.269999999999999796, 0.8499999999999998668, 6.699999999999999289 ) ) ;
#7734 = SURFACE_SIDE_STYLE ('',( #5040 ) ) ;
#7735 = VECTOR ( 'NONE', #5371, 999.9999999999998863 ) ;
#7736 = CARTESIAN_POINT ( 'NONE',  ( 3.810000000000000053, -0.8499999999999994227, -2.399999999999997691 ) ) ;
#7737 = AXIS2_PLACEMENT_3D ( 'NONE', #8239, #3479, #5560 ) ;
#7738 = EDGE_LOOP ( 'NONE', ( #7948, #4001, #2427, #648, #3935, #3016 ) ) ;
#7739 = COLOUR_RGB ( '',0.5607843137254902022, 0.6470588235294117974, 0.6352941176470587870 ) ;
#7740 = AXIS2_PLACEMENT_3D ( 'NONE', #7448, #2079, #4924 ) ;
#7741 =( LENGTH_UNIT ( ) NAMED_UNIT ( * ) SI_UNIT ( .MILLI., .METRE. ) );
#7742 = CIRCLE ( 'NONE', #8749, 0.05000000000000012768 ) ;
#7743 =( GEOMETRIC_REPRESENTATION_CONTEXT ( 3 ) GLOBAL_UNCERTAINTY_ASSIGNED_CONTEXT ( ( #3432 ) ) GLOBAL_UNIT_ASSIGNED_CONTEXT ( ( #5024, #838, #4370 ) ) REPRESENTATION_CONTEXT ( 'NONE', 'WORKASPACE' ) );
#7744 = SURFACE_STYLE_FILL_AREA ( #3764 ) ;
#7745 = COLOUR_RGB ( '',0.5607843137254902022, 0.6470588235294117974, 0.6352941176470587870 ) ;
#7746 = ORIENTED_EDGE ( 'NONE', *, *, #2835, .F. ) ;
#7747 = CARTESIAN_POINT ( 'NONE',  ( -2.890355339059327289, -0.3003553390593271533, 6.194846997554884105 ) ) ;
#7748 = SURFACE_STYLE_USAGE ( .BOTH. , #8477 ) ;
#7749 = FILL_AREA_STYLE ('',( #281 ) ) ;
#7750 = COLOUR_RGB ( '',0.8509803921568627194, 0.8509803921568627194, 0.8509803921568627194 ) ;
#7751 = CARTESIAN_POINT ( 'NONE',  ( 3.709999999999998188, 0.7500000000000000000, -2.499999999999999556 ) ) ;
#7752 = PRESENTATION_LAYER_ASSIGNMENT (  '', '', ( #8482 ) ) ;
#7753 = CARTESIAN_POINT ( 'NONE',  ( -2.880853199169871814, 0.3098574789487829606, -5.459384528706810791 ) ) ;
#7754 = FILL_AREA_STYLE ('',( #2370 ) ) ;
#7755 = COLOUR_RGB ( '',0.5607843137254902022, 0.6470588235294117974, 0.6352941176470587870 ) ;
#7756 = PLANE ( 'NONE',  #3140 ) ;
#7757 = DIRECTION ( 'NONE',  ( -0.000000000000000000, -1.000000000000000000, -0.000000000000000000 ) ) ;
#7758 = VERTEX_POINT ( 'NONE', #5098 ) ;
#7759 = CARTESIAN_POINT ( 'NONE',  ( 6.843333333333335489, 2.183333333333336679, 0.6333333333333477366 ) ) ;
#7760 = PLANE ( 'NONE',  #1411 ) ;
#7761 =( LENGTH_UNIT ( ) NAMED_UNIT ( * ) SI_UNIT ( .MILLI., .METRE. ) );
#7762 = STYLED_ITEM ( 'NONE', ( #2101 ), #6205 ) ;
#7763 = SURFACE_STYLE_USAGE ( .BOTH. , #1876 ) ;
#7764 = ORIENTED_EDGE ( 'NONE', *, *, #3545, .F. ) ;
#7765 = EDGE_LOOP ( 'NONE', ( #1215, #6791, #2940, #4378 ) ) ;
#7766 = AXIS2_PLACEMENT_3D ( 'NONE', #6901, #8221, #5503 ) ;
#7767 = CARTESIAN_POINT ( 'NONE',  ( 3.810000000000000053, -0.8499999999999994227, 6.699999999999999289 ) ) ;
#7768 = STYLED_ITEM ( 'NONE', ( #8059 ), #6406 ) ;
#7769 = ORIENTED_EDGE ( 'NONE', *, *, #3415, .F. ) ;
#7770 = CARTESIAN_POINT ( 'NONE',  ( -3.810000000000000053, 0.9500000000000000666, -0.9899999999999999911 ) ) ;
#7771 = ORIENTED_EDGE ( 'NONE', *, *, #776, .T. ) ;
#7772 = DIRECTION ( 'NONE',  ( 1.000000000000000000, 0.000000000000000000, 0.000000000000000000 ) ) ;
#7773 = VERTEX_POINT ( 'NONE', #5047 ) ;
#7774 = ORIENTED_EDGE ( 'NONE', *, *, #10, .T. ) ;
#7775 = COLOUR_RGB ( '',0.9686274509803921573, 0.8784313725490195957, 0.5999999999999999778 ) ;
#7776 = ORIENTED_EDGE ( 'NONE', *, *, #776, .F. ) ;
#7777 = ADVANCED_FACE ( 'NONE', ( #7794 ), #1081, .T. ) ;
#7778 = ADVANCED_FACE ( 'NONE', ( #2590 ), #2678, .T. ) ;
#7779 = SURFACE_STYLE_USAGE ( .BOTH. , #6300 ) ;
#7780 = PRESENTATION_LAYER_ASSIGNMENT (  '', '', ( #6509 ) ) ;
#7781 =( LENGTH_UNIT ( ) NAMED_UNIT ( * ) SI_UNIT ( .MILLI., .METRE. ) );
#7782 = FILL_AREA_STYLE ('',( #5089 ) ) ;
#7783 = EDGE_LOOP ( 'NONE', ( #2299, #7136, #3356, #7764, #2342 ) ) ;
#7784 = FILL_AREA_STYLE_COLOUR ( '', #2098 ) ;
#7785 = EDGE_LOOP ( 'NONE', ( #7410, #4529, #2146, #4547, #913, #1640, #6552, #1414, #6513, #8597 ) ) ;
#7786 = CARTESIAN_POINT ( 'NONE',  ( 2.497963639411850512, 0.007963639411850471916, 7.345509090147042564 ) ) ;
#7787 = ORIENTED_EDGE ( 'NONE', *, *, #6832, .T. ) ;
#7788 = ORIENTED_EDGE ( 'NONE', *, *, #4022, .T. ) ;
#7789 = UNCERTAINTY_MEASURE_WITH_UNIT (LENGTH_MEASURE( 1.000000000000000082E-05 ), #1513, 'distance_accuracy_value', 'NONE');
#7790 = DIRECTION ( 'NONE',  ( 0.7071067811865474617, -0.7071067811865474617, 0.000000000000000000 ) ) ;
#7791 = EDGE_CURVE ( 'NONE', #4201, #4366, #7481, .T. ) ;
#7792 = PRESENTATION_LAYER_ASSIGNMENT (  '', '', ( #6919 ) ) ;
#7793 = CARTESIAN_POINT ( 'NONE',  ( 0.2150000000000000244, 0.2650000000000000133, -1.609045455704950278 ) ) ;
#7794 = FACE_OUTER_BOUND ( 'NONE', #4394, .T. ) ;
#7795 = ORIENTED_EDGE ( 'NONE', *, *, #3489, .F. ) ;
#7796 = CARTESIAN_POINT ( 'NONE',  ( -0.9700000000000001954, -1.249999999999999556, 6.699999999999999289 ) ) ;
#7797 = SURFACE_STYLE_FILL_AREA ( #7655 ) ;
#7798 = DIRECTION ( 'NONE',  ( 1.000000000000000000, 0.000000000000000000, 0.000000000000000000 ) ) ;
#7799 = FILL_AREA_STYLE ('',( #3036 ) ) ;
#7800 = PRESENTATION_STYLE_ASSIGNMENT (( #3120 ) ) ;
#7801 = CARTESIAN_POINT ( 'NONE',  ( 5.080000000000000071, 0.1650000000000000633, 6.700000000000000178 ) ) ;
#7802 =( LENGTH_UNIT ( ) NAMED_UNIT ( * ) SI_UNIT ( .MILLI., .METRE. ) );
#7803 =( LENGTH_UNIT ( ) NAMED_UNIT ( * ) SI_UNIT ( .MILLI., .METRE. ) );
#7804 = VERTEX_POINT ( 'NONE', #1401 ) ;
#7805 = PRESENTATION_STYLE_ASSIGNMENT (( #1776 ) ) ;
#7806 = PRESENTATION_STYLE_ASSIGNMENT (( #1056 ) ) ;
#7807 = LINE ( 'NONE', #5850, #822 ) ;
#7808 = LINE ( 'NONE', #4568, #4991 ) ;
#7809 = PRESENTATION_STYLE_ASSIGNMENT (( #383 ) ) ;
#7810 = ORIENTED_EDGE ( 'NONE', *, *, #4864, .F. ) ;
#7811 = ORIENTED_EDGE ( 'NONE', *, *, #2555, .F. ) ;
#7812 = EDGE_CURVE ( 'NONE', #800, #7882, #2763, .T. ) ;
#7813 = DIRECTION ( 'NONE',  ( -0.000000000000000000, -1.000000000000000000, -0.000000000000000000 ) ) ;
#7814 = SURFACE_STYLE_FILL_AREA ( #3262 ) ;
#7815 = VECTOR ( 'NONE', #4925, 1000.000000000000000 ) ;
#7816 = DIRECTION ( 'NONE',  ( 0.000000000000000000, -1.000000000000000000, 0.000000000000000000 ) ) ;
#7817 = MECHANICAL_DESIGN_GEOMETRIC_PRESENTATION_REPRESENTATION (  '', ( #3159 ), #8112 ) ;
#7818 = CYLINDRICAL_SURFACE ( 'NONE', #7487, 0.05000000000000012768 ) ;
#7819 = DIRECTION ( 'NONE',  ( 1.000000000000000000, 0.000000000000000000, 0.000000000000000000 ) ) ;
#7820 = ORIENTED_EDGE ( 'NONE', *, *, #1695, .F. ) ;
#7821 =( NAMED_UNIT ( * ) PLANE_ANGLE_UNIT ( ) SI_UNIT ( $, .RADIAN. ) );
#7822 = VERTEX_POINT ( 'NONE', #7393 ) ;
#7823 = COLOUR_RGB ( '',0.8509803921568627194, 0.8509803921568627194, 0.8509803921568627194 ) ;
#7824 =( GEOMETRIC_REPRESENTATION_CONTEXT ( 3 ) GLOBAL_UNCERTAINTY_ASSIGNED_CONTEXT ( ( #6808 ) ) GLOBAL_UNIT_ASSIGNED_CONTEXT ( ( #3912, #4789, #7485 ) ) REPRESENTATION_CONTEXT ( 'NONE', 'WORKASPACE' ) );
#7825 = ORIENTED_EDGE ( 'NONE', *, *, #5451, .F. ) ;
#7826 = DIRECTION ( 'NONE',  ( -0.000000000000000000, -0.000000000000000000, -1.000000000000000000 ) ) ;
#7827 = ORIENTED_EDGE ( 'NONE', *, *, #4670, .T. ) ;
#7828 = EDGE_CURVE ( 'NONE', #3061, #3735, #3410, .T. ) ;
#7829 =( NAMED_UNIT ( * ) SI_UNIT ( $, .STERADIAN. ) SOLID_ANGLE_UNIT ( ) );
#7830 = ORIENTED_EDGE ( 'NONE', *, *, #6091, .F. ) ;
#7831 = DIRECTION ( 'NONE',  ( -0.000000000000000000, -1.000000000000000000, -0.000000000000000000 ) ) ;
#7832 = CARTESIAN_POINT ( 'NONE',  ( 1.169999999999999929, 0.8499999999999998668, 6.699999999999999289 ) ) ;
#7833 = ORIENTED_EDGE ( 'NONE', *, *, #3368, .T. ) ;
#7834 = ORIENTED_EDGE ( 'NONE', *, *, #8121, .F. ) ;
#7835 = CARTESIAN_POINT ( 'NONE',  ( 0.8699999999999996625, 1.250000000000000000, -1.810000000000000941 ) ) ;
#7836 = EDGE_CURVE ( 'NONE', #6565, #161, #413, .T. ) ;
#7837 = ORIENTED_EDGE ( 'NONE', *, *, #547, .F. ) ;
#7838 = PLANE ( 'NONE',  #4158 ) ;
#7839 = FACE_OUTER_BOUND ( 'NONE', #2314, .T. ) ;
#7840 = FACE_OUTER_BOUND ( 'NONE', #6174, .T. ) ;
#7841 = FACE_OUTER_BOUND ( 'NONE', #8263, .T. ) ;
#7842 = DIRECTION ( 'NONE',  ( 0.000000000000000000, -1.000000000000000000, 0.000000000000000000 ) ) ;
#7843 = LINE ( 'NONE', #5105, #363 ) ;
#7844 = PRESENTATION_STYLE_ASSIGNMENT (( #5844 ) ) ;
#7845 = FILL_AREA_STYLE_COLOUR ( '', #4401 ) ;
#7846 = EDGE_CURVE ( 'NONE', #6354, #2346, #7204, .T. ) ;
#7847 = FILL_AREA_STYLE ('',( #2423 ) ) ;
#7848 =( NAMED_UNIT ( * ) PLANE_ANGLE_UNIT ( ) SI_UNIT ( $, .RADIAN. ) );
#7849 = DIRECTION ( 'NONE',  ( -0.000000000000000000, -0.000000000000000000, -1.000000000000000000 ) ) ;
#7850 = ORIENTED_EDGE ( 'NONE', *, *, #6530, .F. ) ;
#7851 = SURFACE_STYLE_USAGE ( .BOTH. , #4459 ) ;
#7852 = PRESENTATION_LAYER_ASSIGNMENT (  '', '', ( #1805 ) ) ;
#7853 = LINE ( 'NONE', #4518, #319 ) ;
#7854 = EDGE_LOOP ( 'NONE', ( #2852, #651, #2251, #172 ) ) ;
#7855 = ORIENTED_EDGE ( 'NONE', *, *, #4578, .T. ) ;
#7856 = LINE ( 'NONE', #5713, #6488 ) ;
#7857 = CARTESIAN_POINT ( 'NONE',  ( 1.169999999999999929, 0.7500000000000000000, -2.500000000000000000 ) ) ;
#7858 =( GEOMETRIC_REPRESENTATION_CONTEXT ( 3 ) GLOBAL_UNCERTAINTY_ASSIGNED_CONTEXT ( ( #6753 ) ) GLOBAL_UNIT_ASSIGNED_CONTEXT ( ( #7741, #1658, #3763 ) ) REPRESENTATION_CONTEXT ( 'NONE', 'WORKASPACE' ) );
#7859 = PRESENTATION_STYLE_ASSIGNMENT (( #4574 ) ) ;
#7860 = ORIENTED_EDGE ( 'NONE', *, *, #3848, .F. ) ;
#7861 = FILL_AREA_STYLE_COLOUR ( '', #6339 ) ;
#7862 = DIRECTION ( 'NONE',  ( 1.000000000000000000, 0.000000000000000000, 0.000000000000000000 ) ) ;
#7863 = ORIENTED_EDGE ( 'NONE', *, *, #620, .T. ) ;
#7864 = DIRECTION ( 'NONE',  ( 1.000000000000000000, 0.000000000000000000, 0.000000000000000000 ) ) ;
#7865 = CARTESIAN_POINT ( 'NONE',  ( 2.225000000000000533, 0.3150000000000000022, 6.140192378864673728 ) ) ;
#7866 = ORIENTED_EDGE ( 'NONE', *, *, #2456, .F. ) ;
#7867 = COLOUR_RGB ( '',0.9686274509803921573, 0.8784313725490195957, 0.5999999999999999778 ) ;
#7868 = AXIS2_PLACEMENT_3D ( 'NONE', #8509, #7875, #7923 ) ;
#7869 = ORIENTED_EDGE ( 'NONE', *, *, #7509, .T. ) ;
#7870 = SURFACE_STYLE_USAGE ( .BOTH. , #8007 ) ;
#7871 =( GEOMETRIC_REPRESENTATION_CONTEXT ( 3 ) GLOBAL_UNCERTAINTY_ASSIGNED_CONTEXT ( ( #5150 ) ) GLOBAL_UNIT_ASSIGNED_CONTEXT ( ( #774, #6068, #8124 ) ) REPRESENTATION_CONTEXT ( 'NONE', 'WORKASPACE' ) );
#7872 = AXIS2_PLACEMENT_3D ( 'NONE', #2949, #3582, #8351 ) ;
#7873 = DIRECTION ( 'NONE',  ( -1.000000000000000000, 0.000000000000000000, 0.000000000000000000 ) ) ;
#7874 = ORIENTED_EDGE ( 'NONE', *, *, #4110, .T. ) ;
#7875 = DIRECTION ( 'NONE',  ( 0.000000000000000000, 0.000000000000000000, 1.000000000000000000 ) ) ;
#7876 = CARTESIAN_POINT ( 'NONE',  ( 2.175000000000000266, 0.3150000000000000022, 0.000000000000000000 ) ) ;
#7877 = VERTEX_POINT ( 'NONE', #5280 ) ;
#7878 = COLOUR_RGB ( '',0.5607843137254902022, 0.6470588235294117974, 0.6352941176470587870 ) ;
#7879 = SURFACE_SIDE_STYLE ('',( #7150 ) ) ;
#7880 =( NAMED_UNIT ( * ) SI_UNIT ( $, .STERADIAN. ) SOLID_ANGLE_UNIT ( ) );
#7881 = ORIENTED_EDGE ( 'NONE', *, *, #1816, .T. ) ;
#7882 = VERTEX_POINT ( 'NONE', #4714 ) ;
#7883 = UNCERTAINTY_MEASURE_WITH_UNIT (LENGTH_MEASURE( 1.000000000000000082E-05 ), #4720, 'distance_accuracy_value', 'NONE');
#7884 = STYLED_ITEM ( 'NONE', ( #7806 ), #8378 ) ;
#7885 = SURFACE_SIDE_STYLE ('',( #1802 ) ) ;
#7886 =( GEOMETRIC_REPRESENTATION_CONTEXT ( 3 ) GLOBAL_UNCERTAINTY_ASSIGNED_CONTEXT ( ( #2032 ) ) GLOBAL_UNIT_ASSIGNED_CONTEXT ( ( #3759, #5005, #5733 ) ) REPRESENTATION_CONTEXT ( 'NONE', 'WORKASPACE' ) );
#7887 = AXIS2_PLACEMENT_3D ( 'NONE', #1344, #3986, #6573 ) ;
#7888 = VECTOR ( 'NONE', #1579, 1000.000000000000000 ) ;
#7889 = ORIENTED_EDGE ( 'NONE', *, *, #8389, .T. ) ;
#7890 = CARTESIAN_POINT ( 'NONE',  ( 2.497963639411850512, -0.007963639411850471916, 7.345509090147042564 ) ) ;
#7891 = SURFACE_STYLE_FILL_AREA ( #8564 ) ;
#7892 = MECHANICAL_DESIGN_GEOMETRIC_PRESENTATION_REPRESENTATION (  '', ( #4349 ), #6743 ) ;
#7893 = SURFACE_STYLE_USAGE ( .BOTH. , #4350 ) ;
#7894 = UNCERTAINTY_MEASURE_WITH_UNIT (LENGTH_MEASURE( 1.000000000000000082E-05 ), #4013, 'distance_accuracy_value', 'NONE');
#7895 = STYLED_ITEM ( 'NONE', ( #7268 ), #4609 ) ;
#7896 = VECTOR ( 'NONE', #3773, 1000.000000000000000 ) ;
#7897 = CARTESIAN_POINT ( 'NONE',  ( -1.370000000000000107, 1.250000000000000000, -0.4000000000000014655 ) ) ;
#7898 = EDGE_CURVE ( 'NONE', #1203, #1603, #1124, .T. ) ;
#7899 = EDGE_CURVE ( 'NONE', #1178, #7102, #6636, .T. ) ;
#7900 = PRESENTATION_STYLE_ASSIGNMENT (( #7219 ) ) ;
#7901 = DIRECTION ( 'NONE',  ( 0.000000000000000000, 0.000000000000000000, 1.000000000000000000 ) ) ;
#7902 = DIRECTION ( 'NONE',  ( 1.000000000000000000, 0.000000000000000000, 0.000000000000000000 ) ) ;
#7903 = PRESENTATION_LAYER_ASSIGNMENT (  '', '', ( #4537 ) ) ;
#7904 =( NAMED_UNIT ( * ) SI_UNIT ( $, .STERADIAN. ) SOLID_ANGLE_UNIT ( ) );
#7905 = VERTEX_POINT ( 'NONE', #3369 ) ;
#7906 = CARTESIAN_POINT ( 'NONE',  ( -2.854999999999999982, 0.3150000000000000022, -5.440192378864675327 ) ) ;
#7907 = ORIENTED_EDGE ( 'NONE', *, *, #2995, .T. ) ;
#7908 = ORIENTED_EDGE ( 'NONE', *, *, #6792, .T. ) ;
#7909 =( GEOMETRIC_REPRESENTATION_CONTEXT ( 3 ) GLOBAL_UNCERTAINTY_ASSIGNED_CONTEXT ( ( #4111 ) ) GLOBAL_UNIT_ASSIGNED_CONTEXT ( ( #1755, #4302, #989 ) ) REPRESENTATION_CONTEXT ( 'NONE', 'WORKASPACE' ) );
#7910 = ADVANCED_FACE ( 'NONE', ( #2635 ), #2070, .F. ) ;
#7911 = PRESENTATION_STYLE_ASSIGNMENT (( #3209 ) ) ;
#7912 = ADVANCED_FACE ( 'NONE', ( #6830 ), #2271, .T. ) ;
#7913 = SURFACE_STYLE_FILL_AREA ( #7188 ) ;
#7914 = STYLED_ITEM ( 'NONE', ( #1545 ), #6043 ) ;
#7915 = EDGE_LOOP ( 'NONE', ( #7087, #4735, #8214, #352 ) ) ;
#7916 = SURFACE_STYLE_FILL_AREA ( #7233 ) ;
#7917 = LINE ( 'NONE', #6572, #4787 ) ;
#7918 = VECTOR ( 'NONE', #2086, 1000.000000000000000 ) ;
#7919 = ORIENTED_EDGE ( 'NONE', *, *, #2083, .F. ) ;
#7920 = EDGE_CURVE ( 'NONE', #8698, #2819, #8277, .T. ) ;
#7921 = STYLED_ITEM ( 'NONE', ( #7444 ), #1171 ) ;
#7922 = ORIENTED_EDGE ( 'NONE', *, *, #5720, .F. ) ;
#7923 = DIRECTION ( 'NONE',  ( 1.000000000000000000, 0.000000000000000000, 0.000000000000000000 ) ) ;
#7924 = PRESENTATION_STYLE_ASSIGNMENT (( #8592 ) ) ;
#7925 = UNCERTAINTY_MEASURE_WITH_UNIT (LENGTH_MEASURE( 1.000000000000000082E-05 ), #6734, 'distance_accuracy_value', 'NONE');
#7926 = FILL_AREA_STYLE ('',( #2933 ) ) ;
#7927 = DIRECTION ( 'NONE',  ( -0.7071067811865474617, -0.7071067811865474617, 0.000000000000000000 ) ) ;
#7928 = EDGE_LOOP ( 'NONE', ( #3217, #7052, #7235, #927, #2433, #4780, #7162, #4964, #8003, #139 ) ) ;
#7929 =( GEOMETRIC_REPRESENTATION_CONTEXT ( 3 ) GLOBAL_UNCERTAINTY_ASSIGNED_CONTEXT ( ( #3110 ) ) GLOBAL_UNIT_ASSIGNED_CONTEXT ( ( #2649, #4838, #2061 ) ) REPRESENTATION_CONTEXT ( 'NONE', 'WORKASPACE' ) );
#7930 = ORIENTED_EDGE ( 'NONE', *, *, #2222, .T. ) ;
#7931 = PRESENTATION_STYLE_ASSIGNMENT (( #5145 ) ) ;
#7932 = STYLED_ITEM ( 'NONE', ( #2075 ), #208 ) ;
#7933 = ORIENTED_EDGE ( 'NONE', *, *, #3916, .T. ) ;
#7934 = FILL_AREA_STYLE ('',( #6553 ) ) ;
#7935 = CARTESIAN_POINT ( 'NONE',  ( 0.2150000000000000244, -0.3150000000000000022, 6.140192378864673728 ) ) ;
#7936 = VERTEX_POINT ( 'NONE', #8327 ) ;
#7937 = CARTESIAN_POINT ( 'NONE',  ( 0.2650000000000000688, 0.2650000000000000133, -5.440192378864675327 ) ) ;
#7938 = CARTESIAN_POINT ( 'NONE',  ( 0.9966666666666691432, 3.216666666666669006, 1.966666666666676555 ) ) ;
#7939 = FACE_OUTER_BOUND ( 'NONE', #346, .T. ) ;
#7940 =( BOUNDED_CURVE ( )  B_SPLINE_CURVE ( 3, ( #2497, #3066, #5790, #1225 ),
 .UNSPECIFIED., .F., .T. ) 
 B_SPLINE_CURVE_WITH_KNOTS ( ( 4, 4 ),
 ( 2.356194490192345281, 3.141592653589793116 ),
 .UNSPECIFIED. ) 
 CURVE ( )  GEOMETRIC_REPRESENTATION_ITEM ( )  RATIONAL_B_SPLINE_CURVE ( ( 1.000000000000000000, 0.9492530216741912330, 0.9492530216741912330, 1.000000000000000000 ) ) 
 REPRESENTATION_ITEM ( '' )  );
#7941 =( NAMED_UNIT ( * ) SI_UNIT ( $, .STERADIAN. ) SOLID_ANGLE_UNIT ( ) );
#7942 = ORIENTED_EDGE ( 'NONE', *, *, #1524, .F. ) ;
#7943 = PRESENTATION_STYLE_ASSIGNMENT (( #6021 ) ) ;
#7944 = ADVANCED_FACE ( 'NONE', ( #2216 ), #2149, .F. ) ;
#7945 = FILL_AREA_STYLE_COLOUR ( '', #1845 ) ;
#7946 = SURFACE_STYLE_USAGE ( .BOTH. , #6379 ) ;
#7947 = DIRECTION ( 'NONE',  ( 0.000000000000000000, 0.000000000000000000, -1.000000000000000000 ) ) ;
#7948 = ORIENTED_EDGE ( 'NONE', *, *, #6362, .F. ) ;
#7949 = VERTEX_POINT ( 'NONE', #4482 ) ;
#7950 = CARTESIAN_POINT ( 'NONE',  ( 0.8699999999999996625, 1.250000000000000000, -2.799999999999999822 ) ) ;
#7951 = ORIENTED_EDGE ( 'NONE', *, *, #4110, .F. ) ;
#7952 = COLOUR_RGB ( '',0.5607843137254902022, 0.6470588235294117974, 0.6352941176470587870 ) ;
#7953 = LINE ( 'NONE', #7377, #2753 ) ;
#7954 = EDGE_LOOP ( 'NONE', ( #4700, #3761, #2473, #7346, #7228, #302, #699, #4627 ) ) ;
#7955 = FILL_AREA_STYLE ('',( #6696 ) ) ;
#7956 = ADVANCED_FACE ( 'NONE', ( #2348 ), #7728, .F. ) ;
#7957 = EDGE_CURVE ( 'NONE', #7208, #1825, #7002, .T. ) ;
#7958 = CARTESIAN_POINT ( 'NONE',  ( -3.636666666666669379, -3.216666666666669006, 1.966666666666676555 ) ) ;
#7959 = LINE ( 'NONE', #7279, #5605 ) ;
#7960 = VERTEX_POINT ( 'NONE', #8459 ) ;
#7961 = VECTOR ( 'NONE', #3953, 1000.000000000000000 ) ;
#7962 = VECTOR ( 'NONE', #7030, 1000.000000000000000 ) ;
#7963 = PLANE ( 'NONE',  #4559 ) ;
#7964 = SURFACE_SIDE_STYLE ('',( #1253 ) ) ;
#7965 = VERTEX_POINT ( 'NONE', #4388 ) ;
#7966 =( LENGTH_UNIT ( ) NAMED_UNIT ( * ) SI_UNIT ( .MILLI., .METRE. ) );
#7967 = ADVANCED_FACE ( 'NONE', ( #2400 ), #5088, .F. ) ;
#7968 = COLOUR_RGB ( '',0.8509803921568627194, 0.8509803921568627194, 0.8509803921568627194 ) ;
#7969 = LINE ( 'NONE', #1256, #5730 ) ;
#7970 =( GEOMETRIC_REPRESENTATION_CONTEXT ( 3 ) GLOBAL_UNCERTAINTY_ASSIGNED_CONTEXT ( ( #7697 ) ) GLOBAL_UNIT_ASSIGNED_CONTEXT ( ( #6845, #775, #2815 ) ) REPRESENTATION_CONTEXT ( 'NONE', 'WORKASPACE' ) );
#7971 = EDGE_CURVE ( 'NONE', #4484, #466, #2962, .T. ) ;
#7972 = DIRECTION ( 'NONE',  ( 0.000000000000000000, 1.000000000000000000, 0.000000000000000000 ) ) ;
#7973 = DIRECTION ( 'NONE',  ( 0.000000000000000000, -0.9659258262890675351, 0.2588190451025238481 ) ) ;
#7974 = DIRECTION ( 'NONE',  ( 0.000000000000000000, -1.000000000000000000, 0.000000000000000000 ) ) ;
#7975 = ORIENTED_EDGE ( 'NONE', *, *, #934, .T. ) ;
#7976 = UNCERTAINTY_MEASURE_WITH_UNIT (LENGTH_MEASURE( 1.000000000000000082E-05 ), #580, 'distance_accuracy_value', 'NONE');
#7977 = STYLED_ITEM ( 'NONE', ( #8076 ), #2280 ) ;
#7978 = CARTESIAN_POINT ( 'NONE',  ( -2.274999999999999911, 0.2650000000000000133, 6.140192378864673728 ) ) ;
#7979 = ORIENTED_EDGE ( 'NONE', *, *, #1372, .F. ) ;
#7980 = SURFACE_STYLE_FILL_AREA ( #7934 ) ;
#7981 = CARTESIAN_POINT ( 'NONE',  ( -1.670000000000000373, 1.250000000000000000, -2.799999999999999822 ) ) ;
#7982 = ORIENTED_EDGE ( 'NONE', *, *, #8718, .T. ) ;
#7983 = CARTESIAN_POINT ( 'NONE',  ( 2.768438055103234596, 0.3150000000000000022, 6.140192378864673728 ) ) ;
#7984 = UNCERTAINTY_MEASURE_WITH_UNIT (LENGTH_MEASURE( 1.000000000000000082E-05 ), #5346, 'distance_accuracy_value', 'NONE');
#7985 = DIRECTION ( 'NONE',  ( -0.7071067811865463515, 0.000000000000000000, 0.7071067811865487940 ) ) ;
#7986 = ORIENTED_EDGE ( 'NONE', *, *, #1710, .F. ) ;
#7987 = MECHANICAL_DESIGN_GEOMETRIC_PRESENTATION_REPRESENTATION (  '', ( #1070 ), #3737 ) ;
#7988 = DIRECTION ( 'NONE',  ( 0.000000000000000000, 1.000000000000000000, -0.000000000000000000 ) ) ;
#7989 = EDGE_CURVE ( 'NONE', #892, #7, #8310, .T. ) ;
#7990 = FILL_AREA_STYLE ('',( #7945 ) ) ;
#7991 = FACE_OUTER_BOUND ( 'NONE', #114, .T. ) ;
#7992 = DIRECTION ( 'NONE',  ( 1.000000000000000000, 0.000000000000000000, 0.000000000000000000 ) ) ;
#7993 = UNCERTAINTY_MEASURE_WITH_UNIT (LENGTH_MEASURE( 1.000000000000000082E-05 ), #4446, 'distance_accuracy_value', 'NONE');
#7994 =( NAMED_UNIT ( * ) PLANE_ANGLE_UNIT ( ) SI_UNIT ( $, .RADIAN. ) );
#7995 = ORIENTED_EDGE ( 'NONE', *, *, #6139, .T. ) ;
#7996 = EDGE_LOOP ( 'NONE', ( #5408, #6915, #7404, #314 ) ) ;
#7997 = SURFACE_SIDE_STYLE ('',( #5301 ) ) ;
#7998 =( BOUNDED_CURVE ( )  B_SPLINE_CURVE ( 3, ( #7865, #1838, #5862, #4029 ),
 .UNSPECIFIED., .F., .T. ) 
 B_SPLINE_CURVE_WITH_KNOTS ( ( 4, 4 ),
 ( 3.141592653589793116, 3.926990816987246724 ),
 .UNSPECIFIED. ) 
 CURVE ( )  GEOMETRIC_REPRESENTATION_ITEM ( )  RATIONAL_B_SPLINE_CURVE ( ( 1.000000000000000000, 0.9492530216741903448, 0.9492530216741903448, 1.000000000000000000 ) ) 
 REPRESENTATION_ITEM ( '' )  );
#7999 =( LENGTH_UNIT ( ) NAMED_UNIT ( * ) SI_UNIT ( .MILLI., .METRE. ) );
#8000 = FILL_AREA_STYLE_COLOUR ( '', #1095 ) ;
#8001 =( GEOMETRIC_REPRESENTATION_CONTEXT ( 3 ) GLOBAL_UNCERTAINTY_ASSIGNED_CONTEXT ( ( #845 ) ) GLOBAL_UNIT_ASSIGNED_CONTEXT ( ( #2868, #2199, #7573 ) ) REPRESENTATION_CONTEXT ( 'NONE', 'WORKASPACE' ) );
#8002 = SURFACE_STYLE_USAGE ( .BOTH. , #8092 ) ;
#8003 = ORIENTED_EDGE ( 'NONE', *, *, #4967, .F. ) ;
#8004 = PLANE ( 'NONE',  #7154 ) ;
#8005 = SURFACE_STYLE_FILL_AREA ( #5955 ) ;
#8006 = VECTOR ( 'NONE', #2496, 1000.000000000000000 ) ;
#8007 = SURFACE_SIDE_STYLE ('',( #3856 ) ) ;
#8008 = EDGE_CURVE ( 'NONE', #8542, #6835, #5119, .T. ) ;
#8009 = ADVANCED_FACE ( 'NONE', ( #2168 ), #4943, .T. ) ;
#8010 = UNCERTAINTY_MEASURE_WITH_UNIT (LENGTH_MEASURE( 1.000000000000000082E-05 ), #5385, 'distance_accuracy_value', 'NONE');
#8011 = ORIENTED_EDGE ( 'NONE', *, *, #8616, .T. ) ;
#8012 = CARTESIAN_POINT ( 'NONE',  ( 2.754999999999999893, -0.2650000000000000133, -2.500000000000000000 ) ) ;
#8013 = COLOUR_RGB ( '',0.8509803921568627194, 0.8509803921568627194, 0.8509803921568627194 ) ;
#8014 = CARTESIAN_POINT ( 'NONE',  ( -2.325000000000000178, -0.3150000000000000022, -5.440192378864675327 ) ) ;
#8015 = ORIENTED_EDGE ( 'NONE', *, *, #1890, .T. ) ;
#8016 =( NAMED_UNIT ( * ) PLANE_ANGLE_UNIT ( ) SI_UNIT ( $, .RADIAN. ) );
#8017 = CARTESIAN_POINT ( 'NONE',  ( -3.810000000000000053, 0.9500000000000001776, -2.499999999999998668 ) ) ;
#8018 = ORIENTED_EDGE ( 'NONE', *, *, #6252, .T. ) ;
#8019 = VECTOR ( 'NONE', #4314, 1000.000000000000000 ) ;
#8020 = EDGE_CURVE ( 'NONE', #4285, #5930, #6948, .T. ) ;
#8021 = COLOUR_RGB ( '',0.5607843137254902022, 0.6470588235294117974, 0.6352941176470587870 ) ;
#8022 = UNCERTAINTY_MEASURE_WITH_UNIT (LENGTH_MEASURE( 1.000000000000000082E-05 ), #5011, 'distance_accuracy_value', 'NONE');
#8023 = MECHANICAL_DESIGN_GEOMETRIC_PRESENTATION_REPRESENTATION (  '', ( #2365 ), #550 ) ;
#8024 = VERTEX_POINT ( 'NONE', #244 ) ;
#8025 =( NAMED_UNIT ( * ) SI_UNIT ( $, .STERADIAN. ) SOLID_ANGLE_UNIT ( ) );
#8026 = AXIS2_PLACEMENT_3D ( 'NONE', #6245, #204, #7666 ) ;
#8027 = SURFACE_STYLE_USAGE ( .BOTH. , #2638 ) ;
#8028 = COLOUR_RGB ( '',0.8509803921568627194, 0.8509803921568627194, 0.8509803921568627194 ) ;
#8029 = DIRECTION ( 'NONE',  ( 0.5773502691896251759, 0.5773502691896251759, 0.5773502691896270633 ) ) ;
#8030 =( GEOMETRIC_REPRESENTATION_CONTEXT ( 3 ) GLOBAL_UNCERTAINTY_ASSIGNED_CONTEXT ( ( #6829 ) ) GLOBAL_UNIT_ASSIGNED_CONTEXT ( ( #5562, #6403, #7101 ) ) REPRESENTATION_CONTEXT ( 'NONE', 'WORKASPACE' ) );
#8031 = CARTESIAN_POINT ( 'NONE',  ( -2.325000000000000178, -0.3150000000000000022, -0.8909545442950493888 ) ) ;
#8032 = VECTOR ( 'NONE', #205, 1000.000000000000227 ) ;
#8033 = FILL_AREA_STYLE ('',( #8081 ) ) ;
#8034 = AXIS2_PLACEMENT_3D ( 'NONE', #4795, #21, #1949 ) ;
#8035 = CARTESIAN_POINT ( 'NONE',  ( 2.325000000000000178, 0.000000000000000000, 6.700000000000000178 ) ) ;
#8036 = CARTESIAN_POINT ( 'NONE',  ( 2.754999999999999893, 0.2650000000000000133, -0.8909545442950493888 ) ) ;
#8038 = LINE ( 'NONE', #1234, #7571 ) ;
#8037 = VECTOR ( 'NONE', #1779, 1000.000000000000000 ) ;
#8039 = CIRCLE ( 'NONE', #4657, 0.05000000000000002359 ) ;
#8040 =( LENGTH_UNIT ( ) NAMED_UNIT ( * ) SI_UNIT ( .MILLI., .METRE. ) );
#8041 = DIRECTION ( 'NONE',  ( 1.000000000000000000, 0.000000000000000000, 0.000000000000000000 ) ) ;
#8042 = VECTOR ( 'NONE', #6206, 1000.000000000000000 ) ;
#8043 = ORIENTED_EDGE ( 'NONE', *, *, #1752, .T. ) ;
#8044 = ORIENTED_EDGE ( 'NONE', *, *, #1158, .T. ) ;
#8045 = VECTOR ( 'NONE', #8692, 1000.000000000000114 ) ;
#8046 = CARTESIAN_POINT ( 'NONE',  ( -3.810000000000000053, -0.9499999999999999556, -1.000000000000000000 ) ) ;
#8047 = MECHANICAL_DESIGN_GEOMETRIC_PRESENTATION_REPRESENTATION (  '', ( #6878 ), #1274 ) ;
#8048 = VECTOR ( 'NONE', #7110, 1000.000000000000000 ) ;
#8049 = FACE_OUTER_BOUND ( 'NONE', #6036, .T. ) ;
#8050 = VECTOR ( 'NONE', #2062, 1000.000000000000000 ) ;
#8051 = FACE_OUTER_BOUND ( 'NONE', #4044, .T. ) ;
#8052 = FACE_OUTER_BOUND ( 'NONE', #8373, .T. ) ;
#8053 = ORIENTED_EDGE ( 'NONE', *, *, #7989, .F. ) ;
#8054 =( NAMED_UNIT ( * ) SI_UNIT ( $, .STERADIAN. ) SOLID_ANGLE_UNIT ( ) );
#8055 = CARTESIAN_POINT ( 'NONE',  ( -1.270000000000000240, 0.8499999999999998668, 6.699999999999999289 ) ) ;
#8056 = LINE ( 'NONE', #7380, #4351 ) ;
#8057 =( GEOMETRIC_REPRESENTATION_CONTEXT ( 3 ) GLOBAL_UNCERTAINTY_ASSIGNED_CONTEXT ( ( #4894 ) ) GLOBAL_UNIT_ASSIGNED_CONTEXT ( ( #360, #2408, #2789 ) ) REPRESENTATION_CONTEXT ( 'NONE', 'WORKASPACE' ) );
#8058 = AXIS2_PLACEMENT_3D ( 'NONE', #1126, #503, #2534 ) ;
#8059 = PRESENTATION_STYLE_ASSIGNMENT (( #2060 ) ) ;
#8060 = MECHANICAL_DESIGN_GEOMETRIC_PRESENTATION_REPRESENTATION (  '', ( #8482 ), #3962 ) ;
#8061 = FILL_AREA_STYLE_COLOUR ( '', #7502 ) ;
#8062 = DIRECTION ( 'NONE',  ( 0.7071067811865475727, -0.7071067811865475727, 0.000000000000000000 ) ) ;
#8063 = ORIENTED_EDGE ( 'NONE', *, *, #1259, .F. ) ;
#8064 = CARTESIAN_POINT ( 'NONE',  ( -1.270000000000000240, 1.250000000000000000, -2.499999999999998668 ) ) ;
#8065 =( NAMED_UNIT ( * ) PLANE_ANGLE_UNIT ( ) SI_UNIT ( $, .RADIAN. ) );
#8066 =( LENGTH_UNIT ( ) NAMED_UNIT ( * ) SI_UNIT ( .MILLI., .METRE. ) );
#8067 = EDGE_CURVE ( 'NONE', #5201, #1464, #4321, .T. ) ;
#8068 = EDGE_CURVE ( 'NONE', #3735, #800, #6906, .T. ) ;
#8069 = CARTESIAN_POINT ( 'NONE',  ( 1.570000000000000284, -1.250000000000000000, 0.000000000000000000 ) ) ;
#8070 = ORIENTED_EDGE ( 'NONE', *, *, #1427, .T. ) ;
#8071 = UNCERTAINTY_MEASURE_WITH_UNIT (LENGTH_MEASURE( 1.000000000000000082E-05 ), #2997, 'distance_accuracy_value', 'NONE');
#8072 = DIRECTION ( 'NONE',  ( 0.000000000000000000, -1.000000000000000000, 0.000000000000000000 ) ) ;
#8073 = PRESENTATION_LAYER_ASSIGNMENT (  '', '', ( #2709 ) ) ;
#8074 = VECTOR ( 'NONE', #1769, 1000.000000000000000 ) ;
#8075 = CARTESIAN_POINT ( 'NONE',  ( -2.905000000000000249, -0.2650000000000000133, 6.140192378864673728 ) ) ;
#8076 = PRESENTATION_STYLE_ASSIGNMENT (( #7258 ) ) ;
#8077 = EDGE_CURVE ( 'NONE', #6500, #5240, #5546, .T. ) ;
#8078 = ADVANCED_FACE ( 'NONE', ( #3466 ), #6438, .T. ) ;
#8079 =( LENGTH_UNIT ( ) NAMED_UNIT ( * ) SI_UNIT ( .MILLI., .METRE. ) );
#8080 = PRESENTATION_LAYER_ASSIGNMENT (  '', '', ( #151 ) ) ;
#8081 = FILL_AREA_STYLE_COLOUR ( '', #1811 ) ;
#8082 =( GEOMETRIC_REPRESENTATION_CONTEXT ( 3 ) GLOBAL_UNCERTAINTY_ASSIGNED_CONTEXT ( ( #5654 ) ) GLOBAL_UNIT_ASSIGNED_CONTEXT ( ( #2643, #3331, #4091 ) ) REPRESENTATION_CONTEXT ( 'NONE', 'WORKASPACE' ) );
#8083 = PLANE ( 'NONE',  #3405 ) ;
#8084 = CARTESIAN_POINT ( 'NONE',  ( 2.325000000000000178, 0.1650000000000000633, -6.000000000000000000 ) ) ;
#8085 = EDGE_CURVE ( 'NONE', #5265, #8504, #5773, .T. ) ;
#8086 = PRESENTATION_STYLE_ASSIGNMENT (( #3380 ) ) ;
#8087 = PLANE ( 'NONE',  #628 ) ;
#8088 = ORIENTED_EDGE ( 'NONE', *, *, #4109, .F. ) ;
#8089 = CARTESIAN_POINT ( 'NONE',  ( 1.269999999999999352, 0.9499999999999999556, -0.9899999999999999911 ) ) ;
#8090 = DIRECTION ( 'NONE',  ( -0.000000000000000000, -0.000000000000000000, -1.000000000000000000 ) ) ;
#8091 = DIRECTION ( 'NONE',  ( 1.000000000000000000, 0.000000000000000000, 0.000000000000000000 ) ) ;
#8092 = SURFACE_SIDE_STYLE ('',( #5307 ) ) ;
#8093 = ORIENTED_EDGE ( 'NONE', *, *, #5451, .T. ) ;
#8094 = SURFACE_SIDE_STYLE ('',( #5429 ) ) ;
#8095 = DIRECTION ( 'NONE',  ( 0.000000000000000000, 0.000000000000000000, 1.000000000000000000 ) ) ;
#8096 = DIRECTION ( 'NONE',  ( 0.000000000000000000, 0.000000000000000000, 1.000000000000000000 ) ) ;
#8097 = EDGE_CURVE ( 'NONE', #2726, #1064, #7917, .T. ) ;
#8098 = CARTESIAN_POINT ( 'NONE',  ( 0.9966666666666689212, -3.216666666666669006, 1.966666666666676555 ) ) ;
#8099 = CARTESIAN_POINT ( 'NONE',  ( -2.905000000000000249, -0.2650000000000000133, -2.500000000000000000 ) ) ;
#8100 = FILL_AREA_STYLE ('',( #592 ) ) ;
#8101 = CARTESIAN_POINT ( 'NONE',  ( 2.175000000000000266, 0.2650000000000000133, -2.500000000000000000 ) ) ;
#8102 =( NAMED_UNIT ( * ) PLANE_ANGLE_UNIT ( ) SI_UNIT ( $, .RADIAN. ) );
#8103 = EDGE_CURVE ( 'NONE', #3471, #6278, #8583, .T. ) ;
#8104 = VECTOR ( 'NONE', #3812, 1000.000000000000000 ) ;
#8105 = DIRECTION ( 'NONE',  ( -0.000000000000000000, -1.000000000000000000, -0.000000000000000000 ) ) ;
#8106 = ORIENTED_EDGE ( 'NONE', *, *, #627, .T. ) ;
#8107 = PRESENTATION_STYLE_ASSIGNMENT (( #5402 ) ) ;
#8108 = UNCERTAINTY_MEASURE_WITH_UNIT (LENGTH_MEASURE( 1.000000000000000082E-05 ), #6676, 'distance_accuracy_value', 'NONE');
#8109 = FILL_AREA_STYLE ('',( #3284 ) ) ;
#8110 = EDGE_CURVE ( 'NONE', #4285, #4128, #40, .T. ) ;
#8111 = CARTESIAN_POINT ( 'NONE',  ( -2.400384757728999841, -1.250000000000000000, -1.800000000000000044 ) ) ;
#8112 =( GEOMETRIC_REPRESENTATION_CONTEXT ( 3 ) GLOBAL_UNCERTAINTY_ASSIGNED_CONTEXT ( ( #7993 ) ) GLOBAL_UNIT_ASSIGNED_CONTEXT ( ( #4446, #315, #3767 ) ) REPRESENTATION_CONTEXT ( 'NONE', 'WORKASPACE' ) );
#8113 = SURFACE_SIDE_STYLE ('',( #4868 ) ) ;
#8114 = CARTESIAN_POINT ( 'NONE',  ( 1.269999999999999574, -0.9499999999999995115, -0.3000000000000001554 ) ) ;
#8115 = SURFACE_SIDE_STYLE ('',( #679 ) ) ;
#8116 = PLANE ( 'NONE',  #2966 ) ;
#8117 = PRESENTATION_LAYER_ASSIGNMENT (  '', '', ( #6815 ) ) ;
#8118 =( NAMED_UNIT ( * ) PLANE_ANGLE_UNIT ( ) SI_UNIT ( $, .RADIAN. ) );
#8119 =( LENGTH_UNIT ( ) NAMED_UNIT ( * ) SI_UNIT ( .MILLI., .METRE. ) );
#8120 = ADVANCED_FACE ( 'NONE', ( #1889 ), #2441, .T. ) ;
#8121 = EDGE_CURVE ( 'NONE', #2930, #4587, #3139, .T. ) ;
#8122 =( LENGTH_UNIT ( ) NAMED_UNIT ( * ) SI_UNIT ( .MILLI., .METRE. ) );
#8123 = CARTESIAN_POINT ( 'NONE',  ( -2.274999999999999911, -0.2650000000000000133, -1.609045455704950278 ) ) ;
#8124 =( NAMED_UNIT ( * ) SI_UNIT ( $, .STERADIAN. ) SOLID_ANGLE_UNIT ( ) );
#8125 = FILL_AREA_STYLE_COLOUR ( '', #4153 ) ;
#8126 = SURFACE_STYLE_USAGE ( .BOTH. , #616 ) ;
#8127 = ORIENTED_EDGE ( 'NONE', *, *, #8085, .F. ) ;
#8128 = PRESENTATION_STYLE_ASSIGNMENT (( #6076 ) ) ;
#8129 = ADVANCED_FACE ( 'NONE', ( #3700 ), #6389, .F. ) ;
#8130 = EDGE_CURVE ( 'NONE', #7225, #5557, #1421, .T. ) ;
#8131 = CARTESIAN_POINT ( 'NONE',  ( 2.790355339059327644, -0.3003553390593272643, -5.494846997554885704 ) ) ;
#8132 = DIRECTION ( 'NONE',  ( -0.5773502691896251759, 0.5773502691896251759, -0.5773502691896270633 ) ) ;
#8133 = VERTEX_POINT ( 'NONE', #8759 ) ;
#8134 = FACE_OUTER_BOUND ( 'NONE', #385, .T. ) ;
#8135 =( NAMED_UNIT ( * ) SI_UNIT ( $, .STERADIAN. ) SOLID_ANGLE_UNIT ( ) );
#8136 = SURFACE_STYLE_FILL_AREA ( #1248 ) ;
#8137 = DIRECTION ( 'NONE',  ( -0.5773502691896251759, 0.5773502691896251759, -0.5773502691896270633 ) ) ;
#8138 = FACE_OUTER_BOUND ( 'NONE', #6481, .T. ) ;
#8139 = CARTESIAN_POINT ( 'NONE',  ( -2.854999999999999982, 0.3150000000000000022, 6.140192378864673728 ) ) ;
#8140 =( NAMED_UNIT ( * ) PLANE_ANGLE_UNIT ( ) SI_UNIT ( $, .RADIAN. ) );
#8141 =( LENGTH_UNIT ( ) NAMED_UNIT ( * ) SI_UNIT ( .MILLI., .METRE. ) );
#8142 = CARTESIAN_POINT ( 'NONE',  ( -1.319999999999999618, 0.8999999999999982458, -0.3500000000000016431 ) ) ;
#8143 = VECTOR ( 'NONE', #1092, 1000.000000000000000 ) ;
#8144 = VERTEX_POINT ( 'NONE', #5393 ) ;
#8145 = ORIENTED_EDGE ( 'NONE', *, *, #2388, .F. ) ;
#8146 = UNCERTAINTY_MEASURE_WITH_UNIT (LENGTH_MEASURE( 1.000000000000000082E-05 ), #7191, 'distance_accuracy_value', 'NONE');
#8147 = DIRECTION ( 'NONE',  ( -0.7071067811865474617, -0.7071067811865474617, 0.000000000000000000 ) ) ;
#8148 = CARTESIAN_POINT ( 'NONE',  ( -2.325000000000000178, -0.2650000000000000133, -2.500000000000000000 ) ) ;
#8149 = PRESENTATION_LAYER_ASSIGNMENT (  '', '', ( #8284 ) ) ;
#8150 = ORIENTED_EDGE ( 'NONE', *, *, #1107, .T. ) ;
#8151 = DIRECTION ( 'NONE',  ( 0.000000000000000000, -1.000000000000000000, 0.000000000000000000 ) ) ;
#8152 =( NAMED_UNIT ( * ) SI_UNIT ( $, .STERADIAN. ) SOLID_ANGLE_UNIT ( ) );
#8153 = UNCERTAINTY_MEASURE_WITH_UNIT (LENGTH_MEASURE( 1.000000000000000082E-05 ), #248, 'distance_accuracy_value', 'NONE');
#8154 = CARTESIAN_POINT ( 'NONE',  ( -2.739999999999996660, 0.7500000000000000000, -3.869999999999999662 ) ) ;
#8155 = AXIS2_PLACEMENT_3D ( 'NONE', #2893, #8276, #2215 ) ;
#8156 = DIRECTION ( 'NONE',  ( -0.000000000000000000, -0.000000000000000000, -1.000000000000000000 ) ) ;
#8157 = MECHANICAL_DESIGN_GEOMETRIC_PRESENTATION_REPRESENTATION (  '', ( #8727 ), #4637 ) ;
#8158 = DIRECTION ( 'NONE',  ( 1.000000000000000000, 0.000000000000000000, -0.000000000000000000 ) ) ;
#8159 = AXIS2_PLACEMENT_3D ( 'NONE', #71, #1426, #4025 ) ;
#8160 = SURFACE_STYLE_USAGE ( .BOTH. , #5567 ) ;
#8161 = DIRECTION ( 'NONE',  ( 0.2505628070857336409, 0.2505628070857336409, -0.9351131265310282936 ) ) ;
#8162 = FACE_OUTER_BOUND ( 'NONE', #6533, .T. ) ;
#8163 = ORIENTED_EDGE ( 'NONE', *, *, #5087, .F. ) ;
#8164 = LINE ( 'NONE', #4801, #4844 ) ;
#8165 = VECTOR ( 'NONE', #2888, 1000.000000000000000 ) ;
#8166 = DIRECTION ( 'NONE',  ( 0.7071067811865463515, 0.000000000000000000, -0.7071067811865487940 ) ) ;
#8167 = EDGE_CURVE ( 'NONE', #7936, #579, #3938, .T. ) ;
#8168 = ORIENTED_EDGE ( 'NONE', *, *, #4308, .T. ) ;
#8169 = EDGE_CURVE ( 'NONE', #2886, #4620, #5310, .T. ) ;
#8170 = FILL_AREA_STYLE_COLOUR ( '', #7189 ) ;
#8171 = VECTOR ( 'NONE', #3431, 1000.000000000000000 ) ;
#8172 =( GEOMETRIC_REPRESENTATION_CONTEXT ( 3 ) GLOBAL_UNCERTAINTY_ASSIGNED_CONTEXT ( ( #8305 ) ) GLOBAL_UNIT_ASSIGNED_CONTEXT ( ( #7563, #857, #3573 ) ) REPRESENTATION_CONTEXT ( 'NONE', 'WORKASPACE' ) );
#8173 = CIRCLE ( 'NONE', #3487, 0.05000000000000012768 ) ;
#8174 = PRESENTATION_LAYER_ASSIGNMENT (  '', '', ( #3219 ) ) ;
#8175 = SURFACE_SIDE_STYLE ('',( #7458 ) ) ;
#8176 = ORIENTED_EDGE ( 'NONE', *, *, #1491, .T. ) ;
#8177 = COLOUR_RGB ( '',0.5607843137254902022, 0.6470588235294117974, 0.6352941176470587870 ) ;
#8178 = SURFACE_SIDE_STYLE ('',( #1634 ) ) ;
#8179 = CARTESIAN_POINT ( 'NONE',  ( -3.810000000000000053, 0.9499999999999999556, -0.9899999999999999911 ) ) ;
#8180 = DIRECTION ( 'NONE',  ( 0.7071067811865463515, 0.000000000000000000, 0.7071067811865487940 ) ) ;
#8181 = EDGE_CURVE ( 'NONE', #5716, #5282, #1343, .T. ) ;
#8182 = STYLED_ITEM ( 'NONE', ( #8213 ), #5348 ) ;
#8183 = PRESENTATION_LAYER_ASSIGNMENT (  '', '', ( #7895 ) ) ;
#8184 = VECTOR ( 'NONE', #823, 1000.000000000000000 ) ;
#8185 = VECTOR ( 'NONE', #7036, 999.9999999999998863 ) ;
#8186 = UNCERTAINTY_MEASURE_WITH_UNIT (LENGTH_MEASURE( 1.000000000000000082E-05 ), #4426, 'distance_accuracy_value', 'NONE');
#8187 = PLANE ( 'NONE',  #7193 ) ;
#8188 = CARTESIAN_POINT ( 'NONE',  ( -3.810000000000000053, -1.250000000000000000, 0.000000000000000000 ) ) ;
#8189 = VECTOR ( 'NONE', #3486, 1000.000000000000000 ) ;
#8190 = LINE ( 'NONE', #4899, #3806 ) ;
#8191 = LINE ( 'NONE', #6127, #6297 ) ;
#8192 = DIRECTION ( 'NONE',  ( 0.000000000000000000, 1.000000000000000000, 0.000000000000000000 ) ) ;
#8193 = ORIENTED_EDGE ( 'NONE', *, *, #3444, .F. ) ;
#8194 = ORIENTED_EDGE ( 'NONE', *, *, #452, .F. ) ;
#8195 = VECTOR ( 'NONE', #3046, 1000.000000000000000 ) ;
#8196 = FILL_AREA_STYLE_COLOUR ( '', #2976 ) ;
#8197 = SURFACE_STYLE_FILL_AREA ( #8324 ) ;
#8198 = MECHANICAL_DESIGN_GEOMETRIC_PRESENTATION_REPRESENTATION (  '', ( #704 ), #8763 ) ;
#8199 = FILL_AREA_STYLE ('',( #1482 ) ) ;
#8200 = VECTOR ( 'NONE', #6414, 1000.000000000000000 ) ;
#8201 = DIRECTION ( 'NONE',  ( 0.7071067811865474617, 0.7071067811865474617, 0.000000000000000000 ) ) ;
#8202 = CARTESIAN_POINT ( 'NONE',  ( 2.805000000000000160, -0.3150000000000000022, 0.000000000000000000 ) ) ;
#8203 = MECHANICAL_DESIGN_GEOMETRIC_PRESENTATION_REPRESENTATION (  '', ( #2413 ), #4 ) ;
#8204 = SURFACE_STYLE_USAGE ( .BOTH. , #5487 ) ;
#8205 = STYLED_ITEM ( 'NONE', ( #2531 ), #6326 ) ;
#8206 = FACE_OUTER_BOUND ( 'NONE', #2088, .T. ) ;
#8207 = CARTESIAN_POINT ( 'NONE',  ( -2.425000000000000266, -0.1650000000000000633, 6.700000000000000178 ) ) ;
#8208 = CARTESIAN_POINT ( 'NONE',  ( -0.3649999999999998801, 0.3150000000000000022, 6.140192378864673728 ) ) ;
#8209 = PLANE ( 'NONE',  #7245 ) ;
#8210 = CARTESIAN_POINT ( 'NONE',  ( 2.175000000000000266, 0.2650000000000000133, -0.8909545442950493888 ) ) ;
#8211 = COLOUR_RGB ( '',0.9686274509803921573, 0.8784313725490195957, 0.5999999999999999778 ) ;
#8212 = DIRECTION ( 'NONE',  ( -0.7071067811865475727, 0.7071067811865475727, 0.000000000000000000 ) ) ;
#8213 = PRESENTATION_STYLE_ASSIGNMENT (( #6848 ) ) ;
#8214 = ORIENTED_EDGE ( 'NONE', *, *, #3407, .T. ) ;
#8215 = VECTOR ( 'NONE', #8528, 1000.000000000000000 ) ;
#8216 = CARTESIAN_POINT ( 'NONE',  ( -1.320000000000000284, 1.250000000000000000, -0.3500000000000014766 ) ) ;
#8217 = CARTESIAN_POINT ( 'NONE',  ( -2.425000000000000266, 0.000000000000000000, -6.000000000000000000 ) ) ;
#8218 = CARTESIAN_POINT ( 'NONE',  ( 1.219999999999999973, 0.8999999999999998002, 6.699999999999999289 ) ) ;
#8219 = SURFACE_STYLE_FILL_AREA ( #4760 ) ;
#8220 = ADVANCED_FACE ( 'NONE', ( #6697 ), #8004, .F. ) ;
#8221 = DIRECTION ( 'NONE',  ( 0.7071067811865475727, 0.7071067811865475727, -0.000000000000000000 ) ) ;
#8222 = VERTEX_POINT ( 'NONE', #3392 ) ;
#8223 = COLOUR_RGB ( '',0.5607843137254902022, 0.6470588235294117974, 0.6352941176470587870 ) ;
#8224 =( NAMED_UNIT ( * ) PLANE_ANGLE_UNIT ( ) SI_UNIT ( $, .RADIAN. ) );
#8225 = LINE ( 'NONE', #6903, #484 ) ;
#8226 = CARTESIAN_POINT ( 'NONE',  ( -0.8649999999999999911, -1.550000000000000044, -1.399999999999999911 ) ) ;
#8227 = CARTESIAN_POINT ( 'NONE',  ( 0.2503553390593276085, 0.3003553390593274308, -5.494846997554885704 ) ) ;
#8228 = ADVANCED_FACE ( 'NONE', ( #662 ), #7332, .T. ) ;
#8229 = ADVANCED_FACE ( 'NONE', ( #5508 ), #6161, .F. ) ;
#8230 =( BOUNDED_CURVE ( )  B_SPLINE_CURVE ( 3, ( #5932, #1229, #7983, #1946 ),
 .UNSPECIFIED., .F., .T. ) 
 B_SPLINE_CURVE_WITH_KNOTS ( ( 4, 4 ),
 ( 2.356194490192345281, 3.141592653589793116 ),
 .UNSPECIFIED. ) 
 CURVE ( )  GEOMETRIC_REPRESENTATION_ITEM ( )  RATIONAL_B_SPLINE_CURVE ( ( 1.000000000000000000, 0.9492530216741912330, 0.9492530216741912330, 1.000000000000000000 ) ) 
 REPRESENTATION_ITEM ( '' )  );
#8231 =( NAMED_UNIT ( * ) PLANE_ANGLE_UNIT ( ) SI_UNIT ( $, .RADIAN. ) );
#8232 = CARTESIAN_POINT ( 'NONE',  ( 2.805000000000000160, -0.2784380551032344941, 6.140192378864673728 ) ) ;
#8233 = VERTEX_POINT ( 'NONE', #5631 ) ;
#8234 = FACE_OUTER_BOUND ( 'NONE', #3721, .T. ) ;
#8235 = VERTEX_POINT ( 'NONE', #961 ) ;
#8236 = SURFACE_STYLE_USAGE ( .BOTH. , #4121 ) ;
#8237 =( NAMED_UNIT ( * ) PLANE_ANGLE_UNIT ( ) SI_UNIT ( $, .RADIAN. ) );
#8238 = EDGE_CURVE ( 'NONE', #3181, #1174, #7623, .T. ) ;
#8239 = CARTESIAN_POINT ( 'NONE',  ( -2.325000000000000178, -0.2650000000000000133, -1.609045455704950278 ) ) ;
#8240 = STYLED_ITEM ( 'NONE', ( #2785 ), #2464 ) ;
#8241 = LINE ( 'NONE', #849, #5623 ) ;
#8242 = STYLED_ITEM ( 'NONE', ( #6527 ), #1762 ) ;
#8243 =( NAMED_UNIT ( * ) PLANE_ANGLE_UNIT ( ) SI_UNIT ( $, .RADIAN. ) );
#8244 = CARTESIAN_POINT ( 'NONE',  ( -3.510000000000000231, -1.249999999999999556, 6.699999999999999289 ) ) ;
#8245 = PLANE ( 'NONE',  #2397 ) ;
#8246 = COLOUR_RGB ( '',0.5607843137254902022, 0.6470588235294117974, 0.6352941176470587870 ) ;
#8247 = FILL_AREA_STYLE_COLOUR ( '', #8013 ) ;
#8248 = FILL_AREA_STYLE ('',( #6925 ) ) ;
#8249 = CARTESIAN_POINT ( 'NONE',  ( -2.905000000000000249, 0.3150000000000000022, 0.000000000000000000 ) ) ;
#8250 = LINE ( 'NONE', #191, #1823 ) ;
#8251 = LINE ( 'NONE', #3575, #4440 ) ;
#8252 = SURFACE_SIDE_STYLE ('',( #2197 ) ) ;
#8253 = DIRECTION ( 'NONE',  ( 0.000000000000000000, 0.000000000000000000, -1.000000000000000000 ) ) ;
#8254 = EDGE_CURVE ( 'NONE', #4623, #1826, #2226, .T. ) ;
#8255 = DIRECTION ( 'NONE',  ( 1.000000000000000000, 0.000000000000000000, 0.000000000000000000 ) ) ;
#8256 = DIRECTION ( 'NONE',  ( -0.000000000000000000, 0.9659258262890677571, -0.2588190451025230709 ) ) ;
#8257 = ORIENTED_EDGE ( 'NONE', *, *, #7116, .F. ) ;
#8258 = SURFACE_STYLE_USAGE ( .BOTH. , #5542 ) ;
#8259 = SURFACE_STYLE_USAGE ( .BOTH. , #2133 ) ;
#8260 =( LENGTH_UNIT ( ) NAMED_UNIT ( * ) SI_UNIT ( .MILLI., .METRE. ) );
#8261 = CARTESIAN_POINT ( 'NONE',  ( -2.311561944896765475, -0.3150000000000000022, -5.440192378864675327 ) ) ;
#8262 = UNCERTAINTY_MEASURE_WITH_UNIT (LENGTH_MEASURE( 1.000000000000000082E-05 ), #5839, 'distance_accuracy_value', 'NONE');
#8263 = EDGE_LOOP ( 'NONE', ( #3441, #1728, #7810, #7681 ) ) ;
#8264 = FILL_AREA_STYLE_COLOUR ( '', #5938 ) ;
#8265 =( LENGTH_UNIT ( ) NAMED_UNIT ( * ) SI_UNIT ( .MILLI., .METRE. ) );
#8266 = PLANE ( 'NONE',  #7015 ) ;
#8267 = LINE ( 'NONE', #1472, #5484 ) ;
#8268 = CIRCLE ( 'NONE', #2200, 0.05000000000000012768 ) ;
#8269 = EDGE_LOOP ( 'NONE', ( #49, #8070, #7788, #4301 ) ) ;
#8270 = DIRECTION ( 'NONE',  ( 0.000000000000000000, 0.000000000000000000, 1.000000000000000000 ) ) ;
#8271 = CARTESIAN_POINT ( 'NONE',  ( -2.274999999999999911, 0.2784380551032345497, -5.440192378864675327 ) ) ;
#8272 = UNCERTAINTY_MEASURE_WITH_UNIT (LENGTH_MEASURE( 1.000000000000000082E-05 ), #2155, 'distance_accuracy_value', 'NONE');
#8273 = EDGE_CURVE ( 'NONE', #6615, #1760, #1637, .T. ) ;
#8274 = EDGE_CURVE ( 'NONE', #4330, #8328, #7540, .T. ) ;
#8275 =( BOUNDED_CURVE ( )  B_SPLINE_CURVE ( 3, ( #6407, #7156, #2457, #474 ),
 .UNSPECIFIED., .F., .T. ) 
 B_SPLINE_CURVE_WITH_KNOTS ( ( 4, 4 ),
 ( 2.356194490192345281, 3.141592653589793116 ),
 .UNSPECIFIED. ) 
 CURVE ( )  GEOMETRIC_REPRESENTATION_ITEM ( )  RATIONAL_B_SPLINE_CURVE ( ( 1.000000000000000000, 0.9492530216741912330, 0.9492530216741912330, 1.000000000000000000 ) ) 
 REPRESENTATION_ITEM ( '' )  );
#8276 = DIRECTION ( 'NONE',  ( -0.000000000000000000, -0.9659258262890677571, -0.2588190451025230709 ) ) ;
#8277 = LINE ( 'NONE', #5602, #8741 ) ;
#8278 = VECTOR ( 'NONE', #5989, 1000.000000000000000 ) ;
#8279 = DIRECTION ( 'NONE',  ( -0.000000000000000000, -1.000000000000000000, -0.000000000000000000 ) ) ;
#8280 = DIRECTION ( 'NONE',  ( -0.000000000000000000, 0.000000000000000000, 1.000000000000000000 ) ) ;
#8281 = ORIENTED_EDGE ( 'NONE', *, *, #4731, .F. ) ;
#8282 = LINE ( 'NONE', #6269, #2823 ) ;
#8283 = ADVANCED_FACE ( 'NONE', ( #7506 ), #4937, .T. ) ;
#8284 = STYLED_ITEM ( 'NONE', ( #6097 ), #7167 ) ;
#8285 = FILL_AREA_STYLE_COLOUR ( '', #2648 ) ;
#8286 = CARTESIAN_POINT ( 'NONE',  ( 0.2150000000000000244, -0.2650000000000000133, 0.000000000000000000 ) ) ;
#8287 = DIRECTION ( 'NONE',  ( -0.2505628070857343070, 0.2505628070857343070, 0.9351131265310277385 ) ) ;
#8288 = CARTESIAN_POINT ( 'NONE',  ( 2.189644660940672338, -0.3003553390593273753, -5.494846997554884815 ) ) ;
#8289 = CARTESIAN_POINT ( 'NONE',  ( 1.269999999999999796, 0.9499999999999995115, -0.3000000000000001554 ) ) ;
#8290 = COLOUR_RGB ( '',0.5607843137254902022, 0.6470588235294117974, 0.6352941176470587870 ) ;
#8291 = MECHANICAL_DESIGN_GEOMETRIC_PRESENTATION_REPRESENTATION (  '', ( #7139 ), #4493 ) ;
#8292 = LINE ( 'NONE', #197, #5418 ) ;
#8293 = SURFACE_SIDE_STYLE ('',( #2817 ) ) ;
#8294 = FILL_AREA_STYLE ('',( #1629 ) ) ;
#8295 = FILL_AREA_STYLE_COLOUR ( '', #3190 ) ;
#8296 = MECHANICAL_DESIGN_GEOMETRIC_PRESENTATION_REPRESENTATION (  '', ( #2936 ), #5593 ) ;
#8297 = DIRECTION ( 'NONE',  ( 0.9659258262890675351, -0.000000000000000000, 0.2588190451025238481 ) ) ;
#8298 = FACE_OUTER_BOUND ( 'NONE', #7277, .T. ) ;
#8299 = CARTESIAN_POINT ( 'NONE',  ( 1.269999999999999796, 0.8499999999999998668, 6.699999999999999289 ) ) ;
#8300 = VERTEX_POINT ( 'NONE', #602 ) ;
#8301 = VECTOR ( 'NONE', #6707, 1000.000000000000000 ) ;
#8302 = FILL_AREA_STYLE ('',( #4983 ) ) ;
#8303 = DIRECTION ( 'NONE',  ( -0.000000000000000000, -0.000000000000000000, -1.000000000000000000 ) ) ;
#8304 =( NAMED_UNIT ( * ) PLANE_ANGLE_UNIT ( ) SI_UNIT ( $, .RADIAN. ) );
#8305 = UNCERTAINTY_MEASURE_WITH_UNIT (LENGTH_MEASURE( 1.000000000000000082E-05 ), #7563, 'distance_accuracy_value', 'NONE');
#8306 = DIRECTION ( 'NONE',  ( -1.000000000000000000, 0.000000000000000000, 0.000000000000000000 ) ) ;
#8307 = VECTOR ( 'NONE', #2910, 1000.000000000000000 ) ;
#8308 = ORIENTED_EDGE ( 'NONE', *, *, #3771, .T. ) ;
#8309 = COLOUR_RGB ( '',0.5607843137254902022, 0.6470588235294117974, 0.6352941176470587870 ) ;
#8310 = LINE ( 'NONE', #878, #6585 ) ;
#8311 = SURFACE_STYLE_FILL_AREA ( #1642 ) ;
#8312 = STYLED_ITEM ( 'NONE', ( #2957 ), #4323 ) ;
#8313 =( LENGTH_UNIT ( ) NAMED_UNIT ( * ) SI_UNIT ( .MILLI., .METRE. ) );
#8314 = MECHANICAL_DESIGN_GEOMETRIC_PRESENTATION_REPRESENTATION (  '', ( #6039 ), #4076 ) ;
#8315 = SURFACE_STYLE_USAGE ( .BOTH. , #6254 ) ;
#8316 = SURFACE_SIDE_STYLE ('',( #372 ) ) ;
#8317 = ORIENTED_EDGE ( 'NONE', *, *, #5196, .F. ) ;
#8318 = PRESENTATION_STYLE_ASSIGNMENT (( #3557 ) ) ;
#8319 = CARTESIAN_POINT ( 'NONE',  ( 2.225000000000000533, -0.3150000000000000022, -1.609045455704950278 ) ) ;
#8320 = VECTOR ( 'NONE', #5583, 1000.000000000000000 ) ;
#8321 = COLOUR_RGB ( '',0.9686274509803921573, 0.8784313725490195957, 0.5999999999999999778 ) ;
#8322 = MECHANICAL_DESIGN_GEOMETRIC_PRESENTATION_REPRESENTATION (  '', ( #4659 ), #5062 ) ;
#8323 = SURFACE_SIDE_STYLE ('',( #4331 ) ) ;
#8324 = FILL_AREA_STYLE ('',( #4954 ) ) ;
#8325 = VECTOR ( 'NONE', #6720, 1000.000000000000000 ) ;
#8326 =( GEOMETRIC_REPRESENTATION_CONTEXT ( 3 ) GLOBAL_UNCERTAINTY_ASSIGNED_CONTEXT ( ( #6667 ) ) GLOBAL_UNIT_ASSIGNED_CONTEXT ( ( #3873, #5975, #517 ) ) REPRESENTATION_CONTEXT ( 'NONE', 'WORKASPACE' ) );
#8327 = CARTESIAN_POINT ( 'NONE',  ( -3.810000000000000053, -0.9499999999999999556, -1.800000000000000044 ) ) ;
#8328 = VERTEX_POINT ( 'NONE', #5667 ) ;
#8329 = EDGE_CURVE ( 'NONE', #7390, #3563, #292, .T. ) ;
#8330 = ORIENTED_EDGE ( 'NONE', *, *, #6586, .F. ) ;
#8331 = CARTESIAN_POINT ( 'NONE',  ( -3.636666666666669379, -3.216666666666669006, 1.966666666666676555 ) ) ;
#8332 = PRESENTATION_STYLE_ASSIGNMENT (( #3568 ) ) ;
#8333 = EDGE_LOOP ( 'NONE', ( #2697, #456, #1097, #7594, #8394 ) ) ;
#8334 = COLOUR_RGB ( '',0.5607843137254902022, 0.6470588235294117974, 0.6352941176470587870 ) ;
#8335 = FACE_OUTER_BOUND ( 'NONE', #5483, .T. ) ;
#8336 = SURFACE_SIDE_STYLE ('',( #2190 ) ) ;
#8337 = CARTESIAN_POINT ( 'NONE',  ( 0.2650000000000000688, -0.2650000000000000133, -5.440192378864675327 ) ) ;
#8338 = VECTOR ( 'NONE', #2198, 1000.000000000000227 ) ;
#8339 = EDGE_CURVE ( 'NONE', #7159, #7103, #3999, .T. ) ;
#8340 = EDGE_CURVE ( 'NONE', #6918, #365, #379, .T. ) ;
#8341 = PLANE ( 'NONE',  #3612 ) ;
#8342 = EDGE_LOOP ( 'NONE', ( #2658, #500, #5640, #408 ) ) ;
#8343 = DIRECTION ( 'NONE',  ( 0.000000000000000000, 0.000000000000000000, 1.000000000000000000 ) ) ;
#8344 = SURFACE_STYLE_FILL_AREA ( #1717 ) ;
#8345 = LINE ( 'NONE', #6201, #1207 ) ;
#8346 = UNCERTAINTY_MEASURE_WITH_UNIT (LENGTH_MEASURE( 1.000000000000000082E-05 ), #3674, 'distance_accuracy_value', 'NONE');
#8347 = CARTESIAN_POINT ( 'NONE',  ( 6.843333333333335489, -2.183333333333335791, 0.6333333333333477366 ) ) ;
#8348 =( GEOMETRIC_REPRESENTATION_CONTEXT ( 3 ) GLOBAL_UNCERTAINTY_ASSIGNED_CONTEXT ( ( #6821 ) ) GLOBAL_UNIT_ASSIGNED_CONTEXT ( ( #1519, #4825, #6129 ) ) REPRESENTATION_CONTEXT ( 'NONE', 'WORKASPACE' ) );
#8349 = SURFACE_STYLE_USAGE ( .BOTH. , #156 ) ;
#8350 = COLOUR_RGB ( '',0.8509803921568627194, 0.8509803921568627194, 0.8509803921568627194 ) ;
#8351 = DIRECTION ( 'NONE',  ( -0.7071067811865463515, 0.000000000000000000, -0.7071067811865487940 ) ) ;
#8352 = DIRECTION ( 'NONE',  ( 0.7071067811865487940, 0.000000000000000000, -0.7071067811865463515 ) ) ;
#8353 = PRESENTATION_LAYER_ASSIGNMENT (  '', '', ( #1166 ) ) ;
#8354 =( LENGTH_UNIT ( ) NAMED_UNIT ( * ) SI_UNIT ( .MILLI., .METRE. ) );
#8355 = ORIENTED_EDGE ( 'NONE', *, *, #2604, .T. ) ;
#8356 = DIRECTION ( 'NONE',  ( 0.000000000000000000, 0.000000000000000000, -1.000000000000000000 ) ) ;
#8357 =( NAMED_UNIT ( * ) SI_UNIT ( $, .STERADIAN. ) SOLID_ANGLE_UNIT ( ) );
#8358 = PRESENTATION_LAYER_ASSIGNMENT (  '', '', ( #7207 ) ) ;
#8359 =( NAMED_UNIT ( * ) PLANE_ANGLE_UNIT ( ) SI_UNIT ( $, .RADIAN. ) );
#8360 = ORIENTED_EDGE ( 'NONE', *, *, #8649, .T. ) ;
#8361 = CARTESIAN_POINT ( 'NONE',  ( -1.319999999999992513, -0.7500000000000000000, -4.989999999999999325 ) ) ;
#8362 = VECTOR ( 'NONE', #5764, 1000.000000000000000 ) ;
#8363 = LINE ( 'NONE', #968, #5388 ) ;
#8364 = VERTEX_POINT ( 'NONE', #2332 ) ;
#8365 = PRESENTATION_LAYER_ASSIGNMENT (  '', '', ( #3840 ) ) ;
#8366 = CARTESIAN_POINT ( 'NONE',  ( 1.269999999999999796, -0.8499999999999994227, 6.699999999999999289 ) ) ;
#8367 = PRESENTATION_STYLE_ASSIGNMENT (( #3469 ) ) ;
#8368 = FACE_OUTER_BOUND ( 'NONE', #2561, .T. ) ;
#8369 = ORIENTED_EDGE ( 'NONE', *, *, #6853, .T. ) ;
#8370 = DIRECTION ( 'NONE',  ( 0.000000000000000000, 0.000000000000000000, -1.000000000000000000 ) ) ;
#8371 = CARTESIAN_POINT ( 'NONE',  ( -1.370000000000000107, 0.9499999999999996225, 6.699999999999999289 ) ) ;
#8372 = DIRECTION ( 'NONE',  ( 1.000000000000000000, 0.000000000000000000, 0.000000000000000000 ) ) ;
#8373 = EDGE_LOOP ( 'NONE', ( #5135, #8726, #5401, #8629, #3020, #5257 ) ) ;
#8374 = ORIENTED_EDGE ( 'NONE', *, *, #4504, .T. ) ;
#8375 = SURFACE_STYLE_USAGE ( .BOTH. , #7734 ) ;
#8376 = ORIENTED_EDGE ( 'NONE', *, *, #7000, .F. ) ;
#8377 = DIRECTION ( 'NONE',  ( 1.000000000000000000, 0.000000000000000000, 0.000000000000000000 ) ) ;
#8378 = ADVANCED_FACE ( 'NONE', ( #2475 ), #6423, .T. ) ;
#8379 = SURFACE_SIDE_STYLE ('',( #6840 ) ) ;
#8380 = VECTOR ( 'NONE', #8151, 1000.000000000000000 ) ;
#8381 = DIRECTION ( 'NONE',  ( 0.000000000000000000, -1.000000000000000000, 0.000000000000000000 ) ) ;
#8382 = LINE ( 'NONE', #900, #6025 ) ;
#8383 = ORIENTED_EDGE ( 'NONE', *, *, #3898, .F. ) ;
#8384 = CARTESIAN_POINT ( 'NONE',  ( -2.854999999999999982, -0.3150000000000000022, 6.140192378864673728 ) ) ;
#8385 = DIRECTION ( 'NONE',  ( 0.9659258262890675351, -0.000000000000000000, 0.2588190451025238481 ) ) ;
#8386 =( NAMED_UNIT ( * ) SI_UNIT ( $, .STERADIAN. ) SOLID_ANGLE_UNIT ( ) );
#8387 = VECTOR ( 'NONE', #5965, 1000.000000000000000 ) ;
#8388 = EDGE_CURVE ( 'NONE', #1064, #6922, #1011, .T. ) ;
#8389 = EDGE_CURVE ( 'NONE', #8730, #6380, #3785, .T. ) ;
#8390 = PLANE ( 'NONE',  #2369 ) ;
#8391 =( NAMED_UNIT ( * ) SI_UNIT ( $, .STERADIAN. ) SOLID_ANGLE_UNIT ( ) );
#8392 = VECTOR ( 'NONE', #5793, 1000.000000000000114 ) ;
#8393 = CARTESIAN_POINT ( 'NONE',  ( 1.169999999999999707, -0.8499999999999994227, 6.699999999999999289 ) ) ;
#8394 = ORIENTED_EDGE ( 'NONE', *, *, #5038, .F. ) ;
#8395 = CARTESIAN_POINT ( 'NONE',  ( -1.320000000000000506, -0.8999999999999994671, 6.699999999999999289 ) ) ;
#8396 = SURFACE_SIDE_STYLE ('',( #3040 ) ) ;
#8397 = CARTESIAN_POINT ( 'NONE',  ( 2.805000000000000160, -0.3150000000000000022, -2.500000000000000000 ) ) ;
#8398 = CARTESIAN_POINT ( 'NONE',  ( -0.9699999999999999734, 1.250000000000000000, -2.799999999999999822 ) ) ;
#8399 = EDGE_LOOP ( 'NONE', ( #4994, #1254, #7066, #4486, #8735, #3259 ) ) ;
#8400 = ORIENTED_EDGE ( 'NONE', *, *, #8554, .F. ) ;
#8401 = SURFACE_SIDE_STYLE ('',( #2254 ) ) ;
#8402 = ADVANCED_FACE ( 'NONE', ( #8436, #6639 ), #7760, .T. ) ;
#8403 = MECHANICAL_DESIGN_GEOMETRIC_PRESENTATION_REPRESENTATION (  '', ( #4601 ), #3882 ) ;
#8404 = CARTESIAN_POINT ( 'NONE',  ( -1.320000000000000062, -1.550000000000000044, -1.399999999999999911 ) ) ;
#8405 = ORIENTED_EDGE ( 'NONE', *, *, #6539, .T. ) ;
#8406 = DIRECTION ( 'NONE',  ( -0.000000000000000000, -0.000000000000000000, -1.000000000000000000 ) ) ;
#8407 = ORIENTED_EDGE ( 'NONE', *, *, #1491, .F. ) ;
#8408 = CARTESIAN_POINT ( 'NONE',  ( -2.854999999999999982, -0.3150000000000000022, -5.440192378864675327 ) ) ;
#8409 =( LENGTH_UNIT ( ) NAMED_UNIT ( * ) SI_UNIT ( .MILLI., .METRE. ) );
#8410 = EDGE_LOOP ( 'NONE', ( #8369, #1109, #4411, #3552 ) ) ;
#8411 = ORIENTED_EDGE ( 'NONE', *, *, #5148, .F. ) ;
#8412 =( LENGTH_UNIT ( ) NAMED_UNIT ( * ) SI_UNIT ( .MILLI., .METRE. ) );
#8413 = CARTESIAN_POINT ( 'NONE',  ( 2.754999999999999893, -0.3150000000000000022, 6.140192378864673728 ) ) ;
#8414 = FILL_AREA_STYLE_COLOUR ( '', #196 ) ;
#8415 = DIRECTION ( 'NONE',  ( 0.000000000000000000, 0.000000000000000000, -1.000000000000000000 ) ) ;
#8416 = ORIENTED_EDGE ( 'NONE', *, *, #2076, .T. ) ;
#8417 = UNCERTAINTY_MEASURE_WITH_UNIT (LENGTH_MEASURE( 1.000000000000000082E-05 ), #1564, 'distance_accuracy_value', 'NONE');
#8418 = LINE ( 'NONE', #1708, #3235 ) ;
#8419 = SURFACE_STYLE_USAGE ( .BOTH. , #7885 ) ;
#8420 = FACE_OUTER_BOUND ( 'NONE', #1029, .T. ) ;
#8421 = DIRECTION ( 'NONE',  ( 1.000000000000000000, 0.000000000000000000, 0.000000000000000000 ) ) ;
#8422 = ORIENTED_EDGE ( 'NONE', *, *, #8130, .F. ) ;
#8423 = CARTESIAN_POINT ( 'NONE',  ( 0.2503553390593269978, -0.3003553390593272643, 6.194846997554884105 ) ) ;
#8424 = SURFACE_SIDE_STYLE ('',( #1146 ) ) ;
#8425 = UNCERTAINTY_MEASURE_WITH_UNIT (LENGTH_MEASURE( 1.000000000000000082E-05 ), #3031, 'distance_accuracy_value', 'NONE');
#8426 = SURFACE_SIDE_STYLE ('',( #8524 ) ) ;
#8427 =( NAMED_UNIT ( * ) SI_UNIT ( $, .STERADIAN. ) SOLID_ANGLE_UNIT ( ) );
#8428 = LINE ( 'NONE', #7114, #2641 ) ;
#8429 = PLANE ( 'NONE',  #7872 ) ;
#8430 = PRESENTATION_LAYER_ASSIGNMENT (  '', '', ( #5869 ) ) ;
#8431 =( NAMED_UNIT ( * ) SI_UNIT ( $, .STERADIAN. ) SOLID_ANGLE_UNIT ( ) );
#8432 = FILL_AREA_STYLE_COLOUR ( '', #1526 ) ;
#8433 = EDGE_LOOP ( 'NONE', ( #358, #6705, #3300, #5217, #8491, #2210, #5125, #2996 ) ) ;
#8434 = EDGE_CURVE ( 'NONE', #526, #1656, #2185, .T. ) ;
#8435 = ADVANCED_FACE ( 'NONE', ( #5409 ), #3411, .F. ) ;
#8436 = FACE_OUTER_BOUND ( 'NONE', #4347, .T. ) ;
#8437 = CARTESIAN_POINT ( 'NONE',  ( 3.709999999999999964, -0.9499999999999999556, -1.000000000000000000 ) ) ;
#8438 = PLANE ( 'NONE',  #8679 ) ;
#8439 = COLOUR_RGB ( '',0.5607843137254902022, 0.6470588235294117974, 0.6352941176470587870 ) ;
#8440 =( NAMED_UNIT ( * ) SI_UNIT ( $, .STERADIAN. ) SOLID_ANGLE_UNIT ( ) );
#8441 = ORIENTED_EDGE ( 'NONE', *, *, #1968, .T. ) ;
#8442 = ORIENTED_EDGE ( 'NONE', *, *, #660, .F. ) ;
#8443 = DIRECTION ( 'NONE',  ( -0.000000000000000000, 0.000000000000000000, 1.000000000000000000 ) ) ;
#8444 = VECTOR ( 'NONE', #5951, 1000.000000000000000 ) ;
#8445 = SURFACE_SIDE_STYLE ('',( #8311 ) ) ;
#8446 = STYLED_ITEM ( 'NONE', ( #6292 ), #4118 ) ;
#8447 = PLANE ( 'NONE',  #5143 ) ;
#8448 = ORIENTED_EDGE ( 'NONE', *, *, #708, .F. ) ;
#8449 = DIRECTION ( 'NONE',  ( 1.000000000000000000, 0.000000000000000000, 0.000000000000000000 ) ) ;
#8450 = EDGE_CURVE ( 'NONE', #799, #3064, #8457, .T. ) ;
#8451 = CARTESIAN_POINT ( 'NONE',  ( -2.319999999999999840, -1.550000000000000044, -1.800000000000000044 ) ) ;
#8452 = SURFACE_SIDE_STYLE ('',( #3098 ) ) ;
#8453 = ORIENTED_EDGE ( 'NONE', *, *, #7230, .T. ) ;
#8454 = ORIENTED_EDGE ( 'NONE', *, *, #3083, .T. ) ;
#8455 = VECTOR ( 'NONE', #4461, 1000.000000000000000 ) ;
#8456 = SURFACE_STYLE_USAGE ( .BOTH. , #8323 ) ;
#8457 = CIRCLE ( 'NONE', #1981, 0.05000000000000012768 ) ;
#8458 = VECTOR ( 'NONE', #8158, 1000.000000000000000 ) ;
#8459 = CARTESIAN_POINT ( 'NONE',  ( 2.754999999999999893, 0.3150000000000000022, 0.000000000000000000 ) ) ;
#8460 = ORIENTED_EDGE ( 'NONE', *, *, #7012, .T. ) ;
#8461 = SURFACE_SIDE_STYLE ('',( #1795 ) ) ;
#8462 = EDGE_CURVE ( 'NONE', #984, #3698, #403, .T. ) ;
#8463 = MECHANICAL_DESIGN_GEOMETRIC_PRESENTATION_REPRESENTATION (  '', ( #2386 ), #4926 ) ;
#8464 = FACE_OUTER_BOUND ( 'NONE', #884, .T. ) ;
#8465 = PRESENTATION_STYLE_ASSIGNMENT (( #8375 ) ) ;
#8466 = DIRECTION ( 'NONE',  ( -0.2505628070857343070, 0.2505628070857343070, 0.9351131265310277385 ) ) ;
#8467 = VERTEX_POINT ( 'NONE', #1527 ) ;
#8468 = ORIENTED_EDGE ( 'NONE', *, *, #8340, .T. ) ;
#8469 = AXIS2_PLACEMENT_3D ( 'NONE', #3196, #6677, #7985 ) ;
#8470 = AXIS2_PLACEMENT_3D ( 'NONE', #7981, #8606, #3325 ) ;
#8471 = UNCERTAINTY_MEASURE_WITH_UNIT (LENGTH_MEASURE( 1.000000000000000082E-05 ), #7421, 'distance_accuracy_value', 'NONE');
#8472 = DIRECTION ( 'NONE',  ( 0.7071067811865487940, -0.000000000000000000, 0.7071067811865463515 ) ) ;
#8473 = CARTESIAN_POINT ( 'NONE',  ( 3.536666666666669290, 3.216666666666669006, 1.966666666666676555 ) ) ;
#8474 = ORIENTED_EDGE ( 'NONE', *, *, #7115, .T. ) ;
#8475 = MECHANICAL_DESIGN_GEOMETRIC_PRESENTATION_REPRESENTATION (  '', ( #8737 ), #6597 ) ;
#8476 = CARTESIAN_POINT ( 'NONE',  ( -2.868438055103234685, -0.3150000000000000022, 6.140192378864673728 ) ) ;
#8477 = SURFACE_SIDE_STYLE ('',( #3618 ) ) ;
#8478 = EDGE_LOOP ( 'NONE', ( #2794, #4402, #2147, #1042 ) ) ;
#8479 = COLOUR_RGB ( '',0.5607843137254902022, 0.6470588235294117974, 0.6352941176470587870 ) ;
#8480 = FACE_OUTER_BOUND ( 'NONE', #87, .T. ) ;
#8481 = CARTESIAN_POINT ( 'NONE',  ( -2.854999999999999982, -0.3150000000000000022, -5.440192378864675327 ) ) ;
#8482 = STYLED_ITEM ( 'NONE', ( #1334 ), #5950 ) ;
#8483 = CARTESIAN_POINT ( 'NONE',  ( 1.570000000000000284, 1.250000000000000000, 0.000000000000000000 ) ) ;
#8484 = LINE ( 'NONE', #8529, #690 ) ;
#8485 = CARTESIAN_POINT ( 'NONE',  ( 1.269999999999999796, -0.8499999999999994227, -0.4000000000000019096 ) ) ;
#8486 = VERTEX_POINT ( 'NONE', #1485 ) ;
#8487 = SURFACE_SIDE_STYLE ('',( #3084 ) ) ;
#8488 = CARTESIAN_POINT ( 'NONE',  ( -0.2396152422706999963, -1.250000000000000000, -1.000000000000000000 ) ) ;
#8489 = CARTESIAN_POINT ( 'NONE',  ( -2.854999999999999982, -0.3150000000000000022, 6.140192378864673728 ) ) ;
#8490 = SURFACE_STYLE_FILL_AREA ( #5708 ) ;
#8491 = ORIENTED_EDGE ( 'NONE', *, *, #1892, .F. ) ;
#8492 = VERTEX_POINT ( 'NONE', #6674 ) ;
#8493 =( NAMED_UNIT ( * ) PLANE_ANGLE_UNIT ( ) SI_UNIT ( $, .RADIAN. ) );
#8494 = DIRECTION ( 'NONE',  ( 0.000000000000000000, -1.000000000000000000, 0.000000000000000000 ) ) ;
#8495 = EDGE_CURVE ( 'NONE', #2746, #4325, #2727, .T. ) ;
#8496 = COLOUR_RGB ( '',0.5607843137254902022, 0.6470588235294117974, 0.6352941176470587870 ) ;
#8497 = DIRECTION ( 'NONE',  ( -0.000000000000000000, -1.000000000000000000, -0.000000000000000000 ) ) ;
#8498 = ORIENTED_EDGE ( 'NONE', *, *, #5513, .F. ) ;
#8499 = DIRECTION ( 'NONE',  ( -0.5773502691896251759, 0.5773502691896251759, -0.5773502691896270633 ) ) ;
#8500 = DIRECTION ( 'NONE',  ( 0.000000000000000000, 1.000000000000000000, 0.000000000000000000 ) ) ;
#8501 = PLANE ( 'NONE',  #8602 ) ;
#8502 = ORIENTED_EDGE ( 'NONE', *, *, #5895, .T. ) ;
#8503 = ORIENTED_EDGE ( 'NONE', *, *, #5881, .F. ) ;
#8504 = VERTEX_POINT ( 'NONE', #2071 ) ;
#8505 = FACE_OUTER_BOUND ( 'NONE', #8519, .T. ) ;
#8506 = EDGE_CURVE ( 'NONE', #8144, #2099, #6010, .T. ) ;
#8507 = FILL_AREA_STYLE_COLOUR ( '', #117 ) ;
#8508 = ORIENTED_EDGE ( 'NONE', *, *, #4631, .F. ) ;
#8509 = CARTESIAN_POINT ( 'NONE',  ( 0.000000000000000000, 0.000000000000000000, -1.800000000000000044 ) ) ;
#8510 = STYLED_ITEM ( 'NONE', ( #299 ), #1436 ) ;
#8511 =( NAMED_UNIT ( * ) PLANE_ANGLE_UNIT ( ) SI_UNIT ( $, .RADIAN. ) );
#8512 = DIRECTION ( 'NONE',  ( 0.7071067811865474617, -0.7071067811865474617, 0.000000000000000000 ) ) ;
#8513 = DIRECTION ( 'NONE',  ( 1.000000000000000000, 0.000000000000000000, 0.000000000000000000 ) ) ;
#8514 = ORIENTED_EDGE ( 'NONE', *, *, #1880, .T. ) ;
#8515 = ORIENTED_EDGE ( 'NONE', *, *, #3848, .T. ) ;
#8516 = AXIS2_PLACEMENT_3D ( 'NONE', #6979, #8352, #4313 ) ;
#8517 = EDGE_CURVE ( 'NONE', #3563, #4970, #8731, .T. ) ;
#8518 = CARTESIAN_POINT ( 'NONE',  ( 1.570000000000000284, 1.250000000000000000, -2.799999999999999822 ) ) ;
#8519 = EDGE_LOOP ( 'NONE', ( #7587, #618, #5959, #6605 ) ) ;
#8520 = LINE ( 'NONE', #2322, #4596 ) ;
#8521 =( NAMED_UNIT ( * ) PLANE_ANGLE_UNIT ( ) SI_UNIT ( $, .RADIAN. ) );
#8522 = UNCERTAINTY_MEASURE_WITH_UNIT (LENGTH_MEASURE( 1.000000000000000082E-05 ), #2872, 'distance_accuracy_value', 'NONE');
#8523 = PRESENTATION_STYLE_ASSIGNMENT (( #3622 ) ) ;
#8524 = SURFACE_STYLE_FILL_AREA ( #6556 ) ;
#8525 =( LENGTH_UNIT ( ) NAMED_UNIT ( * ) SI_UNIT ( .MILLI., .METRE. ) );
#8526 = CARTESIAN_POINT ( 'NONE',  ( -0.9700000000000001954, -1.249999999999999556, -1.799999999999999600 ) ) ;
#8527 = FILL_AREA_STYLE ('',( #374 ) ) ;
#8528 = DIRECTION ( 'NONE',  ( 0.000000000000000000, 0.000000000000000000, -1.000000000000000000 ) ) ;
#8529 = CARTESIAN_POINT ( 'NONE',  ( -1.270000000000000240, 0.8499999999999998668, 6.699999999999999289 ) ) ;
#8530 = ORIENTED_EDGE ( 'NONE', *, *, #1206, .T. ) ;
#8531 = COLOUR_RGB ( '',0.9686274509803921573, 0.8784313725490195957, 0.5999999999999999778 ) ;
#8532 =( LENGTH_UNIT ( ) NAMED_UNIT ( * ) SI_UNIT ( .MILLI., .METRE. ) );
#8533 = CYLINDRICAL_SURFACE ( 'NONE', #3367, 0.04999999999999999584 ) ;
#8534 = CARTESIAN_POINT ( 'NONE',  ( -0.1592304845412999825, -0.9499999999999999556, -1.800000000000000044 ) ) ;
#8535 = SURFACE_STYLE_FILL_AREA ( #5804 ) ;
#8536 = ORIENTED_EDGE ( 'NONE', *, *, #707, .T. ) ;
#8537 = VERTEX_POINT ( 'NONE', #7432 ) ;
#8538 = SURFACE_STYLE_USAGE ( .BOTH. , #3889 ) ;
#8539 = CARTESIAN_POINT ( 'NONE',  ( -2.299146800830128345, 0.3098574789487830161, 6.159384528706809192 ) ) ;
#8540 = VECTOR ( 'NONE', #332, 1000.000000000000000 ) ;
#8541 = SURFACE_STYLE_USAGE ( .BOTH. , #3134 ) ;
#8542 = VERTEX_POINT ( 'NONE', #8075 ) ;
#8543 = SURFACE_SIDE_STYLE ('',( #453 ) ) ;
#8544 = ORIENTED_EDGE ( 'NONE', *, *, #353, .F. ) ;
#8545 = LINE ( 'NONE', #4421, #159 ) ;
#8546 = SURFACE_STYLE_FILL_AREA ( #5169 ) ;
#8547 = LINE ( 'NONE', #5679, #4651 ) ;
#8548 = EDGE_CURVE ( 'NONE', #7822, #7905, #4715, .T. ) ;
#8549 = AXIS2_PLACEMENT_3D ( 'NONE', #6532, #8406, #7862 ) ;
#8550 = EDGE_LOOP ( 'NONE', ( #8317, #4033, #3821, #8376, #3589 ) ) ;
#8551 = CARTESIAN_POINT ( 'NONE',  ( -0.3200000000000000067, -1.550000000000000044, -1.800000000000000044 ) ) ;
#8552 = ORIENTED_EDGE ( 'NONE', *, *, #4122, .F. ) ;
#8553 = LINE ( 'NONE', #5272, #5585 ) ;
#8554 = EDGE_CURVE ( 'NONE', #4473, #1282, #7395, .T. ) ;
#8555 = FILL_AREA_STYLE_COLOUR ( '', #5063 ) ;
#8556 = EDGE_CURVE ( 'NONE', #4497, #1571, #2765, .T. ) ;
#8557 = ADVANCED_FACE ( 'NONE', ( #8464 ), #7601, .F. ) ;
#8558 = CARTESIAN_POINT ( 'NONE',  ( 1.219999999999999751, -0.8999999999999998002, -2.449999999999998401 ) ) ;
#8559 = ORIENTED_EDGE ( 'NONE', *, *, #5818, .T. ) ;
#8560 =( NAMED_UNIT ( * ) PLANE_ANGLE_UNIT ( ) SI_UNIT ( $, .RADIAN. ) );
#8561 = ORIENTED_EDGE ( 'NONE', *, *, #6785, .T. ) ;
#8562 = CARTESIAN_POINT ( 'NONE',  ( -1.119999999999999885, 1.440000000000000169, -1.800000000000000044 ) ) ;
#8563 = EDGE_CURVE ( 'NONE', #6528, #365, #6307, .T. ) ;
#8564 = FILL_AREA_STYLE ('',( #7354 ) ) ;
#8565 = EDGE_CURVE ( 'NONE', #1317, #3894, #266, .T. ) ;
#8566 = CARTESIAN_POINT ( 'NONE',  ( 2.805000000000000160, 0.2650000000000000133, -0.8909545442950493888 ) ) ;
#8567 = SURFACE_STYLE_FILL_AREA ( #5843 ) ;
#8568 =( BOUNDED_CURVE ( )  B_SPLINE_CURVE ( 3, ( #737, #6110, #3719, #5051 ),
 .UNSPECIFIED., .F., .F. ) 
 B_SPLINE_CURVE_WITH_KNOTS ( ( 4, 4 ),
 ( 3.141592653589793116, 3.926990816987240951 ),
 .UNSPECIFIED. ) 
 CURVE ( )  GEOMETRIC_REPRESENTATION_ITEM ( )  RATIONAL_B_SPLINE_CURVE ( ( 1.000000000000000000, 0.9492530216741912330, 0.9492530216741912330, 1.000000000000000000 ) ) 
 REPRESENTATION_ITEM ( '' )  );
#8569 =( LENGTH_UNIT ( ) NAMED_UNIT ( * ) SI_UNIT ( .MILLI., .METRE. ) );
#8570 =( LENGTH_UNIT ( ) NAMED_UNIT ( * ) SI_UNIT ( .MILLI., .METRE. ) );
#8571 = ORIENTED_EDGE ( 'NONE', *, *, #7229, .T. ) ;
#8572 = DIRECTION ( 'NONE',  ( 0.000000000000000000, 1.000000000000000000, 0.000000000000000000 ) ) ;
#8573 = STYLED_ITEM ( 'NONE', ( #7900 ), #6831 ) ;
#8574 =( LENGTH_UNIT ( ) NAMED_UNIT ( * ) SI_UNIT ( .MILLI., .METRE. ) );
#8575 = VERTEX_POINT ( 'NONE', #1617 ) ;
#8576 = EDGE_LOOP ( 'NONE', ( #3114, #8643, #4093, #8502 ) ) ;
#8577 = LINE ( 'NONE', #5855, #594 ) ;
#8578 = COLOUR_RGB ( '',0.5607843137254902022, 0.6470588235294117974, 0.6352941176470587870 ) ;
#8579 = ORIENTED_EDGE ( 'NONE', *, *, #5982, .F. ) ;
#8580 = FILL_AREA_STYLE_COLOUR ( '', #5374 ) ;
#8581 = ORIENTED_EDGE ( 'NONE', *, *, #6526, .F. ) ;
#8582 = CARTESIAN_POINT ( 'NONE',  ( -3.510000000000000231, 1.250000000000000000, -2.799999999999999822 ) ) ;
#8583 = LINE ( 'NONE', #4535, #5614 ) ;
#8584 = ORIENTED_EDGE ( 'NONE', *, *, #7047, .T. ) ;
#8585 = COLOUR_RGB ( '',0.9686274509803921573, 0.8784313725490195957, 0.5999999999999999778 ) ;
#8586 = ORIENTED_EDGE ( 'NONE', *, *, #7107, .T. ) ;
#8587 = CARTESIAN_POINT ( 'NONE',  ( 0.000000000000000000, 0.000000000000000000, -2.799999999999999822 ) ) ;
#8588 = COLOUR_RGB ( '',0.5607843137254902022, 0.6470588235294117974, 0.6352941176470587870 ) ;
#8589 = PRESENTATION_LAYER_ASSIGNMENT (  '', '', ( #1828 ) ) ;
#8590 = ORIENTED_EDGE ( 'NONE', *, *, #2555, .T. ) ;
#8591 = CARTESIAN_POINT ( 'NONE',  ( -2.274999999999999911, 0.2650000000000000133, -5.440192378864675327 ) ) ;
#8592 = SURFACE_STYLE_USAGE ( .BOTH. , #5870 ) ;
#8593 = MECHANICAL_DESIGN_GEOMETRIC_PRESENTATION_REPRESENTATION (  '', ( #6730 ), #3474 ) ;
#8594 = PLANE ( 'NONE',  #3231 ) ;
#8595 = CARTESIAN_POINT ( 'NONE',  ( 0.8699999999999996625, 1.250000000000000000, 0.000000000000000000 ) ) ;
#8596 = CARTESIAN_POINT ( 'NONE',  ( 3.409999999999999698, 1.250000000000000000, 0.000000000000000000 ) ) ;
#8597 = ORIENTED_EDGE ( 'NONE', *, *, #3035, .F. ) ;
#8598 = ORIENTED_EDGE ( 'NONE', *, *, #4933, .T. ) ;
#8599 =( GEOMETRIC_REPRESENTATION_CONTEXT ( 3 ) GLOBAL_UNCERTAINTY_ASSIGNED_CONTEXT ( ( #5632 ) ) GLOBAL_UNIT_ASSIGNED_CONTEXT ( ( #5755, #5973, #1675 ) ) REPRESENTATION_CONTEXT ( 'NONE', 'WORKASPACE' ) );
#8600 = PRESENTATION_LAYER_ASSIGNMENT (  '', '', ( #3355 ) ) ;
#8601 = PRESENTATION_LAYER_ASSIGNMENT (  '', '', ( #7467 ) ) ;
#8602 = AXIS2_PLACEMENT_3D ( 'NONE', #2442, #5080, #7772 ) ;
#8603 = EDGE_CURVE ( 'NONE', #2985, #7822, #6866, .T. ) ;
#8604 = STYLED_ITEM ( 'NONE', ( #5004 ), #8557 ) ;
#8605 = ORIENTED_EDGE ( 'NONE', *, *, #6362, .T. ) ;
#8606 = DIRECTION ( 'NONE',  ( -0.7071067811865487940, 0.000000000000000000, 0.7071067811865463515 ) ) ;
#8607 = ORIENTED_EDGE ( 'NONE', *, *, #5779, .F. ) ;
#8608 = FILL_AREA_STYLE ('',( #5887 ) ) ;
#8609 = MECHANICAL_DESIGN_GEOMETRIC_PRESENTATION_REPRESENTATION (  '', ( #565 ), #7011 ) ;
#8610 =( NAMED_UNIT ( * ) SI_UNIT ( $, .STERADIAN. ) SOLID_ANGLE_UNIT ( ) );
#8611 = CARTESIAN_POINT ( 'NONE',  ( 5.080000000000000071, 0.1650000000000000633, -6.000000000000000000 ) ) ;
#8612 = PRESENTATION_LAYER_ASSIGNMENT (  '', '', ( #3633 ) ) ;
#8613 = DIRECTION ( 'NONE',  ( 0.9659258262890677571, 0.000000000000000000, -0.2588190451025230709 ) ) ;
#8614 = PRESENTATION_LAYER_ASSIGNMENT (  '', '', ( #6994 ) ) ;
#8615 = EDGE_CURVE ( 'NONE', #8467, #5947, #5561, .T. ) ;
#8616 = EDGE_CURVE ( 'NONE', #377, #4857, #6343, .T. ) ;
#8617 = CARTESIAN_POINT ( 'NONE',  ( -3.510000000000000231, -1.250000000000000000, 0.000000000000000000 ) ) ;
#8618 = VECTOR ( 'NONE', #6930, 1000.000000000000000 ) ;
#8619 = STYLED_ITEM ( 'NONE', ( #6323 ), #4718 ) ;
#8620 = SURFACE_STYLE_USAGE ( .BOTH. , #6685 ) ;
#8621 = PRESENTATION_STYLE_ASSIGNMENT (( #5981 ) ) ;
#8622 = ORIENTED_EDGE ( 'NONE', *, *, #8517, .T. ) ;
#8623 = AXIS2_PLACEMENT_3D ( 'NONE', #1895, #7051, #6541 ) ;
#8624 = FACE_OUTER_BOUND ( 'NONE', #7505, .T. ) ;
#8625 = SURFACE_SIDE_STYLE ('',( #4053 ) ) ;
#8626 = CARTESIAN_POINT ( 'NONE',  ( -2.274999999999999911, 0.3150000000000000022, 0.000000000000000000 ) ) ;
#8627 = DIRECTION ( 'NONE',  ( 0.000000000000000000, -1.000000000000000000, 0.000000000000000000 ) ) ;
#8628 = ORIENTED_EDGE ( 'NONE', *, *, #557, .F. ) ;
#8629 = ORIENTED_EDGE ( 'NONE', *, *, #1325, .T. ) ;
#8630 = MECHANICAL_DESIGN_GEOMETRIC_PRESENTATION_REPRESENTATION (  '', ( #1432 ), #8057 ) ;
#8631 =( BOUNDED_CURVE ( )  B_SPLINE_CURVE ( 3, ( #5448, #7499, #2196, #1591 ),
 .UNSPECIFIED., .F., .T. ) 
 B_SPLINE_CURVE_WITH_KNOTS ( ( 4, 4 ),
 ( 2.356194490192345281, 3.141592653589793116 ),
 .UNSPECIFIED. ) 
 CURVE ( )  GEOMETRIC_REPRESENTATION_ITEM ( )  RATIONAL_B_SPLINE_CURVE ( ( 1.000000000000000000, 0.9492530216741912330, 0.9492530216741912330, 1.000000000000000000 ) ) 
 REPRESENTATION_ITEM ( '' )  );
#8632 = LINE ( 'NONE', #7857, #6511 ) ;
#8633 = PRESENTATION_LAYER_ASSIGNMENT (  '', '', ( #3242 ) ) ;
#8634 = EDGE_CURVE ( 'NONE', #1055, #7622, #6355, .T. ) ;
#8635 = CARTESIAN_POINT ( 'NONE',  ( 1.269999999999999796, -0.9499999999999995115, 6.699999999999999289 ) ) ;
#8636 = ORIENTED_EDGE ( 'NONE', *, *, #6999, .F. ) ;
#8637 = PLANE ( 'NONE',  #6537 ) ;
#8638 = CARTESIAN_POINT ( 'NONE',  ( -2.274999999999999911, -0.2650000000000000133, -0.8909545442950493888 ) ) ;
#8639 = PRESENTATION_LAYER_ASSIGNMENT (  '', '', ( #143 ) ) ;
#8640 = VECTOR ( 'NONE', #6740, 1000.000000000000000 ) ;
#8641 = PRESENTATION_LAYER_ASSIGNMENT (  '', '', ( #3820 ) ) ;
#8642 = FILL_AREA_STYLE_COLOUR ( '', #8496 ) ;
#8643 = ORIENTED_EDGE ( 'NONE', *, *, #6907, .T. ) ;
#8644 = CARTESIAN_POINT ( 'NONE',  ( -0.3649999999999998801, -0.3150000000000000022, 6.140192378864673728 ) ) ;
#8645 = VECTOR ( 'NONE', #3705, 1000.000000000000000 ) ;
#8646 = VERTEX_POINT ( 'NONE', #2274 ) ;
#8647 =( NAMED_UNIT ( * ) SI_UNIT ( $, .STERADIAN. ) SOLID_ANGLE_UNIT ( ) );
#8648 = VERTEX_POINT ( 'NONE', #307 ) ;
#8649 = EDGE_CURVE ( 'NONE', #6408, #6072, #5687, .T. ) ;
#8650 = DIRECTION ( 'NONE',  ( 1.000000000000000000, 0.000000000000000000, 0.000000000000000000 ) ) ;
#8651 = VECTOR ( 'NONE', #5860, 1000.000000000000000 ) ;
#8652 = ORIENTED_EDGE ( 'NONE', *, *, #2925, .F. ) ;
#8653 = LINE ( 'NONE', #2592, #4733 ) ;
#8654 = SURFACE_STYLE_USAGE ( .BOTH. , #1906 ) ;
#8655 = PLANE ( 'NONE',  #7171 ) ;
#8656 = EDGE_CURVE ( 'NONE', #2385, #2985, #7054, .T. ) ;
#8657 = DIRECTION ( 'NONE',  ( -1.000000000000000000, 0.000000000000000000, 0.000000000000000000 ) ) ;
#8658 = CARTESIAN_POINT ( 'NONE',  ( -2.325000000000000178, 0.3150000000000000022, -5.440192378864675327 ) ) ;
#8659 = DIRECTION ( 'NONE',  ( 1.000000000000000000, 0.000000000000000000, 0.000000000000000000 ) ) ;
#8660 = CARTESIAN_POINT ( 'NONE',  ( 3.810000000000000053, 1.250000000000000000, -1.810000000000000053 ) ) ;
#8661 = ORIENTED_EDGE ( 'NONE', *, *, #6102, .F. ) ;
#8662 = PRESENTATION_STYLE_ASSIGNMENT (( #3256 ) ) ;
#8663 = FILL_AREA_STYLE ('',( #2651 ) ) ;
#8664 = EDGE_CURVE ( 'NONE', #8467, #5300, #4210, .T. ) ;
#8665 = VERTEX_POINT ( 'NONE', #6402 ) ;
#8666 = EDGE_CURVE ( 'NONE', #8537, #6918, #4908, .T. ) ;
#8667 = ORIENTED_EDGE ( 'NONE', *, *, #6415, .T. ) ;
#8668 = DIRECTION ( 'NONE',  ( 1.000000000000000000, 0.000000000000000000, 0.000000000000000000 ) ) ;
#8669 =( NAMED_UNIT ( * ) SI_UNIT ( $, .STERADIAN. ) SOLID_ANGLE_UNIT ( ) );
#8670 = PLANE ( 'NONE',  #3472 ) ;
#8671 = VERTEX_POINT ( 'NONE', #4258 ) ;
#8672 = CARTESIAN_POINT ( 'NONE',  ( 0.2150000000000000244, -0.3150000000000000022, 6.140192378864673728 ) ) ;
#8673 = ORIENTED_EDGE ( 'NONE', *, *, #5488, .T. ) ;
#8674 = PRESENTATION_STYLE_ASSIGNMENT (( #1298 ) ) ;
#8675 =( NAMED_UNIT ( * ) PLANE_ANGLE_UNIT ( ) SI_UNIT ( $, .RADIAN. ) );
#8676 = CARTESIAN_POINT ( 'NONE',  ( 2.805000000000000604, -0.2784380551032344941, -5.440192378864676215 ) ) ;
#8677 = ADVANCED_FACE ( 'NONE', ( #6265 ), #220, .F. ) ;
#8678 = EDGE_CURVE ( 'NONE', #3563, #2484, #3148, .T. ) ;
#8679 = AXIS2_PLACEMENT_3D ( 'NONE', #5984, #649, #1913 ) ;
#8680 =( GEOMETRIC_REPRESENTATION_CONTEXT ( 3 ) GLOBAL_UNCERTAINTY_ASSIGNED_CONTEXT ( ( #5471 ) ) GLOBAL_UNIT_ASSIGNED_CONTEXT ( ( #1599, #8224, #483 ) ) REPRESENTATION_CONTEXT ( 'NONE', 'WORKASPACE' ) );
#8681 = SURFACE_STYLE_FILL_AREA ( #3945 ) ;
#8682 = ORIENTED_EDGE ( 'NONE', *, *, #3788, .F. ) ;
#8683 = DIRECTION ( 'NONE',  ( 0.000000000000000000, 0.000000000000000000, -1.000000000000000000 ) ) ;
#8684 = DIRECTION ( 'NONE',  ( 1.000000000000000000, 0.000000000000000000, 0.000000000000000000 ) ) ;
#8685 = STYLED_ITEM ( 'NONE', ( #613 ), #1921 ) ;
#8686 = EDGE_LOOP ( 'NONE', ( #5556, #1291, #1017, #8011, #3176, #1475 ) ) ;
#8687 = LINE ( 'NONE', #5458, #7519 ) ;
#8688 = ORIENTED_EDGE ( 'NONE', *, *, #3541, .F. ) ;
#8689 = UNCERTAINTY_MEASURE_WITH_UNIT (LENGTH_MEASURE( 1.000000000000000082E-05 ), #8040, 'distance_accuracy_value', 'NONE');
#8690 = STYLED_ITEM ( 'NONE', ( #1504 ), #3343 ) ;
#8691 = LINE ( 'NONE', #1941, #1249 ) ;
#8692 = DIRECTION ( 'NONE',  ( 0.7071067811865474617, 0.7071067811865474617, 0.000000000000000000 ) ) ;
#8693 = ORIENTED_EDGE ( 'NONE', *, *, #3602, .F. ) ;
#8694 = PLANE ( 'NONE',  #6471 ) ;
#8695 =( NAMED_UNIT ( * ) SI_UNIT ( $, .STERADIAN. ) SOLID_ANGLE_UNIT ( ) );
#8696 =( NAMED_UNIT ( * ) PLANE_ANGLE_UNIT ( ) SI_UNIT ( $, .RADIAN. ) );
#8697 = DIRECTION ( 'NONE',  ( -0.7071067811865487940, 0.000000000000000000, -0.7071067811865463515 ) ) ;
#8698 = VERTEX_POINT ( 'NONE', #1182 ) ;
#8699 = AXIS2_PLACEMENT_3D ( 'NONE', #3399, #4707, #2028 ) ;
#8700 =( LENGTH_UNIT ( ) NAMED_UNIT ( * ) SI_UNIT ( .MILLI., .METRE. ) );
#8701 = VERTEX_POINT ( 'NONE', #1938 ) ;
#8702 = LINE ( 'NONE', #6602, #6313 ) ;
#8703 = ORIENTED_EDGE ( 'NONE', *, *, #4219, .T. ) ;
#8704 = ORIENTED_EDGE ( 'NONE', *, *, #5995, .F. ) ;
#8705 = CARTESIAN_POINT ( 'NONE',  ( -3.810000000000000053, 0.9499999999999999556, -0.9899999999999999911 ) ) ;
#8706 = PLANE ( 'NONE',  #815 ) ;
#8707 = ADVANCED_FACE ( 'NONE', ( #4624 ), #5316, .F. ) ;
#8708 = EDGE_CURVE ( 'NONE', #4276, #1974, #7099, .T. ) ;
#8709 = COLOUR_RGB ( '',0.5607843137254902022, 0.6470588235294117974, 0.6352941176470587870 ) ;
#8710 =( LENGTH_UNIT ( ) NAMED_UNIT ( * ) SI_UNIT ( .MILLI., .METRE. ) );
#8711 = ORIENTED_EDGE ( 'NONE', *, *, #2665, .F. ) ;
#8712 = LINE ( 'NONE', #3391, #1046 ) ;
#8713 = CARTESIAN_POINT ( 'NONE',  ( 1.443333333333330692, -3.216666666666669006, 1.966666666666676555 ) ) ;
#8714 = CARTESIAN_POINT ( 'NONE',  ( 1.169999999999998375, 0.7500000000000000000, -2.500000000000000000 ) ) ;
#8715 = PRESENTATION_LAYER_ASSIGNMENT (  '', '', ( #3060 ) ) ;
#8716 = SURFACE_STYLE_USAGE ( .BOTH. , #3311 ) ;
#8717 = EDGE_CURVE ( 'NONE', #1760, #7288, #3106, .T. ) ;
#8718 = EDGE_CURVE ( 'NONE', #6981, #7949, #6447, .T. ) ;
#8719 =( NAMED_UNIT ( * ) PLANE_ANGLE_UNIT ( ) SI_UNIT ( $, .RADIAN. ) );
#8720 = ORIENTED_EDGE ( 'NONE', *, *, #3406, .T. ) ;
#8721 = PRESENTATION_LAYER_ASSIGNMENT (  '', '', ( #227 ) ) ;
#8722 = CARTESIAN_POINT ( 'NONE',  ( 2.754999999999999893, 0.3150000000000000022, -5.440192378864675327 ) ) ;
#8723 = UNCERTAINTY_MEASURE_WITH_UNIT (LENGTH_MEASURE( 1.000000000000000082E-05 ), #848, 'distance_accuracy_value', 'NONE');
#8724 = CARTESIAN_POINT ( 'NONE',  ( 2.754999999999999893, -0.3150000000000000022, -2.500000000000000000 ) ) ;
#8725 =( NAMED_UNIT ( * ) SI_UNIT ( $, .STERADIAN. ) SOLID_ANGLE_UNIT ( ) );
#8726 = ORIENTED_EDGE ( 'NONE', *, *, #8068, .T. ) ;
#8727 = STYLED_ITEM ( 'NONE', ( #6524 ), #3558 ) ;
#8728 = VECTOR ( 'NONE', #6956, 1000.000000000000000 ) ;
#8729 = SURFACE_STYLE_USAGE ( .BOTH. , #1525 ) ;
#8730 = VERTEX_POINT ( 'NONE', #6505 ) ;
#8731 = LINE ( 'NONE', #2683, #7735 ) ;
#8732 = DIRECTION ( 'NONE',  ( -0.2505628070857336409, 0.2505628070857336409, -0.9351131265310282936 ) ) ;
#8733 = DIRECTION ( 'NONE',  ( 0.000000000000000000, 0.000000000000000000, 1.000000000000000000 ) ) ;
#8734 = AXIS2_PLACEMENT_3D ( 'NONE', #2156, #2938, #7525 ) ;
#8735 = ORIENTED_EDGE ( 'NONE', *, *, #2180, .T. ) ;
#8736 =( NAMED_UNIT ( * ) SI_UNIT ( $, .STERADIAN. ) SOLID_ANGLE_UNIT ( ) );
#8737 = STYLED_ITEM ( 'NONE', ( #5434 ), #5117 ) ;
#8738 = SURFACE_SIDE_STYLE ('',( #7307 ) ) ;
#8739 = PRESENTATION_LAYER_ASSIGNMENT (  '', '', ( #8312 ) ) ;
#8740 = COLOUR_RGB ( '',0.5607843137254902022, 0.6470588235294117974, 0.6352941176470587870 ) ;
#8741 = VECTOR ( 'NONE', #2183, 1000.000000000000000 ) ;
#8742 = ORIENTED_EDGE ( 'NONE', *, *, #3368, .F. ) ;
#8743 = DIRECTION ( 'NONE',  ( 0.5773502691896251759, -0.5773502691896251759, -0.5773502691896270633 ) ) ;
#8744 = ADVANCED_FACE ( 'NONE', ( #7248 ), #8594, .F. ) ;
#8745 = DIRECTION ( 'NONE',  ( 0.7071067811865475727, -0.7071067811865475727, 0.000000000000000000 ) ) ;
#8746 = CARTESIAN_POINT ( 'NONE',  ( 3.709999999999999964, -0.9499999999999999556, -1.800000000000000044 ) ) ;
#8747 =( NAMED_UNIT ( * ) PLANE_ANGLE_UNIT ( ) SI_UNIT ( $, .RADIAN. ) );
#8748 = DIRECTION ( 'NONE',  ( 1.000000000000000000, 0.000000000000000000, 0.000000000000000000 ) ) ;
#8749 = AXIS2_PLACEMENT_3D ( 'NONE', #2867, #4309, #155 ) ;
#8750 = DIRECTION ( 'NONE',  ( 1.000000000000000000, 0.000000000000000000, 0.000000000000000000 ) ) ;
#8751 = EDGE_LOOP ( 'NONE', ( #4374, #4490, #2565, #1333 ) ) ;
#8752 = VERTEX_POINT ( 'NONE', #8724 ) ;
#8753 = PRESENTATION_LAYER_ASSIGNMENT (  '', '', ( #7169 ) ) ;
#8754 = SURFACE_STYLE_FILL_AREA ( #7414 ) ;
#8755 = AXIS2_PLACEMENT_3D ( 'NONE', #8188, #2026, #2751 ) ;
#8756 = DIRECTION ( 'NONE',  ( 0.000000000000000000, 0.000000000000000000, 1.000000000000000000 ) ) ;
#8757 = ORIENTED_EDGE ( 'NONE', *, *, #6401, .F. ) ;
#8758 = DIRECTION ( 'NONE',  ( 0.7071067811865463515, 0.000000000000000000, -0.7071067811865487940 ) ) ;
#8759 = CARTESIAN_POINT ( 'NONE',  ( -1.270000000000000240, 0.8499999999999998668, -0.4000000000000014655 ) ) ;
#8760 = DIRECTION ( 'NONE',  ( -1.000000000000000000, 0.000000000000000000, 0.000000000000000000 ) ) ;
#8761 = PRESENTATION_LAYER_ASSIGNMENT (  '', '', ( #1432 ) ) ;
#8762 = COLOUR_RGB ( '',0.5607843137254902022, 0.6470588235294117974, 0.6352941176470587870 ) ;
#8763 =( GEOMETRIC_REPRESENTATION_CONTEXT ( 3 ) GLOBAL_UNCERTAINTY_ASSIGNED_CONTEXT ( ( #185 ) ) GLOBAL_UNIT_ASSIGNED_CONTEXT ( ( #8265, #1607, #791 ) ) REPRESENTATION_CONTEXT ( 'NONE', 'WORKASPACE' ) );
#8764 = EDGE_CURVE ( 'NONE', #6380, #6074, #6050, .T. ) ;
#8765 = CARTESIAN_POINT ( 'NONE',  ( 2.807245671714606594, -0.3172456717146062144, -5.431811417928645191 ) ) ;
#8766 = PLANE ( 'NONE',  #1313 ) ;
ENDSEC;
END-ISO-10303-21;
