ISO-10303-21;
HEADER;
FILE_DESCRIPTION (( 'STEP AP214' ),
    '1' );
FILE_NAME ('CAP-SMD_L7.3-W4.3-RD.step',
    '2022-07-01T06:43:25',
    ( '' ),
    ( '' ),
    'SwSTEP 2.0',
    'SolidWorks 2020',
    '' );
FILE_SCHEMA (( 'AUTOMOTIVE_DESIGN' ));
ENDSEC;

DATA;
#1 = PRESENTATION_LAYER_ASSIGNMENT (  '', '', ( #10642 ) ) ;
#2 = PRESENTATION_LAYER_ASSIGNMENT (  '', '', ( #8078 ) ) ;
#3 = FACE_OUTER_BOUND ( 'NONE', #11296, .T. ) ;
#4 = ORIENTED_EDGE ( 'NONE', *, *, #3039, .T. ) ;
#5 = CARTESIAN_POINT ( 'NONE',  ( -0.7440392831906305071, 2.149999999999999911, -0.1782490503721157471 ) ) ;
#6 = EDGE_LOOP ( 'NONE', ( #8977, #2955, #5677, #3184, #8196, #872, #8543 ) ) ;
#7 =( LENGTH_UNIT ( ) NAMED_UNIT ( * ) SI_UNIT ( .MILLI., .METRE. ) );
#8 = B_SPLINE_SURFACE_WITH_KNOTS ( 'NONE', 3, 1, ( 
 ( #2374, #350 ),
 ( #10710, #9799 ),
 ( #5104, #419 ),
 ( #4188, #1396 ) ),
 .UNSPECIFIED., .F., .F., .F.,
 ( 4, 4 ),
 ( 2, 2 ),
 ( 1.000000000000000000, 2.000000000000000000 ),
 ( 0.000000000000000000, 1.000000000000000000 ),
 .UNSPECIFIED. ) ;
#9 = ORIENTED_EDGE ( 'NONE', *, *, #2965, .T. ) ;
#10 = PLANE ( 'NONE',  #6379 ) ;
#11 = CARTESIAN_POINT ( 'NONE',  ( -0.1527604228407509201, 2.150000000000000355, -0.1497245425174539846 ) ) ;
#12 = PRODUCT_DEFINITION_FORMATION_WITH_SPECIFIED_SOURCE ( 'ÈÎºÎ', '', #6053, .NOT_KNOWN. ) ;
#13 = VECTOR ( 'NONE', #1609, 1000.000000000000000 ) ;
#14 =( NAMED_UNIT ( * ) SI_UNIT ( $, .STERADIAN. ) SOLID_ANGLE_UNIT ( ) );
#15 = FILL_AREA_STYLE_COLOUR ( '', #2449 ) ;
#16 = EDGE_CURVE ( 'NONE', #3526, #5350, #9042, .T. ) ;
#17 =( NAMED_UNIT ( * ) SI_UNIT ( $, .STERADIAN. ) SOLID_ANGLE_UNIT ( ) );
#18 = DIRECTION ( 'NONE',  ( -0.007092178509963293145, -0.000000000000000000, 0.9999748501857348426 ) ) ;
#19 = EDGE_CURVE ( 'NONE', #6789, #2055, #2833, .T. ) ;
#20 = EDGE_CURVE ( 'NONE', #113, #2810, #3434, .T. ) ;
#21 = UNCERTAINTY_MEASURE_WITH_UNIT (LENGTH_MEASURE( 1.000000000000000082E-05 ), #11686, 'distance_accuracy_value', 'NONE');
#22 = PRESENTATION_LAYER_ASSIGNMENT (  '', '', ( #9104 ) ) ;
#23 = CARTESIAN_POINT ( 'NONE',  ( -0.5793881924429503671, 2.151000000000000689, -0.04648440729807277322 ) ) ;
#24 = CARTESIAN_POINT ( 'NONE',  ( -0.001154990576332434737, 2.150000000000000355, -0.1797388462800270648 ) ) ;
#25 = CARTESIAN_POINT ( 'NONE',  ( -0.1528238405200043337, 2.150000000000000355, -0.1407828493238073297 ) ) ;
#26 = CARTESIAN_POINT ( 'NONE',  ( -0.5908525703183222788, 2.151000000000000689, 0.2358396357562536905 ) ) ;
#27 = DIRECTION ( 'NONE',  ( 0.9999748501857348426, -0.000000000000000000, 0.007092178509963767592 ) ) ;
#28 = CARTESIAN_POINT ( 'NONE',  ( -0.2438807483190270076, 2.150000000000000355, -0.1300950110839209084 ) ) ;
#29 =( NAMED_UNIT ( * ) SI_UNIT ( $, .STERADIAN. ) SOLID_ANGLE_UNIT ( ) );
#30 = CARTESIAN_POINT ( 'NONE',  ( -0.1939400560608335045, 2.151000000000000689, -0.2297680410870831247 ) ) ;
#31 = MECHANICAL_DESIGN_GEOMETRIC_PRESENTATION_REPRESENTATION (  '', ( #6369 ), #2974 ) ;
#32 = CARTESIAN_POINT ( 'NONE',  ( 0.6116445440076632156, 2.151000000000000689, -0.1972975950925945077 ) ) ;
#33 = MECHANICAL_DESIGN_GEOMETRIC_PRESENTATION_REPRESENTATION (  '', ( #2977 ), #12012 ) ;
#34 = EDGE_CURVE ( 'NONE', #1468, #9807, #1636, .T. ) ;
#35 = PRESENTATION_STYLE_ASSIGNMENT (( #9556 ) ) ;
#36 = VERTEX_POINT ( 'NONE', #10373 ) ;
#37 = CARTESIAN_POINT ( 'NONE',  ( -0.2041715110770059849, 2.151000000000000689, 0.09862718045085375196 ) ) ;
#38 = ORIENTED_EDGE ( 'NONE', *, *, #306, .T. ) ;
#39 = CARTESIAN_POINT ( 'NONE',  ( -0.1790932907537494401, 2.150000000000000355, -0.1386816366930572753 ) ) ;
#40 = LINE ( 'NONE', #9497, #283 ) ;
#41 = SURFACE_SIDE_STYLE ('',( #9433 ) ) ;
#42 = VECTOR ( 'NONE', #889, 1000.000000000000000 ) ;
#43 = ORIENTED_EDGE ( 'NONE', *, *, #9537, .F. ) ;
#44 = COLOUR_RGB ( '',1.000000000000000000, 1.000000000000000000, 1.000000000000000000 ) ;
#45 =( NAMED_UNIT ( * ) SI_UNIT ( $, .STERADIAN. ) SOLID_ANGLE_UNIT ( ) );
#46 = ORIENTED_EDGE ( 'NONE', *, *, #5922, .T. ) ;
#47 = CARTESIAN_POINT ( 'NONE',  ( -0.5979747329197253602, 2.151000000000000689, 0.2357891228373169556 ) ) ;
#48 = CARTESIAN_POINT ( 'NONE',  ( -0.3519693816996759539, 2.150000000000000355, 0.09757894520608351163 ) ) ;
#49 = CARTESIAN_POINT ( 'NONE',  ( 0.1307865612851951131, 2.151000000000000689, 0.07781563795318785504 ) ) ;
#50 = EDGE_CURVE ( 'NONE', #1332, #9862, #661, .T. ) ;
#51 = ORIENTED_EDGE ( 'NONE', *, *, #2323, .F. ) ;
#52 = PRESENTATION_STYLE_ASSIGNMENT (( #2875 ) ) ;
#53 = B_SPLINE_CURVE_WITH_KNOTS ( 'NONE', 3,
 ( #5264, #8814, #10015, #1301 ),
 .UNSPECIFIED., .F., .F.,
 ( 4, 4 ),
 ( 5.000000000000000000, 6.000000000000000000 ),
 .UNSPECIFIED. ) ;
#54 = CARTESIAN_POINT ( 'NONE',  ( -0.06011928477572203722, 2.151000000000000689, 0.2832747164274200813 ) ) ;
#55 = PLANE ( 'NONE',  #2129 ) ;
#56 = UNCERTAINTY_MEASURE_WITH_UNIT (LENGTH_MEASURE( 1.000000000000000082E-05 ), #5820, 'distance_accuracy_value', 'NONE');
#57 = CARTESIAN_POINT ( 'NONE',  ( 0.01474253058880173328, 2.151000000000000689, 0.1443706197947063341 ) ) ;
#58 = SURFACE_STYLE_FILL_AREA ( #1726 ) ;
#59 = ORIENTED_EDGE ( 'NONE', *, *, #4161, .F. ) ;
#60 = AXIS2_PLACEMENT_3D ( 'NONE', #9700, #8808, #9514 ) ;
#61 = CARTESIAN_POINT ( 'NONE',  ( -0.5793881924429503671, 2.151000000000000689, -0.04648440729807277322 ) ) ;
#62 = MECHANICAL_DESIGN_GEOMETRIC_PRESENTATION_REPRESENTATION (  '', ( #10131 ), #2612 ) ;
#63 = LINE ( 'NONE', #1180, #9704 ) ;
#64 = PLANE ( 'NONE',  #8441 ) ;
#65 = DIRECTION ( 'NONE',  ( 1.188166764367676342E-16, -1.000000000000000000, -0.000000000000000000 ) ) ;
#66 = CARTESIAN_POINT ( 'NONE',  ( 0.9090899521946753659, 2.151000000000000689, -0.1359010631206535868 ) ) ;
#67 = DIRECTION ( 'NONE',  ( 1.188166764367676342E-16, -1.000000000000000000, -0.000000000000000000 ) ) ;
#68 = CARTESIAN_POINT ( 'NONE',  ( 0.8787249797891000247, 2.150000000000000355, -0.1361164223416484742 ) ) ;
#69 = ORIENTED_EDGE ( 'NONE', *, *, #2171, .T. ) ;
#70 = DIRECTION ( 'NONE',  ( 0.9468623945986602841, 1.125030427691720103E-16, -0.3216389368451695319 ) ) ;
#71 = CARTESIAN_POINT ( 'NONE',  ( -0.3202505028397995557, 2.151000000000000689, -0.2477163385472322676 ) ) ;
#72 = ORIENTED_EDGE ( 'NONE', *, *, #476, .F. ) ;
#73 = ADVANCED_FACE ( 'NONE', ( #5705 ), #7188, .T. ) ;
#74 = LINE ( 'NONE', #6814, #3797 ) ;
#75 = MECHANICAL_DESIGN_GEOMETRIC_PRESENTATION_REPRESENTATION (  '', ( #6223 ), #3233 ) ;
#76 = FILL_AREA_STYLE_COLOUR ( '', #11929 ) ;
#77 = SURFACE_STYLE_USAGE ( .BOTH. , #4780 ) ;
#78 = SURFACE_SIDE_STYLE ('',( #10323 ) ) ;
#79 = CARTESIAN_POINT ( 'NONE',  ( 0.3177063338085588384, 2.150000000000000355, -0.1415413682689756758 ) ) ;
#80 =( NAMED_UNIT ( * ) PLANE_ANGLE_UNIT ( ) SI_UNIT ( $, .RADIAN. ) );
#81 = DIRECTION ( 'NONE',  ( -0.9999748501857348426, -1.188136882194236216E-16, -0.007092178509963165643 ) ) ;
#82 = VECTOR ( 'NONE', #7391, 1000.000000000000000 ) ;
#83 =( NAMED_UNIT ( * ) SI_UNIT ( $, .STERADIAN. ) SOLID_ANGLE_UNIT ( ) );
#84 = CARTESIAN_POINT ( 'NONE',  ( -0.4640786524897506093, 2.151000000000000689, 0.1517884033756901618 ) ) ;
#85 = LINE ( 'NONE', #6948, #4275 ) ;
#86 = EDGE_CURVE ( 'NONE', #1040, #5049, #2222, .T. ) ;
#87 = SURFACE_SIDE_STYLE ('',( #2790 ) ) ;
#88 = CARTESIAN_POINT ( 'NONE',  ( 0.9069978902406599097, 2.151000000000000689, -0.04481634617913134166 ) ) ;
#89 = EDGE_CURVE ( 'NONE', #11802, #8178, #8756, .T. ) ;
#90 = DIRECTION ( 'NONE',  ( 1.188166764367676342E-16, -1.000000000000000000, -0.000000000000000000 ) ) ;
#91 = EDGE_CURVE ( 'NONE', #10414, #3318, #6867, .T. ) ;
#92 = LINE ( 'NONE', #9547, #9096 ) ;
#93 = CARTESIAN_POINT ( 'NONE',  ( -0.7168326088181161682, 2.151000000000000245, -0.1219077513253094269 ) ) ;
#94 = CARTESIAN_POINT ( 'NONE',  ( -0.3336759508697417220, 2.151000000000000689, -0.2240005014894794200 ) ) ;
#95 = FILL_AREA_STYLE_COLOUR ( '', #3756 ) ;
#96 = CARTESIAN_POINT ( 'NONE',  ( 0.5700298596376432991, 2.151000000000000689, -0.2424194488938681002 ) ) ;
#97 = ORIENTED_EDGE ( 'NONE', *, *, #9464, .T. ) ;
#98 = CARTESIAN_POINT ( 'NONE',  ( -0.1237626628881585561, 2.151000000000000689, 0.2551650787023051481 ) ) ;
#99 = ORIENTED_EDGE ( 'NONE', *, *, #349, .T. ) ;
#100 = DIRECTION ( 'NONE',  ( 1.188166764367676342E-16, -1.000000000000000000, -0.000000000000000000 ) ) ;
#101 = VERTEX_POINT ( 'NONE', #8568 ) ;
#102 = DIRECTION ( 'NONE',  ( 0.007092178509969763664, 0.000000000000000000, -0.9999748501857348426 ) ) ;
#103 =( LENGTH_UNIT ( ) NAMED_UNIT ( * ) SI_UNIT ( .MILLI., .METRE. ) );
#104 =( NAMED_UNIT ( * ) PLANE_ANGLE_UNIT ( ) SI_UNIT ( $, .RADIAN. ) );
#105 = VERTEX_POINT ( 'NONE', #10682 ) ;
#106 = EDGE_LOOP ( 'NONE', ( #11002, #8655, #9013, #10534 ) ) ;
#107 = ADVANCED_FACE ( 'NONE', ( #5010 ), #2555, .F. ) ;
#108 = DIRECTION ( 'NONE',  ( 1.188166764367676342E-16, -1.000000000000000000, -0.000000000000000000 ) ) ;
#109 = SURFACE_STYLE_USAGE ( .BOTH. , #2019 ) ;
#110 = PLANE ( 'NONE',  #1963 ) ;
#111 = PRESENTATION_STYLE_ASSIGNMENT (( #4694 ) ) ;
#112 = CARTESIAN_POINT ( 'NONE',  ( -0.6945026966040518390, 2.151000000000000245, -0.2062838242416129286 ) ) ;
#113 = VERTEX_POINT ( 'NONE', #3145 ) ;
#114 = B_SPLINE_SURFACE_WITH_KNOTS ( 'NONE', 3, 1, ( 
 ( #5107, #9869 ),
 ( #2496, #6541 ),
 ( #6297, #7252 ),
 ( #664, #3490 ) ),
 .UNSPECIFIED., .F., .F., .F.,
 ( 4, 4 ),
 ( 2, 2 ),
 ( 19.00000000000000000, 20.00000000000000000 ),
 ( 0.000000000000000000, 1.000000000000000000 ),
 .UNSPECIFIED. ) ;
#115 =( LENGTH_UNIT ( ) NAMED_UNIT ( * ) SI_UNIT ( .MILLI., .METRE. ) );
#116 = EDGE_CURVE ( 'NONE', #764, #2132, #2958, .T. ) ;
#117 = CARTESIAN_POINT ( 'NONE',  ( 0.01452646803043681871, 2.150000000000000355, 0.1748347605559805173 ) ) ;
#118 = DIRECTION ( 'NONE',  ( 0.000000000000000000, 1.000000000000000000, -1.185846126156020721E-16 ) ) ;
#119 = STYLED_ITEM ( 'NONE', ( #4432 ), #833 ) ;
#120 = ORIENTED_EDGE ( 'NONE', *, *, #5759, .F. ) ;
#121 = FILL_AREA_STYLE ('',( #5756 ) ) ;
#122 = CARTESIAN_POINT ( 'NONE',  ( -0.2475599881690958848, 2.150000000000000355, -0.1904285814333953331 ) ) ;
#123 = LINE ( 'NONE', #10487, #2203 ) ;
#124 = ORIENTED_EDGE ( 'NONE', *, *, #11900, .T. ) ;
#125 = CARTESIAN_POINT ( 'NONE',  ( -0.2176754415752549798, 2.151000000000000689, -0.1964553339650816910 ) ) ;
#126 = CARTESIAN_POINT ( 'NONE',  ( -0.1882794288555473261, 2.150000000000000355, -0.1555912899434750696 ) ) ;
#127 = CARTESIAN_POINT ( 'NONE',  ( 0.5665021801224641163, 2.151000000000000689, -0.1527910532409131328 ) ) ;
#128 = B_SPLINE_CURVE_WITH_KNOTS ( 'NONE', 3,
 ( #8600, #3940, #7797, #9614 ),
 .UNSPECIFIED., .F., .F.,
 ( 4, 4 ),
 ( 1.000000000000000000, 2.000000000000000000 ),
 .UNSPECIFIED. ) ;
#129 = ORIENTED_EDGE ( 'NONE', *, *, #11209, .F. ) ;
#130 = PRODUCT_RELATED_PRODUCT_CATEGORY ( 'part', '', ( #6053 ) ) ;
#131 = SURFACE_STYLE_USAGE ( .BOTH. , #8573 ) ;
#132 = ORIENTED_EDGE ( 'NONE', *, *, #2156, .T. ) ;
#133 = AXIS2_PLACEMENT_3D ( 'NONE', #3900, #3779, #2828 ) ;
#134 = DIRECTION ( 'NONE',  ( -0.9999748501857348426, -1.188136882194236216E-16, -0.007092178509964280203 ) ) ;
#135 = CARTESIAN_POINT ( 'NONE',  ( 0.9837870730253228668, 2.150000000000000355, 0.1379272413878900039 ) ) ;
#136 = CARTESIAN_POINT ( 'NONE',  ( -0.06594393457482153331, 2.150000000000000355, -0.09763949769721640137 ) ) ;
#137 = CARTESIAN_POINT ( 'NONE',  ( 0.3874196183334083776, 2.150000000000000355, 0.01946165385534716699 ) ) ;
#138 = FILL_AREA_STYLE_COLOUR ( '', #2193 ) ;
#139 = B_SPLINE_CURVE_WITH_KNOTS ( 'NONE', 3,
 ( #4447, #4508, #6316, #12097 ),
 .UNSPECIFIED., .F., .F.,
 ( 4, 4 ),
 ( 17.00000000000000000, 18.00000000000000000 ),
 .UNSPECIFIED. ) ;
#141 = EDGE_CURVE ( 'NONE', #5961, #946, #1199, .T. ) ;
#140 = AXIS2_PLACEMENT_3D ( 'NONE', #1801, #5593, #7653 ) ;
#142 = UNCERTAINTY_MEASURE_WITH_UNIT (LENGTH_MEASURE( 1.000000000000000082E-05 ), #5055, 'distance_accuracy_value', 'NONE');
#143 = CARTESIAN_POINT ( 'NONE',  ( -0.01566146792690174469, 2.150000000000000355, -0.1355469301539373450 ) ) ;
#144 = FILL_AREA_STYLE ('',( #10451 ) ) ;
#145 = CARTESIAN_POINT ( 'NONE',  ( -0.06340580595147962684, 2.151000000000000689, -0.1183131993103883756 ) ) ;
#146 =( NAMED_UNIT ( * ) SI_UNIT ( $, .STERADIAN. ) SOLID_ANGLE_UNIT ( ) );
#147 = DIRECTION ( 'NONE',  ( -0.9999748501857348426, -0.000000000000000000, -0.007092178509965691401 ) ) ;
#148 = MECHANICAL_DESIGN_GEOMETRIC_PRESENTATION_REPRESENTATION (  '', ( #10202 ), #2121 ) ;
#149 = SURFACE_SIDE_STYLE ('',( #8586 ) ) ;
#150 = FACE_OUTER_BOUND ( 'NONE', #10225, .T. ) ;
#151 =( GEOMETRIC_REPRESENTATION_CONTEXT ( 3 ) GLOBAL_UNCERTAINTY_ASSIGNED_CONTEXT ( ( #6218 ) ) GLOBAL_UNIT_ASSIGNED_CONTEXT ( ( #9820, #10730, #1478 ) ) REPRESENTATION_CONTEXT ( 'NONE', 'WORKASPACE' ) );
#152 = FILL_AREA_STYLE ('',( #10516 ) ) ;
#153 = CARTESIAN_POINT ( 'NONE',  ( 0.6084551772325966779, 2.150000000000000355, 0.2523930829696912070 ) ) ;
#154 = CARTESIAN_POINT ( 'NONE',  ( -0.4576776305806097289, 2.151000000000000689, -0.06901633405737885030 ) ) ;
#155 = EDGE_CURVE ( 'NONE', #6687, #3149, #9644, .T. ) ;
#156 = DIRECTION ( 'NONE',  ( 2.017120320903264442E-16, -1.000000000000000000, 0.000000000000000000 ) ) ;
#157 = ORIENTED_EDGE ( 'NONE', *, *, #5760, .T. ) ;
#158 = VECTOR ( 'NONE', #7267, 1000.000000000000114 ) ;
#159 = EDGE_CURVE ( 'NONE', #3432, #2991, #12040, .T. ) ;
#160 = B_SPLINE_CURVE_WITH_KNOTS ( 'NONE', 3,
 ( #10828, #270, #1198, #2114 ),
 .UNSPECIFIED., .F., .F.,
 ( 4, 4 ),
 ( 3.000000000000000000, 4.000000000000000000 ),
 .UNSPECIFIED. ) ;
#161 = VECTOR ( 'NONE', #3616, 1000.000000000000227 ) ;
#162 = LINE ( 'NONE', #1030, #11346 ) ;
#163 = VECTOR ( 'NONE', #1092, 1000.000000000000114 ) ;
#164 = VERTEX_POINT ( 'NONE', #10494 ) ;
#165 = CARTESIAN_POINT ( 'NONE',  ( -0.09041529494550032409, 2.151000000000000689, 0.2593527695899005003 ) ) ;
#166 = FACE_OUTER_BOUND ( 'NONE', #4739, .T. ) ;
#167 = EDGE_LOOP ( 'NONE', ( #9735, #10253, #11889, #8510 ) ) ;
#168 =( NAMED_UNIT ( * ) PLANE_ANGLE_UNIT ( ) SI_UNIT ( $, .RADIAN. ) );
#169 = ORIENTED_EDGE ( 'NONE', *, *, #8493, .F. ) ;
#170 = EDGE_LOOP ( 'NONE', ( #1837, #6905, #1026, #7520 ) ) ;
#171 = MECHANICAL_DESIGN_GEOMETRIC_PRESENTATION_REPRESENTATION (  '', ( #10612 ), #11195 ) ;
#172 = FILL_AREA_STYLE ('',( #5627 ) ) ;
#173 = DIRECTION ( 'NONE',  ( -1.000000000000000000, 0.000000000000000000, 0.000000000000000000 ) ) ;
#174 =( NAMED_UNIT ( * ) PLANE_ANGLE_UNIT ( ) SI_UNIT ( $, .RADIAN. ) );
#175 = ORIENTED_EDGE ( 'NONE', *, *, #9994, .F. ) ;
#176 = FACE_OUTER_BOUND ( 'NONE', #293, .T. ) ;
#177 = EDGE_CURVE ( 'NONE', #10440, #4050, #6649, .T. ) ;
#178 = EDGE_CURVE ( 'NONE', #8620, #9571, #2037, .T. ) ;
#179 = MECHANICAL_DESIGN_GEOMETRIC_PRESENTATION_REPRESENTATION (  '', ( #10827 ), #4129 ) ;
#180 = DIRECTION ( 'NONE',  ( -0.000000000000000000, -0.000000000000000000, 1.000000000000000000 ) ) ;
#181 = STYLED_ITEM ( 'NONE', ( #11492 ), #8367 ) ;
#182 = SURFACE_SIDE_STYLE ('',( #6854 ) ) ;
#183 = SURFACE_STYLE_USAGE ( .BOTH. , #7696 ) ;
#184 =( LENGTH_UNIT ( ) NAMED_UNIT ( * ) SI_UNIT ( .MILLI., .METRE. ) );
#185 = ORIENTED_EDGE ( 'NONE', *, *, #2794, .F. ) ;
#186 = VECTOR ( 'NONE', #8365, 1000.000000000000000 ) ;
#187 = CARTESIAN_POINT ( 'NONE',  ( -0.5598408978519794355, 2.151000000000000689, 0.1515251369834043349 ) ) ;
#188 = CARTESIAN_POINT ( 'NONE',  ( -0.5024100845746103383, 2.150000000000000355, 0.07332478136463052576 ) ) ;
#189 =( GEOMETRIC_REPRESENTATION_CONTEXT ( 3 ) GLOBAL_UNCERTAINTY_ASSIGNED_CONTEXT ( ( #4523 ) ) GLOBAL_UNIT_ASSIGNED_CONTEXT ( ( #5345, #10890, #2360 ) ) REPRESENTATION_CONTEXT ( 'NONE', 'WORKASPACE' ) );
#190 = B_SPLINE_CURVE_WITH_KNOTS ( 'NONE', 3,
 ( #1214, #3179, #3055, #8850 ),
 .UNSPECIFIED., .F., .F.,
 ( 4, 4 ),
 ( 2.000000000000000000, 3.000000000000000000 ),
 .UNSPECIFIED. ) ;
#191 = MECHANICAL_DESIGN_GEOMETRIC_PRESENTATION_REPRESENTATION (  '', ( #8442 ), #8058 ) ;
#192 = FILL_AREA_STYLE_COLOUR ( '', #6750 ) ;
#193 = ORIENTED_EDGE ( 'NONE', *, *, #5118, .F. ) ;
#194 = EDGE_CURVE ( 'NONE', #1294, #9012, #4398, .T. ) ;
#195 =( GEOMETRIC_REPRESENTATION_CONTEXT ( 3 ) GLOBAL_UNCERTAINTY_ASSIGNED_CONTEXT ( ( #4652 ) ) GLOBAL_UNIT_ASSIGNED_CONTEXT ( ( #11478, #275, #218 ) ) REPRESENTATION_CONTEXT ( 'NONE', 'WORKASPACE' ) );
#196 = COLOUR_RGB ( '',1.000000000000000000, 1.000000000000000000, 1.000000000000000000 ) ;
#197 = LINE ( 'NONE', #8757, #10415 ) ;
#198 = AXIS2_PLACEMENT_3D ( 'NONE', #7277, #5325, #1944 ) ;
#199 = ORIENTED_EDGE ( 'NONE', *, *, #1241, .F. ) ;
#200 = ORIENTED_EDGE ( 'NONE', *, *, #1967, .T. ) ;
#201 = CARTESIAN_POINT ( 'NONE',  ( -0.8122349957241151719, 2.151000000000000245, -0.1729099279294075420 ) ) ;
#202 = DIRECTION ( 'NONE',  ( 0.007092178509963214215, -0.000000000000000000, -0.9999748501857348426 ) ) ;
#203 = SURFACE_STYLE_USAGE ( .BOTH. , #2405 ) ;
#204 = CARTESIAN_POINT ( 'NONE',  ( 0.9730501225811498678, 2.151000000000000689, 0.2246124206292371694 ) ) ;
#205 = CARTESIAN_POINT ( 'NONE',  ( -0.5942807378096763848, 2.149999999999999911, 0.2500603636830517895 ) ) ;
#206 = MECHANICAL_DESIGN_GEOMETRIC_PRESENTATION_REPRESENTATION (  '', ( #9651 ), #10448 ) ;
#207 = CARTESIAN_POINT ( 'NONE',  ( 0.3526758101960192904, 2.150000000000000355, -0.1788899421805487944 ) ) ;
#208 = MECHANICAL_DESIGN_GEOMETRIC_PRESENTATION_REPRESENTATION (  '', ( #11224 ), #8865 ) ;
#209 = EDGE_CURVE ( 'NONE', #8413, #2804, #3838, .T. ) ;
#210 = CARTESIAN_POINT ( 'NONE',  ( -0.8432466681890891103, 2.151000000000000245, -0.08859542915516649408 ) ) ;
#211 = CARTESIAN_POINT ( 'NONE',  ( 0.9090899521946753659, 2.150000000000000355, -0.1359010631206535868 ) ) ;
#212 = SURFACE_STYLE_USAGE ( .BOTH. , #6767 ) ;
#213 = FILL_AREA_STYLE_COLOUR ( '', #11148 ) ;
#214 =( NAMED_UNIT ( * ) SI_UNIT ( $, .STERADIAN. ) SOLID_ANGLE_UNIT ( ) );
#215 = ORIENTED_EDGE ( 'NONE', *, *, #7631, .F. ) ;
#216 = CARTESIAN_POINT ( 'NONE',  ( -0.7141023987052347310, 2.151000000000000245, -0.07437025585304256337 ) ) ;
#217 = AXIS2_PLACEMENT_3D ( 'NONE', #2214, #7158, #7037 ) ;
#218 =( NAMED_UNIT ( * ) SI_UNIT ( $, .STERADIAN. ) SOLID_ANGLE_UNIT ( ) );
#219 = B_SPLINE_SURFACE_WITH_KNOTS ( 'NONE', 3, 1, ( 
 ( #9756, #7417 ),
 ( #6528, #5589 ),
 ( #9340, #4654 ),
 ( #8383, #12129 ) ),
 .UNSPECIFIED., .F., .F., .F.,
 ( 4, 4 ),
 ( 2, 2 ),
 ( 8.000000000000000000, 9.000000000000000000 ),
 ( 0.000000000000000000, 1.000000000000000000 ),
 .UNSPECIFIED. ) ;
#220 = CARTESIAN_POINT ( 'NONE',  ( 0.01429418234482157657, 2.151000000000000689, 0.2075863112039371683 ) ) ;
#221 =( LENGTH_UNIT ( ) NAMED_UNIT ( * ) SI_UNIT ( .MILLI., .METRE. ) );
#222 = FILL_AREA_STYLE_COLOUR ( '', #7668 ) ;
#223 =( NAMED_UNIT ( * ) SI_UNIT ( $, .STERADIAN. ) SOLID_ANGLE_UNIT ( ) );
#224 = ORIENTED_EDGE ( 'NONE', *, *, #9884, .T. ) ;
#225 = SURFACE_STYLE_FILL_AREA ( #9673 ) ;
#226 = EDGE_LOOP ( 'NONE', ( #4621, #1580, #4868, #5496, #11546, #4430, #8421, #3439, #1093, #3835, #11356, #7145 ) ) ;
#227 = CARTESIAN_POINT ( 'NONE',  ( -0.09208247626273238784, 2.150000000000000355, -0.2239506888535459095 ) ) ;
#228 = ORIENTED_EDGE ( 'NONE', *, *, #7121, .F. ) ;
#229 = PLANE ( 'NONE',  #2902 ) ;
#230 = CARTESIAN_POINT ( 'NONE',  ( 0.9090592128856098686, 2.150000000000000355, -0.3354524631568707171 ) ) ;
#231 = SURFACE_STYLE_FILL_AREA ( #7403 ) ;
#232 = ORIENTED_EDGE ( 'NONE', *, *, #3006, .T. ) ;
#233 = SURFACE_STYLE_FILL_AREA ( #8666 ) ;
#234 = ORIENTED_EDGE ( 'NONE', *, *, #2357, .T. ) ;
#235 = LINE ( 'NONE', #4987, #1840 ) ;
#236 = ORIENTED_EDGE ( 'NONE', *, *, #5824, .F. ) ;
#237 =( NAMED_UNIT ( * ) SI_UNIT ( $, .STERADIAN. ) SOLID_ANGLE_UNIT ( ) );
#238 =( NAMED_UNIT ( * ) SI_UNIT ( $, .STERADIAN. ) SOLID_ANGLE_UNIT ( ) );
#239 = B_SPLINE_CURVE_WITH_KNOTS ( 'NONE', 3,
 ( #3642, #2760, #6573, #2010 ),
 .UNSPECIFIED., .F., .F.,
 ( 4, 4 ),
 ( 11.00000000000000000, 12.00000000000000000 ),
 .UNSPECIFIED. ) ;
#240 = EDGE_LOOP ( 'NONE', ( #7134, #4189, #1406, #885 ) ) ;
#241 = CARTESIAN_POINT ( 'NONE',  ( -0.03514691713765505376, 2.151000000000000689, 0.2734699023309143939 ) ) ;
#242 = PRESENTATION_LAYER_ASSIGNMENT (  '', '', ( #4975 ) ) ;
#243 = CARTESIAN_POINT ( 'NONE',  ( -0.2502946274135723903, 2.151000000000000689, -0.2080203271987442759 ) ) ;
#244 = CARTESIAN_POINT ( 'NONE',  ( -0.03825719151662632100, 2.150000000000000355, -0.1822895132770764592 ) ) ;
#245 = EDGE_CURVE ( 'NONE', #1551, #10749, #6985, .T. ) ;
#246 = EDGE_LOOP ( 'NONE', ( #3058, #5016, #2243, #12008 ) ) ;
#247 = CARTESIAN_POINT ( 'NONE',  ( 0.8873083122526428390, 2.150000000000000355, 0.2847373018349151907 ) ) ;
#248 = EDGE_CURVE ( 'NONE', #8384, #6687, #5070, .T. ) ;
#249 = EDGE_CURVE ( 'NONE', #739, #4344, #2411, .T. ) ;
#251 = UNCERTAINTY_MEASURE_WITH_UNIT (LENGTH_MEASURE( 1.000000000000000082E-05 ), #5180, 'distance_accuracy_value', 'NONE');
#250 = VECTOR ( 'NONE', #11618, 1000.000000000000000 ) ;
#252 = CARTESIAN_POINT ( 'NONE',  ( 0.1055450673871456413, 2.151000000000000689, -0.06502175767967410813 ) ) ;
#253 = PRESENTATION_STYLE_ASSIGNMENT (( #3965 ) ) ;
#254 = ORIENTED_EDGE ( 'NONE', *, *, #7268, .F. ) ;
#255 = STYLED_ITEM ( 'NONE', ( #4705 ), #11545 ) ;
#256 = CARTESIAN_POINT ( 'NONE',  ( -0.2096868513068216588, 2.150000000000000355, -0.09865897376185628342 ) ) ;
#257 = ORIENTED_EDGE ( 'NONE', *, *, #6077, .T. ) ;
#258 = CARTESIAN_POINT ( 'NONE',  ( -0.0008703484345951723045, 2.151000000000000689, -0.2198724924707362582 ) ) ;
#259 = ORIENTED_EDGE ( 'NONE', *, *, #10591, .F. ) ;
#260 = CARTESIAN_POINT ( 'NONE',  ( -0.4572160088688754231, 2.150000000000000355, -0.1341035426471290648 ) ) ;
#261 = EDGE_CURVE ( 'NONE', #5549, #5787, #11643, .T. ) ;
#262 = SURFACE_SIDE_STYLE ('',( #2286 ) ) ;
#263 = CARTESIAN_POINT ( 'NONE',  ( -0.6054755012018854243, 2.149999999999999911, -0.07006456930213916801 ) ) ;
#264 = AXIS2_PLACEMENT_3D ( 'NONE', #9318, #8424, #12169 ) ;
#265 = EDGE_LOOP ( 'NONE', ( #2238, #5983, #2194, #11646, #9527, #2835, #2109, #10700, #1970, #7742, #11161, #6172, #9022, #11090 ) ) ;
#266 = UNCERTAINTY_MEASURE_WITH_UNIT (LENGTH_MEASURE( 1.000000000000000082E-05 ), #5439, 'distance_accuracy_value', 'NONE');
#267 = SURFACE_SIDE_STYLE ('',( #2179 ) ) ;
#268 = VECTOR ( 'NONE', #1646, 1000.000000000000000 ) ;
#269 =( LENGTH_UNIT ( ) NAMED_UNIT ( * ) SI_UNIT ( .MILLI., .METRE. ) );
#270 = CARTESIAN_POINT ( 'NONE',  ( -0.5932494851535272673, 2.149999999999999911, 0.2439329517014943438 ) ) ;
#271 = ORIENTED_EDGE ( 'NONE', *, *, #10869, .F. ) ;
#272 =( LENGTH_UNIT ( ) NAMED_UNIT ( * ) SI_UNIT ( .MILLI., .METRE. ) );
#273 = ORIENTED_EDGE ( 'NONE', *, *, #8897, .T. ) ;
#274 = CARTESIAN_POINT ( 'NONE',  ( -0.9087884570791778804, 2.151000000000000245, -0.2522023949766166173 ) ) ;
#275 =( NAMED_UNIT ( * ) PLANE_ANGLE_UNIT ( ) SI_UNIT ( $, .RADIAN. ) );
#276 = EDGE_CURVE ( 'NONE', #8409, #4294, #6140, .T. ) ;
#277 =( GEOMETRIC_REPRESENTATION_CONTEXT ( 3 ) GLOBAL_UNCERTAINTY_ASSIGNED_CONTEXT ( ( #6689 ) ) GLOBAL_UNIT_ASSIGNED_CONTEXT ( ( #8718, #8904, #10772 ) ) REPRESENTATION_CONTEXT ( 'NONE', 'WORKASPACE' ) );
#278 = LINE ( 'NONE', #10574, #11119 ) ;
#279 = FACE_OUTER_BOUND ( 'NONE', #3094, .T. ) ;
#280 = FILL_AREA_STYLE_COLOUR ( '', #985 ) ;
#281 = PRESENTATION_STYLE_ASSIGNMENT (( #2371 ) ) ;
#282 = VECTOR ( 'NONE', #5295, 1000.000000000000000 ) ;
#283 = VECTOR ( 'NONE', #5924, 1000.000000000000000 ) ;
#284 = ORIENTED_EDGE ( 'NONE', *, *, #10073, .T. ) ;
#285 = ORIENTED_EDGE ( 'NONE', *, *, #5393, .F. ) ;
#286 = SURFACE_SIDE_STYLE ('',( #5977 ) ) ;
#287 = AXIS2_PLACEMENT_3D ( 'NONE', #9655, #3155, #5079 ) ;
#288 = CARTESIAN_POINT ( 'NONE',  ( -0.08121396209516698605, 2.150000000000000355, -0.2170110306316229976 ) ) ;
#289 =( NAMED_UNIT ( * ) PLANE_ANGLE_UNIT ( ) SI_UNIT ( $, .RADIAN. ) );
#290 = CARTESIAN_POINT ( 'NONE',  ( 0.9069978902406599097, 2.150000000000000355, -0.04481634617913134166 ) ) ;
#291 = ORIENTED_EDGE ( 'NONE', *, *, #4099, .F. ) ;
#292 = CARTESIAN_POINT ( 'NONE',  ( 0.8780789568942517498, 2.150000000000000355, -0.2489108842436381919 ) ) ;
#293 = EDGE_LOOP ( 'NONE', ( #5140, #9392, #1368, #1397 ) ) ;
#294 = EDGE_CURVE ( 'NONE', #3818, #2192, #8980, .T. ) ;
#295 = CARTESIAN_POINT ( 'NONE',  ( 1.129346224478604999, 2.150000000000000355, -0.2008559877067254973 ) ) ;
#296 = ORIENTED_EDGE ( 'NONE', *, *, #3497, .T. ) ;
#297 = B_SPLINE_SURFACE_WITH_KNOTS ( 'NONE', 3, 1, ( 
 ( #2381, #11191 ),
 ( #4492, #7312 ),
 ( #10216, #601 ),
 ( #6363, #5366 ) ),
 .UNSPECIFIED., .F., .F., .F.,
 ( 4, 4 ),
 ( 2, 2 ),
 ( 1.000000000000000000, 2.000000000000000000 ),
 ( 0.000000000000000000, 1.000000000000000000 ),
 .UNSPECIFIED. ) ;
#298 = CARTESIAN_POINT ( 'NONE',  ( 3.650000000000000355, 1.800000000000000044, -1.750000000000000000 ) ) ;
#299 =( LENGTH_UNIT ( ) NAMED_UNIT ( * ) SI_UNIT ( .MILLI., .METRE. ) );
#300 = CARTESIAN_POINT ( 'NONE',  ( -0.6360462274215695766, 2.149999999999999911, 0.1280054337157601196 ) ) ;
#301 = ORIENTED_EDGE ( 'NONE', *, *, #5341, .T. ) ;
#302 = ORIENTED_EDGE ( 'NONE', *, *, #6343, .T. ) ;
#303 = ORIENTED_EDGE ( 'NONE', *, *, #1765, .F. ) ;
#304 =( LENGTH_UNIT ( ) NAMED_UNIT ( * ) SI_UNIT ( .MILLI., .METRE. ) );
#305 = B_SPLINE_CURVE_WITH_KNOTS ( 'NONE', 3,
 ( #4425, #3429, #11846, #11904 ),
 .UNSPECIFIED., .F., .F.,
 ( 4, 4 ),
 ( 4.000000000000000000, 5.000000000000000000 ),
 .UNSPECIFIED. ) ;
#306 = EDGE_CURVE ( 'NONE', #9266, #11360, #8372, .T. ) ;
#307 = LINE ( 'NONE', #1417, #12106 ) ;
#308 = CARTESIAN_POINT ( 'NONE',  ( -0.2680511645167065748, 2.150000000000000355, -0.3139962808861923027 ) ) ;
#309 = UNCERTAINTY_MEASURE_WITH_UNIT (LENGTH_MEASURE( 1.000000000000000082E-05 ), #9541, 'distance_accuracy_value', 'NONE');
#310 = CARTESIAN_POINT ( 'NONE',  ( -0.6924873812034721965, 2.151000000000000245, -0.2412062755468378505 ) ) ;
#311 = DIRECTION ( 'NONE',  ( -0.007092178509958829702, 0.000000000000000000, 0.9999748501857349536 ) ) ;
#312 = COLOUR_RGB ( '',1.000000000000000000, 1.000000000000000000, 1.000000000000000000 ) ;
#313 = EDGE_LOOP ( 'NONE', ( #2813, #6724, #3268, #7628 ) ) ;
#314 = STYLED_ITEM ( 'NONE', ( #4835 ), #2207 ) ;
#315 = LINE ( 'NONE', #4216, #10882 ) ;
#316 = ORIENTED_EDGE ( 'NONE', *, *, #413, .T. ) ;
#317 = CARTESIAN_POINT ( 'NONE',  ( -0.1939400560608335045, 2.151000000000000689, -0.2297680410870831247 ) ) ;
#318 = ADVANCED_FACE ( 'NONE', ( #7106 ), #9175, .F. ) ;
#319 = MECHANICAL_DESIGN_GEOMETRIC_PRESENTATION_REPRESENTATION (  '', ( #11315 ), #1882 ) ;
#320 = AXIS2_PLACEMENT_3D ( 'NONE', #2619, #10226, #6376 ) ;
#321 =( LENGTH_UNIT ( ) NAMED_UNIT ( * ) SI_UNIT ( .MILLI., .METRE. ) );
#322 = ORIENTED_EDGE ( 'NONE', *, *, #8561, .F. ) ;
#323 = B_SPLINE_SURFACE_WITH_KNOTS ( 'NONE', 3, 1, ( 
 ( #2735, #4053 ),
 ( #11479, #8533 ),
 ( #7606, #5782 ),
 ( #3097, #10570 ) ),
 .UNSPECIFIED., .F., .F., .F.,
 ( 4, 4 ),
 ( 2, 2 ),
 ( 4.000000000000000000, 5.000000000000000000 ),
 ( 0.000000000000000000, 1.000000000000000000 ),
 .UNSPECIFIED. ) ;
#324 = DIRECTION ( 'NONE',  ( 1.188166764367676342E-16, -1.000000000000000000, -0.000000000000000000 ) ) ;
#325 = ORIENTED_EDGE ( 'NONE', *, *, #9269, .F. ) ;
#326 = ORIENTED_EDGE ( 'NONE', *, *, #4516, .F. ) ;
#327 = LINE ( 'NONE', #4287, #11256 ) ;
#328 =( NAMED_UNIT ( * ) SI_UNIT ( $, .STERADIAN. ) SOLID_ANGLE_UNIT ( ) );
#329 = CARTESIAN_POINT ( 'NONE',  ( -0.3330001252222240526, 2.150000000000000355, -0.2239957082927976073 ) ) ;
#330 = SURFACE_STYLE_FILL_AREA ( #8767 ) ;
#331 =( NAMED_UNIT ( * ) SI_UNIT ( $, .STERADIAN. ) SOLID_ANGLE_UNIT ( ) );
#332 = VERTEX_POINT ( 'NONE', #2339 ) ;
#333 = CARTESIAN_POINT ( 'NONE',  ( 0.7989002566522885873, 2.151000000000000689, -0.09474780794363980851 ) ) ;
#334 = ADVANCED_FACE ( 'NONE', ( #8075 ), #4340, .F. ) ;
#335 = MECHANICAL_DESIGN_GEOMETRIC_PRESENTATION_REPRESENTATION (  '', ( #937 ), #8589 ) ;
#336 = CARTESIAN_POINT ( 'NONE',  ( 0.02687940066214305340, 2.151000000000000689, -0.04218454116213064126 ) ) ;
#337 = DIRECTION ( 'NONE',  ( -0.9999748501857348426, 0.000000000000000000, -0.007092178509963612335 ) ) ;
#338 = CARTESIAN_POINT ( 'NONE',  ( -0.08072253193853282105, 2.151000000000000689, 0.07288425256004332775 ) ) ;
#339 = ORIENTED_EDGE ( 'NONE', *, *, #4094, .T. ) ;
#340 = SURFACE_SIDE_STYLE ('',( #587 ) ) ;
#341 = FACE_BOUND ( 'NONE', #10158, .T. ) ;
#342 = CARTESIAN_POINT ( 'NONE',  ( -0.4640786524897506093, 2.150000000000000355, 0.1517884033756901618 ) ) ;
#343 = CARTESIAN_POINT ( 'NONE',  ( -0.2440562530592657042, 2.151000000000000689, -0.1053493950393579875 ) ) ;
#344 = B_SPLINE_CURVE_WITH_KNOTS ( 'NONE', 3,
 ( #10094, #7294, #11225, #2771 ),
 .UNSPECIFIED., .F., .F.,
 ( 4, 4 ),
 ( 17.00000000000000000, 18.00000000000000000 ),
 .UNSPECIFIED. ) ;
#345 = PRESENTATION_LAYER_ASSIGNMENT (  '', '', ( #6289 ) ) ;
#346 = PRESENTATION_STYLE_ASSIGNMENT (( #6952 ) ) ;
#347 = CARTESIAN_POINT ( 'NONE',  ( -0.1693673788884486608, 2.151000000000000689, -0.1099146168151994701 ) ) ;
#348 = EDGE_LOOP ( 'NONE', ( #5245, #8982, #5765, #8598, #8961, #339, #7151, #11354, #5564, #1221, #10732, #4802, #3659, #9926 ) ) ;
#349 = EDGE_CURVE ( 'NONE', #9591, #4805, #8308, .T. ) ;
#350 = CARTESIAN_POINT ( 'NONE',  ( -0.03370338690747813615, 2.150000000000000355, -0.1866243091502914619 ) ) ;
#351 = AXIS2_PLACEMENT_3D ( 'NONE', #4507, #2744, #11094 ) ;
#352 = ORIENTED_EDGE ( 'NONE', *, *, #9846, .F. ) ;
#353 = CARTESIAN_POINT ( 'NONE',  ( -0.2044756424970511910, 2.151000000000000689, -0.1883553789651377097 ) ) ;
#354 = PRESENTATION_STYLE_ASSIGNMENT (( #8793 ) ) ;
#355 = VECTOR ( 'NONE', #3851, 1000.000000000000000 ) ;
#356 = LINE ( 'NONE', #10650, #7651 ) ;
#357 = CARTESIAN_POINT ( 'NONE',  ( 0.9090592128856098686, 2.151000000000000689, -0.3354524631568707171 ) ) ;
#358 = ORIENTED_EDGE ( 'NONE', *, *, #11037, .F. ) ;
#359 = CARTESIAN_POINT ( 'NONE',  ( 0.8873083122526428390, 2.151000000000000689, 0.2847373018349151907 ) ) ;
#360 = EDGE_LOOP ( 'NONE', ( #4068, #7555, #8051, #9914 ) ) ;
#361 = VERTEX_POINT ( 'NONE', #1847 ) ;
#362 = CARTESIAN_POINT ( 'NONE',  ( 1.151394310051910841, 2.150000000000000355, 0.1564681686824290763 ) ) ;
#363 = DIRECTION ( 'NONE',  ( 1.188166764367676342E-16, -1.000000000000000000, -0.000000000000000000 ) ) ;
#364 = PRESENTATION_LAYER_ASSIGNMENT (  '', '', ( #5690 ) ) ;
#365 = DIRECTION ( 'NONE',  ( 1.188166764367676342E-16, -1.000000000000000000, -0.000000000000000000 ) ) ;
#366 = PRESENTATION_LAYER_ASSIGNMENT (  '', '', ( #11357 ) ) ;
#367 = ORIENTED_EDGE ( 'NONE', *, *, #8478, .T. ) ;
#368 = SURFACE_STYLE_FILL_AREA ( #6971 ) ;
#369 = AXIS2_PLACEMENT_3D ( 'NONE', #6618, #10529, #5743 ) ;
#370 = EDGE_CURVE ( 'NONE', #9899, #10462, #1633, .T. ) ;
#371 = CARTESIAN_POINT ( 'NONE',  ( 1.220523129028157072, 2.151000000000000689, -0.007888209064190274816 ) ) ;
#372 = CARTESIAN_POINT ( 'NONE',  ( -0.2643011583656879604, 2.151000000000000689, -0.1023736269321330328 ) ) ;
#373 = DIRECTION ( 'NONE',  ( -0.9999748501857348426, -0.000000000000000000, -0.007092178509965518796 ) ) ;
#374 = B_SPLINE_CURVE_WITH_KNOTS ( 'NONE', 3,
 ( #2616, #3624, #3383, #6253 ),
 .UNSPECIFIED., .F., .F.,
 ( 4, 4 ),
 ( 10.00000000000000000, 11.00000000000000000 ),
 .UNSPECIFIED. ) ;
#375 = CARTESIAN_POINT ( 'NONE',  ( -0.5297800650093548169, 2.151000000000000689, -0.1579093559237638167 ) ) ;
#376 =( NAMED_UNIT ( * ) SI_UNIT ( $, .STERADIAN. ) SOLID_ANGLE_UNIT ( ) );
#377 = LINE ( 'NONE', #4144, #4014 ) ;
#378 = ORIENTED_EDGE ( 'NONE', *, *, #3099, .F. ) ;
#379 = UNCERTAINTY_MEASURE_WITH_UNIT (LENGTH_MEASURE( 1.000000000000000082E-05 ), #2934, 'distance_accuracy_value', 'NONE');
#380 = VECTOR ( 'NONE', #180, 1000.000000000000000 ) ;
#381 = CARTESIAN_POINT ( 'NONE',  ( -3.649999999999997691, -1.599999999999999867, 0.000000000000000000 ) ) ;
#382 = CARTESIAN_POINT ( 'NONE',  ( -3.649999999999997691, 1.599999999999999867, -0.4000000000000000222 ) ) ;
#383 = VERTEX_POINT ( 'NONE', #6447 ) ;
#384 = PRESENTATION_STYLE_ASSIGNMENT (( #1426 ) ) ;
#385 = CARTESIAN_POINT ( 'NONE',  ( -0.4421085987332931677, 2.151000000000000689, 0.1181512406698030926 ) ) ;
#386 = COLOUR_RGB ( '',1.000000000000000000, 1.000000000000000000, 1.000000000000000000 ) ;
#387 = VERTEX_POINT ( 'NONE', #11211 ) ;
#388 = CARTESIAN_POINT ( 'NONE',  ( -0.09234130888384635416, 2.151000000000000689, -0.1874561038459374995 ) ) ;
#389 = PRESENTATION_LAYER_ASSIGNMENT (  '', '', ( #10432 ) ) ;
#390 = ORIENTED_EDGE ( 'NONE', *, *, #3805, .T. ) ;
#391 = ORIENTED_EDGE ( 'NONE', *, *, #1241, .T. ) ;
#392 = FILL_AREA_STYLE ('',( #5017 ) ) ;
#393 = CARTESIAN_POINT ( 'NONE',  ( -0.7444765702114890527, 2.150000000000000355, -0.1165929566123915656 ) ) ;
#394 = CARTESIAN_POINT ( 'NONE',  ( 0.5114124334668924687, 2.151000000000000689, 0.07095187897368937513 ) ) ;
#395 = B_SPLINE_CURVE_WITH_KNOTS ( 'NONE', 3,
 ( #1708, #12092, #7383, #5556 ),
 .UNSPECIFIED., .F., .F.,
 ( 4, 4 ),
 ( 11.00000000000000000, 12.00000000000000000 ),
 .UNSPECIFIED. ) ;
#396 = PRESENTATION_LAYER_ASSIGNMENT (  '', '', ( #4146 ) ) ;
#397 = FACE_OUTER_BOUND ( 'NONE', #1250, .T. ) ;
#398 = ORIENTED_EDGE ( 'NONE', *, *, #11326, .F. ) ;
#399 = UNCERTAINTY_MEASURE_WITH_UNIT (LENGTH_MEASURE( 1.000000000000000082E-05 ), #12151, 'distance_accuracy_value', 'NONE');
#400 = VECTOR ( 'NONE', #10418, 1000.000000000000000 ) ;
#401 =( GEOMETRIC_REPRESENTATION_CONTEXT ( 3 ) GLOBAL_UNCERTAINTY_ASSIGNED_CONTEXT ( ( #6283 ) ) GLOBAL_UNIT_ASSIGNED_CONTEXT ( ( #4973, #8906, #7916 ) ) REPRESENTATION_CONTEXT ( 'NONE', 'WORKASPACE' ) );
#402 = FILL_AREA_STYLE ('',( #8151 ) ) ;
#403 = CARTESIAN_POINT ( 'NONE',  ( -0.04672251470035235221, 2.151000000000000689, -0.2495196030782849683 ) ) ;
#404 = B_SPLINE_SURFACE_WITH_KNOTS ( 'NONE', 3, 1, ( 
 ( #3499, #7260 ),
 ( #7319, #6370 ),
 ( #2615, #6718 ),
 ( #4850, #1024 ) ),
 .UNSPECIFIED., .F., .F., .F.,
 ( 4, 4 ),
 ( 2, 2 ),
 ( 5.000000000000000000, 6.000000000000000000 ),
 ( 0.000000000000000000, 1.000000000000000000 ),
 .UNSPECIFIED. ) ;
#405 = DIRECTION ( 'NONE',  ( 0.9999748501857348426, 0.000000000000000000, 0.007092178509964445002 ) ) ;
#406 = ORIENTED_EDGE ( 'NONE', *, *, #6832, .F. ) ;
#407 = FILL_AREA_STYLE_COLOUR ( '', #8281 ) ;
#408 = CARTESIAN_POINT ( 'NONE',  ( 1.670000000000000373, 1.800000000000000044, -1.750000000000000000 ) ) ;
#409 = DIRECTION ( 'NONE',  ( 0.9999748501857348426, 0.000000000000000000, 0.007092178509965519663 ) ) ;
#410 = ADVANCED_FACE ( 'NONE', ( #4700 ), #8435, .F. ) ;
#411 = MECHANICAL_DESIGN_GEOMETRIC_PRESENTATION_REPRESENTATION (  '', ( #9079 ), #11404 ) ;
#412 = VECTOR ( 'NONE', #11843, 1000.000000000000114 ) ;
#413 = EDGE_CURVE ( 'NONE', #8917, #6898, #5941, .T. ) ;
#414 = EDGE_CURVE ( 'NONE', #6046, #10789, #9512, .T. ) ;
#415 = FACE_OUTER_BOUND ( 'NONE', #1187, .T. ) ;
#416 = CARTESIAN_POINT ( 'NONE',  ( -0.01321888906727707036, 2.151000000000000689, 0.2017763447232890917 ) ) ;
#417 = CARTESIAN_POINT ( 'NONE',  ( 0.1030909506832607542, 2.151000000000000689, 0.2810009742436602731 ) ) ;
#418 = VERTEX_POINT ( 'NONE', #9448 ) ;
#419 = CARTESIAN_POINT ( 'NONE',  ( -0.02687065152229182671, 2.150000000000000355, -0.1970776680251931645 ) ) ;
#420 = COLOUR_RGB ( '',1.000000000000000000, 1.000000000000000000, 1.000000000000000000 ) ;
#421 = ORIENTED_EDGE ( 'NONE', *, *, #10558, .T. ) ;
#422 = CARTESIAN_POINT ( 'NONE',  ( -0.09225650617322353475, 2.150000000000000355, -0.1994130191620575587 ) ) ;
#423 =( NAMED_UNIT ( * ) SI_UNIT ( $, .STERADIAN. ) SOLID_ANGLE_UNIT ( ) );
#424 = CARTESIAN_POINT ( 'NONE',  ( -0.2227763871355599445, 2.151000000000000689, -0.2469210389254099802 ) ) ;
#425 =( NAMED_UNIT ( * ) PLANE_ANGLE_UNIT ( ) SI_UNIT ( $, .RADIAN. ) );
#426 = VERTEX_POINT ( 'NONE', #3010 ) ;
#427 =( NAMED_UNIT ( * ) SI_UNIT ( $, .STERADIAN. ) SOLID_ANGLE_UNIT ( ) );
#428 = ORIENTED_EDGE ( 'NONE', *, *, #4172, .F. ) ;
#429 = ORIENTED_EDGE ( 'NONE', *, *, #5497, .T. ) ;
#430 = EDGE_CURVE ( 'NONE', #7407, #11666, #6219, .T. ) ;
#431 =( NAMED_UNIT ( * ) SI_UNIT ( $, .STERADIAN. ) SOLID_ANGLE_UNIT ( ) );
#432 =( GEOMETRIC_REPRESENTATION_CONTEXT ( 3 ) GLOBAL_UNCERTAINTY_ASSIGNED_CONTEXT ( ( #8378 ) ) GLOBAL_UNIT_ASSIGNED_CONTEXT ( ( #4601, #10102, #5352 ) ) REPRESENTATION_CONTEXT ( 'NONE', 'WORKASPACE' ) );
#433 = COLOUR_RGB ( '',1.000000000000000000, 1.000000000000000000, 1.000000000000000000 ) ;
#434 = STYLED_ITEM ( 'NONE', ( #3157 ), #4412 ) ;
#435 = EDGE_LOOP ( 'NONE', ( #3524, #11999, #7170, #11733, #11167, #10530, #4926 ) ) ;
#436 = B_SPLINE_CURVE_WITH_KNOTS ( 'NONE', 3,
 ( #10242, #6514, #8310, #5576 ),
 .UNSPECIFIED., .F., .F.,
 ( 4, 4 ),
 ( 15.00000000000000000, 16.00000000000000000 ),
 .UNSPECIFIED. ) ;
#437 = PRESENTATION_STYLE_ASSIGNMENT (( #6255 ) ) ;
#438 = FILL_AREA_STYLE_COLOUR ( '', #1178 ) ;
#439 = DIRECTION ( 'NONE',  ( 1.188166764367676342E-16, -1.000000000000000000, -0.000000000000000000 ) ) ;
#440 = VECTOR ( 'NONE', #4362, 1000.000000000000000 ) ;
#441 = VECTOR ( 'NONE', #2886, 1000.000000000000000 ) ;
#442 = CARTESIAN_POINT ( 'NONE',  ( 0.9837870730253228668, 2.150000000000000355, 0.1379272413878900039 ) ) ;
#443 = LINE ( 'NONE', #4212, #4611 ) ;
#444 = ORIENTED_EDGE ( 'NONE', *, *, #9088, .F. ) ;
#445 = DIRECTION ( 'NONE',  ( -0.9999748501857348426, -0.000000000000000000, -0.007092178509963888156 ) ) ;
#446 = ADVANCED_FACE ( 'NONE', ( #1049 ), #55, .F. ) ;
#447 = FILL_AREA_STYLE_COLOUR ( '', #6475 ) ;
#448 = DIRECTION ( 'NONE',  ( -0.007092178509969762797, 0.000000000000000000, 0.9999748501857347316 ) ) ;
#449 = PRESENTATION_LAYER_ASSIGNMENT (  '', '', ( #5382 ) ) ;
#450 = CARTESIAN_POINT ( 'NONE',  ( 0.9090899521946753659, 2.151000000000000689, -0.1359010631206535868 ) ) ;
#451 = LINE ( 'NONE', #10745, #7835 ) ;
#452 = ORIENTED_EDGE ( 'NONE', *, *, #5323, .F. ) ;
#453 = EDGE_LOOP ( 'NONE', ( #4100, #1491, #4755, #8693 ) ) ;
#454 = ORIENTED_EDGE ( 'NONE', *, *, #2951, .T. ) ;
#455 =( GEOMETRIC_REPRESENTATION_CONTEXT ( 3 ) GLOBAL_UNCERTAINTY_ASSIGNED_CONTEXT ( ( #5465 ) ) GLOBAL_UNIT_ASSIGNED_CONTEXT ( ( #6239, #9932, #7141 ) ) REPRESENTATION_CONTEXT ( 'NONE', 'WORKASPACE' ) );
#456 = CARTESIAN_POINT ( 'NONE',  ( 1.046793605325025522, 2.151000000000000689, 0.2251354357265357986 ) ) ;
#457 = CARTESIAN_POINT ( 'NONE',  ( 3.650000000000000355, -1.800000000000000044, 0.000000000000000000 ) ) ;
#458 = LINE ( 'NONE', #11524, #8525 ) ;
#459 =( NAMED_UNIT ( * ) PLANE_ANGLE_UNIT ( ) SI_UNIT ( $, .RADIAN. ) );
#460 = EDGE_LOOP ( 'NONE', ( #4947, #11110, #4977, #2746 ) ) ;
#461 = ORIENTED_EDGE ( 'NONE', *, *, #8760, .T. ) ;
#462 = MECHANICAL_DESIGN_GEOMETRIC_PRESENTATION_REPRESENTATION (  '', ( #255 ), #6591 ) ;
#463 = EDGE_CURVE ( 'NONE', #11277, #11227, #11688, .T. ) ;
#464 = LINE ( 'NONE', #3357, #9585 ) ;
#465 = VERTEX_POINT ( 'NONE', #6257 ) ;
#466 = CARTESIAN_POINT ( 'NONE',  ( 0.6044249904573870680, 2.150000000000000355, 0.005094551709258928612 ) ) ;
#467 = LINE ( 'NONE', #5414, #10858 ) ;
#468 = CARTESIAN_POINT ( 'NONE',  ( 0.7125636461717117509, 2.150000000000000355, 0.2531314573857857964 ) ) ;
#469 = AXIS2_PLACEMENT_3D ( 'NONE', #738, #10348, #12102 ) ;
#470 = FILL_AREA_STYLE ('',( #4909 ) ) ;
#471 = CARTESIAN_POINT ( 'NONE',  ( 0.8636193661126985166, 2.150000000000000355, -0.04512400215323621178 ) ) ;
#472 = DIRECTION ( 'NONE',  ( 0.9999748501857348426, -0.000000000000000000, 0.007092178509963778001 ) ) ;
#473 = FACE_OUTER_BOUND ( 'NONE', #6911, .T. ) ;
#474 = PRESENTATION_LAYER_ASSIGNMENT (  '', '', ( #10131 ) ) ;
#475 = VERTEX_POINT ( 'NONE', #2457 ) ;
#476 = EDGE_CURVE ( 'NONE', #5066, #4714, #5318, .T. ) ;
#477 = AXIS2_PLACEMENT_3D ( 'NONE', #10785, #7082, #2385 ) ;
#478 = FACE_OUTER_BOUND ( 'NONE', #5008, .T. ) ;
#479 = EDGE_CURVE ( 'NONE', #9307, #5800, #9951, .T. ) ;
#480 = VERTEX_POINT ( 'NONE', #3324 ) ;
#481 = CARTESIAN_POINT ( 'NONE',  ( -0.3368784740510142317, 2.151000000000000689, -0.2122736549726954025 ) ) ;
#482 = EDGE_CURVE ( 'NONE', #4051, #4513, #2327, .T. ) ;
#483 = LINE ( 'NONE', #2495, #7384 ) ;
#484 = CARTESIAN_POINT ( 'NONE',  ( -0.2176754415752549798, 2.151000000000000689, -0.1964553339650816910 ) ) ;
#485 = DIRECTION ( 'NONE',  ( -0.007092178509963876012, 0.000000000000000000, 0.9999748501857348426 ) ) ;
#486 = EDGE_LOOP ( 'NONE', ( #7060, #3725, #4162, #4203 ) ) ;
#487 =( NAMED_UNIT ( * ) SI_UNIT ( $, .STERADIAN. ) SOLID_ANGLE_UNIT ( ) );
#488 = ORIENTED_EDGE ( 'NONE', *, *, #7081, .T. ) ;
#489 = STYLED_ITEM ( 'NONE', ( #1943 ), #5307 ) ;
#490 = LINE ( 'NONE', #9938, #9334 ) ;
#491 = ORIENTED_EDGE ( 'NONE', *, *, #10645, .T. ) ;
#492 =( LENGTH_UNIT ( ) NAMED_UNIT ( * ) SI_UNIT ( .MILLI., .METRE. ) );
#493 =( GEOMETRIC_REPRESENTATION_CONTEXT ( 3 ) GLOBAL_UNCERTAINTY_ASSIGNED_CONTEXT ( ( #5877 ) ) GLOBAL_UNIT_ASSIGNED_CONTEXT ( ( #6359, #7137, #7308 ) ) REPRESENTATION_CONTEXT ( 'NONE', 'WORKASPACE' ) );
#494 = AXIS2_PLACEMENT_3D ( 'NONE', #11203, #2748, #6559 ) ;
#495 = SURFACE_SIDE_STYLE ('',( #3123 ) ) ;
#496 = ORIENTED_EDGE ( 'NONE', *, *, #5067, .F. ) ;
#497 = DIRECTION ( 'NONE',  ( -0.9999748501857348426, 0.000000000000000000, -0.007092178509967854601 ) ) ;
#498 = EDGE_CURVE ( 'NONE', #12157, #1052, #8998, .T. ) ;
#499 = CARTESIAN_POINT ( 'NONE',  ( -0.6280992883290097417, 2.151000000000000245, 0.1510410241179897528 ) ) ;
#500 = VECTOR ( 'NONE', #9229, 1000.000000000000000 ) ;
#501 = CARTESIAN_POINT ( 'NONE',  ( -0.03370338690747813615, 2.150000000000000355, -0.1866243091502914619 ) ) ;
#502 = ORIENTED_EDGE ( 'NONE', *, *, #9994, .T. ) ;
#503 = CARTESIAN_POINT ( 'NONE',  ( -0.6945026966040518390, 2.149999999999999911, -0.2062838242416129286 ) ) ;
#504 = CARTESIAN_POINT ( 'NONE',  ( -0.2682119209594527875, 2.151000000000000689, -0.2913301283738375380 ) ) ;
#505 = B_SPLINE_SURFACE_WITH_KNOTS ( 'NONE', 3, 1, ( 
 ( #8500, #6632 ),
 ( #3017, #10608 ),
 ( #11507, #10483 ),
 ( #9517, #3962 ) ),
 .UNSPECIFIED., .F., .F., .F.,
 ( 4, 4 ),
 ( 2, 2 ),
 ( 4.000000000000000000, 5.000000000000000000 ),
 ( 0.000000000000000000, 1.000000000000000000 ),
 .UNSPECIFIED. ) ;
#506 = ADVANCED_FACE ( 'NONE', ( #6125 ), #8807, .T. ) ;
#507 = CARTESIAN_POINT ( 'NONE',  ( -0.1550972372032313751, 2.151000000000000689, -0.1574355181319620767 ) ) ;
#508 = PRESENTATION_STYLE_ASSIGNMENT (( #8945 ) ) ;
#509 = ORIENTED_EDGE ( 'NONE', *, *, #11142, .F. ) ;
#510 =( NAMED_UNIT ( * ) SI_UNIT ( $, .STERADIAN. ) SOLID_ANGLE_UNIT ( ) );
#511 = ORIENTED_EDGE ( 'NONE', *, *, #9153, .T. ) ;
#512 = VERTEX_POINT ( 'NONE', #10008 ) ;
#513 =( NAMED_UNIT ( * ) PLANE_ANGLE_UNIT ( ) SI_UNIT ( $, .RADIAN. ) );
#514 = B_SPLINE_CURVE_WITH_KNOTS ( 'NONE', 3,
 ( #2144, #4925, #1957, #7684 ),
 .UNSPECIFIED., .F., .F.,
 ( 4, 4 ),
 ( 1.000000000000000000, 2.000000000000000000 ),
 .UNSPECIFIED. ) ;
#515 = PRESENTATION_STYLE_ASSIGNMENT (( #9906 ) ) ;
#516 = STYLED_ITEM ( 'NONE', ( #11813 ), #8755 ) ;
#517 =( LENGTH_UNIT ( ) NAMED_UNIT ( * ) SI_UNIT ( .MILLI., .METRE. ) );
#518 = SURFACE_SIDE_STYLE ('',( #6942 ) ) ;
#519 = ORIENTED_EDGE ( 'NONE', *, *, #1153, .T. ) ;
#520 = UNCERTAINTY_MEASURE_WITH_UNIT (LENGTH_MEASURE( 1.000000000000000082E-05 ), #2334, 'distance_accuracy_value', 'NONE');
#521 = PRESENTATION_STYLE_ASSIGNMENT (( #2289 ) ) ;
#522 = EDGE_CURVE ( 'NONE', #1201, #9812, #10729, .T. ) ;
#523 = CARTESIAN_POINT ( 'NONE',  ( -0.01321888906727707036, 2.150000000000000355, 0.2017763447232890917 ) ) ;
#524 =( NAMED_UNIT ( * ) SI_UNIT ( $, .STERADIAN. ) SOLID_ANGLE_UNIT ( ) );
#525 = ORIENTED_EDGE ( 'NONE', *, *, #7402, .T. ) ;
#526 = AXIS2_PLACEMENT_3D ( 'NONE', #5989, #8985, #545 ) ;
#527 = CARTESIAN_POINT ( 'NONE',  ( 0.9073055194178603067, 2.150000000000000355, 0.1156944538472038930 ) ) ;
#528 = CARTESIAN_POINT ( 'NONE',  ( -0.2871336222989742670, 2.151000000000000689, 0.07485159886325951084 ) ) ;
#529 = CARTESIAN_POINT ( 'NONE',  ( 0.5700298596376432991, 2.151000000000000689, -0.2424194488938681002 ) ) ;
#530 = SURFACE_STYLE_FILL_AREA ( #8845 ) ;
#531 = ORIENTED_EDGE ( 'NONE', *, *, #1747, .F. ) ;
#532 = CARTESIAN_POINT ( 'NONE',  ( -0.9087884570791778804, 2.151000000000000245, -0.2522023949766166173 ) ) ;
#533 = EDGE_LOOP ( 'NONE', ( #677, #1229, #1668, #8105 ) ) ;
#534 = LINE ( 'NONE', #11786, #5883 ) ;
#535 = CARTESIAN_POINT ( 'NONE',  ( 0.9513813708958780424, 2.151000000000000689, 0.2215666937922319835 ) ) ;
#536 = FILL_AREA_STYLE ('',( #8976 ) ) ;
#537 = ORIENTED_EDGE ( 'NONE', *, *, #6714, .F. ) ;
#538 = VERTEX_POINT ( 'NONE', #2398 ) ;
#539 = CARTESIAN_POINT ( 'NONE',  ( 0.1330747596422149626, 2.150000000000000355, -0.2448131292220020461 ) ) ;
#540 = STYLED_ITEM ( 'NONE', ( #8874 ), #9789 ) ;
#541 = ORIENTED_EDGE ( 'NONE', *, *, #1529, .T. ) ;
#542 = EDGE_CURVE ( 'NONE', #2749, #10539, #6918, .T. ) ;
#543 = B_SPLINE_CURVE_WITH_KNOTS ( 'NONE', 3,
 ( #7040, #5948, #7889, #11638 ),
 .UNSPECIFIED., .F., .F.,
 ( 4, 4 ),
 ( 7.000000000000000000, 8.000000000000000000 ),
 .UNSPECIFIED. ) ;
#544 =( LENGTH_UNIT ( ) NAMED_UNIT ( * ) SI_UNIT ( .MILLI., .METRE. ) );
#545 = DIRECTION ( 'NONE',  ( -0.9999748501857351757, 0.000000000000000000, -0.007092178509923868952 ) ) ;
#546 = CARTESIAN_POINT ( 'NONE',  ( -0.6660630761661242571, 2.151000000000000245, -0.2504808999510020340 ) ) ;
#547 =( GEOMETRIC_REPRESENTATION_CONTEXT ( 3 ) GLOBAL_UNCERTAINTY_ASSIGNED_CONTEXT ( ( #266 ) ) GLOBAL_UNIT_ASSIGNED_CONTEXT ( ( #5439, #6556, #8121 ) ) REPRESENTATION_CONTEXT ( 'NONE', 'WORKASPACE' ) );
#548 = VECTOR ( 'NONE', #8749, 999.9999999999998863 ) ;
#549 = CARTESIAN_POINT ( 'NONE',  ( 1.199644027853166373, 2.151000000000000689, -0.1222721726524450547 ) ) ;
#550 = FACE_OUTER_BOUND ( 'NONE', #1161, .T. ) ;
#551 = DIRECTION ( 'NONE',  ( 0.9999748501857349536, 1.188136882194236709E-16, 0.007092178509959435988 ) ) ;
#552 = DIRECTION ( 'NONE',  ( -0.9999748501857348426, 0.000000000000000000, -0.007092178509964445002 ) ) ;
#553 = FILL_AREA_STYLE_COLOUR ( '', #7231 ) ;
#554 = VERTEX_POINT ( 'NONE', #375 ) ;
#555 = SURFACE_STYLE_FILL_AREA ( #1295 ) ;
#556 = B_SPLINE_CURVE_WITH_KNOTS ( 'NONE', 3,
 ( #862, #2629, #806, #4453 ),
 .UNSPECIFIED., .F., .F.,
 ( 4, 4 ),
 ( 3.000000000000000000, 4.000000000000000000 ),
 .UNSPECIFIED. ) ;
#557 = COLOUR_RGB ( '',1.000000000000000000, 1.000000000000000000, 1.000000000000000000 ) ;
#558 = MECHANICAL_DESIGN_GEOMETRIC_PRESENTATION_REPRESENTATION (  '', ( #9024 ), #4506 ) ;
#559 = EDGE_CURVE ( 'NONE', #11976, #4220, #9819, .T. ) ;
#560 =( NAMED_UNIT ( * ) PLANE_ANGLE_UNIT ( ) SI_UNIT ( $, .RADIAN. ) );
#561 = ADVANCED_FACE ( 'NONE', ( #7944 ), #2563, .F. ) ;
#562 = EDGE_CURVE ( 'NONE', #6007, #8083, #10599, .T. ) ;
#563 = PRESENTATION_STYLE_ASSIGNMENT (( #1484 ) ) ;
#564 = COLOUR_RGB ( '',1.000000000000000000, 1.000000000000000000, 1.000000000000000000 ) ;
#565 = COLOUR_RGB ( '',1.000000000000000000, 1.000000000000000000, 1.000000000000000000 ) ;
#566 = DIRECTION ( 'NONE',  ( 1.188166764367676342E-16, -1.000000000000000000, -0.000000000000000000 ) ) ;
#567 = VECTOR ( 'NONE', #5138, 1000.000000000000000 ) ;
#568 = CARTESIAN_POINT ( 'NONE',  ( -0.2253941635278853550, 2.151000000000000689, -0.1710353682617757609 ) ) ;
#569 = FILL_AREA_STYLE_COLOUR ( '', #9440 ) ;
#570 = CARTESIAN_POINT ( 'NONE',  ( -0.01566146792690180020, 2.151000000000000689, -0.1355469301539373450 ) ) ;
#571 = ORIENTED_EDGE ( 'NONE', *, *, #2908, .F. ) ;
#572 = CARTESIAN_POINT ( 'NONE',  ( -0.1790932907537494401, 2.151000000000000689, -0.1386816366930572753 ) ) ;
#573 = ORIENTED_EDGE ( 'NONE', *, *, #7052, .T. ) ;
#574 = DIRECTION ( 'NONE',  ( -0.8896103580601522065, 0.000000000000000000, 0.4567202763531393872 ) ) ;
#575 = EDGE_LOOP ( 'NONE', ( #8885, #5897, #2461, #2491 ) ) ;
#576 = SURFACE_STYLE_USAGE ( .BOTH. , #3408 ) ;
#577 = CARTESIAN_POINT ( 'NONE',  ( -0.7442627198977462832, 2.151000000000000245, -0.1467451778440389543 ) ) ;
#578 = MECHANICAL_DESIGN_GEOMETRIC_PRESENTATION_REPRESENTATION (  '', ( #1355 ), #7084 ) ;
#579 = ADVANCED_FACE ( 'NONE', ( #11922 ), #1383, .T. ) ;
#580 = PLANE ( 'NONE',  #12051 ) ;
#581 = FILL_AREA_STYLE ('',( #5277 ) ) ;
#582 = CARTESIAN_POINT ( 'NONE',  ( -0.01322029427561530190, 2.150000000000000355, -0.2378443686416419900 ) ) ;
#583 = PRESENTATION_LAYER_ASSIGNMENT (  '', '', ( #1753 ) ) ;
#584 = VECTOR ( 'NONE', #10680, 1000.000000000000114 ) ;
#585 = CARTESIAN_POINT ( 'NONE',  ( 0.3526758101960192904, 2.150000000000000355, -0.1788899421805487944 ) ) ;
#586 = FACE_OUTER_BOUND ( 'NONE', #6420, .T. ) ;
#587 = SURFACE_STYLE_FILL_AREA ( #10635 ) ;
#588 = LINE ( 'NONE', #1566, #5354 ) ;
#589 = PRESENTATION_STYLE_ASSIGNMENT (( #7848 ) ) ;
#590 = VECTOR ( 'NONE', #5490, 1000.000000000000000 ) ;
#591 = ADVANCED_FACE ( 'NONE', ( #11152 ), #9373, .F. ) ;
#592 = B_SPLINE_CURVE_WITH_KNOTS ( 'NONE', 3,
 ( #1806, #2544, #4487, #12141 ),
 .UNSPECIFIED., .F., .F.,
 ( 4, 4 ),
 ( 28.00000000000000000, 29.00000000000000000 ),
 .UNSPECIFIED. ) ;
#593 = STYLED_ITEM ( 'NONE', ( #7954 ), #6627 ) ;
#594 = SURFACE_SIDE_STYLE ('',( #8336 ) ) ;
#595 = CARTESIAN_POINT ( 'NONE',  ( -3.649999999999997691, 1.599999999999999867, -4.898587196589411843E-17 ) ) ;
#596 = ORIENTED_EDGE ( 'NONE', *, *, #2858, .T. ) ;
#597 = DIRECTION ( 'NONE',  ( 1.188166764367676342E-16, -1.000000000000000000, -0.000000000000000000 ) ) ;
#598 = SURFACE_STYLE_USAGE ( .BOTH. , #9043 ) ;
#599 = PRESENTATION_STYLE_ASSIGNMENT (( #8044 ) ) ;
#600 = FILL_AREA_STYLE ('',( #10847 ) ) ;
#601 = CARTESIAN_POINT ( 'NONE',  ( -0.8483944477161602382, 2.149999999999999911, -0.08114549376474268494 ) ) ;
#602 = COLOUR_RGB ( '',1.000000000000000000, 1.000000000000000000, 1.000000000000000000 ) ;
#603 = VERTEX_POINT ( 'NONE', #12165 ) ;
#604 = DIRECTION ( 'NONE',  ( 1.188166764367676342E-16, -1.000000000000000000, -0.000000000000000000 ) ) ;
#605 = EDGE_LOOP ( 'NONE', ( #11603, #7818, #1402, #10532 ) ) ;
#606 = DIRECTION ( 'NONE',  ( 0.007092178509963778001, 0.000000000000000000, -0.9999748501857348426 ) ) ;
#607 = B_SPLINE_CURVE_WITH_KNOTS ( 'NONE', 3,
 ( #2708, #4650, #11226, #2025 ),
 .UNSPECIFIED., .F., .F.,
 ( 4, 4 ),
 ( 7.000000000000000000, 8.000000000000000000 ),
 .UNSPECIFIED. ) ;
#608 = B_SPLINE_SURFACE_WITH_KNOTS ( 'NONE', 3, 1, ( 
 ( #9572, #7692 ),
 ( #11316, #1899 ),
 ( #11501, #1103 ),
 ( #925, #6795 ) ),
 .UNSPECIFIED., .F., .F., .F.,
 ( 4, 4 ),
 ( 2, 2 ),
 ( 4.000000000000000000, 5.000000000000000000 ),
 ( 0.000000000000000000, 1.000000000000000000 ),
 .UNSPECIFIED. ) ;
#609 = CARTESIAN_POINT ( 'NONE',  ( -0.1598870076105759208, 2.150000000000000355, -0.1638121716996010779 ) ) ;
#610 = SURFACE_STYLE_FILL_AREA ( #6049 ) ;
#611 = SURFACE_SIDE_STYLE ('',( #5557 ) ) ;
#612 = ORIENTED_EDGE ( 'NONE', *, *, #2598, .T. ) ;
#613 = STYLED_ITEM ( 'NONE', ( #7466 ), #6356 ) ;
#614 = CARTESIAN_POINT ( 'NONE',  ( -0.1097664766303652617, 2.150000000000000355, 0.2829226008246265023 ) ) ;
#615 = ORIENTED_EDGE ( 'NONE', *, *, #2045, .T. ) ;
#616 = CARTESIAN_POINT ( 'NONE',  ( -0.5395277201711268233, 2.150000000000000355, -0.2495834660481677791 ) ) ;
#617 = FILL_AREA_STYLE ('',( #1536 ) ) ;
#618 = ORIENTED_EDGE ( 'NONE', *, *, #7992, .T. ) ;
#619 = MECHANICAL_DESIGN_GEOMETRIC_PRESENTATION_REPRESENTATION (  '', ( #3967 ), #6152 ) ;
#620 = DIRECTION ( 'NONE',  ( 1.188166764367676342E-16, -1.000000000000000000, -0.000000000000000000 ) ) ;
#621 = LINE ( 'NONE', #8938, #9583 ) ;
#622 = FILL_AREA_STYLE_COLOUR ( '', #6572 ) ;
#623 = COLOUR_RGB ( '',1.000000000000000000, 1.000000000000000000, 1.000000000000000000 ) ;
#624 =( NAMED_UNIT ( * ) SI_UNIT ( $, .STERADIAN. ) SOLID_ANGLE_UNIT ( ) );
#625 = AXIS2_PLACEMENT_3D ( 'NONE', #8255, #10249, #10143 ) ;
#626 = EDGE_CURVE ( 'NONE', #7285, #11429, #6664, .T. ) ;
#627 = CARTESIAN_POINT ( 'NONE',  ( -0.6374052250181796442, 2.151000000000000245, -0.04689588479829737838 ) ) ;
#628 = CARTESIAN_POINT ( 'NONE',  ( -0.8503688307904906374, 2.149999999999999911, -0.08864594207410317339 ) ) ;
#629 =( NAMED_UNIT ( * ) SI_UNIT ( $, .STERADIAN. ) SOLID_ANGLE_UNIT ( ) );
#630 = ADVANCED_FACE ( 'NONE', ( #166 ), #11426, .F. ) ;
#631 = EDGE_CURVE ( 'NONE', #5798, #11554, #1886, .T. ) ;
#632 = CARTESIAN_POINT ( 'NONE',  ( 0.6044249904573870680, 2.151000000000000689, 0.005094551709258928612 ) ) ;
#633 = ORIENTED_EDGE ( 'NONE', *, *, #4047, .T. ) ;
#634 = FACE_OUTER_BOUND ( 'NONE', #4202, .T. ) ;
#635 = B_SPLINE_CURVE_WITH_KNOTS ( 'NONE', 3,
 ( #5267, #9009, #7957, #1548 ),
 .UNSPECIFIED., .F., .F.,
 ( 4, 4 ),
 ( 9.000000000000000000, 10.00000000000000000 ),
 .UNSPECIFIED. ) ;
#636 = ORIENTED_EDGE ( 'NONE', *, *, #5643, .F. ) ;
#637 = CARTESIAN_POINT ( 'NONE',  ( -0.04541511061656566817, 2.150000000000000355, -0.2286106707616518685 ) ) ;
#638 = VECTOR ( 'NONE', #1425, 1000.000000000000000 ) ;
#639 = CARTESIAN_POINT ( 'NONE',  ( -0.3368784740510142872, 2.150000000000000355, -0.2122736549726954025 ) ) ;
#640 =( NAMED_UNIT ( * ) PLANE_ANGLE_UNIT ( ) SI_UNIT ( $, .RADIAN. ) );
#641 = PLANE ( 'NONE',  #625 ) ;
#642 = EDGE_LOOP ( 'NONE', ( #1962, #6425, #8313, #4256, #8041, #3065, #1956, #11791 ) ) ;
#643 = UNCERTAINTY_MEASURE_WITH_UNIT (LENGTH_MEASURE( 1.000000000000000082E-05 ), #1716, 'distance_accuracy_value', 'NONE');
#644 = CARTESIAN_POINT ( 'NONE',  ( -0.5813124846806854151, 2.150000000000000355, 0.2761469408291881145 ) ) ;
#645 = CARTESIAN_POINT ( 'NONE',  ( -1.669999999999997931, -1.800000000000000044, -1.750000000000000222 ) ) ;
#646 = AXIS2_PLACEMENT_3D ( 'NONE', #10320, #1921, #4719 ) ;
#647 = DIRECTION ( 'NONE',  ( -0.000000000000000000, -0.000000000000000000, -1.000000000000000000 ) ) ;
#648 = AXIS2_PLACEMENT_3D ( 'NONE', #4871, #3829, #8612 ) ;
#649 = LINE ( 'NONE', #11840, #1720 ) ;
#650 = EDGE_CURVE ( 'NONE', #4126, #10467, #10042, .T. ) ;
#651 = PLANE ( 'NONE',  #7014 ) ;
#652 = EDGE_LOOP ( 'NONE', ( #11375, #9559, #1981, #6863 ) ) ;
#653 = FACE_OUTER_BOUND ( 'NONE', #11668, .T. ) ;
#654 = CARTESIAN_POINT ( 'NONE',  ( -0.1845599917712082982, 2.151000000000000689, -0.1522376013544926854 ) ) ;
#655 = CARTESIAN_POINT ( 'NONE',  ( -0.1789679186215485385, 2.151000000000000689, -0.2296618533450860422 ) ) ;
#656 = STYLED_ITEM ( 'NONE', ( #9296 ), #11370 ) ;
#657 = CARTESIAN_POINT ( 'NONE',  ( -0.6360462274215693546, 2.150000000000000355, 0.1280054337157600641 ) ) ;
#658 = B_SPLINE_CURVE_WITH_KNOTS ( 'NONE', 3,
 ( #1896, #7627, #8490, #9441 ),
 .UNSPECIFIED., .F., .F.,
 ( 4, 4 ),
 ( 1.000000000000000000, 2.000000000000000000 ),
 .UNSPECIFIED. ) ;
#659 = EDGE_LOOP ( 'NONE', ( #8734, #2040, #8722, #8696 ) ) ;
#660 = CARTESIAN_POINT ( 'NONE',  ( -0.2502002383095762172, 2.150000000000000355, -0.2213288938112868420 ) ) ;
#661 = LINE ( 'NONE', #11079, #11877 ) ;
#662 =( LENGTH_UNIT ( ) NAMED_UNIT ( * ) SI_UNIT ( .MILLI., .METRE. ) );
#663 = EDGE_CURVE ( 'NONE', #1740, #6991, #6842, .T. ) ;
#664 = CARTESIAN_POINT ( 'NONE',  ( -0.1912972168460800315, 2.151000000000000689, -0.2505449784619278031 ) ) ;
#665 =( NAMED_UNIT ( * ) PLANE_ANGLE_UNIT ( ) SI_UNIT ( $, .RADIAN. ) );
#666 = FACE_OUTER_BOUND ( 'NONE', #2007, .T. ) ;
#667 = VECTOR ( 'NONE', #11443, 1000.000000000000000 ) ;
#668 = ORIENTED_EDGE ( 'NONE', *, *, #11491, .T. ) ;
#669 = SURFACE_STYLE_USAGE ( .BOTH. , #10274 ) ;
#670 = CARTESIAN_POINT ( 'NONE',  ( -0.3352827430726375013, 2.150000000000000355, -0.2173572794056506940 ) ) ;
#671 = VECTOR ( 'NONE', #9688, 1000.000000000000000 ) ;
#672 = CARTESIAN_POINT ( 'NONE',  ( -0.1646247914296539716, 2.150000000000000355, -0.1701884565598043852 ) ) ;
#673 = LINE ( 'NONE', #10279, #7210 ) ;
#674 =( NAMED_UNIT ( * ) PLANE_ANGLE_UNIT ( ) SI_UNIT ( $, .RADIAN. ) );
#675 = EDGE_LOOP ( 'NONE', ( #1432, #2870, #6521, #7868 ) ) ;
#676 = VECTOR ( 'NONE', #3696, 1000.000000000000000 ) ;
#677 = ORIENTED_EDGE ( 'NONE', *, *, #6154, .T. ) ;
#678 = CARTESIAN_POINT ( 'NONE',  ( 3.670000000000000373, 1.800000000000000044, -1.770000000000001572 ) ) ;
#679 = DIRECTION ( 'NONE',  ( 1.188166764367676342E-16, -1.000000000000000000, -0.000000000000000000 ) ) ;
#680 = EDGE_CURVE ( 'NONE', #5800, #4572, #9498, .T. ) ;
#681 = DIRECTION ( 'NONE',  ( -0.000000000000000000, 0.000000000000000000, 1.000000000000000000 ) ) ;
#682 = DIRECTION ( 'NONE',  ( 0.007092178509960126408, 0.000000000000000000, -0.9999748501857348426 ) ) ;
#683 = PRESENTATION_STYLE_ASSIGNMENT (( #7330 ) ) ;
#684 = ORIENTED_EDGE ( 'NONE', *, *, #7955, .F. ) ;
#685 = CARTESIAN_POINT ( 'NONE',  ( -3.649999999999997691, -2.149999999999999911, 1.739999999999999991 ) ) ;
#686 = CARTESIAN_POINT ( 'NONE',  ( -0.8884403252923248617, 2.149999999999999911, -0.1964296311970459841 ) ) ;
#687 = CARTESIAN_POINT ( 'NONE',  ( -0.2176754415752549798, 2.150000000000000355, -0.1964553339650816910 ) ) ;
#688 = EDGE_CURVE ( 'NONE', #10378, #9742, #4861, .T. ) ;
#689 = CARTESIAN_POINT ( 'NONE',  ( -0.2643011583656875163, 2.150000000000000355, -0.1023736269321330050 ) ) ;
#690 = STYLED_ITEM ( 'NONE', ( #11303 ), #1748 ) ;
#691 = PRESENTATION_STYLE_ASSIGNMENT (( #4397 ) ) ;
#692 = SURFACE_SIDE_STYLE ('',( #9138 ) ) ;
#693 = CARTESIAN_POINT ( 'NONE',  ( -3.649999999999997691, -1.800000000000000044, -1.750000000000000000 ) ) ;
#694 = UNCERTAINTY_MEASURE_WITH_UNIT (LENGTH_MEASURE( 1.000000000000000082E-05 ), #8676, 'distance_accuracy_value', 'NONE');
#695 = SURFACE_STYLE_FILL_AREA ( #870 ) ;
#696 = ORIENTED_EDGE ( 'NONE', *, *, #6983, .T. ) ;
#697 = CARTESIAN_POINT ( 'NONE',  ( -0.6947567487916576079, 2.149999999999999911, -0.08982981060039686716 ) ) ;
#698 = VERTEX_POINT ( 'NONE', #3942 ) ;
#699 =( NAMED_UNIT ( * ) SI_UNIT ( $, .STERADIAN. ) SOLID_ANGLE_UNIT ( ) );
#700 = FILL_AREA_STYLE ('',( #8440 ) ) ;
#701 = EDGE_CURVE ( 'NONE', #5049, #6988, #5634, .T. ) ;
#702 = DIRECTION ( 'NONE',  ( 1.000000000000000000, 0.000000000000000000, 0.000000000000000000 ) ) ;
#703 = EDGE_CURVE ( 'NONE', #11650, #3476, #7680, .T. ) ;
#704 = ORIENTED_EDGE ( 'NONE', *, *, #10445, .T. ) ;
#705 = FILL_AREA_STYLE_COLOUR ( '', #4555 ) ;
#706 = CARTESIAN_POINT ( 'NONE',  ( -0.1791345859867398416, 2.151000000000000689, -0.1328591388011946817 ) ) ;
#707 = B_SPLINE_SURFACE_WITH_KNOTS ( 'NONE', 3, 1, ( 
 ( #6471, #9406 ),
 ( #5473, #7300 ),
 ( #2839, #10380 ),
 ( #5714, #3661 ) ),
 .UNSPECIFIED., .F., .F., .F.,
 ( 4, 4 ),
 ( 2, 2 ),
 ( 3.000000000000000000, 4.000000000000000000 ),
 ( 0.000000000000000000, 1.000000000000000000 ),
 .UNSPECIFIED. ) ;
#708 = LINE ( 'NONE', #10152, #9904 ) ;
#709 = STYLED_ITEM ( 'NONE', ( #111 ), #8862 ) ;
#710 = VECTOR ( 'NONE', #5590, 1000.000000000000000 ) ;
#711 = CARTESIAN_POINT ( 'NONE',  ( -0.9087884570791781025, 2.150000000000000355, -0.2522023949766164508 ) ) ;
#712 = EDGE_CURVE ( 'NONE', #3584, #6274, #8729, .T. ) ;
#713 = EDGE_CURVE ( 'NONE', #2550, #10553, #6903, .T. ) ;
#714 = AXIS2_PLACEMENT_3D ( 'NONE', #1283, #5309, #9879 ) ;
#715 = CARTESIAN_POINT ( 'NONE',  ( -0.2927898087705994579, 2.151000000000000689, -0.1025756786078747124 ) ) ;
#716 = SURFACE_STYLE_FILL_AREA ( #10958 ) ;
#717 = EDGE_LOOP ( 'NONE', ( #4591, #4120, #849, #3494 ) ) ;
#718 = COLOUR_RGB ( '',1.000000000000000000, 1.000000000000000000, 1.000000000000000000 ) ;
#719 = CARTESIAN_POINT ( 'NONE',  ( 1.195080527978095386, 2.150000000000000355, 0.1133973145871911559 ) ) ;
#720 = FACE_OUTER_BOUND ( 'NONE', #2617, .T. ) ;
#721 = PRESENTATION_LAYER_ASSIGNMENT (  '', '', ( #3471 ) ) ;
#722 = FILL_AREA_STYLE_COLOUR ( '', #6582 ) ;
#723 = EDGE_LOOP ( 'NONE', ( #11534, #3788, #6926, #9650 ) ) ;
#724 = LINE ( 'NONE', #4494, #7634 ) ;
#725 = CARTESIAN_POINT ( 'NONE',  ( -0.08072253193853282105, 2.150000000000000355, 0.07288425256004332775 ) ) ;
#726 = CARTESIAN_POINT ( 'NONE',  ( -0.8617793402508915346, 2.151000000000000245, -0.04848722609848107878 ) ) ;
#727 = CARTESIAN_POINT ( 'NONE',  ( -0.1912972168460800315, 2.151000000000000689, -0.2505449784619278031 ) ) ;
#728 = AXIS2_PLACEMENT_3D ( 'NONE', #7906, #4095, #1375 ) ;
#729 = CARTESIAN_POINT ( 'NONE',  ( -0.2070447495069421551, 2.150000000000000355, -0.1193319379601541635 ) ) ;
#730 = PRESENTATION_STYLE_ASSIGNMENT (( #8227 ) ) ;
#731 = ADVANCED_FACE ( 'NONE', ( #4125 ), #4360, .F. ) ;
#732 = EDGE_LOOP ( 'NONE', ( #11589, #9339, #11724, #11266 ) ) ;
#733 = CARTESIAN_POINT ( 'NONE',  ( -0.09041529494550032409, 2.150000000000000355, 0.2593527695899005003 ) ) ;
#734 = ORIENTED_EDGE ( 'NONE', *, *, #1982, .F. ) ;
#735 =( NAMED_UNIT ( * ) PLANE_ANGLE_UNIT ( ) SI_UNIT ( $, .RADIAN. ) );
#736 = COLOUR_RGB ( '',1.000000000000000000, 1.000000000000000000, 1.000000000000000000 ) ;
#737 = PRESENTATION_STYLE_ASSIGNMENT (( #1773 ) ) ;
#738 = CARTESIAN_POINT ( 'NONE',  ( -0.6854028754953326308, 2.151000000000000245, 0.07202693118469341571 ) ) ;
#739 = VERTEX_POINT ( 'NONE', #6240 ) ;
#740 = CARTESIAN_POINT ( 'NONE',  ( -0.3088860829701925437, 2.150000000000000355, -0.2740462533201795114 ) ) ;
#741 = CARTESIAN_POINT ( 'NONE',  ( 0.7633360605537862220, 2.150000000000000355, -0.1774233946009069751 ) ) ;
#742 = EDGE_CURVE ( 'NONE', #3191, #5780, #7218, .T. ) ;
#743 = PRESENTATION_LAYER_ASSIGNMENT (  '', '', ( #1325 ) ) ;
#744 =( NAMED_UNIT ( * ) SI_UNIT ( $, .STERADIAN. ) SOLID_ANGLE_UNIT ( ) );
#745 = SURFACE_STYLE_USAGE ( .BOTH. , #6390 ) ;
#746 = CARTESIAN_POINT ( 'NONE',  ( -0.1384560667873216688, 2.150000000000000355, 0.2744008514786819841 ) ) ;
#747 =( GEOMETRIC_REPRESENTATION_CONTEXT ( 3 ) GLOBAL_UNCERTAINTY_ASSIGNED_CONTEXT ( ( #2844 ) ) GLOBAL_UNIT_ASSIGNED_CONTEXT ( ( #6437, #3689, #796 ) ) REPRESENTATION_CONTEXT ( 'NONE', 'WORKASPACE' ) );
#748 = CARTESIAN_POINT ( 'NONE',  ( -0.5363432973049192531, 2.150000000000000355, -0.04617911753983044293 ) ) ;
#749 = ORIENTED_EDGE ( 'NONE', *, *, #1360, .F. ) ;
#750 = DIRECTION ( 'NONE',  ( -0.007092178509964671383, -8.426690792502693024E-19, 0.9999748501857348426 ) ) ;
#751 = VECTOR ( 'NONE', #1833, 1000.000000000000000 ) ;
#752 = ORIENTED_EDGE ( 'NONE', *, *, #10734, .F. ) ;
#753 = FILL_AREA_STYLE_COLOUR ( '', #834 ) ;
#754 = DIRECTION ( 'NONE',  ( 0.007092178509963214215, -0.000000000000000000, -0.9999748501857348426 ) ) ;
#755 = COLOUR_RGB ( '',1.000000000000000000, 1.000000000000000000, 1.000000000000000000 ) ;
#756 = VECTOR ( 'NONE', #10159, 1000.000000000000000 ) ;
#757 = AXIS2_PLACEMENT_3D ( 'NONE', #3495, #781, #843 ) ;
#758 = UNCERTAINTY_MEASURE_WITH_UNIT (LENGTH_MEASURE( 1.000000000000000082E-05 ), #3464, 'distance_accuracy_value', 'NONE');
#759 = PRESENTATION_STYLE_ASSIGNMENT (( #4593 ) ) ;
#760 = CARTESIAN_POINT ( 'NONE',  ( -0.8804933862011528056, 2.149999999999999911, -0.1733940407948221518 ) ) ;
#761 = VERTEX_POINT ( 'NONE', #10714 ) ;
#762 = CARTESIAN_POINT ( 'NONE',  ( -0.2052835327084571171, 2.151000000000000689, 0.2554187308540484813 ) ) ;
#763 =( NAMED_UNIT ( * ) PLANE_ANGLE_UNIT ( ) SI_UNIT ( $, .RADIAN. ) );
#764 = VERTEX_POINT ( 'NONE', #11672 ) ;
#765 = DIRECTION ( 'NONE',  ( 0.9999748501857348426, 0.000000000000000000, 0.007092178509963972290 ) ) ;
#766 = VECTOR ( 'NONE', #647, 1000.000000000000000 ) ;
#767 = SURFACE_STYLE_FILL_AREA ( #12011 ) ;
#768 = VECTOR ( 'NONE', #5071, 1000.000000000000114 ) ;
#769 = ORIENTED_EDGE ( 'NONE', *, *, #6411, .F. ) ;
#770 = UNCERTAINTY_MEASURE_WITH_UNIT (LENGTH_MEASURE( 1.000000000000000082E-05 ), #4249, 'distance_accuracy_value', 'NONE');
#771 = PRESENTATION_LAYER_ASSIGNMENT (  '', '', ( #181 ) ) ;
#772 = CARTESIAN_POINT ( 'NONE',  ( 0.1307865612851951131, 2.151000000000000689, 0.07781563795318785504 ) ) ;
#773 = CARTESIAN_POINT ( 'NONE',  ( -0.3814977638706876784, 2.150000000000000355, 0.09736951938159572884 ) ) ;
#774 = EDGE_LOOP ( 'NONE', ( #3178, #10711, #4039, #4347, #1066, #8849 ) ) ;
#775 = CARTESIAN_POINT ( 'NONE',  ( -0.4606589594673863308, 2.150000000000000355, 0.1021109786709008538 ) ) ;
#776 = DIRECTION ( 'NONE',  ( 1.188166764367676342E-16, -1.000000000000000000, -0.000000000000000000 ) ) ;
#777 = EDGE_CURVE ( 'NONE', #7725, #6719, #2249, .T. ) ;
#778 = CARTESIAN_POINT ( 'NONE',  ( -0.2844641781314494744, 2.150000000000000355, -0.3161922559700406365 ) ) ;
#779 = LINE ( 'NONE', #4554, #5053 ) ;
#780 = EDGE_LOOP ( 'NONE', ( #2403, #11427, #4090, #4826 ) ) ;
#781 = DIRECTION ( 'NONE',  ( 2.168404344971008868E-16, -0.000000000000000000, 1.000000000000000000 ) ) ;
#782 = EDGE_CURVE ( 'NONE', #4087, #2831, #4253, .T. ) ;
#783 = CARTESIAN_POINT ( 'NONE',  ( -0.4421085987332931677, 2.151000000000000689, 0.1181512406698030926 ) ) ;
#784 = EDGE_CURVE ( 'NONE', #8591, #9682, #7804, .T. ) ;
#785 = LINE ( 'NONE', #8345, #11107 ) ;
#786 = AXIS2_PLACEMENT_3D ( 'NONE', #6220, #9026, #8091 ) ;
#787 = VECTOR ( 'NONE', #6267, 1000.000000000000000 ) ;
#788 = FILL_AREA_STYLE ('',( #10219 ) ) ;
#789 = CARTESIAN_POINT ( 'NONE',  ( -0.6338833779905368448, 2.151000000000000245, -0.2502526700472043619 ) ) ;
#790 = CARTESIAN_POINT ( 'NONE',  ( -0.5779458089475173477, 2.151000000000000689, -0.2498559408444721019 ) ) ;
#791 = ORIENTED_EDGE ( 'NONE', *, *, #11326, .T. ) ;
#792 = ORIENTED_EDGE ( 'NONE', *, *, #11172, .F. ) ;
#793 = MECHANICAL_DESIGN_GEOMETRIC_PRESENTATION_REPRESENTATION (  '', ( #2541 ), #3542 ) ;
#794 = ORIENTED_EDGE ( 'NONE', *, *, #5554, .F. ) ;
#795 = PRESENTATION_LAYER_ASSIGNMENT (  '', '', ( #6134 ) ) ;
#796 =( NAMED_UNIT ( * ) SI_UNIT ( $, .STERADIAN. ) SOLID_ANGLE_UNIT ( ) );
#797 = AXIS2_PLACEMENT_3D ( 'NONE', #10350, #3822, #1041 ) ;
#798 = PRESENTATION_STYLE_ASSIGNMENT (( #1591 ) ) ;
#799 = DIRECTION ( 'NONE',  ( 1.188166764367676342E-16, -1.000000000000000000, -0.000000000000000000 ) ) ;
#800 = CARTESIAN_POINT ( 'NONE',  ( -0.3773200013957546117, 2.151000000000000689, -0.1031751969012276865 ) ) ;
#801 = PRESENTATION_STYLE_ASSIGNMENT (( #8353 ) ) ;
#802 = VERTEX_POINT ( 'NONE', #9804 ) ;
#803 = EDGE_CURVE ( 'NONE', #3476, #5116, #4435, .T. ) ;
#804 = LINE ( 'NONE', #860, #7356 ) ;
#805 = ORIENTED_EDGE ( 'NONE', *, *, #1068, .F. ) ;
#806 = CARTESIAN_POINT ( 'NONE',  ( -0.4820114572750420212, 2.150000000000000355, 0.2319325474729944658 ) ) ;
#807 = CARTESIAN_POINT ( 'NONE',  ( 0.7634386125451618765, 2.150000000000000355, -0.1918829026444843211 ) ) ;
#808 =( GEOMETRIC_REPRESENTATION_CONTEXT ( 3 ) GLOBAL_UNCERTAINTY_ASSIGNED_CONTEXT ( ( #4684 ) ) GLOBAL_UNIT_ASSIGNED_CONTEXT ( ( #3415, #6090, #4232 ) ) REPRESENTATION_CONTEXT ( 'NONE', 'WORKASPACE' ) );
#809 = FILL_AREA_STYLE ('',( #622 ) ) ;
#810 = B_SPLINE_SURFACE_WITH_KNOTS ( 'NONE', 3, 1, ( 
 ( #10211, #3435 ),
 ( #4372, #5483 ),
 ( #9227, #10960 ),
 ( #7189, #775 ) ),
 .UNSPECIFIED., .F., .F., .F.,
 ( 4, 4 ),
 ( 2, 2 ),
 ( 5.000000000000000000, 6.000000000000000000 ),
 ( 0.000000000000000000, 1.000000000000000000 ),
 .UNSPECIFIED. ) ;
#811 = VECTOR ( 'NONE', #994, 1000.000000000000000 ) ;
#812 = ADVANCED_FACE ( 'NONE', ( #2311 ), #297, .T. ) ;
#813 = DIRECTION ( 'NONE',  ( -0.3382111624796507732, -0.000000000000000000, 0.9410702468860459025 ) ) ;
#814 = ORIENTED_EDGE ( 'NONE', *, *, #6238, .T. ) ;
#815 = CARTESIAN_POINT ( 'NONE',  ( -0.6924873812034721965, 2.149999999999999911, -0.2412062755468378505 ) ) ;
#816 = ORIENTED_EDGE ( 'NONE', *, *, #9719, .F. ) ;
#817 =( NAMED_UNIT ( * ) SI_UNIT ( $, .STERADIAN. ) SOLID_ANGLE_UNIT ( ) );
#818 = CARTESIAN_POINT ( 'NONE',  ( -0.4414051443939011055, 2.151000000000000689, 0.2681970706437578622 ) ) ;
#819 = CARTESIAN_POINT ( 'NONE',  ( 0.9069978902406599097, 2.150000000000000355, -0.04481634617913134166 ) ) ;
#820 = MECHANICAL_DESIGN_GEOMETRIC_PRESENTATION_REPRESENTATION (  '', ( #8682 ), #3974 ) ;
#821 = PRESENTATION_LAYER_ASSIGNMENT (  '', '', ( #11064 ) ) ;
#822 = EDGE_LOOP ( 'NONE', ( #4525, #9297, #7615, #316 ) ) ;
#823 = SURFACE_SIDE_STYLE ('',( #2590 ) ) ;
#824 = DIRECTION ( 'NONE',  ( 1.188166764367676342E-16, -1.000000000000000000, 0.000000000000000000 ) ) ;
#825 = ORIENTED_EDGE ( 'NONE', *, *, #2451, .F. ) ;
#826 = SURFACE_STYLE_USAGE ( .BOTH. , #9028 ) ;
#827 = LINE ( 'NONE', #4655, #2079 ) ;
#828 = PRESENTATION_LAYER_ASSIGNMENT (  '', '', ( #6166 ) ) ;
#829 = DIRECTION ( 'NONE',  ( 0.000000000000000000, -1.000000000000000000, 1.185846126156020721E-16 ) ) ;
#830 =( LENGTH_UNIT ( ) NAMED_UNIT ( * ) SI_UNIT ( .MILLI., .METRE. ) );
#831 = CARTESIAN_POINT ( 'NONE',  ( -0.6947567487916576079, 2.149999999999999911, -0.08982981060039686716 ) ) ;
#832 = CARTESIAN_POINT ( 'NONE',  ( -3.049999999999998934, -2.149999999999999911, 1.739999999999999991 ) ) ;
#833 = ADVANCED_FACE ( 'NONE', ( #666 ), #4374, .F. ) ;
#834 = COLOUR_RGB ( '',1.000000000000000000, 1.000000000000000000, 1.000000000000000000 ) ;
#835 = CARTESIAN_POINT ( 'NONE',  ( 0.1055450673871456413, 2.150000000000000355, -0.06502175767967410813 ) ) ;
#836 =( NAMED_UNIT ( * ) PLANE_ANGLE_UNIT ( ) SI_UNIT ( $, .RADIAN. ) );
#837 = CARTESIAN_POINT ( 'NONE',  ( -0.6361995749045131765, 2.151000000000000245, -0.07028247539768932295 ) ) ;
#838 = CARTESIAN_POINT ( 'NONE',  ( 0.5172782460321342368, 2.150000000000000355, 0.2633146077990298206 ) ) ;
#839 = CARTESIAN_POINT ( 'NONE',  ( -0.3241358466668658456, 2.151000000000000689, -0.3009808390072817308 ) ) ;
#840 = CARTESIAN_POINT ( 'NONE',  ( -0.4275560387544145025, 2.150000000000000355, 0.1041133893125510551 ) ) ;
#841 = CARTESIAN_POINT ( 'NONE',  ( -0.7091065057563352703, 2.149999999999999911, -0.1923503147669559932 ) ) ;
#842 = ORIENTED_EDGE ( 'NONE', *, *, #5393, .T. ) ;
#843 = DIRECTION ( 'NONE',  ( 1.000000000000000000, 0.000000000000000000, -2.168404344971008868E-16 ) ) ;
#844 = CARTESIAN_POINT ( 'NONE',  ( -0.2208211954146127587, 2.151000000000000689, -0.1194296454310889710 ) ) ;
#845 = DIRECTION ( 'NONE',  ( 0.3492990577959528276, -0.000000000000000000, 0.9370112956751692757 ) ) ;
#846 = MECHANICAL_DESIGN_GEOMETRIC_PRESENTATION_REPRESENTATION (  '', ( #9518 ), #10115 ) ;
#847 = CARTESIAN_POINT ( 'NONE',  ( 1.129346224478604999, 2.151000000000000689, -0.2008559877067254973 ) ) ;
#848 = DIRECTION ( 'NONE',  ( -0.9999748501857348426, -7.752749528092225583E-15, -0.007092178509963569834 ) ) ;
#849 = ORIENTED_EDGE ( 'NONE', *, *, #10075, .F. ) ;
#850 = EDGE_CURVE ( 'NONE', #11277, #2513, #5480, .T. ) ;
#851 = EDGE_CURVE ( 'NONE', #8972, #4513, #3553, .T. ) ;
#852 = VERTEX_POINT ( 'NONE', #11139 ) ;
#853 = EDGE_CURVE ( 'NONE', #8669, #6410, #2643, .T. ) ;
#854 = SURFACE_STYLE_USAGE ( .BOTH. , #7442 ) ;
#855 = FILL_AREA_STYLE ('',( #5561 ) ) ;
#856 = DIRECTION ( 'NONE',  ( 1.000000000000000000, 0.000000000000000000, 0.000000000000000000 ) ) ;
#857 = ORIENTED_EDGE ( 'NONE', *, *, #9006, .F. ) ;
#858 = CARTESIAN_POINT ( 'NONE',  ( -0.1173966229314901133, 2.151000000000000689, -0.2465895616557980119 ) ) ;
#859 = MECHANICAL_DESIGN_GEOMETRIC_PRESENTATION_REPRESENTATION (  '', ( #6199 ), #5208 ) ;
#860 = CARTESIAN_POINT ( 'NONE',  ( -0.2041715110770059849, 2.150000000000000355, 0.09862718045085375196 ) ) ;
#861 = ORIENTED_EDGE ( 'NONE', *, *, #6463, .F. ) ;
#862 = CARTESIAN_POINT ( 'NONE',  ( -0.4918686220256033303, 2.150000000000000355, 0.1776898870687715903 ) ) ;
#863 = STYLED_ITEM ( 'NONE', ( #11557 ), #11899 ) ;
#864 = FILL_AREA_STYLE ('',( #11157 ) ) ;
#865 = PRESENTATION_LAYER_ASSIGNMENT (  '', '', ( #4026 ) ) ;
#866 = EDGE_CURVE ( 'NONE', #8085, #2874, #10163, .T. ) ;
#867 = CARTESIAN_POINT ( 'NONE',  ( -0.1789679186215485385, 2.150000000000000355, -0.2296618533450860422 ) ) ;
#868 = VECTOR ( 'NONE', #7489, 1000.000000000000000 ) ;
#869 = CARTESIAN_POINT ( 'NONE',  ( -0.1528238405200043337, 2.151000000000000689, -0.1407828493238073297 ) ) ;
#870 = FILL_AREA_STYLE ('',( #10185 ) ) ;
#871 = CARTESIAN_POINT ( 'NONE',  ( -0.0009625252939690631671, 2.150000000000000355, -0.2068758453878232206 ) ) ;
#872 = ORIENTED_EDGE ( 'NONE', *, *, #7702, .F. ) ;
#873 = DIRECTION ( 'NONE',  ( -0.9319625762824779169, -1.107326958773315420E-16, -0.3625544875035016101 ) ) ;
#874 = SURFACE_SIDE_STYLE ('',( #7964 ) ) ;
#875 = COLOUR_RGB ( '',1.000000000000000000, 1.000000000000000000, 1.000000000000000000 ) ;
#876 = DIRECTION ( 'NONE',  ( 0.000000000000000000, -1.000000000000000000, 0.000000000000000000 ) ) ;
#877 = CARTESIAN_POINT ( 'NONE',  ( 0.5070745920861038369, 2.151000000000000689, 0.07092111345452180304 ) ) ;
#878 = EDGE_LOOP ( 'NONE', ( #4410, #1743, #2931, #11586 ) ) ;
#879 = EDGE_CURVE ( 'NONE', #9812, #6869, #779, .T. ) ;
#880 = UNCERTAINTY_MEASURE_WITH_UNIT (LENGTH_MEASURE( 1.000000000000000082E-05 ), #5970, 'distance_accuracy_value', 'NONE');
#881 = FILL_AREA_STYLE_COLOUR ( '', #7885 ) ;
#882 = VECTOR ( 'NONE', #11706, 1000.000000000000000 ) ;
#883 = CARTESIAN_POINT ( 'NONE',  ( -0.2775511480698864553, 2.151000000000000689, 0.1898157005592643332 ) ) ;
#884 = CARTESIAN_POINT ( 'NONE',  ( 0.5910833548267506732, 2.151000000000000689, -0.1526167147773457300 ) ) ;
#885 = ORIENTED_EDGE ( 'NONE', *, *, #688, .T. ) ;
#886 = DIRECTION ( 'NONE',  ( -0.007092178509963311360, -8.426690792501076206E-19, 0.9999748501857348426 ) ) ;
#887 = ORIENTED_EDGE ( 'NONE', *, *, #6397, .T. ) ;
#888 = STYLED_ITEM ( 'NONE', ( #7374 ), #2093 ) ;
#889 = DIRECTION ( 'NONE',  ( 1.188166764367676342E-16, -1.000000000000000000, -0.000000000000000000 ) ) ;
#890 = CARTESIAN_POINT ( 'NONE',  ( -0.2092171180314622569, 2.150000000000000355, -0.1648898872949465522 ) ) ;
#891 = SURFACE_STYLE_FILL_AREA ( #4827 ) ;
#892 = CARTESIAN_POINT ( 'NONE',  ( -0.1382613892603355987, 2.150000000000000355, 0.2469519328412660697 ) ) ;
#893 = SURFACE_STYLE_USAGE ( .BOTH. , #954 ) ;
#894 = UNCERTAINTY_MEASURE_WITH_UNIT (LENGTH_MEASURE( 1.000000000000000082E-05 ), #6539, 'distance_accuracy_value', 'NONE');
#895 = DIRECTION ( 'NONE',  ( -0.000000000000000000, 1.000000000000000000, -0.000000000000000000 ) ) ;
#896 = FACE_OUTER_BOUND ( 'NONE', #1641, .T. ) ;
#897 = DIRECTION ( 'NONE',  ( 1.188166764367676342E-16, -1.000000000000000000, -0.000000000000000000 ) ) ;
#898 =( LENGTH_UNIT ( ) NAMED_UNIT ( * ) SI_UNIT ( .MILLI., .METRE. ) );
#899 = AXIS2_PLACEMENT_3D ( 'NONE', #4751, #10536, #6792 ) ;
#900 = SURFACE_STYLE_USAGE ( .BOTH. , #11190 ) ;
#901 = DIRECTION ( 'NONE',  ( 1.188166764367676342E-16, -1.000000000000000000, -0.000000000000000000 ) ) ;
#902 = SURFACE_STYLE_USAGE ( .BOTH. , #3678 ) ;
#903 = STYLED_ITEM ( 'NONE', ( #945 ), #2359 ) ;
#904 = CARTESIAN_POINT ( 'NONE',  ( 0.7634386125451609884, 2.150000000000000355, -0.1918829026444843766 ) ) ;
#905 = B_SPLINE_SURFACE_WITH_KNOTS ( 'NONE', 3, 1, ( 
 ( #3301, #773 ),
 ( #12019, #5361 ),
 ( #1515, #7187 ),
 ( #11962, #5423 ) ),
 .UNSPECIFIED., .F., .F., .F.,
 ( 4, 4 ),
 ( 2, 2 ),
 ( 2.000000000000000000, 3.000000000000000000 ),
 ( 0.000000000000000000, 1.000000000000000000 ),
 .UNSPECIFIED. ) ;
#906 = CARTESIAN_POINT ( 'NONE',  ( 0.5578367524028450264, 2.150000000000000355, -0.1542985130197318533 ) ) ;
#907 = DIRECTION ( 'NONE',  ( 1.188166764367676342E-16, -1.000000000000000000, -0.000000000000000000 ) ) ;
#908 = CARTESIAN_POINT ( 'NONE',  ( -0.03407650490992446268, 2.150000000000000355, -0.2219796137038109185 ) ) ;
#909 = DIRECTION ( 'NONE',  ( 1.188166764367676342E-16, -1.000000000000000000, -0.000000000000000000 ) ) ;
#910 = ORIENTED_EDGE ( 'NONE', *, *, #6534, .F. ) ;
#911 = STYLED_ITEM ( 'NONE', ( #9985 ), #9309 ) ;
#912 = CARTESIAN_POINT ( 'NONE',  ( -0.4136689782939800830, 2.151000000000000689, 0.07395416496042514498 ) ) ;
#913 = ORIENTED_EDGE ( 'NONE', *, *, #4646, .T. ) ;
#914 =( GEOMETRIC_REPRESENTATION_CONTEXT ( 3 ) GLOBAL_UNCERTAINTY_ASSIGNED_CONTEXT ( ( #6127 ) ) GLOBAL_UNIT_ASSIGNED_CONTEXT ( ( #9772, #11701, #510 ) ) REPRESENTATION_CONTEXT ( 'NONE', 'WORKASPACE' ) );
#915 = DIRECTION ( 'NONE',  ( -0.9999748501857348426, 0.000000000000000000, -0.007092178509963093652 ) ) ;
#916 = VERTEX_POINT ( 'NONE', #7433 ) ;
#917 = DIRECTION ( 'NONE',  ( 1.188166764367676342E-16, -1.000000000000000000, -0.000000000000000000 ) ) ;
#918 = VERTEX_POINT ( 'NONE', #12149 ) ;
#919 = CARTESIAN_POINT ( 'NONE',  ( 0.9098898580403098624, 2.151000000000000689, -0.2486852699799907418 ) ) ;
#920 = EDGE_CURVE ( 'NONE', #2513, #1281, #2791, .T. ) ;
#921 = FILL_AREA_STYLE ('',( #7396 ) ) ;
#922 = ORIENTED_EDGE ( 'NONE', *, *, #4529, .T. ) ;
#923 = CARTESIAN_POINT ( 'NONE',  ( 1.045727199617881409, 2.151000000000000689, -0.2361535754825709321 ) ) ;
#924 =( NAMED_UNIT ( * ) PLANE_ANGLE_UNIT ( ) SI_UNIT ( $, .RADIAN. ) );
#925 = CARTESIAN_POINT ( 'NONE',  ( -0.4918686220256033303, 2.151000000000000689, 0.1776898870687715903 ) ) ;
#926 = STYLED_ITEM ( 'NONE', ( #9907 ), #9605 ) ;
#927 = CARTESIAN_POINT ( 'NONE',  ( -0.1382613892603360428, 2.151000000000000689, 0.2469519328412659587 ) ) ;
#928 = UNCERTAINTY_MEASURE_WITH_UNIT (LENGTH_MEASURE( 1.000000000000000082E-05 ), #5406, 'distance_accuracy_value', 'NONE');
#929 = LINE ( 'NONE', #7519, #11776 ) ;
#930 = FILL_AREA_STYLE ('',( #9391 ) ) ;
#931 = EDGE_CURVE ( 'NONE', #4284, #6272, #5018, .T. ) ;
#932 = ORIENTED_EDGE ( 'NONE', *, *, #4988, .F. ) ;
#933 =( NAMED_UNIT ( * ) SI_UNIT ( $, .STERADIAN. ) SOLID_ANGLE_UNIT ( ) );
#934 = EDGE_CURVE ( 'NONE', #101, #10522, #11244, .T. ) ;
#935 = DIRECTION ( 'NONE',  ( -0.007092178509963293145, -0.000000000000000000, 0.9999748501857348426 ) ) ;
#936 = EDGE_CURVE ( 'NONE', #2055, #6007, #4672, .T. ) ;
#937 = STYLED_ITEM ( 'NONE', ( #8146 ), #9693 ) ;
#938 = SURFACE_STYLE_FILL_AREA ( #5701 ) ;
#939 =( NAMED_UNIT ( * ) PLANE_ANGLE_UNIT ( ) SI_UNIT ( $, .RADIAN. ) );
#940 = STYLED_ITEM ( 'NONE', ( #10285 ), #7575 ) ;
#941 = CARTESIAN_POINT ( 'NONE',  ( 0.7125636461717117509, 2.150000000000000355, 0.2531314573857857964 ) ) ;
#942 = PRESENTATION_LAYER_ASSIGNMENT (  '', '', ( #8601 ) ) ;
#943 = VERTEX_POINT ( 'NONE', #7155 ) ;
#944 = CARTESIAN_POINT ( 'NONE',  ( 0.1043688906615769102, 2.151000000000000689, 0.1008154590923211608 ) ) ;
#945 = PRESENTATION_STYLE_ASSIGNMENT (( #5411 ) ) ;
#946 = VERTEX_POINT ( 'NONE', #8740 ) ;
#947 = DIRECTION ( 'NONE',  ( 1.188166764367676342E-16, -1.000000000000000000, -0.000000000000000000 ) ) ;
#948 = EDGE_CURVE ( 'NONE', #5621, #2362, #307, .T. ) ;
#949 =( GEOMETRIC_REPRESENTATION_CONTEXT ( 3 ) GLOBAL_UNCERTAINTY_ASSIGNED_CONTEXT ( ( #6593 ) ) GLOBAL_UNIT_ASSIGNED_CONTEXT ( ( #9224, #836, #3672 ) ) REPRESENTATION_CONTEXT ( 'NONE', 'WORKASPACE' ) );
#950 = VECTOR ( 'NONE', #10712, 1000.000000000000000 ) ;
#951 = CARTESIAN_POINT ( 'NONE',  ( -0.5299452459413458438, 2.151000000000000689, -0.1346193643521607919 ) ) ;
#952 = STYLED_ITEM ( 'NONE', ( #683 ), #10292 ) ;
#953 = CARTESIAN_POINT ( 'NONE',  ( -0.3255517110753634036, 2.150000000000000355, 0.07457912406695518803 ) ) ;
#954 = SURFACE_SIDE_STYLE ('',( #9287 ) ) ;
#955 = VECTOR ( 'NONE', #5982, 999.9999999999998863 ) ;
#956 = COLOUR_RGB ( '',1.000000000000000000, 1.000000000000000000, 1.000000000000000000 ) ;
#957 = B_SPLINE_CURVE_WITH_KNOTS ( 'NONE', 3,
 ( #1494, #11062, #10025, #5629 ),
 .UNSPECIFIED., .F., .F.,
 ( 4, 4 ),
 ( 1.000000000000000000, 2.000000000000000000 ),
 .UNSPECIFIED. ) ;
#958 = CARTESIAN_POINT ( 'NONE',  ( -0.01303748500803551813, 2.151000000000000689, 0.1761989432650036547 ) ) ;
#959 = VECTOR ( 'NONE', #11950, 1000.000000000000000 ) ;
#960 = SURFACE_STYLE_FILL_AREA ( #3798 ) ;
#961 = VECTOR ( 'NONE', #3858, 1000.000000000000000 ) ;
#962 = FILL_AREA_STYLE ('',( #7488 ) ) ;
#963 = EDGE_CURVE ( 'NONE', #6076, #10539, #8805, .T. ) ;
#964 = FACE_BOUND ( 'NONE', #11768, .T. ) ;
#965 =( NAMED_UNIT ( * ) SI_UNIT ( $, .STERADIAN. ) SOLID_ANGLE_UNIT ( ) );
#966 = VECTOR ( 'NONE', #7739, 1000.000000000000000 ) ;
#967 = SURFACE_SIDE_STYLE ('',( #11249 ) ) ;
#968 = ORIENTED_EDGE ( 'NONE', *, *, #10222, .F. ) ;
#969 = FILL_AREA_STYLE_COLOUR ( '', #10485 ) ;
#970 = VERTEX_POINT ( 'NONE', #10859 ) ;
#971 = PRESENTATION_LAYER_ASSIGNMENT (  '', '', ( #7850 ) ) ;
#972 = PLANE ( 'NONE',  #4504 ) ;
#973 = ORIENTED_EDGE ( 'NONE', *, *, #11832, .F. ) ;
#974 = STYLED_ITEM ( 'NONE', ( #4595 ), #1465 ) ;
#975 = AXIS2_PLACEMENT_3D ( 'NONE', #6445, #6331, #4456 ) ;
#976 = ORIENTED_EDGE ( 'NONE', *, *, #8124, .F. ) ;
#977 = B_SPLINE_CURVE_WITH_KNOTS ( 'NONE', 3,
 ( #6467, #4359, #9213, #1741 ),
 .UNSPECIFIED., .F., .F.,
 ( 4, 4 ),
 ( 10.00000000000000000, 11.00000000000000000 ),
 .UNSPECIFIED. ) ;
#978 = PRESENTATION_STYLE_ASSIGNMENT (( #3572 ) ) ;
#979 = ORIENTED_EDGE ( 'NONE', *, *, #12078, .F. ) ;
#980 = PLANE ( 'NONE',  #797 ) ;
#981 = B_SPLINE_CURVE_WITH_KNOTS ( 'NONE', 3,
 ( #371, #5247, #549, #7811 ),
 .UNSPECIFIED., .F., .F.,
 ( 4, 4 ),
 ( 7.000000000000000000, 8.000000000000000000 ),
 .UNSPECIFIED. ) ;
#982 = VECTOR ( 'NONE', #1604, 1000.000000000000114 ) ;
#983 =( NAMED_UNIT ( * ) SI_UNIT ( $, .STERADIAN. ) SOLID_ANGLE_UNIT ( ) );
#984 = ORIENTED_EDGE ( 'NONE', *, *, #10771, .F. ) ;
#985 = COLOUR_RGB ( '',1.000000000000000000, 1.000000000000000000, 1.000000000000000000 ) ;
#986 = CARTESIAN_POINT ( 'NONE',  ( 0.1066570890185964543, 2.150000000000000355, -0.2218133080828647297 ) ) ;
#987 = DIRECTION ( 'NONE',  ( 1.188166764367676342E-16, -1.000000000000000000, -0.000000000000000000 ) ) ;
#988 = B_SPLINE_CURVE_WITH_KNOTS ( 'NONE', 3,
 ( #4709, #11061, #2642, #2581 ),
 .UNSPECIFIED., .F., .F.,
 ( 4, 4 ),
 ( 22.00000000000000000, 23.00000000000000000 ),
 .UNSPECIFIED. ) ;
#989 = DIRECTION ( 'NONE',  ( 0.3216389368451695319, -0.000000000000000000, 0.9468623945986601731 ) ) ;
#990 =( LENGTH_UNIT ( ) NAMED_UNIT ( * ) SI_UNIT ( .MILLI., .METRE. ) );
#991 = ORIENTED_EDGE ( 'NONE', *, *, #5546, .F. ) ;
#992 = FACE_OUTER_BOUND ( 'NONE', #4691, .T. ) ;
#993 = STYLED_ITEM ( 'NONE', ( #3777 ), #3413 ) ;
#994 = DIRECTION ( 'NONE',  ( 1.188166764367676342E-16, -1.000000000000000000, -0.000000000000000000 ) ) ;
#995 = FILL_AREA_STYLE_COLOUR ( '', #5279 ) ;
#996 = CARTESIAN_POINT ( 'NONE',  ( -0.1521384168749578825, 2.150000000000000355, -0.2154344840441428932 ) ) ;
#997 = EDGE_CURVE ( 'NONE', #4583, #8017, #6122, .T. ) ;
#998 = EDGE_CURVE ( 'NONE', #5780, #8119, #9435, .T. ) ;
#999 =( NAMED_UNIT ( * ) PLANE_ANGLE_UNIT ( ) SI_UNIT ( $, .RADIAN. ) );
#1000 = ADVANCED_FACE ( 'NONE', ( #550 ), #3040, .F. ) ;
#1001 = SURFACE_STYLE_USAGE ( .BOTH. , #11785 ) ;
#1002 = ORIENTED_EDGE ( 'NONE', *, *, #5824, .T. ) ;
#1003 = CARTESIAN_POINT ( 'NONE',  ( -0.1910984986219687320, 2.151000000000000689, -0.1832695399667357283 ) ) ;
#1004 = ORIENTED_EDGE ( 'NONE', *, *, #4837, .T. ) ;
#1005 = LINE ( 'NONE', #7531, #42 ) ;
#1006 = CARTESIAN_POINT ( 'NONE',  ( -0.7141023987052347310, 2.151000000000000245, -0.07437025585304256337 ) ) ;
#1007 = PRESENTATION_LAYER_ASSIGNMENT (  '', '', ( #7307 ) ) ;
#1008 =( NAMED_UNIT ( * ) SI_UNIT ( $, .STERADIAN. ) SOLID_ANGLE_UNIT ( ) );
#1009 = CARTESIAN_POINT ( 'NONE',  ( 3.670000000000000373, 1.800000000000000044, 0.000000000000000000 ) ) ;
#1010 = CARTESIAN_POINT ( 'NONE',  ( -0.5908525703183221678, 2.151000000000000689, 0.2358396357562537182 ) ) ;
#1011 = PRESENTATION_STYLE_ASSIGNMENT (( #4723 ) ) ;
#1012 = UNCERTAINTY_MEASURE_WITH_UNIT (LENGTH_MEASURE( 1.000000000000000082E-05 ), #11720, 'distance_accuracy_value', 'NONE');
#1013 = CARTESIAN_POINT ( 'NONE',  ( 0.4927689662109027147, 2.151000000000000689, -0.1547599969808891862 ) ) ;
#1014 = EDGE_CURVE ( 'NONE', #3814, #2685, #5056, .T. ) ;
#1015 = CARTESIAN_POINT ( 'NONE',  ( -0.6093852423787371464, 2.151000000000000245, 0.2759478388129474880 ) ) ;
#1016 = MECHANICAL_DESIGN_GEOMETRIC_PRESENTATION_REPRESENTATION (  '', ( #8815 ), #5380 ) ;
#1017 =( NAMED_UNIT ( * ) PLANE_ANGLE_UNIT ( ) SI_UNIT ( $, .RADIAN. ) );
#1018 = CARTESIAN_POINT ( 'NONE',  ( -0.1939400560608335045, 2.150000000000000355, -0.2297680410870831247 ) ) ;
#1019 = MECHANICAL_DESIGN_GEOMETRIC_PRESENTATION_REPRESENTATION (  '', ( #1602 ), #11634 ) ;
#1020 = FILL_AREA_STYLE ('',( #10392 ) ) ;
#1021 = CARTESIAN_POINT ( 'NONE',  ( -0.2826435448981357568, 2.150000000000000355, -0.2943438779887761481 ) ) ;
#1022 = SURFACE_SIDE_STYLE ('',( #1081 ) ) ;
#1023 = FILL_AREA_STYLE_COLOUR ( '', #10439 ) ;
#1024 = CARTESIAN_POINT ( 'NONE',  ( -0.09234130888384643743, 2.150000000000000355, -0.1874561038459374995 ) ) ;
#1025 = MECHANICAL_DESIGN_GEOMETRIC_PRESENTATION_REPRESENTATION (  '', ( #10101 ), #8692 ) ;
#1026 = ORIENTED_EDGE ( 'NONE', *, *, #6849, .T. ) ;
#1027 = SURFACE_SIDE_STYLE ('',( #12158 ) ) ;
#1028 = ORIENTED_EDGE ( 'NONE', *, *, #10089, .T. ) ;
#1029 = EDGE_CURVE ( 'NONE', #5793, #3933, #4438, .T. ) ;
#1030 = CARTESIAN_POINT ( 'NONE',  ( 0.1060066890988795862, 2.150000000000000355, -0.1301089662694245308 ) ) ;
#1031 = ORIENTED_EDGE ( 'NONE', *, *, #414, .F. ) ;
#1032 =( NAMED_UNIT ( * ) PLANE_ANGLE_UNIT ( ) SI_UNIT ( $, .RADIAN. ) );
#1033 = SURFACE_STYLE_FILL_AREA ( #8419 ) ;
#1034 = FILL_AREA_STYLE_COLOUR ( '', #3513 ) ;
#1035 = ORIENTED_EDGE ( 'NONE', *, *, #851, .F. ) ;
#1036 = CARTESIAN_POINT ( 'NONE',  ( 0.8530978292671465013, 2.151000000000000689, -0.1926931192775404311 ) ) ;
#1037 = ORIENTED_EDGE ( 'NONE', *, *, #2061, .F. ) ;
#1038 = PRESENTATION_LAYER_ASSIGNMENT (  '', '', ( #11654 ) ) ;
#1039 =( NAMED_UNIT ( * ) PLANE_ANGLE_UNIT ( ) SI_UNIT ( $, .RADIAN. ) );
#1040 = VERTEX_POINT ( 'NONE', #8994 ) ;
#1041 = DIRECTION ( 'NONE',  ( 0.007092178509950084961, 0.000000000000000000, -0.9999748501857349536 ) ) ;
#1042 = SURFACE_SIDE_STYLE ('',( #10419 ) ) ;
#1043 = CARTESIAN_POINT ( 'NONE',  ( -0.4080312271942275193, 2.151000000000000689, 0.2539807718478698240 ) ) ;
#1044 = ORIENTED_EDGE ( 'NONE', *, *, #6819, .F. ) ;
#1045 = AXIS2_PLACEMENT_3D ( 'NONE', #2763, #4942, #11381 ) ;
#1046 = CARTESIAN_POINT ( 'NONE',  ( -0.1910984986219687320, 2.151000000000000689, -0.1832695399667357283 ) ) ;
#1047 = ADVANCED_FACE ( 'NONE', ( #10793 ), #7877, .F. ) ;
#1048 = DIRECTION ( 'NONE',  ( 0.9912876782291656363, -0.000000000000000000, -0.1317146119116255065 ) ) ;
#1049 = FACE_OUTER_BOUND ( 'NONE', #11726, .T. ) ;
#1050 = UNCERTAINTY_MEASURE_WITH_UNIT (LENGTH_MEASURE( 1.000000000000000082E-05 ), #103, 'distance_accuracy_value', 'NONE');
#1051 = CARTESIAN_POINT ( 'NONE',  ( -0.8472986747410672370, 2.149999999999999911, -0.07437912571900760772 ) ) ;
#1052 = VERTEX_POINT ( 'NONE', #5375 ) ;
#1053 = COLOUR_RGB ( '',1.000000000000000000, 1.000000000000000000, 1.000000000000000000 ) ;
#1054 = PRESENTATION_STYLE_ASSIGNMENT (( #2765 ) ) ;
#1055 = CARTESIAN_POINT ( 'NONE',  ( -0.0009625252939690631671, 2.150000000000000355, -0.2068758453878232206 ) ) ;
#1056 = ADVANCED_FACE ( 'NONE', ( #6438 ), #2465, .T. ) ;
#1057 = AXIS2_PLACEMENT_3D ( 'NONE', #5495, #2558, #8347 ) ;
#1058 = CARTESIAN_POINT ( 'NONE',  ( 0.9513813708958780424, 2.150000000000000355, 0.2215666937922319835 ) ) ;
#1059 =( NAMED_UNIT ( * ) SI_UNIT ( $, .STERADIAN. ) SOLID_ANGLE_UNIT ( ) );
#1060 =( GEOMETRIC_REPRESENTATION_CONTEXT ( 3 ) GLOBAL_UNCERTAINTY_ASSIGNED_CONTEXT ( ( #2354 ) ) GLOBAL_UNIT_ASSIGNED_CONTEXT ( ( #2611, #10278, #1762 ) ) REPRESENTATION_CONTEXT ( 'NONE', 'WORKASPACE' ) );
#1061 = CARTESIAN_POINT ( 'NONE',  ( -3.669999999999997708, -1.800000000000000044, 0.000000000000000000 ) ) ;
#1062 = CARTESIAN_POINT ( 'NONE',  ( 0.9098898580403098624, 2.150000000000000355, -0.2486852699799907418 ) ) ;
#1063 = UNCERTAINTY_MEASURE_WITH_UNIT (LENGTH_MEASURE( 1.000000000000000082E-05 ), #3500, 'distance_accuracy_value', 'NONE');
#1064 = ORIENTED_EDGE ( 'NONE', *, *, #5842, .T. ) ;
#1065 = FACE_OUTER_BOUND ( 'NONE', #11642, .T. ) ;
#1066 = ORIENTED_EDGE ( 'NONE', *, *, #4876, .T. ) ;
#1067 = FILL_AREA_STYLE_COLOUR ( '', #5571 ) ;
#1068 = EDGE_CURVE ( 'NONE', #9901, #698, #139, .T. ) ;
#1069 =( NAMED_UNIT ( * ) PLANE_ANGLE_UNIT ( ) SI_UNIT ( $, .RADIAN. ) );
#1070 = EDGE_CURVE ( 'NONE', #9084, #9953, #8233, .T. ) ;
#1071 = FILL_AREA_STYLE_COLOUR ( '', #4436 ) ;
#1072 = LINE ( 'NONE', #4663, #3683 ) ;
#1073 = DIRECTION ( 'NONE',  ( 0.000000000000000000, -0.000000000000000000, 1.000000000000000000 ) ) ;
#1074 = PRESENTATION_LAYER_ASSIGNMENT (  '', '', ( #8738 ) ) ;
#1075 = CARTESIAN_POINT ( 'NONE',  ( 0.9069978902406599097, 2.151000000000000689, -0.04481634617913134166 ) ) ;
#1076 = MECHANICAL_DESIGN_GEOMETRIC_PRESENTATION_REPRESENTATION (  '', ( #10521 ), #9963 ) ;
#1077 = CARTESIAN_POINT ( 'NONE',  ( -3.649999999999997691, -1.600000000000000089, -0.3999999999999996336 ) ) ;
#1078 = CARTESIAN_POINT ( 'NONE',  ( -0.1097664766303652617, 2.150000000000000355, 0.2829226008246265023 ) ) ;
#1079 = DIRECTION ( 'NONE',  ( 1.188166764367676342E-16, -1.000000000000000000, -0.000000000000000000 ) ) ;
#1080 = PLANE ( 'NONE',  #11783 ) ;
#1081 = SURFACE_STYLE_FILL_AREA ( #2185 ) ;
#1082 = EDGE_CURVE ( 'NONE', #2996, #6033, #10063, .T. ) ;
#1083 = ADVANCED_FACE ( 'NONE', ( #8179 ), #10630, .F. ) ;
#1084 = CARTESIAN_POINT ( 'NONE',  ( -0.4037291882663764930, 2.150000000000000355, -0.1033625002794622688 ) ) ;
#1085 = SURFACE_SIDE_STYLE ('',( #6717 ) ) ;
#1086 = CARTESIAN_POINT ( 'NONE',  ( -0.7095342110240795419, 2.149999999999999911, -0.1027239616573451808 ) ) ;
#1087 = EDGE_LOOP ( 'NONE', ( #6217, #991, #6998, #5412 ) ) ;
#1088 = ORIENTED_EDGE ( 'NONE', *, *, #3271, .F. ) ;
#1089 = ORIENTED_EDGE ( 'NONE', *, *, #8673, .T. ) ;
#1090 = CARTESIAN_POINT ( 'NONE',  ( 1.027340044370024907, 2.151000000000000689, -0.2941249252624476007 ) ) ;
#1091 = DIRECTION ( 'NONE',  ( -0.9332416532319383062, -1.108846715493733286E-16, 0.3592492403233703557 ) ) ;
#1092 = DIRECTION ( 'NONE',  ( 0.3475765303544179896, -0.000000000000000000, -0.9376516173647780894 ) ) ;
#1093 = ORIENTED_EDGE ( 'NONE', *, *, #7038, .F. ) ;
#1094 = CARTESIAN_POINT ( 'NONE',  ( -0.4606589594673863308, 2.150000000000000355, 0.1021109786709008538 ) ) ;
#1095 = VERTEX_POINT ( 'NONE', #10990 ) ;
#1096 = FILL_AREA_STYLE_COLOUR ( '', #8322 ) ;
#1097 = EDGE_LOOP ( 'NONE', ( #5061, #9582, #3163, #9601 ) ) ;
#1098 = EDGE_CURVE ( 'NONE', #3113, #11488, #1665, .T. ) ;
#1099 =( GEOMETRIC_REPRESENTATION_CONTEXT ( 3 ) GLOBAL_UNCERTAINTY_ASSIGNED_CONTEXT ( ( #2725 ) ) GLOBAL_UNIT_ASSIGNED_CONTEXT ( ( #5628, #10233, #1841 ) ) REPRESENTATION_CONTEXT ( 'NONE', 'WORKASPACE' ) );
#1100 = CARTESIAN_POINT ( 'NONE',  ( -0.5297800650093545949, 2.150000000000000355, -0.1579093559237636779 ) ) ;
#1101 = ORIENTED_EDGE ( 'NONE', *, *, #5630, .F. ) ;
#1102 = PRESENTATION_LAYER_ASSIGNMENT (  '', '', ( #6038 ) ) ;
#1103 = CARTESIAN_POINT ( 'NONE',  ( -0.4916451853184874987, 2.150000000000000355, 0.1461860145406974620 ) ) ;
#1104 = B_SPLINE_SURFACE_WITH_KNOTS ( 'NONE', 3, 1, ( 
 ( #7552, #2854 ),
 ( #6663, #11352 ),
 ( #10398, #9487 ),
 ( #4791, #4848 ),
 ( #10459, #9550 ),
 ( #2058, #8785 ) ),
 .UNSPECIFIED., .F., .F., .F.,
 ( 4, 2, 4 ),
 ( 2, 2 ),
 ( 2.000000000000000000, 3.000000000000000000, 4.000000000000000000 ),
 ( 0.000000000000000000, 1.000000000000000000 ),
 .UNSPECIFIED. ) ;
#1105 = CARTESIAN_POINT ( 'NONE',  ( 3.670000000000000373, 1.800000000000000044, 0.000000000000000000 ) ) ;
#1106 = LINE ( 'NONE', #8615, #5809 ) ;
#1107 = CARTESIAN_POINT ( 'NONE',  ( 0.4400070412800634045, 2.150000000000000355, 0.1485307119745221671 ) ) ;
#1108 = PRESENTATION_STYLE_ASSIGNMENT (( #4998 ) ) ;
#1109 =( GEOMETRIC_REPRESENTATION_CONTEXT ( 3 ) GLOBAL_UNCERTAINTY_ASSIGNED_CONTEXT ( ( #8036 ) ) GLOBAL_UNIT_ASSIGNED_CONTEXT ( ( #10121, #735, #1771 ) ) REPRESENTATION_CONTEXT ( 'NONE', 'WORKASPACE' ) );
#1110 = EDGE_LOOP ( 'NONE', ( #322, #7571, #6393, #10627, #7526, #120 ) ) ;
#1111 = CARTESIAN_POINT ( 'NONE',  ( -0.09032349259495267568, 2.150000000000000355, 0.2830604974062453927 ) ) ;
#1112 = CARTESIAN_POINT ( 'NONE',  ( -0.001154990576332434954, 2.151000000000000689, -0.1797388462800270648 ) ) ;
#1113 = EDGE_CURVE ( 'NONE', #1095, #2062, #7340, .T. ) ;
#1114 = UNCERTAINTY_MEASURE_WITH_UNIT (LENGTH_MEASURE( 1.000000000000000082E-05 ), #3346, 'distance_accuracy_value', 'NONE');
#1115 = MECHANICAL_DESIGN_GEOMETRIC_PRESENTATION_REPRESENTATION (  '', ( #6469 ), #3076 ) ;
#1116 = PLANE ( 'NONE',  #1523 ) ;
#1117 = PRESENTATION_STYLE_ASSIGNMENT (( #3780 ) ) ;
#1118 = FILL_AREA_STYLE ('',( #2165 ) ) ;
#1119 = CARTESIAN_POINT ( 'NONE',  ( -0.1845599917712082982, 2.151000000000000689, -0.1522376013544926854 ) ) ;
#1120 = DIRECTION ( 'NONE',  ( 1.188166764367676342E-16, -1.000000000000000000, -0.000000000000000000 ) ) ;
#1121 = ORIENTED_EDGE ( 'NONE', *, *, #2794, .T. ) ;
#1122 = DIRECTION ( 'NONE',  ( 0.007092178509963214215, -0.000000000000000000, -0.9999748501857348426 ) ) ;
#1123 = VERTEX_POINT ( 'NONE', #1844 ) ;
#1124 = PRESENTATION_LAYER_ASSIGNMENT (  '', '', ( #2683 ) ) ;
#1125 =( NAMED_UNIT ( * ) PLANE_ANGLE_UNIT ( ) SI_UNIT ( $, .RADIAN. ) );
#1126 = CARTESIAN_POINT ( 'NONE',  ( 0.9073055194178603067, 2.151000000000000689, 0.1156944538472038930 ) ) ;
#1127 = B_SPLINE_CURVE_WITH_KNOTS ( 'NONE', 3,
 ( #5347, #9156, #10097, #1622 ),
 .UNSPECIFIED., .F., .F.,
 ( 4, 4 ),
 ( 2.000000000000000000, 3.000000000000000000 ),
 .UNSPECIFIED. ) ;
#1128 = CARTESIAN_POINT ( 'NONE',  ( -0.8617793402508915346, 2.149999999999999911, -0.04848722609848107878 ) ) ;
#1129 = CARTESIAN_POINT ( 'NONE',  ( 0.4376689645126785044, 2.150000000000000355, 0.07042886397419197142 ) ) ;
#1130 = SURFACE_SIDE_STYLE ('',( #5896 ) ) ;
#1131 = PRESENTATION_LAYER_ASSIGNMENT (  '', '', ( #940 ) ) ;
#1132 = UNCERTAINTY_MEASURE_WITH_UNIT (LENGTH_MEASURE( 1.000000000000000082E-05 ), #1637, 'distance_accuracy_value', 'NONE');
#1133 = FILL_AREA_STYLE_COLOUR ( '', #7819 ) ;
#1134 = DIRECTION ( 'NONE',  ( 0.9999748501857348426, -0.000000000000000000, 0.007092178509961900162 ) ) ;
#1135 = CARTESIAN_POINT ( 'NONE',  ( 0.1316323761467816933, 2.151000000000000689, -0.04144159567560272428 ) ) ;
#1136 = ORIENTED_EDGE ( 'NONE', *, *, #6973, .T. ) ;
#1137 = LINE ( 'NONE', #2056, #4185 ) ;
#1138 = COLOUR_RGB ( '',1.000000000000000000, 1.000000000000000000, 1.000000000000000000 ) ;
#1139 =( NAMED_UNIT ( * ) PLANE_ANGLE_UNIT ( ) SI_UNIT ( $, .RADIAN. ) );
#1140 = CARTESIAN_POINT ( 'NONE',  ( -0.6597291961410879368, 2.149999999999999911, -0.2272487931262444361 ) ) ;
#1141 = PRESENTATION_LAYER_ASSIGNMENT (  '', '', ( #952 ) ) ;
#1142 = SURFACE_STYLE_USAGE ( .BOTH. , #10458 ) ;
#1143 = FILL_AREA_STYLE ('',( #5912 ) ) ;
#1144 = SURFACE_SIDE_STYLE ('',( #2242 ) ) ;
#1145 = CARTESIAN_POINT ( 'NONE',  ( -0.2871336222989742670, 2.151000000000000689, 0.07485159886325951084 ) ) ;
#1146 = MECHANICAL_DESIGN_GEOMETRIC_PRESENTATION_REPRESENTATION (  '', ( #11016 ), #8452 ) ;
#1147 = CARTESIAN_POINT ( 'NONE',  ( -0.3814892801183843440, 2.151000000000000689, 0.07418239486422290030 ) ) ;
#1148 =( GEOMETRIC_REPRESENTATION_CONTEXT ( 3 ) GLOBAL_UNCERTAINTY_ASSIGNED_CONTEXT ( ( #6705 ) ) GLOBAL_UNIT_ASSIGNED_CONTEXT ( ( #3654, #6638, #1794 ) ) REPRESENTATION_CONTEXT ( 'NONE', 'WORKASPACE' ) );
#1149 = ORIENTED_EDGE ( 'NONE', *, *, #11816, .F. ) ;
#1150 = PRESENTATION_LAYER_ASSIGNMENT (  '', '', ( #9228 ) ) ;
#1151 = ADVANCED_FACE ( 'NONE', ( #6797 ), #64, .F. ) ;
#1152 = CARTESIAN_POINT ( 'NONE',  ( -0.2048219109967231444, 2.150000000000000355, 0.1903315222643007787 ) ) ;
#1153 = EDGE_CURVE ( 'NONE', #2132, #5861, #3718, .T. ) ;
#1154 = VERTEX_POINT ( 'NONE', #8257 ) ;
#1155 = ADVANCED_FACE ( 'NONE', ( #11018 ), #7369, .T. ) ;
#1156 =( LENGTH_UNIT ( ) NAMED_UNIT ( * ) SI_UNIT ( .MILLI., .METRE. ) );
#1157 = CARTESIAN_POINT ( 'NONE',  ( -0.1845599917712082982, 2.150000000000000355, -0.1522376013544926854 ) ) ;
#1158 = VERTEX_POINT ( 'NONE', #10209 ) ;
#1159 =( NAMED_UNIT ( * ) PLANE_ANGLE_UNIT ( ) SI_UNIT ( $, .RADIAN. ) );
#1160 = ORIENTED_EDGE ( 'NONE', *, *, #9070, .T. ) ;
#1161 = EDGE_LOOP ( 'NONE', ( #511, #7056, #3090, #5396 ) ) ;
#1162 = STYLED_ITEM ( 'NONE', ( #9231 ), #8594 ) ;
#1163 = VECTOR ( 'NONE', #2493, 1000.000000000000114 ) ;
#1164 = CARTESIAN_POINT ( 'NONE',  ( -0.4812246356034544648, 2.151000000000000689, 0.1209931679772163898 ) ) ;
#1165 = FILL_AREA_STYLE ('',( #7746 ) ) ;
#1166 = LINE ( 'NONE', #8609, #671 ) ;
#1167 = VERTEX_POINT ( 'NONE', #8269 ) ;
#1168 = SURFACE_STYLE_FILL_AREA ( #10299 ) ;
#1169 = MECHANICAL_DESIGN_GEOMETRIC_PRESENTATION_REPRESENTATION (  '', ( #1942 ), #3928 ) ;
#1170 =( GEOMETRIC_REPRESENTATION_CONTEXT ( 3 ) GLOBAL_UNCERTAINTY_ASSIGNED_CONTEXT ( ( #142 ) ) GLOBAL_UNIT_ASSIGNED_CONTEXT ( ( #5055, #10726, #4072 ) ) REPRESENTATION_CONTEXT ( 'NONE', 'WORKASPACE' ) );
#1171 = CARTESIAN_POINT ( 'NONE',  ( -0.09140665061452250828, 2.151000000000000689, -0.2239458956568591286 ) ) ;
#1172 = EDGE_CURVE ( 'NONE', #9807, #7448, #4605, .T. ) ;
#1173 = LINE ( 'NONE', #6917, #1664 ) ;
#1174 = PLANE ( 'NONE',  #60 ) ;
#1175 = EDGE_LOOP ( 'NONE', ( #2213, #1488, #9253, #8477 ) ) ;
#1176 =( GEOMETRIC_REPRESENTATION_CONTEXT ( 3 ) GLOBAL_UNCERTAINTY_ASSIGNED_CONTEXT ( ( #11746 ) ) GLOBAL_UNIT_ASSIGNED_CONTEXT ( ( #1235, #2330, #8003 ) ) REPRESENTATION_CONTEXT ( 'NONE', 'WORKASPACE' ) );
#1177 = PRESENTATION_STYLE_ASSIGNMENT (( #7701 ) ) ;
#1178 = COLOUR_RGB ( '',0.6470588235294117974, 0.6196078431372549211, 0.5882352941176470784 ) ;
#1179 = UNCERTAINTY_MEASURE_WITH_UNIT (LENGTH_MEASURE( 1.000000000000000082E-05 ), #4019, 'distance_accuracy_value', 'NONE');
#1180 = CARTESIAN_POINT ( 'NONE',  ( 3.650000000000000355, 1.800000000000000044, 0.000000000000000000 ) ) ;
#1181 = ORIENTED_EDGE ( 'NONE', *, *, #2965, .F. ) ;
#1182 = B_SPLINE_SURFACE_WITH_KNOTS ( 'NONE', 3, 1, ( 
 ( #3775, #5999 ),
 ( #9757, #7315 ),
 ( #10670, #9888 ),
 ( #4272, #1643 ) ),
 .UNSPECIFIED., .F., .F., .F.,
 ( 4, 4 ),
 ( 2, 2 ),
 ( 12.00000000000000000, 13.00000000000000000 ),
 ( 0.000000000000000000, 1.000000000000000000 ),
 .UNSPECIFIED. ) ;
#1183 = LINE ( 'NONE', #2036, #6544 ) ;
#1184 = EDGE_CURVE ( 'NONE', #1827, #5798, #11240, .T. ) ;
#1185 = PRESENTATION_STYLE_ASSIGNMENT (( #3026 ) ) ;
#1186 = UNCERTAINTY_MEASURE_WITH_UNIT (LENGTH_MEASURE( 1.000000000000000082E-05 ), #8592, 'distance_accuracy_value', 'NONE');
#1187 = EDGE_LOOP ( 'NONE', ( #8454, #9773, #7386, #6402 ) ) ;
#1188 = CARTESIAN_POINT ( 'NONE',  ( -0.2330649581546029303, 2.151000000000000689, -0.1230517483928977862 ) ) ;
#1189 = ORIENTED_EDGE ( 'NONE', *, *, #4033, .F. ) ;
#1190 = CARTESIAN_POINT ( 'NONE',  ( -0.1777538404533957894, 2.151000000000000689, 0.07562735931172039072 ) ) ;
#1191 = CARTESIAN_POINT ( 'NONE',  ( 0.02353822956010099415, 2.150000000000000355, 0.07705499450965633268 ) ) ;
#1192 = B_SPLINE_CURVE_WITH_KNOTS ( 'NONE', 3,
 ( #10892, #3417, #8027, #9027 ),
 .UNSPECIFIED., .F., .F.,
 ( 4, 4 ),
 ( 1.000000000000000000, 2.000000000000000000 ),
 .UNSPECIFIED. ) ;
#1193 = FILL_AREA_STYLE ('',( #5895 ) ) ;
#1194 = DIRECTION ( 'NONE',  ( -0.9999748501857348426, 0.000000000000000000, -0.007092178509964201273 ) ) ;
#1195 = ORIENTED_EDGE ( 'NONE', *, *, #1529, .F. ) ;
#1196 = DIRECTION ( 'NONE',  ( 0.3962797719141814001, -0.000000000000000000, -0.9181298069290879660 ) ) ;
#1197 = FACE_OUTER_BOUND ( 'NONE', #6205, .T. ) ;
#1198 = CARTESIAN_POINT ( 'NONE',  ( -0.5921238457142076195, 2.149999999999999911, 0.2391579284312351228 ) ) ;
#1199 = B_SPLINE_CURVE_WITH_KNOTS ( 'NONE', 3,
 ( #256, #7707, #6752, #4770 ),
 .UNSPECIFIED., .F., .F.,
 ( 4, 4 ),
 ( 7.000000000000000000, 8.000000000000000000 ),
 .UNSPECIFIED. ) ;
#1200 = FILL_AREA_STYLE_COLOUR ( '', #3056 ) ;
#1201 = VERTEX_POINT ( 'NONE', #1634 ) ;
#1202 = VERTEX_POINT ( 'NONE', #715 ) ;
#1203 = LINE ( 'NONE', #8714, #7903 ) ;
#1204 = FACE_BOUND ( 'NONE', #8550, .T. ) ;
#1205 = B_SPLINE_SURFACE_WITH_KNOTS ( 'NONE', 3, 1, ( 
 ( #145, #6538 ),
 ( #7843, #5217 ),
 ( #10763, #11532 ),
 ( #5151, #6092 ) ),
 .UNSPECIFIED., .F., .F., .F.,
 ( 4, 4 ),
 ( 2, 2 ),
 ( 11.00000000000000000, 12.00000000000000000 ),
 ( 0.000000000000000000, 1.000000000000000000 ),
 .UNSPECIFIED. ) ;
#1206 =( NAMED_UNIT ( * ) PLANE_ANGLE_UNIT ( ) SI_UNIT ( $, .RADIAN. ) );
#1207 = DIRECTION ( 'NONE',  ( 0.9999748501857348426, 1.188136882194236709E-16, 0.007092178509965757320 ) ) ;
#1208 = ORIENTED_EDGE ( 'NONE', *, *, #3649, .F. ) ;
#1209 = AXIS2_PLACEMENT_3D ( 'NONE', #6659, #5223, #11606 ) ;
#1210 = DIRECTION ( 'NONE',  ( 1.000000000000000000, 1.188166764367676342E-16, 0.000000000000000000 ) ) ;
#1211 = ORIENTED_EDGE ( 'NONE', *, *, #11099, .T. ) ;
#1212 = FILL_AREA_STYLE_COLOUR ( '', #9207 ) ;
#1213 = EDGE_LOOP ( 'NONE', ( #1064, #5204, #2641, #9876 ) ) ;
#1214 = CARTESIAN_POINT ( 'NONE',  ( -0.2680511645167065748, 2.151000000000000689, -0.3139962808861923027 ) ) ;
#1215 = CARTESIAN_POINT ( 'NONE',  ( -0.04672251470035235221, 2.150000000000000355, -0.2495196030782849683 ) ) ;
#1216 = CARTESIAN_POINT ( 'NONE',  ( -0.8466748356804316700, 2.149999999999999911, -0.07437470122975302356 ) ) ;
#1217 = ORIENTED_EDGE ( 'NONE', *, *, #12114, .F. ) ;
#1218 = SURFACE_STYLE_USAGE ( .BOTH. , #7562 ) ;
#1219 = ORIENTED_EDGE ( 'NONE', *, *, #2462, .F. ) ;
#1220 = SURFACE_STYLE_USAGE ( .BOTH. , #5799 ) ;
#1221 = ORIENTED_EDGE ( 'NONE', *, *, #10356, .T. ) ;
#1222 =( GEOMETRIC_REPRESENTATION_CONTEXT ( 3 ) GLOBAL_UNCERTAINTY_ASSIGNED_CONTEXT ( ( #10813 ) ) GLOBAL_UNIT_ASSIGNED_CONTEXT ( ( #4028, #10434, #1059 ) ) REPRESENTATION_CONTEXT ( 'NONE', 'WORKASPACE' ) );
#1223 = CARTESIAN_POINT ( 'NONE',  ( 1.220523129028157072, 2.150000000000000355, -0.007888209064190274816 ) ) ;
#1224 = EDGE_CURVE ( 'NONE', #10522, #6095, #11134, .T. ) ;
#1225 = SURFACE_STYLE_USAGE ( .BOTH. , #1042 ) ;
#1226 = FACE_OUTER_BOUND ( 'NONE', #3986, .T. ) ;
#1227 = EDGE_CURVE ( 'NONE', #4747, #2055, #592, .T. ) ;
#1228 = EDGE_LOOP ( 'NONE', ( #5437, #1121, #8261, #4070 ) ) ;
#1229 = ORIENTED_EDGE ( 'NONE', *, *, #10914, .F. ) ;
#1230 = CARTESIAN_POINT ( 'NONE',  ( -0.4644385109487370600, 2.151000000000000689, 0.2025273135860955476 ) ) ;
#1231 = DIRECTION ( 'NONE',  ( 0.000000000000000000, 1.000000000000000000, 0.000000000000000000 ) ) ;
#1232 = STYLED_ITEM ( 'NONE', ( #2819 ), #4793 ) ;
#1233 = CARTESIAN_POINT ( 'NONE',  ( -0.2044756424970511910, 2.150000000000000355, -0.1883553789651377097 ) ) ;
#1234 = SURFACE_STYLE_FILL_AREA ( #6585 ) ;
#1235 =( LENGTH_UNIT ( ) NAMED_UNIT ( * ) SI_UNIT ( .MILLI., .METRE. ) );
#1236 = SURFACE_SIDE_STYLE ('',( #3133 ) ) ;
#1237 = ORIENTED_EDGE ( 'NONE', *, *, #2266, .T. ) ;
#1238 =( NAMED_UNIT ( * ) PLANE_ANGLE_UNIT ( ) SI_UNIT ( $, .RADIAN. ) );
#1240 = UNCERTAINTY_MEASURE_WITH_UNIT (LENGTH_MEASURE( 1.000000000000000082E-05 ), #5039, 'distance_accuracy_value', 'NONE');
#1239 = COLOUR_RGB ( '',1.000000000000000000, 1.000000000000000000, 1.000000000000000000 ) ;
#1241 = EDGE_CURVE ( 'NONE', #1052, #4151, #5541, .T. ) ;
#1242 = CARTESIAN_POINT ( 'NONE',  ( -0.3850111271474130348, 2.150000000000000355, 0.2775391801131212866 ) ) ;
#1243 = SURFACE_SIDE_STYLE ('',( #8504 ) ) ;
#1244 = ORIENTED_EDGE ( 'NONE', *, *, #11575, .T. ) ;
#1245 = MECHANICAL_DESIGN_GEOMETRIC_PRESENTATION_REPRESENTATION (  '', ( #11093 ), #9934 ) ;
#1246 = FILL_AREA_STYLE ('',( #8628 ) ) ;
#1247 = CARTESIAN_POINT ( 'NONE',  ( 0.5636103226408069045, 2.151000000000000689, -0.1528115633262232542 ) ) ;
#1248 = VERTEX_POINT ( 'NONE', #3548 ) ;
#1249 = CARTESIAN_POINT ( 'NONE',  ( -0.2872980658160909084, 2.151000000000000689, 0.09803761725832114970 ) ) ;
#1250 = EDGE_LOOP ( 'NONE', ( #2480, #5976, #752, #8113 ) ) ;
#1251 = CARTESIAN_POINT ( 'NONE',  ( -0.1910984986219687320, 2.151000000000000689, -0.1832695399667357283 ) ) ;
#1252 = FILL_AREA_STYLE ('',( #11462 ) ) ;
#1253 = EDGE_CURVE ( 'NONE', #5127, #8667, #11077, .T. ) ;
#1254 = CARTESIAN_POINT ( 'NONE',  ( 0.9629387110602004585, 2.151000000000000689, 0.2230946916268941316 ) ) ;
#1255 = VECTOR ( 'NONE', #10179, 1000.000000000000000 ) ;
#1256 = VERTEX_POINT ( 'NONE', #5659 ) ;
#1257 = UNCERTAINTY_MEASURE_WITH_UNIT (LENGTH_MEASURE( 1.000000000000000082E-05 ), #9110, 'distance_accuracy_value', 'NONE');
#1258 = SURFACE_STYLE_USAGE ( .BOTH. , #267 ) ;
#1259 =( NAMED_UNIT ( * ) PLANE_ANGLE_UNIT ( ) SI_UNIT ( $, .RADIAN. ) );
#1260 = DIRECTION ( 'NONE',  ( -0.007092178509963644427, -0.000000000000000000, 0.9999748501857348426 ) ) ;
#1261 = CARTESIAN_POINT ( 'NONE',  ( -0.4158391740265860448, 2.151000000000000689, 0.2773205366026971208 ) ) ;
#1262 = VERTEX_POINT ( 'NONE', #6357 ) ;
#1263 = EDGE_LOOP ( 'NONE', ( #391, #9370, #3573, #3623 ) ) ;
#1264 = FACE_OUTER_BOUND ( 'NONE', #348, .T. ) ;
#1265 = PRESENTATION_LAYER_ASSIGNMENT (  '', '', ( #3237 ) ) ;
#1266 = EDGE_CURVE ( 'NONE', #4933, #6608, #6417, .T. ) ;
#1267 = SURFACE_STYLE_FILL_AREA ( #470 ) ;
#1268 = SURFACE_STYLE_FILL_AREA ( #6163 ) ;
#1269 =( LENGTH_UNIT ( ) NAMED_UNIT ( * ) SI_UNIT ( .MILLI., .METRE. ) );
#1270 = CARTESIAN_POINT ( 'NONE',  ( 0.6116445440076632156, 2.151000000000000689, -0.1972975950925945077 ) ) ;
#1271 = COLOUR_RGB ( '',1.000000000000000000, 1.000000000000000000, 1.000000000000000000 ) ;
#1272 = VERTEX_POINT ( 'NONE', #9290 ) ;
#1273 = ORIENTED_EDGE ( 'NONE', *, *, #2623, .F. ) ;
#1274 = CARTESIAN_POINT ( 'NONE',  ( 0.4998448380643135125, 2.151000000000000689, 0.07086983745883435049 ) ) ;
#1275 = CARTESIAN_POINT ( 'NONE',  ( 0.4998448380643135125, 2.151000000000000689, 0.07086983745883435049 ) ) ;
#1276 = CARTESIAN_POINT ( 'NONE',  ( -0.2220165054749129729, 2.151000000000000689, -0.2001253665729351983 ) ) ;
#1277 = FILL_AREA_STYLE ('',( #9740 ) ) ;
#1278 = ORIENTED_EDGE ( 'NONE', *, *, #2205, .T. ) ;
#1279 = ORIENTED_EDGE ( 'NONE', *, *, #4210, .T. ) ;
#1280 = SURFACE_SIDE_STYLE ('',( #3060 ) ) ;
#1281 = VERTEX_POINT ( 'NONE', #5481 ) ;
#1282 = B_SPLINE_SURFACE_WITH_KNOTS ( 'NONE', 3, 1, ( 
 ( #3953, #3887 ),
 ( #2873, #3064 ),
 ( #1043, #10353 ),
 ( #10420, #6848 ) ),
 .UNSPECIFIED., .F., .F., .F.,
 ( 4, 4 ),
 ( 2, 2 ),
 ( 5.000000000000000000, 6.000000000000000000 ),
 ( 0.000000000000000000, 1.000000000000000000 ),
 .UNSPECIFIED. ) ;
#1283 = CARTESIAN_POINT ( 'NONE',  ( -0.9377969733660995733, 2.151000000000000245, -0.2524081337267239933 ) ) ;
#1284 = FACE_OUTER_BOUND ( 'NONE', #11763, .T. ) ;
#1285 = ORIENTED_EDGE ( 'NONE', *, *, #7942, .F. ) ;
#1286 = ORIENTED_EDGE ( 'NONE', *, *, #1360, .T. ) ;
#1287 = SURFACE_SIDE_STYLE ('',( #4071 ) ) ;
#1288 = DIRECTION ( 'NONE',  ( -0.9999748501857348426, 0.000000000000000000, -0.007092178509961899295 ) ) ;
#1289 = CARTESIAN_POINT ( 'NONE',  ( 1.151394310051910841, 2.150000000000000355, 0.1564681686824290763 ) ) ;
#1290 = SURFACE_STYLE_FILL_AREA ( #11806 ) ;
#1291 = CARTESIAN_POINT ( 'NONE',  ( -0.2503624695820707569, 2.151000000000000689, -0.1984547949458479732 ) ) ;
#1292 = FACE_OUTER_BOUND ( 'NONE', #9636, .T. ) ;
#1293 = STYLED_ITEM ( 'NONE', ( #5681 ), #8902 ) ;
#1294 = VERTEX_POINT ( 'NONE', #4546 ) ;
#1295 = FILL_AREA_STYLE ('',( #6003 ) ) ;
#1296 = MECHANICAL_DESIGN_GEOMETRIC_PRESENTATION_REPRESENTATION (  '', ( #903 ), #8364 ) ;
#1297 = FACE_OUTER_BOUND ( 'NONE', #8969, .T. ) ;
#1298 = CARTESIAN_POINT ( 'NONE',  ( -0.4617083008344677331, 2.150000000000000355, 0.2500648090583760808 ) ) ;
#1299 = ORIENTED_EDGE ( 'NONE', *, *, #2117, .T. ) ;
#1300 = MECHANICAL_DESIGN_GEOMETRIC_PRESENTATION_REPRESENTATION (  '', ( #8176 ), #2085 ) ;
#1301 = CARTESIAN_POINT ( 'NONE',  ( -0.09234130888384635416, 2.151000000000000689, -0.1874561038459374995 ) ) ;
#1302 = MECHANICAL_DESIGN_GEOMETRIC_PRESENTATION_REPRESENTATION (  '', ( #8187 ), #10961 ) ;
#1303 = ADVANCED_FACE ( 'NONE', ( #9223 ), #7429, .F. ) ;
#1304 =( GEOMETRIC_REPRESENTATION_CONTEXT ( 3 ) GLOBAL_UNCERTAINTY_ASSIGNED_CONTEXT ( ( #9923 ) ) GLOBAL_UNIT_ASSIGNED_CONTEXT ( ( #2260, #10173, #2679 ) ) REPRESENTATION_CONTEXT ( 'NONE', 'WORKASPACE' ) );
#1305 = SURFACE_STYLE_FILL_AREA ( #3459 ) ;
#1306 = CARTESIAN_POINT ( 'NONE',  ( -0.2839491994334664149, 2.151000000000000689, 0.2782559473715932041 ) ) ;
#1307 = CARTESIAN_POINT ( 'NONE',  ( -0.2438807483190270076, 2.151000000000000689, -0.1300950110839209084 ) ) ;
#1308 = EDGE_CURVE ( 'NONE', #6076, #6087, #8773, .T. ) ;
#1309 = ORIENTED_EDGE ( 'NONE', *, *, #9432, .F. ) ;
#1310 = EDGE_CURVE ( 'NONE', #1785, #802, #1992, .T. ) ;
#1311 = PRODUCT_DEFINITION_SHAPE ( 'NONE', 'NONE',  #2315 ) ;
#1312 = DIRECTION ( 'NONE',  ( 1.188166764367676342E-16, -1.000000000000000000, -0.000000000000000000 ) ) ;
#1313 = ORIENTED_EDGE ( 'NONE', *, *, #1894, .F. ) ;
#1314 = ORIENTED_EDGE ( 'NONE', *, *, #4059, .F. ) ;
#1315 = DIRECTION ( 'NONE',  ( -1.000000000000000000, 0.000000000000000000, 2.168404344971008868E-16 ) ) ;
#1316 = DIRECTION ( 'NONE',  ( 1.188166764367676342E-16, -1.000000000000000000, -0.000000000000000000 ) ) ;
#1317 = VERTEX_POINT ( 'NONE', #8526 ) ;
#1318 = PRESENTATION_LAYER_ASSIGNMENT (  '', '', ( #7227 ) ) ;
#1319 =( NAMED_UNIT ( * ) SI_UNIT ( $, .STERADIAN. ) SOLID_ANGLE_UNIT ( ) );
#1320 = DIRECTION ( 'NONE',  ( 1.188166764367676342E-16, -1.000000000000000000, -0.000000000000000000 ) ) ;
#1321 = ADVANCED_FACE ( 'NONE', ( #1197 ), #10388, .F. ) ;
#1322 = ORIENTED_EDGE ( 'NONE', *, *, #11748, .T. ) ;
#1323 = CARTESIAN_POINT ( 'NONE',  ( -0.1117405515542097272, 2.151000000000000689, 0.07562764628516474574 ) ) ;
#1324 = FILL_AREA_STYLE_COLOUR ( '', #3839 ) ;
#1325 = STYLED_ITEM ( 'NONE', ( #7475 ), #9941 ) ;
#1326 = APPLICATION_CONTEXT ( 'automotive_design' ) ;
#1327 = CARTESIAN_POINT ( 'NONE',  ( -0.02048558498347355025, 2.150000000000000355, 0.2221045744286437029 ) ) ;
#1328 = CARTESIAN_POINT ( 'NONE',  ( 0.5665021801224641163, 2.151000000000000689, -0.1527910532409131328 ) ) ;
#1329 = ORIENTED_EDGE ( 'NONE', *, *, #8020, .F. ) ;
#1330 = DIRECTION ( 'NONE',  ( 1.188166764367676342E-16, -1.000000000000000000, -0.000000000000000000 ) ) ;
#1331 = VECTOR ( 'NONE', #11547, 1000.000000000000000 ) ;
#1332 = VERTEX_POINT ( 'NONE', #1015 ) ;
#1333 = SURFACE_STYLE_USAGE ( .BOTH. , #286 ) ;
#1334 = EDGE_CURVE ( 'NONE', #9571, #3564, #2344, .T. ) ;
#1335 = DIRECTION ( 'NONE',  ( -0.9999748501857348426, -7.752749528092225583E-15, -0.007092178509963569834 ) ) ;
#1336 = PRESENTATION_LAYER_ASSIGNMENT (  '', '', ( #10801 ) ) ;
#1337 = CARTESIAN_POINT ( 'NONE',  ( -0.2241276755266178311, 2.151000000000000689, -0.2103302235974524870 ) ) ;
#1338 = LINE ( 'NONE', #5171, #9322 ) ;
#1339 = CARTESIAN_POINT ( 'NONE',  ( 0.9090592128856098686, 2.150000000000000355, -0.3354524631568707171 ) ) ;
#1340 = VERTEX_POINT ( 'NONE', #11531 ) ;
#1341 = CARTESIAN_POINT ( 'NONE',  ( 0.9090899521946753659, 2.151000000000000689, -0.1359010631206535868 ) ) ;
#1342 = ORIENTED_EDGE ( 'NONE', *, *, #10073, .F. ) ;
#1343 = CARTESIAN_POINT ( 'NONE',  ( -0.02681460799178941867, 2.151000000000000689, -0.2049796294520373485 ) ) ;
#1344 = EDGE_LOOP ( 'NONE', ( #4830, #5507, #6895, #8329 ) ) ;
#1345 = PRESENTATION_LAYER_ASSIGNMENT (  '', '', ( #10202 ) ) ;
#1346 = AXIS2_PLACEMENT_3D ( 'NONE', #481, #11727, #5425 ) ;
#1347 = ORIENTED_EDGE ( 'NONE', *, *, #10492, .T. ) ;
#1348 = VECTOR ( 'NONE', #9235, 1000.000000000000000 ) ;
#1349 = PRESENTATION_STYLE_ASSIGNMENT (( #5054 ) ) ;
#1350 = STYLED_ITEM ( 'NONE', ( #2866 ), #630 ) ;
#1351 = SURFACE_SIDE_STYLE ('',( #9061 ) ) ;
#1352 = DIRECTION ( 'NONE',  ( -0.000000000000000000, -1.000000000000000000, -0.000000000000000000 ) ) ;
#1353 = DIRECTION ( 'NONE',  ( 0.9919892169122311865, 0.000000000000000000, -0.1263225772768207800 ) ) ;
#1354 = CARTESIAN_POINT ( 'NONE',  ( -0.6361995749045131765, 2.149999999999999911, -0.07028247539768932295 ) ) ;
#1355 = STYLED_ITEM ( 'NONE', ( #6335 ), #8320 ) ;
#1356 = CARTESIAN_POINT ( 'NONE',  ( -0.1372865267956300817, 2.151000000000000689, 0.1094993932969439976 ) ) ;
#1357 = CARTESIAN_POINT ( 'NONE',  ( -0.1032847112736490214, 2.150000000000000355, 0.07272423353217603859 ) ) ;
#1358 = ORIENTED_EDGE ( 'NONE', *, *, #5951, .F. ) ;
#1359 = CARTESIAN_POINT ( 'NONE',  ( -0.5299452459413458438, 2.150000000000000355, -0.1346193643521608474 ) ) ;
#1360 = EDGE_CURVE ( 'NONE', #361, #1827, #9598, .T. ) ;
#1361 = LINE ( 'NONE', #3206, #6067 ) ;
#1362 = CARTESIAN_POINT ( 'NONE',  ( 1.043594103507980542, 2.151000000000000689, -0.1392851160962098322 ) ) ;
#1363 = VECTOR ( 'NONE', #8193, 1000.000000000000000 ) ;
#1364 = ORIENTED_EDGE ( 'NONE', *, *, #4937, .F. ) ;
#1365 = FILL_AREA_STYLE ('',( #4082 ) ) ;
#1366 = PRESENTATION_LAYER_ASSIGNMENT (  '', '', ( #6333 ) ) ;
#1367 = FILL_AREA_STYLE ('',( #6073 ) ) ;
#1368 = ORIENTED_EDGE ( 'NONE', *, *, #6245, .F. ) ;
#1369 = MECHANICAL_DESIGN_GEOMETRIC_PRESENTATION_REPRESENTATION (  '', ( #6328 ), #189 ) ;
#1370 = EDGE_LOOP ( 'NONE', ( #1527, #228, #9141, #7253 ) ) ;
#1371 = EDGE_LOOP ( 'NONE', ( #9068, #5371, #10832, #390 ) ) ;
#1372 = CARTESIAN_POINT ( 'NONE',  ( -0.08468347123331373960, 2.151000000000000689, 0.09625130166525268371 ) ) ;
#1373 = LINE ( 'NONE', #3285, #9082 ) ;
#1374 = ADVANCED_FACE ( 'NONE', ( #7599, #10629 ), #6707, .T. ) ;
#1375 = DIRECTION ( 'NONE',  ( 0.007092178509963293145, 0.000000000000000000, -0.9999748501857348426 ) ) ;
#1376 = PRESENTATION_LAYER_ASSIGNMENT (  '', '', ( #12173 ) ) ;
#1377 = EDGE_CURVE ( 'NONE', #10462, #7013, #7910, .T. ) ;
#1378 = ADVANCED_FACE ( 'NONE', ( #6023 ), #3416, .F. ) ;
#1379 = VERTEX_POINT ( 'NONE', #6281 ) ;
#1380 = UNCERTAINTY_MEASURE_WITH_UNIT (LENGTH_MEASURE( 1.000000000000000082E-05 ), #10482, 'distance_accuracy_value', 'NONE');
#1381 = MECHANICAL_DESIGN_GEOMETRIC_PRESENTATION_REPRESENTATION (  '', ( #4155 ), #11607 ) ;
#1382 = FILL_AREA_STYLE ('',( #7968 ) ) ;
#1383 = B_SPLINE_SURFACE_WITH_KNOTS ( 'NONE', 3, 1, ( 
 ( #9251, #6560 ),
 ( #4571, #12039 ),
 ( #10981, #10287 ),
 ( #1831, #5563 ) ),
 .UNSPECIFIED., .F., .F., .F.,
 ( 4, 4 ),
 ( 2, 2 ),
 ( 3.000000000000000000, 4.000000000000000000 ),
 ( 0.000000000000000000, 1.000000000000000000 ),
 .UNSPECIFIED. ) ;
#1384 = CARTESIAN_POINT ( 'NONE',  ( -0.9377969733660995733, 2.151000000000000245, -0.2524081337267239933 ) ) ;
#1385 = VERTEX_POINT ( 'NONE', #1499 ) ;
#1386 = DIRECTION ( 'NONE',  ( 0.8896103580601522065, 0.000000000000000000, -0.4567202763531393872 ) ) ;
#1387 =( NAMED_UNIT ( * ) SI_UNIT ( $, .STERADIAN. ) SOLID_ANGLE_UNIT ( ) );
#1388 = CARTESIAN_POINT ( 'NONE',  ( -0.4567124078855685498, 2.150000000000000355, 0.1320847501444628036 ) ) ;
#1389 = COLOUR_RGB ( '',0.6470588235294117974, 0.6196078431372549211, 0.5882352941176470784 ) ;
#1390 = MECHANICAL_DESIGN_GEOMETRIC_PRESENTATION_REPRESENTATION (  '', ( #6143 ), #2367 ) ;
#1391 = LINE ( 'NONE', #5161, #7381 ) ;
#1392 = FILL_AREA_STYLE_COLOUR ( '', #11523 ) ;
#1393 = CARTESIAN_POINT ( 'NONE',  ( 0.03344263295702128158, 2.151000000000000689, -0.1539147795460688584 ) ) ;
#1394 = EDGE_CURVE ( 'NONE', #5041, #10414, #8026, .T. ) ;
#1395 = ORIENTED_EDGE ( 'NONE', *, *, #4784, .F. ) ;
#1396 = CARTESIAN_POINT ( 'NONE',  ( -0.02681460799178941867, 2.150000000000000355, -0.2049796294520373485 ) ) ;
#1397 = ORIENTED_EDGE ( 'NONE', *, *, #8792, .T. ) ;
#1398 = CARTESIAN_POINT ( 'NONE',  ( 0.3878605918180507706, 2.151000000000000689, -0.04271421969628785842 ) ) ;
#1399 = DIRECTION ( 'NONE',  ( -0.9999748501857348426, -0.000000000000000000, -0.007092178509962042410 ) ) ;
#1400 = DIRECTION ( 'NONE',  ( 1.188166764367676342E-16, -1.000000000000000000, -0.000000000000000000 ) ) ;
#1401 = CARTESIAN_POINT ( 'NONE',  ( 0.2982013754879659362, 2.151000000000000689, -0.04190405822187966839 ) ) ;
#1402 = ORIENTED_EDGE ( 'NONE', *, *, #306, .F. ) ;
#1403 =( NAMED_UNIT ( * ) PLANE_ANGLE_UNIT ( ) SI_UNIT ( $, .RADIAN. ) );
#1404 = ORIENTED_EDGE ( 'NONE', *, *, #9150, .T. ) ;
#1405 = CARTESIAN_POINT ( 'NONE',  ( -0.3366244311453513993, 2.151000000000000689, -0.2700838473171611742 ) ) ;
#1406 = ORIENTED_EDGE ( 'NONE', *, *, #9832, .F. ) ;
#1407 = B_SPLINE_CURVE_WITH_KNOTS ( 'NONE', 3,
 ( #5957, #5077, #11521, #7831 ),
 .UNSPECIFIED., .F., .F.,
 ( 4, 4 ),
 ( 5.000000000000000000, 6.000000000000000000 ),
 .UNSPECIFIED. ) ;
#1408 = LINE ( 'NONE', #3121, #9950 ) ;
#1409 = CARTESIAN_POINT ( 'NONE',  ( -0.6563943592070254907, 2.150000000000000355, 0.07223266993481058940 ) ) ;
#1410 = CARTESIAN_POINT ( 'NONE',  ( -0.6924873812034721965, 2.150000000000000355, -0.2412062755468378505 ) ) ;
#1411 = MECHANICAL_DESIGN_GEOMETRIC_PRESENTATION_REPRESENTATION (  '', ( #3576 ), #4187 ) ;
#1412 = ORIENTED_EDGE ( 'NONE', *, *, #11983, .T. ) ;
#1413 = ADVANCED_FACE ( 'NONE', ( #7000 ), #8833, .F. ) ;
#1414 = ORIENTED_EDGE ( 'NONE', *, *, #1749, .F. ) ;
#1415 = FILL_AREA_STYLE ('',( #2206 ) ) ;
#1416 = PLANE ( 'NONE',  #3736 ) ;
#1417 = CARTESIAN_POINT ( 'NONE',  ( -0.6054755012018854243, 2.151000000000000245, -0.07006456930213916801 ) ) ;
#1418 = DIRECTION ( 'NONE',  ( 0.000000000000000000, -0.000000000000000000, 1.000000000000000000 ) ) ;
#1419 = DIRECTION ( 'NONE',  ( -1.000000000000000000, -1.188166764367676342E-16, -0.000000000000000000 ) ) ;
#1420 = CARTESIAN_POINT ( 'NONE',  ( -0.2092171180314622569, 2.151000000000000689, -0.1648898872949465522 ) ) ;
#1421 = ORIENTED_EDGE ( 'NONE', *, *, #2510, .T. ) ;
#1422 = SURFACE_STYLE_USAGE ( .BOTH. , #4147 ) ;
#1423 =( LENGTH_UNIT ( ) NAMED_UNIT ( * ) SI_UNIT ( .MILLI., .METRE. ) );
#1424 = STYLED_ITEM ( 'NONE', ( #4644 ), #11234 ) ;
#1425 = DIRECTION ( 'NONE',  ( -1.000000000000000000, -0.000000000000000000, -0.000000000000000000 ) ) ;
#1426 = SURFACE_STYLE_USAGE ( .BOTH. , #3144 ) ;
#1427 = SURFACE_SIDE_STYLE ('',( #1305 ) ) ;
#1428 = SURFACE_SIDE_STYLE ('',( #8880 ) ) ;
#1429 = DIRECTION ( 'NONE',  ( -0.007092178509962492571, -8.426690792500101686E-19, 0.9999748501857348426 ) ) ;
#1430 = UNCERTAINTY_MEASURE_WITH_UNIT (LENGTH_MEASURE( 1.000000000000000082E-05 ), #6443, 'distance_accuracy_value', 'NONE');
#1431 = EDGE_LOOP ( 'NONE', ( #2579, #10112, #3935, #3414 ) ) ;
#1432 = ORIENTED_EDGE ( 'NONE', *, *, #4516, .T. ) ;
#1433 = VERTEX_POINT ( 'NONE', #336 ) ;
#1434 = DIRECTION ( 'NONE',  ( 0.9999748501857351757, 0.000000000000000000, 0.007092178509923869820 ) ) ;
#1435 = CARTESIAN_POINT ( 'NONE',  ( -0.7344055551458075204, 2.151000000000000245, -0.09250251743842428931 ) ) ;
#1436 =( GEOMETRIC_REPRESENTATION_CONTEXT ( 3 ) GLOBAL_UNCERTAINTY_ASSIGNED_CONTEXT ( ( #8570 ) ) GLOBAL_UNIT_ASSIGNED_CONTEXT ( ( #5498, #4443, #8177 ) ) REPRESENTATION_CONTEXT ( 'NONE', 'WORKASPACE' ) );
#1437 =( NAMED_UNIT ( * ) SI_UNIT ( $, .STERADIAN. ) SOLID_ANGLE_UNIT ( ) );
#1438 = VERTEX_POINT ( 'NONE', #11836 ) ;
#1439 = PRESENTATION_LAYER_ASSIGNMENT (  '', '', ( #5405 ) ) ;
#1440 = CARTESIAN_POINT ( 'NONE',  ( 0.9837870730253228668, 2.151000000000000689, 0.1379272413878900039 ) ) ;
#1441 = CARTESIAN_POINT ( 'NONE',  ( 3.650000000000000355, 1.800000000000000044, 0.000000000000000000 ) ) ;
#1442 = VECTOR ( 'NONE', #4957, 1000.000000000000000 ) ;
#1443 = EDGE_CURVE ( 'NONE', #1202, #1340, #10942, .T. ) ;
#1444 =( LENGTH_UNIT ( ) NAMED_UNIT ( * ) SI_UNIT ( .MILLI., .METRE. ) );
#1445 = ORIENTED_EDGE ( 'NONE', *, *, #8884, .F. ) ;
#1446 = LINE ( 'NONE', #466, #7133 ) ;
#1447 = PRESENTATION_STYLE_ASSIGNMENT (( #9915 ) ) ;
#1448 = CARTESIAN_POINT ( 'NONE',  ( -0.4642585817192438347, 2.150000000000000355, 0.1771578584808927992 ) ) ;
#1449 = PRESENTATION_LAYER_ASSIGNMENT (  '', '', ( #3425 ) ) ;
#1450 =( LENGTH_UNIT ( ) NAMED_UNIT ( * ) SI_UNIT ( .MILLI., .METRE. ) );
#1451 = CARTESIAN_POINT ( 'NONE',  ( 0.9069978902406599097, 2.150000000000000355, -0.04481634617913134166 ) ) ;
#1452 = CARTESIAN_POINT ( 'NONE',  ( -0.1817678364879884156, 2.150000000000000355, -0.1280948080466235983 ) ) ;
#1453 = SURFACE_SIDE_STYLE ('',( #8907 ) ) ;
#1454 = VERTEX_POINT ( 'NONE', #6346 ) ;
#1455 = PRESENTATION_LAYER_ASSIGNMENT (  '', '', ( #5210 ) ) ;
#1456 = CARTESIAN_POINT ( 'NONE',  ( -0.6597291961410879368, 2.151000000000000245, -0.2272487931262444361 ) ) ;
#1457 = EDGE_LOOP ( 'NONE', ( #6673, #72, #2930, #3944 ) ) ;
#1458 = DIRECTION ( 'NONE',  ( 0.9999748501857348426, 1.188136882194236216E-16, 0.007092178509970645771 ) ) ;
#1459 = CARTESIAN_POINT ( 'NONE',  ( -0.7440392831906305071, 2.151000000000000245, -0.1782490503721157471 ) ) ;
#1460 = CARTESIAN_POINT ( 'NONE',  ( -0.2241674959298699255, 2.151000000000000689, -0.2047156720572853028 ) ) ;
#1461 = ADVANCED_FACE ( 'NONE', ( #12125 ), #7296, .F. ) ;
#1462 = CARTESIAN_POINT ( 'NONE',  ( 1.670000000000000373, 1.800000000000000044, -1.770000000000001128 ) ) ;
#1463 = ORIENTED_EDGE ( 'NONE', *, *, #7179, .T. ) ;
#1464 = FILL_AREA_STYLE ('',( #7079 ) ) ;
#1465 = ADVANCED_FACE ( 'NONE', ( #5467 ), #6742, .F. ) ;
#1466 = VERTEX_POINT ( 'NONE', #8380 ) ;
#1467 = EDGE_CURVE ( 'NONE', #9202, #5127, #10146, .T. ) ;
#1468 = VERTEX_POINT ( 'NONE', #1677 ) ;
#1469 = CLOSED_SHELL ( 'NONE', ( #3052, #6635, #4545, #1693, #5229, #6270, #8902, #8449, #4744, #5457, #10426, #6519, #4483, #6311, #9621, #4332, #10456, #6106, #1155, #6783, #8551, #11624, #7728, #11588, #5103, #10887, #10812, #1748, #6817, #591, #630, #8671, #1321, #4810, #8092, #2572, #1151, #10135, #10303, #7849, #9336, #10134, #4948, #5899, #4843, #6744, #3238, #10206, #3872, #10722, #3873, #7643, #4018, #5700, #7064, #4329, #9760, #3806, #7350, #5426, #833, #2359, #9605, #1374, #1610, #7136, #4783, #11695, #2208, #1378, #8758, #73, #2944, #8288, #7778, #12130, #4841, #5775, #1461, #12100, #1303, #4716, #3737, #10489, #9789, #410, #1413, #11753, #1712, #506, #11440, #11939, #9536, #11455, #3413, #8933, #7481, #561, #3891, #3954, #7988, #9808, #7430, #6999, #334, #10884, #3025, #9218, #2218, #5307, #8320, #2876, #7852, #10969, #8222, #4396, #11370, #6429, #9941, #5160, #12145, #2093, #10385, #7563, #7764, #1056, #3339, #4412, #5972, #6970, #3102, #6290, #6627, #446, #8536, #1083, #7809, #9693, #318, #107, #5410, #4037, #6315, #3021, #5512, #5378, #3754, #6153, #3210, #4793, #11102, #8516, #11545, #2584, #6381, #7103, #5728, #8594, #2207, #10103, #1465, #8367, #11684, #4030, #3565, #11605, #5324, #8597, #4415, #2637, #1673, #9381, #9600, #7180, #5462, #4484, #11765, #7597, #11914, #10326, #8107, #10830, #11899, #8245, #8862, #5826, #1941, #3371, #3257, #7851, #6972, #2702, #11246, #2297, #12062, #8755, #12050, #11509, #8653, #9758, #7575, #1047, #11199, #11528, #6356, #11525, #2432, #8919, #5019, #8702, #812, #8988, #579, #6890, #9917, #9672, #731, #2843, #10016, #11234, #4550, #11269, #1000, #5087, #5002, #11898, #1857, #11960, #9382, #11635, #5862, #11527, #9309, #11114, #4675, #2877, #3334, #4290, #6678, #10207, #1907, #7460, #8148, #5216, #6149, #6093, #3563, #8775, #7698, #10292, #9308, #5004 ) ) ;
#1470 = VECTOR ( 'NONE', #1353, 1000.000000000000000 ) ;
#1471 = CARTESIAN_POINT ( 'NONE',  ( -0.09257801905871622383, 2.151000000000000689, -0.1540807141373466138 ) ) ;
#1472 = ORIENTED_EDGE ( 'NONE', *, *, #9706, .T. ) ;
#1473 = CARTESIAN_POINT ( 'NONE',  ( 0.02353822956010099415, 2.151000000000000689, 0.07705499450965633268 ) ) ;
#1474 = CARTESIAN_POINT ( 'NONE',  ( -0.02676520119517383778, 2.150000000000000355, -0.2119458322872397882 ) ) ;
#1475 =( LENGTH_UNIT ( ) NAMED_UNIT ( * ) SI_UNIT ( .MILLI., .METRE. ) );
#1476 = CARTESIAN_POINT ( 'NONE',  ( -0.6043634795704344587, 2.149999999999999911, -0.2268561197053296785 ) ) ;
#1477 = PRESENTATION_LAYER_ASSIGNMENT (  '', '', ( #888 ) ) ;
#1478 =( NAMED_UNIT ( * ) SI_UNIT ( $, .STERADIAN. ) SOLID_ANGLE_UNIT ( ) );
#1479 = EDGE_CURVE ( 'NONE', #480, #3113, #10479, .T. ) ;
#1480 = CARTESIAN_POINT ( 'NONE',  ( -0.2362663647698319269, 2.151000000000000689, -0.1774551605996002590 ) ) ;
#1481 = ORIENTED_EDGE ( 'NONE', *, *, #6259, .T. ) ;
#1482 =( NAMED_UNIT ( * ) PLANE_ANGLE_UNIT ( ) SI_UNIT ( $, .RADIAN. ) );
#1483 = CARTESIAN_POINT ( 'NONE',  ( 0.02704531900900740068, 2.150000000000000355, -0.06557850591027347686 ) ) ;
#1484 = SURFACE_STYLE_USAGE ( .BOTH. , #8940 ) ;
#1485 = B_SPLINE_SURFACE_WITH_KNOTS ( 'NONE', 3, 1, ( 
 ( #3864, #11719 ),
 ( #5038, #9670 ),
 ( #11663, #7974 ),
 ( #3991, #5096 ) ),
 .UNSPECIFIED., .F., .F., .F.,
 ( 4, 4 ),
 ( 2, 2 ),
 ( 0.000000000000000000, 1.000000000000000000 ),
 ( 0.000000000000000000, 1.000000000000000000 ),
 .UNSPECIFIED. ) ;
#1486 = LINE ( 'NONE', #2274, #9261 ) ;
#1487 = SURFACE_SIDE_STYLE ('',( #3583 ) ) ;
#1488 = ORIENTED_EDGE ( 'NONE', *, *, #10754, .F. ) ;
#1489 = EDGE_CURVE ( 'NONE', #6337, #7985, #607, .T. ) ;
#1490 = LINE ( 'NONE', #572, #11516 ) ;
#1491 = ORIENTED_EDGE ( 'NONE', *, *, #9692, .F. ) ;
#1492 = VERTEX_POINT ( 'NONE', #760 ) ;
#1493 = CARTESIAN_POINT ( 'NONE',  ( -0.1790932907537494401, 2.151000000000000689, -0.1386816366930572753 ) ) ;
#1494 = CARTESIAN_POINT ( 'NONE',  ( -0.1180595589040768778, 2.151000000000000689, -0.1531176758397616300 ) ) ;
#1495 = FACE_BOUND ( 'NONE', #2525, .T. ) ;
#1496 =( NAMED_UNIT ( * ) PLANE_ANGLE_UNIT ( ) SI_UNIT ( $, .RADIAN. ) );
#1497 = VECTOR ( 'NONE', #11894, 999.9999999999998863 ) ;
#1498 = UNCERTAINTY_MEASURE_WITH_UNIT (LENGTH_MEASURE( 1.000000000000000082E-05 ), #7, 'distance_accuracy_value', 'NONE');
#1499 = CARTESIAN_POINT ( 'NONE',  ( 0.4400070412800634045, 2.150000000000000355, 0.1485307119745221671 ) ) ;
#1500 = SURFACE_STYLE_USAGE ( .BOTH. , #7297 ) ;
#1501 = CARTESIAN_POINT ( 'NONE',  ( 0.5172782460321342368, 2.150000000000000355, 0.2633146077990298206 ) ) ;
#1502 = DIRECTION ( 'NONE',  ( 0.000000000000000000, 1.000000000000000000, 0.000000000000000000 ) ) ;
#1503 = STYLED_ITEM ( 'NONE', ( #4910 ), #9308 ) ;
#1504 = SURFACE_SIDE_STYLE ('',( #3294 ) ) ;
#1505 = CARTESIAN_POINT ( 'NONE',  ( -0.1528238405200043337, 2.151000000000000689, -0.1407828493238073297 ) ) ;
#1506 = FACE_OUTER_BOUND ( 'NONE', #8029, .T. ) ;
#1507 = LINE ( 'NONE', #11902, #6615 ) ;
#1508 =( LENGTH_UNIT ( ) NAMED_UNIT ( * ) SI_UNIT ( .MILLI., .METRE. ) );
#1509 = CARTESIAN_POINT ( 'NONE',  ( -0.1869395808380833190, 2.150000000000000355, -0.1245962220763700279 ) ) ;
#1510 = UNCERTAINTY_MEASURE_WITH_UNIT (LENGTH_MEASURE( 1.000000000000000082E-05 ), #10050, 'distance_accuracy_value', 'NONE');
#1511 = CARTESIAN_POINT ( 'NONE',  ( -0.1584468758117805187, 2.151000000000000689, -0.1176355452096855686 ) ) ;
#1513 = EDGE_CURVE ( 'NONE', #2455, #5367, #9091, .T. ) ;
#1512 = AXIS2_PLACEMENT_3D ( 'NONE', #9162, #3606, #10954 ) ;
#1514 = VERTEX_POINT ( 'NONE', #4140 ) ;
#1515 = CARTESIAN_POINT ( 'NONE',  ( -0.4275560387544145025, 2.151000000000000689, 0.1041133893125510551 ) ) ;
#1516 = ORIENTED_EDGE ( 'NONE', *, *, #10808, .F. ) ;
#1517 = SURFACE_STYLE_FILL_AREA ( #9993 ) ;
#1518 = SURFACE_SIDE_STYLE ('',( #9045 ) ) ;
#1519 = EDGE_LOOP ( 'NONE', ( #4718, #11830, #5321, #6043 ) ) ;
#1520 = CARTESIAN_POINT ( 'NONE',  ( 0.9402548304451936456, 2.151000000000000689, -0.2484699107590007949 ) ) ;
#1521 = ORIENTED_EDGE ( 'NONE', *, *, #10886, .T. ) ;
#1522 =( NAMED_UNIT ( * ) PLANE_ANGLE_UNIT ( ) SI_UNIT ( $, .RADIAN. ) );
#1523 = AXIS2_PLACEMENT_3D ( 'NONE', #12120, #876, #5583 ) ;
#1524 =( NAMED_UNIT ( * ) SI_UNIT ( $, .STERADIAN. ) SOLID_ANGLE_UNIT ( ) );
#1525 = FILL_AREA_STYLE ('',( #3188 ) ) ;
#1526 = CARTESIAN_POINT ( 'NONE',  ( -0.09274614965020390456, 2.151000000000000689, -0.1303748298595848176 ) ) ;
#1527 = ORIENTED_EDGE ( 'NONE', *, *, #11038, .T. ) ;
#1528 = ORIENTED_EDGE ( 'NONE', *, *, #3990, .F. ) ;
#1529 = EDGE_CURVE ( 'NONE', #1379, #10023, #7879, .T. ) ;
#1530 = CARTESIAN_POINT ( 'NONE',  ( -0.4617083008344677331, 2.151000000000000689, 0.2500648090583760808 ) ) ;
#1531 = EDGE_CURVE ( 'NONE', #6274, #8498, #2212, .T. ) ;
#1532 = EDGE_CURVE ( 'NONE', #4294, #5350, #3995, .T. ) ;
#1533 = VECTOR ( 'NONE', #7234, 1000.000000000000114 ) ;
#1534 =( NAMED_UNIT ( * ) PLANE_ANGLE_UNIT ( ) SI_UNIT ( $, .RADIAN. ) );
#1535 = CARTESIAN_POINT ( 'NONE',  ( -0.01566146792690180020, 2.151000000000000689, -0.1355469301539373450 ) ) ;
#1536 = FILL_AREA_STYLE_COLOUR ( '', #4316 ) ;
#1537 = SURFACE_SIDE_STYLE ('',( #8999 ) ) ;
#1538 = ORIENTED_EDGE ( 'NONE', *, *, #1531, .F. ) ;
#1539 = VECTOR ( 'NONE', #2361, 1000.000000000000114 ) ;
#1540 = VECTOR ( 'NONE', #10919, 1000.000000000000227 ) ;
#1541 = CARTESIAN_POINT ( 'NONE',  ( -0.2241674959298699255, 2.150000000000000355, -0.2047156720572853028 ) ) ;
#1542 = CARTESIAN_POINT ( 'NONE',  ( 1.129407673365080189, 2.150000000000000355, -0.005642319124506672140 ) ) ;
#1543 = EDGE_CURVE ( 'NONE', #10284, #10305, #1173, .T. ) ;
#1544 = PRESENTATION_LAYER_ASSIGNMENT (  '', '', ( #8825 ) ) ;
#1545 = DIRECTION ( 'NONE',  ( 1.000000000000000000, -0.000000000000000000, -0.000000000000000000 ) ) ;
#1546 = COLOUR_RGB ( '',1.000000000000000000, 1.000000000000000000, 1.000000000000000000 ) ;
#1547 = CARTESIAN_POINT ( 'NONE',  ( -0.6937992422660375080, 2.151000000000000245, -0.05623799426905679022 ) ) ;
#1548 = CARTESIAN_POINT ( 'NONE',  ( 0.9090592128856098686, 2.151000000000000689, -0.3354524631568707171 ) ) ;
#1549 = CARTESIAN_POINT ( 'NONE',  ( -0.8884403252923248617, 2.151000000000000245, -0.1964296311970459841 ) ) ;
#1550 = DIRECTION ( 'NONE',  ( 1.188166764367676342E-16, -1.000000000000000000, -0.000000000000000000 ) ) ;
#1551 = VERTEX_POINT ( 'NONE', #2084 ) ;
#1552 = SURFACE_SIDE_STYLE ('',( #2578 ) ) ;
#1553 = VERTEX_POINT ( 'NONE', #10728 ) ;
#1554 = CARTESIAN_POINT ( 'NONE',  ( -0.7442627198977462832, 2.150000000000000355, -0.1467451778440389543 ) ) ;
#1555 = AXIS2_PLACEMENT_3D ( 'NONE', #570, #10080, #6204 ) ;
#1556 = LINE ( 'NONE', #11005, #3009 ) ;
#1557 = CARTESIAN_POINT ( 'NONE',  ( -0.08121396209516698605, 2.151000000000000689, -0.2170110306316229976 ) ) ;
#1558 = EDGE_LOOP ( 'NONE', ( #10346, #3282, #1516, #10967 ) ) ;
#1559 = EDGE_CURVE ( 'NONE', #3776, #1492, #1106, .T. ) ;
#1560 =( LENGTH_UNIT ( ) NAMED_UNIT ( * ) SI_UNIT ( .MILLI., .METRE. ) );
#1561 = COLOUR_RGB ( '',1.000000000000000000, 1.000000000000000000, 1.000000000000000000 ) ;
#1562 = DIRECTION ( 'NONE',  ( -0.000000000000000000, -1.000000000000000000, -0.000000000000000000 ) ) ;
#1563 = LINE ( 'NONE', #3656, #2300 ) ;
#1564 = DIRECTION ( 'NONE',  ( -0.007092178509964445002, -8.426690792502422431E-19, 0.9999748501857348426 ) ) ;
#1565 = SURFACE_STYLE_USAGE ( .BOTH. , #7421 ) ;
#1566 = CARTESIAN_POINT ( 'NONE',  ( -3.669999999999997708, 1.800000000000000044, 0.000000000000000000 ) ) ;
#1567 = CARTESIAN_POINT ( 'NONE',  ( -0.2334819604643279534, 2.150000000000000355, -0.1009073053018266636 ) ) ;
#1568 = VECTOR ( 'NONE', #11866, 1000.000000000000000 ) ;
#1569 = PRESENTATION_LAYER_ASSIGNMENT (  '', '', ( #6902 ) ) ;
#1570 = PRESENTATION_STYLE_ASSIGNMENT (( #3481 ) ) ;
#1571 = LINE ( 'NONE', #11665, #2745 ) ;
#1572 = ORIENTED_EDGE ( 'NONE', *, *, #8447, .F. ) ;
#1573 = SURFACE_STYLE_USAGE ( .BOTH. , #12083 ) ;
#1574 = ORIENTED_EDGE ( 'NONE', *, *, #6754, .T. ) ;
#1575 = PRESENTATION_STYLE_ASSIGNMENT (( #598 ) ) ;
#1576 = CARTESIAN_POINT ( 'NONE',  ( -0.2502946274135723903, 2.151000000000000689, -0.2080203271987442759 ) ) ;
#1577 = SURFACE_SIDE_STYLE ('',( #8216 ) ) ;
#1578 = CARTESIAN_POINT ( 'NONE',  ( -0.5361773789580539518, 2.150000000000000355, -0.06957308228797338956 ) ) ;
#1579 = MECHANICAL_DESIGN_GEOMETRIC_PRESENTATION_REPRESENTATION (  '', ( #10637 ), #6713 ) ;
#1580 = ORIENTED_EDGE ( 'NONE', *, *, #3723, .F. ) ;
#1581 =( LENGTH_UNIT ( ) NAMED_UNIT ( * ) SI_UNIT ( .MILLI., .METRE. ) );
#1582 =( LENGTH_UNIT ( ) NAMED_UNIT ( * ) SI_UNIT ( .MILLI., .METRE. ) );
#1583 = B_SPLINE_SURFACE_WITH_KNOTS ( 'NONE', 3, 1, ( 
 ( #6312, #733 ),
 ( #8287, #1822 ),
 ( #98, #9609 ),
 ( #11197, #5848 ) ),
 .UNSPECIFIED., .F., .F., .F.,
 ( 4, 4 ),
 ( 2, 2 ),
 ( 7.000000000000000000, 8.000000000000000000 ),
 ( 0.000000000000000000, 1.000000000000000000 ),
 .UNSPECIFIED. ) ;
#1584 = CARTESIAN_POINT ( 'NONE',  ( -0.09192319464974493815, 2.151000000000000689, -0.2464088950114305121 ) ) ;
#1585 = CARTESIAN_POINT ( 'NONE',  ( -0.3838054770323672260, 2.150000000000000355, 0.2541525895137378699 ) ) ;
#1586 = STYLED_ITEM ( 'NONE', ( #759 ), #6381 ) ;
#1587 = FILL_AREA_STYLE ('',( #12033 ) ) ;
#1588 =( GEOMETRIC_REPRESENTATION_CONTEXT ( 3 ) GLOBAL_UNCERTAINTY_ASSIGNED_CONTEXT ( ( #1916 ) ) GLOBAL_UNIT_ASSIGNED_CONTEXT ( ( #10820, #513, #4349 ) ) REPRESENTATION_CONTEXT ( 'NONE', 'WORKASPACE' ) );
#1589 = VERTEX_POINT ( 'NONE', #10665 ) ;
#1590 = CARTESIAN_POINT ( 'NONE',  ( -0.05840844745475734512, 2.151000000000000689, -0.1778573832820174727 ) ) ;
#1591 = SURFACE_STYLE_USAGE ( .BOTH. , #9062 ) ;
#1592 = CARTESIAN_POINT ( 'NONE',  ( -0.5396921636882440199, 2.151000000000000689, -0.2263974476531020186 ) ) ;
#1593 = EDGE_CURVE ( 'NONE', #8577, #9742, #8823, .T. ) ;
#1594 = VERTEX_POINT ( 'NONE', #4939 ) ;
#1595 = COLOUR_RGB ( '',1.000000000000000000, 1.000000000000000000, 1.000000000000000000 ) ;
#1596 = MECHANICAL_DESIGN_GEOMETRIC_PRESENTATION_REPRESENTATION (  '', ( #7116 ), #3165 ) ;
#1597 = EDGE_CURVE ( 'NONE', #4627, #11279, #1763, .T. ) ;
#1598 = SURFACE_STYLE_FILL_AREA ( #2517 ) ;
#1599 = LINE ( 'NONE', #10013, #2941 ) ;
#1600 = DIRECTION ( 'NONE',  ( -0.9999748501857348426, 0.000000000000000000, -0.007092178509964027801 ) ) ;
#1601 =( GEOMETRIC_REPRESENTATION_CONTEXT ( 3 ) GLOBAL_UNCERTAINTY_ASSIGNED_CONTEXT ( ( #6944 ) ) GLOBAL_UNIT_ASSIGNED_CONTEXT ( ( #2653, #11126, #5535 ) ) REPRESENTATION_CONTEXT ( 'NONE', 'WORKASPACE' ) );
#1602 = STYLED_ITEM ( 'NONE', ( #2602 ), #4290 ) ;
#1603 = SURFACE_SIDE_STYLE ('',( #8139 ) ) ;
#1604 = DIRECTION ( 'NONE',  ( 0.9999748501857353977, 0.000000000000000000, 0.007092178509881083733 ) ) ;
#1605 = ORIENTED_EDGE ( 'NONE', *, *, #6973, .F. ) ;
#1606 = ORIENTED_EDGE ( 'NONE', *, *, #5250, .T. ) ;
#1607 = CARTESIAN_POINT ( 'NONE',  ( 0.9069978902406599097, 2.150000000000000355, -0.04481634617913134166 ) ) ;
#1608 = EDGE_CURVE ( 'NONE', #4890, #11563, #8361, .T. ) ;
#1609 = DIRECTION ( 'NONE',  ( -0.007092178509965372211, -0.000000000000000000, 0.9999748501857348426 ) ) ;
#1610 = ADVANCED_FACE ( 'NONE', ( #5057 ), #4994, .F. ) ;
#1611 = VECTOR ( 'NONE', #3710, 1000.000000000000000 ) ;
#1612 = AXIS2_PLACEMENT_3D ( 'NONE', #3591, #702, #10309 ) ;
#1613 = SURFACE_SIDE_STYLE ('',( #6399 ) ) ;
#1614 =( LENGTH_UNIT ( ) NAMED_UNIT ( * ) SI_UNIT ( .MILLI., .METRE. ) );
#1615 = CARTESIAN_POINT ( 'NONE',  ( 0.5041826794457952010, 2.151000000000000689, 0.07090060297800684919 ) ) ;
#1616 = ORIENTED_EDGE ( 'NONE', *, *, #7548, .F. ) ;
#1617 = UNCERTAINTY_MEASURE_WITH_UNIT (LENGTH_MEASURE( 1.000000000000000082E-05 ), #9778, 'distance_accuracy_value', 'NONE');
#1618 = SURFACE_STYLE_FILL_AREA ( #6404 ) ;
#1619 = PRESENTATION_LAYER_ASSIGNMENT (  '', '', ( #9714 ) ) ;
#1620 = CARTESIAN_POINT ( 'NONE',  ( 3.650000000000000355, 1.800000000000000044, 0.000000000000000000 ) ) ;
#1621 = PRESENTATION_LAYER_ASSIGNMENT (  '', '', ( #2409 ) ) ;
#1622 = CARTESIAN_POINT ( 'NONE',  ( -0.03407650490992446268, 2.151000000000000689, -0.2219796137038109185 ) ) ;
#1623 = DIRECTION ( 'NONE',  ( -0.000000000000000000, -1.000000000000000000, -0.000000000000000000 ) ) ;
#1624 = CARTESIAN_POINT ( 'NONE',  ( -0.8472986747410672370, 2.151000000000000245, -0.07437912571900760772 ) ) ;
#1625 = PRESENTATION_STYLE_ASSIGNMENT (( #9033 ) ) ;
#1626 = EDGE_CURVE ( 'NONE', #1492, #7407, #8741, .T. ) ;
#1627 = FILL_AREA_STYLE_COLOUR ( '', #875 ) ;
#1628 =( NAMED_UNIT ( * ) SI_UNIT ( $, .STERADIAN. ) SOLID_ANGLE_UNIT ( ) );
#1629 = PRESENTATION_LAYER_ASSIGNMENT (  '', '', ( #1817 ) ) ;
#1630 = CARTESIAN_POINT ( 'NONE',  ( 0.8036585358091165032, 2.151000000000000689, 0.2537775348531681185 ) ) ;
#1631 = B_SPLINE_CURVE_WITH_KNOTS ( 'NONE', 3,
 ( #5641, #877, #1615, #4531 ),
 .UNSPECIFIED., .F., .F.,
 ( 4, 4 ),
 ( 22.00000000000000000, 23.00000000000000000 ),
 .UNSPECIFIED. ) ;
#1632 = UNCERTAINTY_MEASURE_WITH_UNIT (LENGTH_MEASURE( 1.000000000000000082E-05 ), #8608, 'distance_accuracy_value', 'NONE');
#1633 = B_SPLINE_CURVE_WITH_KNOTS ( 'NONE', 3,
 ( #3582, #2694, #7342, #5573 ),
 .UNSPECIFIED., .F., .F.,
 ( 4, 4 ),
 ( 18.00000000000000000, 19.00000000000000000 ),
 .UNSPECIFIED. ) ;
#1634 = CARTESIAN_POINT ( 'NONE',  ( -0.4301479383248553723, 2.151000000000000689, -0.2488077055997019171 ) ) ;
#1635 = SURFACE_SIDE_STYLE ('',( #6358 ) ) ;
#1636 = LINE ( 'NONE', #9992, #6622 ) ;
#1637 =( LENGTH_UNIT ( ) NAMED_UNIT ( * ) SI_UNIT ( .MILLI., .METRE. ) );
#1638 = CARTESIAN_POINT ( 'NONE',  ( -0.3814977638706875673, 2.150000000000000355, 0.09736951938159571496 ) ) ;
#1639 = CARTESIAN_POINT ( 'NONE',  ( -0.06011928477572203722, 2.151000000000000689, 0.2832747164274200813 ) ) ;
#1640 = COLOUR_RGB ( '',1.000000000000000000, 1.000000000000000000, 1.000000000000000000 ) ;
#1641 = EDGE_LOOP ( 'NONE', ( #814, #236, #496, #1299 ) ) ;
#1642 = CARTESIAN_POINT ( 'NONE',  ( 3.649999999999997691, 1.599999999999999867, -0.4000000000000000222 ) ) ;
#1643 = CARTESIAN_POINT ( 'NONE',  ( -0.06340580595147962684, 2.150000000000000355, -0.1183131993103883756 ) ) ;
#1644 = EDGE_CURVE ( 'NONE', #4063, #2135, #5122, .T. ) ;
#1645 = CARTESIAN_POINT ( 'NONE',  ( -0.01286492992729329314, 2.150000000000000355, 0.1518692199266007403 ) ) ;
#1646 = DIRECTION ( 'NONE',  ( -0.9999748501857348426, 0.000000000000000000, -0.007092178509962493438 ) ) ;
#1647 = CARTESIAN_POINT ( 'NONE',  ( 0.7125636461717117509, 2.151000000000000689, 0.2531314573857857964 ) ) ;
#1648 = ORIENTED_EDGE ( 'NONE', *, *, #5390, .F. ) ;
#1649 = VERTEX_POINT ( 'NONE', #7943 ) ;
#1650 = PRESENTATION_STYLE_ASSIGNMENT (( #6495 ) ) ;
#1651 = DIRECTION ( 'NONE',  ( -0.007092178509967527605, -0.000000000000000000, 0.9999748501857348426 ) ) ;
#1652 = VECTOR ( 'NONE', #4439, 1000.000000000000000 ) ;
#1653 = LINE ( 'NONE', #5442, #2628 ) ;
#1654 = SURFACE_STYLE_FILL_AREA ( #8294 ) ;
#1655 = CARTESIAN_POINT ( 'NONE',  ( -0.02687065152229182671, 2.151000000000000689, -0.1970776680251931645 ) ) ;
#1656 = LINE ( 'NONE', #9437, #676 ) ;
#1657 = ORIENTED_EDGE ( 'NONE', *, *, #11168, .T. ) ;
#1658 = VECTOR ( 'NONE', #7586, 1000.000000000000000 ) ;
#1659 = LINE ( 'NONE', #6442, #7979 ) ;
#1660 = CARTESIAN_POINT ( 'NONE',  ( 1.129407673365080189, 2.151000000000000689, -0.005642319124506672140 ) ) ;
#1661 =( GEOMETRIC_REPRESENTATION_CONTEXT ( 3 ) GLOBAL_UNCERTAINTY_ASSIGNED_CONTEXT ( ( #8374 ) ) GLOBAL_UNIT_ASSIGNED_CONTEXT ( ( #11350, #2057, #9793 ) ) REPRESENTATION_CONTEXT ( 'NONE', 'WORKASPACE' ) );
#1662 = DIRECTION ( 'NONE',  ( 0.007092178509964027801, 8.426690792501926504E-19, -0.9999748501857348426 ) ) ;
#1663 = EDGE_CURVE ( 'NONE', #764, #8111, #1653, .T. ) ;
#1664 = VECTOR ( 'NONE', #373, 1000.000000000000114 ) ;
#1665 = LINE ( 'NONE', #9196, #5909 ) ;
#1666 = SURFACE_STYLE_FILL_AREA ( #2576 ) ;
#1667 = DIRECTION ( 'NONE',  ( -0.9999748501857348426, 0.000000000000000000, -0.007092178509963919381 ) ) ;
#1668 = ORIENTED_EDGE ( 'NONE', *, *, #1489, .F. ) ;
#1669 = ORIENTED_EDGE ( 'NONE', *, *, #8267, .T. ) ;
#1670 =( LENGTH_UNIT ( ) NAMED_UNIT ( * ) SI_UNIT ( .MILLI., .METRE. ) );
#1671 = DIRECTION ( 'NONE',  ( -0.3592492403233703557, -0.000000000000000000, -0.9332416532319383062 ) ) ;
#1672 = SURFACE_SIDE_STYLE ('',( #4647 ) ) ;
#1673 = ADVANCED_FACE ( 'NONE', ( #10918 ), #8125, .F. ) ;
#1674 = EDGE_CURVE ( 'NONE', #9266, #1514, #3323, .T. ) ;
#1675 = SURFACE_STYLE_USAGE ( .BOTH. , #823 ) ;
#1676 = EDGE_CURVE ( 'NONE', #10625, #8882, #10860, .T. ) ;
#1677 = CARTESIAN_POINT ( 'NONE',  ( -0.3850111271474130348, 2.151000000000000689, 0.2775391801131213976 ) ) ;
#1678 = CARTESIAN_POINT ( 'NONE',  ( -3.649999999999997691, -1.600000000000000089, -0.3999999999999996336 ) ) ;
#1679 = UNCERTAINTY_MEASURE_WITH_UNIT (LENGTH_MEASURE( 1.000000000000000082E-05 ), #11468, 'distance_accuracy_value', 'NONE');
#1680 = ORIENTED_EDGE ( 'NONE', *, *, #3337, .T. ) ;
#1681 =( NAMED_UNIT ( * ) SI_UNIT ( $, .STERADIAN. ) SOLID_ANGLE_UNIT ( ) );
#1682 = B_SPLINE_SURFACE_WITH_KNOTS ( 'NONE', 3, 1, ( 
 ( #12071, #1501 ),
 ( #3538, #11951 ),
 ( #4539, #3601 ),
 ( #11892, #3420 ) ),
 .UNSPECIFIED., .F., .F., .F.,
 ( 4, 4 ),
 ( 2, 2 ),
 ( 1.000000000000000000, 2.000000000000000000 ),
 ( 0.000000000000000000, 1.000000000000000000 ),
 .UNSPECIFIED. ) ;
#1683 = LINE ( 'NONE', #3539, #5043 ) ;
#1684 = ORIENTED_EDGE ( 'NONE', *, *, #3431, .F. ) ;
#1685 = CARTESIAN_POINT ( 'NONE',  ( -0.5395277201711268233, 2.151000000000000689, -0.2495834660481677791 ) ) ;
#1686 = CARTESIAN_POINT ( 'NONE',  ( -0.5299452459413458438, 2.150000000000000355, -0.1346193643521607919 ) ) ;
#1687 = DIRECTION ( 'NONE',  ( 1.000000000000000000, 0.000000000000000000, 0.000000000000000000 ) ) ;
#1688 =( GEOMETRIC_REPRESENTATION_CONTEXT ( 3 ) GLOBAL_UNCERTAINTY_ASSIGNED_CONTEXT ( ( #9288 ) ) GLOBAL_UNIT_ASSIGNED_CONTEXT ( ( #6133, #560, #7771 ) ) REPRESENTATION_CONTEXT ( 'NONE', 'WORKASPACE' ) );
#1689 = COLOUR_RGB ( '',1.000000000000000000, 1.000000000000000000, 1.000000000000000000 ) ;
#1690 =( NAMED_UNIT ( * ) PLANE_ANGLE_UNIT ( ) SI_UNIT ( $, .RADIAN. ) );
#1691 = CARTESIAN_POINT ( 'NONE',  ( 0.1061718700308708768, 2.151000000000000689, -0.1533989578410275834 ) ) ;
#1692 = B_SPLINE_CURVE_WITH_KNOTS ( 'NONE', 3,
 ( #6602, #2120, #6657, #6771 ),
 .UNSPECIFIED., .F., .F.,
 ( 4, 4 ),
 ( 8.000000000000000000, 9.000000000000000000 ),
 .UNSPECIFIED. ) ;
#1693 = ADVANCED_FACE ( 'NONE', ( #11807 ), #11045, .T. ) ;
#1694 = B_SPLINE_CURVE_WITH_KNOTS ( 'NONE', 3,
 ( #5665, #93, #9421, #2983 ),
 .UNSPECIFIED., .F., .F.,
 ( 4, 4 ),
 ( 4.000000000000000000, 5.000000000000000000 ),
 .UNSPECIFIED. ) ;
#1695 = PRESENTATION_LAYER_ASSIGNMENT (  '', '', ( #1503 ) ) ;
#1696 = FILL_AREA_STYLE ('',( #9166 ) ) ;
#1697 = ORIENTED_EDGE ( 'NONE', *, *, #8217, .T. ) ;
#1698 = STYLED_ITEM ( 'NONE', ( #11761 ), #2584 ) ;
#1699 = CARTESIAN_POINT ( 'NONE',  ( 1.220082155543524616, 2.150000000000000355, 0.05428766448605872041 ) ) ;
#1700 = CARTESIAN_POINT ( 'NONE',  ( -0.3067664245245284582, 2.151000000000000689, -0.3163504314607177847 ) ) ;
#1701 = CARTESIAN_POINT ( 'NONE',  ( -0.8337065825514518025, 2.149999999999999911, -0.04828812408223098762 ) ) ;
#1702 = SURFACE_STYLE_USAGE ( .BOTH. , #7377 ) ;
#1703 = ORIENTED_EDGE ( 'NONE', *, *, #9100, .T. ) ;
#1704 = FILL_AREA_STYLE_COLOUR ( '', #7066 ) ;
#1705 = LINE ( 'NONE', #11347, #2352 ) ;
#1706 = CARTESIAN_POINT ( 'NONE',  ( -0.03258885742592490531, 2.150000000000000355, 0.1180403270323975573 ) ) ;
#1707 = CARTESIAN_POINT ( 'NONE',  ( -0.8337065825514518025, 2.151000000000000245, -0.04828812408223098762 ) ) ;
#1708 = CARTESIAN_POINT ( 'NONE',  ( -0.06340580595147962684, 2.150000000000000355, -0.1183131993103883756 ) ) ;
#1709 = EDGE_LOOP ( 'NONE', ( #4794, #7286, #444, #46 ) ) ;
#1710 = CARTESIAN_POINT ( 'NONE',  ( -0.5396921636882440199, 2.150000000000000355, -0.2263974476531020186 ) ) ;
#1711 = ORIENTED_EDGE ( 'NONE', *, *, #2796, .F. ) ;
#1712 = ADVANCED_FACE ( 'NONE', ( #11921 ), #3569, .T. ) ;
#1713 = FILL_AREA_STYLE_COLOUR ( '', #10996 ) ;
#1714 = DIRECTION ( 'NONE',  ( -0.3451999324343005826, 0.000000000000000000, 0.9385291719746137185 ) ) ;
#1715 = EDGE_LOOP ( 'NONE', ( #193, #8544, #6666, #4643 ) ) ;
#1716 =( LENGTH_UNIT ( ) NAMED_UNIT ( * ) SI_UNIT ( .MILLI., .METRE. ) );
#1717 = ORIENTED_EDGE ( 'NONE', *, *, #5192, .F. ) ;
#1718 = LINE ( 'NONE', #3575, #2956 ) ;
#1719 = CARTESIAN_POINT ( 'NONE',  ( 0.4340797516133161338, 2.150000000000000355, -0.2390455959965226140 ) ) ;
#1720 = VECTOR ( 'NONE', #11122, 1000.000000000000000 ) ;
#1721 = CARTESIAN_POINT ( 'NONE',  ( -0.04599029886069992690, 2.151000000000000689, -0.1181896823188296336 ) ) ;
#1722 = CARTESIAN_POINT ( 'NONE',  ( -0.1650686966184464199, 2.151000000000000689, -0.2248842468019379981 ) ) ;
#1723 =( GEOMETRIC_REPRESENTATION_CONTEXT ( 3 ) GLOBAL_UNCERTAINTY_ASSIGNED_CONTEXT ( ( #3980 ) ) GLOBAL_UNIT_ASSIGNED_CONTEXT ( ( #7663, #1017, #83 ) ) REPRESENTATION_CONTEXT ( 'NONE', 'WORKASPACE' ) );
#1724 = CARTESIAN_POINT ( 'NONE',  ( -0.5949045768689246172, 2.151000000000000689, 0.2500559391938070308 ) ) ;
#1725 = ORIENTED_EDGE ( 'NONE', *, *, #3952, .T. ) ;
#1726 = FILL_AREA_STYLE ('',( #6516 ) ) ;
#1727 = PRESENTATION_LAYER_ASSIGNMENT (  '', '', ( #3906 ) ) ;
#1728 = ORIENTED_EDGE ( 'NONE', *, *, #998, .T. ) ;
#1729 = CARTESIAN_POINT ( 'NONE',  ( 1.022961100079244678, 2.150000000000000355, -0.08448254173514643806 ) ) ;
#1730 =( LENGTH_UNIT ( ) NAMED_UNIT ( * ) SI_UNIT ( .MILLI., .METRE. ) );
#1731 = MECHANICAL_DESIGN_GEOMETRIC_PRESENTATION_REPRESENTATION (  '', ( #11367 ), #7061 ) ;
#1732 = MECHANICAL_DESIGN_GEOMETRIC_PRESENTATION_REPRESENTATION (  '', ( #5510 ), #3316 ) ;
#1733 = VERTEX_POINT ( 'NONE', #9372 ) ;
#1734 = COLOUR_RGB ( '',1.000000000000000000, 1.000000000000000000, 1.000000000000000000 ) ;
#1735 = UNCERTAINTY_MEASURE_WITH_UNIT (LENGTH_MEASURE( 1.000000000000000082E-05 ), #4553, 'distance_accuracy_value', 'NONE');
#1736 = EDGE_LOOP ( 'NONE', ( #2857, #4943, #7690, #10723 ) ) ;
#1737 = PRESENTATION_LAYER_ASSIGNMENT (  '', '', ( #4113 ) ) ;
#1738 = SURFACE_STYLE_USAGE ( .BOTH. , #11949 ) ;
#1739 = CARTESIAN_POINT ( 'NONE',  ( 0.5601440632598611025, 2.151000000000000689, -0.07185876848065600453 ) ) ;
#1740 = VERTEX_POINT ( 'NONE', #3628 ) ;
#1741 = CARTESIAN_POINT ( 'NONE',  ( -0.2438807483190262582, 2.150000000000000355, -0.1300950110839208806 ) ) ;
#1742 = CARTESIAN_POINT ( 'NONE',  ( -0.7548041824439889469, 2.151000000000000245, -0.2511102835467768912 ) ) ;
#1743 = ORIENTED_EDGE ( 'NONE', *, *, #7243, .F. ) ;
#1744 = SURFACE_STYLE_USAGE ( .BOTH. , #3423 ) ;
#1745 =( LENGTH_UNIT ( ) NAMED_UNIT ( * ) SI_UNIT ( .MILLI., .METRE. ) );
#1746 = VECTOR ( 'NONE', #6293, 1000.000000000000000 ) ;
#1747 = EDGE_CURVE ( 'NONE', #6515, #1433, #4569, .T. ) ;
#1748 = ADVANCED_FACE ( 'NONE', ( #8481 ), #5562, .T. ) ;
#1749 = EDGE_CURVE ( 'NONE', #5148, #5800, #10175, .T. ) ;
#1750 = DIRECTION ( 'NONE',  ( 1.188166764367676342E-16, -1.000000000000000000, -0.000000000000000000 ) ) ;
#1751 = CARTESIAN_POINT ( 'NONE',  ( 1.045727199617881409, 2.150000000000000355, -0.2361535754825709321 ) ) ;
#1752 = LINE ( 'NONE', #5596, #9505 ) ;
#1753 = STYLED_ITEM ( 'NONE', ( #7306 ), #1303 ) ;
#1754 = UNCERTAINTY_MEASURE_WITH_UNIT (LENGTH_MEASURE( 1.000000000000000082E-05 ), #2167, 'distance_accuracy_value', 'NONE');
#1755 = MECHANICAL_DESIGN_GEOMETRIC_PRESENTATION_REPRESENTATION (  '', ( #9653 ), #9054 ) ;
#1756 =( LENGTH_UNIT ( ) NAMED_UNIT ( * ) SI_UNIT ( .MILLI., .METRE. ) );
#1757 =( NAMED_UNIT ( * ) SI_UNIT ( $, .STERADIAN. ) SOLID_ANGLE_UNIT ( ) );
#1758 = CARTESIAN_POINT ( 'NONE',  ( 0.4828010190767874632, 2.150000000000000355, 0.2312575610334068055 ) ) ;
#1759 = CARTESIAN_POINT ( 'NONE',  ( -0.3366244311453513993, 2.150000000000000355, -0.2700838473171612852 ) ) ;
#1760 = VECTOR ( 'NONE', #1968, 1000.000000000000000 ) ;
#1761 = DIRECTION ( 'NONE',  ( 0.000000000000000000, 0.000000000000000000, 1.000000000000000000 ) ) ;
#1762 =( NAMED_UNIT ( * ) SI_UNIT ( $, .STERADIAN. ) SOLID_ANGLE_UNIT ( ) );
#1763 = B_SPLINE_CURVE_WITH_KNOTS ( 'NONE', 3,
 ( #5998, #1233, #4075, #10795 ),
 .UNSPECIFIED., .F., .F.,
 ( 4, 4 ),
 ( 3.000000000000000000, 4.000000000000000000 ),
 .UNSPECIFIED. ) ;
#1764 =( GEOMETRIC_REPRESENTATION_CONTEXT ( 3 ) GLOBAL_UNCERTAINTY_ASSIGNED_CONTEXT ( ( #4603 ) ) GLOBAL_UNIT_ASSIGNED_CONTEXT ( ( #12053, #7341, #624 ) ) REPRESENTATION_CONTEXT ( 'NONE', 'WORKASPACE' ) );
#1765 = EDGE_CURVE ( 'NONE', #10789, #11848, #12099, .T. ) ;
#1766 =( LENGTH_UNIT ( ) NAMED_UNIT ( * ) SI_UNIT ( .MILLI., .METRE. ) );
#1767 = CARTESIAN_POINT ( 'NONE',  ( -0.1032847112736490214, 2.151000000000000689, 0.07272423353217603859 ) ) ;
#1768 = CARTESIAN_POINT ( 'NONE',  ( -0.09032349259495267568, 2.150000000000000355, 0.2830604974062453927 ) ) ;
#1769 = ORIENTED_EDGE ( 'NONE', *, *, #9468, .F. ) ;
#1770 = VECTOR ( 'NONE', #2369, 1000.000000000000000 ) ;
#1771 =( NAMED_UNIT ( * ) SI_UNIT ( $, .STERADIAN. ) SOLID_ANGLE_UNIT ( ) );
#1772 = ORIENTED_EDGE ( 'NONE', *, *, #9603, .F. ) ;
#1773 = SURFACE_STYLE_USAGE ( .BOTH. , #7272 ) ;
#1774 = SURFACE_STYLE_FILL_AREA ( #921 ) ;
#1775 = ORIENTED_EDGE ( 'NONE', *, *, #6860, .F. ) ;
#1776 = EDGE_CURVE ( 'NONE', #1281, #2810, #9279, .T. ) ;
#1777 = DIRECTION ( 'NONE',  ( -0.9999748501857348426, -0.000000000000000000, -0.007092178509963802287 ) ) ;
#1778 =( GEOMETRIC_REPRESENTATION_CONTEXT ( 3 ) GLOBAL_UNCERTAINTY_ASSIGNED_CONTEXT ( ( #8771 ) ) GLOBAL_UNIT_ASSIGNED_CONTEXT ( ( #9459, #999, #3968 ) ) REPRESENTATION_CONTEXT ( 'NONE', 'WORKASPACE' ) );
#1779 = STYLED_ITEM ( 'NONE', ( #9016 ), #3339 ) ;
#1780 = B_SPLINE_SURFACE_WITH_KNOTS ( 'NONE', 3, 1, ( 
 ( #10030, #4648 ),
 ( #5466, #8379 ),
 ( #5585, #10312 ),
 ( #2530, #9335 ) ),
 .UNSPECIFIED., .F., .F., .F.,
 ( 4, 4 ),
 ( 2, 2 ),
 ( 11.00000000000000000, 12.00000000000000000 ),
 ( 0.000000000000000000, 1.000000000000000000 ),
 .UNSPECIFIED. ) ;
#1781 =( NAMED_UNIT ( * ) SI_UNIT ( $, .STERADIAN. ) SOLID_ANGLE_UNIT ( ) );
#1782 = DIRECTION ( 'NONE',  ( 0.3592492403233703557, 0.000000000000000000, 0.9332416532319383062 ) ) ;
#1783 = PRESENTATION_LAYER_ASSIGNMENT (  '', '', ( #7116 ) ) ;
#1784 = UNCERTAINTY_MEASURE_WITH_UNIT (LENGTH_MEASURE( 1.000000000000000082E-05 ), #1475, 'distance_accuracy_value', 'NONE');
#1785 = VERTEX_POINT ( 'NONE', #3877 ) ;
#1786 = CARTESIAN_POINT ( 'NONE',  ( -0.2241276755266178311, 2.151000000000000689, -0.2103302235974524870 ) ) ;
#1787 = VERTEX_POINT ( 'NONE', #2622 ) ;
#1788 = DIRECTION ( 'NONE',  ( -0.007092178509959435988, -0.000000000000000000, 0.9999748501857349536 ) ) ;
#1789 = CARTESIAN_POINT ( 'NONE',  ( 0.3526758101960192904, 2.151000000000000689, -0.1788899421805487944 ) ) ;
#1790 = VERTEX_POINT ( 'NONE', #9313 ) ;
#1791 = DIRECTION ( 'NONE',  ( 0.9410702468834492018, 1.118148390282198304E-16, 0.3382111624868761601 ) ) ;
#1792 = B_SPLINE_CURVE_WITH_KNOTS ( 'NONE', 3,
 ( #11317, #5868, #7573, #9630 ),
 .UNSPECIFIED., .F., .F.,
 ( 4, 4 ),
 ( 3.000000000000000000, 4.000000000000000000 ),
 .UNSPECIFIED. ) ;
#1793 = DIRECTION ( 'NONE',  ( 1.188166764367676342E-16, -1.000000000000000000, -0.000000000000000000 ) ) ;
#1794 =( NAMED_UNIT ( * ) SI_UNIT ( $, .STERADIAN. ) SOLID_ANGLE_UNIT ( ) );
#1795 = UNCERTAINTY_MEASURE_WITH_UNIT (LENGTH_MEASURE( 1.000000000000000082E-05 ), #2263, 'distance_accuracy_value', 'NONE');
#1796 = ORIENTED_EDGE ( 'NONE', *, *, #5613, .F. ) ;
#1797 = DIRECTION ( 'NONE',  ( -0.3216389368451694764, 0.000000000000000000, -0.9468623945986601731 ) ) ;
#1798 = CARTESIAN_POINT ( 'NONE',  ( 0.1307865612851951131, 2.151000000000000689, 0.07781563795318785504 ) ) ;
#1799 = ORIENTED_EDGE ( 'NONE', *, *, #10869, .T. ) ;
#1800 = DIRECTION ( 'NONE',  ( 0.000000000000000000, 0.000000000000000000, 1.000000000000000000 ) ) ;
#1801 = CARTESIAN_POINT ( 'NONE',  ( -3.649999999999998579, 2.149999999999999911, 1.750000000000000000 ) ) ;
#1802 = CARTESIAN_POINT ( 'NONE',  ( -0.4617083008344677331, 2.151000000000000689, 0.2500648090583760808 ) ) ;
#1803 = DIRECTION ( 'NONE',  ( 1.188166764367676342E-16, -1.000000000000000000, -0.000000000000000000 ) ) ;
#1804 = VECTOR ( 'NONE', #3456, 1000.000000000000114 ) ;
#1805 = EDGE_CURVE ( 'NONE', #2192, #6050, #4624, .T. ) ;
#1806 = CARTESIAN_POINT ( 'NONE',  ( 0.6116445440076632156, 2.150000000000000355, -0.1972975950925945077 ) ) ;
#1807 = DIRECTION ( 'NONE',  ( -0.9999748501857348426, 0.000000000000000000, -0.007092178509963569834 ) ) ;
#1808 = CARTESIAN_POINT ( 'NONE',  ( -0.4567124078855685498, 2.151000000000000689, 0.1320847501444628036 ) ) ;
#1809 =( NAMED_UNIT ( * ) SI_UNIT ( $, .STERADIAN. ) SOLID_ANGLE_UNIT ( ) );
#1810 =( NAMED_UNIT ( * ) PLANE_ANGLE_UNIT ( ) SI_UNIT ( $, .RADIAN. ) );
#1811 = CARTESIAN_POINT ( 'NONE',  ( -0.4918686220256033303, 2.150000000000000355, 0.1776898870687715903 ) ) ;
#1812 = CARTESIAN_POINT ( 'NONE',  ( -0.03483757275802218389, 2.150000000000000355, 0.2371836323838299454 ) ) ;
#1813 = ORIENTED_EDGE ( 'NONE', *, *, #2323, .T. ) ;
#1814 = LINE ( 'NONE', #8344, #1348 ) ;
#1815 = SURFACE_STYLE_FILL_AREA ( #962 ) ;
#1816 = B_SPLINE_CURVE_WITH_KNOTS ( 'NONE', 3,
 ( #3181, #5236, #424, #6962 ),
 .UNSPECIFIED., .F., .F.,
 ( 4, 4 ),
 ( 18.00000000000000000, 19.00000000000000000 ),
 .UNSPECIFIED. ) ;
#1817 = STYLED_ITEM ( 'NONE', ( #9870 ), #11269 ) ;
#1818 = LINE ( 'NONE', #4847, #7950 ) ;
#1819 = DIRECTION ( 'NONE',  ( 1.188166764367676342E-16, -1.000000000000000000, -0.000000000000000000 ) ) ;
#1820 = CARTESIAN_POINT ( 'NONE',  ( -0.7166526795886228873, 2.149999999999999911, -0.1472772064305161166 ) ) ;
#1821 = ORIENTED_EDGE ( 'NONE', *, *, #1559, .F. ) ;
#1822 = CARTESIAN_POINT ( 'NONE',  ( -0.1078308020355851771, 2.150000000000000355, 0.2592292525983466711 ) ) ;
#1823 = VERTEX_POINT ( 'NONE', #5742 ) ;
#1824 = EDGE_CURVE ( 'NONE', #3727, #6869, #6617, .T. ) ;
#1825 =( LENGTH_UNIT ( ) NAMED_UNIT ( * ) SI_UNIT ( .MILLI., .METRE. ) );
#1826 = EDGE_CURVE ( 'NONE', #3843, #4067, #40, .T. ) ;
#1827 = VERTEX_POINT ( 'NONE', #3057 ) ;
#1828 = DIRECTION ( 'NONE',  ( -0.007092178509963214215, 0.000000000000000000, 0.9999748501857348426 ) ) ;
#1829 = EDGE_CURVE ( 'NONE', #5218, #11121, #2196, .T. ) ;
#1830 = DIRECTION ( 'NONE',  ( -0.007092178509954511108, -0.000000000000000000, 0.9999748501857349536 ) ) ;
#1831 = CARTESIAN_POINT ( 'NONE',  ( -0.8432466681890889992, 2.151000000000000245, -0.08859542915516649408 ) ) ;
#1832 = ORIENTED_EDGE ( 'NONE', *, *, #294, .F. ) ;
#1833 = DIRECTION ( 'NONE',  ( 1.188166764367676342E-16, -1.000000000000000000, -0.000000000000000000 ) ) ;
#1834 = B_SPLINE_CURVE_WITH_KNOTS ( 'NONE', 3,
 ( #7348, #5522, #4586, #3646 ),
 .UNSPECIFIED., .F., .F.,
 ( 4, 4 ),
 ( 35.00000000000000000, 36.00000000000000000 ),
 .UNSPECIFIED. ) ;
#1835 = VECTOR ( 'NONE', #7689, 1000.000000000000000 ) ;
#1836 = FILL_AREA_STYLE ('',( #6563 ) ) ;
#1837 = ORIENTED_EDGE ( 'NONE', *, *, #3876, .F. ) ;
#1838 = CARTESIAN_POINT ( 'NONE',  ( -0.2942885406846343921, 2.150000000000000355, -0.2944264684547766575 ) ) ;
#1839 = CARTESIAN_POINT ( 'NONE',  ( -0.4918686220256033303, 2.151000000000000689, 0.1776898870687715903 ) ) ;
#1840 = VECTOR ( 'NONE', #5746, 1000.000000000000000 ) ;
#1841 =( NAMED_UNIT ( * ) SI_UNIT ( $, .STERADIAN. ) SOLID_ANGLE_UNIT ( ) );
#1842 = DIRECTION ( 'NONE',  ( -0.007092178509965692268, -8.426690792503903471E-19, 0.9999748501857348426 ) ) ;
#1843 = CARTESIAN_POINT ( 'NONE',  ( -0.2839491994334664149, 2.150000000000000355, 0.2782559473715932041 ) ) ;
#1844 = CARTESIAN_POINT ( 'NONE',  ( -0.5314186008615318091, 2.151000000000000689, 0.07311904261452330245 ) ) ;
#1845 = FACE_OUTER_BOUND ( 'NONE', #4917, .T. ) ;
#1846 = EDGE_CURVE ( 'NONE', #8485, #7045, #7738, .T. ) ;
#1847 = CARTESIAN_POINT ( 'NONE',  ( 0.1030909506832607542, 2.151000000000000689, 0.2810009742436602731 ) ) ;
#1848 = SURFACE_SIDE_STYLE ('',( #2824 ) ) ;
#1849 = ORIENTED_EDGE ( 'NONE', *, *, #5991, .T. ) ;
#1850 = LINE ( 'NONE', #6688, #12016 ) ;
#1851 = CARTESIAN_POINT ( 'NONE',  ( -0.06011928477572203722, 2.150000000000000355, 0.2832747164274200813 ) ) ;
#1852 = COLOUR_RGB ( '',1.000000000000000000, 1.000000000000000000, 1.000000000000000000 ) ;
#1853 = VECTOR ( 'NONE', #4002, 1000.000000000000000 ) ;
#1854 = SURFACE_STYLE_USAGE ( .BOTH. , #1672 ) ;
#1855 = UNCERTAINTY_MEASURE_WITH_UNIT (LENGTH_MEASURE( 1.000000000000000082E-05 ), #5693, 'distance_accuracy_value', 'NONE');
#1856 = LINE ( 'NONE', #12124, #5137 ) ;
#1857 = ADVANCED_FACE ( 'NONE', ( #11424 ), #3142, .F. ) ;
#1858 = CARTESIAN_POINT ( 'NONE',  ( 0.8780789568942517498, 2.150000000000000355, -0.2489108842436381919 ) ) ;
#1859 = ORIENTED_EDGE ( 'NONE', *, *, #6154, .F. ) ;
#1860 = DIRECTION ( 'NONE',  ( -0.007092178509950084961, -0.000000000000000000, 0.9999748501857350647 ) ) ;
#1861 = FILL_AREA_STYLE_COLOUR ( '', #1689 ) ;
#1862 = VECTOR ( 'NONE', #10109, 1000.000000000000000 ) ;
#1863 = CARTESIAN_POINT ( 'NONE',  ( 0.01452646803043681871, 2.150000000000000355, 0.1748347605559805173 ) ) ;
#1864 = B_SPLINE_CURVE_WITH_KNOTS ( 'NONE', 3,
 ( #11755, #3331, #5261, #504 ),
 .UNSPECIFIED., .F., .F.,
 ( 4, 4 ),
 ( 4.000000000000000000, 5.000000000000000000 ),
 .UNSPECIFIED. ) ;
#1865 = DIRECTION ( 'NONE',  ( -0.000000000000000000, 0.000000000000000000, 1.000000000000000000 ) ) ;
#1866 = CARTESIAN_POINT ( 'NONE',  ( 0.2982013754879659362, 2.151000000000000689, -0.04190405822187966839 ) ) ;
#1867 = LINE ( 'NONE', #1691, #9698 ) ;
#1868 = UNCERTAINTY_MEASURE_WITH_UNIT (LENGTH_MEASURE( 1.000000000000000082E-05 ), #6037, 'distance_accuracy_value', 'NONE');
#1869 = FACE_OUTER_BOUND ( 'NONE', #6278, .T. ) ;
#1870 =( GEOMETRIC_REPRESENTATION_CONTEXT ( 3 ) GLOBAL_UNCERTAINTY_ASSIGNED_CONTEXT ( ( #3608 ) ) GLOBAL_UNIT_ASSIGNED_CONTEXT ( ( #9071, #5386, #11262 ) ) REPRESENTATION_CONTEXT ( 'NONE', 'WORKASPACE' ) );
#1871 = LINE ( 'NONE', #274, #11248 ) ;
#1872 = VECTOR ( 'NONE', #5544, 1000.000000000000000 ) ;
#1873 = B_SPLINE_SURFACE_WITH_KNOTS ( 'NONE', 3, 1, ( 
 ( #2017, #10590 ),
 ( #8733, #295 ),
 ( #6675, #3116 ),
 ( #3945, #6788 ) ),
 .UNSPECIFIED., .F., .F., .F.,
 ( 4, 4 ),
 ( 2, 2 ),
 ( 8.000000000000000000, 9.000000000000000000 ),
 ( 0.000000000000000000, 1.000000000000000000 ),
 .UNSPECIFIED. ) ;
#1874 = CARTESIAN_POINT ( 'NONE',  ( 3.650000000000000355, 1.800000000000000044, 0.000000000000000000 ) ) ;
#1875 = CARTESIAN_POINT ( 'NONE',  ( -0.7141023987052347310, 2.151000000000000245, -0.07437025585304256337 ) ) ;
#1876 = PRESENTATION_STYLE_ASSIGNMENT (( #2596 ) ) ;
#1877 = CARTESIAN_POINT ( 'NONE',  ( -0.1223542074387614503, 2.151000000000000689, 0.1005591772538788897 ) ) ;
#1878 = EDGE_LOOP ( 'NONE', ( #5202, #1395, #8787, #5105 ) ) ;
#1879 =( GEOMETRIC_REPRESENTATION_CONTEXT ( 3 ) GLOBAL_UNCERTAINTY_ASSIGNED_CONTEXT ( ( #10387 ) ) GLOBAL_UNIT_ASSIGNED_CONTEXT ( ( #1508, #3103, #2301 ) ) REPRESENTATION_CONTEXT ( 'NONE', 'WORKASPACE' ) );
#1880 = CARTESIAN_POINT ( 'NONE',  ( 1.199644027853166373, 2.150000000000000355, -0.1222721726524450547 ) ) ;
#1881 = EDGE_LOOP ( 'NONE', ( #10959, #5153, #8382, #12070 ) ) ;
#1882 =( GEOMETRIC_REPRESENTATION_CONTEXT ( 3 ) GLOBAL_UNCERTAINTY_ASSIGNED_CONTEXT ( ( #4760 ) ) GLOBAL_UNIT_ASSIGNED_CONTEXT ( ( #2537, #11069, #2776 ) ) REPRESENTATION_CONTEXT ( 'NONE', 'WORKASPACE' ) );
#1883 = VECTOR ( 'NONE', #2508, 1000.000000000000114 ) ;
#1884 = ORIENTED_EDGE ( 'NONE', *, *, #853, .F. ) ;
#1885 = CARTESIAN_POINT ( 'NONE',  ( -0.5979747329197253602, 2.150000000000000355, 0.2357891228373169556 ) ) ;
#1886 = LINE ( 'NONE', #5855, #8032 ) ;
#1887 = ORIENTED_EDGE ( 'NONE', *, *, #1113, .F. ) ;
#1888 = CARTESIAN_POINT ( 'NONE',  ( -0.4606589594673863308, 2.151000000000000689, 0.1021109786709008538 ) ) ;
#1889 = SURFACE_SIDE_STYLE ('',( #1774 ) ) ;
#1890 =( GEOMETRIC_REPRESENTATION_CONTEXT ( 3 ) GLOBAL_UNCERTAINTY_ASSIGNED_CONTEXT ( ( #11469 ) ) GLOBAL_UNIT_ASSIGNED_CONTEXT ( ( #6354, #2600, #11130 ) ) REPRESENTATION_CONTEXT ( 'NONE', 'WORKASPACE' ) );
#1891 = ORIENTED_EDGE ( 'NONE', *, *, #8921, .T. ) ;
#1892 = CARTESIAN_POINT ( 'NONE',  ( -3.649999999999997691, 1.800000000000000044, 0.000000000000000000 ) ) ;
#1893 = PRESENTATION_STYLE_ASSIGNMENT (( #5680 ) ) ;
#1894 = EDGE_CURVE ( 'NONE', #4502, #11488, #4859, .T. ) ;
#1895 = EDGE_CURVE ( 'NONE', #802, #4330, #2333, .T. ) ;
#1896 = CARTESIAN_POINT ( 'NONE',  ( -0.2844641781314494744, 2.151000000000000689, -0.3161922559700406365 ) ) ;
#1897 = EDGE_CURVE ( 'NONE', #3173, #8577, #128, .T. ) ;
#1898 = VERTEX_POINT ( 'NONE', #1215 ) ;
#1899 = CARTESIAN_POINT ( 'NONE',  ( -0.4812246356034544648, 2.150000000000000355, 0.1209931679772163898 ) ) ;
#1900 = CARTESIAN_POINT ( 'NONE',  ( -0.1519518509115981575, 2.150000000000000355, -0.2417396977382124390 ) ) ;
#1901 = FILL_AREA_STYLE_COLOUR ( '', #10412 ) ;
#1902 = CARTESIAN_POINT ( 'NONE',  ( 0.006234800248391750288, 2.151000000000000689, 0.1197713759611637729 ) ) ;
#1903 = ORIENTED_EDGE ( 'NONE', *, *, #8236, .T. ) ;
#1904 = CARTESIAN_POINT ( 'NONE',  ( 0.7770160928361199426, 2.151000000000000689, 0.3403499894072637422 ) ) ;
#1905 = B_SPLINE_CURVE_WITH_KNOTS ( 'NONE', 3,
 ( #9323, #7452, #1721, #6569 ),
 .UNSPECIFIED., .F., .F.,
 ( 4, 4 ),
 ( 12.00000000000000000, 13.00000000000000000 ),
 .UNSPECIFIED. ) ;
#1906 = PRESENTATION_LAYER_ASSIGNMENT (  '', '', ( #10386 ) ) ;
#1907 = ADVANCED_FACE ( 'NONE', ( #7617 ), #9076, .F. ) ;
#1908 = CARTESIAN_POINT ( 'NONE',  ( 0.8873083122526428390, 2.150000000000000355, 0.2847373018349151907 ) ) ;
#1909 = LINE ( 'NONE', #7581, #441 ) ;
#1910 = ORIENTED_EDGE ( 'NONE', *, *, #7404, .T. ) ;
#1911 = VERTEX_POINT ( 'NONE', #6170 ) ;
#1912 = MECHANICAL_DESIGN_GEOMETRIC_PRESENTATION_REPRESENTATION (  '', ( #6484 ), #3501 ) ;
#1913 = CARTESIAN_POINT ( 'NONE',  ( -0.2052835327084571171, 2.151000000000000689, 0.2554187308540484813 ) ) ;
#1914 = DIRECTION ( 'NONE',  ( 0.9999748501857348426, 1.544807128196706564E-14, 0.007092178509964028668 ) ) ;
#1915 = FILL_AREA_STYLE ('',( #9338 ) ) ;
#1916 = UNCERTAINTY_MEASURE_WITH_UNIT (LENGTH_MEASURE( 1.000000000000000082E-05 ), #10820, 'distance_accuracy_value', 'NONE');
#1917 = ORIENTED_EDGE ( 'NONE', *, *, #11835, .T. ) ;
#1918 = LINE ( 'NONE', #10316, #8406 ) ;
#1919 = LINE ( 'NONE', #5709, #8781 ) ;
#1920 = ORIENTED_EDGE ( 'NONE', *, *, #7612, .F. ) ;
#1921 = DIRECTION ( 'NONE',  ( 0.000000000000000000, 1.000000000000000000, -0.000000000000000000 ) ) ;
#1922 =( NAMED_UNIT ( * ) PLANE_ANGLE_UNIT ( ) SI_UNIT ( $, .RADIAN. ) );
#1923 = CARTESIAN_POINT ( 'NONE',  ( -0.09208247626273287356, 2.151000000000000689, -0.2239506888535458817 ) ) ;
#1924 = PRESENTATION_LAYER_ASSIGNMENT (  '', '', ( #2515 ) ) ;
#1925 = EDGE_CURVE ( 'NONE', #11848, #2135, #9996, .T. ) ;
#1926 =( LENGTH_UNIT ( ) NAMED_UNIT ( * ) SI_UNIT ( .MILLI., .METRE. ) );
#1927 = B_SPLINE_CURVE_WITH_KNOTS ( 'NONE', 3,
 ( #4597, #884, #12126, #2038 ),
 .UNSPECIFIED., .F., .F.,
 ( 4, 4 ),
 ( 27.00000000000000000, 28.00000000000000000 ),
 .UNSPECIFIED. ) ;
#1928 = CARTESIAN_POINT ( 'NONE',  ( -0.5921238457142076195, 2.151000000000000689, 0.2391579284312351228 ) ) ;
#1929 = DIRECTION ( 'NONE',  ( -0.9999748501857348426, 0.000000000000000000, -0.007092178509962493438 ) ) ;
#1930 = STYLED_ITEM ( 'NONE', ( #7798 ), #731 ) ;
#1931 = CARTESIAN_POINT ( 'NONE',  ( -0.8456435830242839957, 2.151000000000000245, -0.08050211321131045539 ) ) ;
#1932 = AXIS2_PLACEMENT_3D ( 'NONE', #5808, #4941, #4875 ) ;
#1933 = MECHANICAL_DESIGN_GEOMETRIC_PRESENTATION_REPRESENTATION (  '', ( #8825 ), #11954 ) ;
#1934 = MECHANICAL_DESIGN_GEOMETRIC_PRESENTATION_REPRESENTATION (  '', ( #5311 ), #6074 ) ;
#1935 = SURFACE_STYLE_FILL_AREA ( #6654 ) ;
#1936 =( NAMED_UNIT ( * ) PLANE_ANGLE_UNIT ( ) SI_UNIT ( $, .RADIAN. ) );
#1937 = VERTEX_POINT ( 'NONE', #6295 ) ;
#1938 = CARTESIAN_POINT ( 'NONE',  ( -0.7444765702114890527, 2.151000000000000245, -0.1165929566123915656 ) ) ;
#1939 = CARTESIAN_POINT ( 'NONE',  ( -0.3255517110753634036, 2.151000000000000689, 0.07457912406695518803 ) ) ;
#1940 = SURFACE_STYLE_USAGE ( .BOTH. , #1022 ) ;
#1941 = ADVANCED_FACE ( 'NONE', ( #3304 ), #7197, .F. ) ;
#1942 = STYLED_ITEM ( 'NONE', ( #6008 ), #1151 ) ;
#1943 = PRESENTATION_STYLE_ASSIGNMENT (( #3929 ) ) ;
#1944 = DIRECTION ( 'NONE',  ( 0.9999748501857348426, 0.000000000000000000, 0.007092178509963612335 ) ) ;
#1945 =( GEOMETRIC_REPRESENTATION_CONTEXT ( 3 ) GLOBAL_UNCERTAINTY_ASSIGNED_CONTEXT ( ( #9164 ) ) GLOBAL_UNIT_ASSIGNED_CONTEXT ( ( #4123, #5980, #9738 ) ) REPRESENTATION_CONTEXT ( 'NONE', 'WORKASPACE' ) );
#1946 = CARTESIAN_POINT ( 'NONE',  ( -0.1372865267956300261, 2.151000000000000689, 0.1094993932969439976 ) ) ;
#1947 = EDGE_LOOP ( 'NONE', ( #3697, #11460, #6896, #1481 ) ) ;
#1948 = PRESENTATION_STYLE_ASSIGNMENT (( #7497 ) ) ;
#1949 = ORIENTED_EDGE ( 'NONE', *, *, #8921, .F. ) ;
#1950 = COLOUR_RGB ( '',1.000000000000000000, 1.000000000000000000, 1.000000000000000000 ) ;
#1951 = ORIENTED_EDGE ( 'NONE', *, *, #3100, .F. ) ;
#1952 = MECHANICAL_DESIGN_GEOMETRIC_PRESENTATION_REPRESENTATION (  '', ( #6696 ), #5119 ) ;
#1953 = SURFACE_SIDE_STYLE ('',( #1033 ) ) ;
#1954 = VECTOR ( 'NONE', #2024, 1000.000000000000000 ) ;
#1955 = CARTESIAN_POINT ( 'NONE',  ( 0.8036585358091165032, 2.151000000000000689, 0.2537775348531681185 ) ) ;
#1956 = ORIENTED_EDGE ( 'NONE', *, *, #5459, .F. ) ;
#1957 = CARTESIAN_POINT ( 'NONE',  ( -0.2139548925679195801, 2.150000000000000355, -0.2299099934505146881 ) ) ;
#1958 = ORIENTED_EDGE ( 'NONE', *, *, #8033, .F. ) ;
#1959 = LINE ( 'NONE', #6790, #7287 ) ;
#1960 = CARTESIAN_POINT ( 'NONE',  ( 0.5607286650431523300, 2.150000000000000355, -0.1542780025432169133 ) ) ;
#1961 = CARTESIAN_POINT ( 'NONE',  ( -0.8617793402508913125, 2.150000000000000355, -0.04848722609848114817 ) ) ;
#1962 = ORIENTED_EDGE ( 'NONE', *, *, #5265, .T. ) ;
#1963 = AXIS2_PLACEMENT_3D ( 'NONE', #3885, #5801, #4010 ) ;
#1964 = CARTESIAN_POINT ( 'NONE',  ( -0.1646247914296539716, 2.150000000000000355, -0.1701884565598043852 ) ) ;
#1965 = STYLED_ITEM ( 'NONE', ( #11610 ), #4030 ) ;
#1966 = EDGE_CURVE ( 'NONE', #8219, #10044, #7639, .T. ) ;
#1967 = EDGE_CURVE ( 'NONE', #2455, #5013, #483, .T. ) ;
#1968 = DIRECTION ( 'NONE',  ( 1.008560160451632098E-16, -1.000000000000000000, 0.000000000000000000 ) ) ;
#1969 = CARTESIAN_POINT ( 'NONE',  ( -0.04949035385863074371, 2.150000000000000355, -0.1598058686254419658 ) ) ;
#1970 = ORIENTED_EDGE ( 'NONE', *, *, #10571, .T. ) ;
#1971 = MECHANICAL_DESIGN_GEOMETRIC_PRESENTATION_REPRESENTATION (  '', ( #5737 ), #1778 ) ;
#1972 = DIRECTION ( 'NONE',  ( 1.188166764367676342E-16, -1.000000000000000000, -0.000000000000000000 ) ) ;
#1973 =( GEOMETRIC_REPRESENTATION_CONTEXT ( 3 ) GLOBAL_UNCERTAINTY_ASSIGNED_CONTEXT ( ( #9093 ) ) GLOBAL_UNIT_ASSIGNED_CONTEXT ( ( #6083, #9971, #5078 ) ) REPRESENTATION_CONTEXT ( 'NONE', 'WORKASPACE' ) );
#1974 = DIRECTION ( 'NONE',  ( -0.3382111624868761046, -0.000000000000000000, 0.9410702468834490908 ) ) ;
#1975 = CARTESIAN_POINT ( 'NONE',  ( -0.2419391697635986105, 2.151000000000000689, -0.1839420553702129646 ) ) ;
#1976 =( NAMED_UNIT ( * ) SI_UNIT ( $, .STERADIAN. ) SOLID_ANGLE_UNIT ( ) );
#1977 = PRESENTATION_LAYER_ASSIGNMENT (  '', '', ( #10093 ) ) ;
#1978 = LINE ( 'NONE', #10614, #6141 ) ;
#1979 = CARTESIAN_POINT ( 'NONE',  ( 0.02337378604298410295, 2.151000000000000689, 0.1002410129047179715 ) ) ;
#1980 = EDGE_CURVE ( 'NONE', #6095, #9853, #5234, .T. ) ;
#1981 = ORIENTED_EDGE ( 'NONE', *, *, #6077, .F. ) ;
#1982 = EDGE_CURVE ( 'NONE', #5646, #4890, #2489, .T. ) ;
#1983 = CARTESIAN_POINT ( 'NONE',  ( -0.2208211954146127587, 2.151000000000000689, -0.1194296454310889710 ) ) ;
#1984 = CARTESIAN_POINT ( 'NONE',  ( 0.006234800248391750288, 2.150000000000000355, 0.1197713759611637729 ) ) ;
#1985 = FILL_AREA_STYLE_COLOUR ( '', #6723 ) ;
#1986 = MECHANICAL_DESIGN_GEOMETRIC_PRESENTATION_REPRESENTATION (  '', ( #2566 ), #2966 ) ;
#1987 =( NAMED_UNIT ( * ) PLANE_ANGLE_UNIT ( ) SI_UNIT ( $, .RADIAN. ) );
#1988 = AXIS2_PLACEMENT_3D ( 'NONE', #8522, #5024, #1073 ) ;
#1989 = DIRECTION ( 'NONE',  ( -0.007092178509963778868, -0.000000000000000000, 0.9999748501857348426 ) ) ;
#1990 = PRESENTATION_STYLE_ASSIGNMENT (( #4096 ) ) ;
#1991 = UNCERTAINTY_MEASURE_WITH_UNIT (LENGTH_MEASURE( 1.000000000000000082E-05 ), #3521, 'distance_accuracy_value', 'NONE');
#1992 = LINE ( 'NONE', #9722, #11202 ) ;
#1993 = COLOUR_RGB ( '',1.000000000000000000, 1.000000000000000000, 1.000000000000000000 ) ;
#1994 =( LENGTH_UNIT ( ) NAMED_UNIT ( * ) SI_UNIT ( .MILLI., .METRE. ) );
#1995 = CARTESIAN_POINT ( 'NONE',  ( 0.9726810703370720734, 2.150000000000000355, -0.3350012342383659747 ) ) ;
#1996 = EDGE_CURVE ( 'NONE', #1466, #2142, #10735, .T. ) ;
#1997 = FILL_AREA_STYLE ('',( #213 ) ) ;
#1998 = DIRECTION ( 'NONE',  ( 0.9999748501857351757, 0.000000000000000000, 0.007092178509923869820 ) ) ;
#1999 = CARTESIAN_POINT ( 'NONE',  ( -0.04672251470035235221, 2.151000000000000689, -0.2495196030782849683 ) ) ;
#2000 = FACE_BOUND ( 'NONE', #4931, .T. ) ;
#2001 = PRESENTATION_STYLE_ASSIGNMENT (( #1940 ) ) ;
#2002 = PLANE ( 'NONE',  #2235 ) ;
#2003 = DIRECTION ( 'NONE',  ( -0.9999748501857351757, -0.000000000000000000, -0.007092178509925104075 ) ) ;
#2004 = ORIENTED_EDGE ( 'NONE', *, *, #9692, .T. ) ;
#2005 = ORIENTED_EDGE ( 'NONE', *, *, #6165, .T. ) ;
#2006 = DIRECTION ( 'NONE',  ( -0.007092178509963471822, -8.426690792501267836E-19, 0.9999748501857348426 ) ) ;
#2007 = EDGE_LOOP ( 'NONE', ( #11612, #5469, #6466, #887 ) ) ;
#2008 = DIRECTION ( 'NONE',  ( 0.9999748501857349536, 1.188136882194236216E-16, 0.007092178509954510240 ) ) ;
#2009 = EDGE_CURVE ( 'NONE', #4173, #8935, #5364, .T. ) ;
#2010 = CARTESIAN_POINT ( 'NONE',  ( 0.7633360605537860000, 2.151000000000000689, -0.1774233946009065033 ) ) ;
#2011 = CARTESIAN_POINT ( 'NONE',  ( 0.7125636461717117509, 2.151000000000000689, 0.2531314573857857964 ) ) ;
#2012 = COLOUR_RGB ( '',1.000000000000000000, 1.000000000000000000, 1.000000000000000000 ) ;
#2013 = ORIENTED_EDGE ( 'NONE', *, *, #5812, .T. ) ;
#2014 = CARTESIAN_POINT ( 'NONE',  ( -0.6280992883290097417, 2.149999999999999911, 0.1510410241179897528 ) ) ;
#2015 = ORIENTED_EDGE ( 'NONE', *, *, #2663, .T. ) ;
#2016 =( GEOMETRIC_REPRESENTATION_CONTEXT ( 3 ) GLOBAL_UNCERTAINTY_ASSIGNED_CONTEXT ( ( #1063 ) ) GLOBAL_UNIT_ASSIGNED_CONTEXT ( ( #3500, #6490, #3562 ) ) REPRESENTATION_CONTEXT ( 'NONE', 'WORKASPACE' ) );
#2017 = CARTESIAN_POINT ( 'NONE',  ( 1.160911014477863379, 2.151000000000000689, -0.1659275319788961200 ) ) ;
#2018 = ORIENTED_EDGE ( 'NONE', *, *, #2045, .F. ) ;
#2019 = SURFACE_SIDE_STYLE ('',( #9504 ) ) ;
#2020 = CARTESIAN_POINT ( 'NONE',  ( -0.6360462274215695766, 2.151000000000000245, 0.1280054337157601196 ) ) ;
#2021 = CARTESIAN_POINT ( 'NONE',  ( -0.6604253250663800756, 2.149999999999999911, -0.07045429306355742438 ) ) ;
#2022 = ORIENTED_EDGE ( 'NONE', *, *, #4428, .F. ) ;
#2023 =( NAMED_UNIT ( * ) PLANE_ANGLE_UNIT ( ) SI_UNIT ( $, .RADIAN. ) );
#2024 = DIRECTION ( 'NONE',  ( 0.007092178509954029722, -0.000000000000000000, -0.9999748501857349536 ) ) ;
#2025 = CARTESIAN_POINT ( 'NONE',  ( -0.04672251470035235221, 2.151000000000000689, -0.2495196030782849683 ) ) ;
#2026 =( NAMED_UNIT ( * ) SI_UNIT ( $, .STERADIAN. ) SOLID_ANGLE_UNIT ( ) );
#2027 = SURFACE_STYLE_FILL_AREA ( #4877 ) ;
#2028 = EDGE_LOOP ( 'NONE', ( #2504, #5212, #861, #1725 ) ) ;
#2029 = PRESENTATION_LAYER_ASSIGNMENT (  '', '', ( #863 ) ) ;
#2030 = B_SPLINE_CURVE_WITH_KNOTS ( 'NONE', 3,
 ( #725, #1357, #7882, #10796 ),
 .UNSPECIFIED., .F., .F.,
 ( 4, 4 ),
 ( 0.000000000000000000, 1.000000000000000000 ),
 .UNSPECIFIED. ) ;
#2031 = PRESENTATION_LAYER_ASSIGNMENT (  '', '', ( #5196 ) ) ;
#2032 =( NAMED_UNIT ( * ) SI_UNIT ( $, .STERADIAN. ) SOLID_ANGLE_UNIT ( ) );
#2033 = ORIENTED_EDGE ( 'NONE', *, *, #10490, .F. ) ;
#2034 = ORIENTED_EDGE ( 'NONE', *, *, #4047, .F. ) ;
#2035 = VECTOR ( 'NONE', #8223, 1000.000000000000000 ) ;
#2036 = CARTESIAN_POINT ( 'NONE',  ( -0.5314186008615318091, 2.150000000000000355, 0.07311904261452330245 ) ) ;
#2037 = LINE ( 'NONE', #450, #6799 ) ;
#2038 = CARTESIAN_POINT ( 'NONE',  ( 0.6116445440076632156, 2.151000000000000689, -0.1972975950925945077 ) ) ;
#2039 = ORIENTED_EDGE ( 'NONE', *, *, #86, .T. ) ;
#2040 = ORIENTED_EDGE ( 'NONE', *, *, #8614, .F. ) ;
#2041 = CARTESIAN_POINT ( 'NONE',  ( 0.9289024847280283881, 2.151000000000000689, 0.1288618335580221652 ) ) ;
#2042 = VECTOR ( 'NONE', #2468, 999.9999999999998863 ) ;
#2043 = PRESENTATION_STYLE_ASSIGNMENT (( #4779 ) ) ;
#2044 = LINE ( 'NONE', #2176, #9361 ) ;
#2045 = EDGE_CURVE ( 'NONE', #9718, #10440, #9720, .T. ) ;
#2046 = LINE ( 'NONE', #3731, #6846 ) ;
#2047 = EDGE_CURVE ( 'NONE', #7013, #4460, #8509, .T. ) ;
#2048 = AXIS2_PLACEMENT_3D ( 'NONE', #8519, #8391, #7594 ) ;
#2049 = EDGE_CURVE ( 'NONE', #1385, #3173, #7349, .T. ) ;
#2050 = FILL_AREA_STYLE ('',( #9721 ) ) ;
#2051 = CARTESIAN_POINT ( 'NONE',  ( 0.9098898580403098624, 2.150000000000000355, -0.2486852699799907418 ) ) ;
#2052 = PRESENTATION_LAYER_ASSIGNMENT (  '', '', ( #5028 ) ) ;
#2053 = CARTESIAN_POINT ( 'NONE',  ( -0.01286492992729329314, 2.151000000000000689, 0.1518692199266007403 ) ) ;
#2054 = LINE ( 'NONE', #1135, #7153 ) ;
#2055 = VERTEX_POINT ( 'NONE', #10780 ) ;
#2056 = CARTESIAN_POINT ( 'NONE',  ( -3.649999999999997691, -1.600000000000000089, 3.429011037612588783E-16 ) ) ;
#2057 =( NAMED_UNIT ( * ) PLANE_ANGLE_UNIT ( ) SI_UNIT ( $, .RADIAN. ) );
#2058 = CARTESIAN_POINT ( 'NONE',  ( 0.9098898580403098624, 2.151000000000000689, -0.2486852699799907418 ) ) ;
#2059 = PRESENTATION_STYLE_ASSIGNMENT (( #11482 ) ) ;
#2060 = LINE ( 'NONE', #9366, #9072 ) ;
#2061 = EDGE_CURVE ( 'NONE', #10567, #8409, #4864, .T. ) ;
#2062 = VERTEX_POINT ( 'NONE', #7484 ) ;
#2063 = ORIENTED_EDGE ( 'NONE', *, *, #1394, .F. ) ;
#2064 = SURFACE_STYLE_USAGE ( .BOTH. , #10524 ) ;
#2065 = VERTEX_POINT ( 'NONE', #8397 ) ;
#2066 = CARTESIAN_POINT ( 'NONE',  ( -0.5779458089475173477, 2.151000000000000689, -0.2498559408444721019 ) ) ;
#2067 = EDGE_LOOP ( 'NONE', ( #9969, #10613, #10715, #8951 ) ) ;
#2068 = SURFACE_STYLE_USAGE ( .BOTH. , #10588 ) ;
#2069 = EDGE_LOOP ( 'NONE', ( #9620, #10740, #291, #9577 ) ) ;
#2070 =( NAMED_UNIT ( * ) SI_UNIT ( $, .STERADIAN. ) SOLID_ANGLE_UNIT ( ) );
#2071 = ORIENTED_EDGE ( 'NONE', *, *, #7793, .T. ) ;
#2072 =( NAMED_UNIT ( * ) PLANE_ANGLE_UNIT ( ) SI_UNIT ( $, .RADIAN. ) );
#2073 = DIRECTION ( 'NONE',  ( 0.9999748501857348426, 7.474873201047763605E-15, 0.007092178509963568966 ) ) ;
#2074 = COLOUR_RGB ( '',1.000000000000000000, 1.000000000000000000, 1.000000000000000000 ) ;
#2075 = FACE_OUTER_BOUND ( 'NONE', #1878, .T. ) ;
#2076 = CARTESIAN_POINT ( 'NONE',  ( -0.3342149895392093617, 2.150000000000000355, -0.2213008859696188602 ) ) ;
#2077 = EDGE_CURVE ( 'NONE', #8413, #2096, #11187, .T. ) ;
#2078 = ORIENTED_EDGE ( 'NONE', *, *, #522, .F. ) ;
#2079 = VECTOR ( 'NONE', #11230, 1000.000000000000000 ) ;
#2080 = B_SPLINE_CURVE_WITH_KNOTS ( 'NONE', 3,
 ( #333, #9659, #8524, #1075 ),
 .UNSPECIFIED., .F., .F.,
 ( 4, 4 ),
 ( 15.00000000000000000, 16.00000000000000000 ),
 .UNSPECIFIED. ) ;
#2081 = FACE_OUTER_BOUND ( 'NONE', #11274, .T. ) ;
#2082 = B_SPLINE_SURFACE_WITH_KNOTS ( 'NONE', 3, 1, ( 
 ( #4467, #8624 ),
 ( #8376, #10433 ),
 ( #7461, #122 ),
 ( #1975, #10368 ) ),
 .UNSPECIFIED., .F., .F., .F.,
 ( 4, 4 ),
 ( 2, 2 ),
 ( 16.00000000000000000, 17.00000000000000000 ),
 ( 0.000000000000000000, 1.000000000000000000 ),
 .UNSPECIFIED. ) ;
#2083 = CARTESIAN_POINT ( 'NONE',  ( 3.669999999999997708, -1.600000000000000089, 3.429011037612588783E-16 ) ) ;
#2084 = CARTESIAN_POINT ( 'NONE',  ( 0.02369497779594218964, 2.150000000000000355, -0.2455888896704679081 ) ) ;
#2085 =( GEOMETRIC_REPRESENTATION_CONTEXT ( 3 ) GLOBAL_UNCERTAINTY_ASSIGNED_CONTEXT ( ( #11239 ) ) GLOBAL_UNIT_ASSIGNED_CONTEXT ( ( #299, #6910, #9055 ) ) REPRESENTATION_CONTEXT ( 'NONE', 'WORKASPACE' ) );
#2086 = CARTESIAN_POINT ( 'NONE',  ( 3.669999999999997708, 1.599999999999999867, -4.898587196589411843E-17 ) ) ;
#2087 =( NAMED_UNIT ( * ) PLANE_ANGLE_UNIT ( ) SI_UNIT ( $, .RADIAN. ) );
#2088 = STYLED_ITEM ( 'NONE', ( #11095 ), #1083 ) ;
#2089 = ORIENTED_EDGE ( 'NONE', *, *, #8991, .T. ) ;
#2090 = SURFACE_STYLE_FILL_AREA ( #10546 ) ;
#2091 = CARTESIAN_POINT ( 'NONE',  ( -0.06594393457482153331, 2.151000000000000689, -0.09763949769721640137 ) ) ;
#2092 = UNCERTAINTY_MEASURE_WITH_UNIT (LENGTH_MEASURE( 1.000000000000000082E-05 ), #2190, 'distance_accuracy_value', 'NONE');
#2093 = ADVANCED_FACE ( 'NONE', ( #6598 ), #5601, .F. ) ;
#2094 = VECTOR ( 'NONE', #3428, 1000.000000000000114 ) ;
#2095 = CARTESIAN_POINT ( 'NONE',  ( -3.649999999999997691, -2.149999999999999911, 1.750000000000000000 ) ) ;
#2096 = VERTEX_POINT ( 'NONE', #25 ) ;
#2097 = LINE ( 'NONE', #6634, #6721 ) ;
#2098 = ORIENTED_EDGE ( 'NONE', *, *, #2719, .F. ) ;
#2099 = LINE ( 'NONE', #9712, #6647 ) ;
#2100 = EDGE_LOOP ( 'NONE', ( #3293, #9939, #8593, #9664 ) ) ;
#2101 = B_SPLINE_CURVE_WITH_KNOTS ( 'NONE', 3,
 ( #1946, #1877, #5734, #8590 ),
 .UNSPECIFIED., .F., .F.,
 ( 4, 4 ),
 ( 12.00000000000000000, 13.00000000000000000 ),
 .UNSPECIFIED. ) ;
#2103 = EDGE_CURVE ( 'NONE', #4563, #11823, #11287, .T. ) ;
#2102 = MECHANICAL_DESIGN_GEOMETRIC_PRESENTATION_REPRESENTATION (  '', ( #9004 ), #6662 ) ;
#2104 = CARTESIAN_POINT ( 'NONE',  ( 0.5114124334668924687, 2.151000000000000689, 0.07095187897368937513 ) ) ;
#2105 = CARTESIAN_POINT ( 'NONE',  ( -0.5779458089475173477, 2.150000000000000355, -0.2498559408444721019 ) ) ;
#2106 = DIRECTION ( 'NONE',  ( -0.3349296977015625565, 0.000000000000000000, -0.9422431202176749787 ) ) ;
#2107 = SURFACE_STYLE_FILL_AREA ( #2351 ) ;
#2108 = VECTOR ( 'NONE', #100, 1000.000000000000000 ) ;
#2109 = ORIENTED_EDGE ( 'NONE', *, *, #2568, .T. ) ;
#2110 = COLOUR_RGB ( '',1.000000000000000000, 1.000000000000000000, 1.000000000000000000 ) ;
#2111 = UNCERTAINTY_MEASURE_WITH_UNIT (LENGTH_MEASURE( 1.000000000000000082E-05 ), #6512, 'distance_accuracy_value', 'NONE');
#2112 = CARTESIAN_POINT ( 'NONE',  ( 0.1066570890185963294, 2.151000000000000689, -0.2218133080828646186 ) ) ;
#2113 = DIRECTION ( 'NONE',  ( -0.3492990578015331415, 0.000000000000000000, -0.9370112956730890508 ) ) ;
#2114 = CARTESIAN_POINT ( 'NONE',  ( -0.5908525703183221678, 2.149999999999999911, 0.2358396357562537182 ) ) ;
#2115 = CARTESIAN_POINT ( 'NONE',  ( -0.3850111271474130903, 2.151000000000000689, 0.2775391801131213976 ) ) ;
#2116 = ORIENTED_EDGE ( 'NONE', *, *, #2156, .F. ) ;
#2117 = EDGE_CURVE ( 'NONE', #11360, #8657, #10269, .T. ) ;
#2118 = CARTESIAN_POINT ( 'NONE',  ( -0.6947567487916576079, 2.151000000000000245, -0.08982981060039686716 ) ) ;
#2119 = VERTEX_POINT ( 'NONE', #10161 ) ;
#2120 = CARTESIAN_POINT ( 'NONE',  ( -0.2334819604643279534, 2.151000000000000689, -0.1009073053018266636 ) ) ;
#2121 =( GEOMETRIC_REPRESENTATION_CONTEXT ( 3 ) GLOBAL_UNCERTAINTY_ASSIGNED_CONTEXT ( ( #11597 ) ) GLOBAL_UNIT_ASSIGNED_CONTEXT ( ( #11135, #9291, #4606 ) ) REPRESENTATION_CONTEXT ( 'NONE', 'WORKASPACE' ) );
#2122 =( LENGTH_UNIT ( ) NAMED_UNIT ( * ) SI_UNIT ( .MILLI., .METRE. ) );
#2123 = PRESENTATION_LAYER_ASSIGNMENT (  '', '', ( #5510 ) ) ;
#2124 = EDGE_CURVE ( 'NONE', #5780, #3173, #5484, .T. ) ;
#2125 =( LENGTH_UNIT ( ) NAMED_UNIT ( * ) SI_UNIT ( .MILLI., .METRE. ) );
#2126 = CARTESIAN_POINT ( 'NONE',  ( 0.1043688906615769102, 2.151000000000000689, 0.1008154590923211608 ) ) ;
#2127 =( NAMED_UNIT ( * ) PLANE_ANGLE_UNIT ( ) SI_UNIT ( $, .RADIAN. ) );
#2128 = SURFACE_STYLE_USAGE ( .BOTH. , #10577 ) ;
#2129 = AXIS2_PLACEMENT_3D ( 'NONE', #4141, #6189, #7880 ) ;
#2130 = ORIENTED_EDGE ( 'NONE', *, *, #9918, .T. ) ;
#2131 = SURFACE_SIDE_STYLE ('',( #225 ) ) ;
#2132 = VERTEX_POINT ( 'NONE', #4551 ) ;
#2133 = COLOUR_RGB ( '',1.000000000000000000, 1.000000000000000000, 1.000000000000000000 ) ;
#2134 = FILL_AREA_STYLE_COLOUR ( '', #11739 ) ;
#2135 = VERTEX_POINT ( 'NONE', #2664 ) ;
#2136 = PRESENTATION_STYLE_ASSIGNMENT (( #8790 ) ) ;
#2137 = CARTESIAN_POINT ( 'NONE',  ( 3.649999999999997691, 1.599999999999999867, -4.898587196589411843E-17 ) ) ;
#2138 = DIRECTION ( 'NONE',  ( 1.188166764367676342E-16, -1.000000000000000000, -0.000000000000000000 ) ) ;
#2139 = PRESENTATION_STYLE_ASSIGNMENT (( #7207 ) ) ;
#2140 = ORIENTED_EDGE ( 'NONE', *, *, #4445, .F. ) ;
#2141 = SURFACE_STYLE_FILL_AREA ( #7741 ) ;
#2142 = VERTEX_POINT ( 'NONE', #8274 ) ;
#2143 = EDGE_CURVE ( 'NONE', #10393, #1733, #12021, .T. ) ;
#2144 = CARTESIAN_POINT ( 'NONE',  ( -0.2241276755266178311, 2.150000000000000355, -0.2103302235974524870 ) ) ;
#2145 = FILL_AREA_STYLE_COLOUR ( '', #4617 ) ;
#2146 = DIRECTION ( 'NONE',  ( 1.188166764367676342E-16, -1.000000000000000000, -0.000000000000000000 ) ) ;
#2147 = ORIENTED_EDGE ( 'NONE', *, *, #12163, .F. ) ;
#2148 = VERTEX_POINT ( 'NONE', #9294 ) ;
#2149 = FACE_OUTER_BOUND ( 'NONE', #3258, .T. ) ;
#2150 = AXIS2_PLACEMENT_3D ( 'NONE', #5776, #81, #10508 ) ;
#2151 = STYLED_ITEM ( 'NONE', ( #10132 ), #6678 ) ;
#2152 = VECTOR ( 'NONE', #8398, 1000.000000000000114 ) ;
#2153 = CARTESIAN_POINT ( 'NONE',  ( 0.000000000000000000, -1.800000000000000044, 0.000000000000000000 ) ) ;
#2154 = B_SPLINE_CURVE_WITH_KNOTS ( 'NONE', 3,
 ( #1866, #3853, #8459, #5773 ),
 .UNSPECIFIED., .F., .F.,
 ( 4, 4 ),
 ( 35.00000000000000000, 36.00000000000000000 ),
 .UNSPECIFIED. ) ;
#2155 = DIRECTION ( 'NONE',  ( -0.000000000000000000, -0.000000000000000000, 1.000000000000000000 ) ) ;
#2156 = EDGE_CURVE ( 'NONE', #970, #4743, #8341, .T. ) ;
#2157 = CARTESIAN_POINT ( 'NONE',  ( 0.4828010190767874632, 2.151000000000000689, 0.2312575610334068055 ) ) ;
#2158 = VERTEX_POINT ( 'NONE', #3859 ) ;
#2159 = VECTOR ( 'NONE', #2795, 1000.000000000000000 ) ;
#2160 = CARTESIAN_POINT ( 'NONE',  ( -0.01733093343168436162, 2.151000000000000689, -0.1640488540259005534 ) ) ;
#2161 = VECTOR ( 'NONE', #3322, 1000.000000000000000 ) ;
#2162 = LINE ( 'NONE', #5006, #548 ) ;
#2163 = ORIENTED_EDGE ( 'NONE', *, *, #2719, .T. ) ;
#2164 = B_SPLINE_SURFACE_WITH_KNOTS ( 'NONE', 3, 1, ( 
 ( #4409, #3224 ),
 ( #2479, #9090 ),
 ( #6277, #7966 ),
 ( #1557, #5211 ) ),
 .UNSPECIFIED., .F., .F., .F.,
 ( 4, 4 ),
 ( 2, 2 ),
 ( 4.000000000000000000, 5.000000000000000000 ),
 ( 0.000000000000000000, 1.000000000000000000 ),
 .UNSPECIFIED. ) ;
#2165 = FILL_AREA_STYLE_COLOUR ( '', #11050 ) ;
#2166 = MECHANICAL_DESIGN_GEOMETRIC_PRESENTATION_REPRESENTATION (  '', ( #12182 ), #11979 ) ;
#2167 =( LENGTH_UNIT ( ) NAMED_UNIT ( * ) SI_UNIT ( .MILLI., .METRE. ) );
#2168 = VECTOR ( 'NONE', #9037, 1000.000000000000000 ) ;
#2169 = UNCERTAINTY_MEASURE_WITH_UNIT (LENGTH_MEASURE( 1.000000000000000082E-05 ), #2501, 'distance_accuracy_value', 'NONE');
#2170 = ORIENTED_EDGE ( 'NONE', *, *, #5694, .F. ) ;
#2171 = EDGE_CURVE ( 'NONE', #6637, #383, #4049, .T. ) ;
#2172 = CARTESIAN_POINT ( 'NONE',  ( -0.2438807483190270076, 2.151000000000000689, -0.1300950110839209084 ) ) ;
#2173 = ORIENTED_EDGE ( 'NONE', *, *, #7249, .T. ) ;
#2174 = CARTESIAN_POINT ( 'NONE',  ( 1.151394310051910841, 2.151000000000000689, 0.1564681686824290763 ) ) ;
#2175 =( NAMED_UNIT ( * ) SI_UNIT ( $, .STERADIAN. ) SOLID_ANGLE_UNIT ( ) );
#2176 = CARTESIAN_POINT ( 'NONE',  ( -0.8037541729023482961, 2.151000000000000245, -0.1958290067813817925 ) ) ;
#2177 = COLOUR_RGB ( '',1.000000000000000000, 1.000000000000000000, 1.000000000000000000 ) ;
#2178 = EDGE_LOOP ( 'NONE', ( #1089, #6977, #2417, #5567 ) ) ;
#2179 = SURFACE_STYLE_FILL_AREA ( #2050 ) ;
#2180 = ORIENTED_EDGE ( 'NONE', *, *, #9815, .F. ) ;
#2181 =( LENGTH_UNIT ( ) NAMED_UNIT ( * ) SI_UNIT ( .MILLI., .METRE. ) );
#2182 = ORIENTED_EDGE ( 'NONE', *, *, #11218, .T. ) ;
#2183 = VECTOR ( 'NONE', #5640, 1000.000000000000000 ) ;
#2184 = FILL_AREA_STYLE_COLOUR ( '', #10435 ) ;
#2185 = FILL_AREA_STYLE ('',( #2982 ) ) ;
#2186 = B_SPLINE_SURFACE_WITH_KNOTS ( 'NONE', 3, 1, ( 
 ( #3378, #3746 ),
 ( #7382, #9362 ),
 ( #11193, #11033 ),
 ( #3680, #904 ) ),
 .UNSPECIFIED., .F., .F., .F.,
 ( 4, 4 ),
 ( 2, 2 ),
 ( 10.00000000000000000, 11.00000000000000000 ),
 ( 0.000000000000000000, 1.000000000000000000 ),
 .UNSPECIFIED. ) ;
#2187 = CARTESIAN_POINT ( 'NONE',  ( -0.2844641781314494744, 2.151000000000000689, -0.3161922559700406365 ) ) ;
#2188 = CARTESIAN_POINT ( 'NONE',  ( -0.01321888906727707036, 2.150000000000000355, 0.2017763447232890917 ) ) ;
#2189 =( LENGTH_UNIT ( ) NAMED_UNIT ( * ) SI_UNIT ( .MILLI., .METRE. ) );
#2190 =( LENGTH_UNIT ( ) NAMED_UNIT ( * ) SI_UNIT ( .MILLI., .METRE. ) );
#2191 = PRESENTATION_LAYER_ASSIGNMENT (  '', '', ( #7508 ) ) ;
#2192 = VERTEX_POINT ( 'NONE', #338 ) ;
#2193 = COLOUR_RGB ( '',1.000000000000000000, 1.000000000000000000, 1.000000000000000000 ) ;
#2194 = ORIENTED_EDGE ( 'NONE', *, *, #4703, .T. ) ;
#2195 = CARTESIAN_POINT ( 'NONE',  ( -0.1910984986219687320, 2.151000000000000689, -0.1832695399667357283 ) ) ;
#2196 = LINE ( 'NONE', #6840, #7175 ) ;
#2197 = DIRECTION ( 'NONE',  ( -0.007092178509970644903, -0.000000000000000000, 0.9999748501857347316 ) ) ;
#2198 = ORIENTED_EDGE ( 'NONE', *, *, #3229, .F. ) ;
#2199 = ORIENTED_EDGE ( 'NONE', *, *, #2568, .F. ) ;
#2200 =( LENGTH_UNIT ( ) NAMED_UNIT ( * ) SI_UNIT ( .MILLI., .METRE. ) );
#2201 = ORIENTED_EDGE ( 'NONE', *, *, #476, .T. ) ;
#2202 = PRESENTATION_LAYER_ASSIGNMENT (  '', '', ( #5964 ) ) ;
#2203 = VECTOR ( 'NONE', #2954, 1000.000000000000114 ) ;
#2204 = ORIENTED_EDGE ( 'NONE', *, *, #7700, .T. ) ;
#2205 = EDGE_CURVE ( 'NONE', #6087, #6643, #85, .T. ) ;
#2206 = FILL_AREA_STYLE_COLOUR ( '', #9117 ) ;
#2207 = ADVANCED_FACE ( 'NONE', ( #2237 ), #8582, .F. ) ;
#2208 = ADVANCED_FACE ( 'NONE', ( #11533 ), #9877, .F. ) ;
#2209 = VECTOR ( 'NONE', #1434, 1000.000000000000114 ) ;
#2210 = CARTESIAN_POINT ( 'NONE',  ( 0.1293441777897620659, 2.151000000000000689, 0.2811871714995885507 ) ) ;
#2211 = PRESENTATION_STYLE_ASSIGNMENT (( #6916 ) ) ;
#2212 = LINE ( 'NONE', #2261, #11689 ) ;
#2213 = ORIENTED_EDGE ( 'NONE', *, *, #7495, .T. ) ;
#2214 = CARTESIAN_POINT ( 'NONE',  ( -0.5024100845746103383, 2.151000000000000689, 0.07332478136463065066 ) ) ;
#2215 = STYLED_ITEM ( 'NONE', ( #6208 ), #11525 ) ;
#2216 = CARTESIAN_POINT ( 'NONE',  ( -0.5363432973049192531, 2.151000000000000689, -0.04617911753983044293 ) ) ;
#2217 = ORIENTED_EDGE ( 'NONE', *, *, #1172, .F. ) ;
#2218 = ADVANCED_FACE ( 'NONE', ( #8710, #6883 ), #5967, .T. ) ;
#2219 = SURFACE_STYLE_USAGE ( .BOTH. , #9895 ) ;
#2220 = SURFACE_SIDE_STYLE ('',( #10805 ) ) ;
#2221 = VECTOR ( 'NONE', #7633, 1000.000000000000114 ) ;
#2222 = LINE ( 'NONE', #1119, #3635 ) ;
#2223 = PRESENTATION_STYLE_ASSIGNMENT (( #3147 ) ) ;
#2224 = ORIENTED_EDGE ( 'NONE', *, *, #261, .F. ) ;
#2225 = EDGE_LOOP ( 'NONE', ( #5454, #12122, #7672, #1903 ) ) ;
#2226 = VERTEX_POINT ( 'NONE', #3231 ) ;
#2227 = CARTESIAN_POINT ( 'NONE',  ( -0.4918686220256033303, 2.151000000000000689, 0.1776898870687715903 ) ) ;
#2228 = SURFACE_STYLE_USAGE ( .BOTH. , #7652 ) ;
#2229 = FILL_AREA_STYLE_COLOUR ( '', #4632 ) ;
#2230 = SURFACE_SIDE_STYLE ('',( #330 ) ) ;
#2231 = SURFACE_STYLE_USAGE ( .BOTH. , #518 ) ;
#2232 = ORIENTED_EDGE ( 'NONE', *, *, #3561, .F. ) ;
#2233 = EDGE_CURVE ( 'NONE', #8004, #1594, #5283, .T. ) ;
#2234 = UNCERTAINTY_MEASURE_WITH_UNIT (LENGTH_MEASURE( 1.000000000000000082E-05 ), #2181, 'distance_accuracy_value', 'NONE');
#2235 = AXIS2_PLACEMENT_3D ( 'NONE', #1874, #5783, #6715 ) ;
#2236 = DIRECTION ( 'NONE',  ( 0.000000000000000000, -0.000000000000000000, 1.000000000000000000 ) ) ;
#2237 = FACE_OUTER_BOUND ( 'NONE', #8731, .T. ) ;
#2238 = ORIENTED_EDGE ( 'NONE', *, *, #3649, .T. ) ;
#2239 = CARTESIAN_POINT ( 'NONE',  ( -0.6604253250663800756, 2.149999999999999911, -0.07045429306355742438 ) ) ;
#2240 = LINE ( 'NONE', #5092, #9458 ) ;
#2241 = LINE ( 'NONE', #5226, #11906 ) ;
#2242 = SURFACE_STYLE_FILL_AREA ( #4792 ) ;
#2243 = ORIENTED_EDGE ( 'NONE', *, *, #3976, .F. ) ;
#2244 = CARTESIAN_POINT ( 'NONE',  ( -0.6799501366251712309, 2.151000000000000245, -0.2203216756002523979 ) ) ;
#2245 = EDGE_LOOP ( 'NONE', ( #7900, #4134, #259, #10646 ) ) ;
#2246 = PRESENTATION_STYLE_ASSIGNMENT (( #1333 ) ) ;
#2247 = CARTESIAN_POINT ( 'NONE',  ( 0.9090592128856098686, 2.151000000000000689, -0.3354524631568707171 ) ) ;
#2248 = DIRECTION ( 'NONE',  ( 1.188166764367676342E-16, -1.000000000000000000, -0.000000000000000000 ) ) ;
#2249 = LINE ( 'NONE', #11790, #10406 ) ;
#2250 = ORIENTED_EDGE ( 'NONE', *, *, #11980, .F. ) ;
#2251 =( LENGTH_UNIT ( ) NAMED_UNIT ( * ) SI_UNIT ( .MILLI., .METRE. ) );
#2252 = ORIENTED_EDGE ( 'NONE', *, *, #6004, .F. ) ;
#2253 = VERTEX_POINT ( 'NONE', #1384 ) ;
#2254 = CARTESIAN_POINT ( 'NONE',  ( 3.649999999999997691, 1.599999999999999867, -0.4000000000000000222 ) ) ;
#2255 = CARTESIAN_POINT ( 'NONE',  ( -0.6338918617414532886, 2.151000000000000245, -0.2270655455298175862 ) ) ;
#2256 = LINE ( 'NONE', #300, #7732 ) ;
#2257 = ORIENTED_EDGE ( 'NONE', *, *, #10123, .F. ) ;
#2258 = SURFACE_STYLE_FILL_AREA ( #1415 ) ;
#2259 = CARTESIAN_POINT ( 'NONE',  ( -0.6374052250181796442, 2.150000000000000355, -0.04689588479829748247 ) ) ;
#2260 =( LENGTH_UNIT ( ) NAMED_UNIT ( * ) SI_UNIT ( .MILLI., .METRE. ) );
#2261 = CARTESIAN_POINT ( 'NONE',  ( 1.670000000000000373, -1.800000000000000044, -1.750000000000001110 ) ) ;
#2262 = LINE ( 'NONE', #6060, #10396 ) ;
#2263 =( LENGTH_UNIT ( ) NAMED_UNIT ( * ) SI_UNIT ( .MILLI., .METRE. ) );
#2264 = PRESENTATION_STYLE_ASSIGNMENT (( #10067 ) ) ;
#2266 = EDGE_CURVE ( 'NONE', #1040, #3382, #6509, .T. ) ;
#2265 = PRESENTATION_LAYER_ASSIGNMENT (  '', '', ( #6446 ) ) ;
#2267 = EDGE_LOOP ( 'NONE', ( #7961, #2345, #6813, #7441 ) ) ;
#2268 = EDGE_CURVE ( 'NONE', #7735, #8163, #7071, .T. ) ;
#2269 = CARTESIAN_POINT ( 'NONE',  ( -0.2837832810866011690, 2.151000000000000689, 0.2548619826234488350 ) ) ;
#2270 = EDGE_CURVE ( 'NONE', #426, #2119, #4361, .T. ) ;
#2271 = B_SPLINE_CURVE_WITH_KNOTS ( 'NONE', 3,
 ( #1341, #2313, #7932, #2383, #1520, #7193 ),
 .UNSPECIFIED., .F., .F.,
 ( 4, 2, 4 ),
 ( 2.000000000000000000, 3.000000000000000000, 4.000000000000000000 ),
 .UNSPECIFIED. ) ;
#2272 = CARTESIAN_POINT ( 'NONE',  ( 0.3882810550217855039, 2.150000000000000355, -0.1019982081876329855 ) ) ;
#2273 = ORIENTED_EDGE ( 'NONE', *, *, #3793, .F. ) ;
#2274 = CARTESIAN_POINT ( 'NONE',  ( 0.1307865612851951131, 2.150000000000000355, 0.07781563795318785504 ) ) ;
#2275 = PRESENTATION_LAYER_ASSIGNMENT (  '', '', ( #8187 ) ) ;
#2276 =( NAMED_UNIT ( * ) SI_UNIT ( $, .STERADIAN. ) SOLID_ANGLE_UNIT ( ) );
#2277 = CARTESIAN_POINT ( 'NONE',  ( -0.3366244311453513993, 2.151000000000000689, -0.2700838473171611742 ) ) ;
#2278 = FACE_BOUND ( 'NONE', #6, .T. ) ;
#2279 = UNCERTAINTY_MEASURE_WITH_UNIT (LENGTH_MEASURE( 1.000000000000000082E-05 ), #11804, 'distance_accuracy_value', 'NONE');
#2280 = ORIENTED_EDGE ( 'NONE', *, *, #6849, .F. ) ;
#2281 = FILL_AREA_STYLE_COLOUR ( '', #9995 ) ;
#2282 = ORIENTED_EDGE ( 'NONE', *, *, #2598, .F. ) ;
#2283 = ORIENTED_EDGE ( 'NONE', *, *, #7243, .T. ) ;
#2284 = EDGE_CURVE ( 'NONE', #2362, #4051, #464, .T. ) ;
#2285 = VECTOR ( 'NONE', #11845, 1000.000000000000000 ) ;
#2286 = SURFACE_STYLE_FILL_AREA ( #7718 ) ;
#2287 = CARTESIAN_POINT ( 'NONE',  ( -0.0008703484345951721960, 2.150000000000000355, -0.2198724924707362582 ) ) ;
#2288 = ORIENTED_EDGE ( 'NONE', *, *, #5475, .F. ) ;
#2289 = SURFACE_STYLE_USAGE ( .BOTH. , #4169 ) ;
#2290 = MECHANICAL_DESIGN_GEOMETRIC_PRESENTATION_REPRESENTATION (  '', ( #540 ), #4872 ) ;
#2291 = FILL_AREA_STYLE ('',( #11712 ) ) ;
#2292 = LINE ( 'NONE', #1441, #4701 ) ;
#2293 = CARTESIAN_POINT ( 'NONE',  ( -0.1808918038609488022, 2.151000000000000689, -0.1489882546508755901 ) ) ;
#2294 = ORIENTED_EDGE ( 'NONE', *, *, #4784, .T. ) ;
#2295 =( NAMED_UNIT ( * ) PLANE_ANGLE_UNIT ( ) SI_UNIT ( $, .RADIAN. ) );
#2296 = LINE ( 'NONE', #7176, #4753 ) ;
#2297 = ADVANCED_FACE ( 'NONE', ( #4236 ), #651, .T. ) ;
#2298 =( LENGTH_UNIT ( ) NAMED_UNIT ( * ) SI_UNIT ( .MILLI., .METRE. ) );
#2299 = CARTESIAN_POINT ( 'NONE',  ( -0.2725644113077355657, 2.151000000000000689, -0.3153800097296737825 ) ) ;
#2300 = VECTOR ( 'NONE', #10893, 1000.000000000000000 ) ;
#2301 =( NAMED_UNIT ( * ) SI_UNIT ( $, .STERADIAN. ) SOLID_ANGLE_UNIT ( ) );
#2302 = LINE ( 'NONE', #8035, #10246 ) ;
#2303 = CARTESIAN_POINT ( 'NONE',  ( 0.5910833548267506732, 2.151000000000000689, -0.1526167147773457300 ) ) ;
#2304 = ORIENTED_EDGE ( 'NONE', *, *, #1626, .F. ) ;
#2305 = CARTESIAN_POINT ( 'NONE',  ( -0.6945026966040518390, 2.151000000000000245, -0.2062838242416129286 ) ) ;
#2306 = ORIENTED_EDGE ( 'NONE', *, *, #1098, .T. ) ;
#2307 = B_SPLINE_CURVE_WITH_KNOTS ( 'NONE', 3,
 ( #9892, #6979, #11812, #11752 ),
 .UNSPECIFIED., .F., .F.,
 ( 4, 4 ),
 ( 14.00000000000000000, 15.00000000000000000 ),
 .UNSPECIFIED. ) ;
#2308 = FILL_AREA_STYLE ('',( #8973 ) ) ;
#2309 = CARTESIAN_POINT ( 'NONE',  ( -0.7442627198977462832, 2.151000000000000245, -0.1467451778440389543 ) ) ;
#2310 = VECTOR ( 'NONE', #4142, 1000.000000000000000 ) ;
#2311 = FACE_OUTER_BOUND ( 'NONE', #167, .T. ) ;
#2312 = ORIENTED_EDGE ( 'NONE', *, *, #4499, .T. ) ;
#2313 = CARTESIAN_POINT ( 'NONE',  ( 0.9394549245995591491, 2.151000000000000689, -0.1356857038996636400 ) ) ;
#2314 = ORIENTED_EDGE ( 'NONE', *, *, #11751, .F. ) ;
#2315 = PRODUCT_DEFINITION ( 'Î´Öª', '', #12, #11222 ) ;
#2316 = PRESENTATION_STYLE_ASSIGNMENT (( #7935 ) ) ;
#2317 = LINE ( 'NONE', #10911, #12103 ) ;
#2318 = STYLED_ITEM ( 'NONE', ( #10266 ), #7851 ) ;
#2319 = DIRECTION ( 'NONE',  ( 1.188166764367676342E-16, -1.000000000000000000, -0.000000000000000000 ) ) ;
#2320 = ORIENTED_EDGE ( 'NONE', *, *, #4464, .T. ) ;
#2321 = STYLED_ITEM ( 'NONE', ( #7144 ), #10426 ) ;
#2322 = PRESENTATION_LAYER_ASSIGNMENT (  '', '', ( #11359 ) ) ;
#2323 = EDGE_CURVE ( 'NONE', #465, #11196, #5349, .T. ) ;
#2324 = SURFACE_STYLE_USAGE ( .BOTH. , #2456 ) ;
#2325 = SURFACE_STYLE_USAGE ( .BOTH. , #4268 ) ;
#2326 = SURFACE_SIDE_STYLE ('',( #4325 ) ) ;
#2327 = LINE ( 'NONE', #1476, #5337 ) ;
#2328 = PRESENTATION_LAYER_ASSIGNMENT (  '', '', ( #8616 ) ) ;
#2329 = CARTESIAN_POINT ( 'NONE',  ( -0.1223542074387614503, 2.151000000000000689, 0.1005591772538788897 ) ) ;
#2330 =( NAMED_UNIT ( * ) PLANE_ANGLE_UNIT ( ) SI_UNIT ( $, .RADIAN. ) );
#2331 = ORIENTED_EDGE ( 'NONE', *, *, #9863, .F. ) ;
#2332 = SURFACE_STYLE_FILL_AREA ( #8129 ) ;
#2333 = B_SPLINE_CURVE_WITH_KNOTS ( 'NONE', 3,
 ( #288, #6900, #422, #4061 ),
 .UNSPECIFIED., .F., .F.,
 ( 4, 4 ),
 ( 5.000000000000000000, 6.000000000000000000 ),
 .UNSPECIFIED. ) ;
#2334 =( LENGTH_UNIT ( ) NAMED_UNIT ( * ) SI_UNIT ( .MILLI., .METRE. ) );
#2335 = CARTESIAN_POINT ( 'NONE',  ( 1.151394310051910841, 2.151000000000000689, 0.1564681686824290763 ) ) ;
#2336 = STYLED_ITEM ( 'NONE', ( #6108 ), #8516 ) ;
#2337 = EDGE_CURVE ( 'NONE', #7587, #2874, #1683, .T. ) ;
#2338 = EDGE_CURVE ( 'NONE', #6176, #4563, #7530, .T. ) ;
#2339 = CARTESIAN_POINT ( 'NONE',  ( -0.01583697266715013846, 2.151000000000000689, -0.1108013141079788877 ) ) ;
#2340 = CARTESIAN_POINT ( 'NONE',  ( -0.7548041824439889469, 2.151000000000000245, -0.2511102835467768912 ) ) ;
#2341 = FILL_AREA_STYLE ('',( #8817 ) ) ;
#2342 = VERTEX_POINT ( 'NONE', #9157 ) ;
#2343 = AXIS2_PLACEMENT_3D ( 'NONE', #6465, #7467, #9337 ) ;
#2344 = B_SPLINE_CURVE_WITH_KNOTS ( 'NONE', 3,
 ( #211, #7537, #7722, #3857, #6822, #2051 ),
 .UNSPECIFIED., .F., .F.,
 ( 4, 2, 4 ),
 ( 2.000000000000000000, 3.000000000000000000, 4.000000000000000000 ),
 .UNSPECIFIED. ) ;
#2345 = ORIENTED_EDGE ( 'NONE', *, *, #4378, .F. ) ;
#2346 = STYLED_ITEM ( 'NONE', ( #7632 ), #6744 ) ;
#2347 = ORIENTED_EDGE ( 'NONE', *, *, #2482, .F. ) ;
#2348 = CARTESIAN_POINT ( 'NONE',  ( 1.106251918391773614, 2.151000000000000689, 0.2009747379192239336 ) ) ;
#2349 = CARTESIAN_POINT ( 'NONE',  ( -0.03893227278817461279, 2.150000000000000355, -0.2263811456218288443 ) ) ;
#2350 = FILL_AREA_STYLE_COLOUR ( '', #11858 ) ;
#2351 = FILL_AREA_STYLE ('',( #6590 ) ) ;
#2352 = VECTOR ( 'NONE', #12090, 1000.000000000000000 ) ;
#2353 = ORIENTED_EDGE ( 'NONE', *, *, #12046, .T. ) ;
#2354 = UNCERTAINTY_MEASURE_WITH_UNIT (LENGTH_MEASURE( 1.000000000000000082E-05 ), #2611, 'distance_accuracy_value', 'NONE');
#2355 = PRESENTATION_LAYER_ASSIGNMENT (  '', '', ( #12182 ) ) ;
#2356 =( GEOMETRIC_REPRESENTATION_CONTEXT ( 3 ) GLOBAL_UNCERTAINTY_ASSIGNED_CONTEXT ( ( #8207 ) ) GLOBAL_UNIT_ASSIGNED_CONTEXT ( ( #4455, #10399, #8190 ) ) REPRESENTATION_CONTEXT ( 'NONE', 'WORKASPACE' ) );
#2357 = EDGE_CURVE ( 'NONE', #5148, #4160, #5649, .T. ) ;
#2358 = DIRECTION ( 'NONE',  ( -1.000000000000000000, 0.000000000000000000, -0.000000000000000000 ) ) ;
#2359 = ADVANCED_FACE ( 'NONE', ( #6349 ), #9341, .F. ) ;
#2360 =( NAMED_UNIT ( * ) SI_UNIT ( $, .STERADIAN. ) SOLID_ANGLE_UNIT ( ) );
#2361 = DIRECTION ( 'NONE',  ( 0.3451999324343005826, 0.000000000000000000, -0.9385291719746137185 ) ) ;
#2362 = VERTEX_POINT ( 'NONE', #2652 ) ;
#2363 = DIRECTION ( 'NONE',  ( -0.007092178509962869873, -0.000000000000000000, 0.9999748501857348426 ) ) ;
#2364 = DIRECTION ( 'NONE',  ( -0.9919892169122311865, 0.000000000000000000, 0.1263225772768208077 ) ) ;
#2365 = LINE ( 'NONE', #8964, #8094 ) ;
#2366 = B_SPLINE_CURVE_WITH_KNOTS ( 'NONE', 3,
 ( #4045, #1931, #7777, #210 ),
 .UNSPECIFIED., .F., .F.,
 ( 4, 4 ),
 ( 3.000000000000000000, 4.000000000000000000 ),
 .UNSPECIFIED. ) ;
#2367 =( GEOMETRIC_REPRESENTATION_CONTEXT ( 3 ) GLOBAL_UNCERTAINTY_ASSIGNED_CONTEXT ( ( #10314 ) ) GLOBAL_UNIT_ASSIGNED_CONTEXT ( ( #830, #2715, #2175 ) ) REPRESENTATION_CONTEXT ( 'NONE', 'WORKASPACE' ) );
#2368 = SURFACE_STYLE_USAGE ( .BOTH. , #11540 ) ;
#2369 = DIRECTION ( 'NONE',  ( 1.188166764367676342E-16, -1.000000000000000000, -0.000000000000000000 ) ) ;
#2370 = UNCERTAINTY_MEASURE_WITH_UNIT (LENGTH_MEASURE( 1.000000000000000082E-05 ), #3260, 'distance_accuracy_value', 'NONE');
#2371 = SURFACE_STYLE_USAGE ( .BOTH. , #1453 ) ;
#2372 = VERTEX_POINT ( 'NONE', #7471 ) ;
#2373 = EDGE_CURVE ( 'NONE', #3716, #2751, #827, .T. ) ;
#2374 = CARTESIAN_POINT ( 'NONE',  ( -0.03370338690747813615, 2.151000000000000689, -0.1866243091502914619 ) ) ;
#2375 = MECHANICAL_DESIGN_GEOMETRIC_PRESENTATION_REPRESENTATION (  '', ( #10093 ), #10658 ) ;
#2376 = ORIENTED_EDGE ( 'NONE', *, *, #8174, .F. ) ;
#2377 = FILL_AREA_STYLE ('',( #8726 ) ) ;
#2378 = CARTESIAN_POINT ( 'NONE',  ( -0.7336187334742199084, 2.151000000000000245, -0.2034418969342010330 ) ) ;
#2379 = CARTESIAN_POINT ( 'NONE',  ( 3.649999999999997691, 1.599999999999999867, -4.898587196589411843E-17 ) ) ;
#2380 = SURFACE_STYLE_FILL_AREA ( #600 ) ;
#2381 = CARTESIAN_POINT ( 'NONE',  ( -0.8503688307904905264, 2.151000000000000245, -0.08864594207410315951 ) ) ;
#2382 = ORIENTED_EDGE ( 'NONE', *, *, #8356, .F. ) ;
#2383 = CARTESIAN_POINT ( 'NONE',  ( 0.9661075954270886834, 2.151000000000000689, -0.2237041425484865009 ) ) ;
#2384 = EDGE_LOOP ( 'NONE', ( #2063, #129, #2439, #11573, #9430, #9234, #5270, #4737, #7807, #7347, #9823, #9725 ) ) ;
#2385 = DIRECTION ( 'NONE',  ( -0.9999748501857353977, 0.000000000000000000, -0.007092178509881082865 ) ) ;
#2386 = VERTEX_POINT ( 'NONE', #12009 ) ;
#2387 =( LENGTH_UNIT ( ) NAMED_UNIT ( * ) SI_UNIT ( .MILLI., .METRE. ) );
#2388 = PLANE ( 'NONE',  #9190 ) ;
#2389 =( NAMED_UNIT ( * ) SI_UNIT ( $, .STERADIAN. ) SOLID_ANGLE_UNIT ( ) );
#2390 =( GEOMETRIC_REPRESENTATION_CONTEXT ( 3 ) GLOBAL_UNCERTAINTY_ASSIGNED_CONTEXT ( ( #3279 ) ) GLOBAL_UNIT_ASSIGNED_CONTEXT ( ( #9974, #1496, #3412 ) ) REPRESENTATION_CONTEXT ( 'NONE', 'WORKASPACE' ) );
#2391 = ORIENTED_EDGE ( 'NONE', *, *, #4915, .F. ) ;
#2392 = CARTESIAN_POINT ( 'NONE',  ( -0.4642585817192438347, 2.151000000000000689, 0.1771578584808927992 ) ) ;
#2393 = EDGE_CURVE ( 'NONE', #5798, #11060, #8328, .T. ) ;
#2394 = LINE ( 'NONE', #6185, #8970 ) ;
#2395 = CARTESIAN_POINT ( 'NONE',  ( 1.106251918391773614, 2.150000000000000355, 0.2009747379192239336 ) ) ;
#2396 = PLANE ( 'NONE',  #11971 ) ;
#2397 =( NAMED_UNIT ( * ) PLANE_ANGLE_UNIT ( ) SI_UNIT ( $, .RADIAN. ) );
#2398 = CARTESIAN_POINT ( 'NONE',  ( -3.669999999999997708, 1.800000000000000044, 0.000000000000000000 ) ) ;
#2399 = VECTOR ( 'NONE', #1079, 1000.000000000000000 ) ;
#2400 =( NAMED_UNIT ( * ) PLANE_ANGLE_UNIT ( ) SI_UNIT ( $, .RADIAN. ) );
#2401 = COLOUR_RGB ( '',0.7725490196078431682, 0.6823529411764706065, 0.3686274509803921795 ) ;
#2402 = SURFACE_STYLE_FILL_AREA ( #7097 ) ;
#2403 = ORIENTED_EDGE ( 'NONE', *, *, #8831, .T. ) ;
#2404 = PLANE ( 'NONE',  #217 ) ;
#2405 = SURFACE_SIDE_STYLE ('',( #6263 ) ) ;
#2406 = CARTESIAN_POINT ( 'NONE',  ( -0.4576776305806099510, 2.150000000000000355, -0.06901633405737875315 ) ) ;
#2407 = COLOUR_RGB ( '',1.000000000000000000, 1.000000000000000000, 1.000000000000000000 ) ;
#2408 = CARTESIAN_POINT ( 'NONE',  ( 0.1293441777897620659, 2.150000000000000355, 0.2811871714995885507 ) ) ;
#2409 = STYLED_ITEM ( 'NONE', ( #1349 ), #4843 ) ;
#2410 = LINE ( 'NONE', #4153, #5720 ) ;
#2411 = LINE ( 'NONE', #385, #8541 ) ;
#2412 = DIRECTION ( 'NONE',  ( 1.188166764367676342E-16, -1.000000000000000000, -0.000000000000000000 ) ) ;
#2413 = PLANE ( 'NONE',  #1555 ) ;
#2414 = VERTEX_POINT ( 'NONE', #3658 ) ;
#2415 = DIRECTION ( 'NONE',  ( 0.000000000000000000, -0.000000000000000000, -1.000000000000000000 ) ) ;
#2416 = EDGE_LOOP ( 'NONE', ( #4064, #1329, #4106, #5082, #7394, #9786, #10427, #9342 ) ) ;
#2417 = ORIENTED_EDGE ( 'NONE', *, *, #6398, .F. ) ;
#2418 = VECTOR ( 'NONE', #11288, 1000.000000000000000 ) ;
#2419 = CARTESIAN_POINT ( 'NONE',  ( -0.4644385109487370600, 2.151000000000000689, 0.2025273135860955476 ) ) ;
#2420 = CARTESIAN_POINT ( 'NONE',  ( -0.7444765702114890527, 2.151000000000000245, -0.1165929566123915656 ) ) ;
#2421 = FILL_AREA_STYLE_COLOUR ( '', #11164 ) ;
#2422 = ORIENTED_EDGE ( 'NONE', *, *, #6535, .T. ) ;
#2423 = STYLED_ITEM ( 'NONE', ( #11923 ), #11684 ) ;
#2424 = CARTESIAN_POINT ( 'NONE',  ( -3.649999999999997691, -2.149999999999999911, 1.750000000000000000 ) ) ;
#2425 = SURFACE_STYLE_USAGE ( .BOTH. , #7124 ) ;
#2426 = STYLED_ITEM ( 'NONE', ( #3189 ), #5862 ) ;
#2427 = CARTESIAN_POINT ( 'NONE',  ( -0.01303748500803551813, 2.151000000000000689, 0.1761989432650036547 ) ) ;
#2428 = EDGE_LOOP ( 'NONE', ( #10349, #10798, #1521, #2938 ) ) ;
#2429 = LINE ( 'NONE', #8900, #11633 ) ;
#2430 = FILL_AREA_STYLE ('',( #10949 ) ) ;
#2431 = CARTESIAN_POINT ( 'NONE',  ( -0.4567124078855685498, 2.151000000000000689, 0.1320847501444628036 ) ) ;
#2432 = ADVANCED_FACE ( 'NONE', ( #8208 ), #10318, .F. ) ;
#2433 = EDGE_CURVE ( 'NONE', #4344, #5985, #3681, .T. ) ;
#2434 = EDGE_CURVE ( 'NONE', #2831, #10495, #2099, .T. ) ;
#2435 = DIRECTION ( 'NONE',  ( 0.9999748501857348426, -0.000000000000000000, 0.007092178509963830910 ) ) ;
#2436 = CARTESIAN_POINT ( 'NONE',  ( -0.3368784740510142872, 2.151000000000000689, -0.2122736549726954025 ) ) ;
#2437 = CARTESIAN_POINT ( 'NONE',  ( -0.1693673788884486608, 2.150000000000000355, -0.1099146168151994701 ) ) ;
#2438 = AXIS2_PLACEMENT_3D ( 'NONE', #10402, #5917, #1210 ) ;
#2439 = ORIENTED_EDGE ( 'NONE', *, *, #3579, .T. ) ;
#2440 = DIRECTION ( 'NONE',  ( 1.188166764367676342E-16, -1.000000000000000000, -0.000000000000000000 ) ) ;
#2441 = FACE_OUTER_BOUND ( 'NONE', #10851, .T. ) ;
#2442 = CARTESIAN_POINT ( 'NONE',  ( 0.4376689645126785044, 2.151000000000000689, 0.07042886397419197142 ) ) ;
#2443 = FACE_OUTER_BOUND ( 'NONE', #12117, .T. ) ;
#2444 = LINE ( 'NONE', #4373, #250 ) ;
#2445 = CARTESIAN_POINT ( 'NONE',  ( 0.2990319926721324850, 2.151000000000000689, 0.04486318991804937734 ) ) ;
#2446 = ORIENTED_EDGE ( 'NONE', *, *, #931, .T. ) ;
#2447 = SURFACE_STYLE_FILL_AREA ( #10716 ) ;
#2448 = ORIENTED_EDGE ( 'NONE', *, *, #2908, .T. ) ;
#2449 = COLOUR_RGB ( '',1.000000000000000000, 1.000000000000000000, 1.000000000000000000 ) ;
#2450 = DIRECTION ( 'NONE',  ( 1.188166764367676342E-16, -1.000000000000000000, -0.000000000000000000 ) ) ;
#2451 = EDGE_CURVE ( 'NONE', #7705, #6207, #6196, .T. ) ;
#2452 = DIRECTION ( 'NONE',  ( 0.9999748501857348426, 1.188136882194236709E-16, 0.007092178509967527605 ) ) ;
#2453 = VECTOR ( 'NONE', #11880, 1000.000000000000000 ) ;
#2454 = AXIS2_PLACEMENT_3D ( 'NONE', #5252, #6256, #8235 ) ;
#2455 = VERTEX_POINT ( 'NONE', #5955 ) ;
#2456 = SURFACE_SIDE_STYLE ('',( #4267 ) ) ;
#2457 = CARTESIAN_POINT ( 'NONE',  ( -0.2176754415752549798, 2.151000000000000689, -0.1964553339650816910 ) ) ;
#2458 =( GEOMETRIC_REPRESENTATION_CONTEXT ( 3 ) GLOBAL_UNCERTAINTY_ASSIGNED_CONTEXT ( ( #11996 ) ) GLOBAL_UNIT_ASSIGNED_CONTEXT ( ( #11617, #6960, #9802 ) ) REPRESENTATION_CONTEXT ( 'NONE', 'WORKASPACE' ) );
#2459 = LINE ( 'NONE', #4209, #2310 ) ;
#2460 = SURFACE_STYLE_FILL_AREA ( #8183 ) ;
#2461 = ORIENTED_EDGE ( 'NONE', *, *, #11261, .F. ) ;
#2462 = EDGE_CURVE ( 'NONE', #6643, #8730, #11330, .T. ) ;
#2463 = FILL_AREA_STYLE ('',( #10868 ) ) ;
#2464 = LINE ( 'NONE', #4150, #8283 ) ;
#2465 = B_SPLINE_SURFACE_WITH_KNOTS ( 'NONE', 3, 1, ( 
 ( #9126, #6496 ),
 ( #8122, #9247 ),
 ( #3567, #4567 ),
 ( #12037, #5440 ) ),
 .UNSPECIFIED., .F., .F., .F.,
 ( 4, 4 ),
 ( 2, 2 ),
 ( 2.000000000000000000, 3.000000000000000000 ),
 ( 0.000000000000000000, 1.000000000000000000 ),
 .UNSPECIFIED. ) ;
#2466 =( LENGTH_UNIT ( ) NAMED_UNIT ( * ) SI_UNIT ( .MILLI., .METRE. ) );
#2467 = COLOUR_RGB ( '',0.6470588235294117974, 0.6196078431372549211, 0.5882352941176470784 ) ;
#2468 = DIRECTION ( 'NONE',  ( 0.007092178509958830569, -0.000000000000000000, -0.9999748501857349536 ) ) ;
#2469 = DIRECTION ( 'NONE',  ( 0.007092178509963383351, 0.000000000000000000, -0.9999748501857348426 ) ) ;
#2470 = B_SPLINE_CURVE_WITH_KNOTS ( 'NONE', 3,
 ( #11109, #11882, #9199, #2638 ),
 .UNSPECIFIED., .F., .F.,
 ( 4, 4 ),
 ( 4.000000000000000000, 5.000000000000000000 ),
 .UNSPECIFIED. ) ;
#2471 = ORIENTED_EDGE ( 'NONE', *, *, #2623, .T. ) ;
#2472 = ORIENTED_EDGE ( 'NONE', *, *, #3175, .F. ) ;
#2473 = CARTESIAN_POINT ( 'NONE',  ( -0.8884403252923248617, 2.151000000000000245, -0.1964296311970459841 ) ) ;
#2474 = ORIENTED_EDGE ( 'NONE', *, *, #7392, .T. ) ;
#2475 =( LENGTH_UNIT ( ) NAMED_UNIT ( * ) SI_UNIT ( .MILLI., .METRE. ) );
#2476 = EDGE_CURVE ( 'NONE', #3251, #465, #8086, .T. ) ;
#2477 = CARTESIAN_POINT ( 'NONE',  ( -0.6604253250663800756, 2.151000000000000245, -0.07045429306355742438 ) ) ;
#2478 = DIRECTION ( 'NONE',  ( 0.000000000000000000, -0.000000000000000000, -1.000000000000000000 ) ) ;
#2479 = CARTESIAN_POINT ( 'NONE',  ( -0.06465014829889578762, 2.151000000000000689, -0.2287470925135225430 ) ) ;
#2480 = ORIENTED_EDGE ( 'NONE', *, *, #7631, .T. ) ;
#2481 = UNCERTAINTY_MEASURE_WITH_UNIT (LENGTH_MEASURE( 1.000000000000000082E-05 ), #1670, 'distance_accuracy_value', 'NONE');
#2482 = EDGE_CURVE ( 'NONE', #2804, #5945, #5317, .T. ) ;
#2483 = LINE ( 'NONE', #1620, #3903 ) ;
#2484 = LINE ( 'NONE', #944, #4697 ) ;
#2485 = FACE_OUTER_BOUND ( 'NONE', #9501, .T. ) ;
#2486 = APPLICATION_PROTOCOL_DEFINITION ( 'draft international standard', 'automotive_design', 1998, #1326 ) ;
#2487 =( NAMED_UNIT ( * ) SI_UNIT ( $, .STERADIAN. ) SOLID_ANGLE_UNIT ( ) );
#2488 = CARTESIAN_POINT ( 'NONE',  ( -0.1384560667873216688, 2.151000000000000689, 0.2744008514786819841 ) ) ;
#2489 = B_SPLINE_CURVE_WITH_KNOTS ( 'NONE', 3,
 ( #9169, #3436, #11670, #1576 ),
 .UNSPECIFIED., .F., .F.,
 ( 4, 4 ),
 ( 17.00000000000000000, 18.00000000000000000 ),
 .UNSPECIFIED. ) ;
#2490 = COLOUR_RGB ( '',1.000000000000000000, 1.000000000000000000, 1.000000000000000000 ) ;
#2491 = ORIENTED_EDGE ( 'NONE', *, *, #10275, .T. ) ;
#2492 = FILL_AREA_STYLE ('',( #9460 ) ) ;
#2493 = DIRECTION ( 'NONE',  ( -0.007092178509962038073, -0.000000000000000000, 0.9999748501857348426 ) ) ;
#2494 = EDGE_CURVE ( 'NONE', #105, #10840, #11519, .T. ) ;
#2495 = CARTESIAN_POINT ( 'NONE',  ( -3.649999999999998579, 2.149999999999999911, -1.750000000000000000 ) ) ;
#2496 = CARTESIAN_POINT ( 'NONE',  ( -0.1631411335872916812, 2.151000000000000689, -0.2474338900848724876 ) ) ;
#2497 = CARTESIAN_POINT ( 'NONE',  ( 0.3526758101960192904, 2.151000000000000689, -0.1788899421805487944 ) ) ;
#2498 = ORIENTED_EDGE ( 'NONE', *, *, #4117, .T. ) ;
#2499 = VERTEX_POINT ( 'NONE', #9590 ) ;
#2500 = UNCERTAINTY_MEASURE_WITH_UNIT (LENGTH_MEASURE( 1.000000000000000082E-05 ), #8892, 'distance_accuracy_value', 'NONE');
#2501 =( LENGTH_UNIT ( ) NAMED_UNIT ( * ) SI_UNIT ( .MILLI., .METRE. ) );
#2502 = CARTESIAN_POINT ( 'NONE',  ( 0.5700298596376432991, 2.151000000000000689, -0.2424194488938681002 ) ) ;
#2503 = DIRECTION ( 'NONE',  ( 1.188166764367676342E-16, -1.000000000000000000, -0.000000000000000000 ) ) ;
#2504 = ORIENTED_EDGE ( 'NONE', *, *, #7038, .T. ) ;
#2505 = DIRECTION ( 'NONE',  ( -0.007092178509967527605, -0.000000000000000000, 0.9999748501857348426 ) ) ;
#2506 = ORIENTED_EDGE ( 'NONE', *, *, #6832, .T. ) ;
#2507 = CARTESIAN_POINT ( 'NONE',  ( -0.03370338690747813615, 2.151000000000000689, -0.1866243091502914619 ) ) ;
#2508 = DIRECTION ( 'NONE',  ( -0.007092178509962576705, -0.000000000000000000, 0.9999748501857348426 ) ) ;
#2509 = CARTESIAN_POINT ( 'NONE',  ( -0.8432466681890891103, 2.151000000000000245, -0.08859542915516649408 ) ) ;
#2510 = EDGE_CURVE ( 'NONE', #475, #11279, #7590, .T. ) ;
#2511 = CARTESIAN_POINT ( 'NONE',  ( -0.1223542074387614503, 2.150000000000000355, 0.1005591772538788897 ) ) ;
#2512 = FACE_OUTER_BOUND ( 'NONE', #1175, .T. ) ;
#2513 = VERTEX_POINT ( 'NONE', #2961 ) ;
#2514 = FACE_OUTER_BOUND ( 'NONE', #2178, .T. ) ;
#2515 = STYLED_ITEM ( 'NONE', ( #8123 ), #6890 ) ;
#2516 = COLOUR_RGB ( '',1.000000000000000000, 1.000000000000000000, 1.000000000000000000 ) ;
#2517 = FILL_AREA_STYLE ('',( #6325 ) ) ;
#2518 = SURFACE_STYLE_FILL_AREA ( #12108 ) ;
#2519 = STYLED_ITEM ( 'NONE', ( #9187 ), #579 ) ;
#2520 =( GEOMETRIC_REPRESENTATION_CONTEXT ( 3 ) GLOBAL_UNCERTAINTY_ASSIGNED_CONTEXT ( ( #8394 ) ) GLOBAL_UNIT_ASSIGNED_CONTEXT ( ( #10994, #6011, #6142 ) ) REPRESENTATION_CONTEXT ( 'NONE', 'WORKASPACE' ) );
#2521 = EDGE_CURVE ( 'NONE', #3391, #3727, #11278, .T. ) ;
#2522 = CARTESIAN_POINT ( 'NONE',  ( -0.08072253193853282105, 2.151000000000000689, 0.07288425256004332775 ) ) ;
#2523 =( NAMED_UNIT ( * ) PLANE_ANGLE_UNIT ( ) SI_UNIT ( $, .RADIAN. ) );
#2524 = CARTESIAN_POINT ( 'NONE',  ( -0.2070447495069421551, 2.151000000000000689, -0.1193319379601541635 ) ) ;
#2525 = EDGE_LOOP ( 'NONE', ( #5668, #6631 ) ) ;
#2526 = EDGE_LOOP ( 'NONE', ( #7419, #8080, #9798, #2713, #11731, #4959 ) ) ;
#2527 = CARTESIAN_POINT ( 'NONE',  ( 0.9691737913716207409, 2.150000000000000355, -0.04437537249888652557 ) ) ;
#2528 = LINE ( 'NONE', #3531, #9940 ) ;
#2529 = VECTOR ( 'NONE', #8496, 1000.000000000000000 ) ;
#2530 = CARTESIAN_POINT ( 'NONE',  ( -0.2070447495069421551, 2.151000000000000689, -0.1193319379601541635 ) ) ;
#2531 = EDGE_CURVE ( 'NONE', #10718, #761, #7711, .T. ) ;
#2532 = MECHANICAL_DESIGN_GEOMETRIC_PRESENTATION_REPRESENTATION (  '', ( #2346 ), #7278 ) ;
#2533 =( NAMED_UNIT ( * ) SI_UNIT ( $, .STERADIAN. ) SOLID_ANGLE_UNIT ( ) );
#2534 =( NAMED_UNIT ( * ) PLANE_ANGLE_UNIT ( ) SI_UNIT ( $, .RADIAN. ) );
#2535 = UNCERTAINTY_MEASURE_WITH_UNIT (LENGTH_MEASURE( 1.000000000000000082E-05 ), #6061, 'distance_accuracy_value', 'NONE');
#2536 = CARTESIAN_POINT ( 'NONE',  ( -0.09208247626273287356, 2.151000000000000689, -0.2239506888535458817 ) ) ;
#2537 =( LENGTH_UNIT ( ) NAMED_UNIT ( * ) SI_UNIT ( .MILLI., .METRE. ) );
#2538 = FILL_AREA_STYLE_COLOUR ( '', #3529 ) ;
#2539 =( NAMED_UNIT ( * ) PLANE_ANGLE_UNIT ( ) SI_UNIT ( $, .RADIAN. ) );
#2540 = DIRECTION ( 'NONE',  ( -0.9999748501857348426, -0.000000000000000000, -0.007092178509965691401 ) ) ;
#2541 = STYLED_ITEM ( 'NONE', ( #3166 ), #3025 ) ;
#2542 = CARTESIAN_POINT ( 'NONE',  ( -0.1790932907537494401, 2.150000000000000355, -0.1386816366930572753 ) ) ;
#2543 = MECHANICAL_DESIGN_GEOMETRIC_PRESENTATION_REPRESENTATION (  '', ( #11216 ), #11043 ) ;
#2544 = CARTESIAN_POINT ( 'NONE',  ( 0.6118086270373731539, 2.150000000000000355, -0.2204327858977469246 ) ) ;
#2545 = SURFACE_STYLE_USAGE ( .BOTH. , #6419 ) ;
#2546 = CARTESIAN_POINT ( 'NONE',  ( -0.7442627198977462832, 2.151000000000000245, -0.1467451778440389543 ) ) ;
#2547 = CARTESIAN_POINT ( 'NONE',  ( 0.7989002566522885873, 2.150000000000000355, -0.09474780794363978076 ) ) ;
#2548 = CARTESIAN_POINT ( 'NONE',  ( -0.04672251470035235221, 2.150000000000000355, -0.2495196030782849683 ) ) ;
#2549 = VECTOR ( 'NONE', #2073, 1000.000000000000114 ) ;
#2550 = VERTEX_POINT ( 'NONE', #4953 ) ;
#2551 = FACE_OUTER_BOUND ( 'NONE', #7201, .T. ) ;
#2552 = PRESENTATION_LAYER_ASSIGNMENT (  '', '', ( #993 ) ) ;
#2553 = B_SPLINE_CURVE_WITH_KNOTS ( 'NONE', 3,
 ( #1372, #8700, #6872, #3153 ),
 .UNSPECIFIED., .F., .F.,
 ( 4, 4 ),
 ( 11.00000000000000000, 12.00000000000000000 ),
 .UNSPECIFIED. ) ;
#2554 = LINE ( 'NONE', #9299, #868 ) ;
#2555 = B_SPLINE_SURFACE_WITH_KNOTS ( 'NONE', 3, 1, ( 
 ( #10552, #9523 ),
 ( #3845, #11581 ),
 ( #6010, #126 ),
 ( #5885, #11392 ) ),
 .UNSPECIFIED., .F., .F., .F.,
 ( 4, 4 ),
 ( 2, 2 ),
 ( 14.00000000000000000, 15.00000000000000000 ),
 ( 0.000000000000000000, 1.000000000000000000 ),
 .UNSPECIFIED. ) ;
#2556 = CARTESIAN_POINT ( 'NONE',  ( -0.1910984986219687320, 2.150000000000000355, -0.1832695399667357283 ) ) ;
#2557 = CARTESIAN_POINT ( 'NONE',  ( -0.6374052250181796442, 2.150000000000000355, -0.04689588479829748247 ) ) ;
#2558 = DIRECTION ( 'NONE',  ( 0.9999748501857348426, 1.188136882194236462E-16, 0.007092178509965026134 ) ) ;
#2559 = COLOUR_RGB ( '',1.000000000000000000, 1.000000000000000000, 1.000000000000000000 ) ;
#2560 = ORIENTED_EDGE ( 'NONE', *, *, #6222, .F. ) ;
#2561 = SURFACE_SIDE_STYLE ('',( #12036 ) ) ;
#2562 = FILL_AREA_STYLE ('',( #3451 ) ) ;
#2563 = PLANE ( 'NONE',  #11566 ) ;
#2564 = CARTESIAN_POINT ( 'NONE',  ( -0.09192319464974493815, 2.151000000000000689, -0.2464088950114305121 ) ) ;
#2565 = VERTEX_POINT ( 'NONE', #2836 ) ;
#2566 = STYLED_ITEM ( 'NONE', ( #3927 ), #12100 ) ;
#2567 = PRESENTATION_STYLE_ASSIGNMENT (( #2689 ) ) ;
#2568 = EDGE_CURVE ( 'NONE', #6746, #6337, #11032, .T. ) ;
#2569 = LINE ( 'NONE', #3577, #7583 ) ;
#2570 = EDGE_CURVE ( 'NONE', #5127, #9928, #1919, .T. ) ;
#2571 = CARTESIAN_POINT ( 'NONE',  ( -0.2241276755266178311, 2.150000000000000355, -0.2103302235974524870 ) ) ;
#2572 = ADVANCED_FACE ( 'NONE', ( #1065 ), #10854, .F. ) ;
#2573 = MECHANICAL_DESIGN_GEOMETRIC_PRESENTATION_REPRESENTATION (  '', ( #5165 ), #12010 ) ;
#2574 = CARTESIAN_POINT ( 'NONE',  ( -0.2086087507596197932, 2.150000000000000355, -0.2506677580386075244 ) ) ;
#2575 = FILL_AREA_STYLE ('',( #8307 ) ) ;
#2576 = FILL_AREA_STYLE ('',( #4400 ) ) ;
#2577 =( NAMED_UNIT ( * ) PLANE_ANGLE_UNIT ( ) SI_UNIT ( $, .RADIAN. ) );
#2578 = SURFACE_STYLE_FILL_AREA ( #4403 ) ;
#2579 = ORIENTED_EDGE ( 'NONE', *, *, #7546, .T. ) ;
#2580 = CARTESIAN_POINT ( 'NONE',  ( -0.2133343776762899879, 2.151000000000000689, -0.1927853013572263241 ) ) ;
#2581 = CARTESIAN_POINT ( 'NONE',  ( 0.4998448380643135125, 2.150000000000000355, 0.07086983745883435049 ) ) ;
#2582 = VECTOR ( 'NONE', #11885, 1000.000000000000000 ) ;
#2583 = AXIS2_PLACEMENT_3D ( 'NONE', #4822, #3019, #11389 ) ;
#2584 = ADVANCED_FACE ( 'NONE', ( #8949 ), #8819, .F. ) ;
#2585 =( LENGTH_UNIT ( ) NAMED_UNIT ( * ) SI_UNIT ( .MILLI., .METRE. ) );
#2586 = DIRECTION ( 'NONE',  ( 0.000000000000000000, -0.000000000000000000, 1.000000000000000000 ) ) ;
#2587 = PRESENTATION_STYLE_ASSIGNMENT (( #2644 ) ) ;
#2588 = VERTEX_POINT ( 'NONE', #10021 ) ;
#2589 = UNCERTAINTY_MEASURE_WITH_UNIT (LENGTH_MEASURE( 1.000000000000000082E-05 ), #6400, 'distance_accuracy_value', 'NONE');
#2590 = SURFACE_STYLE_FILL_AREA ( #7415 ) ;
#2591 = DIRECTION ( 'NONE',  ( -1.000000000000000000, -1.188166764367676342E-16, 0.000000000000000000 ) ) ;
#2592 = ORIENTED_EDGE ( 'NONE', *, *, #1479, .F. ) ;
#2593 = LINE ( 'NONE', #11015, #4498 ) ;
#2594 = DIRECTION ( 'NONE',  ( 1.188166764367676342E-16, -1.000000000000000000, -0.000000000000000000 ) ) ;
#2595 = ORIENTED_EDGE ( 'NONE', *, *, #3949, .F. ) ;
#2596 = SURFACE_STYLE_USAGE ( .BOTH. , #11432 ) ;
#2597 = CARTESIAN_POINT ( 'NONE',  ( -0.1937789552779724811, 2.151000000000000689, -0.09854614928598712242 ) ) ;
#2598 = EDGE_CURVE ( 'NONE', #6046, #4330, #7046, .T. ) ;
#2599 = PLANE ( 'NONE',  #2048 ) ;
#2600 =( NAMED_UNIT ( * ) PLANE_ANGLE_UNIT ( ) SI_UNIT ( $, .RADIAN. ) );
#2601 = PRESENTATION_LAYER_ASSIGNMENT (  '', '', ( #255 ) ) ;
#2602 = PRESENTATION_STYLE_ASSIGNMENT (( #893 ) ) ;
#2603 = UNCERTAINTY_MEASURE_WITH_UNIT (LENGTH_MEASURE( 1.000000000000000082E-05 ), #2466, 'distance_accuracy_value', 'NONE');
#2604 = ORIENTED_EDGE ( 'NONE', *, *, #6464, .F. ) ;
#2605 = LINE ( 'NONE', #4304, #3096 ) ;
#2606 = CARTESIAN_POINT ( 'NONE',  ( 1.151394310051910841, 2.150000000000000355, 0.1564681686824290763 ) ) ;
#2607 = CARTESIAN_POINT ( 'NONE',  ( -0.02148431712206320607, 2.150000000000000355, -0.2454934037274740244 ) ) ;
#2608 = CARTESIAN_POINT ( 'NONE',  ( -0.6338918617414532886, 2.151000000000000245, -0.2270655455298175862 ) ) ;
#2609 = EDGE_LOOP ( 'NONE', ( #9674, #4885, #825, #4556 ) ) ;
#2610 = SURFACE_STYLE_FILL_AREA ( #11571 ) ;
#2611 =( LENGTH_UNIT ( ) NAMED_UNIT ( * ) SI_UNIT ( .MILLI., .METRE. ) );
#2612 =( GEOMETRIC_REPRESENTATION_CONTEXT ( 3 ) GLOBAL_UNCERTAINTY_ASSIGNED_CONTEXT ( ( #8623 ) ) GLOBAL_UNIT_ASSIGNED_CONTEXT ( ( #7513, #174, #983 ) ) REPRESENTATION_CONTEXT ( 'NONE', 'WORKASPACE' ) );
#2613 = CARTESIAN_POINT ( 'NONE',  ( -0.2775511480698864553, 2.151000000000000689, 0.1898157005592643332 ) ) ;
#2614 = CARTESIAN_POINT ( 'NONE',  ( 0.1330747596422149626, 2.151000000000000689, -0.2448131292220020461 ) ) ;
#2615 = CARTESIAN_POINT ( 'NONE',  ( -0.09225650617322353475, 2.151000000000000689, -0.1994130191620575587 ) ) ;
#2616 = CARTESIAN_POINT ( 'NONE',  ( 0.9090592128856098686, 2.151000000000000689, -0.3354524631568707171 ) ) ;
#2617 = EDGE_LOOP ( 'NONE', ( #791, #6990, #11444, #11382 ) ) ;
#2618 =( NAMED_UNIT ( * ) SI_UNIT ( $, .STERADIAN. ) SOLID_ANGLE_UNIT ( ) );
#2619 = CARTESIAN_POINT ( 'NONE',  ( -0.8337065825514518025, 2.151000000000000245, -0.04828812408223098762 ) ) ;
#2620 = FACE_OUTER_BOUND ( 'NONE', #5927, .T. ) ;
#2621 = MECHANICAL_DESIGN_GEOMETRIC_PRESENTATION_REPRESENTATION (  '', ( #8325 ), #5005 ) ;
#2622 = CARTESIAN_POINT ( 'NONE',  ( -3.049999999999998934, 2.149999999999999911, 1.750000000000000000 ) ) ;
#2623 = EDGE_CURVE ( 'NONE', #10243, #3801, #6015, .T. ) ;
#2624 =( NAMED_UNIT ( * ) SI_UNIT ( $, .STERADIAN. ) SOLID_ANGLE_UNIT ( ) );
#2625 = FACE_OUTER_BOUND ( 'NONE', #652, .T. ) ;
#2626 = ORIENTED_EDGE ( 'NONE', *, *, #6313, .F. ) ;
#2627 = VECTOR ( 'NONE', #2440, 1000.000000000000000 ) ;
#2628 = VECTOR ( 'NONE', #6124, 1000.000000000000000 ) ;
#2629 = CARTESIAN_POINT ( 'NONE',  ( -0.4920824723393360522, 2.150000000000000355, 0.2078421082990356550 ) ) ;
#2630 = DIRECTION ( 'NONE',  ( 1.188166764367676342E-16, -1.000000000000000000, -0.000000000000000000 ) ) ;
#2631 = STYLED_ITEM ( 'NONE', ( #7423 ), #5462 ) ;
#2632 = SURFACE_STYLE_USAGE ( .BOTH. , #2757 ) ;
#2633 = VECTOR ( 'NONE', #8165, 1000.000000000000000 ) ;
#2634 = CARTESIAN_POINT ( 'NONE',  ( 0.7125636461717117509, 2.150000000000000355, 0.2531314573857857964 ) ) ;
#2635 = EDGE_CURVE ( 'NONE', #8004, #7412, #5074, .T. ) ;
#2636 = EDGE_CURVE ( 'NONE', #3382, #6988, #1490, .T. ) ;
#2637 = ADVANCED_FACE ( 'NONE', ( #4159 ), #7828, .T. ) ;
#2638 = CARTESIAN_POINT ( 'NONE',  ( -0.08121396209516698605, 2.151000000000000689, -0.2170110306316229976 ) ) ;
#2639 = EDGE_LOOP ( 'NONE', ( #6561, #10786, #2391, #9872 ) ) ;
#2640 = CARTESIAN_POINT ( 'NONE',  ( 0.9069978902406599097, 2.150000000000000355, -0.04481634617913134166 ) ) ;
#2641 = ORIENTED_EDGE ( 'NONE', *, *, #7925, .F. ) ;
#2642 = CARTESIAN_POINT ( 'NONE',  ( 0.5041826794457952010, 2.150000000000000355, 0.07090060297800684919 ) ) ;
#2643 = B_SPLINE_CURVE_WITH_KNOTS ( 'NONE', 3,
 ( #5486, #841, #8343, #9233 ),
 .UNSPECIFIED., .F., .F.,
 ( 4, 4 ),
 ( 3.000000000000000000, 4.000000000000000000 ),
 .UNSPECIFIED. ) ;
#2644 = SURFACE_STYLE_USAGE ( .BOTH. , #10193 ) ;
#2645 = VERTEX_POINT ( 'NONE', #6574 ) ;
#2646 = FILL_AREA_STYLE_COLOUR ( '', #10054 ) ;
#2647 = FILL_AREA_STYLE ('',( #3537 ) ) ;
#2648 = ORIENTED_EDGE ( 'NONE', *, *, #6741, .F. ) ;
#2649 = DIRECTION ( 'NONE',  ( 0.000000000000000000, 0.000000000000000000, 1.000000000000000000 ) ) ;
#2650 = EDGE_CURVE ( 'NONE', #4918, #9901, #9327, .T. ) ;
#2651 = B_SPLINE_SURFACE_WITH_KNOTS ( 'NONE', 3, 1, ( 
 ( #11106, #2634 ),
 ( #7281, #6853 ),
 ( #6626, #8613 ),
 ( #5687, #10541 ) ),
 .UNSPECIFIED., .F., .F., .F.,
 ( 4, 4 ),
 ( 2, 2 ),
 ( 21.00000000000000000, 22.00000000000000000 ),
 ( 0.000000000000000000, 1.000000000000000000 ),
 .UNSPECIFIED. ) ;
#2652 = CARTESIAN_POINT ( 'NONE',  ( -0.6043634795704344587, 2.151000000000000245, -0.2268561197053296785 ) ) ;
#2653 =( LENGTH_UNIT ( ) NAMED_UNIT ( * ) SI_UNIT ( .MILLI., .METRE. ) );
#2654 = PRESENTATION_STYLE_ASSIGNMENT (( #11127 ) ) ;
#2655 = PRESENTATION_STYLE_ASSIGNMENT (( #8389 ) ) ;
#2656 = VECTOR ( 'NONE', #6421, 1000.000000000000000 ) ;
#2657 = PRESENTATION_STYLE_ASSIGNMENT (( #9161 ) ) ;
#2658 = CARTESIAN_POINT ( 'NONE',  ( 1.090469624761132295, 2.150000000000000355, -0.2242680689654359683 ) ) ;
#2659 = CARTESIAN_POINT ( 'NONE',  ( -0.06340580595147962684, 2.150000000000000355, -0.1183131993103883756 ) ) ;
#2660 = VECTOR ( 'NONE', #4317, 1000.000000000000000 ) ;
#2661 = DIRECTION ( 'NONE',  ( 0.000000000000000000, -0.000000000000000000, 1.000000000000000000 ) ) ;
#2662 = CARTESIAN_POINT ( 'NONE',  ( -0.06774914243383861612, 2.151000000000000689, 0.2595135260326419946 ) ) ;
#2663 = EDGE_CURVE ( 'NONE', #2996, #3251, #5452, .T. ) ;
#2664 = CARTESIAN_POINT ( 'NONE',  ( -0.05840844745475751859, 2.150000000000000355, -0.1778573832820175837 ) ) ;
#2665 = VECTOR ( 'NONE', #11685, 1000.000000000000000 ) ;
#2666 = DIRECTION ( 'NONE',  ( 1.188166764367676342E-16, -1.000000000000000000, -0.000000000000000000 ) ) ;
#2667 = CARTESIAN_POINT ( 'NONE',  ( -0.09032349259495267568, 2.151000000000000689, 0.2830604974062453927 ) ) ;
#2668 = ORIENTED_EDGE ( 'NONE', *, *, #2077, .T. ) ;
#2669 = DIRECTION ( 'NONE',  ( -1.000000000000000000, 0.000000000000000000, 0.000000000000000000 ) ) ;
#2670 = CARTESIAN_POINT ( 'NONE',  ( -0.2070447495069421551, 2.150000000000000355, -0.1193319379601541635 ) ) ;
#2671 = SURFACE_SIDE_STYLE ('',( #10910 ) ) ;
#2672 = VECTOR ( 'NONE', #6230, 1000.000000000000114 ) ;
#2673 = CARTESIAN_POINT ( 'NONE',  ( -0.7838126987322984185, 2.151000000000000245, -0.2513160222968941482 ) ) ;
#2674 = SURFACE_STYLE_FILL_AREA ( #5310 ) ;
#2675 = VERTEX_POINT ( 'NONE', #4524 ) ;
#2676 = SURFACE_STYLE_FILL_AREA ( #1587 ) ;
#2677 = ORIENTED_EDGE ( 'NONE', *, *, #11622, .T. ) ;
#2678 = FACE_OUTER_BOUND ( 'NONE', #9243, .T. ) ;
#2679 =( NAMED_UNIT ( * ) SI_UNIT ( $, .STERADIAN. ) SOLID_ANGLE_UNIT ( ) );
#2680 = LINE ( 'NONE', #3504, #1568 ) ;
#2681 = EDGE_CURVE ( 'NONE', #698, #7013, #7465, .T. ) ;
#2682 =( NAMED_UNIT ( * ) SI_UNIT ( $, .STERADIAN. ) SOLID_ANGLE_UNIT ( ) );
#2683 = STYLED_ITEM ( 'NONE', ( #9826 ), #9808 ) ;
#2684 = FILL_AREA_STYLE ('',( #11869 ) ) ;
#2685 = VERTEX_POINT ( 'NONE', #10136 ) ;
#2686 = CARTESIAN_POINT ( 'NONE',  ( 0.01474253058880173328, 2.150000000000000355, 0.1443706197947063341 ) ) ;
#2687 = CARTESIAN_POINT ( 'NONE',  ( -0.7838126987322977524, 2.150000000000000355, -0.2513160222968944812 ) ) ;
#2688 = ORIENTED_EDGE ( 'NONE', *, *, #414, .T. ) ;
#2689 = SURFACE_STYLE_USAGE ( .BOTH. , #8239 ) ;
#2690 = DIRECTION ( 'NONE',  ( -0.9999748501857348426, 0.000000000000000000, -0.007092178509963748510 ) ) ;
#2691 = MECHANICAL_DESIGN_GEOMETRIC_PRESENTATION_REPRESENTATION (  '', ( #4097 ), #747 ) ;
#2692 = STYLED_ITEM ( 'NONE', ( #9094 ), #10016 ) ;
#2693 = CARTESIAN_POINT ( 'NONE',  ( -0.5813124846806851931, 2.151000000000000689, 0.2761469408291877814 ) ) ;
#2694 = CARTESIAN_POINT ( 'NONE',  ( 1.128843637412553003, 2.151000000000000689, 0.07388497511032043885 ) ) ;
#2695 = COLOUR_RGB ( '',1.000000000000000000, 1.000000000000000000, 1.000000000000000000 ) ;
#2696 =( NAMED_UNIT ( * ) SI_UNIT ( $, .STERADIAN. ) SOLID_ANGLE_UNIT ( ) );
#2697 = ORIENTED_EDGE ( 'NONE', *, *, #11302, .F. ) ;
#2698 = ORIENTED_EDGE ( 'NONE', *, *, #2650, .F. ) ;
#2699 = CARTESIAN_POINT ( 'NONE',  ( -0.4617083008344677331, 2.151000000000000689, 0.2500648090583760808 ) ) ;
#2700 = UNCERTAINTY_MEASURE_WITH_UNIT (LENGTH_MEASURE( 1.000000000000000082E-05 ), #2585, 'distance_accuracy_value', 'NONE');
#2701 = MECHANICAL_DESIGN_GEOMETRIC_PRESENTATION_REPRESENTATION (  '', ( #7446 ), #10033 ) ;
#2702 = ADVANCED_FACE ( 'NONE', ( #7344 ), #11933, .T. ) ;
#2703 = CARTESIAN_POINT ( 'NONE',  ( -0.2837832810866011690, 2.151000000000000689, 0.2548619826234488350 ) ) ;
#2704 = MECHANICAL_DESIGN_GEOMETRIC_PRESENTATION_REPRESENTATION (  '', ( #8616 ), #9439 ) ;
#2705 = ORIENTED_EDGE ( 'NONE', *, *, #349, .F. ) ;
#2706 = UNCERTAINTY_MEASURE_WITH_UNIT (LENGTH_MEASURE( 1.000000000000000082E-05 ), #11243, 'distance_accuracy_value', 'NONE');
#2707 = PLANE ( 'NONE',  #6352 ) ;
#2708 = CARTESIAN_POINT ( 'NONE',  ( -0.01322029427561530190, 2.151000000000000689, -0.2378443686416419900 ) ) ;
#2709 = CARTESIAN_POINT ( 'NONE',  ( 0.8530978292671465013, 2.150000000000000355, -0.1926931192775404311 ) ) ;
#2710 = ORIENTED_EDGE ( 'NONE', *, *, #2756, .F. ) ;
#2711 = CARTESIAN_POINT ( 'NONE',  ( -0.2220596593291072063, 2.150000000000000355, -0.09874672613197567339 ) ) ;
#2712 = SURFACE_SIDE_STYLE ('',( #6409 ) ) ;
#2713 = ORIENTED_EDGE ( 'NONE', *, *, #11040, .F. ) ;
#2714 = PRESENTATION_STYLE_ASSIGNMENT (( #1565 ) ) ;
#2715 =( NAMED_UNIT ( * ) PLANE_ANGLE_UNIT ( ) SI_UNIT ( $, .RADIAN. ) );
#2716 = VECTOR ( 'NONE', #10810, 1000.000000000000000 ) ;
#2717 = FILL_AREA_STYLE_COLOUR ( '', #5289 ) ;
#2718 =( NAMED_UNIT ( * ) PLANE_ANGLE_UNIT ( ) SI_UNIT ( $, .RADIAN. ) );
#2719 = EDGE_CURVE ( 'NONE', #1937, #1785, #2470, .T. ) ;
#2720 = FACE_OUTER_BOUND ( 'NONE', #780, .T. ) ;
#2721 = CARTESIAN_POINT ( 'NONE',  ( 0.9073055194178603067, 2.150000000000000355, 0.1156944538472038930 ) ) ;
#2722 = EDGE_CURVE ( 'NONE', #1123, #9627, #3523, .T. ) ;
#2723 = EDGE_CURVE ( 'NONE', #4081, #3943, #436, .T. ) ;
#2724 = AXIS2_PLACEMENT_3D ( 'NONE', #8212, #8338, #2661 ) ;
#2725 = UNCERTAINTY_MEASURE_WITH_UNIT (LENGTH_MEASURE( 1.000000000000000082E-05 ), #5628, 'distance_accuracy_value', 'NONE');
#2726 = B_SPLINE_CURVE_WITH_KNOTS ( 'NONE', 3,
 ( #2984, #6774, #6716, #5731 ),
 .UNSPECIFIED., .F., .F.,
 ( 4, 4 ),
 ( 3.000000000000000000, 4.000000000000000000 ),
 .UNSPECIFIED. ) ;
#2727 =( LENGTH_UNIT ( ) NAMED_UNIT ( * ) SI_UNIT ( .MILLI., .METRE. ) );
#2728 =( NAMED_UNIT ( * ) SI_UNIT ( $, .STERADIAN. ) SOLID_ANGLE_UNIT ( ) );
#2729 = DIRECTION ( 'NONE',  ( 0.9999748501857348426, -0.000000000000000000, 0.007092178509962387620 ) ) ;
#2730 =( NAMED_UNIT ( * ) PLANE_ANGLE_UNIT ( ) SI_UNIT ( $, .RADIAN. ) );
#2731 = LINE ( 'NONE', #1701, #11651 ) ;
#2732 = ORIENTED_EDGE ( 'NONE', *, *, #11560, .T. ) ;
#2733 =( NAMED_UNIT ( * ) PLANE_ANGLE_UNIT ( ) SI_UNIT ( $, .RADIAN. ) );
#2734 = PLANE ( 'NONE',  #9864 ) ;
#2735 = CARTESIAN_POINT ( 'NONE',  ( -0.7166526795886228873, 2.151000000000000245, -0.1472772064305161166 ) ) ;
#2736 = VECTOR ( 'NONE', #4873, 1000.000000000000114 ) ;
#2737 = CARTESIAN_POINT ( 'NONE',  ( 0.5607286650431523300, 2.151000000000000689, -0.1542780025432169133 ) ) ;
#2738 = CARTESIAN_POINT ( 'NONE',  ( 0.9846177179837275473, 2.150000000000000355, 0.2246944621440921941 ) ) ;
#2739 = CARTESIAN_POINT ( 'NONE',  ( -0.4315903218202884473, 2.150000000000000355, -0.04543617205330258146 ) ) ;
#2740 = EDGE_CURVE ( 'NONE', #7705, #2588, #12055, .T. ) ;
#2741 = ORIENTED_EDGE ( 'NONE', *, *, #1894, .T. ) ;
#2742 = ORIENTED_EDGE ( 'NONE', *, *, #6535, .F. ) ;
#2743 = PRESENTATION_LAYER_ASSIGNMENT (  '', '', ( #8068 ) ) ;
#2744 = DIRECTION ( 'NONE',  ( 0.9370112956751693867, 1.113325679358329867E-16, -0.3492990577959528276 ) ) ;
#2745 = VECTOR ( 'NONE', #472, 1000.000000000000000 ) ;
#2746 = ORIENTED_EDGE ( 'NONE', *, *, #2570, .T. ) ;
#2747 = CARTESIAN_POINT ( 'NONE',  ( -0.09257801905871622383, 2.151000000000000689, -0.1540807141373466138 ) ) ;
#2748 = DIRECTION ( 'NONE',  ( -0.007092178509964117139, -8.426690792502033393E-19, 0.9999748501857348426 ) ) ;
#2749 = VERTEX_POINT ( 'NONE', #11160 ) ;
#2750 = LINE ( 'NONE', #6500, #751 ) ;
#2751 = VERTEX_POINT ( 'NONE', #4641 ) ;
#2752 = DIRECTION ( 'NONE',  ( 0.3216389368451695319, -0.000000000000000000, 0.9468623945986601731 ) ) ;
#2753 = CARTESIAN_POINT ( 'NONE',  ( -0.4606589594673863308, 2.151000000000000689, 0.1021109786709008538 ) ) ;
#2754 = AXIS2_PLACEMENT_3D ( 'NONE', #10940, #11769, #3472 ) ;
#2755 = MECHANICAL_DESIGN_GEOMETRIC_PRESENTATION_REPRESENTATION (  '', ( #9275 ), #6545 ) ;
#2756 = EDGE_CURVE ( 'NONE', #11363, #512, #12115, .T. ) ;
#2757 = SURFACE_SIDE_STYLE ('',( #2518 ) ) ;
#2758 =( NAMED_UNIT ( * ) SI_UNIT ( $, .STERADIAN. ) SOLID_ANGLE_UNIT ( ) );
#2759 = SURFACE_STYLE_USAGE ( .BOTH. , #5633 ) ;
#2760 = CARTESIAN_POINT ( 'NONE',  ( 0.7634078470259882954, 2.151000000000000689, -0.1875450612629959435 ) ) ;
#2761 = UNCERTAINTY_MEASURE_WITH_UNIT (LENGTH_MEASURE( 1.000000000000000082E-05 ), #9868, 'distance_accuracy_value', 'NONE');
#2762 = DIRECTION ( 'NONE',  ( 0.007092178509963919381, 8.426690792501798430E-19, -0.9999748501857348426 ) ) ;
#2763 = CARTESIAN_POINT ( 'NONE',  ( 3.649999999999997691, 1.599999999999999867, -4.898587196589411843E-17 ) ) ;
#2764 = VERTEX_POINT ( 'NONE', #9390 ) ;
#2765 = SURFACE_STYLE_USAGE ( .BOTH. , #3836 ) ;
#2766 = SURFACE_STYLE_USAGE ( .BOTH. , #874 ) ;
#2767 = B_SPLINE_CURVE_WITH_KNOTS ( 'NONE', 3,
 ( #3201, #4997, #310, #11084 ),
 .UNSPECIFIED., .F., .F.,
 ( 4, 4 ),
 ( 5.000000000000000000, 6.000000000000000000 ),
 .UNSPECIFIED. ) ;
#2768 = CARTESIAN_POINT ( 'NONE',  ( -0.9377969733660995733, 2.151000000000000245, -0.2524081337267239933 ) ) ;
#2769 = COLOUR_RGB ( '',1.000000000000000000, 1.000000000000000000, 1.000000000000000000 ) ;
#2770 = VECTOR ( 'NONE', #11131, 1000.000000000000000 ) ;
#2771 = CARTESIAN_POINT ( 'NONE',  ( -0.2502946274135723903, 2.150000000000000355, -0.2080203271987442759 ) ) ;
#2772 = PRESENTATION_STYLE_ASSIGNMENT (( #8508 ) ) ;
#2773 = UNCERTAINTY_MEASURE_WITH_UNIT (LENGTH_MEASURE( 1.000000000000000082E-05 ), #1745, 'distance_accuracy_value', 'NONE');
#2774 = ORIENTED_EDGE ( 'NONE', *, *, #936, .T. ) ;
#2775 = PRESENTATION_STYLE_ASSIGNMENT (( #5647 ) ) ;
#2776 =( NAMED_UNIT ( * ) SI_UNIT ( $, .STERADIAN. ) SOLID_ANGLE_UNIT ( ) );
#2777 = ORIENTED_EDGE ( 'NONE', *, *, #11993, .F. ) ;
#2778 = VECTOR ( 'NONE', #9483, 1000.000000000000000 ) ;
#2779 = SURFACE_STYLE_USAGE ( .BOTH. , #10258 ) ;
#2780 = PRESENTATION_LAYER_ASSIGNMENT (  '', '', ( #2977 ) ) ;
#2781 = PRESENTATION_STYLE_ASSIGNMENT (( #2903 ) ) ;
#2782 = PLANE ( 'NONE',  #728 ) ;
#2783 = SURFACE_STYLE_FILL_AREA ( #8461 ) ;
#2784 =( GEOMETRIC_REPRESENTATION_CONTEXT ( 3 ) GLOBAL_UNCERTAINTY_ASSIGNED_CONTEXT ( ( #11945 ) ) GLOBAL_UNIT_ASSIGNED_CONTEXT ( ( #4818, #12118, #3896 ) ) REPRESENTATION_CONTEXT ( 'NONE', 'WORKASPACE' ) );
#2785 =( NAMED_UNIT ( * ) SI_UNIT ( $, .STERADIAN. ) SOLID_ANGLE_UNIT ( ) );
#2786 = CARTESIAN_POINT ( 'NONE',  ( -0.03258885742592490531, 2.150000000000000355, 0.1180403270323975573 ) ) ;
#2787 = CARTESIAN_POINT ( 'NONE',  ( 0.4400070412800634045, 2.150000000000000355, 0.1485307119745221671 ) ) ;
#2788 = DIRECTION ( 'NONE',  ( 1.188166764367676342E-16, -1.000000000000000000, -0.000000000000000000 ) ) ;
#2789 = EDGE_CURVE ( 'NONE', #2764, #970, #6336, .T. ) ;
#2790 = SURFACE_STYLE_FILL_AREA ( #4838 ) ;
#2791 = LINE ( 'NONE', #3741, #7414 ) ;
#2792 = ORIENTED_EDGE ( 'NONE', *, *, #6920, .F. ) ;
#2793 = CARTESIAN_POINT ( 'NONE',  ( -0.7442627198977462832, 2.151000000000000245, -0.1467451778440389543 ) ) ;
#2794 = EDGE_CURVE ( 'NONE', #1787, #1454, #5692, .T. ) ;
#2795 = DIRECTION ( 'NONE',  ( 1.188166764367676342E-16, -1.000000000000000000, -0.000000000000000000 ) ) ;
#2796 = EDGE_CURVE ( 'NONE', #4469, #7388, #929, .T. ) ;
#2797 = PRESENTATION_STYLE_ASSIGNMENT (( #5555 ) ) ;
#2798 = STYLED_ITEM ( 'NONE', ( #4671 ), #11440 ) ;
#2799 = B_SPLINE_CURVE_WITH_KNOTS ( 'NONE', 3,
 ( #3796, #4664, #7367, #11283 ),
 .UNSPECIFIED., .F., .F.,
 ( 4, 4 ),
 ( 11.00000000000000000, 12.00000000000000000 ),
 .UNSPECIFIED. ) ;
#2800 =( LENGTH_UNIT ( ) NAMED_UNIT ( * ) SI_UNIT ( .MILLI., .METRE. ) );
#2801 = PRESENTATION_STYLE_ASSIGNMENT (( #8538 ) ) ;
#2802 = PLANE ( 'NONE',  #6135 ) ;
#2803 = CARTESIAN_POINT ( 'NONE',  ( 0.3878605918180507706, 2.150000000000000355, -0.04271421969628785842 ) ) ;
#2804 = VERTEX_POINT ( 'NONE', #8618 ) ;
#2805 = ORIENTED_EDGE ( 'NONE', *, *, #1029, .T. ) ;
#2806 =( GEOMETRIC_REPRESENTATION_CONTEXT ( 3 ) GLOBAL_UNCERTAINTY_ASSIGNED_CONTEXT ( ( #1855 ) ) GLOBAL_UNIT_ASSIGNED_CONTEXT ( ( #5693, #11998, #6452 ) ) REPRESENTATION_CONTEXT ( 'NONE', 'WORKASPACE' ) );
#2807 = CARTESIAN_POINT ( 'NONE',  ( 0.03344263295702128158, 2.151000000000000689, -0.1539147795460688584 ) ) ;
#2808 = ORIENTED_EDGE ( 'NONE', *, *, #6343, .F. ) ;
#2809 = CARTESIAN_POINT ( 'NONE',  ( 0.000000000000000000, 0.000000000000000000, 1.739999999999999991 ) ) ;
#2810 = VERTEX_POINT ( 'NONE', #117 ) ;
#2811 =( LENGTH_UNIT ( ) NAMED_UNIT ( * ) SI_UNIT ( .MILLI., .METRE. ) );
#2812 = EDGE_CURVE ( 'NONE', #1123, #4798, #4021, .T. ) ;
#2813 = ORIENTED_EDGE ( 'NONE', *, *, #4350, .T. ) ;
#2814 = CARTESIAN_POINT ( 'NONE',  ( -0.08072253193853282105, 2.151000000000000689, 0.07288425256004332775 ) ) ;
#2815 = CARTESIAN_POINT ( 'NONE',  ( -0.1791962239488290587, 2.151000000000000689, 0.2789988928581211280 ) ) ;
#2816 = CARTESIAN_POINT ( 'NONE',  ( 0.3876452314234437035, 2.151000000000000689, -0.2162385164833446893 ) ) ;
#2817 = CARTESIAN_POINT ( 'NONE',  ( 0.5172782460321342368, 2.151000000000000689, 0.2633146077990298206 ) ) ;
#2818 = B_SPLINE_CURVE_WITH_KNOTS ( 'NONE', 3,
 ( #8292, #12038, #4448, #6497 ),
 .UNSPECIFIED., .F., .F.,
 ( 4, 4 ),
 ( 16.00000000000000000, 17.00000000000000000 ),
 .UNSPECIFIED. ) ;
#2819 = PRESENTATION_STYLE_ASSIGNMENT (( #4015 ) ) ;
#2820 = LINE ( 'NONE', #8930, #8842 ) ;
#2821 = FILL_AREA_STYLE_COLOUR ( '', #564 ) ;
#2822 = EDGE_CURVE ( 'NONE', #113, #3818, #4695, .T. ) ;
#2823 = CARTESIAN_POINT ( 'NONE',  ( 0.5172782460321342368, 2.151000000000000689, 0.2633146077990298206 ) ) ;
#2824 = SURFACE_STYLE_FILL_AREA ( #930 ) ;
#2825 = ORIENTED_EDGE ( 'NONE', *, *, #4866, .F. ) ;
#2826 = MECHANICAL_DESIGN_GEOMETRIC_PRESENTATION_REPRESENTATION (  '', ( #8152 ), #9751 ) ;
#2827 = UNCERTAINTY_MEASURE_WITH_UNIT (LENGTH_MEASURE( 1.000000000000000082E-05 ), #3852, 'distance_accuracy_value', 'NONE');
#2828 = DIRECTION ( 'NONE',  ( 0.007092178509962332109, 0.000000000000000000, -0.9999748501857348426 ) ) ;
#2829 =( GEOMETRIC_REPRESENTATION_CONTEXT ( 3 ) GLOBAL_UNCERTAINTY_ASSIGNED_CONTEXT ( ( #6855 ) ) GLOBAL_UNIT_ASSIGNED_CONTEXT ( ( #5188, #10979, #4386 ) ) REPRESENTATION_CONTEXT ( 'NONE', 'WORKASPACE' ) );
#2830 = CARTESIAN_POINT ( 'NONE',  ( 1.151394310051910841, 2.151000000000000689, 0.1564681686824290763 ) ) ;
#2831 = VERTEX_POINT ( 'NONE', #6856 ) ;
#2832 = CARTESIAN_POINT ( 'NONE',  ( -0.7166526795886228873, 2.149999999999999911, -0.1472772064305161166 ) ) ;
#2833 = LINE ( 'NONE', #7246, #2627 ) ;
#2834 = SURFACE_SIDE_STYLE ('',( #8381 ) ) ;
#2835 = ORIENTED_EDGE ( 'NONE', *, *, #3631, .T. ) ;
#2836 = CARTESIAN_POINT ( 'NONE',  ( -0.5793881924429501451, 2.150000000000000355, -0.04648440729807293975 ) ) ;
#2837 = VERTEX_POINT ( 'NONE', #2086 ) ;
#2838 = CARTESIAN_POINT ( 'NONE',  ( 0.1330747596422149626, 2.151000000000000689, -0.2448131292220020461 ) ) ;
#2839 = CARTESIAN_POINT ( 'NONE',  ( 0.01429418234482157657, 2.151000000000000689, 0.2075863112039371683 ) ) ;
#2840 =( NAMED_UNIT ( * ) SI_UNIT ( $, .STERADIAN. ) SOLID_ANGLE_UNIT ( ) );
#2841 = SURFACE_STYLE_USAGE ( .BOTH. , #78 ) ;
#2842 = CARTESIAN_POINT ( 'NONE',  ( 0.4998448380643135125, 2.151000000000000689, 0.07086983745883435049 ) ) ;
#2843 = ADVANCED_FACE ( 'NONE', ( #5943 ), #5348, .F. ) ;
#2844 = UNCERTAINTY_MEASURE_WITH_UNIT (LENGTH_MEASURE( 1.000000000000000082E-05 ), #6437, 'distance_accuracy_value', 'NONE');
#2845 = DIRECTION ( 'NONE',  ( -0.007092178509963953208, -8.426690792501838874E-19, 0.9999748501857348426 ) ) ;
#2846 = CARTESIAN_POINT ( 'NONE',  ( -0.2779647519489253926, 2.150000000000000355, -0.2943106943194061520 ) ) ;
#2847 = MECHANICAL_DESIGN_GEOMETRIC_PRESENTATION_REPRESENTATION (  '', ( #3267 ), #1870 ) ;
#2848 = CARTESIAN_POINT ( 'NONE',  ( -0.1519518509115981575, 2.150000000000000355, -0.2417396977382124390 ) ) ;
#2849 = CARTESIAN_POINT ( 'NONE',  ( 0.9120125493759101420, 2.150000000000000355, 0.2675602265108162903 ) ) ;
#2850 = CARTESIAN_POINT ( 'NONE',  ( -0.2208211954146127587, 2.150000000000000355, -0.1194296454310889710 ) ) ;
#2851 = CARTESIAN_POINT ( 'NONE',  ( -0.6338918617414531775, 2.151000000000000245, -0.2270655455298175585 ) ) ;
#2852 = B_SPLINE_SURFACE_WITH_KNOTS ( 'NONE', 3, 1, ( 
 ( #6986, #3520 ),
 ( #11530, #10450 ),
 ( #2909, #6706 ),
 ( #1013, #8707 ) ),
 .UNSPECIFIED., .F., .F., .F.,
 ( 4, 4 ),
 ( 2, 2 ),
 ( 24.00000000000000000, 25.00000000000000000 ),
 ( 0.000000000000000000, 1.000000000000000000 ),
 .UNSPECIFIED. ) ;
#2853 = CARTESIAN_POINT ( 'NONE',  ( 1.220523129028157072, 2.151000000000000689, -0.007888209064190274816 ) ) ;
#2854 = CARTESIAN_POINT ( 'NONE',  ( 0.9090899521946753659, 2.150000000000000355, -0.1359010631206535868 ) ) ;
#2855 = FACE_OUTER_BOUND ( 'NONE', #2028, .T. ) ;
#2856 = CARTESIAN_POINT ( 'NONE',  ( 0.5700298596376432991, 2.150000000000000355, -0.2424194488938681002 ) ) ;
#2857 = ORIENTED_EDGE ( 'NONE', *, *, #8191, .T. ) ;
#2858 = EDGE_CURVE ( 'NONE', #8917, #1202, #6629, .T. ) ;
#2859 = VERTEX_POINT ( 'NONE', #3012 ) ;
#2860 = EDGE_CURVE ( 'NONE', #2135, #11708, #5288, .T. ) ;
#2861 = MECHANICAL_DESIGN_GEOMETRIC_PRESENTATION_REPRESENTATION (  '', ( #6462 ), #1109 ) ;
#2862 = FACE_OUTER_BOUND ( 'NONE', #313, .T. ) ;
#2863 = ORIENTED_EDGE ( 'NONE', *, *, #2494, .F. ) ;
#2864 =( NAMED_UNIT ( * ) PLANE_ANGLE_UNIT ( ) SI_UNIT ( $, .RADIAN. ) );
#2865 = DIRECTION ( 'NONE',  ( 1.188166764367676342E-16, -1.000000000000000000, -0.000000000000000000 ) ) ;
#2866 = PRESENTATION_STYLE_ASSIGNMENT (( #11304 ) ) ;
#2867 = ORIENTED_EDGE ( 'NONE', *, *, #11926, .T. ) ;
#2868 = CARTESIAN_POINT ( 'NONE',  ( 0.8528722148078964338, 2.151000000000000689, -0.1608821905521483631 ) ) ;
#2869 = STYLED_ITEM ( 'NONE', ( #11957 ), #9382 ) ;
#2870 = ORIENTED_EDGE ( 'NONE', *, *, #10277, .F. ) ;
#2871 = FACE_OUTER_BOUND ( 'NONE', #2069, .T. ) ;
#2872 = CARTESIAN_POINT ( 'NONE',  ( -0.2046567300647318677, 2.151000000000000689, 0.1670415306926976151 ) ) ;
#2873 = CARTESIAN_POINT ( 'NONE',  ( -0.4275851886870825624, 2.151000000000000689, 0.2474994053679855366 ) ) ;
#2874 = VERTEX_POINT ( 'NONE', #6801 ) ;
#2875 = SURFACE_STYLE_USAGE ( .BOTH. , #3005 ) ;
#2876 = ADVANCED_FACE ( 'NONE', ( #4816 ), #1182, .F. ) ;
#2877 = ADVANCED_FACE ( 'NONE', ( #1292 ), #9767, .F. ) ;
#2878 = SURFACE_STYLE_FILL_AREA ( #3831 ) ;
#2879 = CARTESIAN_POINT ( 'NONE',  ( -0.05840844745475751859, 2.150000000000000355, -0.1778573832820175837 ) ) ;
#2880 = CARTESIAN_POINT ( 'NONE',  ( -0.1939400560608335045, 2.150000000000000355, -0.2297680410870831247 ) ) ;
#2881 = ORIENTED_EDGE ( 'NONE', *, *, #2061, .T. ) ;
#2882 = DIRECTION ( 'NONE',  ( -0.3625544875035015546, 0.000000000000000000, 0.9319625762824778059 ) ) ;
#2883 = CARTESIAN_POINT ( 'NONE',  ( -0.8037541729023482961, 2.151000000000000245, -0.1958290067813817925 ) ) ;
#2884 = VECTOR ( 'NONE', #9281, 1000.000000000000000 ) ;
#2885 =( NAMED_UNIT ( * ) PLANE_ANGLE_UNIT ( ) SI_UNIT ( $, .RADIAN. ) );
#2886 = DIRECTION ( 'NONE',  ( -0.9999748501857348426, -0.000000000000000000, -0.007092178509963472689 ) ) ;
#2887 = ORIENTED_EDGE ( 'NONE', *, *, #5085, .T. ) ;
#2888 = EDGE_CURVE ( 'NONE', #6050, #9084, #2030, .T. ) ;
#2889 =( GEOMETRIC_REPRESENTATION_CONTEXT ( 3 ) GLOBAL_UNCERTAINTY_ASSIGNED_CONTEXT ( ( #4102 ) ) GLOBAL_UNIT_ASSIGNED_CONTEXT ( ( #1825, #10978, #2618 ) ) REPRESENTATION_CONTEXT ( 'NONE', 'WORKASPACE' ) );
#2890 = CARTESIAN_POINT ( 'NONE',  ( 0.8528722148078964338, 2.151000000000000689, -0.1608821905521483631 ) ) ;
#2891 =( GEOMETRIC_REPRESENTATION_CONTEXT ( 3 ) GLOBAL_UNCERTAINTY_ASSIGNED_CONTEXT ( ( #10760 ) ) GLOBAL_UNIT_ASSIGNED_CONTEXT ( ( #2811, #8355, #3762 ) ) REPRESENTATION_CONTEXT ( 'NONE', 'WORKASPACE' ) );
#2892 = SURFACE_SIDE_STYLE ('',( #11453 ) ) ;
#2893 = DIRECTION ( 'NONE',  ( -0.9999748501857348426, -1.188136882194236216E-16, -0.007092178509963214215 ) ) ;
#2894 = UNCERTAINTY_MEASURE_WITH_UNIT (LENGTH_MEASURE( 1.000000000000000082E-05 ), #5080, 'distance_accuracy_value', 'NONE');
#2895 = ORIENTED_EDGE ( 'NONE', *, *, #7476, .T. ) ;
#2896 = CARTESIAN_POINT ( 'NONE',  ( -0.2176754415752549798, 2.151000000000000689, -0.1964553339650816910 ) ) ;
#2897 = VERTEX_POINT ( 'NONE', #4496 ) ;
#2898 =( LENGTH_UNIT ( ) NAMED_UNIT ( * ) SI_UNIT ( .MILLI., .METRE. ) );
#2899 =( LENGTH_UNIT ( ) NAMED_UNIT ( * ) SI_UNIT ( .MILLI., .METRE. ) );
#2900 = MECHANICAL_DESIGN_GEOMETRIC_PRESENTATION_REPRESENTATION (  '', ( #9020 ), #9217 ) ;
#2901 =( LENGTH_UNIT ( ) NAMED_UNIT ( * ) SI_UNIT ( .MILLI., .METRE. ) );
#2902 = AXIS2_PLACEMENT_3D ( 'NONE', #6614, #2008, #11201 ) ;
#2903 = SURFACE_STYLE_USAGE ( .BOTH. , #12079 ) ;
#2904 = PRESENTATION_LAYER_ASSIGNMENT (  '', '', ( #8215 ) ) ;
#2905 = FILL_AREA_STYLE ('',( #7532 ) ) ;
#2906 = LINE ( 'NONE', #3979, #11819 ) ;
#2907 = VECTOR ( 'NONE', #3250, 1000.000000000000114 ) ;
#2908 = EDGE_CURVE ( 'NONE', #4532, #1466, #2767, .T. ) ;
#2909 = CARTESIAN_POINT ( 'NONE',  ( 0.4334541846224440609, 2.151000000000000689, -0.1508426189987361887 ) ) ;
#2910 = CARTESIAN_POINT ( 'NONE',  ( -0.6093852423787371464, 2.151000000000000245, 0.2759478388129474880 ) ) ;
#2911 = CARTESIAN_POINT ( 'NONE',  ( -0.5598408978519798795, 2.150000000000000355, 0.1515251369834042239 ) ) ;
#2912 = CARTESIAN_POINT ( 'NONE',  ( -0.4617083008344677331, 2.150000000000000355, 0.2500648090583760808 ) ) ;
#2913 = ORIENTED_EDGE ( 'NONE', *, *, #10573, .T. ) ;
#2914 = CARTESIAN_POINT ( 'NONE',  ( -0.5779458089475173477, 2.151000000000000689, -0.2498559408444721019 ) ) ;
#2915 = FACE_BOUND ( 'NONE', #5866, .T. ) ;
#2916 = SURFACE_STYLE_FILL_AREA ( #9419 ) ;
#2917 = DIRECTION ( 'NONE',  ( 1.188166764367676342E-16, -1.000000000000000000, -0.000000000000000000 ) ) ;
#2918 = FILL_AREA_STYLE ('',( #222 ) ) ;
#2919 = CARTESIAN_POINT ( 'NONE',  ( 0.6116445440076632156, 2.150000000000000355, -0.1972975950925945077 ) ) ;
#2920 = ORIENTED_EDGE ( 'NONE', *, *, #10648, .T. ) ;
#2921 = CARTESIAN_POINT ( 'NONE',  ( 1.160911014477863379, 2.150000000000000355, -0.1659275319788961200 ) ) ;
#2922 = EDGE_LOOP ( 'NONE', ( #922, #8284, #3867, #5671, #6522, #10289 ) ) ;
#2923 = COLOUR_RGB ( '',1.000000000000000000, 1.000000000000000000, 1.000000000000000000 ) ;
#2924 = SURFACE_STYLE_USAGE ( .BOTH. , #9558 ) ;
#2925 = ORIENTED_EDGE ( 'NONE', *, *, #89, .T. ) ;
#2926 = FACE_OUTER_BOUND ( 'NONE', #9988, .T. ) ;
#2927 =( GEOMETRIC_REPRESENTATION_CONTEXT ( 3 ) GLOBAL_UNCERTAINTY_ASSIGNED_CONTEXT ( ( #5870 ) ) GLOBAL_UNIT_ASSIGNED_CONTEXT ( ( #12006, #3473, #5529 ) ) REPRESENTATION_CONTEXT ( 'NONE', 'WORKASPACE' ) );
#2928 = CARTESIAN_POINT ( 'NONE',  ( 0.9726810703370720734, 2.150000000000000355, -0.3350012342383659747 ) ) ;
#2929 = STYLED_ITEM ( 'NONE', ( #4269 ), #6817 ) ;
#2930 = ORIENTED_EDGE ( 'NONE', *, *, #6820, .F. ) ;
#2931 = ORIENTED_EDGE ( 'NONE', *, *, #997, .F. ) ;
#2932 = ORIENTED_EDGE ( 'NONE', *, *, #3631, .F. ) ;
#2933 = FACE_OUTER_BOUND ( 'NONE', #3312, .T. ) ;
#2934 =( LENGTH_UNIT ( ) NAMED_UNIT ( * ) SI_UNIT ( .MILLI., .METRE. ) );
#2935 = SURFACE_STYLE_USAGE ( .BOTH. , #11371 ) ;
#2936 =( GEOMETRIC_REPRESENTATION_CONTEXT ( 3 ) GLOBAL_UNCERTAINTY_ASSIGNED_CONTEXT ( ( #7468 ) ) GLOBAL_UNIT_ASSIGNED_CONTEXT ( ( #8963, #8096, #1387 ) ) REPRESENTATION_CONTEXT ( 'NONE', 'WORKASPACE' ) );
#2937 = FILL_AREA_STYLE ('',( #4930 ) ) ;
#2938 = ORIENTED_EDGE ( 'NONE', *, *, #9447, .T. ) ;
#2939 = COLOUR_RGB ( '',0.6470588235294117974, 0.6196078431372549211, 0.5882352941176470784 ) ;
#2940 =( LENGTH_UNIT ( ) NAMED_UNIT ( * ) SI_UNIT ( .MILLI., .METRE. ) );
#2941 = VECTOR ( 'NONE', #10074, 1000.000000000000000 ) ;
#2942 = SURFACE_SIDE_STYLE ('',( #2878 ) ) ;
#2943 = CARTESIAN_POINT ( 'NONE',  ( 0.01452646803043681871, 2.151000000000000689, 0.1748347605559805173 ) ) ;
#2944 = ADVANCED_FACE ( 'NONE', ( #11691 ), #8745, .T. ) ;
#2945 = EDGE_LOOP ( 'NONE', ( #4433, #234, #2920, #4223, #8231, #596, #10907, #6081, #9367, #8610, #8762, #9206, #488, #8630, #4565 ) ) ;
#2946 = STYLED_ITEM ( 'NONE', ( #384 ), #6519 ) ;
#2947 = SURFACE_STYLE_FILL_AREA ( #7456 ) ;
#2948 = VECTOR ( 'NONE', #1316, 1000.000000000000000 ) ;
#2949 = EDGE_CURVE ( 'NONE', #852, #5787, #5553, .T. ) ;
#2950 = FILL_AREA_STYLE_COLOUR ( '', #420 ) ;
#2951 = EDGE_CURVE ( 'NONE', #1594, #8591, #9360, .T. ) ;
#2952 = UNCERTAINTY_MEASURE_WITH_UNIT (LENGTH_MEASURE( 1.000000000000000082E-05 ), #2800, 'distance_accuracy_value', 'NONE');
#2953 = SURFACE_SIDE_STYLE ('',( #9397 ) ) ;
#2954 = DIRECTION ( 'NONE',  ( 0.3451999324343005826, 0.000000000000000000, -0.9385291719746137185 ) ) ;
#2955 = ORIENTED_EDGE ( 'NONE', *, *, #7334, .F. ) ;
#2956 = VECTOR ( 'NONE', #12105, 1000.000000000000000 ) ;
#2957 = DIRECTION ( 'NONE',  ( -0.007092178509970711690, -0.000000000000000000, 0.9999748501857347316 ) ) ;
#2958 = LINE ( 'NONE', #9769, #3444 ) ;
#2959 = EDGE_LOOP ( 'NONE', ( #4303, #4421, #5232, #5505 ) ) ;
#2960 = B_SPLINE_SURFACE_WITH_KNOTS ( 'NONE', 3, 1, ( 
 ( #7451, #11988 ),
 ( #11104, #1719 ),
 ( #2816, #6568 ),
 ( #9258, #10129 ) ),
 .UNSPECIFIED., .F., .F., .F.,
 ( 4, 4 ),
 ( 2, 2 ),
 ( 33.00000000000000000, 34.00000000000000000 ),
 ( 0.000000000000000000, 1.000000000000000000 ),
 .UNSPECIFIED. ) ;
#2961 = CARTESIAN_POINT ( 'NONE',  ( -0.01540638968073652915, 2.151000000000000689, 0.2536460551153438825 ) ) ;
#2962 = ORIENTED_EDGE ( 'NONE', *, *, #9956, .F. ) ;
#2963 = FILL_AREA_STYLE ('',( #1067 ) ) ;
#2964 = DIRECTION ( 'NONE',  ( 0.007092178509954029722, -0.000000000000000000, -0.9999748501857349536 ) ) ;
#2965 = EDGE_CURVE ( 'NONE', #9975, #1551, #6658, .T. ) ;
#2966 =( GEOMETRIC_REPRESENTATION_CONTEXT ( 3 ) GLOBAL_UNCERTAINTY_ASSIGNED_CONTEXT ( ( #10250 ) ) GLOBAL_UNIT_ASSIGNED_CONTEXT ( ( #8716, #11538, #7729 ) ) REPRESENTATION_CONTEXT ( 'NONE', 'WORKASPACE' ) );
#2967 = VECTOR ( 'NONE', #1929, 1000.000000000000000 ) ;
#2968 = CARTESIAN_POINT ( 'NONE',  ( 0.2982013754879659362, 2.150000000000000355, -0.04190405822187966839 ) ) ;
#2969 = ORIENTED_EDGE ( 'NONE', *, *, #7118, .F. ) ;
#2970 = B_SPLINE_CURVE_WITH_KNOTS ( 'NONE', 3,
 ( #1018, #7483, #5661, #12144 ),
 .UNSPECIFIED., .F., .F.,
 ( 4, 4 ),
 ( 0.000000000000000000, 1.000000000000000000 ),
 .UNSPECIFIED. ) ;
#2971 = UNCERTAINTY_MEASURE_WITH_UNIT (LENGTH_MEASURE( 1.000000000000000082E-05 ), #12142, 'distance_accuracy_value', 'NONE');
#2972 = DIRECTION ( 'NONE',  ( 0.007092178509958830569, -0.000000000000000000, -0.9999748501857349536 ) ) ;
#2973 = PRESENTATION_STYLE_ASSIGNMENT (( #5900 ) ) ;
#2974 =( GEOMETRIC_REPRESENTATION_CONTEXT ( 3 ) GLOBAL_UNCERTAINTY_ASSIGNED_CONTEXT ( ( #6344 ) ) GLOBAL_UNIT_ASSIGNED_CONTEXT ( ( #6889, #2295, #10702 ) ) REPRESENTATION_CONTEXT ( 'NONE', 'WORKASPACE' ) );
#2975 = CARTESIAN_POINT ( 'NONE',  ( -0.01303748500803551813, 2.150000000000000355, 0.1761989432650036547 ) ) ;
#2976 = LINE ( 'NONE', #4668, #10822 ) ;
#2977 = STYLED_ITEM ( 'NONE', ( #5461 ), #4484 ) ;
#2978 =( NAMED_UNIT ( * ) PLANE_ANGLE_UNIT ( ) SI_UNIT ( $, .RADIAN. ) );
#2979 =( NAMED_UNIT ( * ) PLANE_ANGLE_UNIT ( ) SI_UNIT ( $, .RADIAN. ) );
#2980 = FACE_BOUND ( 'NONE', #3821, .T. ) ;
#2981 = EDGE_CURVE ( 'NONE', #3716, #739, #5875, .T. ) ;
#2982 = FILL_AREA_STYLE_COLOUR ( '', #2769 ) ;
#2983 = CARTESIAN_POINT ( 'NONE',  ( -0.6947567487916576079, 2.151000000000000245, -0.08982981060039686716 ) ) ;
#2984 = CARTESIAN_POINT ( 'NONE',  ( -0.7442627198977462832, 2.150000000000000355, -0.1467451778440389543 ) ) ;
#2985 = MECHANICAL_DESIGN_GEOMETRIC_PRESENTATION_REPRESENTATION (  '', ( #1424 ), #6177 ) ;
#2986 = CARTESIAN_POINT ( 'NONE',  ( -0.2826435448981357568, 2.150000000000000355, -0.2943438779887761481 ) ) ;
#2987 = CARTESIAN_POINT ( 'NONE',  ( -0.4642585817192438347, 2.150000000000000355, 0.1771578584808927992 ) ) ;
#2988 = STYLED_ITEM ( 'NONE', ( #52 ), #4783 ) ;
#2989 = ORIENTED_EDGE ( 'NONE', *, *, #7213, .T. ) ;
#2990 = DIRECTION ( 'NONE',  ( 0.3492990578015331415, -0.000000000000000000, 0.9370112956730890508 ) ) ;
#2991 = VERTEX_POINT ( 'NONE', #7605 ) ;
#2992 = CARTESIAN_POINT ( 'NONE',  ( -0.5949045768689246172, 2.149999999999999911, 0.2500559391938070308 ) ) ;
#2993 = PRESENTATION_STYLE_ASSIGNMENT (( #6725 ) ) ;
#2994 = DIRECTION ( 'NONE',  ( 1.188166764367676342E-16, -1.000000000000000000, -0.000000000000000000 ) ) ;
#2995 =( LENGTH_UNIT ( ) NAMED_UNIT ( * ) SI_UNIT ( .MILLI., .METRE. ) );
#2996 = VERTEX_POINT ( 'NONE', #6603 ) ;
#2997 = CARTESIAN_POINT ( 'NONE',  ( -0.04579639820059405037, 2.151000000000000689, 0.1037016127255988435 ) ) ;
#2998 = ORIENTED_EDGE ( 'NONE', *, *, #2337, .T. ) ;
#2999 = VECTOR ( 'NONE', #11355, 1000.000000000000000 ) ;
#3000 = ORIENTED_EDGE ( 'NONE', *, *, #5939, .T. ) ;
#3001 = FILL_AREA_STYLE ('',( #9568 ) ) ;
#3002 = CARTESIAN_POINT ( 'NONE',  ( -0.3336759508697416665, 2.150000000000000355, -0.2240005014894794200 ) ) ;
#3003 = ORIENTED_EDGE ( 'NONE', *, *, #2338, .F. ) ;
#3004 = PRESENTATION_LAYER_ASSIGNMENT (  '', '', ( #10906 ) ) ;
#3005 = SURFACE_SIDE_STYLE ('',( #12177 ) ) ;
#3006 = EDGE_CURVE ( 'NONE', #1589, #12157, #12027, .T. ) ;
#3007 = B_SPLINE_CURVE_WITH_KNOTS ( 'NONE', 3,
 ( #8312, #9201, #815, #4526 ),
 .UNSPECIFIED., .F., .F.,
 ( 4, 4 ),
 ( 5.000000000000000000, 6.000000000000000000 ),
 .UNSPECIFIED. ) ;
#3008 =( NAMED_UNIT ( * ) SI_UNIT ( $, .STERADIAN. ) SOLID_ANGLE_UNIT ( ) );
#3009 = VECTOR ( 'NONE', #5209, 1000.000000000000114 ) ;
#3010 = CARTESIAN_POINT ( 'NONE',  ( -0.4423626509208923308, 2.151000000000000689, 0.2346052543110218880 ) ) ;
#3011 = UNCERTAINTY_MEASURE_WITH_UNIT (LENGTH_MEASURE( 1.000000000000000082E-05 ), #269, 'distance_accuracy_value', 'NONE');
#3012 = CARTESIAN_POINT ( 'NONE',  ( -0.1869395808380833190, 2.150000000000000355, -0.1245962220763700279 ) ) ;
#3013 =( LENGTH_UNIT ( ) NAMED_UNIT ( * ) SI_UNIT ( .MILLI., .METRE. ) );
#3014 = ORIENTED_EDGE ( 'NONE', *, *, #7402, .F. ) ;
#3015 =( GEOMETRIC_REPRESENTATION_CONTEXT ( 3 ) GLOBAL_UNCERTAINTY_ASSIGNED_CONTEXT ( ( #3594 ) ) GLOBAL_UNIT_ASSIGNED_CONTEXT ( ( #10864, #6191, #7209 ) ) REPRESENTATION_CONTEXT ( 'NONE', 'WORKASPACE' ) );
#3016 = FACE_OUTER_BOUND ( 'NONE', #11506, .T. ) ;
#3017 = CARTESIAN_POINT ( 'NONE',  ( -0.2779647519489253926, 2.151000000000000689, -0.2943106943194061520 ) ) ;
#3018 = COLOUR_RGB ( '',1.000000000000000000, 1.000000000000000000, 1.000000000000000000 ) ;
#3019 = DIRECTION ( 'NONE',  ( 0.007092178509964326173, 8.426690792502281838E-19, -0.9999748501857348426 ) ) ;
#3020 = ORIENTED_EDGE ( 'NONE', *, *, #6075, .T. ) ;
#3021 = ADVANCED_FACE ( 'NONE', ( #10395 ), #11497, .F. ) ;
#3022 = VECTOR ( 'NONE', #8050, 1000.000000000000000 ) ;
#3023 = EDGE_CURVE ( 'NONE', #9451, #9084, #1705, .T. ) ;
#3024 = CARTESIAN_POINT ( 'NONE',  ( -0.06632145850057967473, 2.150000000000000355, -0.2496586057822151872 ) ) ;
#3025 = ADVANCED_FACE ( 'NONE', ( #3803 ), #2734, .F. ) ;
#3026 = SURFACE_STYLE_USAGE ( .BOTH. , #2892 ) ;
#3027 = UNCERTAINTY_MEASURE_WITH_UNIT (LENGTH_MEASURE( 1.000000000000000082E-05 ), #4916, 'distance_accuracy_value', 'NONE');
#3029 = ORIENTED_EDGE ( 'NONE', *, *, #2373, .F. ) ;
#3028 = VECTOR ( 'NONE', #8034, 1000.000000000000000 ) ;
#3030 =( NAMED_UNIT ( * ) PLANE_ANGLE_UNIT ( ) SI_UNIT ( $, .RADIAN. ) );
#3031 = ORIENTED_EDGE ( 'NONE', *, *, #10886, .F. ) ;
#3032 =( NAMED_UNIT ( * ) SI_UNIT ( $, .STERADIAN. ) SOLID_ANGLE_UNIT ( ) );
#3033 = PRESENTATION_STYLE_ASSIGNMENT (( #2228 ) ) ;
#3034 = MECHANICAL_DESIGN_GEOMETRIC_PRESENTATION_REPRESENTATION (  '', ( #10520 ), #10925 ) ;
#3035 = PRESENTATION_LAYER_ASSIGNMENT (  '', '', ( #10521 ) ) ;
#3036 = CARTESIAN_POINT ( 'NONE',  ( 1.220082155543524616, 2.151000000000000689, 0.05428766448605872041 ) ) ;
#3037 = LINE ( 'NONE', #6818, #7803 ) ;
#3038 = PRESENTATION_STYLE_ASSIGNMENT (( #11470 ) ) ;
#3039 = EDGE_CURVE ( 'NONE', #10200, #7455, #2240, .T. ) ;
#3040 = B_SPLINE_SURFACE_WITH_KNOTS ( 'NONE', 3, 1, ( 
 ( #5120, #4323 ),
 ( #4138, #7030 ),
 ( #7092, #2395 ),
 ( #9947, #1289 ) ),
 .UNSPECIFIED., .F., .F., .F.,
 ( 4, 4 ),
 ( 2, 2 ),
 ( 5.000000000000000000, 6.000000000000000000 ),
 ( 0.000000000000000000, 1.000000000000000000 ),
 .UNSPECIFIED. ) ;
#3041 = CARTESIAN_POINT ( 'NONE',  ( -0.4414051443939011055, 2.150000000000000355, 0.2681970706437578622 ) ) ;
#3042 = VERTEX_POINT ( 'NONE', #408 ) ;
#3043 = ORIENTED_EDGE ( 'NONE', *, *, #8356, .T. ) ;
#3044 = LINE ( 'NONE', #11345, #3388 ) ;
#3045 = FACE_BOUND ( 'NONE', #10512, .T. ) ;
#3046 = DIRECTION ( 'NONE',  ( -0.9999748501857348426, -0.000000000000000000, -0.007092178509963888156 ) ) ;
#3047 = DIRECTION ( 'NONE',  ( 0.000000000000000000, -0.000000000000000000, -1.000000000000000000 ) ) ;
#3048 = CARTESIAN_POINT ( 'NONE',  ( -0.08072253193853282105, 2.150000000000000355, 0.07288425256004332775 ) ) ;
#3049 = ORIENTED_EDGE ( 'NONE', *, *, #5842, .F. ) ;
#3050 = CARTESIAN_POINT ( 'NONE',  ( -3.649999999999997691, -2.149999999999999911, -1.750000000000000000 ) ) ;
#3051 = VERTEX_POINT ( 'NONE', #4906 ) ;
#3052 = ADVANCED_FACE ( 'NONE', ( #341, #9604, #4177, #10703, #4109, #7785, #3045, #1204, #2000, #10636, #2915, #2980, #9546, #4842 ), #1080, .F. ) ;
#3053 = FILL_AREA_STYLE_COLOUR ( '', #8402 ) ;
#3054 = ORIENTED_EDGE ( 'NONE', *, *, #4529, .F. ) ;
#3055 = CARTESIAN_POINT ( 'NONE',  ( -0.2780698277665341611, 2.151000000000000689, -0.3161469049552277921 ) ) ;
#3056 = COLOUR_RGB ( '',1.000000000000000000, 1.000000000000000000, 1.000000000000000000 ) ;
#3057 = CARTESIAN_POINT ( 'NONE',  ( 0.1293441777897620659, 2.151000000000000689, 0.2811871714995885507 ) ) ;
#3058 = ORIENTED_EDGE ( 'NONE', *, *, #1068, .T. ) ;
#3059 = ORIENTED_EDGE ( 'NONE', *, *, #8079, .T. ) ;
#3060 = SURFACE_STYLE_FILL_AREA ( #7622 ) ;
#3061 = FACE_OUTER_BOUND ( 'NONE', #5624, .T. ) ;
#3062 = PRESENTATION_LAYER_ASSIGNMENT (  '', '', ( #3267 ) ) ;
#3063 = SURFACE_STYLE_FILL_AREA ( #1165 ) ;
#3064 = CARTESIAN_POINT ( 'NONE',  ( -0.4275851886870825624, 2.150000000000000355, 0.2474994053679855366 ) ) ;
#3065 = ORIENTED_EDGE ( 'NONE', *, *, #2337, .F. ) ;
#3066 = AXIS2_PLACEMENT_3D ( 'NONE', #11123, #886, #9283 ) ;
#3067 = DIRECTION ( 'NONE',  ( 1.188166764367676342E-16, -1.000000000000000000, -0.000000000000000000 ) ) ;
#3068 = B_SPLINE_SURFACE_WITH_KNOTS ( 'NONE', 3, 1, ( 
 ( #6242, #9806 ),
 ( #4255, #5174 ),
 ( #4376, #7020 ),
 ( #7984, #8918 ) ),
 .UNSPECIFIED., .F., .F., .F.,
 ( 4, 4 ),
 ( 2, 2 ),
 ( 1.000000000000000000, 2.000000000000000000 ),
 ( 0.000000000000000000, 1.000000000000000000 ),
 .UNSPECIFIED. ) ;
#3069 = CARTESIAN_POINT ( 'NONE',  ( -0.1631411335872916812, 2.150000000000000355, -0.2474338900848724876 ) ) ;
#3070 = PRESENTATION_STYLE_ASSIGNMENT (( #7753 ) ) ;
#3071 =( NAMED_UNIT ( * ) SI_UNIT ( $, .STERADIAN. ) SOLID_ANGLE_UNIT ( ) );
#3072 = SURFACE_SIDE_STYLE ('',( #2027 ) ) ;
#3073 = ORIENTED_EDGE ( 'NONE', *, *, #7717, .T. ) ;
#3074 = LINE ( 'NONE', #5811, #11057 ) ;
#3075 = UNCERTAINTY_MEASURE_WITH_UNIT (LENGTH_MEASURE( 1.000000000000000082E-05 ), #10912, 'distance_accuracy_value', 'NONE');
#3076 =( GEOMETRIC_REPRESENTATION_CONTEXT ( 3 ) GLOBAL_UNCERTAINTY_ASSIGNED_CONTEXT ( ( #9658 ) ) GLOBAL_UNIT_ASSIGNED_CONTEXT ( ( #11903, #10204, #1628 ) ) REPRESENTATION_CONTEXT ( 'NONE', 'WORKASPACE' ) );
#3077 = DIRECTION ( 'NONE',  ( 0.007092178509962038073, 0.000000000000000000, -0.9999748501857348426 ) ) ;
#3078 = FILL_AREA_STYLE_COLOUR ( '', #2401 ) ;
#3079 = ORIENTED_EDGE ( 'NONE', *, *, #10924, .F. ) ;
#3080 = PLANE ( 'NONE',  #7259 ) ;
#3081 = ORIENTED_EDGE ( 'NONE', *, *, #8614, .T. ) ;
#3082 = CARTESIAN_POINT ( 'NONE',  ( -0.4421085987332931677, 2.150000000000000355, 0.1181512406698030926 ) ) ;
#3083 = VERTEX_POINT ( 'NONE', #6828 ) ;
#3084 = STYLED_ITEM ( 'NONE', ( #3156 ), #9621 ) ;
#3085 = DIRECTION ( 'NONE',  ( -0.000000000000000000, -0.000000000000000000, -1.000000000000000000 ) ) ;
#3086 = CARTESIAN_POINT ( 'NONE',  ( -0.6682332718973528207, 2.150000000000000355, -0.04711452830872163433 ) ) ;
#3087 = EDGE_CURVE ( 'NONE', #1154, #9741, #3988, .T. ) ;
#3088 = CARTESIAN_POINT ( 'NONE',  ( -0.2872980658160909084, 2.150000000000000355, 0.09803761725832106644 ) ) ;
#3089 = SURFACE_STYLE_FILL_AREA ( #1193 ) ;
#3090 = ORIENTED_EDGE ( 'NONE', *, *, #10971, .F. ) ;
#3091 = UNCERTAINTY_MEASURE_WITH_UNIT (LENGTH_MEASURE( 1.000000000000000082E-05 ), #9185, 'distance_accuracy_value', 'NONE');
#3092 = CARTESIAN_POINT ( 'NONE',  ( 0.4847187952808544864, 2.151000000000000689, -0.2430245054082204315 ) ) ;
#3093 = LINE ( 'NONE', #11659, #1539 ) ;
#3094 = EDGE_LOOP ( 'NONE', ( #11856, #11854, #3106, #8438 ) ) ;
#3095 = ORIENTED_EDGE ( 'NONE', *, *, #9919, .F. ) ;
#3096 = VECTOR ( 'NONE', #4489, 1000.000000000000000 ) ;
#3097 = CARTESIAN_POINT ( 'NONE',  ( -0.6947567487916576079, 2.151000000000000245, -0.08982981060039686716 ) ) ;
#3098 = COLOUR_RGB ( '',1.000000000000000000, 1.000000000000000000, 1.000000000000000000 ) ;
#3099 = EDGE_CURVE ( 'NONE', #6643, #7806, #7236, .T. ) ;
#3100 = EDGE_CURVE ( 'NONE', #8168, #4057, #7129, .T. ) ;
#3101 = COLOUR_RGB ( '',1.000000000000000000, 1.000000000000000000, 1.000000000000000000 ) ;
#3102 = ADVANCED_FACE ( 'NONE', ( #2485 ), #10100, .T. ) ;
#3103 =( NAMED_UNIT ( * ) PLANE_ANGLE_UNIT ( ) SI_UNIT ( $, .RADIAN. ) );
#3104 = UNCERTAINTY_MEASURE_WITH_UNIT (LENGTH_MEASURE( 1.000000000000000082E-05 ), #9933, 'distance_accuracy_value', 'NONE');
#3105 =( GEOMETRIC_REPRESENTATION_CONTEXT ( 3 ) GLOBAL_UNCERTAINTY_ASSIGNED_CONTEXT ( ( #1754 ) ) GLOBAL_UNIT_ASSIGNED_CONTEXT ( ( #2167, #4156, #4951 ) ) REPRESENTATION_CONTEXT ( 'NONE', 'WORKASPACE' ) );
#3106 = ORIENTED_EDGE ( 'NONE', *, *, #4094, .F. ) ;
#3107 = STYLED_ITEM ( 'NONE', ( #508 ), #7460 ) ;
#3108 = PRESENTATION_STYLE_ASSIGNMENT (( #8724 ) ) ;
#3109 = ORIENTED_EDGE ( 'NONE', *, *, #2338, .T. ) ;
#3110 = CARTESIAN_POINT ( 'NONE',  ( 0.5665021801224641163, 2.150000000000000355, -0.1527910532409131328 ) ) ;
#3111 = FILL_AREA_STYLE ('',( #6039 ) ) ;
#3112 = CARTESIAN_POINT ( 'NONE',  ( -0.2176754415752549798, 2.150000000000000355, -0.1964553339650816910 ) ) ;
#3113 = VERTEX_POINT ( 'NONE', #5285 ) ;
#3114 = PLANE ( 'NONE',  #11349 ) ;
#3115 = ORIENTED_EDGE ( 'NONE', *, *, #5575, .T. ) ;
#3116 = CARTESIAN_POINT ( 'NONE',  ( 1.090469624761132295, 2.150000000000000355, -0.2242680689654359683 ) ) ;
#3117 = MECHANICAL_DESIGN_GEOMETRIC_PRESENTATION_REPRESENTATION (  '', ( #9051 ), #9249 ) ;
#3118 = ORIENTED_EDGE ( 'NONE', *, *, #8007, .F. ) ;
#3119 = COLOUR_RGB ( '',1.000000000000000000, 1.000000000000000000, 1.000000000000000000 ) ;
#3120 = EDGE_CURVE ( 'NONE', #538, #1733, #588, .T. ) ;
#3121 = CARTESIAN_POINT ( 'NONE',  ( 0.7133942629646764511, 2.151000000000000689, 0.3398987606843663634 ) ) ;
#3122 =( LENGTH_UNIT ( ) NAMED_UNIT ( * ) SI_UNIT ( .MILLI., .METRE. ) );
#3123 = SURFACE_STYLE_FILL_AREA ( #10721 ) ;
#3124 = ORIENTED_EDGE ( 'NONE', *, *, #11372, .T. ) ;
#3125 = ORIENTED_EDGE ( 'NONE', *, *, #2531, .T. ) ;
#3126 = VECTOR ( 'NONE', #895, 1000.000000000000000 ) ;
#3127 = FILL_AREA_STYLE_COLOUR ( '', #4912 ) ;
#3128 =( NAMED_UNIT ( * ) PLANE_ANGLE_UNIT ( ) SI_UNIT ( $, .RADIAN. ) );
#3129 = SURFACE_SIDE_STYLE ('',( #1290 ) ) ;
#3130 = DIRECTION ( 'NONE',  ( 1.000000000000000000, -0.000000000000000000, -1.095153709581317675E-16 ) ) ;
#3131 = CARTESIAN_POINT ( 'NONE',  ( -0.2096868513068216588, 2.150000000000000355, -0.09865897376185628342 ) ) ;
#3132 = SURFACE_STYLE_USAGE ( .BOTH. , #3265 ) ;
#3133 = SURFACE_STYLE_FILL_AREA ( #10606 ) ;
#3134 = VERTEX_POINT ( 'NONE', #11773 ) ;
#3135 = MECHANICAL_DESIGN_GEOMETRIC_PRESENTATION_REPRESENTATION (  '', ( #7850 ), #10234 ) ;
#3136 = EDGE_CURVE ( 'NONE', #4057, #2226, #467, .T. ) ;
#3137 = VECTOR ( 'NONE', #1352, 1000.000000000000000 ) ;
#3138 = AXIS2_PLACEMENT_3D ( 'NONE', #499, #6059, #10861 ) ;
#3139 = COLOUR_RGB ( '',1.000000000000000000, 1.000000000000000000, 1.000000000000000000 ) ;
#3140 =( NAMED_UNIT ( * ) SI_UNIT ( $, .STERADIAN. ) SOLID_ANGLE_UNIT ( ) );
#3141 = ORIENTED_EDGE ( 'NONE', *, *, #463, .T. ) ;
#3142 = B_SPLINE_SURFACE_WITH_KNOTS ( 'NONE', 3, 1, ( 
 ( #9561, #8851 ),
 ( #1090, #9737 ),
 ( #8727, #2928 ),
 ( #2247, #230 ) ),
 .UNSPECIFIED., .F., .F., .F.,
 ( 4, 4 ),
 ( 2, 2 ),
 ( 9.000000000000000000, 10.00000000000000000 ),
 ( 0.000000000000000000, 1.000000000000000000 ),
 .UNSPECIFIED. ) ;
#3143 = FILL_AREA_STYLE_COLOUR ( '', #1561 ) ;
#3144 = SURFACE_SIDE_STYLE ('',( #9964 ) ) ;
#3145 = CARTESIAN_POINT ( 'NONE',  ( 0.01452646803043681871, 2.151000000000000689, 0.1748347605559805173 ) ) ;
#3146 = MECHANICAL_DESIGN_GEOMETRIC_PRESENTATION_REPRESENTATION (  '', ( #6134 ), #9461 ) ;
#3147 = SURFACE_STYLE_USAGE ( .BOTH. , #5953 ) ;
#3148 = PRESENTATION_LAYER_ASSIGNMENT (  '', '', ( #11216 ) ) ;
#3149 = VERTEX_POINT ( 'NONE', #11717 ) ;
#3150 = SURFACE_STYLE_FILL_AREA ( #9968 ) ;
#3151 = EDGE_LOOP ( 'NONE', ( #3329, #4402, #6621, #4054 ) ) ;
#3152 = ORIENTED_EDGE ( 'NONE', *, *, #9570, .T. ) ;
#3153 = CARTESIAN_POINT ( 'NONE',  ( -0.03258885742592490531, 2.151000000000000689, 0.1180403270323975573 ) ) ;
#3154 = SURFACE_STYLE_FILL_AREA ( #4092 ) ;
#3155 = DIRECTION ( 'NONE',  ( 0.9999748501857348426, 1.188136882194236955E-16, 0.007092178509968433131 ) ) ;
#3156 = PRESENTATION_STYLE_ASSIGNMENT (( #11593 ) ) ;
#3157 = PRESENTATION_STYLE_ASSIGNMENT (( #10885 ) ) ;
#3158 = PRESENTATION_LAYER_ASSIGNMENT (  '', '', ( #9275 ) ) ;
#3159 = EDGE_LOOP ( 'NONE', ( #1605, #1195, #2005, #7760 ) ) ;
#3160 = CARTESIAN_POINT ( 'NONE',  ( -0.09140665061452279971, 2.150000000000000355, -0.2239458956568588788 ) ) ;
#3161 = SURFACE_SIDE_STYLE ('',( #7842 ) ) ;
#3162 = CARTESIAN_POINT ( 'NONE',  ( -0.03483757275802218389, 2.150000000000000355, 0.2371836323838299454 ) ) ;
#3163 = ORIENTED_EDGE ( 'NONE', *, *, #5250, .F. ) ;
#3164 = FILL_AREA_STYLE_COLOUR ( '', #1993 ) ;
#3165 =( GEOMETRIC_REPRESENTATION_CONTEXT ( 3 ) GLOBAL_UNCERTAINTY_ASSIGNED_CONTEXT ( ( #8791 ) ) GLOBAL_UNIT_ASSIGNED_CONTEXT ( ( #4214, #10011, #10800 ) ) REPRESENTATION_CONTEXT ( 'NONE', 'WORKASPACE' ) );
#3166 = PRESENTATION_STYLE_ASSIGNMENT (( #4052 ) ) ;
#3167 =( NAMED_UNIT ( * ) PLANE_ANGLE_UNIT ( ) SI_UNIT ( $, .RADIAN. ) );
#3168 = B_SPLINE_SURFACE_WITH_KNOTS ( 'NONE', 3, 1, ( 
 ( #2851, #4845 ),
 ( #7549, #1140 ),
 ( #4907, #11291 ),
 ( #9484, #10457 ) ),
 .UNSPECIFIED., .F., .F., .F.,
 ( 4, 4 ),
 ( 2, 2 ),
 ( 2.000000000000000000, 3.000000000000000000 ),
 ( 0.000000000000000000, 1.000000000000000000 ),
 .UNSPECIFIED. ) ;
#3169 = CARTESIAN_POINT ( 'NONE',  ( -0.2780698277665341611, 2.151000000000000689, -0.3161469049552277921 ) ) ;
#3170 = CARTESIAN_POINT ( 'NONE',  ( -0.9087884570791778804, 2.149999999999999911, -0.2522023949766166173 ) ) ;
#3171 = B_SPLINE_CURVE_WITH_KNOTS ( 'NONE', 3,
 ( #890, #4660, #6761, #3665 ),
 .UNSPECIFIED., .F., .F.,
 ( 4, 4 ),
 ( 14.00000000000000000, 15.00000000000000000 ),
 .UNSPECIFIED. ) ;
#3172 = AXIS2_PLACEMENT_3D ( 'NONE', #11411, #9545, #10455 ) ;
#3173 = VERTEX_POINT ( 'NONE', #3478 ) ;
#3174 = COLOUR_RGB ( '',0.6470588235294117974, 0.6196078431372549211, 0.5882352941176470784 ) ;
#3175 = EDGE_CURVE ( 'NONE', #8935, #8763, #11020, .T. ) ;
#3176 =( NAMED_UNIT ( * ) PLANE_ANGLE_UNIT ( ) SI_UNIT ( $, .RADIAN. ) );
#3177 = EDGE_CURVE ( 'NONE', #7623, #7407, #2296, .T. ) ;
#3178 = ORIENTED_EDGE ( 'NONE', *, *, #7955, .T. ) ;
#3179 = CARTESIAN_POINT ( 'NONE',  ( -0.2725644113077355657, 2.151000000000000689, -0.3153800097296737825 ) ) ;
#3180 = EDGE_CURVE ( 'NONE', #7686, #1379, #4481, .T. ) ;
#3181 = CARTESIAN_POINT ( 'NONE',  ( -0.1912972168460800315, 2.151000000000000689, -0.2505449784619278031 ) ) ;
#3182 = CARTESIAN_POINT ( 'NONE',  ( 0.4400070412800634045, 2.150000000000000355, 0.1485307119745221671 ) ) ;
#3183 = ORIENTED_EDGE ( 'NONE', *, *, #4932, .T. ) ;
#3184 = ORIENTED_EDGE ( 'NONE', *, *, #5231, .F. ) ;
#3185 = PLANE ( 'NONE',  #5605 ) ;
#3186 = ORIENTED_EDGE ( 'NONE', *, *, #91, .T. ) ;
#3187 = COLOUR_RGB ( '',1.000000000000000000, 1.000000000000000000, 1.000000000000000000 ) ;
#3188 = FILL_AREA_STYLE_COLOUR ( '', #7990 ) ;
#3189 = PRESENTATION_STYLE_ASSIGNMENT (( #11559 ) ) ;
#3190 = VERTEX_POINT ( 'NONE', #4295 ) ;
#3191 = VERTEX_POINT ( 'NONE', #9098 ) ;
#3192 = PLANE ( 'NONE',  #7716 ) ;
#3193 = AXIS2_PLACEMENT_3D ( 'NONE', #5108, #11730, #485 ) ;
#3194 =( NAMED_UNIT ( * ) PLANE_ANGLE_UNIT ( ) SI_UNIT ( $, .RADIAN. ) );
#3195 = FILL_AREA_STYLE_COLOUR ( '', #7215 ) ;
#3196 = CARTESIAN_POINT ( 'NONE',  ( -0.5942807378096763848, 2.151000000000000689, 0.2500603636830517340 ) ) ;
#3197 = EDGE_CURVE ( 'NONE', #3933, #1553, #4413, .T. ) ;
#3198 = PRESENTATION_STYLE_ASSIGNMENT (( #5940 ) ) ;
#3199 =( NAMED_UNIT ( * ) PLANE_ANGLE_UNIT ( ) SI_UNIT ( $, .RADIAN. ) );
#3200 =( NAMED_UNIT ( * ) SI_UNIT ( $, .STERADIAN. ) SOLID_ANGLE_UNIT ( ) );
#3201 = CARTESIAN_POINT ( 'NONE',  ( -0.6338833779905368448, 2.151000000000000245, -0.2502526700472043619 ) ) ;
#3202 = FACE_OUTER_BOUND ( 'NONE', #10956, .T. ) ;
#3203 = ORIENTED_EDGE ( 'NONE', *, *, #463, .F. ) ;
#3204 = CARTESIAN_POINT ( 'NONE',  ( 1.129407673365080189, 2.151000000000000689, -0.005642319124506672140 ) ) ;
#3205 = MECHANICAL_DESIGN_GEOMETRIC_PRESENTATION_REPRESENTATION (  '', ( #2798 ), #4983 ) ;
#3206 = CARTESIAN_POINT ( 'NONE',  ( -3.669999999999997708, -1.800000000000000044, -1.770000000000000018 ) ) ;
#3207 = DIRECTION ( 'NONE',  ( 0.9999748501857348426, -0.000000000000000000, 0.007092178509963882951 ) ) ;
#3208 = ORIENTED_EDGE ( 'NONE', *, *, #1593, .T. ) ;
#3209 = CARTESIAN_POINT ( 'NONE',  ( 3.650000000000000355, -1.800000000000000044, 0.000000000000000000 ) ) ;
#3210 = ADVANCED_FACE ( 'NONE', ( #653 ), #11696, .F. ) ;
#3211 = COLOUR_RGB ( '',1.000000000000000000, 1.000000000000000000, 1.000000000000000000 ) ;
#3212 = CARTESIAN_POINT ( 'NONE',  ( -0.1527604228407509201, 2.151000000000000689, -0.1497245425174539846 ) ) ;
#3213 = CARTESIAN_POINT ( 'NONE',  ( -0.6854028754953326308, 2.151000000000000245, 0.07202693118469341571 ) ) ;
#3214 = CARTESIAN_POINT ( 'NONE',  ( -0.3088860829701925437, 2.150000000000000355, -0.2740462533201795114 ) ) ;
#3215 = ORIENTED_EDGE ( 'NONE', *, *, #276, .F. ) ;
#3216 = ORIENTED_EDGE ( 'NONE', *, *, #8992, .T. ) ;
#3217 = EDGE_LOOP ( 'NONE', ( #11822, #1181, #11986, #10010 ) ) ;
#3218 = SURFACE_STYLE_USAGE ( .BOTH. , #5144 ) ;
#3219 = DIRECTION ( 'NONE',  ( 1.000000000000000000, 0.000000000000000000, 0.000000000000000000 ) ) ;
#3220 = VECTOR ( 'NONE', #7965, 999.9999999999998863 ) ;
#3221 = CARTESIAN_POINT ( 'NONE',  ( 0.1030909506832607542, 2.150000000000000355, 0.2810009742436602731 ) ) ;
#3222 =( NAMED_UNIT ( * ) SI_UNIT ( $, .STERADIAN. ) SOLID_ANGLE_UNIT ( ) );
#3223 = STYLED_ITEM ( 'NONE', ( #11496 ), #11898 ) ;
#3224 = CARTESIAN_POINT ( 'NONE',  ( -0.05347303180822479685, 2.150000000000000355, -0.2286678204144655113 ) ) ;
#3225 = ORIENTED_EDGE ( 'NONE', *, *, #4581, .T. ) ;
#3226 = UNCERTAINTY_MEASURE_WITH_UNIT (LENGTH_MEASURE( 1.000000000000000082E-05 ), #5652, 'distance_accuracy_value', 'NONE');
#3227 =( NAMED_UNIT ( * ) PLANE_ANGLE_UNIT ( ) SI_UNIT ( $, .RADIAN. ) );
#3228 = STYLED_ITEM ( 'NONE', ( #11414 ), #5229 ) ;
#3229 = EDGE_CURVE ( 'NONE', #8882, #3686, #3790, .T. ) ;
#3230 =( NAMED_UNIT ( * ) SI_UNIT ( $, .STERADIAN. ) SOLID_ANGLE_UNIT ( ) );
#3231 = CARTESIAN_POINT ( 'NONE',  ( -0.2773859671378955949, 2.150000000000000355, 0.1665257089876611696 ) ) ;
#3232 = ORIENTED_EDGE ( 'NONE', *, *, #4866, .T. ) ;
#3233 =( GEOMETRIC_REPRESENTATION_CONTEXT ( 3 ) GLOBAL_UNCERTAINTY_ASSIGNED_CONTEXT ( ( #6005 ) ) GLOBAL_UNIT_ASSIGNED_CONTEXT ( ( #4083, #7825, #6810 ) ) REPRESENTATION_CONTEXT ( 'NONE', 'WORKASPACE' ) );
#3234 = CARTESIAN_POINT ( 'NONE',  ( -0.2096868513068216588, 2.151000000000000689, -0.09865897376185628342 ) ) ;
#3235 = CARTESIAN_POINT ( 'NONE',  ( -0.09244012247709731955, 2.151000000000000689, -0.1735236981727673877 ) ) ;
#3236 = CARTESIAN_POINT ( 'NONE',  ( -0.3255517110753634036, 2.151000000000000689, 0.07457912406695518803 ) ) ;
#3237 = STYLED_ITEM ( 'NONE', ( #2657 ), #5410 ) ;
#3238 = ADVANCED_FACE ( 'NONE', ( #9343 ), #707, .F. ) ;
#3239 =( NAMED_UNIT ( * ) SI_UNIT ( $, .STERADIAN. ) SOLID_ANGLE_UNIT ( ) );
#3240 = CARTESIAN_POINT ( 'NONE',  ( -0.1791345859867398416, 2.151000000000000689, -0.1328591388011946817 ) ) ;
#3241 = FILL_AREA_STYLE_COLOUR ( '', #11041 ) ;
#3242 = STYLED_ITEM ( 'NONE', ( #7327 ), #1673 ) ;
#3243 = ORIENTED_EDGE ( 'NONE', *, *, #1308, .F. ) ;
#3244 = CARTESIAN_POINT ( 'NONE',  ( 0.2982013754879659362, 2.150000000000000355, -0.04190405822187966839 ) ) ;
#3245 = VERTEX_POINT ( 'NONE', #9471 ) ;
#3246 = CARTESIAN_POINT ( 'NONE',  ( -0.2775511480698864553, 2.151000000000000689, 0.1898157005592643332 ) ) ;
#3247 = DIRECTION ( 'NONE',  ( -0.3427414958247868015, -0.000000000000000000, -0.9394297563095324044 ) ) ;
#3248 = FILL_AREA_STYLE ('',( #10846 ) ) ;
#3249 = CARTESIAN_POINT ( 'NONE',  ( 0.9730501225811498678, 2.150000000000000355, 0.2246124206292371694 ) ) ;
#3250 = DIRECTION ( 'NONE',  ( 0.9999748501857348426, 0.000000000000000000, 0.007092178509964866540 ) ) ;
#3251 = VERTEX_POINT ( 'NONE', #8264 ) ;
#3252 = LINE ( 'NONE', #10968, #6088 ) ;
#3253 = ORIENTED_EDGE ( 'NONE', *, *, #10845, .T. ) ;
#3254 =( NAMED_UNIT ( * ) SI_UNIT ( $, .STERADIAN. ) SOLID_ANGLE_UNIT ( ) );
#3255 = PLANE ( 'NONE',  #12061 ) ;
#3256 = DIRECTION ( 'NONE',  ( -0.4987484692609965853, 0.000000000000000000, -0.8667467706370833858 ) ) ;
#3257 = ADVANCED_FACE ( 'NONE', ( #9215 ), #4048, .F. ) ;
#3258 = EDGE_LOOP ( 'NONE', ( #668, #3203, #7827, #11596 ) ) ;
#3259 = DIRECTION ( 'NONE',  ( 0.007092178509961899295, 8.426690792499396795E-19, -0.9999748501857348426 ) ) ;
#3260 =( LENGTH_UNIT ( ) NAMED_UNIT ( * ) SI_UNIT ( .MILLI., .METRE. ) );
#3261 =( NAMED_UNIT ( * ) PLANE_ANGLE_UNIT ( ) SI_UNIT ( $, .RADIAN. ) );
#3262 = CARTESIAN_POINT ( 'NONE',  ( -0.2725644113077355657, 2.150000000000000355, -0.3153800097296737825 ) ) ;
#3263 = DIRECTION ( 'NONE',  ( 1.188166764367676342E-16, -1.000000000000000000, -0.000000000000000000 ) ) ;
#3264 = SURFACE_STYLE_USAGE ( .BOTH. , #8127 ) ;
#3265 = SURFACE_SIDE_STYLE ('',( #7946 ) ) ;
#3266 = FILL_AREA_STYLE_COLOUR ( '', #3211 ) ;
#3267 = STYLED_ITEM ( 'NONE', ( #10012 ), #8758 ) ;
#3268 = ORIENTED_EDGE ( 'NONE', *, *, #5939, .F. ) ;
#3269 = PRESENTATION_LAYER_ASSIGNMENT (  '', '', ( #903 ) ) ;
#3270 = B_SPLINE_CURVE_WITH_KNOTS ( 'NONE', 3,
 ( #1885, #11423, #5741, #2992 ),
 .UNSPECIFIED., .F., .F.,
 ( 4, 4 ),
 ( 1.000000000000000000, 2.000000000000000000 ),
 .UNSPECIFIED. ) ;
#3271 = EDGE_CURVE ( 'NONE', #11060, #10475, #11334, .T. ) ;
#3272 = EDGE_CURVE ( 'NONE', #332, #3810, #8764, .T. ) ;
#3273 =( LENGTH_UNIT ( ) NAMED_UNIT ( * ) SI_UNIT ( .MILLI., .METRE. ) );
#3274 = MECHANICAL_DESIGN_GEOMETRIC_PRESENTATION_REPRESENTATION (  '', ( #1503 ), #4665 ) ;
#3275 = FACE_OUTER_BOUND ( 'NONE', #5487, .T. ) ;
#3276 = PRESENTATION_LAYER_ASSIGNMENT (  '', '', ( #8783 ) ) ;
#3277 = LINE ( 'NONE', #2277, #7074 ) ;
#3278 = DIRECTION ( 'NONE',  ( 0.000000000000000000, -0.000000000000000000, 1.000000000000000000 ) ) ;
#3279 = UNCERTAINTY_MEASURE_WITH_UNIT (LENGTH_MEASURE( 1.000000000000000082E-05 ), #9974, 'distance_accuracy_value', 'NONE');
#3280 = EDGE_LOOP ( 'NONE', ( #5923, #10003, #9908, #10879 ) ) ;
#3281 = DIRECTION ( 'NONE',  ( 1.188166764367676342E-16, -1.000000000000000000, -0.000000000000000000 ) ) ;
#3282 = ORIENTED_EDGE ( 'NONE', *, *, #7793, .F. ) ;
#3283 = ORIENTED_EDGE ( 'NONE', *, *, #4411, .T. ) ;
#3284 = CARTESIAN_POINT ( 'NONE',  ( -0.04949035385863067432, 2.151000000000000689, -0.1598058686254419658 ) ) ;
#3285 = CARTESIAN_POINT ( 'NONE',  ( 0.5601440632598611025, 2.150000000000000355, -0.07185876848065600453 ) ) ;
#3286 = PRESENTATION_LAYER_ASSIGNMENT (  '', '', ( #11723 ) ) ;
#3287 = EDGE_CURVE ( 'NONE', #946, #2096, #8802, .T. ) ;
#3288 =( NAMED_UNIT ( * ) PLANE_ANGLE_UNIT ( ) SI_UNIT ( $, .RADIAN. ) );
#3289 = ORIENTED_EDGE ( 'NONE', *, *, #10070, .T. ) ;
#3290 = FACE_OUTER_BOUND ( 'NONE', #2067, .T. ) ;
#3291 = VECTOR ( 'NONE', #1788, 1000.000000000000000 ) ;
#3292 =( NAMED_UNIT ( * ) PLANE_ANGLE_UNIT ( ) SI_UNIT ( $, .RADIAN. ) );
#3293 = ORIENTED_EDGE ( 'NONE', *, *, #9408, .T. ) ;
#3294 = SURFACE_STYLE_FILL_AREA ( #7847 ) ;
#3295 = CARTESIAN_POINT ( 'NONE',  ( -0.04541511061656566817, 2.150000000000000355, -0.2286106707616518685 ) ) ;
#3296 = CARTESIAN_POINT ( 'NONE',  ( 0.8036585358091165032, 2.150000000000000355, 0.2537775348531681185 ) ) ;
#3297 = MECHANICAL_DESIGN_GEOMETRIC_PRESENTATION_REPRESENTATION (  '', ( #7614 ), #10594 ) ;
#3298 = EDGE_CURVE ( 'NONE', #2119, #4680, #3815, .T. ) ;
#3299 = FILL_AREA_STYLE ('',( #6100 ) ) ;
#3300 = ORIENTED_EDGE ( 'NONE', *, *, #8674, .F. ) ;
#3301 = CARTESIAN_POINT ( 'NONE',  ( -0.3814977638706876784, 2.151000000000000689, 0.09736951938159572884 ) ) ;
#3302 = STYLED_ITEM ( 'NONE', ( #5029 ), #7988 ) ;
#3303 = ORIENTED_EDGE ( 'NONE', *, *, #10737, .F. ) ;
#3304 = FACE_OUTER_BOUND ( 'NONE', #1736, .T. ) ;
#3305 =( GEOMETRIC_REPRESENTATION_CONTEXT ( 3 ) GLOBAL_UNCERTAINTY_ASSIGNED_CONTEXT ( ( #3470 ) ) GLOBAL_UNIT_ASSIGNED_CONTEXT ( ( #11306, #1159, #8484 ) ) REPRESENTATION_CONTEXT ( 'NONE', 'WORKASPACE' ) );
#3306 = FILL_AREA_STYLE ('',( #8794 ) ) ;
#3307 = CARTESIAN_POINT ( 'NONE',  ( 0.4400070412800634045, 2.151000000000000689, 0.1485307119745221671 ) ) ;
#3308 = VERTEX_POINT ( 'NONE', #260 ) ;
#3309 = PLANE ( 'NONE',  #9230 ) ;
#3310 = ORIENTED_EDGE ( 'NONE', *, *, #4133, .T. ) ;
#3311 = SURFACE_SIDE_STYLE ('',( #6246 ) ) ;
#3312 = EDGE_LOOP ( 'NONE', ( #8987, #1219, #9050, #7165 ) ) ;
#3313 = SURFACE_STYLE_USAGE ( .BOTH. , #8860 ) ;
#3314 = VECTOR ( 'NONE', #11699, 1000.000000000000000 ) ;
#3315 = CARTESIAN_POINT ( 'NONE',  ( -0.5793881924429503671, 2.151000000000000689, -0.04648440729807277322 ) ) ;
#3316 =( GEOMETRIC_REPRESENTATION_CONTEXT ( 3 ) GLOBAL_UNCERTAINTY_ASSIGNED_CONTEXT ( ( #3091 ) ) GLOBAL_UNIT_ASSIGNED_CONTEXT ( ( #9185, #11044, #6377 ) ) REPRESENTATION_CONTEXT ( 'NONE', 'WORKASPACE' ) );
#3317 = ORIENTED_EDGE ( 'NONE', *, *, #11298, .T. ) ;
#3318 = VERTEX_POINT ( 'NONE', #3912 ) ;
#3319 = VECTOR ( 'NONE', #8664, 1000.000000000000000 ) ;
#3320 =( LENGTH_UNIT ( ) NAMED_UNIT ( * ) SI_UNIT ( .MILLI., .METRE. ) );
#3321 =( NAMED_UNIT ( * ) SI_UNIT ( $, .STERADIAN. ) SOLID_ANGLE_UNIT ( ) );
#3322 = DIRECTION ( 'NONE',  ( 1.188166764367676342E-16, -1.000000000000000000, -0.000000000000000000 ) ) ;
#3323 = LINE ( 'NONE', #7094, #6623 ) ;
#3324 = CARTESIAN_POINT ( 'NONE',  ( -0.1521384168749586041, 2.151000000000000689, -0.2154344840441428377 ) ) ;
#3325 = VECTOR ( 'NONE', #7191, 1000.000000000000000 ) ;
#3326 = PRESENTATION_LAYER_ASSIGNMENT (  '', '', ( #11767 ) ) ;
#3327 = CARTESIAN_POINT ( 'NONE',  ( 1.129407673365080189, 2.151000000000000689, -0.005642319124506672140 ) ) ;
#3328 =( NAMED_UNIT ( * ) SI_UNIT ( $, .STERADIAN. ) SOLID_ANGLE_UNIT ( ) );
#3329 = ORIENTED_EDGE ( 'NONE', *, *, #2756, .T. ) ;
#3330 = MECHANICAL_DESIGN_GEOMETRIC_PRESENTATION_REPRESENTATION (  '', ( #1753 ), #10422 ) ;
#3331 = CARTESIAN_POINT ( 'NONE',  ( -0.2779647519489253926, 2.151000000000000689, -0.2943106943194061520 ) ) ;
#3332 = PRESENTATION_LAYER_ASSIGNMENT (  '', '', ( #9653 ) ) ;
#3333 = FILL_AREA_STYLE ('',( #7041 ) ) ;
#3334 = ADVANCED_FACE ( 'NONE', ( #8515 ), #6137, .F. ) ;
#3335 = CARTESIAN_POINT ( 'NONE',  ( -0.1180595589040768778, 2.151000000000000689, -0.1531176758397616300 ) ) ;
#3336 = MECHANICAL_DESIGN_GEOMETRIC_PRESENTATION_REPRESENTATION (  '', ( #4341 ), #5920 ) ;
#3337 = EDGE_CURVE ( 'NONE', #2565, #5218, #8634, .T. ) ;
#3338 = ORIENTED_EDGE ( 'NONE', *, *, #3679, .T. ) ;
#3339 = ADVANCED_FACE ( 'NONE', ( #3973 ), #4258, .T. ) ;
#3340 = CARTESIAN_POINT ( 'NONE',  ( -0.1220798914261043283, 2.150000000000000355, 0.07654211085997418562 ) ) ;
#3341 = ORIENTED_EDGE ( 'NONE', *, *, #2433, .F. ) ;
#3342 = VECTOR ( 'NONE', #1048, 1000.000000000000227 ) ;
#3343 = EDGE_LOOP ( 'NONE', ( #8836, #9316, #4625, #3141 ) ) ;
#3344 = LINE ( 'NONE', #7112, #4394 ) ;
#3345 = FACE_OUTER_BOUND ( 'NONE', #8812, .T. ) ;
#3346 =( LENGTH_UNIT ( ) NAMED_UNIT ( * ) SI_UNIT ( .MILLI., .METRE. ) );
#3347 =( NAMED_UNIT ( * ) PLANE_ANGLE_UNIT ( ) SI_UNIT ( $, .RADIAN. ) );
#3348 = VECTOR ( 'NONE', #10834, 1000.000000000000114 ) ;
#3349 = ORIENTED_EDGE ( 'NONE', *, *, #482, .T. ) ;
#3350 = UNCERTAINTY_MEASURE_WITH_UNIT (LENGTH_MEASURE( 1.000000000000000082E-05 ), #272, 'distance_accuracy_value', 'NONE');
#3351 = STYLED_ITEM ( 'NONE', ( #8132 ), #3954 ) ;
#3352 =( NAMED_UNIT ( * ) PLANE_ANGLE_UNIT ( ) SI_UNIT ( $, .RADIAN. ) );
#3353 =( NAMED_UNIT ( * ) SI_UNIT ( $, .STERADIAN. ) SOLID_ANGLE_UNIT ( ) );
#3354 = SURFACE_STYLE_FILL_AREA ( #5407 ) ;
#3355 = EDGE_CURVE ( 'NONE', #5482, #2148, #6211, .T. ) ;
#3356 = B_SPLINE_SURFACE_WITH_KNOTS ( 'NONE', 3, 1, ( 
 ( #4829, #10938 ),
 ( #4166, #2287 ),
 ( #6151, #9019 ),
 ( #7907, #582 ) ),
 .UNSPECIFIED., .F., .F., .F.,
 ( 4, 4 ),
 ( 2, 2 ),
 ( 8.000000000000000000, 9.000000000000000000 ),
 ( 0.000000000000000000, 1.000000000000000000 ),
 .UNSPECIFIED. ) ;
#3357 = CARTESIAN_POINT ( 'NONE',  ( -0.6043634795704344587, 2.151000000000000245, -0.2268561197053296785 ) ) ;
#3358 =( NAMED_UNIT ( * ) SI_UNIT ( $, .STERADIAN. ) SOLID_ANGLE_UNIT ( ) );
#3359 = CARTESIAN_POINT ( 'NONE',  ( -0.05347303180822479685, 2.150000000000000355, -0.2286678204144655113 ) ) ;
#3360 = FILL_AREA_STYLE_COLOUR ( '', #1595 ) ;
#3361 = PRESENTATION_LAYER_ASSIGNMENT (  '', '', ( #2946 ) ) ;
#3362 = CARTESIAN_POINT ( 'NONE',  ( -3.049999999999998934, 2.149999999999999911, 1.739999999999999991 ) ) ;
#3363 = DIRECTION ( 'NONE',  ( -0.9999748501857348426, 0.000000000000000000, -0.007092178509963748510 ) ) ;
#3364 = UNCERTAINTY_MEASURE_WITH_UNIT (LENGTH_MEASURE( 1.000000000000000082E-05 ), #4622, 'distance_accuracy_value', 'NONE');
#3365 = SURFACE_STYLE_FILL_AREA ( #3299 ) ;
#3366 = ORIENTED_EDGE ( 'NONE', *, *, #10982, .T. ) ;
#3367 = DIRECTION ( 'NONE',  ( -0.000000000000000000, 1.000000000000000000, 0.000000000000000000 ) ) ;
#3368 = STYLED_ITEM ( 'NONE', ( #12001 ), #3563 ) ;
#3369 = SURFACE_STYLE_FILL_AREA ( #2492 ) ;
#3370 = CARTESIAN_POINT ( 'NONE',  ( 0.1055450673871456413, 2.151000000000000689, -0.06502175767967410813 ) ) ;
#3371 = ADVANCED_FACE ( 'NONE', ( #6147 ), #8072, .F. ) ;
#3372 = CARTESIAN_POINT ( 'NONE',  ( 0.02704531900900807723, 2.150000000000000355, -0.06557850591027368503 ) ) ;
#3373 = DIRECTION ( 'NONE',  ( 1.188166764367676342E-16, -1.000000000000000000, -0.000000000000000000 ) ) ;
#3374 = CARTESIAN_POINT ( 'NONE',  ( 0.8295319186514757970, 2.150000000000000355, -0.3360164991093930742 ) ) ;
#3375 = ORIENTED_EDGE ( 'NONE', *, *, #8174, .T. ) ;
#3376 = CARTESIAN_POINT ( 'NONE',  ( -3.649999999999997691, 1.599999999999999867, -4.898587196589411843E-17 ) ) ;
#3377 = ORIENTED_EDGE ( 'NONE', *, *, #11037, .T. ) ;
#3378 = CARTESIAN_POINT ( 'NONE',  ( 0.9090592128856098686, 2.151000000000000689, -0.3354524631568707171 ) ) ;
#3379 = CARTESIAN_POINT ( 'NONE',  ( 1.160911014477863379, 2.151000000000000689, -0.1659275319788961200 ) ) ;
#3380 = FACE_OUTER_BOUND ( 'NONE', #2267, .T. ) ;
#3381 = PRESENTATION_LAYER_ASSIGNMENT (  '', '', ( #434 ) ) ;
#3382 = VERTEX_POINT ( 'NONE', #1493 ) ;
#3383 = CARTESIAN_POINT ( 'NONE',  ( 0.7640026484976881749, 2.151000000000000689, -0.2714101968793087849 ) ) ;
#3384 = FACE_OUTER_BOUND ( 'NONE', #11625, .T. ) ;
#3385 = SURFACE_STYLE_USAGE ( .BOTH. , #7812 ) ;
#3386 = SURFACE_STYLE_USAGE ( .BOTH. , #5377 ) ;
#3387 = CARTESIAN_POINT ( 'NONE',  ( -0.3773200013957546117, 2.150000000000000355, -0.1031751969012276865 ) ) ;
#3388 = VECTOR ( 'NONE', #6827, 1000.000000000000000 ) ;
#3389 = CARTESIAN_POINT ( 'NONE',  ( -0.3202505028397995557, 2.151000000000000689, -0.2477163385472322676 ) ) ;
#3390 = CARTESIAN_POINT ( 'NONE',  ( -0.4920824723393360522, 2.151000000000000689, 0.2078421082990356550 ) ) ;
#3391 = VERTEX_POINT ( 'NONE', #5275 ) ;
#3392 =( NAMED_UNIT ( * ) PLANE_ANGLE_UNIT ( ) SI_UNIT ( $, .RADIAN. ) );
#3393 = EDGE_CURVE ( 'NONE', #7083, #7412, #1373, .T. ) ;
#3394 = VECTOR ( 'NONE', #1315, 1000.000000000000000 ) ;
#3395 = DIRECTION ( 'NONE',  ( -0.007092178509968432264, -0.000000000000000000, 0.9999748501857348426 ) ) ;
#3396 = PRESENTATION_LAYER_ASSIGNMENT (  '', '', ( #8896 ) ) ;
#3397 = CARTESIAN_POINT ( 'NONE',  ( -0.2086087507596197932, 2.151000000000000689, -0.2506677580386075244 ) ) ;
#3398 =( NAMED_UNIT ( * ) SI_UNIT ( $, .STERADIAN. ) SOLID_ANGLE_UNIT ( ) );
#3399 = B_SPLINE_CURVE_WITH_KNOTS ( 'NONE', 3,
 ( #6766, #10505, #11599, #3160 ),
 .UNSPECIFIED., .F., .F.,
 ( 4, 4 ),
 ( 6.000000000000000000, 7.000000000000000000 ),
 .UNSPECIFIED. ) ;
#3400 = CARTESIAN_POINT ( 'NONE',  ( 1.160911014477863379, 2.150000000000000355, -0.1659275319788961200 ) ) ;
#3401 = PRESENTATION_STYLE_ASSIGNMENT (( #11881 ) ) ;
#3402 = SURFACE_STYLE_USAGE ( .BOTH. , #1603 ) ;
#3403 = ORIENTED_EDGE ( 'NONE', *, *, #2789, .F. ) ;
#3404 = ORIENTED_EDGE ( 'NONE', *, *, #9919, .T. ) ;
#3405 = FACE_OUTER_BOUND ( 'NONE', #3764, .T. ) ;
#3406 = ORIENTED_EDGE ( 'NONE', *, *, #6906, .F. ) ;
#3407 = PRESENTATION_LAYER_ASSIGNMENT (  '', '', ( #2798 ) ) ;
#3408 = SURFACE_SIDE_STYLE ('',( #10189 ) ) ;
#3409 = FILL_AREA_STYLE ('',( #2350 ) ) ;
#3410 = EDGE_CURVE ( 'NONE', #7274, #8085, #7051, .T. ) ;
#3411 = SURFACE_SIDE_STYLE ('',( #8200 ) ) ;
#3412 =( NAMED_UNIT ( * ) SI_UNIT ( $, .STERADIAN. ) SOLID_ANGLE_UNIT ( ) );
#3413 = ADVANCED_FACE ( 'NONE', ( #3345 ), #6993, .F. ) ;
#3414 = ORIENTED_EDGE ( 'NONE', *, *, #10914, .T. ) ;
#3415 =( LENGTH_UNIT ( ) NAMED_UNIT ( * ) SI_UNIT ( .MILLI., .METRE. ) );
#3416 = PLANE ( 'NONE',  #8240 ) ;
#3417 = CARTESIAN_POINT ( 'NONE',  ( -0.8494009958149657535, 2.151000000000000245, -0.08583166086340963952 ) ) ;
#3418 = UNCERTAINTY_MEASURE_WITH_UNIT (LENGTH_MEASURE( 1.000000000000000082E-05 ), #2189, 'distance_accuracy_value', 'NONE');
#3419 = VECTOR ( 'NONE', #365, 1000.000000000000000 ) ;
#3420 = CARTESIAN_POINT ( 'NONE',  ( 0.7133942629646764511, 2.150000000000000355, 0.3398987606843663634 ) ) ;
#3421 = SURFACE_SIDE_STYLE ('',( #7970 ) ) ;
#3422 = ORIENTED_EDGE ( 'NONE', *, *, #4568, .T. ) ;
#3423 = SURFACE_SIDE_STYLE ('',( #11842 ) ) ;
#3424 = SURFACE_STYLE_USAGE ( .BOTH. , #11844 ) ;
#3425 = STYLED_ITEM ( 'NONE', ( #10053 ), #11914 ) ;
#3426 = CARTESIAN_POINT ( 'NONE',  ( -0.1808918038609488022, 2.150000000000000355, -0.1489882546508755901 ) ) ;
#3427 = B_SPLINE_CURVE_WITH_KNOTS ( 'NONE', 3,
 ( #8527, #1808, #84, #7600 ),
 .UNSPECIFIED., .F., .F.,
 ( 4, 4 ),
 ( 3.000000000000000000, 4.000000000000000000 ),
 .UNSPECIFIED. ) ;
#3428 = DIRECTION ( 'NONE',  ( -0.3382111624796507732, -0.000000000000000000, 0.9410702468860459025 ) ) ;
#3429 = CARTESIAN_POINT ( 'NONE',  ( -0.4644385109487370600, 2.150000000000000355, 0.2025273135860955476 ) ) ;
#3430 = MECHANICAL_DESIGN_GEOMETRIC_PRESENTATION_REPRESENTATION (  '', ( #6212 ), #11867 ) ;
#3431 = EDGE_CURVE ( 'NONE', #3751, #1468, #6485, .T. ) ;
#3432 = VERTEX_POINT ( 'NONE', #7457 ) ;
#3433 = PRESENTATION_STYLE_ASSIGNMENT (( #1573 ) ) ;
#3434 = LINE ( 'NONE', #9108, #282 ) ;
#3435 = CARTESIAN_POINT ( 'NONE',  ( -0.3814892801183843440, 2.150000000000000355, 0.07418239486422290030 ) ) ;
#3436 = CARTESIAN_POINT ( 'NONE',  ( -0.2446671676325514466, 2.151000000000000689, -0.2317914703721156156 ) ) ;
#3437 = LINE ( 'NONE', #10651, #4204 ) ;
#3438 = FILL_AREA_STYLE_COLOUR ( '', #3101 ) ;
#3439 = ORIENTED_EDGE ( 'NONE', *, *, #7685, .F. ) ;
#3440 = CARTESIAN_POINT ( 'NONE',  ( -0.5024100845746103383, 2.151000000000000689, 0.07332478136463065066 ) ) ;
#3441 = ORIENTED_EDGE ( 'NONE', *, *, #4631, .F. ) ;
#3442 = DIRECTION ( 'NONE',  ( -0.9999748501857349536, -1.188136882194236462E-16, -0.007092178509948729274 ) ) ;
#3443 = DIRECTION ( 'NONE',  ( 0.007092178509967527605, 0.000000000000000000, -0.9999748501857348426 ) ) ;
#3444 = VECTOR ( 'NONE', #6931, 1000.000000000000114 ) ;
#3445 = PRESENTATION_LAYER_ASSIGNMENT (  '', '', ( #3841 ) ) ;
#3446 = CARTESIAN_POINT ( 'NONE',  ( -0.2096868513068216588, 2.150000000000000355, -0.09865897376185628342 ) ) ;
#3447 = EDGE_CURVE ( 'NONE', #2096, #11782, #9702, .T. ) ;
#3448 = CARTESIAN_POINT ( 'NONE',  ( 3.650000000000000355, -2.149999999999999911, 1.750000000000000000 ) ) ;
#3449 = ORIENTED_EDGE ( 'NONE', *, *, #11170, .T. ) ;
#3450 = CARTESIAN_POINT ( 'NONE',  ( -0.04649172008959381180, 2.151000000000000689, -0.1794365201062666504 ) ) ;
#3451 = FILL_AREA_STYLE_COLOUR ( '', #5435 ) ;
#3452 = SURFACE_SIDE_STYLE ('',( #7271 ) ) ;
#3453 = SURFACE_SIDE_STYLE ('',( #2402 ) ) ;
#3454 = ORIENTED_EDGE ( 'NONE', *, *, #3593, .T. ) ;
#3455 = EDGE_CURVE ( 'NONE', #11227, #1281, #11009, .T. ) ;
#3456 = DIRECTION ( 'NONE',  ( -0.9999748501857351757, -0.000000000000000000, -0.007092178509925104075 ) ) ;
#3457 = B_SPLINE_CURVE_WITH_KNOTS ( 'NONE', 3,
 ( #527, #4296, #3296, #468 ),
 .UNSPECIFIED., .F., .F.,
 ( 4, 4 ),
 ( 20.00000000000000000, 21.00000000000000000 ),
 .UNSPECIFIED. ) ;
#3458 = PRESENTATION_LAYER_ASSIGNMENT (  '', '', ( #709 ) ) ;
#3459 = FILL_AREA_STYLE ('',( #9078 ) ) ;
#3460 = LINE ( 'NONE', #2340, #768 ) ;
#3461 = SURFACE_STYLE_USAGE ( .BOTH. , #1487 ) ;
#3462 = AXIS2_PLACEMENT_3D ( 'NONE', #11136, #4729, #6540 ) ;
#3463 = EDGE_LOOP ( 'NONE', ( #1273, #10888, #6250, #10000, #6959, #3310, #11702, #3592, #5531, #8799, #200, #2626 ) ) ;
#3464 =( LENGTH_UNIT ( ) NAMED_UNIT ( * ) SI_UNIT ( .MILLI., .METRE. ) );
#3465 = ORIENTED_EDGE ( 'NONE', *, *, #7178, .F. ) ;
#3466 = CARTESIAN_POINT ( 'NONE',  ( 0.02353053427882507986, 2.151000000000000689, -0.2224028712754021475 ) ) ;
#3467 = B_SPLINE_CURVE_WITH_KNOTS ( 'NONE', 3,
 ( #1863, #8386, #1984, #7473 ),
 .UNSPECIFIED., .F., .F.,
 ( 4, 4 ),
 ( 2.000000000000000000, 3.000000000000000000 ),
 .UNSPECIFIED. ) ;
#3468 = B_SPLINE_CURVE_WITH_KNOTS ( 'NONE', 3,
 ( #3826, #1960, #10593, #5932 ),
 .UNSPECIFIED., .F., .F.,
 ( 4, 4 ),
 ( 26.00000000000000000, 27.00000000000000000 ),
 .UNSPECIFIED. ) ;
#3469 = VECTOR ( 'NONE', #324, 1000.000000000000000 ) ;
#3470 = UNCERTAINTY_MEASURE_WITH_UNIT (LENGTH_MEASURE( 1.000000000000000082E-05 ), #11306, 'distance_accuracy_value', 'NONE');
#3471 = STYLED_ITEM ( 'NONE', ( #10916 ), #1000 ) ;
#3472 = DIRECTION ( 'NONE',  ( 1.000000000000000000, 1.188166764367676342E-16, 0.000000000000000000 ) ) ;
#3473 =( NAMED_UNIT ( * ) PLANE_ANGLE_UNIT ( ) SI_UNIT ( $, .RADIAN. ) );
#3474 = CARTESIAN_POINT ( 'NONE',  ( -0.2046567300647318677, 2.151000000000000689, 0.1670415306926976151 ) ) ;
#3475 = SURFACE_STYLE_FILL_AREA ( #8776 ) ;
#3476 = VERTEX_POINT ( 'NONE', #3588 ) ;
#3477 =( GEOMETRIC_REPRESENTATION_CONTEXT ( 3 ) GLOBAL_UNCERTAINTY_ASSIGNED_CONTEXT ( ( #4961 ) ) GLOBAL_UNIT_ASSIGNED_CONTEXT ( ( #4042, #3347, #6085 ) ) REPRESENTATION_CONTEXT ( 'NONE', 'WORKASPACE' ) );
#3478 = CARTESIAN_POINT ( 'NONE',  ( 0.5172782460321342368, 2.150000000000000355, 0.2633146077990298206 ) ) ;
#3479 = SURFACE_SIDE_STYLE ('',( #7237 ) ) ;
#3480 =( NAMED_UNIT ( * ) SI_UNIT ( $, .STERADIAN. ) SOLID_ANGLE_UNIT ( ) );
#3481 = SURFACE_STYLE_USAGE ( .BOTH. , #594 ) ;
#3482 = CARTESIAN_POINT ( 'NONE',  ( -0.6043634795704344587, 2.149999999999999911, -0.2268561197053296785 ) ) ;
#3483 = ORIENTED_EDGE ( 'NONE', *, *, #6920, .T. ) ;
#3484 = PRESENTATION_LAYER_ASSIGNMENT (  '', '', ( #3084 ) ) ;
#3485 = ORIENTED_EDGE ( 'NONE', *, *, #5265, .F. ) ;
#3486 = CARTESIAN_POINT ( 'NONE',  ( -0.03258885742592490531, 2.151000000000000689, 0.1180403270323975573 ) ) ;
#3487 = CARTESIAN_POINT ( 'NONE',  ( -0.2844641781314494744, 2.151000000000000689, -0.3161922559700406365 ) ) ;
#3488 =( NAMED_UNIT ( * ) PLANE_ANGLE_UNIT ( ) SI_UNIT ( $, .RADIAN. ) );
#3489 =( NAMED_UNIT ( * ) PLANE_ANGLE_UNIT ( ) SI_UNIT ( $, .RADIAN. ) );
#3490 = CARTESIAN_POINT ( 'NONE',  ( -0.1912972168460800315, 2.150000000000000355, -0.2505449784619278031 ) ) ;
#3491 = EDGE_CURVE ( 'NONE', #4986, #9759, #4587, .T. ) ;
#3492 = FILL_AREA_STYLE ('',( #722 ) ) ;
#3493 = SURFACE_SIDE_STYLE ('',( #10111 ) ) ;
#3494 = ORIENTED_EDGE ( 'NONE', *, *, #1377, .T. ) ;
#3495 = CARTESIAN_POINT ( 'NONE',  ( 3.670000000000000373, 1.800000000000000044, -1.770000000000001572 ) ) ;
#3496 = EDGE_CURVE ( 'NONE', #3308, #9845, #4463, .T. ) ;
#3497 = EDGE_CURVE ( 'NONE', #4714, #10840, #5581, .T. ) ;
#3498 = FILL_AREA_STYLE_COLOUR ( '', #6833 ) ;
#3499 = CARTESIAN_POINT ( 'NONE',  ( -0.08121396209516698605, 2.151000000000000689, -0.2170110306316229976 ) ) ;
#3500 =( LENGTH_UNIT ( ) NAMED_UNIT ( * ) SI_UNIT ( .MILLI., .METRE. ) );
#3501 =( GEOMETRIC_REPRESENTATION_CONTEXT ( 3 ) GLOBAL_UNCERTAINTY_ASSIGNED_CONTEXT ( ( #7305 ) ) GLOBAL_UNIT_ASSIGNED_CONTEXT ( ( #3999, #4681, #5738 ) ) REPRESENTATION_CONTEXT ( 'NONE', 'WORKASPACE' ) );
#3502 = ORIENTED_EDGE ( 'NONE', *, *, #6181, .T. ) ;
#3503 = FILL_AREA_STYLE_COLOUR ( '', #9611 ) ;
#3504 = CARTESIAN_POINT ( 'NONE',  ( -0.2643011583656879604, 2.150000000000000355, -0.1023736269321330328 ) ) ;
#3505 =( NAMED_UNIT ( * ) SI_UNIT ( $, .STERADIAN. ) SOLID_ANGLE_UNIT ( ) );
#3506 = CARTESIAN_POINT ( 'NONE',  ( -0.01104944699464593776, 2.151000000000000689, 0.1011406335244480204 ) ) ;
#3507 = EDGE_CURVE ( 'NONE', #12104, #12181, #988, .T. ) ;
#3508 = CARTESIAN_POINT ( 'NONE',  ( -0.3088860829701925437, 2.151000000000000689, -0.2740462533201795114 ) ) ;
#3509 = ORIENTED_EDGE ( 'NONE', *, *, #479, .T. ) ;
#3510 = COLOUR_RGB ( '',1.000000000000000000, 1.000000000000000000, 1.000000000000000000 ) ;
#3511 = STYLED_ITEM ( 'NONE', ( #2246 ), #7064 ) ;
#3512 =( GEOMETRIC_REPRESENTATION_CONTEXT ( 3 ) GLOBAL_UNCERTAINTY_ASSIGNED_CONTEXT ( ( #399 ) ) GLOBAL_UNIT_ASSIGNED_CONTEXT ( ( #12151, #12089, #7314 ) ) REPRESENTATION_CONTEXT ( 'NONE', 'WORKASPACE' ) );
#3513 = COLOUR_RGB ( '',1.000000000000000000, 1.000000000000000000, 1.000000000000000000 ) ;
#3514 = LINE ( 'NONE', #9365, #9463 ) ;
#3515 = CARTESIAN_POINT ( 'NONE',  ( 1.094038298431735612, 2.151000000000000689, -0.1157909657433316558 ) ) ;
#3516 = VECTOR ( 'NONE', #5123, 1000.000000000000000 ) ;
#3517 = CARTESIAN_POINT ( 'NONE',  ( -0.1521384168749586319, 2.150000000000000355, -0.2154344840441428099 ) ) ;
#3518 = COLOUR_RGB ( '',1.000000000000000000, 1.000000000000000000, 1.000000000000000000 ) ;
#3519 = SURFACE_STYLE_USAGE ( .BOTH. , #692 ) ;
#3520 = CARTESIAN_POINT ( 'NONE',  ( 0.3878605918180507706, 2.150000000000000355, -0.04271421969628785842 ) ) ;
#3521 =( LENGTH_UNIT ( ) NAMED_UNIT ( * ) SI_UNIT ( .MILLI., .METRE. ) );
#3522 = EDGE_CURVE ( 'NONE', #2148, #10625, #8316, .T. ) ;
#3523 = LINE ( 'NONE', #6450, #11594 ) ;
#3524 = ORIENTED_EDGE ( 'NONE', *, *, #3298, .T. ) ;
#3525 = SURFACE_SIDE_STYLE ('',( #11935 ) ) ;
#3526 = VERTEX_POINT ( 'NONE', #5456 ) ;
#3527 = CARTESIAN_POINT ( 'NONE',  ( -0.2176754415752549798, 2.150000000000000355, -0.1964553339650816910 ) ) ;
#3528 = CARTESIAN_POINT ( 'NONE',  ( -0.01540638968073652915, 2.150000000000000355, 0.2536460551153438825 ) ) ;
#3529 = COLOUR_RGB ( '',0.6470588235294117974, 0.6196078431372549211, 0.5882352941176470784 ) ;
#3530 = MECHANICAL_DESIGN_GEOMETRIC_PRESENTATION_REPRESENTATION (  '', ( #3931 ), #6882 ) ;
#3531 = CARTESIAN_POINT ( 'NONE',  ( 0.5114124334668924687, 2.151000000000000689, 0.07095187897368937513 ) ) ;
#3532 = DIRECTION ( 'NONE',  ( 1.188166764367676342E-16, -1.000000000000000000, -0.000000000000000000 ) ) ;
#3533 = PRESENTATION_LAYER_ASSIGNMENT (  '', '', ( #4341 ) ) ;
#3534 = CARTESIAN_POINT ( 'NONE',  ( -0.8122349957241149498, 2.150000000000000355, -0.1729099279294079583 ) ) ;
#3535 = COLOUR_RGB ( '',1.000000000000000000, 1.000000000000000000, 1.000000000000000000 ) ;
#3536 = SURFACE_SIDE_STYLE ('',( #1618 ) ) ;
#3537 = FILL_AREA_STYLE_COLOUR ( '', #6874 ) ;
#3538 = CARTESIAN_POINT ( 'NONE',  ( 0.5718859439593659832, 2.151000000000000689, 0.3114206863113233026 ) ) ;
#3539 = CARTESIAN_POINT ( 'NONE',  ( 3.670000000000000373, 1.800000000000000044, -1.770000000000001572 ) ) ;
#3540 = CARTESIAN_POINT ( 'NONE',  ( -0.1803391311385203755, 2.151000000000000689, -0.1022980303033084598 ) ) ;
#3541 = DIRECTION ( 'NONE',  ( -0.007092178509961410103, -0.000000000000000000, 0.9999748501857348426 ) ) ;
#3542 =( GEOMETRIC_REPRESENTATION_CONTEXT ( 3 ) GLOBAL_UNCERTAINTY_ASSIGNED_CONTEXT ( ( #12127 ) ) GLOBAL_UNIT_ASSIGNED_CONTEXT ( ( #2122, #1139, #9788 ) ) REPRESENTATION_CONTEXT ( 'NONE', 'WORKASPACE' ) );
#3543 = CARTESIAN_POINT ( 'NONE',  ( -0.1845599917712082982, 2.150000000000000355, -0.1522376013544926854 ) ) ;
#3544 = CARTESIAN_POINT ( 'NONE',  ( 0.7634386125451609884, 2.151000000000000689, -0.1918829026444843766 ) ) ;
#3545 = STYLED_ITEM ( 'NONE', ( #5164 ), #6149 ) ;
#3546 = CARTESIAN_POINT ( 'NONE',  ( 0.8792581966279319206, 2.150000000000000355, 0.1964727731163694313 ) ) ;
#3547 = VECTOR ( 'NONE', #4393, 1000.000000000000000 ) ;
#3548 = CARTESIAN_POINT ( 'NONE',  ( -0.4037291882663764930, 2.151000000000000689, -0.1033625002794622688 ) ) ;
#3549 = FILL_AREA_STYLE_COLOUR ( '', #755 ) ;
#3550 = LINE ( 'NONE', #7247, #756 ) ;
#3551 =( LENGTH_UNIT ( ) NAMED_UNIT ( * ) SI_UNIT ( .MILLI., .METRE. ) );
#3552 = CARTESIAN_POINT ( 'NONE',  ( -0.01322029427561530190, 2.151000000000000689, -0.2378443686416419900 ) ) ;
#3553 = LINE ( 'NONE', #2608, #6648 ) ;
#3554 = ORIENTED_EDGE ( 'NONE', *, *, #8286, .F. ) ;
#3555 = FILL_AREA_STYLE_COLOUR ( '', #2923 ) ;
#3556 = DIRECTION ( 'NONE',  ( 1.188166764367676342E-16, -1.000000000000000000, -0.000000000000000000 ) ) ;
#3557 = B_SPLINE_SURFACE_WITH_KNOTS ( 'NONE', 3, 1, ( 
 ( #8369, #10365 ),
 ( #1904, #5696 ),
 ( #4764, #8499 ),
 ( #7579, #247 ) ),
 .UNSPECIFIED., .F., .F., .F.,
 ( 4, 4 ),
 ( 2, 2 ),
 ( 2.000000000000000000, 3.000000000000000000 ),
 ( 0.000000000000000000, 1.000000000000000000 ),
 .UNSPECIFIED. ) ;
#3558 = FILL_AREA_STYLE ('',( #4618 ) ) ;
#3559 = LINE ( 'NONE', #1647, #4280 ) ;
#3560 = ORIENTED_EDGE ( 'NONE', *, *, #1593, .F. ) ;
#3561 = EDGE_CURVE ( 'NONE', #3625, #10566, #5401, .T. ) ;
#3562 =( NAMED_UNIT ( * ) SI_UNIT ( $, .STERADIAN. ) SOLID_ANGLE_UNIT ( ) );
#3563 = ADVANCED_FACE ( 'NONE', ( #3648 ), #9331, .F. ) ;
#3564 = VERTEX_POINT ( 'NONE', #10547 ) ;
#3565 = ADVANCED_FACE ( 'NONE', ( #5699 ), #505, .F. ) ;
#3566 = PLANE ( 'NONE',  #7436 ) ;
#3567 = CARTESIAN_POINT ( 'NONE',  ( -0.02916875044342299994, 2.151000000000000689, -0.2175777130769686596 ) ) ;
#3568 = CARTESIAN_POINT ( 'NONE',  ( 0.1330747596422149626, 2.150000000000000355, -0.2448131292220022126 ) ) ;
#3569 = PLANE ( 'NONE',  #494 ) ;
#3570 = CARTESIAN_POINT ( 'NONE',  ( 0.1061718700308708768, 2.151000000000000689, -0.1533989578410275834 ) ) ;
#3571 = FILL_AREA_STYLE ('',( #8422 ) ) ;
#3572 = SURFACE_STYLE_USAGE ( .BOTH. , #1889 ) ;
#3573 = ORIENTED_EDGE ( 'NONE', *, *, #10558, .F. ) ;
#3574 = COLOUR_RGB ( '',1.000000000000000000, 1.000000000000000000, 1.000000000000000000 ) ;
#3575 = CARTESIAN_POINT ( 'NONE',  ( -0.4576776305806097289, 2.151000000000000689, -0.06901633405737885030 ) ) ;
#3576 = STYLED_ITEM ( 'NONE', ( #1011 ), #4329 ) ;
#3577 = CARTESIAN_POINT ( 'NONE',  ( -0.8122349957241151719, 2.151000000000000245, -0.1729099279294075420 ) ) ;
#3578 = B_SPLINE_CURVE_WITH_KNOTS ( 'NONE', 3,
 ( #2195, #353, #4058, #9929 ),
 .UNSPECIFIED., .F., .F.,
 ( 4, 4 ),
 ( 3.000000000000000000, 4.000000000000000000 ),
 .UNSPECIFIED. ) ;
#3579 = EDGE_CURVE ( 'NONE', #3042, #8498, #3074, .T. ) ;
#3580 = VECTOR ( 'NONE', #27, 1000.000000000000000 ) ;
#3581 =( GEOMETRIC_REPRESENTATION_CONTEXT ( 3 ) GLOBAL_UNCERTAINTY_ASSIGNED_CONTEXT ( ( #6868 ) ) GLOBAL_UNIT_ASSIGNED_CONTEXT ( ( #10549, #3901, #1976 ) ) REPRESENTATION_CONTEXT ( 'NONE', 'WORKASPACE' ) );
#3582 = CARTESIAN_POINT ( 'NONE',  ( 1.129407673365080189, 2.151000000000000689, -0.005642319124506672140 ) ) ;
#3583 = SURFACE_STYLE_FILL_AREA ( #9081 ) ;
#3584 = VERTEX_POINT ( 'NONE', #10430 ) ;
#3585 = PLANE ( 'NONE',  #4991 ) ;
#3586 = ORIENTED_EDGE ( 'NONE', *, *, #3963, .F. ) ;
#3587 = CARTESIAN_POINT ( 'NONE',  ( -0.5024100845746103383, 2.150000000000000355, 0.07332478136463065066 ) ) ;
#3588 = CARTESIAN_POINT ( 'NONE',  ( 0.9090592128856098686, 2.150000000000000355, -0.3354524631568707171 ) ) ;
#3589 = VECTOR ( 'NONE', #4707, 1000.000000000000000 ) ;
#3590 = LINE ( 'NONE', #4352, #7039 ) ;
#3591 = CARTESIAN_POINT ( 'NONE',  ( -3.669999999999997708, 1.800000000000000044, -1.770000000000000018 ) ) ;
#3592 = ORIENTED_EDGE ( 'NONE', *, *, #10523, .T. ) ;
#3593 = EDGE_CURVE ( 'NONE', #9012, #2148, #11574, .T. ) ;
#3594 = UNCERTAINTY_MEASURE_WITH_UNIT (LENGTH_MEASURE( 1.000000000000000082E-05 ), #10864, 'distance_accuracy_value', 'NONE');
#3595 = CARTESIAN_POINT ( 'NONE',  ( -0.01322029427561530190, 2.151000000000000689, -0.2378443686416419900 ) ) ;
#3596 = CARTESIAN_POINT ( 'NONE',  ( -0.2927898087705994579, 2.151000000000000689, -0.1025756786078747124 ) ) ;
#3597 =( GEOMETRIC_REPRESENTATION_CONTEXT ( 3 ) GLOBAL_UNCERTAINTY_ASSIGNED_CONTEXT ( ( #2234 ) ) GLOBAL_UNIT_ASSIGNED_CONTEXT ( ( #2181, #10138, #4461 ) ) REPRESENTATION_CONTEXT ( 'NONE', 'WORKASPACE' ) );
#3598 = FACE_OUTER_BOUND ( 'NONE', #659, .T. ) ;
#3599 = COLOUR_RGB ( '',1.000000000000000000, 1.000000000000000000, 1.000000000000000000 ) ;
#3600 = ORIENTED_EDGE ( 'NONE', *, *, #2681, .T. ) ;
#3601 = CARTESIAN_POINT ( 'NONE',  ( 0.6410967227516382039, 2.150000000000000355, 0.3393860007275265045 ) ) ;
#3602 = CARTESIAN_POINT ( 'NONE',  ( -0.9087884570791778804, 2.151000000000000245, -0.2522023949766166173 ) ) ;
#3603 = B_SPLINE_CURVE_WITH_KNOTS ( 'NONE', 3,
 ( #11465, #10500, #3036, #9777 ),
 .UNSPECIFIED., .F., .F.,
 ( 4, 4 ),
 ( 6.000000000000000000, 7.000000000000000000 ),
 .UNSPECIFIED. ) ;
#3604 = LINE ( 'NONE', #10201, #440 ) ;
#3605 = SURFACE_SIDE_STYLE ('',( #767 ) ) ;
#3606 = DIRECTION ( 'NONE',  ( 0.007092178509963727694, 8.426690792501570207E-19, -0.9999748501857348426 ) ) ;
#3607 = DIRECTION ( 'NONE',  ( 1.188166764367676342E-16, -1.000000000000000000, -0.000000000000000000 ) ) ;
#3608 = UNCERTAINTY_MEASURE_WITH_UNIT (LENGTH_MEASURE( 1.000000000000000082E-05 ), #9071, 'distance_accuracy_value', 'NONE');
#3609 = B_SPLINE_CURVE_WITH_KNOTS ( 'NONE', 3,
 ( #12023, #10162, #6298, #9111 ),
 .UNSPECIFIED., .F., .F.,
 ( 4, 4 ),
 ( 12.00000000000000000, 13.00000000000000000 ),
 .UNSPECIFIED. ) ;
#3610 = CARTESIAN_POINT ( 'NONE',  ( -0.2041715110770059849, 2.151000000000000689, 0.09862718045085375196 ) ) ;
#3611 = FILL_AREA_STYLE_COLOUR ( '', #1546 ) ;
#3612 = FILL_AREA_STYLE ('',( #11189 ) ) ;
#3613 =( NAMED_UNIT ( * ) SI_UNIT ( $, .STERADIAN. ) SOLID_ANGLE_UNIT ( ) );
#3614 = PRESENTATION_STYLE_ASSIGNMENT (( #1702 ) ) ;
#3615 = ORIENTED_EDGE ( 'NONE', *, *, #7476, .F. ) ;
#3616 = DIRECTION ( 'NONE',  ( 0.9912876782291656363, -0.000000000000000000, -0.1317146119116255065 ) ) ;
#3617 =( NAMED_UNIT ( * ) PLANE_ANGLE_UNIT ( ) SI_UNIT ( $, .RADIAN. ) );
#3618 = B_SPLINE_CURVE_WITH_KNOTS ( 'NONE', 3,
 ( #11289, #9983, #8837, #9728 ),
 .UNSPECIFIED., .F., .F.,
 ( 4, 4 ),
 ( 12.00000000000000000, 13.00000000000000000 ),
 .UNSPECIFIED. ) ;
#3619 = PRESENTATION_STYLE_ASSIGNMENT (( #11087 ) ) ;
#3620 = CARTESIAN_POINT ( 'NONE',  ( -0.6937992422660375080, 2.149999999999999911, -0.05623799426905679022 ) ) ;
#3621 = FACE_OUTER_BOUND ( 'NONE', #11679, .T. ) ;
#3622 = ORIENTED_EDGE ( 'NONE', *, *, #1543, .F. ) ;
#3623 = ORIENTED_EDGE ( 'NONE', *, *, #498, .T. ) ;
#3624 = CARTESIAN_POINT ( 'NONE',  ( 0.8295319186514757970, 2.151000000000000689, -0.3360164991093930742 ) ) ;
#3625 = VERTEX_POINT ( 'NONE', #61 ) ;
#3626 = DIRECTION ( 'NONE',  ( -0.9385291719746138295, -1.115129169529751327E-16, -0.3451999324343006381 ) ) ;
#3627 =( GEOMETRIC_REPRESENTATION_CONTEXT ( 3 ) GLOBAL_UNCERTAINTY_ASSIGNED_CONTEXT ( ( #8695 ) ) GLOBAL_UNIT_ASSIGNED_CONTEXT ( ( #544, #10720, #431 ) ) REPRESENTATION_CONTEXT ( 'NONE', 'WORKASPACE' ) );
#3628 = CARTESIAN_POINT ( 'NONE',  ( -0.2241276755266178311, 2.151000000000000689, -0.2103302235974524870 ) ) ;
#3629 = ORIENTED_EDGE ( 'NONE', *, *, #4263, .F. ) ;
#3630 = FACE_OUTER_BOUND ( 'NONE', #5879, .T. ) ;
#3631 = EDGE_CURVE ( 'NONE', #10607, #6746, #8334, .T. ) ;
#3632 =( NAMED_UNIT ( * ) SI_UNIT ( $, .STERADIAN. ) SOLID_ANGLE_UNIT ( ) );
#3633 = EDGE_CURVE ( 'NONE', #9503, #11976, #10366, .T. ) ;
#3634 = VERTEX_POINT ( 'NONE', #4765 ) ;
#3635 = VECTOR ( 'NONE', #7645, 1000.000000000000000 ) ;
#3636 =( GEOMETRIC_REPRESENTATION_CONTEXT ( 3 ) GLOBAL_UNCERTAINTY_ASSIGNED_CONTEXT ( ( #4640 ) ) GLOBAL_UNIT_ASSIGNED_CONTEXT ( ( #9695, #11441, #3957 ) ) REPRESENTATION_CONTEXT ( 'NONE', 'WORKASPACE' ) );
#3637 = CARTESIAN_POINT ( 'NONE',  ( -0.01104944699464593776, 2.151000000000000689, 0.1011406335244480204 ) ) ;
#3638 = CARTESIAN_POINT ( 'NONE',  ( -0.3255517110753634036, 2.151000000000000689, 0.07457912406695518803 ) ) ;
#3639 = STYLED_ITEM ( 'NONE', ( #2993 ), #1857 ) ;
#3640 = CARTESIAN_POINT ( 'NONE',  ( -3.669999999999997708, -1.600000000000000089, 3.429011037612588783E-16 ) ) ;
#3641 = SURFACE_STYLE_FILL_AREA ( #2575 ) ;
#3642 = CARTESIAN_POINT ( 'NONE',  ( 0.7634386125451609884, 2.151000000000000689, -0.1918829026444843766 ) ) ;
#3643 = ORIENTED_EDGE ( 'NONE', *, *, #6222, .T. ) ;
#3644 = EDGE_CURVE ( 'NONE', #7109, #5110, #3837, .T. ) ;
#3645 = EDGE_LOOP ( 'NONE', ( #2304, #1821, #2312, #5143 ) ) ;
#3646 = CARTESIAN_POINT ( 'NONE',  ( 0.4400070412800634045, 2.150000000000000355, 0.1485307119745221671 ) ) ;
#3647 = EDGE_CURVE ( 'NONE', #11556, #4384, #5129, .T. ) ;
#3648 = FACE_OUTER_BOUND ( 'NONE', #7505, .T. ) ;
#3649 = EDGE_CURVE ( 'NONE', #9179, #332, #9389, .T. ) ;
#3650 = LINE ( 'NONE', #4530, #6280 ) ;
#3651 = FACE_OUTER_BOUND ( 'NONE', #5304, .T. ) ;
#3652 = ORIENTED_EDGE ( 'NONE', *, *, #6714, .T. ) ;
#3653 = CARTESIAN_POINT ( 'NONE',  ( -0.2092171180314622569, 2.151000000000000689, -0.1648898872949465522 ) ) ;
#3654 =( LENGTH_UNIT ( ) NAMED_UNIT ( * ) SI_UNIT ( .MILLI., .METRE. ) );
#3655 = VERTEX_POINT ( 'NONE', #188 ) ;
#3656 = CARTESIAN_POINT ( 'NONE',  ( -0.2048219109967231444, 2.151000000000000689, 0.1903315222643007787 ) ) ;
#3657 = B_SPLINE_SURFACE_WITH_KNOTS ( 'NONE', 3, 1, ( 
 ( #4271, #7945 ),
 ( #8002, #2686 ),
 ( #8297, #6380 ),
 ( #3506, #4689 ) ),
 .UNSPECIFIED., .F., .F., .F.,
 ( 4, 4 ),
 ( 2, 2 ),
 ( 2.000000000000000000, 3.000000000000000000 ),
 ( 0.000000000000000000, 1.000000000000000000 ),
 .UNSPECIFIED. ) ;
#3658 = CARTESIAN_POINT ( 'NONE',  ( -0.03370338690747813615, 2.151000000000000689, -0.1866243091502914619 ) ) ;
#3659 = ORIENTED_EDGE ( 'NONE', *, *, #2822, .T. ) ;
#3660 = FILL_AREA_STYLE ('',( #12074 ) ) ;
#3661 = CARTESIAN_POINT ( 'NONE',  ( 0.01452646803043681871, 2.150000000000000355, 0.1748347605559805173 ) ) ;
#3662 = EDGE_CURVE ( 'NONE', #4469, #3134, #6132, .T. ) ;
#3663 =( LENGTH_UNIT ( ) NAMED_UNIT ( * ) SI_UNIT ( .MILLI., .METRE. ) );
#3664 = COLOUR_RGB ( '',1.000000000000000000, 1.000000000000000000, 1.000000000000000000 ) ;
#3665 = CARTESIAN_POINT ( 'NONE',  ( -0.1845599917712082982, 2.150000000000000355, -0.1522376013544926854 ) ) ;
#3666 = COLOUR_RGB ( '',1.000000000000000000, 1.000000000000000000, 1.000000000000000000 ) ;
#3667 = PLANE ( 'NONE',  #9347 ) ;
#3668 = FILL_AREA_STYLE_COLOUR ( '', #5658 ) ;
#3669 = CARTESIAN_POINT ( 'NONE',  ( -0.03009235677224601432, 2.150000000000000355, -0.1240036976201848440 ) ) ;
#3670 = VECTOR ( 'NONE', #4734, 1000.000000000000000 ) ;
#3671 = DIRECTION ( 'NONE',  ( 0.007092178509963166511, -0.000000000000000000, -0.9999748501857348426 ) ) ;
#3672 =( NAMED_UNIT ( * ) SI_UNIT ( $, .STERADIAN. ) SOLID_ANGLE_UNIT ( ) );
#3673 = PLANE ( 'NONE',  #11956 ) ;
#3674 = CARTESIAN_POINT ( 'NONE',  ( -0.2682119209594531206, 2.150000000000000355, -0.2913301283738375935 ) ) ;
#3675 = DIRECTION ( 'NONE',  ( -0.9999748501857347316, 0.000000000000000000, -0.007092178509974184607 ) ) ;
#3676 = PRESENTATION_LAYER_ASSIGNMENT (  '', '', ( #6462 ) ) ;
#3677 = LINE ( 'NONE', #6483, #161 ) ;
#3678 = SURFACE_SIDE_STYLE ('',( #1815 ) ) ;
#3679 = EDGE_CURVE ( 'NONE', #11762, #1040, #2307, .T. ) ;
#3680 = CARTESIAN_POINT ( 'NONE',  ( 0.7634386125451609884, 2.151000000000000689, -0.1918829026444843766 ) ) ;
#3681 = B_SPLINE_CURVE_WITH_KNOTS ( 'NONE', 3,
 ( #3082, #5888, #6642, #8512 ),
 .UNSPECIFIED., .F., .F.,
 ( 4, 4 ),
 ( 3.000000000000000000, 4.000000000000000000 ),
 .UNSPECIFIED. ) ;
#3682 = FILL_AREA_STYLE ('',( #8588 ) ) ;
#3683 = VECTOR ( 'NONE', #5828, 1000.000000000000114 ) ;
#3684 = CARTESIAN_POINT ( 'NONE',  ( 1.046793605325025522, 2.150000000000000355, 0.2251354357265357986 ) ) ;
#3685 = CARTESIAN_POINT ( 'NONE',  ( 0.3526758101960192904, 2.151000000000000689, -0.1788899421805487944 ) ) ;
#3686 = VERTEX_POINT ( 'NONE', #1359 ) ;
#3687 = FILL_AREA_STYLE_COLOUR ( '', #3599 ) ;
#3688 = ORIENTED_EDGE ( 'NONE', *, *, #3805, .F. ) ;
#3689 =( NAMED_UNIT ( * ) PLANE_ANGLE_UNIT ( ) SI_UNIT ( $, .RADIAN. ) );
#3690 = FILL_AREA_STYLE_COLOUR ( '', #7994 ) ;
#3691 = PRESENTATION_STYLE_ASSIGNMENT (( #5441 ) ) ;
#3692 = DIRECTION ( 'NONE',  ( 1.188166764367676342E-16, -1.000000000000000000, -0.000000000000000000 ) ) ;
#3693 = STYLED_ITEM ( 'NONE', ( #10192 ), #9672 ) ;
#3694 = ORIENTED_EDGE ( 'NONE', *, *, #209, .F. ) ;
#3695 = FILL_AREA_STYLE ('',( #7395 ) ) ;
#3696 = DIRECTION ( 'NONE',  ( 1.188166764367676342E-16, -1.000000000000000000, -0.000000000000000000 ) ) ;
#3697 = ORIENTED_EDGE ( 'NONE', *, *, #1334, .F. ) ;
#3698 = LINE ( 'NONE', #9133, #11311 ) ;
#3699 = STYLED_ITEM ( 'NONE', ( #1650 ), #7597 ) ;
#3700 = MECHANICAL_DESIGN_GEOMETRIC_PRESENTATION_REPRESENTATION (  '', ( #2692 ), #7618 ) ;
#3701 = CARTESIAN_POINT ( 'NONE',  ( 1.043594103507980542, 2.150000000000000355, -0.1392851160962098322 ) ) ;
#3702 =( NAMED_UNIT ( * ) PLANE_ANGLE_UNIT ( ) SI_UNIT ( $, .RADIAN. ) );
#3703 = PRESENTATION_LAYER_ASSIGNMENT (  '', '', ( #9020 ) ) ;
#3704 = MECHANICAL_DESIGN_GEOMETRIC_PRESENTATION_REPRESENTATION (  '', ( #9021 ), #6505 ) ;
#3705 = SURFACE_SIDE_STYLE ('',( #695 ) ) ;
#3706 = FACE_OUTER_BOUND ( 'NONE', #5992, .T. ) ;
#3707 = B_SPLINE_CURVE_WITH_KNOTS ( 'NONE', 3,
 ( #1062, #1858, #4713, #2709, #6753, #68, #8453 ),
 .UNSPECIFIED., .F., .F.,
 ( 4, 3, 4 ),
 ( 0.000000000000000000, 1.000000000000000000, 2.000000000000000000 ),
 .UNSPECIFIED. ) ;
#3708 = VECTOR ( 'NONE', #4573, 1000.000000000000000 ) ;
#3709 = ORIENTED_EDGE ( 'NONE', *, *, #9269, .T. ) ;
#3710 = DIRECTION ( 'NONE',  ( 1.188166764367676342E-16, -1.000000000000000000, -0.000000000000000000 ) ) ;
#3711 = CARTESIAN_POINT ( 'NONE',  ( -0.4158391740265860448, 2.151000000000000689, 0.2773205366026971208 ) ) ;
#3712 = UNCERTAINTY_MEASURE_WITH_UNIT (LENGTH_MEASURE( 1.000000000000000082E-05 ), #5910, 'distance_accuracy_value', 'NONE');
#3713 = VECTOR ( 'NONE', #439, 1000.000000000000000 ) ;
#3714 =( NAMED_UNIT ( * ) SI_UNIT ( $, .STERADIAN. ) SOLID_ANGLE_UNIT ( ) );
#3715 = CARTESIAN_POINT ( 'NONE',  ( -3.669999999999997708, -1.800000000000000044, 0.000000000000000000 ) ) ;
#3716 = VERTEX_POINT ( 'NONE', #9761 ) ;
#3717 = MECHANICAL_DESIGN_GEOMETRIC_PRESENTATION_REPRESENTATION (  '', ( #5893 ), #2520 ) ;
#3718 = LINE ( 'NONE', #8321, #7269 ) ;
#3719 = UNCERTAINTY_MEASURE_WITH_UNIT (LENGTH_MEASURE( 1.000000000000000082E-05 ), #3013, 'distance_accuracy_value', 'NONE');
#3720 = EDGE_CURVE ( 'NONE', #9899, #698, #8005, .T. ) ;
#3721 = EDGE_CURVE ( 'NONE', #11708, #5793, #7324, .T. ) ;
#3722 = DIRECTION ( 'NONE',  ( -0.3382111624868761046, -0.000000000000000000, 0.9410702468834490908 ) ) ;
#3723 = EDGE_CURVE ( 'NONE', #6871, #1551, #6064, .T. ) ;
#3724 = CARTESIAN_POINT ( 'NONE',  ( -0.7130530573381530512, 2.150000000000000355, -0.2223240862405151952 ) ) ;
#3725 = ORIENTED_EDGE ( 'NONE', *, *, #8792, .F. ) ;
#3726 = FACE_OUTER_BOUND ( 'NONE', #9040, .T. ) ;
#3727 = VERTEX_POINT ( 'NONE', #6193 ) ;
#3728 = FACE_OUTER_BOUND ( 'NONE', #8871, .T. ) ;
#3729 = FILL_AREA_STYLE ('',( #76 ) ) ;
#3730 = SURFACE_STYLE_FILL_AREA ( #11335 ) ;
#3731 = CARTESIAN_POINT ( 'NONE',  ( -0.1910984986219687320, 2.151000000000000689, -0.1832695399667357283 ) ) ;
#3732 = CARTESIAN_POINT ( 'NONE',  ( -0.2680511645167065748, 2.150000000000000355, -0.3139962808861923027 ) ) ;
#3733 = COLOUR_RGB ( '',1.000000000000000000, 1.000000000000000000, 1.000000000000000000 ) ;
#3734 =( GEOMETRIC_REPRESENTATION_CONTEXT ( 3 ) GLOBAL_UNCERTAINTY_ASSIGNED_CONTEXT ( ( #5598 ) ) GLOBAL_UNIT_ASSIGNED_CONTEXT ( ( #9694, #3261, #9752 ) ) REPRESENTATION_CONTEXT ( 'NONE', 'WORKASPACE' ) );
#3735 = UNCERTAINTY_MEASURE_WITH_UNIT (LENGTH_MEASURE( 1.000000000000000082E-05 ), #4416, 'distance_accuracy_value', 'NONE');
#3736 = AXIS2_PLACEMENT_3D ( 'NONE', #5185, #9816, #4137 ) ;
#3737 = ADVANCED_FACE ( 'NONE', ( #5322 ), #2404, .F. ) ;
#3738 = FILL_AREA_STYLE_COLOUR ( '', #11368 ) ;
#3739 = CARTESIAN_POINT ( 'NONE',  ( -0.3366244311453513438, 2.151000000000000689, -0.2700838473171611187 ) ) ;
#3740 = PRESENTATION_STYLE_ASSIGNMENT (( #5905 ) ) ;
#3741 = CARTESIAN_POINT ( 'NONE',  ( -0.01540638968073652915, 2.151000000000000689, 0.2536460551153438825 ) ) ;
#3742 = COLOUR_RGB ( '',1.000000000000000000, 1.000000000000000000, 1.000000000000000000 ) ;
#3743 = ORIENTED_EDGE ( 'NONE', *, *, #20, .F. ) ;
#3744 = PRESENTATION_STYLE_ASSIGNMENT (( #669 ) ) ;
#3745 = DIRECTION ( 'NONE',  ( 0.007092178509963165643, -0.000000000000000000, -0.9999748501857348426 ) ) ;
#3746 = CARTESIAN_POINT ( 'NONE',  ( 0.9090592128856098686, 2.150000000000000355, -0.3354524631568707171 ) ) ;
#3747 = CARTESIAN_POINT ( 'NONE',  ( 0.5665021801224641163, 2.150000000000000355, -0.1527910532409131328 ) ) ;
#3748 = CARTESIAN_POINT ( 'NONE',  ( 0.7125636461717117509, 2.150000000000000355, 0.2531314573857857964 ) ) ;
#3749 =( NAMED_UNIT ( * ) PLANE_ANGLE_UNIT ( ) SI_UNIT ( $, .RADIAN. ) );
#3750 = CARTESIAN_POINT ( 'NONE',  ( -0.09192319464974493815, 2.151000000000000689, -0.2464088950114305121 ) ) ;
#3751 = VERTEX_POINT ( 'NONE', #9825 ) ;
#3752 =( NAMED_UNIT ( * ) PLANE_ANGLE_UNIT ( ) SI_UNIT ( $, .RADIAN. ) );
#3753 = ORIENTED_EDGE ( 'NONE', *, *, #3496, .F. ) ;
#3754 = ADVANCED_FACE ( 'NONE', ( #7887 ), #8959, .F. ) ;
#3755 = CARTESIAN_POINT ( 'NONE',  ( -0.4037291882663764930, 2.150000000000000355, -0.1033625002794622688 ) ) ;
#3756 = COLOUR_RGB ( '',1.000000000000000000, 1.000000000000000000, 1.000000000000000000 ) ;
#3757 = EDGE_LOOP ( 'NONE', ( #11039, #1796, #9800, #519 ) ) ;
#3758 = SURFACE_STYLE_FILL_AREA ( #12162 ) ;
#3759 =( LENGTH_UNIT ( ) NAMED_UNIT ( * ) SI_UNIT ( .MILLI., .METRE. ) );
#3760 =( LENGTH_UNIT ( ) NAMED_UNIT ( * ) SI_UNIT ( .MILLI., .METRE. ) );
#3761 = ORIENTED_EDGE ( 'NONE', *, *, #3905, .T. ) ;
#3762 =( NAMED_UNIT ( * ) SI_UNIT ( $, .STERADIAN. ) SOLID_ANGLE_UNIT ( ) );
#3763 = SURFACE_SIDE_STYLE ('',( #5445 ) ) ;
#3764 = EDGE_LOOP ( 'NONE', ( #6808, #8238, #2595, #3109 ) ) ;
#3765 = FILL_AREA_STYLE ('',( #12171 ) ) ;
#3766 = DIRECTION ( 'NONE',  ( 1.188166764367676342E-16, -1.000000000000000000, -0.000000000000000000 ) ) ;
#3767 = COLOUR_RGB ( '',0.7725490196078431682, 0.6823529411764706065, 0.3686274509803921795 ) ;
#3768 = PRESENTATION_STYLE_ASSIGNMENT (( #9569 ) ) ;
#3769 = ORIENTED_EDGE ( 'NONE', *, *, #10476, .F. ) ;
#3770 =( NAMED_UNIT ( * ) SI_UNIT ( $, .STERADIAN. ) SOLID_ANGLE_UNIT ( ) );
#3771 = B_SPLINE_SURFACE_WITH_KNOTS ( 'NONE', 3, 1, ( 
 ( #4451, #9889 ),
 ( #3390, #8870 ),
 ( #6062, #8934 ),
 ( #5255, #7273 ) ),
 .UNSPECIFIED., .F., .F., .F.,
 ( 4, 4 ),
 ( 2, 2 ),
 ( 3.000000000000000000, 4.000000000000000000 ),
 ( 0.000000000000000000, 1.000000000000000000 ),
 .UNSPECIFIED. ) ;
#3772 = DIRECTION ( 'NONE',  ( -0.000000000000000000, -1.000000000000000000, -0.000000000000000000 ) ) ;
#3773 = SURFACE_STYLE_USAGE ( .BOTH. , #12112 ) ;
#3774 = UNCERTAINTY_MEASURE_WITH_UNIT (LENGTH_MEASURE( 1.000000000000000082E-05 ), #10831, 'distance_accuracy_value', 'NONE');
#3775 = CARTESIAN_POINT ( 'NONE',  ( -0.01566146792690174469, 2.151000000000000689, -0.1355469301539373450 ) ) ;
#3776 = VERTEX_POINT ( 'NONE', #6441 ) ;
#3777 = PRESENTATION_STYLE_ASSIGNMENT (( #2766 ) ) ;
#3778 = B_SPLINE_CURVE_WITH_KNOTS ( 'NONE', 3,
 ( #7360, #10199, #4599, #5409 ),
 .UNSPECIFIED., .F., .F.,
 ( 4, 4 ),
 ( 24.00000000000000000, 25.00000000000000000 ),
 .UNSPECIFIED. ) ;
#3779 = DIRECTION ( 'NONE',  ( 0.9999748501857348426, 1.188136882194236216E-16, 0.007092178509962332109 ) ) ;
#3780 = SURFACE_STYLE_USAGE ( .BOTH. , #8691 ) ;
#3781 = COLOUR_RGB ( '',1.000000000000000000, 1.000000000000000000, 1.000000000000000000 ) ;
#3782 = EDGE_LOOP ( 'NONE', ( #7229, #5166, #6291, #3183 ) ) ;
#3783 = ORIENTED_EDGE ( 'NONE', *, *, #4179, .F. ) ;
#3784 = LINE ( 'NONE', #7527, #5703 ) ;
#3785 = ORIENTED_EDGE ( 'NONE', *, *, #2434, .F. ) ;
#3786 = FACE_OUTER_BOUND ( 'NONE', #822, .T. ) ;
#3787 = PRESENTATION_STYLE_ASSIGNMENT (( #8456 ) ) ;
#3788 = ORIENTED_EDGE ( 'NONE', *, *, #2635, .F. ) ;
#3789 = FILL_AREA_STYLE_COLOUR ( '', #2407 ) ;
#3790 = LINE ( 'NONE', #1686, #7676 ) ;
#3791 = PRESENTATION_LAYER_ASSIGNMENT (  '', '', ( #11433 ) ) ;
#3792 = EDGE_CURVE ( 'NONE', #8250, #10567, #12136, .T. ) ;
#3793 = EDGE_CURVE ( 'NONE', #11429, #4673, #556, .T. ) ;
#3794 = EDGE_CURVE ( 'NONE', #6898, #1340, #7275, .T. ) ;
#3795 = DIRECTION ( 'NONE',  ( 0.007092178509963165643, -0.000000000000000000, -0.9999748501857348426 ) ) ;
#3796 = CARTESIAN_POINT ( 'NONE',  ( -0.08468347123331373960, 2.150000000000000355, 0.09625130166525268371 ) ) ;
#3797 = VECTOR ( 'NONE', #8633, 1000.000000000000000 ) ;
#3798 = FILL_AREA_STYLE ('',( #3738 ) ) ;
#3799 = CARTESIAN_POINT ( 'NONE',  ( 0.4556048220893331724, 2.150000000000000355, 0.1920220431351201129 ) ) ;
#3800 = DIRECTION ( 'NONE',  ( 1.188166764367676342E-16, -1.000000000000000000, -0.000000000000000000 ) ) ;
#3801 = VERTEX_POINT ( 'NONE', #685 ) ;
#3802 = DIRECTION ( 'NONE',  ( -0.3427414958530330402, -0.000000000000000000, -0.9394297562992272033 ) ) ;
#3803 = FACE_OUTER_BOUND ( 'NONE', #3217, .T. ) ;
#3804 = STYLED_ITEM ( 'NONE', ( #8687 ), #11246 ) ;
#3805 = EDGE_CURVE ( 'NONE', #2897, #6095, #10985, .T. ) ;
#3806 = ADVANCED_FACE ( 'NONE', ( #2514 ), #6324, .F. ) ;
#3807 = LINE ( 'NONE', #7551, #9548 ) ;
#3808 = CARTESIAN_POINT ( 'NONE',  ( 0.03327745202502999794, 2.151000000000000689, -0.1306247879744658058 ) ) ;
#3809 = CARTESIAN_POINT ( 'NONE',  ( 0.5931548505587972420, 2.150000000000000355, -0.2408094367324746521 ) ) ;
#3810 = VERTEX_POINT ( 'NONE', #9192 ) ;
#3811 =( NAMED_UNIT ( * ) SI_UNIT ( $, .STERADIAN. ) SOLID_ANGLE_UNIT ( ) );
#3812 = EDGE_LOOP ( 'NONE', ( #8854, #8128, #6943, #2283 ) ) ;
#3813 = FACE_OUTER_BOUND ( 'NONE', #8055, .T. ) ;
#3814 = VERTEX_POINT ( 'NONE', #5385 ) ;
#3815 = B_SPLINE_CURVE_WITH_KNOTS ( 'NONE', 3,
 ( #10689, #11591, #10498, #8701 ),
 .UNSPECIFIED., .F., .F.,
 ( 4, 4 ),
 ( 5.000000000000000000, 6.000000000000000000 ),
 .UNSPECIFIED. ) ;
#3816 = DIRECTION ( 'NONE',  ( 0.9999748501857348426, 1.188136882194236216E-16, 0.007092178509969763664 ) ) ;
#3817 = DIRECTION ( 'NONE',  ( -0.9999748501857348426, 0.000000000000000000, -0.007092178509963830042 ) ) ;
#3818 = VERTEX_POINT ( 'NONE', #7333 ) ;
#3819 = FILL_AREA_STYLE_COLOUR ( '', #7240 ) ;
#3820 = SURFACE_STYLE_USAGE ( .BOTH. , #3763 ) ;
#3821 = EDGE_LOOP ( 'NONE', ( #10984, #8911, #6584, #857, #11862, #7980, #11513 ) ) ;
#3822 = DIRECTION ( 'NONE',  ( 0.9999748501857349536, 1.188136882194236709E-16, 0.007092178509950084961 ) ) ;
#3823 = EDGE_CURVE ( 'NONE', #5749, #9845, #1718, .T. ) ;
#3824 = LINE ( 'NONE', #8429, #7100 ) ;
#3825 = VECTOR ( 'NONE', #12043, 1000.000000000000000 ) ;
#3826 = CARTESIAN_POINT ( 'NONE',  ( 0.5578367524028450264, 2.150000000000000355, -0.1542985130197318533 ) ) ;
#3827 = CARTESIAN_POINT ( 'NONE',  ( -0.3773200013957543897, 2.150000000000000355, -0.1031751969012280196 ) ) ;
#3828 = ORIENTED_EDGE ( 'NONE', *, *, #10194, .F. ) ;
#3829 = DIRECTION ( 'NONE',  ( -1.000000000000000000, 0.000000000000000000, 0.000000000000000000 ) ) ;
#3830 = MECHANICAL_DESIGN_GEOMETRIC_PRESENTATION_REPRESENTATION (  '', ( #4813 ), #10917 ) ;
#3831 = FILL_AREA_STYLE ('',( #9387 ) ) ;
#3832 = DIRECTION ( 'NONE',  ( -0.007092178509969762797, 0.000000000000000000, 0.9999748501857347316 ) ) ;
#3833 = CARTESIAN_POINT ( 'NONE',  ( -0.5314186008615318091, 2.151000000000000689, 0.07311904261452330245 ) ) ;
#3834 = CARTESIAN_POINT ( 'NONE',  ( -0.2139548925679195801, 2.151000000000000689, -0.2299099934505146881 ) ) ;
#3835 = ORIENTED_EDGE ( 'NONE', *, *, #4661, .F. ) ;
#3836 = SURFACE_SIDE_STYLE ('',( #5580 ) ) ;
#3837 = LINE ( 'NONE', #2883, #4949 ) ;
#3838 = B_SPLINE_CURVE_WITH_KNOTS ( 'NONE', 3,
 ( #5331, #3212, #507, #8944 ),
 .UNSPECIFIED., .F., .F.,
 ( 4, 4 ),
 ( 5.000000000000000000, 6.000000000000000000 ),
 .UNSPECIFIED. ) ;
#3839 = COLOUR_RGB ( '',1.000000000000000000, 1.000000000000000000, 1.000000000000000000 ) ;
#3840 = EDGE_CURVE ( 'NONE', #7003, #5695, #11101, .T. ) ;
#3841 = STYLED_ITEM ( 'NONE', ( #7270 ), #1693 ) ;
#3842 = CARTESIAN_POINT ( 'NONE',  ( -0.8804933862011528056, 2.151000000000000245, -0.1733940407948221518 ) ) ;
#3843 = VERTEX_POINT ( 'NONE', #923 ) ;
#3844 = DIRECTION ( 'NONE',  ( -0.007092178509954511108, -0.000000000000000000, 0.9999748501857349536 ) ) ;
#3845 = CARTESIAN_POINT ( 'NONE',  ( -0.1964638132163225304, 2.151000000000000689, -0.1598084727857942144 ) ) ;
#3846 = CARTESIAN_POINT ( 'NONE',  ( -0.01583697266715030152, 2.150000000000000355, -0.1108013141079787767 ) ) ;
#3847 = EDGE_LOOP ( 'NONE', ( #4682, #9836, #9470, #3449 ) ) ;
#3848 = CARTESIAN_POINT ( 'NONE',  ( -0.5908525703183222788, 2.151000000000000245, 0.2358396357562537182 ) ) ;
#3849 = EDGE_LOOP ( 'NONE', ( #1278, #8161, #3289, #7801, #7861, #8899, #5858, #9256, #5534, #4023, #8632, #10708 ) ) ;
#3850 = CARTESIAN_POINT ( 'NONE',  ( -0.1693673788884486608, 2.150000000000000355, -0.1099146168151994701 ) ) ;
#3851 = DIRECTION ( 'NONE',  ( 1.188166764367676342E-16, -1.000000000000000000, -0.000000000000000000 ) ) ;
#3852 =( LENGTH_UNIT ( ) NAMED_UNIT ( * ) SI_UNIT ( .MILLI., .METRE. ) );
#3853 = CARTESIAN_POINT ( 'NONE',  ( 0.2990319926721324850, 2.151000000000000689, 0.04486318991804937734 ) ) ;
#3854 = LINE ( 'NONE', #4899, #2967 ) ;
#3855 = UNCERTAINTY_MEASURE_WITH_UNIT (LENGTH_MEASURE( 1.000000000000000082E-05 ), #115, 'distance_accuracy_value', 'NONE');
#3856 = PRESENTATION_STYLE_ASSIGNMENT (( #1258 ) ) ;
#3857 = CARTESIAN_POINT ( 'NONE',  ( 0.9661075954270886834, 2.150000000000000355, -0.2237041425484865009 ) ) ;
#3858 = DIRECTION ( 'NONE',  ( -0.9999748501857348426, -0.000000000000000000, -0.007092178509963472689 ) ) ;
#3859 = CARTESIAN_POINT ( 'NONE',  ( -0.09140665061452279971, 2.150000000000000355, -0.2239458956568588788 ) ) ;
#3860 = DIRECTION ( 'NONE',  ( -0.9385291719678311440, -1.115129169521692126E-16, -0.3451999324527416091 ) ) ;
#3861 = PRESENTATION_STYLE_ASSIGNMENT (( #902 ) ) ;
#3862 = PRESENTATION_LAYER_ASSIGNMENT (  '', '', ( #11315 ) ) ;
#3863 = B_SPLINE_SURFACE_WITH_KNOTS ( 'NONE', 3, 1, ( 
 ( #11325, #9521 ),
 ( #5950, #3024 ),
 ( #7525, #10491 ),
 ( #5009, #9584 ) ),
 .UNSPECIFIED., .F., .F., .F.,
 ( 4, 4 ),
 ( 2, 2 ),
 ( 6.000000000000000000, 7.000000000000000000 ),
 ( 0.000000000000000000, 1.000000000000000000 ),
 .UNSPECIFIED. ) ;
#3864 = CARTESIAN_POINT ( 'NONE',  ( -0.06594393457482153331, 2.151000000000000689, -0.09763949769721640137 ) ) ;
#3865 = DIRECTION ( 'NONE',  ( 1.188166764367676342E-16, -1.000000000000000000, -0.000000000000000000 ) ) ;
#3866 = CARTESIAN_POINT ( 'NONE',  ( 0.1055450673871456413, 2.150000000000000355, -0.06502175767967409425 ) ) ;
#3867 = ORIENTED_EDGE ( 'NONE', *, *, #1626, .T. ) ;
#3868 =( GEOMETRIC_REPRESENTATION_CONTEXT ( 3 ) GLOBAL_UNCERTAINTY_ASSIGNED_CONTEXT ( ( #4486 ) ) GLOBAL_UNIT_ASSIGNED_CONTEXT ( ( #492, #7936, #5244 ) ) REPRESENTATION_CONTEXT ( 'NONE', 'WORKASPACE' ) );
#3869 = CARTESIAN_POINT ( 'NONE',  ( -0.4606589594673863308, 2.151000000000000689, 0.1021109786709008538 ) ) ;
#3870 = ORIENTED_EDGE ( 'NONE', *, *, #10317, .F. ) ;
#3871 = VECTOR ( 'NONE', #1550, 1000.000000000000000 ) ;
#3872 = ADVANCED_FACE ( 'NONE', ( #10181 ), #7104, .F. ) ;
#3873 = ADVANCED_FACE ( 'NONE', ( #2933 ), #980, .F. ) ;
#3874 = ORIENTED_EDGE ( 'NONE', *, *, #10507, .T. ) ;
#3875 = DIRECTION ( 'NONE',  ( 1.188166764367676342E-16, -1.000000000000000000, -0.000000000000000000 ) ) ;
#3876 = EDGE_CURVE ( 'NONE', #9805, #4343, #4806, .T. ) ;
#3877 = CARTESIAN_POINT ( 'NONE',  ( -0.08121396209516698605, 2.151000000000000689, -0.2170110306316229976 ) ) ;
#3878 = ORIENTED_EDGE ( 'NONE', *, *, #6533, .F. ) ;
#3879 = CARTESIAN_POINT ( 'NONE',  ( 0.8787249797891000247, 2.151000000000000689, -0.1361164223416484742 ) ) ;
#3880 = EDGE_LOOP ( 'NONE', ( #11147, #968, #3622, #1849 ) ) ;
#3881 =( LENGTH_UNIT ( ) NAMED_UNIT ( * ) SI_UNIT ( .MILLI., .METRE. ) );
#3882 =( GEOMETRIC_REPRESENTATION_CONTEXT ( 3 ) GLOBAL_UNCERTAINTY_ASSIGNED_CONTEXT ( ( #1012 ) ) GLOBAL_UNIT_ASSIGNED_CONTEXT ( ( #11720, #4114, #3239 ) ) REPRESENTATION_CONTEXT ( 'NONE', 'WORKASPACE' ) );
#3883 = ORIENTED_EDGE ( 'NONE', *, *, #5476, .T. ) ;
#3884 = FILL_AREA_STYLE_COLOUR ( '', #3139 ) ;
#3885 = CARTESIAN_POINT ( 'NONE',  ( 3.650000000000000355, 1.800000000000000044, 0.000000000000000000 ) ) ;
#3886 = CARTESIAN_POINT ( 'NONE',  ( 3.670000000000000373, 1.800000000000000044, 0.000000000000000000 ) ) ;
#3887 = CARTESIAN_POINT ( 'NONE',  ( -0.4423626509208923308, 2.150000000000000355, 0.2346052543110218880 ) ) ;
#3888 = ORIENTED_EDGE ( 'NONE', *, *, #6769, .F. ) ;
#3889 = PRESENTATION_LAYER_ASSIGNMENT (  '', '', ( #540 ) ) ;
#3890 = LINE ( 'NONE', #4938, #3342 ) ;
#3891 = ADVANCED_FACE ( 'NONE', ( #2871 ), #9134, .F. ) ;
#3892 =( LENGTH_UNIT ( ) NAMED_UNIT ( * ) SI_UNIT ( .MILLI., .METRE. ) );
#3893 = PRESENTATION_STYLE_ASSIGNMENT (( #183 ) ) ;
#3894 = FACE_OUTER_BOUND ( 'NONE', #5819, .T. ) ;
#3895 = ORIENTED_EDGE ( 'NONE', *, *, #3647, .F. ) ;
#3896 =( NAMED_UNIT ( * ) SI_UNIT ( $, .STERADIAN. ) SOLID_ANGLE_UNIT ( ) );
#3897 =( GEOMETRIC_REPRESENTATION_CONTEXT ( 3 ) GLOBAL_UNCERTAINTY_ASSIGNED_CONTEXT ( ( #7535 ) ) GLOBAL_UNIT_ASSIGNED_CONTEXT ( ( #7840, #80, #8578 ) ) REPRESENTATION_CONTEXT ( 'NONE', 'WORKASPACE' ) );
#3898 = DIRECTION ( 'NONE',  ( 0.9999748501857348426, 0.000000000000000000, 0.007092178509967855468 ) ) ;
#3899 = AXIS2_PLACEMENT_3D ( 'NONE', #252, #4027, #3077 ) ;
#3900 = CARTESIAN_POINT ( 'NONE',  ( -0.2052835327084571171, 2.151000000000000689, 0.2554187308540484813 ) ) ;
#3901 =( NAMED_UNIT ( * ) PLANE_ANGLE_UNIT ( ) SI_UNIT ( $, .RADIAN. ) );
#3902 = VERTEX_POINT ( 'NONE', #7553 ) ;
#3903 = VECTOR ( 'NONE', #1562, 1000.000000000000000 ) ;
#3904 = PRESENTATION_STYLE_ASSIGNMENT (( #7706 ) ) ;
#3905 = EDGE_CURVE ( 'NONE', #5918, #9591, #10987, .T. ) ;
#3906 = STYLED_ITEM ( 'NONE', ( #4127 ), #10385 ) ;
#3907 = ORIENTED_EDGE ( 'NONE', *, *, #11401, .F. ) ;
#3908 = CARTESIAN_POINT ( 'NONE',  ( -0.01322029427561530190, 2.151000000000000689, -0.2378443686416419900 ) ) ;
#3909 = B_SPLINE_CURVE_WITH_KNOTS ( 'NONE', 3,
 ( #2793, #1938, #6710, #216 ),
 .UNSPECIFIED., .F., .F.,
 ( 4, 4 ),
 ( 3.000000000000000000, 4.000000000000000000 ),
 .UNSPECIFIED. ) ;
#3910 = ORIENTED_EDGE ( 'NONE', *, *, #8404, .T. ) ;
#3911 = DIRECTION ( 'NONE',  ( -0.007092178509961410103, -0.000000000000000000, 0.9999748501857348426 ) ) ;
#3912 = CARTESIAN_POINT ( 'NONE',  ( -3.649999999999998579, 2.149999999999999911, -1.750000000000000000 ) ) ;
#3913 = VECTOR ( 'NONE', #7233, 1000.000000000000114 ) ;
#3914 = CARTESIAN_POINT ( 'NONE',  ( 0.9846177179837275473, 2.151000000000000689, 0.2246944621440921941 ) ) ;
#3915 = VECTOR ( 'NONE', #917, 1000.000000000000000 ) ;
#3916 =( NAMED_UNIT ( * ) PLANE_ANGLE_UNIT ( ) SI_UNIT ( $, .RADIAN. ) );
#3917 = MECHANICAL_DESIGN_GEOMETRIC_PRESENTATION_REPRESENTATION (  '', ( #8215 ), #3512 ) ;
#3918 = CARTESIAN_POINT ( 'NONE',  ( -0.5921238457142076195, 2.149999999999999911, 0.2391579284312351228 ) ) ;
#3919 = FILL_AREA_STYLE ('',( #138 ) ) ;
#3920 = ORIENTED_EDGE ( 'NONE', *, *, #9165, .T. ) ;
#3921 = LINE ( 'NONE', #10628, #10790 ) ;
#3922 =( NAMED_UNIT ( * ) PLANE_ANGLE_UNIT ( ) SI_UNIT ( $, .RADIAN. ) );
#3923 = PRESENTATION_LAYER_ASSIGNMENT (  '', '', ( #5311 ) ) ;
#3924 = CARTESIAN_POINT ( 'NONE',  ( -0.5979747329197253602, 2.149999999999999911, 0.2357891228373170112 ) ) ;
#3925 = CARTESIAN_POINT ( 'NONE',  ( -0.1631411335872916812, 2.151000000000000689, -0.2474338900848724876 ) ) ;
#3926 = PRESENTATION_STYLE_ASSIGNMENT (( #8648 ) ) ;
#3927 = PRESENTATION_STYLE_ASSIGNMENT (( #8587 ) ) ;
#3928 =( GEOMETRIC_REPRESENTATION_CONTEXT ( 3 ) GLOBAL_UNCERTAINTY_ASSIGNED_CONTEXT ( ( #7184 ) ) GLOBAL_UNIT_ASSIGNED_CONTEXT ( ( #5197, #10742, #1757 ) ) REPRESENTATION_CONTEXT ( 'NONE', 'WORKASPACE' ) );
#3929 = SURFACE_STYLE_USAGE ( .BOTH. , #5609 ) ;
#3930 =( NAMED_UNIT ( * ) PLANE_ANGLE_UNIT ( ) SI_UNIT ( $, .RADIAN. ) );
#3931 = STYLED_ITEM ( 'NONE', ( #599 ), #8536 ) ;
#3932 = DIRECTION ( 'NONE',  ( -0.007092178509965372211, -0.000000000000000000, 0.9999748501857348426 ) ) ;
#3933 = VERTEX_POINT ( 'NONE', #908 ) ;
#3934 = CARTESIAN_POINT ( 'NONE',  ( -0.2502946274135723903, 2.151000000000000689, -0.2080203271987442759 ) ) ;
#3935 = ORIENTED_EDGE ( 'NONE', *, *, #10571, .F. ) ;
#3936 = AXIS2_PLACEMENT_3D ( 'NONE', #12152, #6427, #8277 ) ;
#3937 = CARTESIAN_POINT ( 'NONE',  ( -0.8503688307904906374, 2.151000000000000245, -0.08864594207410317339 ) ) ;
#3938 = ORIENTED_EDGE ( 'NONE', *, *, #10429, .F. ) ;
#3939 = CARTESIAN_POINT ( 'NONE',  ( -0.4642585817192438347, 2.151000000000000689, 0.1771578584808927992 ) ) ;
#3940 = CARTESIAN_POINT ( 'NONE',  ( 0.5718859439593659832, 2.150000000000000355, 0.3114206863113233026 ) ) ;
#3941 = AXIS2_PLACEMENT_3D ( 'NONE', #5068, #6009, #6930 ) ;
#3942 = CARTESIAN_POINT ( 'NONE',  ( 1.129407673365080189, 2.150000000000000355, -0.005642319124506672140 ) ) ;
#3943 = VERTEX_POINT ( 'NONE', #11294 ) ;
#3944 = ORIENTED_EDGE ( 'NONE', *, *, #1443, .T. ) ;
#3945 = CARTESIAN_POINT ( 'NONE',  ( 1.045727199617881409, 2.151000000000000689, -0.2361535754825709321 ) ) ;
#3946 = ORIENTED_EDGE ( 'NONE', *, *, #7052, .F. ) ;
#3947 = CARTESIAN_POINT ( 'NONE',  ( -0.05155805588541048645, 2.151000000000000689, 0.07309109743247177438 ) ) ;
#3948 = CARTESIAN_POINT ( 'NONE',  ( 0.7633360605537860000, 2.150000000000000355, -0.1774233946009065033 ) ) ;
#3949 = EDGE_CURVE ( 'NONE', #6176, #7109, #1599, .T. ) ;
#3950 = FILL_AREA_STYLE_COLOUR ( '', #2467 ) ;
#3951 = COLOUR_RGB ( '',1.000000000000000000, 1.000000000000000000, 1.000000000000000000 ) ;
#3952 = EDGE_CURVE ( 'NONE', #7611, #10587, #5666, .T. ) ;
#3953 = CARTESIAN_POINT ( 'NONE',  ( -0.4423626509208923308, 2.151000000000000689, 0.2346052543110218880 ) ) ;
#3954 = ADVANCED_FACE ( 'NONE', ( #2855 ), #2802, .F. ) ;
#3955 = ORIENTED_EDGE ( 'NONE', *, *, #8493, .T. ) ;
#3956 = MECHANICAL_DESIGN_GEOMETRIC_PRESENTATION_REPRESENTATION (  '', ( #6913 ), #2356 ) ;
#3957 =( NAMED_UNIT ( * ) SI_UNIT ( $, .STERADIAN. ) SOLID_ANGLE_UNIT ( ) );
#3958 = CARTESIAN_POINT ( 'NONE',  ( -0.3299657326324503814, 2.151000000000000689, -0.2120166705304243060 ) ) ;
#3959 =( LENGTH_UNIT ( ) NAMED_UNIT ( * ) SI_UNIT ( .MILLI., .METRE. ) );
#3960 = ORIENTED_EDGE ( 'NONE', *, *, #50, .F. ) ;
#3961 = PRESENTATION_LAYER_ASSIGNMENT (  '', '', ( #11224 ) ) ;
#3962 = CARTESIAN_POINT ( 'NONE',  ( -0.2682119209594527875, 2.150000000000000355, -0.2913301283738375380 ) ) ;
#3963 = EDGE_CURVE ( 'NONE', #11279, #6991, #11459, .T. ) ;
#3964 = SURFACE_STYLE_USAGE ( .BOTH. , #8939 ) ;
#3965 = SURFACE_STYLE_USAGE ( .BOTH. , #1243 ) ;
#3966 = VERTEX_POINT ( 'NONE', #11875 ) ;
#3967 = STYLED_ITEM ( 'NONE', ( #1177 ), #3565 ) ;
#3968 =( NAMED_UNIT ( * ) SI_UNIT ( $, .STERADIAN. ) SOLID_ANGLE_UNIT ( ) );
#3969 = ORIENTED_EDGE ( 'NONE', *, *, #742, .F. ) ;
#3970 = CARTESIAN_POINT ( 'NONE',  ( -0.1598870076105759208, 2.151000000000000689, -0.1638121716996010779 ) ) ;
#3971 = EDGE_LOOP ( 'NONE', ( #6904, #1044, #2792, #2867 ) ) ;
#3972 = SURFACE_STYLE_USAGE ( .BOTH. , #5651 ) ;
#3973 = FACE_OUTER_BOUND ( 'NONE', #10545, .T. ) ;
#3974 =( GEOMETRIC_REPRESENTATION_CONTEXT ( 3 ) GLOBAL_UNCERTAINTY_ASSIGNED_CONTEXT ( ( #8150 ) ) GLOBAL_UNIT_ASSIGNED_CONTEXT ( ( #2125, #6712, #5840 ) ) REPRESENTATION_CONTEXT ( 'NONE', 'WORKASPACE' ) );
#3975 = MECHANICAL_DESIGN_GEOMETRIC_PRESENTATION_REPRESENTATION (  '', ( #8487 ), #10268 ) ;
#3976 = EDGE_CURVE ( 'NONE', #4918, #9899, #8678, .T. ) ;
#3977 = CARTESIAN_POINT ( 'NONE',  ( -0.4301479383248553723, 2.151000000000000689, -0.2488077055997019171 ) ) ;
#3978 = CARTESIAN_POINT ( 'NONE',  ( -0.08468347123331373960, 2.150000000000000355, 0.09625130166525268371 ) ) ;
#3979 = CARTESIAN_POINT ( 'NONE',  ( -0.8472986747410672370, 2.151000000000000245, -0.07437912571900760772 ) ) ;
#3980 = UNCERTAINTY_MEASURE_WITH_UNIT (LENGTH_MEASURE( 1.000000000000000082E-05 ), #7663, 'distance_accuracy_value', 'NONE');
#3981 = SURFACE_SIDE_STYLE ('',( #8640 ) ) ;
#3982 = MECHANICAL_DESIGN_GEOMETRIC_PRESENTATION_REPRESENTATION (  '', ( #5964 ), #11431 ) ;
#3983 = VECTOR ( 'NONE', #10739, 1000.000000000000000 ) ;
#3984 = SURFACE_STYLE_FILL_AREA ( #1997 ) ;
#3985 = PRESENTATION_STYLE_ASSIGNMENT (( #10332 ) ) ;
#3986 = EDGE_LOOP ( 'NONE', ( #6299, #9689, #1211, #502 ) ) ;
#3987 = CARTESIAN_POINT ( 'NONE',  ( 0.03344263295702107341, 2.150000000000000355, -0.1539147795460687473 ) ) ;
#3988 = LINE ( 'NONE', #7727, #11390 ) ;
#3989 = FILL_AREA_STYLE_COLOUR ( '', #10657 ) ;
#3990 = EDGE_CURVE ( 'NONE', #1466, #1649, #3514, .T. ) ;
#3991 = CARTESIAN_POINT ( 'NONE',  ( -0.01583697266715020091, 2.151000000000000689, -0.1108013141079788877 ) ) ;
#3992 = DIRECTION ( 'NONE',  ( 0.000000000000000000, -1.000000000000000000, 0.000000000000000000 ) ) ;
#3993 = AXIS2_PLACEMENT_3D ( 'NONE', #2838, #134, #7650 ) ;
#3994 = SURFACE_STYLE_USAGE ( .BOTH. , #7607 ) ;
#3995 = B_SPLINE_CURVE_WITH_KNOTS ( 'NONE', 3,
 ( #308, #3262, #11503, #6798 ),
 .UNSPECIFIED., .F., .F.,
 ( 4, 4 ),
 ( 2.000000000000000000, 3.000000000000000000 ),
 .UNSPECIFIED. ) ;
#3996 = EDGE_LOOP ( 'NONE', ( #842, #3828, #9749, #3186, #509, #5606 ) ) ;
#3997 = PRESENTATION_STYLE_ASSIGNMENT (( #10296 ) ) ;
#3998 = ORIENTED_EDGE ( 'NONE', *, *, #9153, .F. ) ;
#3999 =( LENGTH_UNIT ( ) NAMED_UNIT ( * ) SI_UNIT ( .MILLI., .METRE. ) );
#4000 = ORIENTED_EDGE ( 'NONE', *, *, #11795, .F. ) ;
#4001 = SURFACE_STYLE_FILL_AREA ( #2308 ) ;
#4002 = DIRECTION ( 'NONE',  ( 0.000000000000000000, 0.000000000000000000, -1.000000000000000000 ) ) ;
#4003 = PRESENTATION_STYLE_ASSIGNMENT (( #4860 ) ) ;
#4004 = CARTESIAN_POINT ( 'NONE',  ( -0.1808918038609488022, 2.150000000000000355, -0.1489882546508755901 ) ) ;
#4005 = MECHANICAL_DESIGN_GEOMETRIC_PRESENTATION_REPRESENTATION (  '', ( #656 ), #8706 ) ;
#4006 = ORIENTED_EDGE ( 'NONE', *, *, #1531, .T. ) ;
#4007 = CARTESIAN_POINT ( 'NONE',  ( -0.06316102366499841414, 2.151000000000000689, 0.09640394654436885979 ) ) ;
#4008 = ORIENTED_EDGE ( 'NONE', *, *, #8627, .T. ) ;
#4009 = ORIENTED_EDGE ( 'NONE', *, *, #6534, .T. ) ;
#4010 = DIRECTION ( 'NONE',  ( -1.000000000000000000, 0.000000000000000000, -0.000000000000000000 ) ) ;
#4011 = DIRECTION ( 'NONE',  ( 0.000000000000000000, 0.000000000000000000, 1.000000000000000000 ) ) ;
#4012 = CARTESIAN_POINT ( 'NONE',  ( -0.3352827430726375013, 2.150000000000000355, -0.2173572794056506940 ) ) ;
#4013 = ORIENTED_EDGE ( 'NONE', *, *, #8370, .F. ) ;
#4014 = VECTOR ( 'NONE', #7883, 1000.000000000000000 ) ;
#4015 = SURFACE_STYLE_USAGE ( .BOTH. , #4934 ) ;
#4016 = CARTESIAN_POINT ( 'NONE',  ( -0.01540638968073652915, 2.150000000000000355, 0.2536460551153438825 ) ) ;
#4017 = COLOUR_RGB ( '',1.000000000000000000, 1.000000000000000000, 1.000000000000000000 ) ;
#4018 = ADVANCED_FACE ( 'NONE', ( #11543 ), #4849, .F. ) ;
#4019 =( LENGTH_UNIT ( ) NAMED_UNIT ( * ) SI_UNIT ( .MILLI., .METRE. ) );
#4020 = UNCERTAINTY_MEASURE_WITH_UNIT (LENGTH_MEASURE( 1.000000000000000082E-05 ), #11551, 'distance_accuracy_value', 'NONE');
#4021 = LINE ( 'NONE', #3833, #9452 ) ;
#4022 = SURFACE_STYLE_USAGE ( .BOTH. , #3072 ) ;
#4023 = ORIENTED_EDGE ( 'NONE', *, *, #11774, .T. ) ;
#4024 = CARTESIAN_POINT ( 'NONE',  ( 3.670000000000000373, 1.800000000000000044, -1.770000000000001572 ) ) ;
#4025 =( NAMED_UNIT ( * ) PLANE_ANGLE_UNIT ( ) SI_UNIT ( $, .RADIAN. ) );
#4026 = STYLED_ITEM ( 'NONE', ( #7734 ), #5019 ) ;
#4027 = DIRECTION ( 'NONE',  ( 0.9999748501857348426, 1.188136882194236462E-16, 0.007092178509962038073 ) ) ;
#4028 =( LENGTH_UNIT ( ) NAMED_UNIT ( * ) SI_UNIT ( .MILLI., .METRE. ) );
#4029 = ORIENTED_EDGE ( 'NONE', *, *, #10031, .T. ) ;
#4030 = ADVANCED_FACE ( 'NONE', ( #11416 ), #9662, .F. ) ;
#4031 = CARTESIAN_POINT ( 'NONE',  ( 1.220933336993636820, 2.150000000000000355, -0.06572624123572964883 ) ) ;
#4032 = SURFACE_SIDE_STYLE ('',( #9645 ) ) ;
#4033 = EDGE_CURVE ( 'NONE', #8117, #8409, #9795, .T. ) ;
#4034 = UNCERTAINTY_MEASURE_WITH_UNIT (LENGTH_MEASURE( 1.000000000000000082E-05 ), #2387, 'distance_accuracy_value', 'NONE');
#4036 = EDGE_LOOP ( 'NONE', ( #1244, #2698, #3406, #6787 ) ) ;
#4035 = PRESENTATION_LAYER_ASSIGNMENT (  '', '', ( #11284 ) ) ;
#4037 = ADVANCED_FACE ( 'NONE', ( #6830 ), #7761, .F. ) ;
#4038 = DIRECTION ( 'NONE',  ( 0.3427414958530330402, 0.000000000000000000, 0.9394297562992272033 ) ) ;
#4039 = ORIENTED_EDGE ( 'NONE', *, *, #5459, .T. ) ;
#4040 = CARTESIAN_POINT ( 'NONE',  ( -0.4642585817192438347, 2.151000000000000689, 0.1771578584808927992 ) ) ;
#4041 = AXIS2_PLACEMENT_3D ( 'NONE', #2809, #4683, #856 ) ;
#4042 =( LENGTH_UNIT ( ) NAMED_UNIT ( * ) SI_UNIT ( .MILLI., .METRE. ) );
#4043 =( GEOMETRIC_REPRESENTATION_CONTEXT ( 3 ) GLOBAL_UNCERTAINTY_ASSIGNED_CONTEXT ( ( #5813 ) ) GLOBAL_UNIT_ASSIGNED_CONTEXT ( ( #4093, #7836, #11592 ) ) REPRESENTATION_CONTEXT ( 'NONE', 'WORKASPACE' ) );
#4044 = VERTEX_POINT ( 'NONE', #5358 ) ;
#4045 = CARTESIAN_POINT ( 'NONE',  ( -0.8466748356804316700, 2.151000000000000245, -0.07437470122975302356 ) ) ;
#4046 =( GEOMETRIC_REPRESENTATION_CONTEXT ( 3 ) GLOBAL_UNCERTAINTY_ASSIGNED_CONTEXT ( ( #4020 ) ) GLOBAL_UNIT_ASSIGNED_CONTEXT ( ( #11551, #6784, #10527 ) ) REPRESENTATION_CONTEXT ( 'NONE', 'WORKASPACE' ) );
#4047 = EDGE_CURVE ( 'NONE', #8219, #4493, #7183, .T. ) ;
#4048 = B_SPLINE_SURFACE_WITH_KNOTS ( 'NONE', 3, 1, ( 
 ( #1006, #4777 ),
 ( #7770, #9529 ),
 ( #5823, #3086 ),
 ( #6815, #11522 ) ),
 .UNSPECIFIED., .F., .F., .F.,
 ( 4, 4 ),
 ( 2, 2 ),
 ( 2.000000000000000000, 3.000000000000000000 ),
 ( 0.000000000000000000, 1.000000000000000000 ),
 .UNSPECIFIED. ) ;
#4049 = LINE ( 'NONE', #9724, #7203 ) ;
#4050 = VERTEX_POINT ( 'NONE', #10039 ) ;
#4051 = VERTEX_POINT ( 'NONE', #3482 ) ;
#4052 = SURFACE_STYLE_USAGE ( .BOTH. , #9667 ) ;
#4053 = CARTESIAN_POINT ( 'NONE',  ( -0.7166526795886228873, 2.149999999999999911, -0.1472772064305161166 ) ) ;
#4054 = ORIENTED_EDGE ( 'NONE', *, *, #10277, .T. ) ;
#4055 = MECHANICAL_DESIGN_GEOMETRIC_PRESENTATION_REPRESENTATION (  '', ( #5836 ), #1688 ) ;
#4056 = CARTESIAN_POINT ( 'NONE',  ( -0.5598408978519794355, 2.151000000000000689, 0.1515251369834043349 ) ) ;
#4057 = VERTEX_POINT ( 'NONE', #7008 ) ;
#4058 = CARTESIAN_POINT ( 'NONE',  ( -0.2133343776762899879, 2.151000000000000689, -0.1927853013572263241 ) ) ;
#4059 = EDGE_CURVE ( 'NONE', #6372, #1492, #2302, .T. ) ;
#4060 = STYLED_ITEM ( 'NONE', ( #10764 ), #2218 ) ;
#4061 = CARTESIAN_POINT ( 'NONE',  ( -0.09234130888384635416, 2.150000000000000355, -0.1874561038459374995 ) ) ;
#4062 = SURFACE_STYLE_FILL_AREA ( #1277 ) ;
#4063 = VERTEX_POINT ( 'NONE', #7069 ) ;
#4064 = ORIENTED_EDGE ( 'NONE', *, *, #5575, .F. ) ;
#4065 =( NAMED_UNIT ( * ) SI_UNIT ( $, .STERADIAN. ) SOLID_ANGLE_UNIT ( ) );
#4066 = B_SPLINE_CURVE_WITH_KNOTS ( 'NONE', 3,
 ( #807, #4577, #9194, #741 ),
 .UNSPECIFIED., .F., .F.,
 ( 4, 4 ),
 ( 11.00000000000000000, 12.00000000000000000 ),
 .UNSPECIFIED. ) ;
#4067 = VERTEX_POINT ( 'NONE', #9922 ) ;
#4068 = ORIENTED_EDGE ( 'NONE', *, *, #11116, .T. ) ;
#4069 = VECTOR ( 'NONE', #10618, 1000.000000000000000 ) ;
#4070 = ORIENTED_EDGE ( 'NONE', *, *, #1266, .T. ) ;
#4071 = SURFACE_STYLE_FILL_AREA ( #9691 ) ;
#4072 =( NAMED_UNIT ( * ) SI_UNIT ( $, .STERADIAN. ) SOLID_ANGLE_UNIT ( ) );
#4073 = SURFACE_STYLE_FILL_AREA ( #7997 ) ;
#4074 = FILL_AREA_STYLE ('',( #7093 ) ) ;
#4075 = CARTESIAN_POINT ( 'NONE',  ( -0.2133343776762899879, 2.150000000000000355, -0.1927853013572263241 ) ) ;
#4076 = SURFACE_SIDE_STYLE ('',( #8556 ) ) ;
#4077 = ORIENTED_EDGE ( 'NONE', *, *, #11372, .F. ) ;
#4078 = UNCERTAINTY_MEASURE_WITH_UNIT (LENGTH_MEASURE( 1.000000000000000082E-05 ), #11611, 'distance_accuracy_value', 'NONE');
#4079 = CARTESIAN_POINT ( 'NONE',  ( -0.5513600750315996724, 2.151000000000000689, 0.1286060581314242834 ) ) ;
#4080 = CARTESIAN_POINT ( 'NONE',  ( -0.2440562530592657042, 2.150000000000000355, -0.1053493950393579875 ) ) ;
#4081 = VERTEX_POINT ( 'NONE', #9986 ) ;
#4082 = FILL_AREA_STYLE_COLOUR ( '', #3535 ) ;
#4083 =( LENGTH_UNIT ( ) NAMED_UNIT ( * ) SI_UNIT ( .MILLI., .METRE. ) );
#4084 = CARTESIAN_POINT ( 'NONE',  ( -0.0009625252939690633839, 2.151000000000000689, -0.2068758453878232206 ) ) ;
#4085 = ORIENTED_EDGE ( 'NONE', *, *, #4631, .T. ) ;
#4086 = DIRECTION ( 'NONE',  ( 1.188166764367676342E-16, -1.000000000000000000, -0.000000000000000000 ) ) ;
#4087 = VERTEX_POINT ( 'NONE', #10774 ) ;
#4088 = COLOUR_RGB ( '',1.000000000000000000, 1.000000000000000000, 1.000000000000000000 ) ;
#4089 = APPLICATION_CONTEXT ( 'automotive_design' ) ;
#4090 = ORIENTED_EDGE ( 'NONE', *, *, #8450, .F. ) ;
#4091 = CARTESIAN_POINT ( 'NONE',  ( 0.1307865612851948911, 2.150000000000000355, 0.07781563795318778565 ) ) ;
#4092 = FILL_AREA_STYLE ('',( #1985 ) ) ;
#4093 =( LENGTH_UNIT ( ) NAMED_UNIT ( * ) SI_UNIT ( .MILLI., .METRE. ) );
#4094 = EDGE_CURVE ( 'NONE', #10044, #1317, #7802, .T. ) ;
#4095 = DIRECTION ( 'NONE',  ( 0.9999748501857348426, 1.188136882194236709E-16, 0.007092178509963293145 ) ) ;
#4096 = SURFACE_STYLE_USAGE ( .BOTH. , #1130 ) ;
#4097 = STYLED_ITEM ( 'NONE', ( #3038 ), #7563 ) ;
#4098 = EDGE_CURVE ( 'NONE', #918, #4294, #10839, .T. ) ;
#4099 = EDGE_CURVE ( 'NONE', #10817, #7611, #10955, .T. ) ;
#4100 = ORIENTED_EDGE ( 'NONE', *, *, #5630, .T. ) ;
#4101 =( GEOMETRIC_REPRESENTATION_CONTEXT ( 3 ) GLOBAL_UNCERTAINTY_ASSIGNED_CONTEXT ( ( #1498 ) ) GLOBAL_UNIT_ASSIGNED_CONTEXT ( ( #7, #7815, #376 ) ) REPRESENTATION_CONTEXT ( 'NONE', 'WORKASPACE' ) );
#4102 = UNCERTAINTY_MEASURE_WITH_UNIT (LENGTH_MEASURE( 1.000000000000000082E-05 ), #1825, 'distance_accuracy_value', 'NONE');
#4103 =( NAMED_UNIT ( * ) PLANE_ANGLE_UNIT ( ) SI_UNIT ( $, .RADIAN. ) );
#4104 = SURFACE_SIDE_STYLE ('',( #10697 ) ) ;
#4105 = SURFACE_SIDE_STYLE ('',( #7665 ) ) ;
#4106 = ORIENTED_EDGE ( 'NONE', *, *, #9324, .F. ) ;
#4107 =( NAMED_UNIT ( * ) SI_UNIT ( $, .STERADIAN. ) SOLID_ANGLE_UNIT ( ) );
#4108 = PRESENTATION_LAYER_ASSIGNMENT (  '', '', ( #2318 ) ) ;
#4109 = FACE_OUTER_BOUND ( 'NONE', #3996, .T. ) ;
#4110 = MECHANICAL_DESIGN_GEOMETRIC_PRESENTATION_REPRESENTATION (  '', ( #3511 ), #5691 ) ;
#4111 = SURFACE_STYLE_FILL_AREA ( #10896 ) ;
#4112 = PRESENTATION_LAYER_ASSIGNMENT (  '', '', ( #9428 ) ) ;
#4113 = STYLED_ITEM ( 'NONE', ( #2139 ), #591 ) ;
#4114 =( NAMED_UNIT ( * ) PLANE_ANGLE_UNIT ( ) SI_UNIT ( $, .RADIAN. ) );
#4115 = CARTESIAN_POINT ( 'NONE',  ( -0.3088860829701925437, 2.150000000000000355, -0.2740462533201795114 ) ) ;
#4116 = VECTOR ( 'NONE', #3832, 1000.000000000000114 ) ;
#4117 = EDGE_CURVE ( 'NONE', #9838, #6586, #1571, .T. ) ;
#4118 = PRESENTATION_LAYER_ASSIGNMENT (  '', '', ( #8426 ) ) ;
#4119 = ORIENTED_EDGE ( 'NONE', *, *, #3792, .T. ) ;
#4120 = ORIENTED_EDGE ( 'NONE', *, *, #4932, .F. ) ;
#4121 = LINE ( 'NONE', #6899, #4515 ) ;
#4122 = UNCERTAINTY_MEASURE_WITH_UNIT (LENGTH_MEASURE( 1.000000000000000082E-05 ), #6383, 'distance_accuracy_value', 'NONE');
#4123 =( LENGTH_UNIT ( ) NAMED_UNIT ( * ) SI_UNIT ( .MILLI., .METRE. ) );
#4124 = CARTESIAN_POINT ( 'NONE',  ( 0.9730501225811498678, 2.151000000000000689, 0.2246124206292371694 ) ) ;
#4125 = FACE_OUTER_BOUND ( 'NONE', #360, .T. ) ;
#4126 = VERTEX_POINT ( 'NONE', #5098 ) ;
#4127 = PRESENTATION_STYLE_ASSIGNMENT (( #5048 ) ) ;
#4128 = ORIENTED_EDGE ( 'NONE', *, *, #7022, .F. ) ;
#4129 =( GEOMETRIC_REPRESENTATION_CONTEXT ( 3 ) GLOBAL_UNCERTAINTY_ASSIGNED_CONTEXT ( ( #10040 ) ) GLOBAL_UNIT_ASSIGNED_CONTEXT ( ( #1756, #12082, #6595 ) ) REPRESENTATION_CONTEXT ( 'NONE', 'WORKASPACE' ) );
#4130 = ORIENTED_EDGE ( 'NONE', *, *, #3136, .T. ) ;
#4131 = VECTOR ( 'NONE', #2138, 1000.000000000000000 ) ;
#4132 = CARTESIAN_POINT ( 'NONE',  ( 1.195080527978095386, 2.151000000000000689, 0.1133973145871911559 ) ) ;
#4133 = EDGE_CURVE ( 'NONE', #10393, #4583, #8101, .T. ) ;
#4134 = ORIENTED_EDGE ( 'NONE', *, *, #11451, .F. ) ;
#4135 = CARTESIAN_POINT ( 'NONE',  ( -0.1384560667873216966, 2.150000000000000355, 0.2744008514786820396 ) ) ;
#4136 = VECTOR ( 'NONE', #1793, 1000.000000000000000 ) ;
#4137 = DIRECTION ( 'NONE',  ( 1.000000000000000000, 1.188166764367676342E-16, 0.000000000000000000 ) ) ;
#4138 = CARTESIAN_POINT ( 'NONE',  ( 1.046793605325025522, 2.151000000000000689, 0.2251354357265357986 ) ) ;
#4139 = DIRECTION ( 'NONE',  ( 0.9999748501857348426, -0.000000000000000000, 0.007092178509963196001 ) ) ;
#4140 = CARTESIAN_POINT ( 'NONE',  ( -0.7141023987052347310, 2.150000000000000355, -0.07437025585304256337 ) ) ;
#4141 = CARTESIAN_POINT ( 'NONE',  ( -0.1519518509115981297, 2.151000000000000689, -0.2417396977382124668 ) ) ;
#4142 = DIRECTION ( 'NONE',  ( 1.188166764367676342E-16, -1.000000000000000000, -0.000000000000000000 ) ) ;
#4143 = CARTESIAN_POINT ( 'NONE',  ( 1.129407673365080189, 2.150000000000000355, -0.005642319124506672140 ) ) ;
#4144 = CARTESIAN_POINT ( 'NONE',  ( -0.1869395808380833190, 2.151000000000000689, -0.1245962220763700279 ) ) ;
#4145 = ORIENTED_EDGE ( 'NONE', *, *, #2268, .F. ) ;
#4146 = STYLED_ITEM ( 'NONE', ( #3926 ), #3052 ) ;
#4147 = SURFACE_SIDE_STYLE ('',( #2332 ) ) ;
#4148 = VECTOR ( 'NONE', #909, 1000.000000000000000 ) ;
#4149 = PRESENTATION_LAYER_ASSIGNMENT (  '', '', ( #6913 ) ) ;
#4150 = CARTESIAN_POINT ( 'NONE',  ( -3.049999999999998934, -3.076108489377476905E-16, 1.739999999999999991 ) ) ;
#4151 = VERTEX_POINT ( 'NONE', #11721 ) ;
#4152 = B_SPLINE_SURFACE_WITH_KNOTS ( 'NONE', 3, 1, ( 
 ( #8986, #6249 ),
 ( #546, #7805 ),
 ( #7873, #1410 ),
 ( #6180, #9943 ) ),
 .UNSPECIFIED., .F., .F., .F.,
 ( 4, 4 ),
 ( 2, 2 ),
 ( 5.000000000000000000, 6.000000000000000000 ),
 ( 0.000000000000000000, 1.000000000000000000 ),
 .UNSPECIFIED. ) ;
#4153 = CARTESIAN_POINT ( 'NONE',  ( 3.649999999999997691, -1.600000000000000089, 3.429011037612588783E-16 ) ) ;
#4154 = CARTESIAN_POINT ( 'NONE',  ( -0.6682332718973528207, 2.151000000000000245, -0.04711452830872163433 ) ) ;
#4155 = STYLED_ITEM ( 'NONE', ( #9552 ), #6093 ) ;
#4156 =( NAMED_UNIT ( * ) PLANE_ANGLE_UNIT ( ) SI_UNIT ( $, .RADIAN. ) );
#4157 = STYLED_ITEM ( 'NONE', ( #5340 ), #3371 ) ;
#4158 = ORIENTED_EDGE ( 'NONE', *, *, #3679, .F. ) ;
#4159 = FACE_OUTER_BOUND ( 'NONE', #2945, .T. ) ;
#4160 = VERTEX_POINT ( 'NONE', #2436 ) ;
#4161 = EDGE_CURVE ( 'NONE', #5918, #9563, #7132, .T. ) ;
#4162 = ORIENTED_EDGE ( 'NONE', *, *, #4960, .F. ) ;
#4163 = LINE ( 'NONE', #1190, #4775 ) ;
#4164 = CARTESIAN_POINT ( 'NONE',  ( -0.04541511061656566817, 2.151000000000000689, -0.2286106707616518685 ) ) ;
#4165 = LINE ( 'NONE', #1128, #9332 ) ;
#4166 = CARTESIAN_POINT ( 'NONE',  ( -0.0008703484345951723045, 2.151000000000000689, -0.2198724924707362582 ) ) ;
#4167 = STYLED_ITEM ( 'NONE', ( #2567 ), #3806 ) ;
#4168 = EDGE_LOOP ( 'NONE', ( #429, #10442, #1832, #8863 ) ) ;
#4169 = SURFACE_SIDE_STYLE ('',( #4356 ) ) ;
#4170 = SURFACE_STYLE_USAGE ( .BOTH. , #3161 ) ;
#4171 = CARTESIAN_POINT ( 'NONE',  ( 0.6114702059353005481, 2.150000000000000355, -0.1727164755469565993 ) ) ;
#4172 = EDGE_CURVE ( 'NONE', #6789, #7554, #8967, .T. ) ;
#4173 = VERTEX_POINT ( 'NONE', #657 ) ;
#4174 = MECHANICAL_DESIGN_GEOMETRIC_PRESENTATION_REPRESENTATION (  '', ( #6927 ), #6160 ) ;
#4175 = PLANE ( 'NONE',  #8887 ) ;
#4176 = STYLED_ITEM ( 'NONE', ( #7509 ), #3873 ) ;
#4177 = FACE_BOUND ( 'NONE', #226, .T. ) ;
#4178 =( GEOMETRIC_REPRESENTATION_CONTEXT ( 3 ) GLOBAL_UNCERTAINTY_ASSIGNED_CONTEXT ( ( #9211 ) ) GLOBAL_UNIT_ASSIGNED_CONTEXT ( ( #7838, #10384, #331 ) ) REPRESENTATION_CONTEXT ( 'NONE', 'WORKASPACE' ) );
#4179 = EDGE_CURVE ( 'NONE', #5985, #2119, #305, .T. ) ;
#4180 = CARTESIAN_POINT ( 'NONE',  ( -0.2844641781314494744, 2.150000000000000355, -0.3161922559700406365 ) ) ;
#4181 = B_SPLINE_CURVE_WITH_KNOTS ( 'NONE', 3,
 ( #3685, #8116, #9120, #10281 ),
 .UNSPECIFIED., .F., .F.,
 ( 4, 4 ),
 ( 34.00000000000000000, 35.00000000000000000 ),
 .UNSPECIFIED. ) ;
#4182 = FACE_OUTER_BOUND ( 'NONE', #6850, .T. ) ;
#4183 = DIRECTION ( 'NONE',  ( 1.188166764367676342E-16, -1.000000000000000000, -0.000000000000000000 ) ) ;
#4184 = CARTESIAN_POINT ( 'NONE',  ( 0.5910833548267506732, 2.150000000000000355, -0.1526167147773457300 ) ) ;
#4185 = VECTOR ( 'NONE', #4840, 1000.000000000000000 ) ;
#4186 = ORIENTED_EDGE ( 'NONE', *, *, #3507, .F. ) ;
#4187 =( GEOMETRIC_REPRESENTATION_CONTEXT ( 3 ) GLOBAL_UNCERTAINTY_ASSIGNED_CONTEXT ( ( #1679 ) ) GLOBAL_UNIT_ASSIGNED_CONTEXT ( ( #11468, #10624, #11405 ) ) REPRESENTATION_CONTEXT ( 'NONE', 'WORKASPACE' ) );
#4188 = CARTESIAN_POINT ( 'NONE',  ( -0.02681460799178941867, 2.151000000000000689, -0.2049796294520373485 ) ) ;
#4189 = ORIENTED_EDGE ( 'NONE', *, *, #3491, .F. ) ;
#4190 = CARTESIAN_POINT ( 'NONE',  ( -0.6563943592070254907, 2.149999999999999911, 0.07223266993481067266 ) ) ;
#4191 = SURFACE_STYLE_USAGE ( .BOTH. , #7863 ) ;
#4192 = DIRECTION ( 'NONE',  ( -0.000000000000000000, -1.000000000000000000, -0.000000000000000000 ) ) ;
#4193 = ORIENTED_EDGE ( 'NONE', *, *, #3794, .F. ) ;
#4194 = EDGE_CURVE ( 'NONE', #361, #11132, #8844, .T. ) ;
#4195 = ORIENTED_EDGE ( 'NONE', *, *, #11647, .T. ) ;
#4196 = EDGE_CURVE ( 'NONE', #2342, #9612, #6231, .T. ) ;
#4197 = ORIENTED_EDGE ( 'NONE', *, *, #11491, .F. ) ;
#4198 = PRESENTATION_LAYER_ASSIGNMENT (  '', '', ( #9510 ) ) ;
#4199 = FILL_AREA_STYLE ('',( #2145 ) ) ;
#4200 =( NAMED_UNIT ( * ) SI_UNIT ( $, .STERADIAN. ) SOLID_ANGLE_UNIT ( ) );
#4201 = CARTESIAN_POINT ( 'NONE',  ( -0.06340580595147962684, 2.151000000000000689, -0.1183131993103883756 ) ) ;
#4202 = EDGE_LOOP ( 'NONE', ( #6339, #12032, #2382, #5810 ) ) ;
#4203 = ORIENTED_EDGE ( 'NONE', *, *, #8388, .T. ) ;
#4204 = VECTOR ( 'NONE', #12148, 1000.000000000000000 ) ;
#4205 = CARTESIAN_POINT ( 'NONE',  ( 0.6410967227516382039, 2.151000000000000689, 0.3393860007275265045 ) ) ;
#4206 = SURFACE_STYLE_FILL_AREA ( #4074 ) ;
#4207 = MECHANICAL_DESIGN_GEOMETRIC_PRESENTATION_REPRESENTATION (  '', ( #8502 ), #1436 ) ;
#4208 = SURFACE_SIDE_STYLE ('',( #8062 ) ) ;
#4209 = CARTESIAN_POINT ( 'NONE',  ( -0.4315903218202884473, 2.151000000000000689, -0.04543617205330258146 ) ) ;
#4210 = EDGE_CURVE ( 'NONE', #7501, #10853, #5631, .T. ) ;
#4211 = CARTESIAN_POINT ( 'NONE',  ( 1.128843637412553003, 2.151000000000000689, 0.07388497511032043885 ) ) ;
#4212 = CARTESIAN_POINT ( 'NONE',  ( 0.3878605918180507706, 2.151000000000000689, -0.04271421969628785842 ) ) ;
#4213 = ORIENTED_EDGE ( 'NONE', *, *, #2812, .T. ) ;
#4214 =( LENGTH_UNIT ( ) NAMED_UNIT ( * ) SI_UNIT ( .MILLI., .METRE. ) );
#4215 = COLOUR_RGB ( '',1.000000000000000000, 1.000000000000000000, 1.000000000000000000 ) ;
#4216 = CARTESIAN_POINT ( 'NONE',  ( 0.03344263295702128158, 2.150000000000000355, -0.1539147795460688584 ) ) ;
#4217 = LINE ( 'NONE', #10743, #12164 ) ;
#4218 = CARTESIAN_POINT ( 'NONE',  ( -0.2419391697635986105, 2.150000000000000355, -0.1839420553702129646 ) ) ;
#4219 = CARTESIAN_POINT ( 'NONE',  ( 0.02704531900900807723, 2.151000000000000689, -0.06557850591027368503 ) ) ;
#4220 = VERTEX_POINT ( 'NONE', #5474 ) ;
#4221 = EDGE_CURVE ( 'NONE', #5482, #9085, #8211, .T. ) ;
#4222 = EDGE_LOOP ( 'NONE', ( #124, #7993, #6613, #7621 ) ) ;
#4223 = ORIENTED_EDGE ( 'NONE', *, *, #713, .T. ) ;
#4224 =( LENGTH_UNIT ( ) NAMED_UNIT ( * ) SI_UNIT ( .MILLI., .METRE. ) );
#4225 = CARTESIAN_POINT ( 'NONE',  ( -0.7141023987052347310, 2.150000000000000355, -0.07437025585304256337 ) ) ;
#4226 = COLOUR_RGB ( '',1.000000000000000000, 1.000000000000000000, 1.000000000000000000 ) ;
#4227 = LINE ( 'NONE', #329, #3220 ) ;
#4228 = DIRECTION ( 'NONE',  ( 0.007092178509963875145, 0.000000000000000000, -0.9999748501857348426 ) ) ;
#4229 = VECTOR ( 'NONE', #10114, 1000.000000000000000 ) ;
#4230 = ORIENTED_EDGE ( 'NONE', *, *, #1227, .F. ) ;
#4231 = UNCERTAINTY_MEASURE_WITH_UNIT (LENGTH_MEASURE( 1.000000000000000082E-05 ), #11410, 'distance_accuracy_value', 'NONE');
#4232 =( NAMED_UNIT ( * ) SI_UNIT ( $, .STERADIAN. ) SOLID_ANGLE_UNIT ( ) );
#4233 =( GEOMETRIC_REPRESENTATION_CONTEXT ( 3 ) GLOBAL_UNCERTAINTY_ASSIGNED_CONTEXT ( ( #2952 ) ) GLOBAL_UNIT_ASSIGNED_CONTEXT ( ( #2800, #8537, #965 ) ) REPRESENTATION_CONTEXT ( 'NONE', 'WORKASPACE' ) );
#4234 = DIRECTION ( 'NONE',  ( 0.007092178509964964551, 8.426690792503039692E-19, -0.9999748501857348426 ) ) ;
#4235 = LINE ( 'NONE', #11713, #8412 ) ;
#4236 = FACE_OUTER_BOUND ( 'NONE', #4598, .T. ) ;
#4237 = ORIENTED_EDGE ( 'NONE', *, *, #2284, .T. ) ;
#4238 = VECTOR ( 'NONE', #6268, 1000.000000000000114 ) ;
#4239 = DIRECTION ( 'NONE',  ( 1.188166764367676342E-16, -1.000000000000000000, -0.000000000000000000 ) ) ;
#4240 = DIRECTION ( 'NONE',  ( -0.1263225772768208077, -1.500922879095858848E-17, -0.9919892169122311865 ) ) ;
#4241 = MECHANICAL_DESIGN_GEOMETRIC_PRESENTATION_REPRESENTATION (  '', ( #9958 ), #8545 ) ;
#4242 = CARTESIAN_POINT ( 'NONE',  ( 0.01452646803043681871, 2.151000000000000689, 0.1748347605559805173 ) ) ;
#4243 = DIRECTION ( 'NONE',  ( 0.000000000000000000, 0.000000000000000000, -1.000000000000000000 ) ) ;
#4244 = CARTESIAN_POINT ( 'NONE',  ( 0.5665021801224641163, 2.150000000000000355, -0.1527910532409131328 ) ) ;
#4245 = PRESENTATION_LAYER_ASSIGNMENT (  '', '', ( #11886 ) ) ;
#4246 = EDGE_LOOP ( 'NONE', ( #7865, #3743, #452, #9374 ) ) ;
#4247 = SURFACE_STYLE_FILL_AREA ( #8040 ) ;
#4248 = ORIENTED_EDGE ( 'NONE', *, *, #6397, .F. ) ;
#4249 =( LENGTH_UNIT ( ) NAMED_UNIT ( * ) SI_UNIT ( .MILLI., .METRE. ) );
#4250 = PRESENTATION_STYLE_ASSIGNMENT (( #5170 ) ) ;
#4251 = CARTESIAN_POINT ( 'NONE',  ( 0.5601440632598611025, 2.151000000000000689, -0.07185876848065600453 ) ) ;
#4252 = FACE_OUTER_BOUND ( 'NONE', #7933, .T. ) ;
#4253 = LINE ( 'NONE', #7077, #2907 ) ;
#4254 = EDGE_LOOP ( 'NONE', ( #6776, #11649, #11112, #8675 ) ) ;
#4255 = CARTESIAN_POINT ( 'NONE',  ( -0.1183206037698223551, 2.151000000000000689, -0.1163111713011458076 ) ) ;
#4256 = ORIENTED_EDGE ( 'NONE', *, *, #11318, .T. ) ;
#4257 = ORIENTED_EDGE ( 'NONE', *, *, #10005, .T. ) ;
#4258 = B_SPLINE_SURFACE_WITH_KNOTS ( 'NONE', 3, 1, ( 
 ( #7715, #8822 ),
 ( #4406, #2349 ),
 ( #4164, #637 ),
 ( #5145, #6340 ) ),
 .UNSPECIFIED., .F., .F., .F.,
 ( 4, 4 ),
 ( 2, 2 ),
 ( 3.000000000000000000, 4.000000000000000000 ),
 ( 0.000000000000000000, 1.000000000000000000 ),
 .UNSPECIFIED. ) ;
#4259 = DIRECTION ( 'NONE',  ( 1.188166764367676342E-16, -1.000000000000000000, -0.000000000000000000 ) ) ;
#4260 = FILL_AREA_STYLE_COLOUR ( '', #11715 ) ;
#4261 = PRESENTATION_STYLE_ASSIGNMENT (( #8861 ) ) ;
#4262 = ORIENTED_EDGE ( 'NONE', *, *, #2476, .T. ) ;
#4263 = EDGE_CURVE ( 'NONE', #2675, #6898, #1752, .T. ) ;
#4264 =( NAMED_UNIT ( * ) PLANE_ANGLE_UNIT ( ) SI_UNIT ( $, .RADIAN. ) );
#4265 = EDGE_CURVE ( 'NONE', #7049, #12181, #12139, .T. ) ;
#4266 = EDGE_CURVE ( 'NONE', #11257, #4493, #2799, .T. ) ;
#4267 = SURFACE_STYLE_FILL_AREA ( #10661 ) ;
#4268 = SURFACE_SIDE_STYLE ('',( #9885 ) ) ;
#4269 = PRESENTATION_STYLE_ASSIGNMENT (( #7813 ) ) ;
#4270 = CARTESIAN_POINT ( 'NONE',  ( -0.2643011583656879604, 2.151000000000000689, -0.1023736269321330328 ) ) ;
#4271 = CARTESIAN_POINT ( 'NONE',  ( 0.01452646803043681871, 2.151000000000000689, 0.1748347605559805173 ) ) ;
#4272 = CARTESIAN_POINT ( 'NONE',  ( -0.06340580595147962684, 2.151000000000000689, -0.1183131993103883756 ) ) ;
#4273 = VERTEX_POINT ( 'NONE', #832 ) ;
#4274 = FILL_AREA_STYLE_COLOUR ( '', #11628 ) ;
#4275 = VECTOR ( 'NONE', #7601, 999.9999999999998863 ) ;
#4276 = CARTESIAN_POINT ( 'NONE',  ( -0.7091065057563352703, 2.151000000000000245, -0.1923503147669559932 ) ) ;
#4277 = CARTESIAN_POINT ( 'NONE',  ( -0.5598408978519794355, 2.150000000000000355, 0.1515251369834043349 ) ) ;
#4278 = LINE ( 'NONE', #2408, #3983 ) ;
#4279 = EDGE_CURVE ( 'NONE', #8571, #4747, #9346, .T. ) ;
#4280 = VECTOR ( 'NONE', #907, 1000.000000000000000 ) ;
#4281 =( LENGTH_UNIT ( ) NAMED_UNIT ( * ) SI_UNIT ( .MILLI., .METRE. ) );
#4282 = FILL_AREA_STYLE ('',( #9833 ) ) ;
#4283 = PLANE ( 'NONE',  #11568 ) ;
#4284 = VERTEX_POINT ( 'NONE', #6536 ) ;
#4285 = ORIENTED_EDGE ( 'NONE', *, *, #10808, .T. ) ;
#4286 = ORIENTED_EDGE ( 'NONE', *, *, #4630, .F. ) ;
#4287 = CARTESIAN_POINT ( 'NONE',  ( 0.02704531900900807723, 2.151000000000000689, -0.06557850591027368503 ) ) ;
#4288 = COLOUR_RGB ( '',1.000000000000000000, 1.000000000000000000, 1.000000000000000000 ) ;
#4289 = EDGE_LOOP ( 'NONE', ( #367, #10679, #6451, #6667 ) ) ;
#4290 = ADVANCED_FACE ( 'NONE', ( #7425 ), #11602, .F. ) ;
#4291 = MECHANICAL_DESIGN_GEOMETRIC_PRESENTATION_REPRESENTATION (  '', ( #3084 ), #11541 ) ;
#4292 = PLANE ( 'NONE',  #11184 ) ;
#4293 = CARTESIAN_POINT ( 'NONE',  ( -0.4423626509208923308, 2.151000000000000689, 0.2346052543110218880 ) ) ;
#4294 = VERTEX_POINT ( 'NONE', #3732 ) ;
#4295 = CARTESIAN_POINT ( 'NONE',  ( -0.01303748500803551813, 2.150000000000000355, 0.1761989432650036547 ) ) ;
#4296 = CARTESIAN_POINT ( 'NONE',  ( 0.8792581966279319206, 2.150000000000000355, 0.1964727731163694313 ) ) ;
#4297 = PRESENTATION_LAYER_ASSIGNMENT (  '', '', ( #3699 ) ) ;
#4298 = DIRECTION ( 'NONE',  ( 1.188166764367676342E-16, -1.000000000000000000, -0.000000000000000000 ) ) ;
#4299 = DIRECTION ( 'NONE',  ( 1.000000000000000000, -0.000000000000000000, 0.000000000000000000 ) ) ;
#4300 = ORIENTED_EDGE ( 'NONE', *, *, #1266, .F. ) ;
#4301 = LINE ( 'NONE', #4978, #5081 ) ;
#4302 = VECTOR ( 'NONE', #11120, 1000.000000000000114 ) ;
#4303 = ORIENTED_EDGE ( 'NONE', *, *, #10695, .T. ) ;
#4304 = CARTESIAN_POINT ( 'NONE',  ( 0.4400070412800634045, 2.151000000000000689, 0.1485307119745221671 ) ) ;
#4305 = COLOUR_RGB ( '',1.000000000000000000, 1.000000000000000000, 1.000000000000000000 ) ;
#4306 = CARTESIAN_POINT ( 'NONE',  ( -0.03258885742592490531, 2.151000000000000689, 0.1180403270323975573 ) ) ;
#4307 = VECTOR ( 'NONE', #10066, 1000.000000000000000 ) ;
#4308 = CARTESIAN_POINT ( 'NONE',  ( -0.5314186008615318091, 2.151000000000000689, 0.07311904261452330245 ) ) ;
#4309 = CARTESIAN_POINT ( 'NONE',  ( 0.9629387110602004585, 2.150000000000000355, 0.2230946916268941316 ) ) ;
#4310 = SURFACE_STYLE_FILL_AREA ( #536 ) ;
#4311 = ORIENTED_EDGE ( 'NONE', *, *, #7762, .F. ) ;
#4312 = VERTEX_POINT ( 'NONE', #6415 ) ;
#4313 = CARTESIAN_POINT ( 'NONE',  ( -0.5299452459413458438, 2.151000000000000689, -0.1346193643521607919 ) ) ;
#4314 = EDGE_CURVE ( 'NONE', #10817, #3149, #1867, .T. ) ;
#4315 = ORIENTED_EDGE ( 'NONE', *, *, #936, .F. ) ;
#4316 = COLOUR_RGB ( '',1.000000000000000000, 1.000000000000000000, 1.000000000000000000 ) ;
#4317 = DIRECTION ( 'NONE',  ( -0.000000000000000000, -1.000000000000000000, -0.000000000000000000 ) ) ;
#4318 = CARTESIAN_POINT ( 'NONE',  ( 0.5601440632598611025, 2.151000000000000689, -0.07185876848065600453 ) ) ;
#4319 = ORIENTED_EDGE ( 'NONE', *, *, #5597, .F. ) ;
#4320 = DIRECTION ( 'NONE',  ( -1.000000000000000000, 0.000000000000000000, 1.084202172485504434E-16 ) ) ;
#4321 = COLOUR_RGB ( '',1.000000000000000000, 1.000000000000000000, 1.000000000000000000 ) ;
#4322 = CARTESIAN_POINT ( 'NONE',  ( -0.3850111271474130348, 2.150000000000000355, 0.2775391801131212866 ) ) ;
#4323 = CARTESIAN_POINT ( 'NONE',  ( 0.9846177179837275473, 2.150000000000000355, 0.2246944621440921941 ) ) ;
#4324 = LINE ( 'NONE', #6975, #3137 ) ;
#4325 = SURFACE_STYLE_FILL_AREA ( #11868 ) ;
#4326 = CARTESIAN_POINT ( 'NONE',  ( -0.3255517110753634036, 2.151000000000000689, 0.07457912406695518803 ) ) ;
#4327 =( GEOMETRIC_REPRESENTATION_CONTEXT ( 3 ) GLOBAL_UNCERTAINTY_ASSIGNED_CONTEXT ( ( #1257 ) ) GLOBAL_UNIT_ASSIGNED_CONTEXT ( ( #9110, #1810, #8166 ) ) REPRESENTATION_CONTEXT ( 'NONE', 'WORKASPACE' ) );
#4328 = CARTESIAN_POINT ( 'NONE',  ( 3.649999999999997691, 1.599999999999999867, -4.898587196589411843E-17 ) ) ;
#4329 = ADVANCED_FACE ( 'NONE', ( #7478 ), #12015, .F. ) ;
#4330 = VERTEX_POINT ( 'NONE', #6877 ) ;
#4331 = CARTESIAN_POINT ( 'NONE',  ( -0.03030141272887983128, 2.151000000000000689, -0.1018577796993654500 ) ) ;
#4332 = ADVANCED_FACE ( 'NONE', ( #5960 ), #5829, .F. ) ;
#4333 = SURFACE_STYLE_USAGE ( .BOTH. , #5892 ) ;
#4334 = VECTOR ( 'NONE', #3671, 1000.000000000000000 ) ;
#4335 = B_SPLINE_CURVE_WITH_KNOTS ( 'NONE', 3,
 ( #1820, #8408, #1086, #5611 ),
 .UNSPECIFIED., .F., .F.,
 ( 4, 4 ),
 ( 4.000000000000000000, 5.000000000000000000 ),
 .UNSPECIFIED. ) ;
#4336 = AXIS2_PLACEMENT_3D ( 'NONE', #7120, #6279, #2358 ) ;
#4337 = CARTESIAN_POINT ( 'NONE',  ( 0.9513813708958780424, 2.150000000000000355, 0.2215666937922319835 ) ) ;
#4338 =( GEOMETRIC_REPRESENTATION_CONTEXT ( 3 ) GLOBAL_UNCERTAINTY_ASSIGNED_CONTEXT ( ( #9412 ) ) GLOBAL_UNIT_ASSIGNED_CONTEXT ( ( #3551, #11081, #6422 ) ) REPRESENTATION_CONTEXT ( 'NONE', 'WORKASPACE' ) );
#4339 = LINE ( 'NONE', #5330, #4535 ) ;
#4340 = PLANE ( 'NONE',  #10601 ) ;
#4341 = STYLED_ITEM ( 'NONE', ( #5125 ), #2877 ) ;
#4342 = LINE ( 'NONE', #693, #6691 ) ;
#4343 = VERTEX_POINT ( 'NONE', #9476 ) ;
#4344 = VERTEX_POINT ( 'NONE', #11595 ) ;
#4345 = CARTESIAN_POINT ( 'NONE',  ( -0.6799792865592186875, 2.149999999999999911, -0.07693565954482908809 ) ) ;
#4346 = MECHANICAL_DESIGN_GEOMETRIC_PRESENTATION_REPRESENTATION (  '', ( #9052 ), #3734 ) ;
#4347 = ORIENTED_EDGE ( 'NONE', *, *, #11236, .T. ) ;
#4348 = PRESENTATION_STYLE_ASSIGNMENT (( #576 ) ) ;
#4349 =( NAMED_UNIT ( * ) SI_UNIT ( $, .STERADIAN. ) SOLID_ANGLE_UNIT ( ) );
#4350 = EDGE_CURVE ( 'NONE', #8083, #2065, #6066, .T. ) ;
#4351 = CARTESIAN_POINT ( 'NONE',  ( -0.3368784740510142872, 2.151000000000000689, -0.2122736549726954025 ) ) ;
#4352 = CARTESIAN_POINT ( 'NONE',  ( 3.650000000000000355, 2.150000000000000799, -1.750000000000000000 ) ) ;
#4353 = UNCERTAINTY_MEASURE_WITH_UNIT (LENGTH_MEASURE( 1.000000000000000082E-05 ), #8220, 'distance_accuracy_value', 'NONE');
#4354 = MECHANICAL_DESIGN_GEOMETRIC_PRESENTATION_REPRESENTATION (  '', ( #8068 ), #5935 ) ;
#4355 = VECTOR ( 'NONE', #5227, 1000.000000000000114 ) ;
#4356 = SURFACE_STYLE_FILL_AREA ( #4414 ) ;
#4357 = B_SPLINE_CURVE_WITH_KNOTS ( 'NONE', 3,
 ( #4923, #5797, #9564, #1094 ),
 .UNSPECIFIED., .F., .F.,
 ( 4, 4 ),
 ( 5.000000000000000000, 6.000000000000000000 ),
 .UNSPECIFIED. ) ;
#4358 = DIRECTION ( 'NONE',  ( 0.000000000000000000, 1.000000000000000000, 0.000000000000000000 ) ) ;
#4359 = CARTESIAN_POINT ( 'NONE',  ( -0.2208211954146127587, 2.150000000000000355, -0.1194296454310889710 ) ) ;
#4360 = B_SPLINE_SURFACE_WITH_KNOTS ( 'NONE', 3, 1, ( 
 ( #1401, #7929 ),
 ( #2445, #5046 ),
 ( #6171, #9999 ),
 ( #3307, #3182 ) ),
 .UNSPECIFIED., .F., .F., .F.,
 ( 4, 4 ),
 ( 2, 2 ),
 ( 35.00000000000000000, 36.00000000000000000 ),
 ( 0.000000000000000000, 1.000000000000000000 ),
 .UNSPECIFIED. ) ;
#4361 = LINE ( 'NONE', #4293, #5644 ) ;
#4362 = DIRECTION ( 'NONE',  ( 1.000000000000000000, 0.000000000000000000, 0.000000000000000000 ) ) ;
#4363 = DIRECTION ( 'NONE',  ( -0.000000000000000000, -1.000000000000000000, -0.000000000000000000 ) ) ;
#4364 = EDGE_CURVE ( 'NONE', #10495, #3716, #3854, .T. ) ;
#4365 = COLOUR_RGB ( '',0.6470588235294117974, 0.6196078431372549211, 0.5882352941176470784 ) ;
#4366 = CARTESIAN_POINT ( 'NONE',  ( -0.2220596593291072063, 2.151000000000000689, -0.09874672613197567339 ) ) ;
#4367 = CARTESIAN_POINT ( 'NONE',  ( -0.01303748500803551813, 2.151000000000000689, 0.1761989432650036547 ) ) ;
#4368 = CARTESIAN_POINT ( 'NONE',  ( -0.1584468758117805187, 2.150000000000000355, -0.1176355452096855686 ) ) ;
#4369 = VERTEX_POINT ( 'NONE', #7596 ) ;
#4370 = VECTOR ( 'NONE', #5874, 1000.000000000000114 ) ;
#4371 = VERTEX_POINT ( 'NONE', #11337 ) ;
#4372 = CARTESIAN_POINT ( 'NONE',  ( -0.4136689782939800830, 2.151000000000000689, 0.07395416496042514498 ) ) ;
#4373 = CARTESIAN_POINT ( 'NONE',  ( 0.1061718700308708768, 2.151000000000000689, -0.1533989578410275834 ) ) ;
#4374 = PLANE ( 'NONE',  #6051 ) ;
#4375 = EDGE_LOOP ( 'NONE', ( #6838, #7157, #7354, #8820 ) ) ;
#4376 = CARTESIAN_POINT ( 'NONE',  ( -0.1009309085204929124, 2.151000000000000689, -0.09788763780264009284 ) ) ;
#4377 = ORIENTED_EDGE ( 'NONE', *, *, #11387, .T. ) ;
#4378 = EDGE_CURVE ( 'NONE', #10758, #11666, #2906, .T. ) ;
#4379 = CARTESIAN_POINT ( 'NONE',  ( -0.3519693816996759539, 2.150000000000000355, 0.09757894520608351163 ) ) ;
#4380 = CARTESIAN_POINT ( 'NONE',  ( -0.1382613892603360428, 2.151000000000000689, 0.2469519328412659587 ) ) ;
#4381 = ORIENTED_EDGE ( 'NONE', *, *, #2812, .F. ) ;
#4382 = B_SPLINE_CURVE_WITH_KNOTS ( 'NONE', 3,
 ( #7708, #10616, #1247, #5011 ),
 .UNSPECIFIED., .F., .F.,
 ( 4, 4 ),
 ( 26.00000000000000000, 27.00000000000000000 ),
 .UNSPECIFIED. ) ;
#4383 = CARTESIAN_POINT ( 'NONE',  ( 0.9513813708958780424, 2.150000000000000355, 0.2215666937922319835 ) ) ;
#4384 = VERTEX_POINT ( 'NONE', #10449 ) ;
#4385 = FILL_AREA_STYLE_COLOUR ( '', #557 ) ;
#4386 =( NAMED_UNIT ( * ) SI_UNIT ( $, .STERADIAN. ) SOLID_ANGLE_UNIT ( ) );
#4387 = SURFACE_STYLE_FILL_AREA ( #6190 ) ;
#4388 = COLOUR_RGB ( '',1.000000000000000000, 1.000000000000000000, 1.000000000000000000 ) ;
#4389 = CARTESIAN_POINT ( 'NONE',  ( -0.2253941635278853550, 2.151000000000000689, -0.1710353682617757609 ) ) ;
#4390 = EDGE_LOOP ( 'NONE', ( #12150, #10411, #11884, #7681 ) ) ;
#4391 = CARTESIAN_POINT ( 'NONE',  ( -0.02687065152229182671, 2.150000000000000355, -0.1970776680251931645 ) ) ;
#4392 = DIRECTION ( 'NONE',  ( 0.000000000000000000, -1.000000000000000000, 1.185846126156020721E-16 ) ) ;
#4393 = DIRECTION ( 'NONE',  ( 1.188166764367676342E-16, -1.000000000000000000, -0.000000000000000000 ) ) ;
#4394 = VECTOR ( 'NONE', #3085, 1000.000000000000000 ) ;
#4395 = SURFACE_SIDE_STYLE ('',( #4635 ) ) ;
#4396 = ADVANCED_FACE ( 'NONE', ( #7720 ), #3356, .F. ) ;
#4397 = SURFACE_STYLE_USAGE ( .BOTH. , #4520 ) ;
#4398 = LINE ( 'NONE', #10928, #9554 ) ;
#4399 = FILL_AREA_STYLE ('',( #569 ) ) ;
#4400 = FILL_AREA_STYLE_COLOUR ( '', #11579 ) ;
#4401 = DIRECTION ( 'NONE',  ( 1.188166764367676342E-16, -1.000000000000000000, -0.000000000000000000 ) ) ;
#4402 = ORIENTED_EDGE ( 'NONE', *, *, #9183, .F. ) ;
#4403 = FILL_AREA_STYLE ('',( #6338 ) ) ;
#4404 = ORIENTED_EDGE ( 'NONE', *, *, #7196, .T. ) ;
#4405 = LINE ( 'NONE', #3587, #7713 ) ;
#4406 = CARTESIAN_POINT ( 'NONE',  ( -0.03893227278817461279, 2.151000000000000689, -0.2263811456218288443 ) ) ;
#4407 = CARTESIAN_POINT ( 'NONE',  ( -0.1921120626030452805, 2.151000000000000689, -0.1209936629295695759 ) ) ;
#4408 = CARTESIAN_POINT ( 'NONE',  ( 0.000000000000000000, 1.800000000000000044, 0.000000000000000000 ) ) ;
#4409 = CARTESIAN_POINT ( 'NONE',  ( -0.05347303180822479685, 2.151000000000000689, -0.2286678204144655113 ) ) ;
#4410 = ORIENTED_EDGE ( 'NONE', *, *, #10771, .T. ) ;
#4411 = EDGE_CURVE ( 'NONE', #6720, #2158, #11656, .T. ) ;
#4412 = ADVANCED_FACE ( 'NONE', ( #6216 ), #2164, .T. ) ;
#4413 = B_SPLINE_CURVE_WITH_KNOTS ( 'NONE', 3,
 ( #10036, #5351, #3295, #3359 ),
 .UNSPECIFIED., .F., .F.,
 ( 4, 4 ),
 ( 3.000000000000000000, 4.000000000000000000 ),
 .UNSPECIFIED. ) ;
#4414 = FILL_AREA_STYLE ('',( #5086 ) ) ;
#4415 = ADVANCED_FACE ( 'NONE', ( #397 ), #641, .F. ) ;
#4416 =( LENGTH_UNIT ( ) NAMED_UNIT ( * ) SI_UNIT ( .MILLI., .METRE. ) );
#4417 = UNCERTAINTY_MEASURE_WITH_UNIT (LENGTH_MEASURE( 1.000000000000000082E-05 ), #5191, 'distance_accuracy_value', 'NONE');
#4418 = AXIS2_PLACEMENT_3D ( 'NONE', #4318, #11678, #3256 ) ;
#4419 = LINE ( 'NONE', #6348, #5685 ) ;
#4420 = CARTESIAN_POINT ( 'NONE',  ( -0.5908525703183222788, 2.151000000000000689, 0.2358396357562536905 ) ) ;
#4421 = ORIENTED_EDGE ( 'NONE', *, *, #2951, .F. ) ;
#4422 = CARTESIAN_POINT ( 'NONE',  ( -0.09244012247709731955, 2.151000000000000689, -0.1735236981727674155 ) ) ;
#4423 = FILL_AREA_STYLE_COLOUR ( '', #11406 ) ;
#4424 = SURFACE_STYLE_FILL_AREA ( #5356 ) ;
#4425 = CARTESIAN_POINT ( 'NONE',  ( -0.4642585817192438347, 2.150000000000000355, 0.1771578584808927992 ) ) ;
#4426 = PRESENTATION_LAYER_ASSIGNMENT (  '', '', ( #3228 ) ) ;
#4427 = EDGE_LOOP ( 'NONE', ( #7830, #9191, #8832, #3910 ) ) ;
#4428 = EDGE_CURVE ( 'NONE', #3083, #8083, #11221, .T. ) ;
#4429 = FILL_AREA_STYLE ('',( #3549 ) ) ;
#4430 = ORIENTED_EDGE ( 'NONE', *, *, #1980, .F. ) ;
#4431 = LINE ( 'NONE', #8167, #8506 ) ;
#4432 = PRESENTATION_STYLE_ASSIGNMENT (( #9112 ) ) ;
#4433 = ORIENTED_EDGE ( 'NONE', *, *, #7268, .T. ) ;
#4434 = SURFACE_STYLE_FILL_AREA ( #9114 ) ;
#4435 = B_SPLINE_CURVE_WITH_KNOTS ( 'NONE', 3,
 ( #1339, #3374, #5237, #7018 ),
 .UNSPECIFIED., .F., .F.,
 ( 4, 4 ),
 ( 10.00000000000000000, 11.00000000000000000 ),
 .UNSPECIFIED. ) ;
#4436 = COLOUR_RGB ( '',0.7725490196078431682, 0.6823529411764706065, 0.3686274509803921795 ) ;
#4437 = CARTESIAN_POINT ( 'NONE',  ( -0.3342149895392093617, 2.150000000000000355, -0.2213008859696188602 ) ) ;
#4438 = B_SPLINE_CURVE_WITH_KNOTS ( 'NONE', 3,
 ( #8060, #1474, #4993, #5248 ),
 .UNSPECIFIED., .F., .F.,
 ( 4, 4 ),
 ( 2.000000000000000000, 3.000000000000000000 ),
 .UNSPECIFIED. ) ;
#4439 = DIRECTION ( 'NONE',  ( 1.188166764367676342E-16, -1.000000000000000000, -0.000000000000000000 ) ) ;
#4440 = FACE_OUTER_BOUND ( 'NONE', #4954, .T. ) ;
#4441 = PLANE ( 'NONE',  #1057 ) ;
#4442 = ORIENTED_EDGE ( 'NONE', *, *, #11601, .T. ) ;
#4443 =( NAMED_UNIT ( * ) PLANE_ANGLE_UNIT ( ) SI_UNIT ( $, .RADIAN. ) );
#4444 = EDGE_LOOP ( 'NONE', ( #9982, #8947, #8725, #5577 ) ) ;
#4445 = EDGE_CURVE ( 'NONE', #6453, #4343, #12121, .T. ) ;
#4446 = FACE_OUTER_BOUND ( 'NONE', #675, .T. ) ;
#4447 = CARTESIAN_POINT ( 'NONE',  ( 1.043594103507980542, 2.150000000000000355, -0.1392851160962098322 ) ) ;
#4448 = CARTESIAN_POINT ( 'NONE',  ( 1.022961100079244678, 2.151000000000000689, -0.08448254173514643806 ) ) ;
#4449 = SURFACE_STYLE_USAGE ( .BOTH. , #7206 ) ;
#4450 = CARTESIAN_POINT ( 'NONE',  ( 0.4847187952808544864, 2.150000000000000355, -0.2430245054082204315 ) ) ;
#4451 = CARTESIAN_POINT ( 'NONE',  ( -0.4918686220256033303, 2.151000000000000689, 0.1776898870687715903 ) ) ;
#4452 = ORIENTED_EDGE ( 'NONE', *, *, #8992, .F. ) ;
#4453 = CARTESIAN_POINT ( 'NONE',  ( -0.4617083008344677331, 2.150000000000000355, 0.2500648090583760808 ) ) ;
#4454 = LINE ( 'NONE', #2753, #9989 ) ;
#4455 =( LENGTH_UNIT ( ) NAMED_UNIT ( * ) SI_UNIT ( .MILLI., .METRE. ) );
#4456 = DIRECTION ( 'NONE',  ( -2.017120320903264688E-16, 1.000000000000000000, 0.000000000000000000 ) ) ;
#4457 = MECHANICAL_DESIGN_GEOMETRIC_PRESENTATION_REPRESENTATION (  '', ( #6446 ), #1099 ) ;
#4458 = PRESENTATION_STYLE_ASSIGNMENT (( #3519 ) ) ;
#4459 = COLOUR_RGB ( '',1.000000000000000000, 1.000000000000000000, 1.000000000000000000 ) ;
#4460 = VERTEX_POINT ( 'NONE', #6520 ) ;
#4461 =( NAMED_UNIT ( * ) SI_UNIT ( $, .STERADIAN. ) SOLID_ANGLE_UNIT ( ) );
#4462 = ORIENTED_EDGE ( 'NONE', *, *, #5036, .F. ) ;
#4463 = LINE ( 'NONE', #7289, #13 ) ;
#4464 = EDGE_CURVE ( 'NONE', #7049, #1823, #6660, .T. ) ;
#4465 = SURFACE_SIDE_STYLE ('',( #6148 ) ) ;
#4466 = VECTOR ( 'NONE', #848, 1000.000000000000000 ) ;
#4467 = CARTESIAN_POINT ( 'NONE',  ( -0.2502946274135723903, 2.151000000000000689, -0.2080203271987442759 ) ) ;
#4468 =( NAMED_UNIT ( * ) SI_UNIT ( $, .STERADIAN. ) SOLID_ANGLE_UNIT ( ) );
#4469 = VERTEX_POINT ( 'NONE', #2703 ) ;
#4470 = VECTOR ( 'NONE', #1122, 1000.000000000000000 ) ;
#4471 = UNCERTAINTY_MEASURE_WITH_UNIT (LENGTH_MEASURE( 1.000000000000000082E-05 ), #184, 'distance_accuracy_value', 'NONE');
#4472 =( GEOMETRIC_REPRESENTATION_CONTEXT ( 3 ) GLOBAL_UNCERTAINTY_ASSIGNED_CONTEXT ( ( #11722 ) ) GLOBAL_UNIT_ASSIGNED_CONTEXT ( ( #11910, #6543, #11082 ) ) REPRESENTATION_CONTEXT ( 'NONE', 'WORKASPACE' ) );
#4473 =( NAMED_UNIT ( * ) SI_UNIT ( $, .STERADIAN. ) SOLID_ANGLE_UNIT ( ) );
#4474 = FILL_AREA_STYLE ('',( #2646 ) ) ;
#4475 = CARTESIAN_POINT ( 'NONE',  ( -0.1817678364879884156, 2.151000000000000689, -0.1280948080466235983 ) ) ;
#4476 = SURFACE_STYLE_FILL_AREA ( #6408 ) ;
#4477 = DIRECTION ( 'NONE',  ( 0.3475765303544179896, -0.000000000000000000, -0.9376516173647780894 ) ) ;
#4478 = ORIENTED_EDGE ( 'NONE', *, *, #11054, .F. ) ;
#4479 = VECTOR ( 'NONE', #1989, 1000.000000000000000 ) ;
#4480 = FILL_AREA_STYLE_COLOUR ( '', #4578 ) ;
#4481 = LINE ( 'NONE', #6286, #8660 ) ;
#4482 = EDGE_CURVE ( 'NONE', #10878, #7049, #1631, .T. ) ;
#4483 = ADVANCED_FACE ( 'NONE', ( #3651 ), #9147, .F. ) ;
#4484 = ADVANCED_FACE ( 'NONE', ( #6401 ), #11007, .F. ) ;
#4485 = CARTESIAN_POINT ( 'NONE',  ( 1.160911014477863379, 2.150000000000000355, -0.1659275319788961200 ) ) ;
#4486 = UNCERTAINTY_MEASURE_WITH_UNIT (LENGTH_MEASURE( 1.000000000000000082E-05 ), #492, 'distance_accuracy_value', 'NONE');
#4487 = CARTESIAN_POINT ( 'NONE',  ( 0.5931548505587972420, 2.150000000000000355, -0.2408094367324746521 ) ) ;
#4488 = ORIENTED_EDGE ( 'NONE', *, *, #3905, .F. ) ;
#4489 = DIRECTION ( 'NONE',  ( 1.188166764367676342E-16, -1.000000000000000000, -0.000000000000000000 ) ) ;
#4490 = SURFACE_STYLE_USAGE ( .BOTH. , #12146 ) ;
#4491 = PLANE ( 'NONE',  #12155 ) ;
#4492 = CARTESIAN_POINT ( 'NONE',  ( -0.8494009958149657535, 2.151000000000000245, -0.08583166086340963952 ) ) ;
#4493 = VERTEX_POINT ( 'NONE', #8563 ) ;
#4494 = CARTESIAN_POINT ( 'NONE',  ( -0.5949045768689246172, 2.150000000000000355, 0.2500559391938070308 ) ) ;
#4495 = MECHANICAL_DESIGN_GEOMETRIC_PRESENTATION_REPRESENTATION (  '', ( #11767 ), #11570 ) ;
#4496 = CARTESIAN_POINT ( 'NONE',  ( 0.1055450673871456413, 2.151000000000000689, -0.06502175767967410813 ) ) ;
#4497 = LINE ( 'NONE', #7438, #2035 ) ;
#4498 = VECTOR ( 'NONE', #2649, 1000.000000000000000 ) ;
#4499 = EDGE_CURVE ( 'NONE', #3776, #7623, #11512, .T. ) ;
#4500 = CARTESIAN_POINT ( 'NONE',  ( -0.3773200013957546117, 2.151000000000000689, -0.1031751969012276865 ) ) ;
#4501 = CARTESIAN_POINT ( 'NONE',  ( 0.5931548505587972420, 2.151000000000000689, -0.2408094367324746521 ) ) ;
#4502 = VERTEX_POINT ( 'NONE', #996 ) ;
#4503 = CARTESIAN_POINT ( 'NONE',  ( -0.4918686220256033303, 2.151000000000000689, 0.1776898870687715903 ) ) ;
#4504 = AXIS2_PLACEMENT_3D ( 'NONE', #37, #8659, #915 ) ;
#4505 = ORIENTED_EDGE ( 'NONE', *, *, #249, .T. ) ;
#4506 =( GEOMETRIC_REPRESENTATION_CONTEXT ( 3 ) GLOBAL_UNCERTAINTY_ASSIGNED_CONTEXT ( ( #11011 ) ) GLOBAL_UNIT_ASSIGNED_CONTEXT ( ( #4863, #168, #427 ) ) REPRESENTATION_CONTEXT ( 'NONE', 'WORKASPACE' ) );
#4507 = CARTESIAN_POINT ( 'NONE',  ( -0.8617793402508915346, 2.151000000000000245, -0.04848722609848107878 ) ) ;
#4508 = CARTESIAN_POINT ( 'NONE',  ( 1.094038298431735612, 2.150000000000000355, -0.1157909657433316558 ) ) ;
#4509 = CARTESIAN_POINT ( 'NONE',  ( -0.09234130888384635416, 2.151000000000000689, -0.1874561038459374995 ) ) ;
#4510 = B_SPLINE_CURVE_WITH_KNOTS ( 'NONE', 3,
 ( #9873, #11674, #6173, #9049 ),
 .UNSPECIFIED., .F., .F.,
 ( 4, 4 ),
 ( 5.000000000000000000, 6.000000000000000000 ),
 .UNSPECIFIED. ) ;
#4511 = FILL_AREA_STYLE_COLOUR ( '', #1271 ) ;
#4512 = CARTESIAN_POINT ( 'NONE',  ( 0.4340797516133161338, 2.150000000000000355, -0.2390455959965226140 ) ) ;
#4513 = VERTEX_POINT ( 'NONE', #11448 ) ;
#4514 =( GEOMETRIC_REPRESENTATION_CONTEXT ( 3 ) GLOBAL_UNCERTAINTY_ASSIGNED_CONTEXT ( ( #8523 ) ) GLOBAL_UNIT_ASSIGNED_CONTEXT ( ( #9850, #3292, #3230 ) ) REPRESENTATION_CONTEXT ( 'NONE', 'WORKASPACE' ) );
#4515 = VECTOR ( 'NONE', #10647, 1000.000000000000000 ) ;
#4516 = EDGE_CURVE ( 'NONE', #9845, #11363, #1909, .T. ) ;
#4517 = VECTOR ( 'NONE', #6426, 1000.000000000000000 ) ;
#4518 = DIRECTION ( 'NONE',  ( -0.9999748501857348426, -1.188136882194236216E-16, -0.007092178509963165643 ) ) ;
#4519 =( GEOMETRIC_REPRESENTATION_CONTEXT ( 3 ) GLOBAL_UNCERTAINTY_ASSIGNED_CONTEXT ( ( #3104 ) ) GLOBAL_UNIT_ASSIGNED_CONTEXT ( ( #9933, #425, #7142 ) ) REPRESENTATION_CONTEXT ( 'NONE', 'WORKASPACE' ) );
#4520 = SURFACE_SIDE_STYLE ('',( #7401 ) ) ;
#4521 =( GEOMETRIC_REPRESENTATION_CONTEXT ( 3 ) GLOBAL_UNCERTAINTY_ASSIGNED_CONTEXT ( ( #894 ) ) GLOBAL_UNIT_ASSIGNED_CONTEXT ( ( #6539, #10390, #8465 ) ) REPRESENTATION_CONTEXT ( 'NONE', 'WORKASPACE' ) );
#4522 = SURFACE_STYLE_USAGE ( .BOTH. , #5451 ) ;
#4523 = UNCERTAINTY_MEASURE_WITH_UNIT (LENGTH_MEASURE( 1.000000000000000082E-05 ), #5345, 'distance_accuracy_value', 'NONE');
#4524 = CARTESIAN_POINT ( 'NONE',  ( -0.3330001252222237196, 2.150000000000000355, -0.2239957082927977183 ) ) ;
#4525 = ORIENTED_EDGE ( 'NONE', *, *, #3794, .T. ) ;
#4526 = CARTESIAN_POINT ( 'NONE',  ( -0.7130530573381530512, 2.150000000000000355, -0.2223240862405151952 ) ) ;
#4527 = ORIENTED_EDGE ( 'NONE', *, *, #7657, .T. ) ;
#4528 = SURFACE_SIDE_STYLE ('',( #8198 ) ) ;
#4529 = EDGE_CURVE ( 'NONE', #7345, #6372, #123, .T. ) ;
#4530 = CARTESIAN_POINT ( 'NONE',  ( -0.3330001252222240526, 2.151000000000000689, -0.2239957082927976073 ) ) ;
#4531 = CARTESIAN_POINT ( 'NONE',  ( 0.4998448380643135125, 2.151000000000000689, 0.07086983745883435049 ) ) ;
#4532 = VERTEX_POINT ( 'NONE', #8445 ) ;
#4533 = STYLED_ITEM ( 'NONE', ( #6921 ), #2944 ) ;
#4534 = PRESENTATION_LAYER_ASSIGNMENT (  '', '', ( #974 ) ) ;
#4535 = VECTOR ( 'NONE', #566, 1000.000000000000000 ) ;
#4536 = EDGE_CURVE ( 'NONE', #6826, #7274, #63, .T. ) ;
#4537 =( NAMED_UNIT ( * ) PLANE_ANGLE_UNIT ( ) SI_UNIT ( $, .RADIAN. ) );
#4538 = ORIENTED_EDGE ( 'NONE', *, *, #4099, .T. ) ;
#4539 = CARTESIAN_POINT ( 'NONE',  ( 0.6410967227516382039, 2.151000000000000689, 0.3393860007275265045 ) ) ;
#4540 = CARTESIAN_POINT ( 'NONE',  ( -0.2096868513068216588, 2.151000000000000689, -0.09865897376185628342 ) ) ;
#4541 = PRODUCT_CONTEXT ( 'NONE', #1326, 'mechanical' ) ;
#4542 = CARTESIAN_POINT ( 'NONE',  ( -0.09192319464974493815, 2.151000000000000689, -0.2464088950114305121 ) ) ;
#4543 = AXIS2_PLACEMENT_3D ( 'NONE', #7670, #1207, #6892 ) ;
#4544 = EDGE_CURVE ( 'NONE', #4585, #9718, #7641, .T. ) ;
#4545 = ADVANCED_FACE ( 'NONE', ( #11272 ), #8625, .F. ) ;
#4546 = CARTESIAN_POINT ( 'NONE',  ( -0.5396921636882440199, 2.151000000000000689, -0.2263974476531020186 ) ) ;
#4547 = CARTESIAN_POINT ( 'NONE',  ( -0.1693673788884486608, 2.151000000000000689, -0.1099146168151994701 ) ) ;
#4548 = ORIENTED_EDGE ( 'NONE', *, *, #5552, .T. ) ;
#4549 = PRESENTATION_STYLE_ASSIGNMENT (( #8164 ) ) ;
#4550 = ADVANCED_FACE ( 'NONE', ( #7524 ), #7871, .F. ) ;
#4551 = CARTESIAN_POINT ( 'NONE',  ( 0.5578367524028450264, 2.151000000000000689, -0.1542985130197318810 ) ) ;
#4552 = DIRECTION ( 'NONE',  ( 0.007092178509974184607, 8.426690792513995344E-19, -0.9999748501857347316 ) ) ;
#4553 =( LENGTH_UNIT ( ) NAMED_UNIT ( * ) SI_UNIT ( .MILLI., .METRE. ) );
#4554 = CARTESIAN_POINT ( 'NONE',  ( -0.5395277201711268233, 2.151000000000000689, -0.2495834660481677791 ) ) ;
#4555 = COLOUR_RGB ( '',1.000000000000000000, 1.000000000000000000, 1.000000000000000000 ) ;
#4556 = ORIENTED_EDGE ( 'NONE', *, *, #2740, .T. ) ;
#4557 = CARTESIAN_POINT ( 'NONE',  ( 0.02353822956010099415, 2.150000000000000355, 0.07705499450965633268 ) ) ;
#4558 = PRESENTATION_LAYER_ASSIGNMENT (  '', '', ( #1779 ) ) ;
#4559 = SURFACE_STYLE_USAGE ( .BOTH. , #5491 ) ;
#4560 = PRESENTATION_STYLE_ASSIGNMENT (( #6247 ) ) ;
#4561 = CARTESIAN_POINT ( 'NONE',  ( -0.08121396209516698605, 2.150000000000000355, -0.2170110306316229976 ) ) ;
#4562 = CARTESIAN_POINT ( 'NONE',  ( -0.5813124846806851931, 2.150000000000000355, 0.2761469408291877814 ) ) ;
#4563 = VERTEX_POINT ( 'NONE', #6925 ) ;
#4564 = PRESENTATION_LAYER_ASSIGNMENT (  '', '', ( #3967 ) ) ;
#4565 = ORIENTED_EDGE ( 'NONE', *, *, #10734, .T. ) ;
#4566 = EDGE_CURVE ( 'NONE', #10749, #6687, #5195, .T. ) ;
#4567 = CARTESIAN_POINT ( 'NONE',  ( -0.02916875044342299994, 2.150000000000000355, -0.2175777130769686596 ) ) ;
#4568 = EDGE_CURVE ( 'NONE', #11030, #4273, #2464, .T. ) ;
#4569 = LINE ( 'NONE', #8293, #7371 ) ;
#4570 = UNCERTAINTY_MEASURE_WITH_UNIT (LENGTH_MEASURE( 1.000000000000000082E-05 ), #6345, 'distance_accuracy_value', 'NONE');
#4571 = CARTESIAN_POINT ( 'NONE',  ( -0.8456435830242839957, 2.151000000000000245, -0.08050211321131045539 ) ) ;
#4572 = VERTEX_POINT ( 'NONE', #6198 ) ;
#4573 = DIRECTION ( 'NONE',  ( 1.188166764367676342E-16, -1.000000000000000000, -0.000000000000000000 ) ) ;
#4574 = CARTESIAN_POINT ( 'NONE',  ( 0.02337378604298410295, 2.151000000000000689, 0.1002410129047179715 ) ) ;
#4575 = VERTEX_POINT ( 'NONE', #6981 ) ;
#4576 = PRESENTATION_LAYER_ASSIGNMENT (  '', '', ( #3576 ) ) ;
#4577 = CARTESIAN_POINT ( 'NONE',  ( 0.7634078470259882954, 2.150000000000000355, -0.1875450612629959435 ) ) ;
#4578 = COLOUR_RGB ( '',0.6784313725490196401, 0.5372549019607842924, 0.3882352941176470673 ) ;
#4579 =( NAMED_UNIT ( * ) PLANE_ANGLE_UNIT ( ) SI_UNIT ( $, .RADIAN. ) );
#4580 = VECTOR ( 'NONE', #448, 1000.000000000000114 ) ;
#4581 = EDGE_CURVE ( 'NONE', #5987, #8111, #5477, .T. ) ;
#4582 = CARTESIAN_POINT ( 'NONE',  ( -0.6361995749045131765, 2.151000000000000245, -0.07028247539768932295 ) ) ;
#4583 = VERTEX_POINT ( 'NONE', #382 ) ;
#4584 = CARTESIAN_POINT ( 'NONE',  ( 1.022961100079244678, 2.150000000000000355, -0.08448254173514643806 ) ) ;
#4585 = VERTEX_POINT ( 'NONE', #2335 ) ;
#4586 = CARTESIAN_POINT ( 'NONE',  ( 0.3577724830705033554, 2.150000000000000355, 0.1219190624905341497 ) ) ;
#4587 = LINE ( 'NONE', #10308, #2183 ) ;
#4588 =( GEOMETRIC_REPRESENTATION_CONTEXT ( 3 ) GLOBAL_UNCERTAINTY_ASSIGNED_CONTEXT ( ( #7224 ) ) GLOBAL_UNIT_ASSIGNED_CONTEXT ( ( #2940, #2023, #9386 ) ) REPRESENTATION_CONTEXT ( 'NONE', 'WORKASPACE' ) );
#4589 = DIRECTION ( 'NONE',  ( 1.000000000000000000, -0.000000000000000000, -1.095153709581317675E-16 ) ) ;
#4590 =( NAMED_UNIT ( * ) PLANE_ANGLE_UNIT ( ) SI_UNIT ( $, .RADIAN. ) );
#4591 = ORIENTED_EDGE ( 'NONE', *, *, #2047, .T. ) ;
#4592 = UNCERTAINTY_MEASURE_WITH_UNIT (LENGTH_MEASURE( 1.000000000000000082E-05 ), #5566, 'distance_accuracy_value', 'NONE');
#4593 = SURFACE_STYLE_USAGE ( .BOTH. , #9208 ) ;
#4594 = EDGE_CURVE ( 'NONE', #9805, #2062, #9005, .T. ) ;
#4595 = PRESENTATION_STYLE_ASSIGNMENT (( #6525 ) ) ;
#4596 = MECHANICAL_DESIGN_GEOMETRIC_PRESENTATION_REPRESENTATION (  '', ( #3804 ), #10693 ) ;
#4597 = CARTESIAN_POINT ( 'NONE',  ( 0.5665021801224641163, 2.151000000000000689, -0.1527910532409131328 ) ) ;
#4598 = EDGE_LOOP ( 'NONE', ( #5052, #6102, #7938, #8847 ) ) ;
#4599 = CARTESIAN_POINT ( 'NONE',  ( 0.4334541846224440609, 2.151000000000000689, -0.1508426189987361887 ) ) ;
#4600 = CARTESIAN_POINT ( 'NONE',  ( -0.1550972372032313751, 2.150000000000000355, -0.1574355181319620767 ) ) ;
#4601 =( LENGTH_UNIT ( ) NAMED_UNIT ( * ) SI_UNIT ( .MILLI., .METRE. ) );
#4602 = COLOUR_RGB ( '',1.000000000000000000, 1.000000000000000000, 1.000000000000000000 ) ;
#4603 = UNCERTAINTY_MEASURE_WITH_UNIT (LENGTH_MEASURE( 1.000000000000000082E-05 ), #12053, 'distance_accuracy_value', 'NONE');
#4604 =( GEOMETRIC_REPRESENTATION_CONTEXT ( 3 ) GLOBAL_UNCERTAINTY_ASSIGNED_CONTEXT ( ( #1114 ) ) GLOBAL_UNIT_ASSIGNED_CONTEXT ( ( #3346, #10883, #11828 ) ) REPRESENTATION_CONTEXT ( 'NONE', 'WORKASPACE' ) );
#4605 = LINE ( 'NONE', #9413, #9649 ) ;
#4606 =( NAMED_UNIT ( * ) SI_UNIT ( $, .STERADIAN. ) SOLID_ANGLE_UNIT ( ) );
#4607 = CARTESIAN_POINT ( 'NONE',  ( -0.8337065825514520245, 2.150000000000000355, -0.04828812408223066843 ) ) ;
#4608 = CARTESIAN_POINT ( 'NONE',  ( 0.5172782460321342368, 2.151000000000000689, 0.2633146077990298206 ) ) ;
#4609 = SURFACE_STYLE_FILL_AREA ( #3492 ) ;
#4610 = CARTESIAN_POINT ( 'NONE',  ( -0.1777538404533957894, 2.151000000000000689, 0.07562735931172039072 ) ) ;
#4611 = VECTOR ( 'NONE', #5623, 1000.000000000000000 ) ;
#4612 = ORIENTED_EDGE ( 'NONE', *, *, #178, .T. ) ;
#4613 = SURFACE_STYLE_FILL_AREA ( #10217 ) ;
#4614 = CARTESIAN_POINT ( 'NONE',  ( -0.2330649581546029303, 2.150000000000000355, -0.1230517483928977862 ) ) ;
#4615 = CARTESIAN_POINT ( 'NONE',  ( -0.01303748500803551813, 2.150000000000000355, 0.1761989432650036547 ) ) ;
#4616 = B_SPLINE_CURVE_WITH_KNOTS ( 'NONE', 3,
 ( #1900, #3069, #10357, #9446 ),
 .UNSPECIFIED., .F., .F.,
 ( 4, 4 ),
 ( 19.00000000000000000, 20.00000000000000000 ),
 .UNSPECIFIED. ) ;
#4617 = COLOUR_RGB ( '',1.000000000000000000, 1.000000000000000000, 1.000000000000000000 ) ;
#4618 = FILL_AREA_STYLE_COLOUR ( '', #7743 ) ;
#4619 = CARTESIAN_POINT ( 'NONE',  ( 0.6116445440076632156, 2.151000000000000689, -0.1972975950925945077 ) ) ;
#4620 = EDGE_LOOP ( 'NONE', ( #6109, #7078, #3118, #6557 ) ) ;
#4621 = ORIENTED_EDGE ( 'NONE', *, *, #245, .F. ) ;
#4622 =( LENGTH_UNIT ( ) NAMED_UNIT ( * ) SI_UNIT ( .MILLI., .METRE. ) );
#4623 =( GEOMETRIC_REPRESENTATION_CONTEXT ( 3 ) GLOBAL_UNCERTAINTY_ASSIGNED_CONTEXT ( ( #6065 ) ) GLOBAL_UNIT_ASSIGNED_CONTEXT ( ( #6473, #11777, #3480 ) ) REPRESENTATION_CONTEXT ( 'NONE', 'WORKASPACE' ) );
#4624 = LINE ( 'NONE', #8352, #6994 ) ;
#4625 = ORIENTED_EDGE ( 'NONE', *, *, #850, .F. ) ;
#4626 = CARTESIAN_POINT ( 'NONE',  ( -0.3530814033311270306, 2.151000000000000689, 0.2543704956092782132 ) ) ;
#4627 = VERTEX_POINT ( 'NONE', #5134 ) ;
#4628 = MECHANICAL_DESIGN_GEOMETRIC_PRESENTATION_REPRESENTATION (  '', ( #3841 ), #2829 ) ;
#4629 = FILL_AREA_STYLE ('',( #9131 ) ) ;
#4630 = EDGE_CURVE ( 'NONE', #2499, #761, #10677, .T. ) ;
#4631 = EDGE_CURVE ( 'NONE', #11132, #7408, #4278, .T. ) ;
#4632 = COLOUR_RGB ( '',1.000000000000000000, 1.000000000000000000, 1.000000000000000000 ) ;
#4633 = EDGE_CURVE ( 'NONE', #1248, #9307, #8875, .T. ) ;
#4634 = B_SPLINE_CURVE_WITH_KNOTS ( 'NONE', 3,
 ( #4040, #2419, #9652, #11764 ),
 .UNSPECIFIED., .F., .F.,
 ( 4, 4 ),
 ( 4.000000000000000000, 5.000000000000000000 ),
 .UNSPECIFIED. ) ;
#4635 = SURFACE_STYLE_FILL_AREA ( #809 ) ;
#4636 = B_SPLINE_CURVE_WITH_KNOTS ( 'NONE', 3,
 ( #609, #672, #8224, #2556 ),
 .UNSPECIFIED., .F., .F.,
 ( 4, 4 ),
 ( 4.000000000000000000, 5.000000000000000000 ),
 .UNSPECIFIED. ) ;
#4637 = PRESENTATION_LAYER_ASSIGNMENT (  '', '', ( #3639 ) ) ;
#4638 = CARTESIAN_POINT ( 'NONE',  ( -0.1650686966184464199, 2.150000000000000355, -0.2248842468019379981 ) ) ;
#4639 =( NAMED_UNIT ( * ) SI_UNIT ( $, .STERADIAN. ) SOLID_ANGLE_UNIT ( ) );
#4640 = UNCERTAINTY_MEASURE_WITH_UNIT (LENGTH_MEASURE( 1.000000000000000082E-05 ), #9695, 'distance_accuracy_value', 'NONE');
#4641 = CARTESIAN_POINT ( 'NONE',  ( -0.3814977638706875673, 2.150000000000000355, 0.09736951938159571496 ) ) ;
#4642 = CARTESIAN_POINT ( 'NONE',  ( 1.043594103507980542, 2.150000000000000355, -0.1392851160962098322 ) ) ;
#4643 = ORIENTED_EDGE ( 'NONE', *, *, #2373, .T. ) ;
#4644 = PRESENTATION_STYLE_ASSIGNMENT (( #9393 ) ) ;
#4645 =( NAMED_UNIT ( * ) PLANE_ANGLE_UNIT ( ) SI_UNIT ( $, .RADIAN. ) );
#4646 = EDGE_CURVE ( 'NONE', #4330, #4063, #8010, .T. ) ;
#4647 = SURFACE_STYLE_FILL_AREA ( #6342 ) ;
#4648 = CARTESIAN_POINT ( 'NONE',  ( -0.1869395808380833190, 2.150000000000000355, -0.1245962220763700279 ) ) ;
#4649 = PRESENTATION_LAYER_ASSIGNMENT (  '', '', ( #4060 ) ) ;
#4650 = CARTESIAN_POINT ( 'NONE',  ( -0.02148431712206320607, 2.151000000000000689, -0.2454934037274740244 ) ) ;
#4651 = CARTESIAN_POINT ( 'NONE',  ( -0.03258885742592490531, 2.151000000000000689, 0.1180403270323975573 ) ) ;
#4652 = UNCERTAINTY_MEASURE_WITH_UNIT (LENGTH_MEASURE( 1.000000000000000082E-05 ), #11478, 'distance_accuracy_value', 'NONE');
#4653 = ORIENTED_EDGE ( 'NONE', *, *, #11774, .F. ) ;
#4654 = CARTESIAN_POINT ( 'NONE',  ( -0.06774914243383861612, 2.150000000000000355, 0.2595135260326419946 ) ) ;
#4655 = CARTESIAN_POINT ( 'NONE',  ( -0.3814977638706875673, 2.151000000000000689, 0.09736951938159571496 ) ) ;
#4656 = ORIENTED_EDGE ( 'NONE', *, *, #934, .T. ) ;
#4657 = LINE ( 'NONE', #12132, #9315 ) ;
#4658 =( NAMED_UNIT ( * ) PLANE_ANGLE_UNIT ( ) SI_UNIT ( $, .RADIAN. ) );
#4659 = AXIS2_PLACEMENT_3D ( 'NONE', #2210, #3259, #1288 ) ;
#4660 = CARTESIAN_POINT ( 'NONE',  ( -0.1964638132163225304, 2.150000000000000355, -0.1598084727857942144 ) ) ;
#4661 = EDGE_CURVE ( 'NONE', #3149, #10587, #315, .T. ) ;
#4662 = AXIS2_PLACEMENT_3D ( 'NONE', #10877, #10685, #2415 ) ;
#4663 = CARTESIAN_POINT ( 'NONE',  ( -0.5297800650093548169, 2.151000000000000689, -0.1579093559237638167 ) ) ;
#4664 = CARTESIAN_POINT ( 'NONE',  ( -0.06316102366499841414, 2.150000000000000355, 0.09640394654436885979 ) ) ;
#4665 =( GEOMETRIC_REPRESENTATION_CONTEXT ( 3 ) GLOBAL_UNCERTAINTY_ASSIGNED_CONTEXT ( ( #11959 ) ) GLOBAL_UNIT_ASSIGNED_CONTEXT ( ( #221, #8719, #11247 ) ) REPRESENTATION_CONTEXT ( 'NONE', 'WORKASPACE' ) );
#4666 =( NAMED_UNIT ( * ) PLANE_ANGLE_UNIT ( ) SI_UNIT ( $, .RADIAN. ) );
#4667 = DIRECTION ( 'NONE',  ( 0.007092178509963569834, 8.426690792501381466E-19, -0.9999748501857348426 ) ) ;
#4668 = CARTESIAN_POINT ( 'NONE',  ( -0.3773200013957546117, 2.151000000000000689, -0.1031751969012276865 ) ) ;
#4669 = FILL_AREA_STYLE_COLOUR ( '', #8953 ) ;
#4670 = LINE ( 'NONE', #7485, #2152 ) ;
#4671 = PRESENTATION_STYLE_ASSIGNMENT (( #900 ) ) ;
#4672 = LINE ( 'NONE', #5995, #7028 ) ;
#4673 = VERTEX_POINT ( 'NONE', #1298 ) ;
#4674 = SURFACE_STYLE_FILL_AREA ( #11245 ) ;
#4675 = ADVANCED_FACE ( 'NONE', ( #11814 ), #5243, .F. ) ;
#4676 = CARTESIAN_POINT ( 'NONE',  ( 0.5665021801224641163, 2.151000000000000689, -0.1527910532409131328 ) ) ;
#4677 = CARTESIAN_POINT ( 'NONE',  ( -0.1371080723958849612, 2.150000000000000355, 0.08433788454482418762 ) ) ;
#4678 = CARTESIAN_POINT ( 'NONE',  ( -0.5297800650093548169, 2.151000000000000689, -0.1579093559237638167 ) ) ;
#4679 = CARTESIAN_POINT ( 'NONE',  ( -0.4400932833313356829, 2.151000000000000689, 0.08322878936597134791 ) ) ;
#4680 = VERTEX_POINT ( 'NONE', #10237 ) ;
#4681 =( NAMED_UNIT ( * ) PLANE_ANGLE_UNIT ( ) SI_UNIT ( $, .RADIAN. ) );
#4682 = ORIENTED_EDGE ( 'NONE', *, *, #4566, .T. ) ;
#4683 = DIRECTION ( 'NONE',  ( -0.000000000000000000, 0.000000000000000000, 1.000000000000000000 ) ) ;
#4684 = UNCERTAINTY_MEASURE_WITH_UNIT (LENGTH_MEASURE( 1.000000000000000082E-05 ), #3415, 'distance_accuracy_value', 'NONE');
#4686 = EDGE_CURVE ( 'NONE', #9862, #6292, #11158, .T. ) ;
#4685 =( GEOMETRIC_REPRESENTATION_CONTEXT ( 3 ) GLOBAL_UNCERTAINTY_ASSIGNED_CONTEXT ( ( #2589 ) ) GLOBAL_UNIT_ASSIGNED_CONTEXT ( ( #6400, #640, #8087 ) ) REPRESENTATION_CONTEXT ( 'NONE', 'WORKASPACE' ) );
#4687 = SURFACE_SIDE_STYLE ('',( #11984 ) ) ;
#4688 = ORIENTED_EDGE ( 'NONE', *, *, #8033, .T. ) ;
#4689 = CARTESIAN_POINT ( 'NONE',  ( -0.01104944699464593776, 2.150000000000000355, 0.1011406335244480204 ) ) ;
#4690 = FACE_OUTER_BOUND ( 'NONE', #6758, .T. ) ;
#4691 = EDGE_LOOP ( 'NONE', ( #3208, #4984, #973, #9967 ) ) ;
#4692 = FILL_AREA_STYLE ('',( #7398 ) ) ;
#4693 = CARTESIAN_POINT ( 'NONE',  ( -0.5970068979428133638, 2.151000000000000245, 0.2386034040480188578 ) ) ;
#4694 = SURFACE_STYLE_USAGE ( .BOTH. , #10297 ) ;
#4695 = B_SPLINE_CURVE_WITH_KNOTS ( 'NONE', 3,
 ( #2943, #57, #1902, #12180 ),
 .UNSPECIFIED., .F., .F.,
 ( 4, 4 ),
 ( 2.000000000000000000, 3.000000000000000000 ),
 .UNSPECIFIED. ) ;
#4696 = FILL_AREA_STYLE ('',( #10090 ) ) ;
#4697 = VECTOR ( 'NONE', #7529, 1000.000000000000000 ) ;
#4698 =( NAMED_UNIT ( * ) PLANE_ANGLE_UNIT ( ) SI_UNIT ( $, .RADIAN. ) );
#4699 = CARTESIAN_POINT ( 'NONE',  ( -0.03514691713765505376, 2.150000000000000355, 0.2734699023309143939 ) ) ;
#4700 = FACE_OUTER_BOUND ( 'NONE', #1213, .T. ) ;
#4701 = VECTOR ( 'NONE', #5901, 1000.000000000000000 ) ;
#4702 = PRESENTATION_LAYER_ASSIGNMENT (  '', '', ( #9021 ) ) ;
#4703 = EDGE_CURVE ( 'NONE', #3810, #8357, #1905, .T. ) ;
#4704 = CARTESIAN_POINT ( 'NONE',  ( 0.4556048220893331724, 2.151000000000000689, 0.1920220431351201129 ) ) ;
#4705 = PRESENTATION_STYLE_ASSIGNMENT (( #10362 ) ) ;
#4706 = ORIENTED_EDGE ( 'NONE', *, *, #1895, .F. ) ;
#4707 = DIRECTION ( 'NONE',  ( 1.000000000000000000, -0.000000000000000000, 5.475768547906588867E-16 ) ) ;
#4708 = MECHANICAL_DESIGN_GEOMETRIC_PRESENTATION_REPRESENTATION (  '', ( #2519 ), #5095 ) ;
#4709 = CARTESIAN_POINT ( 'NONE',  ( 0.5114124334668919136, 2.150000000000000355, 0.07095187897368923635 ) ) ;
#4710 = PRESENTATION_STYLE_ASSIGNMENT (( #6748 ) ) ;
#4711 = VECTOR ( 'NONE', #9415, 1000.000000000000114 ) ;
#4712 = UNCERTAINTY_MEASURE_WITH_UNIT (LENGTH_MEASURE( 1.000000000000000082E-05 ), #5034, 'distance_accuracy_value', 'NONE');
#4713 = CARTESIAN_POINT ( 'NONE',  ( 0.8533131882925389933, 2.150000000000000355, -0.2230580641037888112 ) ) ;
#4714 = VERTEX_POINT ( 'NONE', #689 ) ;
#4715 = PRESENTATION_STYLE_ASSIGNMENT (( #9696 ) ) ;
#4716 = ADVANCED_FACE ( 'NONE', ( #9262 ), #6388, .F. ) ;
#4717 = VECTOR ( 'NONE', #7123, 1000.000000000000000 ) ;
#4718 = ORIENTED_EDGE ( 'NONE', *, *, #9468, .T. ) ;
#4719 = DIRECTION ( 'NONE',  ( 0.000000000000000000, 0.000000000000000000, 1.000000000000000000 ) ) ;
#4720 = PRESENTATION_LAYER_ASSIGNMENT (  '', '', ( #10043 ) ) ;
#4721 = LINE ( 'NONE', #1009, #7749 ) ;
#4722 =( NAMED_UNIT ( * ) PLANE_ANGLE_UNIT ( ) SI_UNIT ( $, .RADIAN. ) );
#4723 = SURFACE_STYLE_USAGE ( .BOTH. , #5655 ) ;
#4724 =( GEOMETRIC_REPRESENTATION_CONTEXT ( 3 ) GLOBAL_UNCERTAINTY_ASSIGNED_CONTEXT ( ( #7775 ) ) GLOBAL_UNIT_ASSIGNED_CONTEXT ( ( #10239, #11992, #11879 ) ) REPRESENTATION_CONTEXT ( 'NONE', 'WORKASPACE' ) );
#4725 = UNCERTAINTY_MEASURE_WITH_UNIT (LENGTH_MEASURE( 1.000000000000000082E-05 ), #5845, 'distance_accuracy_value', 'NONE');
#4726 = CARTESIAN_POINT ( 'NONE',  ( -0.3814892801183842885, 2.150000000000000355, 0.07418239486422291418 ) ) ;
#4727 = CARTESIAN_POINT ( 'NONE',  ( -0.01286492992729329314, 2.150000000000000355, 0.1518692199266007403 ) ) ;
#4728 = EDGE_CURVE ( 'NONE', #6720, #9970, #10183, .T. ) ;
#4729 = DIRECTION ( 'NONE',  ( 0.9999748501857348426, 1.188136882194236216E-16, 0.007092178509962869873 ) ) ;
#4730 = MECHANICAL_DESIGN_GEOMETRIC_PRESENTATION_REPRESENTATION (  '', ( #6897 ), #1176 ) ;
#4731 = CARTESIAN_POINT ( 'NONE',  ( -0.06632145850057967473, 2.151000000000000689, -0.2496586057822151872 ) ) ;
#4732 =( GEOMETRIC_REPRESENTATION_CONTEXT ( 3 ) GLOBAL_UNCERTAINTY_ASSIGNED_CONTEXT ( ( #21 ) ) GLOBAL_UNIT_ASSIGNED_CONTEXT ( ( #11686, #5249, #6123 ) ) REPRESENTATION_CONTEXT ( 'NONE', 'WORKASPACE' ) );
#4733 = VECTOR ( 'NONE', #3865, 1000.000000000000000 ) ;
#4734 = DIRECTION ( 'NONE',  ( 1.188166764367676342E-16, -1.000000000000000000, -0.000000000000000000 ) ) ;
#4735 = CARTESIAN_POINT ( 'NONE',  ( 1.094038298431735612, 2.151000000000000689, -0.1157909657433316558 ) ) ;
#4736 = CARTESIAN_POINT ( 'NONE',  ( -0.1777538404533957894, 2.151000000000000689, 0.07562735931172039072 ) ) ;
#4737 = ORIENTED_EDGE ( 'NONE', *, *, #1513, .T. ) ;
#4738 = FILL_AREA_STYLE ('',( #969 ) ) ;
#4739 = EDGE_LOOP ( 'NONE', ( #4548, #10001, #7507, #3709 ) ) ;
#4740 = VECTOR ( 'NONE', #3932, 1000.000000000000000 ) ;
#4741 =( NAMED_UNIT ( * ) SI_UNIT ( $, .STERADIAN. ) SOLID_ANGLE_UNIT ( ) );
#4742 =( GEOMETRIC_REPRESENTATION_CONTEXT ( 3 ) GLOBAL_UNCERTAINTY_ASSIGNED_CONTEXT ( ( #2773 ) ) GLOBAL_UNIT_ASSIGNED_CONTEXT ( ( #1745, #4658, #10153 ) ) REPRESENTATION_CONTEXT ( 'NONE', 'WORKASPACE' ) );
#4743 = VERTEX_POINT ( 'NONE', #7400 ) ;
#4744 = ADVANCED_FACE ( 'NONE', ( #7219 ), #8362, .F. ) ;
#4745 = DIRECTION ( 'NONE',  ( -0.9999748501857348426, -0.000000000000000000, -0.007092178509963973157 ) ) ;
#4746 = CARTESIAN_POINT ( 'NONE',  ( -0.2241276755266178311, 2.151000000000000689, -0.2103302235974524870 ) ) ;
#4747 = VERTEX_POINT ( 'NONE', #10355 ) ;
#4748 = CARTESIAN_POINT ( 'NONE',  ( 0.8533131882925389933, 2.150000000000000355, -0.2230580641037888112 ) ) ;
#4749 = ORIENTED_EDGE ( 'NONE', *, *, #9647, .T. ) ;
#4750 = CARTESIAN_POINT ( 'NONE',  ( -0.5949045768689246172, 2.151000000000000245, 0.2500559391938070308 ) ) ;
#4751 = CARTESIAN_POINT ( 'NONE',  ( -0.6338833779905368448, 2.151000000000000245, -0.2502526700472043619 ) ) ;
#4752 = VECTOR ( 'NONE', #9398, 1000.000000000000000 ) ;
#4753 = VECTOR ( 'NONE', #6351, 1000.000000000000000 ) ;
#4754 = CARTESIAN_POINT ( 'NONE',  ( -0.02681460799178941867, 2.150000000000000355, -0.2049796294520373485 ) ) ;
#4755 = ORIENTED_EDGE ( 'NONE', *, *, #713, .F. ) ;
#4756 = CARTESIAN_POINT ( 'NONE',  ( -0.1598870076105759208, 2.150000000000000355, -0.1638121716996010779 ) ) ;
#4757 = FACE_OUTER_BOUND ( 'NONE', #3343, .T. ) ;
#4758 =( GEOMETRIC_REPRESENTATION_CONTEXT ( 3 ) GLOBAL_UNCERTAINTY_ASSIGNED_CONTEXT ( ( #5084 ) ) GLOBAL_UNIT_ASSIGNED_CONTEXT ( ( #3663, #8332, #6472 ) ) REPRESENTATION_CONTEXT ( 'NONE', 'WORKASPACE' ) );
#4759 = AXIS2_PLACEMENT_3D ( 'NONE', #10247, #8371, #7521 ) ;
#4760 = UNCERTAINTY_MEASURE_WITH_UNIT (LENGTH_MEASURE( 1.000000000000000082E-05 ), #2537, 'distance_accuracy_value', 'NONE');
#4761 = PRESENTATION_STYLE_ASSIGNMENT (( #10361 ) ) ;
#4762 = CARTESIAN_POINT ( 'NONE',  ( -0.2241276755266178311, 2.150000000000000355, -0.2103302235974524870 ) ) ;
#4763 = ORIENTED_EDGE ( 'NONE', *, *, #1227, .T. ) ;
#4764 = CARTESIAN_POINT ( 'NONE',  ( 0.8364436541122425295, 2.151000000000000689, 0.3205271416962173769 ) ) ;
#4765 = CARTESIAN_POINT ( 'NONE',  ( -0.4572160088688755342, 2.151000000000000689, -0.1341035426471292313 ) ) ;
#4766 = CARTESIAN_POINT ( 'NONE',  ( 1.151394310051910841, 2.150000000000000355, 0.1564681686824290763 ) ) ;
#4767 = PRESENTATION_LAYER_ASSIGNMENT (  '', '', ( #5165 ) ) ;
#4768 = DIRECTION ( 'NONE',  ( 0.000000000000000000, -0.000000000000000000, 1.000000000000000000 ) ) ;
#4769 = DIRECTION ( 'NONE',  ( -0.9999748501857348426, -0.000000000000000000, -0.007092178509963784939 ) ) ;
#4770 = CARTESIAN_POINT ( 'NONE',  ( -0.1693673788884486608, 2.150000000000000355, -0.1099146168151994701 ) ) ;
#4771 = DIRECTION ( 'NONE',  ( -0.9999748501857348426, 0.000000000000000000, -0.007092178509963519527 ) ) ;
#4772 = ORIENTED_EDGE ( 'NONE', *, *, #866, .F. ) ;
#4773 = PLANE ( 'NONE',  #9420 ) ;
#4774 = DIRECTION ( 'NONE',  ( -0.9394297562992272033, -1.116199213892767373E-16, 0.3427414958530330402 ) ) ;
#4775 = VECTOR ( 'NONE', #10751, 1000.000000000000000 ) ;
#4776 = FACE_OUTER_BOUND ( 'NONE', #3280, .T. ) ;
#4777 = CARTESIAN_POINT ( 'NONE',  ( -0.7141023987052347310, 2.150000000000000355, -0.07437025585304256337 ) ) ;
#4778 = MECHANICAL_DESIGN_GEOMETRIC_PRESENTATION_REPRESENTATION (  '', ( #11076 ), #8495 ) ;
#4779 = SURFACE_STYLE_USAGE ( .BOTH. , #5771 ) ;
#4780 = SURFACE_SIDE_STYLE ('',( #891 ) ) ;
#4781 = EDGE_CURVE ( 'NONE', #3134, #5740, #9629, .T. ) ;
#4782 = CARTESIAN_POINT ( 'NONE',  ( 0.2985603074577533045, 2.150000000000000355, -0.09251233637093572715 ) ) ;
#4783 = ADVANCED_FACE ( 'NONE', ( #176 ), #608, .F. ) ;
#4784 = EDGE_CURVE ( 'NONE', #2253, #6014, #10540, .T. ) ;
#4785 =( NAMED_UNIT ( * ) SI_UNIT ( $, .STERADIAN. ) SOLID_ANGLE_UNIT ( ) );
#4786 = LINE ( 'NONE', #11241, #4711 ) ;
#4787 = SURFACE_SIDE_STYLE ('',( #3984 ) ) ;
#4788 = ORIENTED_EDGE ( 'NONE', *, *, #4263, .T. ) ;
#4789 = LINE ( 'NONE', #8469, #2778 ) ;
#4790 = CARTESIAN_POINT ( 'NONE',  ( -0.4275560387544145025, 2.151000000000000689, 0.1041133893125510551 ) ) ;
#4791 = CARTESIAN_POINT ( 'NONE',  ( 0.9661075954270886834, 2.151000000000000689, -0.2237041425484865009 ) ) ;
#4792 = FILL_AREA_STYLE ('',( #280 ) ) ;
#4793 = ADVANCED_FACE ( 'NONE', ( #2081 ), #10077, .F. ) ;
#4794 = ORIENTED_EDGE ( 'NONE', *, *, #1829, .T. ) ;
#4795 = CARTESIAN_POINT ( 'NONE',  ( 1.220523129028157072, 2.150000000000000355, -0.007888209064190274816 ) ) ;
#4796 = ORIENTED_EDGE ( 'NONE', *, *, #249, .F. ) ;
#4797 = DIRECTION ( 'NONE',  ( 0.9999748501857348426, -0.000000000000000000, 0.007092178509963612335 ) ) ;
#4798 = VERTEX_POINT ( 'NONE', #5994 ) ;
#4799 =( LENGTH_UNIT ( ) NAMED_UNIT ( * ) SI_UNIT ( .MILLI., .METRE. ) );
#4800 = ORIENTED_EDGE ( 'NONE', *, *, #1479, .T. ) ;
#4801 = CARTESIAN_POINT ( 'NONE',  ( -0.03258885742592490531, 2.151000000000000689, 0.1180403270323975573 ) ) ;
#4802 = ORIENTED_EDGE ( 'NONE', *, *, #5323, .T. ) ;
#4803 = COLOUR_RGB ( '',1.000000000000000000, 1.000000000000000000, 1.000000000000000000 ) ;
#4804 =( NAMED_UNIT ( * ) SI_UNIT ( $, .STERADIAN. ) SOLID_ANGLE_UNIT ( ) );
#4805 = VERTEX_POINT ( 'NONE', #4135 ) ;
#4806 = LINE ( 'NONE', #1892, #8651 ) ;
#4807 = DIRECTION ( 'NONE',  ( -0.8873869422626033954, 0.000000000000000000, 0.4610253948556704562 ) ) ;
#4808 =( GEOMETRIC_REPRESENTATION_CONTEXT ( 3 ) GLOBAL_UNCERTAINTY_ASSIGNED_CONTEXT ( ( #4592 ) ) GLOBAL_UNIT_ASSIGNED_CONTEXT ( ( #5566, #9255, #45 ) ) REPRESENTATION_CONTEXT ( 'NONE', 'WORKASPACE' ) );
#4809 = CARTESIAN_POINT ( 'NONE',  ( -0.6947567487916576079, 2.149999999999999911, -0.08982981060039686716 ) ) ;
#4810 = ADVANCED_FACE ( 'NONE', ( #9945 ), #3192, .F. ) ;
#4811 = EDGE_LOOP ( 'NONE', ( #8326, #10231, #10119, #7829 ) ) ;
#4812 = CARTESIAN_POINT ( 'NONE',  ( -0.1910984986219687320, 2.150000000000000355, -0.1832695399667357283 ) ) ;
#4813 = STYLED_ITEM ( 'NONE', ( #2316 ), #5087 ) ;
#4814 = CARTESIAN_POINT ( 'NONE',  ( -0.09234130888384635416, 2.151000000000000689, -0.1874561038459374995 ) ) ;
#4815 = STYLED_ITEM ( 'NONE', ( #6391 ), #334 ) ;
#4816 = FACE_OUTER_BOUND ( 'NONE', #6167, .T. ) ;
#4817 = LINE ( 'NONE', #10544, #2221 ) ;
#4818 =( LENGTH_UNIT ( ) NAMED_UNIT ( * ) SI_UNIT ( .MILLI., .METRE. ) );
#4819 =( GEOMETRIC_REPRESENTATION_CONTEXT ( 3 ) GLOBAL_UNCERTAINTY_ASSIGNED_CONTEXT ( ( #11219 ) ) GLOBAL_UNIT_ASSIGNED_CONTEXT ( ( #1926, #3916, #2840 ) ) REPRESENTATION_CONTEXT ( 'NONE', 'WORKASPACE' ) );
#4820 = SURFACE_STYLE_FILL_AREA ( #9520 ) ;
#4821 =( GEOMETRIC_REPRESENTATION_CONTEXT ( 3 ) GLOBAL_UNCERTAINTY_ASSIGNED_CONTEXT ( ( #1784 ) ) GLOBAL_UNIT_ASSIGNED_CONTEXT ( ( #1475, #2397, #3505 ) ) REPRESENTATION_CONTEXT ( 'NONE', 'WORKASPACE' ) );
#4822 = CARTESIAN_POINT ( 'NONE',  ( -0.4572160088688755342, 2.151000000000000689, -0.1341035426471292313 ) ) ;
#4823 = CARTESIAN_POINT ( 'NONE',  ( 0.8787249797891000247, 2.151000000000000689, -0.1361164223416484742 ) ) ;
#4824 = ORIENTED_EDGE ( 'NONE', *, *, #5192, .T. ) ;
#4825 = SURFACE_STYLE_FILL_AREA ( #9526 ) ;
#4826 = ORIENTED_EDGE ( 'NONE', *, *, #9829, .T. ) ;
#4827 = FILL_AREA_STYLE ('',( #15 ) ) ;
#4828 = CARTESIAN_POINT ( 'NONE',  ( -0.6361995749045132875, 2.151000000000000245, -0.07028247539768930907 ) ) ;
#4829 = CARTESIAN_POINT ( 'NONE',  ( -0.0009625252939690633839, 2.151000000000000689, -0.2068758453878232206 ) ) ;
#4830 = ORIENTED_EDGE ( 'NONE', *, *, #11128, .T. ) ;
#4831 = UNCERTAINTY_MEASURE_WITH_UNIT (LENGTH_MEASURE( 1.000000000000000082E-05 ), #1156, 'distance_accuracy_value', 'NONE');
#4832 = CARTESIAN_POINT ( 'NONE',  ( -0.3269940945707964230, 2.151000000000000689, 0.2779506576133559115 ) ) ;
#4833 =( NAMED_UNIT ( * ) PLANE_ANGLE_UNIT ( ) SI_UNIT ( $, .RADIAN. ) );
#4834 = CARTESIAN_POINT ( 'NONE',  ( 0.9090592128856098686, 2.150000000000000355, -0.3354524631568707171 ) ) ;
#4835 = PRESENTATION_STYLE_ASSIGNMENT (( #5834 ) ) ;
#4837 = EDGE_CURVE ( 'NONE', #164, #4743, #5183, .T. ) ;
#4836 = PRESENTATION_LAYER_ASSIGNMENT (  '', '', ( #516 ) ) ;
#4838 = FILL_AREA_STYLE ('',( #7602 ) ) ;
#4839 = ORIENTED_EDGE ( 'NONE', *, *, #6611, .T. ) ;
#4840 = DIRECTION ( 'NONE',  ( -0.000000000000000000, -0.000000000000000000, 1.000000000000000000 ) ) ;
#4841 = ADVANCED_FACE ( 'NONE', ( #9813 ), #10945, .T. ) ;
#4842 = FACE_BOUND ( 'NONE', #5338, .T. ) ;
#4843 = ADVANCED_FACE ( 'NONE', ( #2149 ), #5030, .F. ) ;
#4844 = VECTOR ( 'NONE', #8960, 999.9999999999998863 ) ;
#4845 = CARTESIAN_POINT ( 'NONE',  ( -0.6338918617414531775, 2.149999999999999911, -0.2270655455298175585 ) ) ;
#4846 = B_SPLINE_SURFACE_WITH_KNOTS ( 'NONE', 3, 1, ( 
 ( #12086, #8109 ),
 ( #1700, #9295 ),
 ( #839, #12147 ),
 ( #3739, #6599 ) ),
 .UNSPECIFIED., .F., .F., .F.,
 ( 4, 4 ),
 ( 2, 2 ),
 ( 1.000000000000000000, 2.000000000000000000 ),
 ( 0.000000000000000000, 1.000000000000000000 ),
 .UNSPECIFIED. ) ;
#4847 = CARTESIAN_POINT ( 'NONE',  ( 3.649999999999997691, 1.599999999999999867, -0.4000000000000000222 ) ) ;
#4848 = CARTESIAN_POINT ( 'NONE',  ( 0.9661075954270886834, 2.150000000000000355, -0.2237041425484865009 ) ) ;
#4849 = PLANE ( 'NONE',  #4543 ) ;
#4850 = CARTESIAN_POINT ( 'NONE',  ( -0.09234130888384643743, 2.151000000000000689, -0.1874561038459374995 ) ) ;
#4851 = ORIENTED_EDGE ( 'NONE', *, *, #2266, .F. ) ;
#4852 = MECHANICAL_DESIGN_GEOMETRIC_PRESENTATION_REPRESENTATION (  '', ( #7411 ), #5847 ) ;
#4853 = LINE ( 'NONE', #9490, #9925 ) ;
#4854 = ORIENTED_EDGE ( 'NONE', *, *, #5991, .F. ) ;
#4855 = MECHANICAL_DESIGN_GEOMETRIC_PRESENTATION_REPRESENTATION (  '', ( #8783 ), #1304 ) ;
#4856 = DIRECTION ( 'NONE',  ( -0.3733863129577214557, -0.000000000000000000, 0.9276759462742573126 ) ) ;
#4857 = ORIENTED_EDGE ( 'NONE', *, *, #11182, .T. ) ;
#4858 =( NAMED_UNIT ( * ) SI_UNIT ( $, .STERADIAN. ) SOLID_ANGLE_UNIT ( ) );
#4859 = LINE ( 'NONE', #9679, #7185 ) ;
#4860 = SURFACE_STYLE_USAGE ( .BOTH. , #10241 ) ;
#4861 = LINE ( 'NONE', #9617, #3319 ) ;
#4862 = ORIENTED_EDGE ( 'NONE', *, *, #3455, .F. ) ;
#4863 =( LENGTH_UNIT ( ) NAMED_UNIT ( * ) SI_UNIT ( .MILLI., .METRE. ) );
#4864 = B_SPLINE_CURVE_WITH_KNOTS ( 'NONE', 3,
 ( #7431, #2846, #11080, #3674 ),
 .UNSPECIFIED., .F., .F.,
 ( 4, 4 ),
 ( 4.000000000000000000, 5.000000000000000000 ),
 .UNSPECIFIED. ) ;
#4865 = ORIENTED_EDGE ( 'NONE', *, *, #5697, .T. ) ;
#4866 = EDGE_CURVE ( 'NONE', #6845, #3751, #4940, .T. ) ;
#4867 = CARTESIAN_POINT ( 'NONE',  ( 0.8364436541122425295, 2.151000000000000689, 0.3205271416962173769 ) ) ;
#4868 = ORIENTED_EDGE ( 'NONE', *, *, #11948, .F. ) ;
#4869 = CARTESIAN_POINT ( 'NONE',  ( -0.5960003498453940729, 2.151000000000000245, 0.2432895711466760424 ) ) ;
#4870 = ORIENTED_EDGE ( 'NONE', *, *, #10371, .F. ) ;
#4871 = CARTESIAN_POINT ( 'NONE',  ( 3.650000000000000355, 2.150000000000000799, 1.750000000000000000 ) ) ;
#4872 =( GEOMETRIC_REPRESENTATION_CONTEXT ( 3 ) GLOBAL_UNCERTAINTY_ASSIGNED_CONTEXT ( ( #520 ) ) GLOBAL_UNIT_ASSIGNED_CONTEXT ( ( #2334, #6136, #3140 ) ) REPRESENTATION_CONTEXT ( 'NONE', 'WORKASPACE' ) );
#4873 = DIRECTION ( 'NONE',  ( 0.007092178509965069502, 0.000000000000000000, -0.9999748501857348426 ) ) ;
#4874 = CARTESIAN_POINT ( 'NONE',  ( 0.7133942629646764511, 2.150000000000000355, 0.3398987606843663634 ) ) ;
#4875 = DIRECTION ( 'NONE',  ( 0.9999748501857348426, 0.000000000000000000, 0.007092178509963724224 ) ) ;
#4876 = EDGE_CURVE ( 'NONE', #3584, #3042, #11977, .T. ) ;
#4877 = FILL_AREA_STYLE ('',( #7697 ) ) ;
#4878 = ORIENTED_EDGE ( 'NONE', *, *, #7336, .F. ) ;
#4879 =( NAMED_UNIT ( * ) PLANE_ANGLE_UNIT ( ) SI_UNIT ( $, .RADIAN. ) );
#4880 =( GEOMETRIC_REPRESENTATION_CONTEXT ( 3 ) GLOBAL_UNCERTAINTY_ASSIGNED_CONTEXT ( ( #11339 ) ) GLOBAL_UNIT_ASSIGNED_CONTEXT ( ( #10340, #5672, #4741 ) ) REPRESENTATION_CONTEXT ( 'NONE', 'WORKASPACE' ) );
#4881 = CARTESIAN_POINT ( 'NONE',  ( -0.0008703484345951721960, 2.150000000000000355, -0.2198724924707362582 ) ) ;
#4882 = COLOUR_RGB ( '',1.000000000000000000, 1.000000000000000000, 1.000000000000000000 ) ;
#4883 = FACE_OUTER_BOUND ( 'NONE', #10164, .T. ) ;
#4884 = DIRECTION ( 'NONE',  ( -0.000000000000000000, -1.000000000000000000, -0.000000000000000000 ) ) ;
#4885 = ORIENTED_EDGE ( 'NONE', *, *, #8236, .F. ) ;
#4886 = STYLED_ITEM ( 'NONE', ( #3433 ), #7778 ) ;
#4887 = DIRECTION ( 'NONE',  ( 1.188166764367676342E-16, -1.000000000000000000, -0.000000000000000000 ) ) ;
#4888 = DIRECTION ( 'NONE',  ( -1.000000000000000000, -1.188166764367676342E-16, -0.000000000000000000 ) ) ;
#4889 = LINE ( 'NONE', #1307, #3314 ) ;
#4890 = VERTEX_POINT ( 'NONE', #8118 ) ;
#4891 = CARTESIAN_POINT ( 'NONE',  ( -0.2440562530592657042, 2.151000000000000689, -0.1053493950393579875 ) ) ;
#4892 = ORIENTED_EDGE ( 'NONE', *, *, #10123, .T. ) ;
#4893 = CARTESIAN_POINT ( 'NONE',  ( -0.03825719151662632100, 2.151000000000000689, -0.1822895132770764592 ) ) ;
#4894 = CARTESIAN_POINT ( 'NONE',  ( 0.9837870730253228668, 2.151000000000000689, 0.1379272413878900039 ) ) ;
#4895 =( GEOMETRIC_REPRESENTATION_CONTEXT ( 3 ) GLOBAL_UNCERTAINTY_ASSIGNED_CONTEXT ( ( #5260 ) ) GLOBAL_UNIT_ASSIGNED_CONTEXT ( ( #10124, #5379, #7393 ) ) REPRESENTATION_CONTEXT ( 'NONE', 'WORKASPACE' ) );
#4896 = PRESENTATION_LAYER_ASSIGNMENT (  '', '', ( #9841 ) ) ;
#4897 = LINE ( 'NONE', #5146, #1442 ) ;
#4898 = CARTESIAN_POINT ( 'NONE',  ( -0.1650686966184464199, 2.151000000000000689, -0.2248842468019379981 ) ) ;
#4899 = CARTESIAN_POINT ( 'NONE',  ( -0.3519693816996759539, 2.151000000000000689, 0.09757894520608351163 ) ) ;
#4900 = COLOUR_RGB ( '',1.000000000000000000, 1.000000000000000000, 1.000000000000000000 ) ;
#4901 = DIRECTION ( 'NONE',  ( -0.9999748501857348426, 0.000000000000000000, -0.007092178509963882951 ) ) ;
#4902 = CARTESIAN_POINT ( 'NONE',  ( -0.3299657326324503814, 2.151000000000000689, -0.2120166705304243060 ) ) ;
#4903 = CARTESIAN_POINT ( 'NONE',  ( -0.1384560667873216966, 2.150000000000000355, 0.2744008514786820396 ) ) ;
#4904 = ORIENTED_EDGE ( 'NONE', *, *, #11038, .F. ) ;
#4905 = CARTESIAN_POINT ( 'NONE',  ( 0.9513813708958780424, 2.150000000000000355, 0.2215666937922319835 ) ) ;
#4906 = CARTESIAN_POINT ( 'NONE',  ( -0.8337065825514518025, 2.151000000000000245, -0.04828812408223098762 ) ) ;
#4907 = CARTESIAN_POINT ( 'NONE',  ( -0.6799501366251712309, 2.151000000000000245, -0.2203216756002523979 ) ) ;
#4908 = AXIS2_PLACEMENT_3D ( 'NONE', #2910, #6651, #2113 ) ;
#4909 = FILL_AREA_STYLE_COLOUR ( '', #1852 ) ;
#4910 = PRESENTATION_STYLE_ASSIGNMENT (( #9422 ) ) ;
#4911 = FILL_AREA_STYLE ('',( #95 ) ) ;
#4912 = COLOUR_RGB ( '',0.7725490196078431682, 0.6823529411764706065, 0.3686274509803921795 ) ;
#4913 = FILL_AREA_STYLE_COLOUR ( '', #602 ) ;
#4914 = ORIENTED_EDGE ( 'NONE', *, *, #6020, .F. ) ;
#4915 = EDGE_CURVE ( 'NONE', #11650, #943, #374, .T. ) ;
#4916 =( LENGTH_UNIT ( ) NAMED_UNIT ( * ) SI_UNIT ( .MILLI., .METRE. ) );
#4917 = EDGE_LOOP ( 'NONE', ( #10470, #9515, #794, #1160 ) ) ;
#4918 = VERTEX_POINT ( 'NONE', #7387 ) ;
#4919 = FILL_AREA_STYLE_COLOUR ( '', #8743 ) ;
#4920 = CARTESIAN_POINT ( 'NONE',  ( 0.1066570890185963294, 2.151000000000000689, -0.2218133080828646186 ) ) ;
#4921 = CARTESIAN_POINT ( 'NONE',  ( 0.8792581966279319206, 2.151000000000000689, 0.1964727731163694313 ) ) ;
#4922 = EDGE_LOOP ( 'NONE', ( #3785, #5889, #7908, #358, #5274, #8801, #9642 ) ) ;
#4923 = CARTESIAN_POINT ( 'NONE',  ( -0.3814892801183843440, 2.150000000000000355, 0.07418239486422290030 ) ) ;
#4924 = EDGE_LOOP ( 'NONE', ( #1703, #10244, #7496, #9588 ) ) ;
#4925 = CARTESIAN_POINT ( 'NONE',  ( -0.2240347612523697907, 2.150000000000000355, -0.2234308438569110045 ) ) ;
#4926 = ORIENTED_EDGE ( 'NONE', *, *, #4179, .T. ) ;
#4927 = SURFACE_SIDE_STYLE ('',( #8186 ) ) ;
#4928 = SURFACE_SIDE_STYLE ('',( #7511 ) ) ;
#4929 = PRESENTATION_LAYER_ASSIGNMENT (  '', '', ( #10240 ) ) ;
#4930 = FILL_AREA_STYLE_COLOUR ( '', #4226 ) ;
#4931 = EDGE_LOOP ( 'NONE', ( #7677, #2472, #10538, #3049, #1309, #11297, #12025, #1358 ) ) ;
#4932 = EDGE_CURVE ( 'NONE', #4126, #4460, #9122, .T. ) ;
#4933 = VERTEX_POINT ( 'NONE', #3448 ) ;
#4934 = SURFACE_SIDE_STYLE ('',( #1168 ) ) ;
#4935 =( GEOMETRIC_REPRESENTATION_CONTEXT ( 3 ) GLOBAL_UNCERTAINTY_ASSIGNED_CONTEXT ( ( #5408 ) ) GLOBAL_UNIT_ASSIGNED_CONTEXT ( ( #10416, #6624, #7687 ) ) REPRESENTATION_CONTEXT ( 'NONE', 'WORKASPACE' ) );
#4936 = EDGE_CURVE ( 'NONE', #9759, #7796, #9639, .T. ) ;
#4937 = EDGE_CURVE ( 'NONE', #6869, #9012, #9058, .T. ) ;
#4938 = CARTESIAN_POINT ( 'NONE',  ( -0.04949035385863067432, 2.150000000000000355, -0.1598058686254419658 ) ) ;
#4939 = CARTESIAN_POINT ( 'NONE',  ( 0.7989002566522885873, 2.151000000000000689, -0.09474780794363980851 ) ) ;
#4940 = B_SPLINE_CURVE_WITH_KNOTS ( 'NONE', 3,
 ( #4503, #8349, #8230, #1530 ),
 .UNSPECIFIED., .F., .F.,
 ( 4, 4 ),
 ( 3.000000000000000000, 4.000000000000000000 ),
 .UNSPECIFIED. ) ;
#4941 = DIRECTION ( 'NONE',  ( -0.007092178509963724224, -8.426690792501566355E-19, 0.9999748501857348426 ) ) ;
#4942 = DIRECTION ( 'NONE',  ( 0.000000000000000000, -1.000000000000000000, -0.000000000000000000 ) ) ;
#4943 = ORIENTED_EDGE ( 'NONE', *, *, #5752, .F. ) ;
#4944 = DIRECTION ( 'NONE',  ( -1.000000000000000000, 0.000000000000000000, 2.168404344971008868E-16 ) ) ;
#4945 = MECHANICAL_DESIGN_GEOMETRIC_PRESENTATION_REPRESENTATION (  '', ( #8078 ), #4742 ) ;
#4946 = CARTESIAN_POINT ( 'NONE',  ( 0.8873083122526428390, 2.151000000000000689, 0.2847373018349151907 ) ) ;
#4947 = ORIENTED_EDGE ( 'NONE', *, *, #7612, .T. ) ;
#4948 = ADVANCED_FACE ( 'NONE', ( #7202 ), #1583, .F. ) ;
#4949 = VECTOR ( 'NONE', #1974, 1000.000000000000114 ) ;
#4950 = DIRECTION ( 'NONE',  ( -0.9999748501857348426, -0.000000000000000000, -0.007092178509962042410 ) ) ;
#4951 =( NAMED_UNIT ( * ) SI_UNIT ( $, .STERADIAN. ) SOLID_ANGLE_UNIT ( ) );
#4952 = ORIENTED_EDGE ( 'NONE', *, *, #2663, .F. ) ;
#4953 = CARTESIAN_POINT ( 'NONE',  ( -0.3336759508697417220, 2.151000000000000689, -0.2240005014894794200 ) ) ;
#4954 = EDGE_LOOP ( 'NONE', ( #3152, #11615, #10921, #4538, #9121, #10315, #1463, #11520, #10778, #10776, #69, #12095 ) ) ;
#4955 = CARTESIAN_POINT ( 'NONE',  ( -0.2475599881690958848, 2.150000000000000355, -0.1904285814333953331 ) ) ;
#4956 = CARTESIAN_POINT ( 'NONE',  ( -0.1528238405200043337, 2.150000000000000355, -0.1407828493238073297 ) ) ;
#4957 = DIRECTION ( 'NONE',  ( 1.188166764367676342E-16, -1.000000000000000000, -0.000000000000000000 ) ) ;
#4958 = FILL_AREA_STYLE ('',( #8638 ) ) ;
#4959 = ORIENTED_EDGE ( 'NONE', *, *, #4499, .F. ) ;
#4960 = EDGE_CURVE ( 'NONE', #418, #10286, #11952, .T. ) ;
#4961 = UNCERTAINTY_MEASURE_WITH_UNIT (LENGTH_MEASURE( 1.000000000000000082E-05 ), #4042, 'distance_accuracy_value', 'NONE');
#4962 = LINE ( 'NONE', #4832, #5516 ) ;
#4963 = CARTESIAN_POINT ( 'NONE',  ( -0.02048558498347355025, 2.150000000000000355, 0.2221045744286437029 ) ) ;
#4964 =( NAMED_UNIT ( * ) SI_UNIT ( $, .STERADIAN. ) SOLID_ANGLE_UNIT ( ) );
#4965 = ORIENTED_EDGE ( 'NONE', *, *, #10924, .T. ) ;
#4966 = LINE ( 'NONE', #11343, #11086 ) ;
#4967 = ORIENTED_EDGE ( 'NONE', *, *, #2049, .T. ) ;
#4968 = LINE ( 'NONE', #9666, #3580 ) ;
#4969 = DIRECTION ( 'NONE',  ( 1.000000000000000000, 1.188166764367676342E-16, 0.000000000000000000 ) ) ;
#4970 = FACE_OUTER_BOUND ( 'NONE', #7822, .T. ) ;
#4971 = FILL_AREA_STYLE ('',( #1324 ) ) ;
#4972 = VECTOR ( 'NONE', #6576, 1000.000000000000000 ) ;
#4973 =( LENGTH_UNIT ( ) NAMED_UNIT ( * ) SI_UNIT ( .MILLI., .METRE. ) );
#4974 = CARTESIAN_POINT ( 'NONE',  ( 0.6114702059353005481, 2.150000000000000355, -0.1727164755469565993 ) ) ;
#4975 = STYLED_ITEM ( 'NONE', ( #9075 ), #4744 ) ;
#4976 = ORIENTED_EDGE ( 'NONE', *, *, #879, .F. ) ;
#4977 = ORIENTED_EDGE ( 'NONE', *, *, #1253, .F. ) ;
#4978 = CARTESIAN_POINT ( 'NONE',  ( -0.05347303180822479685, 2.151000000000000689, -0.2286678204144655113 ) ) ;
#4979 = ORIENTED_EDGE ( 'NONE', *, *, #2482, .T. ) ;
#4980 = FACE_OUTER_BOUND ( 'NONE', #4289, .T. ) ;
#4981 = FACE_OUTER_BOUND ( 'NONE', #170, .T. ) ;
#4982 = CARTESIAN_POINT ( 'NONE',  ( 0.8247120008767560018, 2.150000000000000355, -0.06419824203184211486 ) ) ;
#4983 =( GEOMETRIC_REPRESENTATION_CONTEXT ( 3 ) GLOBAL_UNCERTAINTY_ASSIGNED_CONTEXT ( ( #2706 ) ) GLOBAL_UNIT_ASSIGNED_CONTEXT ( ( #11243, #2978, #214 ) ) REPRESENTATION_CONTEXT ( 'NONE', 'WORKASPACE' ) );
#4984 = ORIENTED_EDGE ( 'NONE', *, *, #688, .F. ) ;
#4985 = PRESENTATION_STYLE_ASSIGNMENT (( #2068 ) ) ;
#4986 = VERTEX_POINT ( 'NONE', #11419 ) ;
#4987 = CARTESIAN_POINT ( 'NONE',  ( -3.649999999999997691, 1.800000000000000044, -1.750000000000000000 ) ) ;
#4988 = EDGE_CURVE ( 'NONE', #4890, #3902, #6554, .T. ) ;
#4989 = CARTESIAN_POINT ( 'NONE',  ( 3.649999999999997691, -1.600000000000000089, -0.3999999999999996336 ) ) ;
#4990 = ORIENTED_EDGE ( 'NONE', *, *, #9537, .T. ) ;
#4991 = AXIS2_PLACEMENT_3D ( 'NONE', #9328, #750, #12057 ) ;
#4992 = CARTESIAN_POINT ( 'NONE',  ( -0.4423626509208923308, 2.150000000000000355, 0.2346052543110218880 ) ) ;
#4993 = CARTESIAN_POINT ( 'NONE',  ( -0.02916875044342299994, 2.150000000000000355, -0.2175777130769686596 ) ) ;
#4994 = PLANE ( 'NONE',  #7953 ) ;
#4995 =( NAMED_UNIT ( * ) PLANE_ANGLE_UNIT ( ) SI_UNIT ( $, .RADIAN. ) );
#4996 = CARTESIAN_POINT ( 'NONE',  ( -0.2440562530592657042, 2.150000000000000355, -0.1053493950393579875 ) ) ;
#4997 = CARTESIAN_POINT ( 'NONE',  ( -0.6660630761661242571, 2.151000000000000245, -0.2504808999510020340 ) ) ;
#4998 = SURFACE_STYLE_USAGE ( .BOTH. , #1236 ) ;
#4999 = EDGE_CURVE ( 'NONE', #3318, #5560, #4853, .T. ) ;
#5000 = ORIENTED_EDGE ( 'NONE', *, *, #9690, .T. ) ;
#5001 = PRESENTATION_LAYER_ASSIGNMENT (  '', '', ( #9535 ) ) ;
#5002 = ADVANCED_FACE ( 'NONE', ( #8411 ), #5931, .F. ) ;
#5003 =( NAMED_UNIT ( * ) SI_UNIT ( $, .STERADIAN. ) SOLID_ANGLE_UNIT ( ) );
#5004 = ADVANCED_FACE ( 'NONE', ( #9368 ), #9425, .F. ) ;
#5005 =( GEOMETRIC_REPRESENTATION_CONTEXT ( 3 ) GLOBAL_UNCERTAINTY_ASSIGNED_CONTEXT ( ( #1186 ) ) GLOBAL_UNIT_ASSIGNED_CONTEXT ( ( #8592, #7673, #3811 ) ) REPRESENTATION_CONTEXT ( 'NONE', 'WORKASPACE' ) );
#5006 = CARTESIAN_POINT ( 'NONE',  ( -0.5908525703183222788, 2.150000000000000355, 0.2358396357562536905 ) ) ;
#5007 = CARTESIAN_POINT ( 'NONE',  ( -3.649999999999997691, -1.600000000000000089, 3.429011037612588783E-16 ) ) ;
#5008 = EDGE_LOOP ( 'NONE', ( #7737, #7225, #7544, #10488 ) ) ;
#5009 = CARTESIAN_POINT ( 'NONE',  ( -0.09140665061452250828, 2.151000000000000689, -0.2239458956568591286 ) ) ;
#5010 = FACE_OUTER_BOUND ( 'NONE', #5438, .T. ) ;
#5011 = CARTESIAN_POINT ( 'NONE',  ( 0.5665021801224641163, 2.151000000000000689, -0.1527910532409131328 ) ) ;
#5012 = UNCERTAINTY_MEASURE_WITH_UNIT (LENGTH_MEASURE( 1.000000000000000082E-05 ), #1766, 'distance_accuracy_value', 'NONE');
#5013 = VERTEX_POINT ( 'NONE', #3050 ) ;
#5014 = CARTESIAN_POINT ( 'NONE',  ( -0.5921238457142076195, 2.151000000000000245, 0.2391579284312351228 ) ) ;
#5015 = VERTEX_POINT ( 'NONE', #11487 ) ;
#5016 = ORIENTED_EDGE ( 'NONE', *, *, #3720, .F. ) ;
#5017 = FILL_AREA_STYLE_COLOUR ( '', #5768 ) ;
#5018 = B_SPLINE_CURVE_WITH_KNOTS ( 'NONE', 3,
 ( #1812, #9358, #8400, #7486 ),
 .UNSPECIFIED., .F., .F.,
 ( 4, 4 ),
 ( 8.000000000000000000, 9.000000000000000000 ),
 .UNSPECIFIED. ) ;
#5019 = ADVANCED_FACE ( 'NONE', ( #10579 ), #3255, .T. ) ;
#5020 = VECTOR ( 'NONE', #597, 1000.000000000000000 ) ;
#5021 = PRESENTATION_LAYER_ASSIGNMENT (  '', '', ( #3242 ) ) ;
#5022 = CARTESIAN_POINT ( 'NONE',  ( 0.9846177179837275473, 2.151000000000000689, 0.2246944621440921941 ) ) ;
#5023 = FACE_OUTER_BOUND ( 'NONE', #5821, .T. ) ;
#5024 = DIRECTION ( 'NONE',  ( 0.000000000000000000, 1.000000000000000000, 0.000000000000000000 ) ) ;
#5025 = ORIENTED_EDGE ( 'NONE', *, *, #8290, .F. ) ;
#5026 = CARTESIAN_POINT ( 'NONE',  ( -0.3088860829701925437, 2.150000000000000355, -0.2740462533201795114 ) ) ;
#5027 = SURFACE_STYLE_USAGE ( .BOTH. , #9539 ) ;
#5028 = STYLED_ITEM ( 'NONE', ( #354 ), #1907 ) ;
#5029 = PRESENTATION_STYLE_ASSIGNMENT (( #9723 ) ) ;
#5030 = B_SPLINE_SURFACE_WITH_KNOTS ( 'NONE', 3, 1, ( 
 ( #9750, #6373 ),
 ( #5559, #10224 ),
 ( #7263, #614 ),
 ( #7322, #1768 ) ),
 .UNSPECIFIED., .F., .F., .F.,
 ( 4, 4 ),
 ( 2, 2 ),
 ( 5.000000000000000000, 6.000000000000000000 ),
 ( 0.000000000000000000, 1.000000000000000000 ),
 .UNSPECIFIED. ) ;
#5031 = FILL_AREA_STYLE_COLOUR ( '', #3666 ) ;
#5032 = ORIENTED_EDGE ( 'NONE', *, *, #10445, .F. ) ;
#5033 = EDGE_LOOP ( 'NONE', ( #5906, #1949, #5398, #6888 ) ) ;
#5034 =( LENGTH_UNIT ( ) NAMED_UNIT ( * ) SI_UNIT ( .MILLI., .METRE. ) );
#5035 = DIRECTION ( 'NONE',  ( 0.9999748501857348426, 0.000000000000000000, 0.007092178509963888156 ) ) ;
#5036 = EDGE_CURVE ( 'NONE', #1733, #5500, #8052, .T. ) ;
#5037 =( NAMED_UNIT ( * ) SI_UNIT ( $, .STERADIAN. ) SOLID_ANGLE_UNIT ( ) );
#5038 = CARTESIAN_POINT ( 'NONE',  ( -0.04702081642280614426, 2.151000000000000689, -0.09750528818997297731 ) ) ;
#5039 =( LENGTH_UNIT ( ) NAMED_UNIT ( * ) SI_UNIT ( .MILLI., .METRE. ) );
#5040 = ORIENTED_EDGE ( 'NONE', *, *, #9395, .T. ) ;
#5041 = VERTEX_POINT ( 'NONE', #298 ) ;
#5042 = PLANE ( 'NONE',  #1346 ) ;
#5043 = VECTOR ( 'NONE', #1623, 1000.000000000000000 ) ;
#5044 = SURFACE_SIDE_STYLE ('',( #10649 ) ) ;
#5045 = B_SPLINE_CURVE_WITH_KNOTS ( 'NONE', 3,
 ( #8340, #10452, #24, #8396 ),
 .UNSPECIFIED., .F., .F.,
 ( 4, 4 ),
 ( 9.000000000000000000, 10.00000000000000000 ),
 .UNSPECIFIED. ) ;
#5046 = CARTESIAN_POINT ( 'NONE',  ( 0.2990319926721324850, 2.150000000000000355, 0.04486318991804937734 ) ) ;
#5047 = ORIENTED_EDGE ( 'NONE', *, *, #1824, .F. ) ;
#5048 = SURFACE_STYLE_USAGE ( .BOTH. , #11621 ) ;
#5049 = VERTEX_POINT ( 'NONE', #7989 ) ;
#5050 = VECTOR ( 'NONE', #11088, 1000.000000000000000 ) ;
#5051 =( LENGTH_UNIT ( ) NAMED_UNIT ( * ) SI_UNIT ( .MILLI., .METRE. ) );
#5052 = ORIENTED_EDGE ( 'NONE', *, *, #482, .F. ) ;
#5053 = VECTOR ( 'NONE', #12088, 1000.000000000000000 ) ;
#5054 = SURFACE_STYLE_USAGE ( .BOTH. , #1287 ) ;
#5055 =( LENGTH_UNIT ( ) NAMED_UNIT ( * ) SI_UNIT ( .MILLI., .METRE. ) );
#5056 = LINE ( 'NONE', #11805, #2665 ) ;
#5057 = FACE_OUTER_BOUND ( 'NONE', #1263, .T. ) ;
#5058 = MECHANICAL_DESIGN_GEOMETRIC_PRESENTATION_REPRESENTATION (  '', ( #2869 ), #1890 ) ;
#5059 = SURFACE_STYLE_USAGE ( .BOTH. , #4208 ) ;
#5060 = SURFACE_STYLE_USAGE ( .BOTH. , #8869 ) ;
#5061 = ORIENTED_EDGE ( 'NONE', *, *, #11849, .T. ) ;
#5062 = CARTESIAN_POINT ( 'NONE',  ( -0.01583697266715013846, 2.151000000000000689, -0.1108013141079788877 ) ) ;
#5063 = AXIS2_PLACEMENT_3D ( 'NONE', #4408, #7291, #2586 ) ;
#5064 =( NAMED_UNIT ( * ) PLANE_ANGLE_UNIT ( ) SI_UNIT ( $, .RADIAN. ) );
#5065 = FILL_AREA_STYLE ('',( #11578 ) ) ;
#5066 = VERTEX_POINT ( 'NONE', #10592 ) ;
#5067 = EDGE_CURVE ( 'NONE', #11360, #3625, #11626, .T. ) ;
#5068 = CARTESIAN_POINT ( 'NONE',  ( -1.669999999999997931, 1.800000000000000044, -1.770000000000000240 ) ) ;
#5069 = EDGE_CURVE ( 'NONE', #8119, #8577, #1408, .T. ) ;
#5070 = LINE ( 'NONE', #8137, #2453 ) ;
#5071 = DIRECTION ( 'NONE',  ( 0.3625544875035015546, -0.000000000000000000, -0.9319625762824778059 ) ) ;
#5072 = LINE ( 'NONE', #4084, #10604 ) ;
#5073 = ORIENTED_EDGE ( 'NONE', *, *, #10815, .F. ) ;
#5074 = LINE ( 'NONE', #632, #7027 ) ;
#5075 = ORIENTED_EDGE ( 'NONE', *, *, #2888, .T. ) ;
#5076 = VERTEX_POINT ( 'NONE', #6116 ) ;
#5077 = CARTESIAN_POINT ( 'NONE',  ( -0.4275851886870825624, 2.151000000000000689, 0.2474994053679855366 ) ) ;
#5078 =( NAMED_UNIT ( * ) SI_UNIT ( $, .STERADIAN. ) SOLID_ANGLE_UNIT ( ) );
#5079 = DIRECTION ( 'NONE',  ( 0.007092178509968432264, 0.000000000000000000, -0.9999748501857347316 ) ) ;
#5080 =( LENGTH_UNIT ( ) NAMED_UNIT ( * ) SI_UNIT ( .MILLI., .METRE. ) );
#5081 = VECTOR ( 'NONE', #1330, 1000.000000000000000 ) ;
#5082 = ORIENTED_EDGE ( 'NONE', *, *, #8846, .F. ) ;
#5083 = MECHANICAL_DESIGN_GEOMETRIC_PRESENTATION_REPRESENTATION (  '', ( #10801 ), #7251 ) ;
#5084 = UNCERTAINTY_MEASURE_WITH_UNIT (LENGTH_MEASURE( 1.000000000000000082E-05 ), #3663, 'distance_accuracy_value', 'NONE');
#5085 = EDGE_CURVE ( 'NONE', #1317, #4284, #5988, .T. ) ;
#5086 = FILL_AREA_STYLE_COLOUR ( '', #2177 ) ;
#5087 = ADVANCED_FACE ( 'NONE', ( #3061 ), #11893, .F. ) ;
#5088 = DIRECTION ( 'NONE',  ( -0.000000000000000000, 1.000000000000000000, -0.000000000000000000 ) ) ;
#5089 = LINE ( 'NONE', #8709, #8813 ) ;
#5090 = ORIENTED_EDGE ( 'NONE', *, *, #3644, .T. ) ;
#5091 =( NAMED_UNIT ( * ) PLANE_ANGLE_UNIT ( ) SI_UNIT ( $, .RADIAN. ) );
#5092 = CARTESIAN_POINT ( 'NONE',  ( -0.6854028754953326308, 2.151000000000000245, 0.07202693118469341571 ) ) ;
#5093 = VECTOR ( 'NONE', #1651, 1000.000000000000114 ) ;
#5094 = PLANE ( 'NONE',  #5568 ) ;
#5095 =( GEOMETRIC_REPRESENTATION_CONTEXT ( 3 ) GLOBAL_UNCERTAINTY_ASSIGNED_CONTEXT ( ( #6861 ) ) GLOBAL_UNIT_ASSIGNED_CONTEXT ( ( #6498, #7328, #2624 ) ) REPRESENTATION_CONTEXT ( 'NONE', 'WORKASPACE' ) );
#5096 = CARTESIAN_POINT ( 'NONE',  ( -0.01583697266715020091, 2.150000000000000355, -0.1108013141079788877 ) ) ;
#5097 = CARTESIAN_POINT ( 'NONE',  ( -0.03483757275802218389, 2.150000000000000355, 0.2371836323838299454 ) ) ;
#5098 = CARTESIAN_POINT ( 'NONE',  ( 0.9073055194178603067, 2.151000000000000689, 0.1156944538472038930 ) ) ;
#5099 = DIRECTION ( 'NONE',  ( 0.000000000000000000, 0.000000000000000000, -1.000000000000000000 ) ) ;
#5100 = PRESENTATION_LAYER_ASSIGNMENT (  '', '', ( #11016 ) ) ;
#5101 = ORIENTED_EDGE ( 'NONE', *, *, #3039, .F. ) ;
#5102 = PRESENTATION_LAYER_ASSIGNMENT (  '', '', ( #10417 ) ) ;
#5103 = ADVANCED_FACE ( 'NONE', ( #6967 ), #6047, .T. ) ;
#5104 = CARTESIAN_POINT ( 'NONE',  ( -0.02687065152229182671, 2.151000000000000689, -0.1970776680251931645 ) ) ;
#5105 = ORIENTED_EDGE ( 'NONE', *, *, #11374, .T. ) ;
#5106 = FILL_AREA_STYLE ('',( #4919 ) ) ;
#5107 = CARTESIAN_POINT ( 'NONE',  ( -0.1519518509115981575, 2.151000000000000689, -0.2417396977382124390 ) ) ;
#5108 = CARTESIAN_POINT ( 'NONE',  ( -0.6054755012018854243, 2.151000000000000245, -0.07006456930213916801 ) ) ;
#5109 = VERTEX_POINT ( 'NONE', #5113 ) ;
#5110 = VERTEX_POINT ( 'NONE', #7198 ) ;
#5111 = LINE ( 'NONE', #4313, #8723 ) ;
#5112 = B_SPLINE_CURVE_WITH_KNOTS ( 'NONE', 3,
 ( #10038, #655, #4898, #7719 ),
 .UNSPECIFIED., .F., .F.,
 ( 4, 4 ),
 ( 0.000000000000000000, 1.000000000000000000 ),
 .UNSPECIFIED. ) ;
#5113 = CARTESIAN_POINT ( 'NONE',  ( 0.9098898580403098624, 2.151000000000000689, -0.2486852699799907418 ) ) ;
#5114 = PRESENTATION_STYLE_ASSIGNMENT (( #3313 ) ) ;
#5115 = CARTESIAN_POINT ( 'NONE',  ( 0.5578367524028450264, 2.150000000000000355, -0.1542985130197318533 ) ) ;
#5116 = VERTEX_POINT ( 'NONE', #5308 ) ;
#5117 = DIRECTION ( 'NONE',  ( 0.9999748501857348426, 0.000000000000000000, 0.007092178509963863869 ) ) ;
#5118 = EDGE_CURVE ( 'NONE', #8876, #2751, #6305, .T. ) ;
#5119 =( GEOMETRIC_REPRESENTATION_CONTEXT ( 3 ) GLOBAL_UNCERTAINTY_ASSIGNED_CONTEXT ( ( #7574 ) ) GLOBAL_UNIT_ASSIGNED_CONTEXT ( ( #10762, #4103, #1319 ) ) REPRESENTATION_CONTEXT ( 'NONE', 'WORKASPACE' ) );
#5120 = CARTESIAN_POINT ( 'NONE',  ( 0.9846177179837275473, 2.151000000000000689, 0.2246944621440921941 ) ) ;
#5121 = CARTESIAN_POINT ( 'NONE',  ( -0.7442627198977462832, 2.150000000000000355, -0.1467451778440389543 ) ) ;
#5122 = LINE ( 'NONE', #9818, #1470 ) ;
#5123 = DIRECTION ( 'NONE',  ( 0.9999748501857348426, 0.000000000000000000, 0.007092178509963920248 ) ) ;
#5124 = CARTESIAN_POINT ( 'NONE',  ( -0.1048022809169449343, 2.150000000000000355, 0.09610861188694691526 ) ) ;
#5125 = PRESENTATION_STYLE_ASSIGNMENT (( #5060 ) ) ;
#5126 = CARTESIAN_POINT ( 'NONE',  ( -0.8466748356804316700, 2.149999999999999911, -0.07437470122975302356 ) ) ;
#5127 = VERTEX_POINT ( 'NONE', #2613 ) ;
#5128 = CARTESIAN_POINT ( 'NONE',  ( -0.02681460799178941867, 2.150000000000000355, -0.2049796294520373485 ) ) ;
#5129 = B_SPLINE_CURVE_WITH_KNOTS ( 'NONE', 3,
 ( #1055, #4881, #11385, #8622 ),
 .UNSPECIFIED., .F., .F.,
 ( 4, 4 ),
 ( 8.000000000000000000, 9.000000000000000000 ),
 .UNSPECIFIED. ) ;
#5130 = VECTOR ( 'NONE', #8654, 1000.000000000000000 ) ;
#5131 = MECHANICAL_DESIGN_GEOMETRIC_PRESENTATION_REPRESENTATION (  '', ( #4176 ), #4935 ) ;
#5132 = UNCERTAINTY_MEASURE_WITH_UNIT (LENGTH_MEASURE( 1.000000000000000082E-05 ), #2995, 'distance_accuracy_value', 'NONE');
#5133 = SURFACE_SIDE_STYLE ('',( #9764 ) ) ;
#5134 = CARTESIAN_POINT ( 'NONE',  ( -0.1910984986219687320, 2.150000000000000355, -0.1832695399667357283 ) ) ;
#5135 = EDGE_LOOP ( 'NONE', ( #4130, #2777, #5373, #1891 ) ) ;
#5136 = SURFACE_STYLE_USAGE ( .BOTH. , #2220 ) ;
#5137 = VECTOR ( 'NONE', #3722, 1000.000000000000114 ) ;
#5138 = DIRECTION ( 'NONE',  ( 1.188166764367676342E-16, -1.000000000000000000, -0.000000000000000000 ) ) ;
#5139 = VECTOR ( 'NONE', #2964, 1000.000000000000000 ) ;
#5140 = ORIENTED_EDGE ( 'NONE', *, *, #626, .T. ) ;
#5141 = SURFACE_STYLE_USAGE ( .BOTH. , #9837 ) ;
#5142 = VERTEX_POINT ( 'NONE', #727 ) ;
#5143 = ORIENTED_EDGE ( 'NONE', *, *, #3177, .T. ) ;
#5144 = SURFACE_SIDE_STYLE ('',( #11652 ) ) ;
#5145 = CARTESIAN_POINT ( 'NONE',  ( -0.05347303180822479685, 2.151000000000000689, -0.2286678204144655113 ) ) ;
#5146 = CARTESIAN_POINT ( 'NONE',  ( 0.5665021801224641163, 2.151000000000000689, -0.1527910532409131328 ) ) ;
#5147 = FILL_AREA_STYLE_COLOUR ( '', #3781 ) ;
#5148 = VERTEX_POINT ( 'NONE', #4500 ) ;
#5149 = SURFACE_STYLE_FILL_AREA ( #402 ) ;
#5150 = CARTESIAN_POINT ( 'NONE',  ( -0.3269940945707964230, 2.151000000000000689, 0.2779506576133559115 ) ) ;
#5151 = CARTESIAN_POINT ( 'NONE',  ( -0.09257801905871622383, 2.151000000000000689, -0.1540807141373466138 ) ) ;
#5152 = SURFACE_SIDE_STYLE ('',( #3475 ) ) ;
#5153 = ORIENTED_EDGE ( 'NONE', *, *, #7541, .F. ) ;
#5154 = VECTOR ( 'NONE', #11718, 1000.000000000000000 ) ;
#5155 = CARTESIAN_POINT ( 'NONE',  ( -1.669999999999997931, 1.800000000000000044, -1.770000000000000240 ) ) ;
#5156 = SURFACE_STYLE_FILL_AREA ( #6226 ) ;
#5157 = COLOUR_RGB ( '',1.000000000000000000, 1.000000000000000000, 1.000000000000000000 ) ;
#5158 = EDGE_CURVE ( 'NONE', #3801, #4273, #6488, .T. ) ;
#5159 = EDGE_CURVE ( 'NONE', #4371, #3843, #8300, .T. ) ;
#5160 = ADVANCED_FACE ( 'NONE', ( #10973 ), #9176, .F. ) ;
#5161 = CARTESIAN_POINT ( 'NONE',  ( -0.6043634795704344587, 2.151000000000000245, -0.2268561197053296785 ) ) ;
#5162 = CARTESIAN_POINT ( 'NONE',  ( -0.03483757275802218389, 2.151000000000000689, 0.2371836323838299454 ) ) ;
#5163 = DIRECTION ( 'NONE',  ( -0.9999748501857348426, -0.000000000000000000, -0.007092178509963612335 ) ) ;
#5164 = PRESENTATION_STYLE_ASSIGNMENT (( #7917 ) ) ;
#5165 = STYLED_ITEM ( 'NONE', ( #8962 ), #10722 ) ;
#5166 = ORIENTED_EDGE ( 'NONE', *, *, #9070, .F. ) ;
#5167 = VECTOR ( 'NONE', #3207, 1000.000000000000114 ) ;
#5168 = CARTESIAN_POINT ( 'NONE',  ( 0.2985603074577533045, 2.151000000000000689, -0.09251233637093572715 ) ) ;
#5169 = ORIENTED_EDGE ( 'NONE', *, *, #2510, .F. ) ;
#5170 = SURFACE_STYLE_USAGE ( .BOTH. , #9930 ) ;
#5171 = CARTESIAN_POINT ( 'NONE',  ( -0.5598408978519794355, 2.151000000000000689, 0.1515251369834043349 ) ) ;
#5172 = SURFACE_SIDE_STYLE ('',( #4062 ) ) ;
#5173 = ORIENTED_EDGE ( 'NONE', *, *, #4314, .F. ) ;
#5174 = CARTESIAN_POINT ( 'NONE',  ( -0.1183206037698223551, 2.150000000000000355, -0.1163111713011458076 ) ) ;
#5175 = ORIENTED_EDGE ( 'NONE', *, *, #1334, .T. ) ;
#5176 = PRESENTATION_STYLE_ASSIGNMENT (( #7195 ) ) ;
#5177 =( GEOMETRIC_REPRESENTATION_CONTEXT ( 3 ) GLOBAL_UNCERTAINTY_ASSIGNED_CONTEXT ( ( #5764 ) ) GLOBAL_UNIT_ASSIGNED_CONTEXT ( ( #304, #4264, #10724 ) ) REPRESENTATION_CONTEXT ( 'NONE', 'WORKASPACE' ) );
#5178 = EDGE_CURVE ( 'NONE', #11782, #4627, #4636, .T. ) ;
#5179 =( NAMED_UNIT ( * ) PLANE_ANGLE_UNIT ( ) SI_UNIT ( $, .RADIAN. ) );
#5180 =( LENGTH_UNIT ( ) NAMED_UNIT ( * ) SI_UNIT ( .MILLI., .METRE. ) );
#5181 = ORIENTED_EDGE ( 'NONE', *, *, #1532, .F. ) ;
#5182 = B_SPLINE_CURVE_WITH_KNOTS ( 'NONE', 3,
 ( #6024, #9784, #4171, #8895 ),
 .UNSPECIFIED., .F., .F.,
 ( 4, 4 ),
 ( 27.00000000000000000, 28.00000000000000000 ),
 .UNSPECIFIED. ) ;
#5183 = LINE ( 'NONE', #6052, #8115 ) ;
#5184 = COLOUR_RGB ( '',1.000000000000000000, 1.000000000000000000, 1.000000000000000000 ) ;
#5185 = CARTESIAN_POINT ( 'NONE',  ( -3.649999999999998579, 2.149999999999999911, 1.750000000000000000 ) ) ;
#5186 = DIRECTION ( 'NONE',  ( 0.007092178509963875145, 0.000000000000000000, -0.9999748501857348426 ) ) ;
#5187 = PRESENTATION_LAYER_ASSIGNMENT (  '', '', ( #8305 ) ) ;
#5188 =( LENGTH_UNIT ( ) NAMED_UNIT ( * ) SI_UNIT ( .MILLI., .METRE. ) );
#5189 = FACE_OUTER_BOUND ( 'NONE', #7781, .T. ) ;
#5190 = ORIENTED_EDGE ( 'NONE', *, *, #5876, .F. ) ;
#5191 =( LENGTH_UNIT ( ) NAMED_UNIT ( * ) SI_UNIT ( .MILLI., .METRE. ) );
#5192 = EDGE_CURVE ( 'NONE', #3051, #7211, #7257, .T. ) ;
#5193 =( GEOMETRIC_REPRESENTATION_CONTEXT ( 3 ) GLOBAL_UNCERTAINTY_ASSIGNED_CONTEXT ( ( #758 ) ) GLOBAL_UNIT_ASSIGNED_CONTEXT ( ( #3464, #7166, #5397 ) ) REPRESENTATION_CONTEXT ( 'NONE', 'WORKASPACE' ) );
#5194 = DIRECTION ( 'NONE',  ( 0.3382111624796507732, 0.000000000000000000, -0.9410702468860459025 ) ) ;
#5195 = LINE ( 'NONE', #9894, #5167 ) ;
#5196 = STYLED_ITEM ( 'NONE', ( #7385 ), #5899 ) ;
#5197 =( LENGTH_UNIT ( ) NAMED_UNIT ( * ) SI_UNIT ( .MILLI., .METRE. ) );
#5198 = MECHANICAL_DESIGN_GEOMETRIC_PRESENTATION_REPRESENTATION (  '', ( #9535 ), #3015 ) ;
#5199 = PRESENTATION_STYLE_ASSIGNMENT (( #10873 ) ) ;
#5200 = LINE ( 'NONE', #9080, #567 ) ;
#5201 = LINE ( 'NONE', #9198, #6307 ) ;
#5202 = ORIENTED_EDGE ( 'NONE', *, *, #8020, .T. ) ;
#5203 =( LENGTH_UNIT ( ) NAMED_UNIT ( * ) SI_UNIT ( .MILLI., .METRE. ) );
#5204 = ORIENTED_EDGE ( 'NONE', *, *, #6243, .F. ) ;
#5205 = ORIENTED_EDGE ( 'NONE', *, *, #6577, .T. ) ;
#5206 = CARTESIAN_POINT ( 'NONE',  ( -0.2419391697635986105, 2.150000000000000355, -0.1839420553702129646 ) ) ;
#5207 = FILL_AREA_STYLE ('',( #10752 ) ) ;
#5208 =( GEOMETRIC_REPRESENTATION_CONTEXT ( 3 ) GLOBAL_UNCERTAINTY_ASSIGNED_CONTEXT ( ( #251 ) ) GLOBAL_UNIT_ASSIGNED_CONTEXT ( ( #5180, #8925, #2389 ) ) REPRESENTATION_CONTEXT ( 'NONE', 'WORKASPACE' ) );
#5209 = DIRECTION ( 'NONE',  ( 0.9999748501857348426, -0.000000000000000000, 0.007092178509964963684 ) ) ;
#5210 = STYLED_ITEM ( 'NONE', ( #5176 ), #11939 ) ;
#5211 = CARTESIAN_POINT ( 'NONE',  ( -0.08121396209516698605, 2.150000000000000355, -0.2170110306316229976 ) ) ;
#5212 = ORIENTED_EDGE ( 'NONE', *, *, #3087, .F. ) ;
#5213 = UNCERTAINTY_MEASURE_WITH_UNIT (LENGTH_MEASURE( 1.000000000000000082E-05 ), #1614, 'distance_accuracy_value', 'NONE');
#5214 = PLANE ( 'NONE',  #2754 ) ;
#5215 = VECTOR ( 'NONE', #4259, 1000.000000000000000 ) ;
#5216 = ADVANCED_FACE ( 'NONE', ( #5493 ), #6025, .F. ) ;
#5217 = CARTESIAN_POINT ( 'NONE',  ( -0.08300474975170571423, 2.150000000000000355, -0.1184522020143185111 ) ) ;
#5218 = VERTEX_POINT ( 'NONE', #12153 ) ;
#5219 = VECTOR ( 'NONE', #67, 1000.000000000000000 ) ;
#5220 = VECTOR ( 'NONE', #9753, 1000.000000000000000 ) ;
#5221 = CARTESIAN_POINT ( 'NONE',  ( -0.1180595589040768778, 2.151000000000000689, -0.1531176758397616300 ) ) ;
#5222 = CARTESIAN_POINT ( 'NONE',  ( -0.2041715110770059849, 2.151000000000000689, 0.09862718045085375196 ) ) ;
#5223 = DIRECTION ( 'NONE',  ( 0.000000000000000000, -1.000000000000000000, 0.000000000000000000 ) ) ;
#5224 =( GEOMETRIC_REPRESENTATION_CONTEXT ( 3 ) GLOBAL_UNCERTAINTY_ASSIGNED_CONTEXT ( ( #2827 ) ) GLOBAL_UNIT_ASSIGNED_CONTEXT ( ( #3852, #11402, #10446 ) ) REPRESENTATION_CONTEXT ( 'NONE', 'WORKASPACE' ) );
#5225 = B_SPLINE_CURVE_WITH_KNOTS ( 'NONE', 3,
 ( #7963, #456, #2348, #2174 ),
 .UNSPECIFIED., .F., .F.,
 ( 4, 4 ),
 ( 5.000000000000000000, 6.000000000000000000 ),
 .UNSPECIFIED. ) ;
#5226 = CARTESIAN_POINT ( 'NONE',  ( -0.6854028754953326308, 2.151000000000000245, 0.07202693118469341571 ) ) ;
#5227 = DIRECTION ( 'NONE',  ( -0.007092178509965026134, -0.000000000000000000, 0.9999748501857348426 ) ) ;
#5228 = ORIENTED_EDGE ( 'NONE', *, *, #9115, .T. ) ;
#5229 = ADVANCED_FACE ( 'NONE', ( #9549 ), #2002, .F. ) ;
#5230 = CARTESIAN_POINT ( 'NONE',  ( -3.649999999999997691, 1.599999999999999867, -0.4000000000000000222 ) ) ;
#5231 = EDGE_CURVE ( 'NONE', #8018, #1911, #1694, .T. ) ;
#5232 = ORIENTED_EDGE ( 'NONE', *, *, #2233, .F. ) ;
#5233 = EDGE_CURVE ( 'NONE', #7045, #1272, #1818, .T. ) ;
#5234 = LINE ( 'NONE', #3372, #1862 ) ;
#5235 = SURFACE_STYLE_FILL_AREA ( #3306 ) ;
#5236 = CARTESIAN_POINT ( 'NONE',  ( -0.2086087507596197932, 2.151000000000000689, -0.2506677580386075244 ) ) ;
#5237 = CARTESIAN_POINT ( 'NONE',  ( 0.7640026484976881749, 2.150000000000000355, -0.2714101968793087849 ) ) ;
#5238 = VERTEX_POINT ( 'NONE', #5844 ) ;
#5239 = SURFACE_SIDE_STYLE ('',( #8048 ) ) ;
#5240 = ORIENTED_EDGE ( 'NONE', *, *, #9100, .F. ) ;
#5241 =( NAMED_UNIT ( * ) SI_UNIT ( $, .STERADIAN. ) SOLID_ANGLE_UNIT ( ) );
#5242 = EDGE_LOOP ( 'NONE', ( #2446, #4128, #3465, #2887 ) ) ;
#5243 = B_SPLINE_SURFACE_WITH_KNOTS ( 'NONE', 3, 1, ( 
 ( #1362, #3701 ),
 ( #3515, #5513 ),
 ( #11208, #7279 ),
 ( #6508, #1542 ) ),
 .UNSPECIFIED., .F., .F., .F.,
 ( 4, 4 ),
 ( 2, 2 ),
 ( 17.00000000000000000, 18.00000000000000000 ),
 ( 0.000000000000000000, 1.000000000000000000 ),
 .UNSPECIFIED. ) ;
#5244 =( NAMED_UNIT ( * ) SI_UNIT ( $, .STERADIAN. ) SOLID_ANGLE_UNIT ( ) );
#5245 = ORIENTED_EDGE ( 'NONE', *, *, #9053, .T. ) ;
#5246 =( NAMED_UNIT ( * ) PLANE_ANGLE_UNIT ( ) SI_UNIT ( $, .RADIAN. ) );
#5247 = CARTESIAN_POINT ( 'NONE',  ( 1.220933336993636820, 2.151000000000000689, -0.06572624123572964883 ) ) ;
#5248 = CARTESIAN_POINT ( 'NONE',  ( -0.03407650490992446268, 2.150000000000000355, -0.2219796137038109185 ) ) ;
#5249 =( NAMED_UNIT ( * ) PLANE_ANGLE_UNIT ( ) SI_UNIT ( $, .RADIAN. ) );
#5250 = EDGE_CURVE ( 'NONE', #1740, #2342, #7420, .T. ) ;
#5251 = B_SPLINE_CURVE_WITH_KNOTS ( 'NONE', 3,
 ( #1999, #4731, #10568, #5727 ),
 .UNSPECIFIED., .F., .F.,
 ( 4, 4 ),
 ( 6.000000000000000000, 7.000000000000000000 ),
 .UNSPECIFIED. ) ;
#5252 = CARTESIAN_POINT ( 'NONE',  ( -0.5396921636882440199, 2.151000000000000689, -0.2263974476531020186 ) ) ;
#5253 = DIRECTION ( 'NONE',  ( 0.9999748501857348426, -0.000000000000000000, 0.007092178509962387620 ) ) ;
#5254 =( LENGTH_UNIT ( ) NAMED_UNIT ( * ) SI_UNIT ( .MILLI., .METRE. ) );
#5255 = CARTESIAN_POINT ( 'NONE',  ( -0.4617083008344677331, 2.151000000000000689, 0.2500648090583760808 ) ) ;
#5256 = AXIS2_PLACEMENT_3D ( 'NONE', #3886, #173, #4011 ) ;
#5257 = ORIENTED_EDGE ( 'NONE', *, *, #9990, .F. ) ;
#5258 = DIRECTION ( 'NONE',  ( 1.188166764367676342E-16, -1.000000000000000000, -0.000000000000000000 ) ) ;
#5259 = SURFACE_STYLE_USAGE ( .BOTH. , #11464 ) ;
#5260 = UNCERTAINTY_MEASURE_WITH_UNIT (LENGTH_MEASURE( 1.000000000000000082E-05 ), #10124, 'distance_accuracy_value', 'NONE');
#5261 = CARTESIAN_POINT ( 'NONE',  ( -0.2731886225563550652, 2.151000000000000689, -0.2933410146448931499 ) ) ;
#5262 = CARTESIAN_POINT ( 'NONE',  ( 0.9120125493759101420, 2.150000000000000355, 0.2675602265108162903 ) ) ;
#5263 = VECTOR ( 'NONE', #2917, 1000.000000000000000 ) ;
#5264 = CARTESIAN_POINT ( 'NONE',  ( -0.08121396209516698605, 2.151000000000000689, -0.2170110306316229976 ) ) ;
#5265 = EDGE_CURVE ( 'NONE', #2837, #1272, #3807, .T. ) ;
#5266 = PRESENTATION_LAYER_ASSIGNMENT (  '', '', ( #2088 ) ) ;
#5267 = CARTESIAN_POINT ( 'NONE',  ( 1.045727199617881409, 2.151000000000000689, -0.2361535754825709321 ) ) ;
#5268 = CARTESIAN_POINT ( 'NONE',  ( -0.3519693816996759539, 2.151000000000000689, 0.09757894520608351163 ) ) ;
#5269 = UNCERTAINTY_MEASURE_WITH_UNIT (LENGTH_MEASURE( 1.000000000000000082E-05 ), #10989, 'distance_accuracy_value', 'NONE');
#5270 = ORIENTED_EDGE ( 'NONE', *, *, #1967, .F. ) ;
#5271 =( NAMED_UNIT ( * ) SI_UNIT ( $, .STERADIAN. ) SOLID_ANGLE_UNIT ( ) );
#5272 = ORIENTED_EDGE ( 'NONE', *, *, #155, .T. ) ;
#5273 = DIRECTION ( 'NONE',  ( -0.4567202763531393872, -5.426598529756204393E-17, -0.8896103580601522065 ) ) ;
#5274 = ORIENTED_EDGE ( 'NONE', *, *, #7295, .F. ) ;
#5275 = CARTESIAN_POINT ( 'NONE',  ( -0.4315903218202886693, 2.150000000000000355, -0.04543617205330263698 ) ) ;
#5276 = CARTESIAN_POINT ( 'NONE',  ( -0.09257801905871668180, 2.150000000000000355, -0.1540807141373466138 ) ) ;
#5277 = FILL_AREA_STYLE_COLOUR ( '', #7810 ) ;
#5278 = VERTEX_POINT ( 'NONE', #2853 ) ;
#5279 = COLOUR_RGB ( '',1.000000000000000000, 1.000000000000000000, 1.000000000000000000 ) ;
#5280 = PRESENTATION_STYLE_ASSIGNMENT (( #8893 ) ) ;
#5281 = CARTESIAN_POINT ( 'NONE',  ( 3.670000000000000373, -1.800000000000000044, 0.000000000000000000 ) ) ;
#5282 = UNCERTAINTY_MEASURE_WITH_UNIT (LENGTH_MEASURE( 1.000000000000000082E-05 ), #1269, 'distance_accuracy_value', 'NONE');
#5283 = LINE ( 'NONE', #6158, #4844 ) ;
#5284 = DIRECTION ( 'NONE',  ( -0.3733863129577214557, -0.000000000000000000, 0.9276759462742573126 ) ) ;
#5285 = CARTESIAN_POINT ( 'NONE',  ( -0.1519518509115981297, 2.151000000000000689, -0.2417396977382124668 ) ) ;
#5286 = CARTESIAN_POINT ( 'NONE',  ( -0.4640786524897506093, 2.151000000000000689, 0.1517884033756901618 ) ) ;
#5287 = AXIS2_PLACEMENT_3D ( 'NONE', #2112, #5898, #4901 ) ;
#5288 = B_SPLINE_CURVE_WITH_KNOTS ( 'NONE', 3,
 ( #2879, #8684, #244, #8437 ),
 .UNSPECIFIED., .F., .F.,
 ( 4, 4 ),
 ( 0.000000000000000000, 1.000000000000000000 ),
 .UNSPECIFIED. ) ;
#5289 = COLOUR_RGB ( '',0.7725490196078431682, 0.6823529411764706065, 0.3686274509803921795 ) ;
#5290 = CARTESIAN_POINT ( 'NONE',  ( -0.03258885742592490531, 2.151000000000000689, 0.1180403270323975573 ) ) ;
#5291 = CARTESIAN_POINT ( 'NONE',  ( -0.1528238405200043337, 2.151000000000000689, -0.1407828493238073297 ) ) ;
#5292 = ORIENTED_EDGE ( 'NONE', *, *, #4544, .T. ) ;
#5293 = DIRECTION ( 'NONE',  ( 1.188166764367676342E-16, -1.000000000000000000, -0.000000000000000000 ) ) ;
#5294 = MECHANICAL_DESIGN_GEOMETRIC_PRESENTATION_REPRESENTATION (  '', ( #2318 ), #12134 ) ;
#5295 = DIRECTION ( 'NONE',  ( 1.188166764367676342E-16, -1.000000000000000000, -0.000000000000000000 ) ) ;
#5296 = FILL_AREA_STYLE_COLOUR ( '', #11021 ) ;
#5297 = AXIS2_PLACEMENT_3D ( 'NONE', #2066, #7678, #1828 ) ;
#5298 = CARTESIAN_POINT ( 'NONE',  ( -0.7130530573381530512, 2.151000000000000245, -0.2223240862405151952 ) ) ;
#5299 = COLOUR_RGB ( '',1.000000000000000000, 1.000000000000000000, 1.000000000000000000 ) ;
#5300 = DIRECTION ( 'NONE',  ( 1.188166764367676342E-16, -1.000000000000000000, -0.000000000000000000 ) ) ;
#5301 = LINE ( 'NONE', #9803, #6184 ) ;
#5302 = ORIENTED_EDGE ( 'NONE', *, *, #663, .F. ) ;
#5303 = DIRECTION ( 'NONE',  ( -0.9999748501857348426, 0.000000000000000000, -0.007092178509963777133 ) ) ;
#5304 = EDGE_LOOP ( 'NONE', ( #2280, #1887, #984, #4462, #9226, #9733, #132, #9880 ) ) ;
#5305 = CARTESIAN_POINT ( 'NONE',  ( -1.188166764367676267E-19, 2.151000000000000689, 0.000000000000000000 ) ) ;
#5306 = VECTOR ( 'NONE', #3263, 1000.000000000000000 ) ;
#5307 = ADVANCED_FACE ( 'NONE', ( #7669 ), #1485, .F. ) ;
#5308 = CARTESIAN_POINT ( 'NONE',  ( 0.7634386125451618765, 2.150000000000000355, -0.1918829026444843211 ) ) ;
#5309 = DIRECTION ( 'NONE',  ( -0.007092178509963859533, -8.426690792501727171E-19, 0.9999748501857348426 ) ) ;
#5310 = FILL_AREA_STYLE ('',( #8282 ) ) ;
#5311 = STYLED_ITEM ( 'NONE', ( #4549 ), #7136 ) ;
#5312 = ORIENTED_EDGE ( 'NONE', *, *, #2270, .T. ) ;
#5313 = ORIENTED_EDGE ( 'NONE', *, *, #8561, .T. ) ;
#5314 = DIRECTION ( 'NONE',  ( -0.000000000000000000, -0.000000000000000000, 1.000000000000000000 ) ) ;
#5315 = DIRECTION ( 'NONE',  ( -0.9999748501857348426, -0.000000000000000000, -0.007092178509963784939 ) ) ;
#5316 = FILL_AREA_STYLE_COLOUR ( '', #8188 ) ;
#5317 = B_SPLINE_CURVE_WITH_KNOTS ( 'NONE', 3,
 ( #3970, #8761, #7767, #1003 ),
 .UNSPECIFIED., .F., .F.,
 ( 4, 4 ),
 ( 4.000000000000000000, 5.000000000000000000 ),
 .UNSPECIFIED. ) ;
#5318 = LINE ( 'NONE', #4270, #3713 ) ;
#5319 = PRESENTATION_LAYER_ASSIGNMENT (  '', '', ( #1162 ) ) ;
#5320 = CARTESIAN_POINT ( 'NONE',  ( -0.6563943592070254907, 2.151000000000000245, 0.07223266993481067266 ) ) ;
#5321 = ORIENTED_EDGE ( 'NONE', *, *, #4464, .F. ) ;
#5322 = FACE_OUTER_BOUND ( 'NONE', #1344, .T. ) ;
#5323 = EDGE_CURVE ( 'NONE', #2513, #113, #9349, .T. ) ;
#5324 = ADVANCED_FACE ( 'NONE', ( #415 ), #11798, .F. ) ;
#5325 = DIRECTION ( 'NONE',  ( -0.007092178509963612335, -8.426690792501432503E-19, 0.9999748501857348426 ) ) ;
#5326 = EDGE_CURVE ( 'NONE', #383, #9975, #278, .T. ) ;
#5327 = AXIS2_PLACEMENT_3D ( 'NONE', #8957, #4358, #2236 ) ;
#5328 = CARTESIAN_POINT ( 'NONE',  ( -0.5813124846806851931, 2.151000000000000689, 0.2761469408291877814 ) ) ;
#5329 = COLOUR_RGB ( '',1.000000000000000000, 1.000000000000000000, 1.000000000000000000 ) ;
#5330 = CARTESIAN_POINT ( 'NONE',  ( 1.220523129028157072, 2.151000000000000689, -0.007888209064190274816 ) ) ;
#5331 = CARTESIAN_POINT ( 'NONE',  ( -0.1528238405200043337, 2.151000000000000689, -0.1407828493238073297 ) ) ;
#5332 = DIRECTION ( 'NONE',  ( 0.9999748501857348426, 1.188136882194236216E-16, 0.007092178509963383351 ) ) ;
#5333 = PLANE ( 'NONE',  #10829 ) ;
#5334 = CARTESIAN_POINT ( 'NONE',  ( -0.1032847112736490214, 2.151000000000000689, 0.07272423353217603859 ) ) ;
#5335 = ORIENTED_EDGE ( 'NONE', *, *, #5565, .F. ) ;
#5336 = VECTOR ( 'NONE', #799, 1000.000000000000000 ) ;
#5337 = VECTOR ( 'NONE', #552, 1000.000000000000000 ) ;
#5338 = EDGE_LOOP ( 'NONE', ( #7740, #7649, #6209, #4315, #4230, #11155, #1445, #8296, #7683, #1769, #4186, #10319, #1217, #9902, #8955, #805, #7362, #12093, #6729, #10195, #2560, #7242, #6436, #11036, #9113, #6731, #2018, #3998, #10934, #2033, #3560, #10818, #11214 ) ) ;
#5339 = CARTESIAN_POINT ( 'NONE',  ( 0.9691737913716207409, 2.151000000000000689, -0.04437537249888652557 ) ) ;
#5340 = PRESENTATION_STYLE_ASSIGNMENT (( #8019 ) ) ;
#5341 = EDGE_CURVE ( 'NONE', #9862, #10375, #6951, .T. ) ;
#5342 = CARTESIAN_POINT ( 'NONE',  ( -0.09140665061452250828, 2.151000000000000689, -0.2239458956568591286 ) ) ;
#5343 = ORIENTED_EDGE ( 'NONE', *, *, #3287, .T. ) ;
#5344 = UNCERTAINTY_MEASURE_WITH_UNIT (LENGTH_MEASURE( 1.000000000000000082E-05 ), #2475, 'distance_accuracy_value', 'NONE');
#5345 =( LENGTH_UNIT ( ) NAMED_UNIT ( * ) SI_UNIT ( .MILLI., .METRE. ) );
#5346 = CARTESIAN_POINT ( 'NONE',  ( -0.9377969733660995733, 2.149999999999999911, -0.2524081337267239933 ) ) ;
#5347 = CARTESIAN_POINT ( 'NONE',  ( -0.02681460799178941867, 2.151000000000000689, -0.2049796294520373485 ) ) ;
#5348 = B_SPLINE_SURFACE_WITH_KNOTS ( 'NONE', 3, 1, ( 
 ( #9575, #1107 ),
 ( #4704, #9450 ),
 ( #2157, #11442 ),
 ( #2823, #6685 ) ),
 .UNSPECIFIED., .F., .F., .F.,
 ( 4, 4 ),
 ( 2, 2 ),
 ( 0.000000000000000000, 1.000000000000000000 ),
 ( 0.000000000000000000, 1.000000000000000000 ),
 .UNSPECIFIED. ) ;
#5349 = LINE ( 'NONE', #4420, #1497 ) ;
#5350 = VERTEX_POINT ( 'NONE', #4180 ) ;
#5351 = CARTESIAN_POINT ( 'NONE',  ( -0.03893227278817461279, 2.150000000000000355, -0.2263811456218288443 ) ) ;
#5352 =( NAMED_UNIT ( * ) SI_UNIT ( $, .STERADIAN. ) SOLID_ANGLE_UNIT ( ) );
#5353 = MECHANICAL_DESIGN_GEOMETRIC_PRESENTATION_REPRESENTATION (  '', ( #10642 ), #808 ) ;
#5354 = VECTOR ( 'NONE', #4363, 1000.000000000000000 ) ;
#5355 = EDGE_CURVE ( 'NONE', #2362, #8972, #1391, .T. ) ;
#5356 = FILL_AREA_STYLE ('',( #9220 ) ) ;
#5357 = SURFACE_STYLE_FILL_AREA ( #7241 ) ;
#5358 = CARTESIAN_POINT ( 'NONE',  ( -0.1869395808380833190, 2.151000000000000689, -0.1245962220763700279 ) ) ;
#5359 = ORIENTED_EDGE ( 'NONE', *, *, #1224, .T. ) ;
#5360 = MECHANICAL_DESIGN_GEOMETRIC_PRESENTATION_REPRESENTATION (  '', ( #7508 ), #4758 ) ;
#5361 = CARTESIAN_POINT ( 'NONE',  ( -0.4073350982703292655, 2.150000000000000355, 0.09718627178516882348 ) ) ;
#5362 = COLOUR_RGB ( '',1.000000000000000000, 1.000000000000000000, 1.000000000000000000 ) ;
#5363 = ORIENTED_EDGE ( 'NONE', *, *, #9481, .T. ) ;
#5364 = LINE ( 'NONE', #4190, #7758 ) ;
#5365 = FILL_AREA_STYLE ('',( #5485 ) ) ;
#5366 = CARTESIAN_POINT ( 'NONE',  ( -0.8472986747410672370, 2.149999999999999911, -0.07437912571900760772 ) ) ;
#5367 = VERTEX_POINT ( 'NONE', #9920 ) ;
#5368 =( NAMED_UNIT ( * ) PLANE_ANGLE_UNIT ( ) SI_UNIT ( $, .RADIAN. ) );
#5369 = CARTESIAN_POINT ( 'NONE',  ( -0.2773859671378951508, 2.151000000000000689, 0.1665257089876610586 ) ) ;
#5370 = VECTOR ( 'NONE', #5526, 1000.000000000000000 ) ;
#5371 = ORIENTED_EDGE ( 'NONE', *, *, #9115, .F. ) ;
#5372 = PRESENTATION_STYLE_ASSIGNMENT (( #9306 ) ) ;
#5373 = ORIENTED_EDGE ( 'NONE', *, *, #10641, .F. ) ;
#5374 = CARTESIAN_POINT ( 'NONE',  ( -0.05840844745475734512, 2.150000000000000355, -0.1778573832820174727 ) ) ;
#5375 = CARTESIAN_POINT ( 'NONE',  ( -0.3255517110753634036, 2.150000000000000355, 0.07457912406695518803 ) ) ;
#5376 = PLANE ( 'NONE',  #7063 ) ;
#5377 = SURFACE_SIDE_STYLE ('',( #9063 ) ) ;
#5378 = ADVANCED_FACE ( 'NONE', ( #9729 ), #8753, .F. ) ;
#5379 =( NAMED_UNIT ( * ) PLANE_ANGLE_UNIT ( ) SI_UNIT ( $, .RADIAN. ) );
#5380 =( GEOMETRIC_REPRESENTATION_CONTEXT ( 3 ) GLOBAL_UNCERTAINTY_ASSIGNED_CONTEXT ( ( #8025 ) ) GLOBAL_UNIT_ASSIGNED_CONTEXT ( ( #1581, #2979, #7666 ) ) REPRESENTATION_CONTEXT ( 'NONE', 'WORKASPACE' ) );
#5381 = CARTESIAN_POINT ( 'NONE',  ( -0.08468347123331373960, 2.151000000000000689, 0.09625130166525268371 ) ) ;
#5382 = STYLED_ITEM ( 'NONE', ( #1117 ), #4545 ) ;
#5383 = PLANE ( 'NONE',  #6002 ) ;
#5384 = EDGE_LOOP ( 'NONE', ( #4452, #7858, #2163, #6284 ) ) ;
#5385 = CARTESIAN_POINT ( 'NONE',  ( 0.02687940066214327198, 2.150000000000000355, -0.04218454116213084248 ) ) ;
#5386 =( NAMED_UNIT ( * ) PLANE_ANGLE_UNIT ( ) SI_UNIT ( $, .RADIAN. ) );
#5387 =( NAMED_UNIT ( * ) SI_UNIT ( $, .STERADIAN. ) SOLID_ANGLE_UNIT ( ) );
#5388 =( GEOMETRIC_REPRESENTATION_CONTEXT ( 3 ) GLOBAL_UNCERTAINTY_ASSIGNED_CONTEXT ( ( #10029 ) ) GLOBAL_UNIT_ASSIGNED_CONTEXT ( ( #2898, #1125, #3032 ) ) REPRESENTATION_CONTEXT ( 'NONE', 'WORKASPACE' ) );
#5389 = FACE_OUTER_BOUND ( 'NONE', #3463, .T. ) ;
#5390 = EDGE_CURVE ( 'NONE', #6087, #1790, #6288, .T. ) ;
#5391 = FILL_AREA_STYLE ('',( #2821 ) ) ;
#5392 = FILL_AREA_STYLE_COLOUR ( '', #12143 ) ;
#5393 = EDGE_CURVE ( 'NONE', #11030, #1787, #11129, .T. ) ;
#5394 = EDGE_CURVE ( 'NONE', #8178, #7434, #1507, .T. ) ;
#5395 = CARTESIAN_POINT ( 'NONE',  ( -0.3142244278563729454, 2.151000000000000689, -0.3047837393364000169 ) ) ;
#5396 = ORIENTED_EDGE ( 'NONE', *, *, #9863, .T. ) ;
#5397 =( NAMED_UNIT ( * ) SI_UNIT ( $, .STERADIAN. ) SOLID_ANGLE_UNIT ( ) );
#5398 = ORIENTED_EDGE ( 'NONE', *, *, #10070, .F. ) ;
#5399 = COLOUR_RGB ( '',1.000000000000000000, 1.000000000000000000, 1.000000000000000000 ) ;
#5400 = DIRECTION ( 'NONE',  ( -0.000000000000000000, -0.000000000000000000, -1.000000000000000000 ) ) ;
#5401 = LINE ( 'NONE', #9144, #9285 ) ;
#5402 = CARTESIAN_POINT ( 'NONE',  ( -0.6361995749045132875, 2.151000000000000245, -0.07028247539768930907 ) ) ;
#5403 = SURFACE_STYLE_USAGE ( .BOTH. , #3411 ) ;
#5404 = ORIENTED_EDGE ( 'NONE', *, *, #3793, .T. ) ;
#5405 = STYLED_ITEM ( 'NONE', ( #1108 ), #11635 ) ;
#5406 =( LENGTH_UNIT ( ) NAMED_UNIT ( * ) SI_UNIT ( .MILLI., .METRE. ) );
#5407 = FILL_AREA_STYLE ('',( #11771 ) ) ;
#5408 = UNCERTAINTY_MEASURE_WITH_UNIT (LENGTH_MEASURE( 1.000000000000000082E-05 ), #10416, 'distance_accuracy_value', 'NONE');
#5409 = CARTESIAN_POINT ( 'NONE',  ( 0.4927689662109027147, 2.151000000000000689, -0.1547599969808891862 ) ) ;
#5410 = ADVANCED_FACE ( 'NONE', ( #8209 ), #6908, .F. ) ;
#5411 = SURFACE_STYLE_USAGE ( .BOTH. , #10098 ) ;
#5412 = ORIENTED_EDGE ( 'NONE', *, *, #9023, .T. ) ;
#5413 = DIRECTION ( 'NONE',  ( -1.000000000000000000, -1.008560160451632344E-16, 0.000000000000000000 ) ) ;
#5414 = CARTESIAN_POINT ( 'NONE',  ( -0.2773859671378951508, 2.150000000000000355, 0.1665257089876610586 ) ) ;
#5415 = B_SPLINE_CURVE_WITH_KNOTS ( 'NONE', 3,
 ( #7199, #3620, #5494, #2557 ),
 .UNSPECIFIED., .F., .F.,
 ( 4, 4 ),
 ( 2.000000000000000000, 3.000000000000000000 ),
 .UNSPECIFIED. ) ;
#5416 = VECTOR ( 'NONE', #108, 1000.000000000000000 ) ;
#5417 = CARTESIAN_POINT ( 'NONE',  ( -0.2096868513068216588, 2.151000000000000689, -0.09865897376185628342 ) ) ;
#5418 = LINE ( 'NONE', #4542, #6058 ) ;
#5419 = FILL_AREA_STYLE ('',( #10324 ) ) ;
#5420 = STYLED_ITEM ( 'NONE', ( #4560 ), #5216 ) ;
#5421 = SURFACE_SIDE_STYLE ('',( #11023 ) ) ;
#5422 = MECHANICAL_DESIGN_GEOMETRIC_PRESENTATION_REPRESENTATION (  '', ( #11485 ), #493 ) ;
#5423 = CARTESIAN_POINT ( 'NONE',  ( -0.4421085987332931677, 2.150000000000000355, 0.1181512406698030926 ) ) ;
#5424 = EDGE_LOOP ( 'NONE', ( #5363, #11260, #1728, #10999, #11637, #8661, #10865, #8603, #6394, #7194, #1910, #6694, #10717, #1404, #5684, #9434, #2895, #5747, #10370, #11934, #8474, #5846, #6683, #11749, #2320, #12161, #11252, #1669, #3375, #10051, #7710, #10939, #3000 ) ) ;
#5425 = DIRECTION ( 'NONE',  ( -0.3475765303544179341, 0.000000000000000000, 0.9376516173647780894 ) ) ;
#5426 = ADVANCED_FACE ( 'NONE', ( #10953 ), #2599, .F. ) ;
#5427 = CARTESIAN_POINT ( 'NONE',  ( -0.7440392831906305071, 2.151000000000000245, -0.1782490503721157471 ) ) ;
#5428 = CARTESIAN_POINT ( 'NONE',  ( -0.03514691713765505376, 2.151000000000000689, 0.2734699023309143939 ) ) ;
#5429 = ORIENTED_EDGE ( 'NONE', *, *, #11318, .F. ) ;
#5430 = SURFACE_SIDE_STYLE ('',( #4434 ) ) ;
#5431 = CARTESIAN_POINT ( 'NONE',  ( 1.128843637412553003, 2.150000000000000355, 0.07388497511032043885 ) ) ;
#5432 = MECHANICAL_DESIGN_GEOMETRIC_PRESENTATION_REPRESENTATION (  '', ( #2631 ), #5224 ) ;
#5433 = CARTESIAN_POINT ( 'NONE',  ( -0.3368784740510142872, 2.150000000000000355, -0.2122736549726954025 ) ) ;
#5434 = LINE ( 'NONE', #11143, #10766 ) ;
#5435 = COLOUR_RGB ( '',1.000000000000000000, 1.000000000000000000, 1.000000000000000000 ) ;
#5436 = DIRECTION ( 'NONE',  ( 0.9999748501857348426, -0.000000000000000000, 0.007092178509963778001 ) ) ;
#5437 = ORIENTED_EDGE ( 'NONE', *, *, #10194, .T. ) ;
#5438 = EDGE_LOOP ( 'NONE', ( #2130, #6174, #4158, #5521 ) ) ;
#5439 =( LENGTH_UNIT ( ) NAMED_UNIT ( * ) SI_UNIT ( .MILLI., .METRE. ) );
#5440 = CARTESIAN_POINT ( 'NONE',  ( -0.03407650490992446268, 2.150000000000000355, -0.2219796137038109185 ) ) ;
#5441 = SURFACE_STYLE_USAGE ( .BOTH. , #9127 ) ;
#5442 = CARTESIAN_POINT ( 'NONE',  ( 0.4927689662109027147, 2.151000000000000689, -0.1547599969808891862 ) ) ;
#5443 = SURFACE_STYLE_USAGE ( .BOTH. , #10176 ) ;
#5444 = CARTESIAN_POINT ( 'NONE',  ( 0.5114124334668924687, 2.151000000000000689, 0.07095187897368937513 ) ) ;
#5445 = SURFACE_STYLE_FILL_AREA ( #1836 ) ;
#5446 = ORIENTED_EDGE ( 'NONE', *, *, #10982, .F. ) ;
#5447 = FILL_AREA_STYLE_COLOUR ( '', #8298 ) ;
#5448 = B_SPLINE_SURFACE_WITH_KNOTS ( 'NONE', 3, 1, ( 
 ( #10024, #1607 ),
 ( #5339, #2527 ),
 ( #12000, #1729 ),
 ( #12059, #11937 ) ),
 .UNSPECIFIED., .F., .F., .F.,
 ( 4, 4 ),
 ( 2, 2 ),
 ( 16.00000000000000000, 17.00000000000000000 ),
 ( 0.000000000000000000, 1.000000000000000000 ),
 .UNSPECIFIED. ) ;
#5449 = CARTESIAN_POINT ( 'NONE',  ( -0.2227763871355599445, 2.150000000000000355, -0.2469210389254099802 ) ) ;
#5450 = DIRECTION ( 'NONE',  ( 0.007092178509963767592, 8.426690792501616430E-19, -0.9999748501857348426 ) ) ;
#5451 = SURFACE_SIDE_STYLE ('',( #1666 ) ) ;
#5452 = LINE ( 'NONE', #1724, #982 ) ;
#5453 = ORIENTED_EDGE ( 'NONE', *, *, #4536, .F. ) ;
#5454 = ORIENTED_EDGE ( 'NONE', *, *, #4630, .T. ) ;
#5455 =( NAMED_UNIT ( * ) PLANE_ANGLE_UNIT ( ) SI_UNIT ( $, .RADIAN. ) );
#5456 = CARTESIAN_POINT ( 'NONE',  ( -0.2844641781314494744, 2.151000000000000689, -0.3161922559700406365 ) ) ;
#5457 = ADVANCED_FACE ( 'NONE', ( #9532 ), #3667, .F. ) ;
#5459 = EDGE_CURVE ( 'NONE', #5949, #7587, #4721, .T. ) ;
#5458 = VECTOR ( 'NONE', #10975, 1000.000000000000000 ) ;
#5460 = LINE ( 'NONE', #10141, #9411 ) ;
#5461 = PRESENTATION_STYLE_ASSIGNMENT (( #1854 ) ) ;
#5462 = ADVANCED_FACE ( 'NONE', ( #5718 ), #9409, .F. ) ;
#5463 = EDGE_LOOP ( 'NONE', ( #10229, #7987, #10970, #541 ) ) ;
#5464 = VECTOR ( 'NONE', #6271, 1000.000000000000000 ) ;
#5465 = UNCERTAINTY_MEASURE_WITH_UNIT (LENGTH_MEASURE( 1.000000000000000082E-05 ), #6239, 'distance_accuracy_value', 'NONE');
#5466 = CARTESIAN_POINT ( 'NONE',  ( -0.1921120626030452805, 2.151000000000000689, -0.1209936629295695759 ) ) ;
#5467 = FACE_OUTER_BOUND ( 'NONE', #1457, .T. ) ;
#5468 = LINE ( 'NONE', #6282, #10799 ) ;
#5469 = ORIENTED_EDGE ( 'NONE', *, *, #963, .F. ) ;
#5470 = SURFACE_STYLE_FILL_AREA ( #9402 ) ;
#5471 = MECHANICAL_DESIGN_GEOMETRIC_PRESENTATION_REPRESENTATION (  '', ( #10184 ), #3477 ) ;
#5472 = DIRECTION ( 'NONE',  ( -0.007092178509963972290, -8.426690792501861023E-19, 0.9999748501857348426 ) ) ;
#5473 = CARTESIAN_POINT ( 'NONE',  ( 0.004334137775480265131, 2.151000000000000689, 0.2338222079011517684 ) ) ;
#5474 = CARTESIAN_POINT ( 'NONE',  ( -0.6054755012018854243, 2.149999999999999911, -0.07006456930213916801 ) ) ;
#5475 = EDGE_CURVE ( 'NONE', #3818, #7397, #5772, .T. ) ;
#5476 = EDGE_CURVE ( 'NONE', #6586, #1201, #5538, .T. ) ;
#5477 = B_SPLINE_CURVE_WITH_KNOTS ( 'NONE', 3,
 ( #11756, #2272, #6265, #7102 ),
 .UNSPECIFIED., .F., .F.,
 ( 4, 4 ),
 ( 24.00000000000000000, 25.00000000000000000 ),
 .UNSPECIFIED. ) ;
#5478 = VECTOR ( 'NONE', #11271, 1000.000000000000114 ) ;
#5479 = UNCERTAINTY_MEASURE_WITH_UNIT (LENGTH_MEASURE( 1.000000000000000082E-05 ), #11784, 'distance_accuracy_value', 'NONE');
#5480 = B_SPLINE_CURVE_WITH_KNOTS ( 'NONE', 3,
 ( #2667, #1639, #5428, #11967 ),
 .UNSPECIFIED., .F., .F.,
 ( 4, 4 ),
 ( 4.000000000000000000, 5.000000000000000000 ),
 .UNSPECIFIED. ) ;
#5481 = CARTESIAN_POINT ( 'NONE',  ( -0.01540638968073652915, 2.150000000000000355, 0.2536460551153438825 ) ) ;
#5482 = VERTEX_POINT ( 'NONE', #6995 ) ;
#5483 = CARTESIAN_POINT ( 'NONE',  ( -0.4136689782939800830, 2.150000000000000355, 0.07395416496042514498 ) ) ;
#5484 = LINE ( 'NONE', #4608, #12096 ) ;
#5485 = FILL_AREA_STYLE_COLOUR ( '', #9039 ) ;
#5486 = CARTESIAN_POINT ( 'NONE',  ( -0.6945026966040518390, 2.149999999999999911, -0.2062838242416129286 ) ) ;
#5487 = EDGE_LOOP ( 'NONE', ( #1004, #2116, #3403, #9424 ) ) ;
#5488 = PLANE ( 'NONE',  #757 ) ;
#5489 = VECTOR ( 'NONE', #6780, 1000.000000000000114 ) ;
#5490 = DIRECTION ( 'NONE',  ( -0.007092178509962869873, -0.000000000000000000, 0.9999748501857348426 ) ) ;
#5491 = SURFACE_SIDE_STYLE ('',( #10166 ) ) ;
#5492 =( GEOMETRIC_REPRESENTATION_CONTEXT ( 3 ) GLOBAL_UNCERTAINTY_ASSIGNED_CONTEXT ( ( #9910 ) ) GLOBAL_UNIT_ASSIGNED_CONTEXT ( ( #2901, #1987, #14 ) ) REPRESENTATION_CONTEXT ( 'NONE', 'WORKASPACE' ) );
#5493 = FACE_OUTER_BOUND ( 'NONE', #3757, .T. ) ;
#5494 = CARTESIAN_POINT ( 'NONE',  ( -0.6682332718973528207, 2.149999999999999911, -0.04711452830872163433 ) ) ;
#5495 = CARTESIAN_POINT ( 'NONE',  ( -0.1384560667873216688, 2.151000000000000689, 0.2744008514786819841 ) ) ;
#5496 = ORIENTED_EDGE ( 'NONE', *, *, #1014, .F. ) ;
#5497 = EDGE_CURVE ( 'NONE', #7397, #6050, #6580, .T. ) ;
#5498 =( LENGTH_UNIT ( ) NAMED_UNIT ( * ) SI_UNIT ( .MILLI., .METRE. ) );
#5499 = MECHANICAL_DESIGN_GEOMETRIC_PRESENTATION_REPRESENTATION (  '', ( #4886 ), #949 ) ;
#5500 = VERTEX_POINT ( 'NONE', #8703 ) ;
#5501 = COLOUR_RGB ( '',1.000000000000000000, 1.000000000000000000, 1.000000000000000000 ) ;
#5502 = FILL_AREA_STYLE ('',( #5316 ) ) ;
#5503 = LINE ( 'NONE', #1535, #5336 ) ;
#5504 = FILL_AREA_STYLE_COLOUR ( '', #12176 ) ;
#5505 = ORIENTED_EDGE ( 'NONE', *, *, #2635, .T. ) ;
#5506 = CARTESIAN_POINT ( 'NONE',  ( -0.1598870076105759208, 2.150000000000000355, -0.1638121716996010779 ) ) ;
#5507 = ORIENTED_EDGE ( 'NONE', *, *, #11218, .F. ) ;
#5508 = PRESENTATION_LAYER_ASSIGNMENT (  '', '', ( #11367 ) ) ;
#5509 = CARTESIAN_POINT ( 'NONE',  ( -0.2826435448981357568, 2.150000000000000355, -0.2943438779887761481 ) ) ;
#5510 = STYLED_ITEM ( 'NONE', ( #3691 ), #6970 ) ;
#5511 = VECTOR ( 'NONE', #6726, 1000.000000000000000 ) ;
#5512 = ADVANCED_FACE ( 'NONE', ( #10755 ), #6816, .F. ) ;
#5513 = CARTESIAN_POINT ( 'NONE',  ( 1.094038298431735612, 2.150000000000000355, -0.1157909657433316558 ) ) ;
#5514 = CARTESIAN_POINT ( 'NONE',  ( -0.2336961527973537012, 2.150000000000000355, -0.2393040837074693061 ) ) ;
#5515 = CARTESIAN_POINT ( 'NONE',  ( -0.1789679186215485385, 2.151000000000000689, -0.2296618533450860422 ) ) ;
#5516 = VECTOR ( 'NONE', #5963, 1000.000000000000000 ) ;
#5517 = LINE ( 'NONE', #9680, #966 ) ;
#5518 = CARTESIAN_POINT ( 'NONE',  ( 1.129407673365080189, 2.150000000000000355, -0.005642319124506672140 ) ) ;
#5519 = ORIENTED_EDGE ( 'NONE', *, *, #5233, .T. ) ;
#5520 = PRESENTATION_STYLE_ASSIGNMENT (( #5638 ) ) ;
#5521 = ORIENTED_EDGE ( 'NONE', *, *, #6367, .T. ) ;
#5522 = CARTESIAN_POINT ( 'NONE',  ( 0.2990319926721324850, 2.150000000000000355, 0.04486318991804937734 ) ) ;
#5523 = VECTOR ( 'NONE', #7244, 1000.000000000000000 ) ;
#5524 = VECTOR ( 'NONE', #2994, 1000.000000000000000 ) ;
#5525 = SURFACE_STYLE_FILL_AREA ( #581 ) ;
#5526 = DIRECTION ( 'NONE',  ( 1.000000000000000000, 0.000000000000000000, 0.000000000000000000 ) ) ;
#5527 = EDGE_LOOP ( 'NONE', ( #296, #2863, #5656, #2201 ) ) ;
#5528 =( LENGTH_UNIT ( ) NAMED_UNIT ( * ) SI_UNIT ( .MILLI., .METRE. ) );
#5529 =( NAMED_UNIT ( * ) SI_UNIT ( $, .STERADIAN. ) SOLID_ANGLE_UNIT ( ) );
#5530 = SURFACE_STYLE_FILL_AREA ( #2647 ) ;
#5531 = ORIENTED_EDGE ( 'NONE', *, *, #3876, .T. ) ;
#5532 = CARTESIAN_POINT ( 'NONE',  ( 0.02369497779594218964, 2.151000000000000689, -0.2455888896704679081 ) ) ;
#5533 =( NAMED_UNIT ( * ) SI_UNIT ( $, .STERADIAN. ) SOLID_ANGLE_UNIT ( ) );
#5534 = ORIENTED_EDGE ( 'NONE', *, *, #2796, .T. ) ;
#5535 =( NAMED_UNIT ( * ) SI_UNIT ( $, .STERADIAN. ) SOLID_ANGLE_UNIT ( ) );
#5536 = SHAPE_DEFINITION_REPRESENTATION ( #1311, #8443 ) ;
#5537 =( GEOMETRIC_REPRESENTATION_CONTEXT ( 3 ) GLOBAL_UNCERTAINTY_ASSIGNED_CONTEXT ( ( #10197 ) ) GLOBAL_UNIT_ASSIGNED_CONTEXT ( ( #8403, #3617, #5664 ) ) REPRESENTATION_CONTEXT ( 'NONE', 'WORKASPACE' ) );
#5538 = LINE ( 'NONE', #3977, #882 ) ;
#5539 = COLOUR_RGB ( '',0.6470588235294117974, 0.6196078431372549211, 0.5882352941176470784 ) ;
#5540 = DIRECTION ( 'NONE',  ( 0.2455530343989363040, -0.000000000000000000, 0.9693831581461866964 ) ) ;
#5541 = LINE ( 'NONE', #4726, #5523 ) ;
#5542 = CARTESIAN_POINT ( 'NONE',  ( 0.9846177179837275473, 2.150000000000000355, 0.2246944621440921941 ) ) ;
#5543 = CARTESIAN_POINT ( 'NONE',  ( -0.09041529494550032409, 2.151000000000000689, 0.2593527695899005003 ) ) ;
#5544 = DIRECTION ( 'NONE',  ( -1.000000000000000000, -0.000000000000000000, -0.000000000000000000 ) ) ;
#5545 = CARTESIAN_POINT ( 'NONE',  ( 0.7133942629646764511, 2.150000000000000355, 0.3398987606843663634 ) ) ;
#5546 = EDGE_CURVE ( 'NONE', #5110, #12034, #2044, .T. ) ;
#5547 = FACE_OUTER_BOUND ( 'NONE', #3159, .T. ) ;
#5548 =( NAMED_UNIT ( * ) PLANE_ANGLE_UNIT ( ) SI_UNIT ( $, .RADIAN. ) );
#5549 = VERTEX_POINT ( 'NONE', #8636 ) ;
#5550 = DIRECTION ( 'NONE',  ( 0.9999748501857353977, 0.000000000000000000, 0.007092178509881083733 ) ) ;
#5551 = VECTOR ( 'NONE', #7832, 1000.000000000000114 ) ;
#5552 = EDGE_CURVE ( 'NONE', #7434, #11132, #6940, .T. ) ;
#5553 = LINE ( 'NONE', #7380, #590 ) ;
#5554 = EDGE_CURVE ( 'NONE', #10467, #10878, #8579, .T. ) ;
#5555 = SURFACE_STYLE_USAGE ( .BOTH. , #6547 ) ;
#5556 = CARTESIAN_POINT ( 'NONE',  ( -0.09257801905871668180, 2.150000000000000355, -0.1540807141373466138 ) ) ;
#5557 = SURFACE_STYLE_FILL_AREA ( #6433 ) ;
#5558 = ORIENTED_EDGE ( 'NONE', *, *, #8828, .F. ) ;
#5559 = CARTESIAN_POINT ( 'NONE',  ( -0.1258104222230995439, 2.151000000000000689, 0.2800013944570518554 ) ) ;
#5560 = VERTEX_POINT ( 'NONE', #6084 ) ;
#5561 = FILL_AREA_STYLE_COLOUR ( '', #10212 ) ;
#5562 = PLANE ( 'NONE',  #4041 ) ;
#5563 = CARTESIAN_POINT ( 'NONE',  ( -0.8432466681890889992, 2.149999999999999911, -0.08859542915516649408 ) ) ;
#5564 = ORIENTED_EDGE ( 'NONE', *, *, #4161, .T. ) ;
#5565 = EDGE_CURVE ( 'NONE', #4986, #10341, #11808, .T. ) ;
#5566 =( LENGTH_UNIT ( ) NAMED_UNIT ( * ) SI_UNIT ( .MILLI., .METRE. ) );
#5567 = ORIENTED_EDGE ( 'NONE', *, *, #6411, .T. ) ;
#5568 = AXIS2_PLACEMENT_3D ( 'NONE', #8838, #11775, #409 ) ;
#5569 = CARTESIAN_POINT ( 'NONE',  ( 0.1055450673871456413, 2.151000000000000689, -0.06502175767967410813 ) ) ;
#5570 = VECTOR ( 'NONE', #3607, 1000.000000000000000 ) ;
#5571 = COLOUR_RGB ( '',1.000000000000000000, 1.000000000000000000, 1.000000000000000000 ) ;
#5572 = COLOUR_RGB ( '',1.000000000000000000, 1.000000000000000000, 1.000000000000000000 ) ;
#5573 = CARTESIAN_POINT ( 'NONE',  ( 0.9837870730253228668, 2.151000000000000689, 0.1379272413878900039 ) ) ;
#5574 = CARTESIAN_POINT ( 'NONE',  ( -0.8432466681890889992, 2.149999999999999911, -0.08859542915516649408 ) ) ;
#5575 = EDGE_CURVE ( 'NONE', #6014, #5805, #4165, .T. ) ;
#5576 = CARTESIAN_POINT ( 'NONE',  ( -0.2092171180314622569, 2.150000000000000355, -0.1648898872949465522 ) ) ;
#5577 = ORIENTED_EDGE ( 'NONE', *, *, #6071, .T. ) ;
#5578 = CARTESIAN_POINT ( 'NONE',  ( 0.02353822956010099415, 2.151000000000000689, 0.07705499450965633268 ) ) ;
#5579 = ORIENTED_EDGE ( 'NONE', *, *, #6181, .F. ) ;
#5580 = SURFACE_STYLE_FILL_AREA ( #121 ) ;
#5581 = LINE ( 'NONE', #9394, #9891 ) ;
#5582 =( GEOMETRIC_REPRESENTATION_CONTEXT ( 3 ) GLOBAL_UNCERTAINTY_ASSIGNED_CONTEXT ( ( #5269 ) ) GLOBAL_UNIT_ASSIGNED_CONTEXT ( ( #10989, #10076, #744 ) ) REPRESENTATION_CONTEXT ( 'NONE', 'WORKASPACE' ) );
#5583 = DIRECTION ( 'NONE',  ( 0.000000000000000000, 0.000000000000000000, -1.000000000000000000 ) ) ;
#5584 = UNCERTAINTY_MEASURE_WITH_UNIT (LENGTH_MEASURE( 1.000000000000000082E-05 ), #2298, 'distance_accuracy_value', 'NONE');
#5585 = CARTESIAN_POINT ( 'NONE',  ( -0.1988308685511614993, 2.151000000000000689, -0.1192736821850342438 ) ) ;
#5586 = PRESENTATION_LAYER_ASSIGNMENT (  '', '', ( #3804 ) ) ;
#5587 = DIRECTION ( 'NONE',  ( -0.007092178509963214215, 0.000000000000000000, 0.9999748501857348426 ) ) ;
#5588 = ORIENTED_EDGE ( 'NONE', *, *, #141, .F. ) ;
#5589 = CARTESIAN_POINT ( 'NONE',  ( -0.04924080970526975576, 2.150000000000000355, 0.2521583484536565889 ) ) ;
#5590 = DIRECTION ( 'NONE',  ( 1.188166764367676342E-16, -1.000000000000000000, -0.000000000000000000 ) ) ;
#5591 = EDGE_LOOP ( 'NONE', ( #10596, #7766, #979, #7150 ) ) ;
#5592 = PLANE ( 'NONE',  #6570 ) ;
#5593 = DIRECTION ( 'NONE',  ( 1.188166764367676342E-16, -1.000000000000000000, 0.000000000000000000 ) ) ;
#5594 = DIRECTION ( 'NONE',  ( -0.007092178509967527605, -0.000000000000000000, 0.9999748501857348426 ) ) ;
#5595 = MECHANICAL_DESIGN_GEOMETRIC_PRESENTATION_REPRESENTATION (  '', ( #2423 ), #6395 ) ;
#5596 = CARTESIAN_POINT ( 'NONE',  ( -0.3299657326324503814, 2.150000000000000355, -0.2120166705304243060 ) ) ;
#5597 = EDGE_CURVE ( 'NONE', #4585, #5278, #3603, .T. ) ;
#5598 = UNCERTAINTY_MEASURE_WITH_UNIT (LENGTH_MEASURE( 1.000000000000000082E-05 ), #9694, 'distance_accuracy_value', 'NONE');
#5599 = CARTESIAN_POINT ( 'NONE',  ( -0.2048219109967231444, 2.151000000000000689, 0.1903315222643007787 ) ) ;
#5600 = FILL_AREA_STYLE_COLOUR ( '', #2695 ) ;
#5601 = PLANE ( 'NONE',  #3462 ) ;
#5602 = LINE ( 'NONE', #10048, #3325 ) ;
#5603 = CARTESIAN_POINT ( 'NONE',  ( -0.4073350982703292655, 2.150000000000000355, 0.09718627178516882348 ) ) ;
#5604 = CARTESIAN_POINT ( 'NONE',  ( 0.1060066890988795862, 2.151000000000000689, -0.1301089662694245308 ) ) ;
#5605 = AXIS2_PLACEMENT_3D ( 'NONE', #6045, #9809, #606 ) ;
#5606 = ORIENTED_EDGE ( 'NONE', *, *, #8074, .F. ) ;
#5607 = LINE ( 'NONE', #1642, #4517 ) ;
#5608 = PRESENTATION_LAYER_ASSIGNMENT (  '', '', ( #8325 ) ) ;
#5609 = SURFACE_SIDE_STYLE ('',( #6661 ) ) ;
#5610 = CARTESIAN_POINT ( 'NONE',  ( -0.1921120626030452805, 2.150000000000000355, -0.1209936629295695759 ) ) ;
#5611 = CARTESIAN_POINT ( 'NONE',  ( -0.6947567487916576079, 2.149999999999999911, -0.08982981060039686716 ) ) ;
#5612 = ORIENTED_EDGE ( 'NONE', *, *, #5036, .T. ) ;
#5613 = EDGE_CURVE ( 'NONE', #8175, #7035, #4897, .T. ) ;
#5614 = CARTESIAN_POINT ( 'NONE',  ( 1.160911014477863379, 2.151000000000000689, -0.1659275319788961200 ) ) ;
#5615 = EDGE_LOOP ( 'NONE', ( #4404, #4854, #8789, #11308 ) ) ;
#5616 = EDGE_CURVE ( 'NONE', #7455, #1332, #458, .T. ) ;
#5617 = ORIENTED_EDGE ( 'NONE', *, *, #5922, .F. ) ;
#5618 = PRESENTATION_LAYER_ASSIGNMENT (  '', '', ( #8152 ) ) ;
#5619 = CARTESIAN_POINT ( 'NONE',  ( -0.01540638968073652915, 2.150000000000000355, 0.2536460551153438825 ) ) ;
#5620 = DIRECTION ( 'NONE',  ( 0.9999748501857348426, 1.188136882194235969E-16, 0.007092178509960126408 ) ) ;
#5621 = VERTEX_POINT ( 'NONE', #8765 ) ;
#5622 = LINE ( 'NONE', #9375, #3708 ) ;
#5623 = DIRECTION ( 'NONE',  ( 1.188166764367676342E-16, -1.000000000000000000, -0.000000000000000000 ) ) ;
#5624 = EDGE_LOOP ( 'NONE', ( #615, #9780, #4319, #5292 ) ) ;
#5625 = VECTOR ( 'NONE', #4745, 1000.000000000000000 ) ;
#5626 =( NAMED_UNIT ( * ) PLANE_ANGLE_UNIT ( ) SI_UNIT ( $, .RADIAN. ) );
#5627 = FILL_AREA_STYLE_COLOUR ( '', #2939 ) ;
#5628 =( LENGTH_UNIT ( ) NAMED_UNIT ( * ) SI_UNIT ( .MILLI., .METRE. ) );
#5629 = CARTESIAN_POINT ( 'NONE',  ( -0.06594393457482153331, 2.151000000000000689, -0.09763949769721640137 ) ) ;
#5630 = EDGE_CURVE ( 'NONE', #8410, #2675, #4227, .T. ) ;
#5631 = B_SPLINE_CURVE_WITH_KNOTS ( 'NONE', 3,
 ( #7534, #3669, #9163, #2659 ),
 .UNSPECIFIED., .F., .F.,
 ( 4, 4 ),
 ( 12.00000000000000000, 13.00000000000000000 ),
 .UNSPECIFIED. ) ;
#5632 = MECHANICAL_DESIGN_GEOMETRIC_PRESENTATION_REPRESENTATION (  '', ( #888 ), #9973 ) ;
#5633 = SURFACE_SIDE_STYLE ('',( #938 ) ) ;
#5634 = B_SPLINE_CURVE_WITH_KNOTS ( 'NONE', 3,
 ( #1157, #4004, #8796, #7864 ),
 .UNSPECIFIED., .F., .F.,
 ( 4, 4 ),
 ( 13.00000000000000000, 14.00000000000000000 ),
 .UNSPECIFIED. ) ;
#5635 = LINE ( 'NONE', #2083, #11587 ) ;
#5636 = UNCERTAINTY_MEASURE_WITH_UNIT (LENGTH_MEASURE( 1.000000000000000082E-05 ), #10698, 'distance_accuracy_value', 'NONE');
#5637 = DIRECTION ( 'NONE',  ( -0.007092178509963778868, -0.000000000000000000, 0.9999748501857348426 ) ) ;
#5638 = SURFACE_STYLE_USAGE ( .BOTH. , #6630 ) ;
#5639 = ORIENTED_EDGE ( 'NONE', *, *, #5876, .T. ) ;
#5640 = DIRECTION ( 'NONE',  ( 1.188166764367676342E-16, -1.000000000000000000, -0.000000000000000000 ) ) ;
#5641 = CARTESIAN_POINT ( 'NONE',  ( 0.5114124334668924687, 2.151000000000000689, 0.07095187897368937513 ) ) ;
#5642 = ORIENTED_EDGE ( 'NONE', *, *, #10222, .T. ) ;
#5643 = EDGE_CURVE ( 'NONE', #1468, #1589, #1556, .T. ) ;
#5644 = VECTOR ( 'NONE', #9852, 1000.000000000000000 ) ;
#5645 = CARTESIAN_POINT ( 'NONE',  ( -0.1584468758117805187, 2.151000000000000689, -0.1176355452096855686 ) ) ;
#5646 = VERTEX_POINT ( 'NONE', #7113 ) ;
#5647 = SURFACE_STYLE_USAGE ( .BOTH. , #11176 ) ;
#5648 = B_SPLINE_SURFACE_WITH_KNOTS ( 'NONE', 3, 1, ( 
 ( #347, #2437 ),
 ( #1511, #4368 ),
 ( #11847, #9987 ),
 ( #5291, #6733 ) ),
 .UNSPECIFIED., .F., .F., .F.,
 ( 4, 4 ),
 ( 2, 2 ),
 ( 6.000000000000000000, 7.000000000000000000 ),
 ( 0.000000000000000000, 1.000000000000000000 ),
 .UNSPECIFIED. ) ;
#5649 = LINE ( 'NONE', #10150, #11901 ) ;
#5650 = ORIENTED_EDGE ( 'NONE', *, *, #9918, .F. ) ;
#5651 = SURFACE_SIDE_STYLE ('',( #10379 ) ) ;
#5652 =( LENGTH_UNIT ( ) NAMED_UNIT ( * ) SI_UNIT ( .MILLI., .METRE. ) );
#5653 = MECHANICAL_DESIGN_GEOMETRIC_PRESENTATION_REPRESENTATION (  '', ( #1698 ), #914 ) ;
#5654 = MECHANICAL_DESIGN_GEOMETRIC_PRESENTATION_REPRESENTATION (  '', ( #3471 ), #8576 ) ;
#5655 = SURFACE_SIDE_STYLE ('',( #2783 ) ) ;
#5656 = ORIENTED_EDGE ( 'NONE', *, *, #10160, .F. ) ;
#5657 = EDGE_CURVE ( 'NONE', #1911, #9503, #6138, .T. ) ;
#5658 = COLOUR_RGB ( '',1.000000000000000000, 1.000000000000000000, 1.000000000000000000 ) ;
#5659 = CARTESIAN_POINT ( 'NONE',  ( -0.8466748356804316700, 2.151000000000000245, -0.07437470122975302356 ) ) ;
#5660 = FACE_OUTER_BOUND ( 'NONE', #4924, .T. ) ;
#5661 = CARTESIAN_POINT ( 'NONE',  ( -0.1650686966184464199, 2.150000000000000355, -0.2248842468019379981 ) ) ;
#5662 = CARTESIAN_POINT ( 'NONE',  ( 0.9289024847280283881, 2.150000000000000355, 0.1288618335580221652 ) ) ;
#5663 = CARTESIAN_POINT ( 'NONE',  ( -0.4301479383248553723, 2.151000000000000689, -0.2488077055997019171 ) ) ;
#5664 =( NAMED_UNIT ( * ) SI_UNIT ( $, .STERADIAN. ) SOLID_ANGLE_UNIT ( ) );
#5665 = CARTESIAN_POINT ( 'NONE',  ( -0.7166526795886228873, 2.151000000000000245, -0.1472772064305161166 ) ) ;
#5666 = LINE ( 'NONE', #9074, #3547 ) ;
#5667 = CARTESIAN_POINT ( 'NONE',  ( 3.670000000000000373, -1.600000000000000311, 0.000000000000000000 ) ) ;
#5668 = ORIENTED_EDGE ( 'NONE', *, *, #6461, .F. ) ;
#5669 = ORIENTED_EDGE ( 'NONE', *, *, #8463, .F. ) ;
#5670 = CARTESIAN_POINT ( 'NONE',  ( 1.199644027853166373, 2.151000000000000689, -0.1222721726524450547 ) ) ;
#5671 = ORIENTED_EDGE ( 'NONE', *, *, #430, .T. ) ;
#5672 =( NAMED_UNIT ( * ) PLANE_ANGLE_UNIT ( ) SI_UNIT ( $, .RADIAN. ) );
#5673 = EDGE_LOOP ( 'NONE', ( #1657, #4248, #4653, #8890 ) ) ;
#5674 =( NAMED_UNIT ( * ) SI_UNIT ( $, .STERADIAN. ) SOLID_ANGLE_UNIT ( ) );
#5675 = SURFACE_STYLE_USAGE ( .BOTH. , #1953 ) ;
#5676 =( GEOMETRIC_REPRESENTATION_CONTEXT ( 3 ) GLOBAL_UNCERTAINTY_ASSIGNED_CONTEXT ( ( #9148 ) ) GLOBAL_UNIT_ASSIGNED_CONTEXT ( ( #11228, #8455, #11569 ) ) REPRESENTATION_CONTEXT ( 'NONE', 'WORKASPACE' ) );
#5677 = ORIENTED_EDGE ( 'NONE', *, *, #5657, .F. ) ;
#5678 = SURFACE_STYLE_FILL_AREA ( #3571 ) ;
#5679 = ORIENTED_EDGE ( 'NONE', *, *, #9149, .F. ) ;
#5680 = SURFACE_STYLE_USAGE ( .BOTH. , #4928 ) ;
#5681 = PRESENTATION_STYLE_ASSIGNMENT (( #1225 ) ) ;
#5682 = VECTOR ( 'NONE', #1196, 1000.000000000000114 ) ;
#5683 = CARTESIAN_POINT ( 'NONE',  ( -0.2336961527973537012, 2.151000000000000689, -0.2393040837074693061 ) ) ;
#5684 = ORIENTED_EDGE ( 'NONE', *, *, #8518, .T. ) ;
#5685 = VECTOR ( 'NONE', #7298, 1000.000000000000000 ) ;
#5686 = CARTESIAN_POINT ( 'NONE',  ( -0.1598870076105759208, 2.151000000000000689, -0.1638121716996010779 ) ) ;
#5687 = CARTESIAN_POINT ( 'NONE',  ( 0.5114124334668924687, 2.151000000000000689, 0.07095187897368937513 ) ) ;
#5688 = B_SPLINE_CURVE_WITH_KNOTS ( 'NONE', 3,
 ( #6306, #8171, #6368, #4561 ),
 .UNSPECIFIED., .F., .F.,
 ( 4, 4 ),
 ( 4.000000000000000000, 5.000000000000000000 ),
 .UNSPECIFIED. ) ;
#5689 = FILL_AREA_STYLE ('',( #1901 ) ) ;
#5690 = STYLED_ITEM ( 'NONE', ( #9414 ), #7852 ) ;
#5691 =( GEOMETRIC_REPRESENTATION_CONTEXT ( 3 ) GLOBAL_UNCERTAINTY_ASSIGNED_CONTEXT ( ( #1868 ) ) GLOBAL_UNIT_ASSIGNED_CONTEXT ( ( #6037, #6169, #10779 ) ) REPRESENTATION_CONTEXT ( 'NONE', 'WORKASPACE' ) );
#5692 = LINE ( 'NONE', #10543, #1760 ) ;
#5693 =( LENGTH_UNIT ( ) NAMED_UNIT ( * ) SI_UNIT ( .MILLI., .METRE. ) );
#5694 = EDGE_CURVE ( 'NONE', #4044, #7705, #8742, .T. ) ;
#5695 = VERTEX_POINT ( 'NONE', #5276 ) ;
#5696 = CARTESIAN_POINT ( 'NONE',  ( 0.7770160928361199426, 2.150000000000000355, 0.3403499894072637422 ) ) ;
#5697 = EDGE_CURVE ( 'NONE', #10878, #12104, #2528, .T. ) ;
#5698 =( GEOMETRIC_REPRESENTATION_CONTEXT ( 3 ) GLOBAL_UNCERTAINTY_ASSIGNED_CONTEXT ( ( #5733 ) ) GLOBAL_UNIT_ASSIGNED_CONTEXT ( ( #3760, #104, #7504 ) ) REPRESENTATION_CONTEXT ( 'NONE', 'WORKASPACE' ) );
#5699 = FACE_OUTER_BOUND ( 'NONE', #7733, .T. ) ;
#5700 = ADVANCED_FACE ( 'NONE', ( #7053 ), #580, .F. ) ;
#5701 = FILL_AREA_STYLE ('',( #2538 ) ) ;
#5702 = CARTESIAN_POINT ( 'NONE',  ( 0.02337378604298410295, 2.150000000000000355, 0.1002410129047179715 ) ) ;
#5703 = VECTOR ( 'NONE', #10252, 1000.000000000000114 ) ;
#5704 = DIRECTION ( 'NONE',  ( 1.188166764367676342E-16, -1.000000000000000000, -0.000000000000000000 ) ) ;
#5705 = FACE_OUTER_BOUND ( 'NONE', #6949, .T. ) ;
#5706 = PLANE ( 'NONE',  #11757 ) ;
#5707 = ORIENTED_EDGE ( 'NONE', *, *, #11285, .T. ) ;
#5708 = FACE_OUTER_BOUND ( 'NONE', #5242, .T. ) ;
#5709 = CARTESIAN_POINT ( 'NONE',  ( -0.2775511480698864553, 2.151000000000000689, 0.1898157005592643332 ) ) ;
#5710 = PRESENTATION_LAYER_ASSIGNMENT (  '', '', ( #10041 ) ) ;
#5711 = EDGE_LOOP ( 'NONE', ( #8548, #1648, #3243, #7799 ) ) ;
#5712 = FILL_AREA_STYLE ('',( #3789 ) ) ;
#5713 = MECHANICAL_DESIGN_GEOMETRIC_PRESENTATION_REPRESENTATION (  '', ( #2336 ), #1945 ) ;
#5714 = CARTESIAN_POINT ( 'NONE',  ( 0.01452646803043681871, 2.151000000000000689, 0.1748347605559805173 ) ) ;
#5715 = EDGE_CURVE ( 'NONE', #5549, #9179, #957, .T. ) ;
#5716 = B_SPLINE_CURVE_WITH_KNOTS ( 'NONE', 3,
 ( #6006, #6197, #8009, #9960 ),
 .UNSPECIFIED., .F., .F.,
 ( 4, 4 ),
 ( 3.000000000000000000, 4.000000000000000000 ),
 .UNSPECIFIED. ) ;
#5717 = DIRECTION ( 'NONE',  ( 1.188166764367676342E-16, -1.000000000000000000, -0.000000000000000000 ) ) ;
#5718 = FACE_OUTER_BOUND ( 'NONE', #4444, .T. ) ;
#5719 =( GEOMETRIC_REPRESENTATION_CONTEXT ( 3 ) GLOBAL_UNCERTAINTY_ASSIGNED_CONTEXT ( ( #928 ) ) GLOBAL_UNIT_ASSIGNED_CONTEXT ( ( #5406, #4537, #2533 ) ) REPRESENTATION_CONTEXT ( 'NONE', 'WORKASPACE' ) );
#5720 = VECTOR ( 'NONE', #1545, 1000.000000000000000 ) ;
#5721 = UNCERTAINTY_MEASURE_WITH_UNIT (LENGTH_MEASURE( 1.000000000000000082E-05 ), #7326, 'distance_accuracy_value', 'NONE');
#5722 = CARTESIAN_POINT ( 'NONE',  ( -0.2680511645167065193, 2.151000000000000689, -0.3139962808861923027 ) ) ;
#5723 = SURFACE_SIDE_STYLE ('',( #7779 ) ) ;
#5724 = FILL_AREA_STYLE ('',( #6652 ) ) ;
#5725 = CARTESIAN_POINT ( 'NONE',  ( 3.650000000000000355, -1.800000000000000044, -1.750000000000000000 ) ) ;
#5726 = VECTOR ( 'NONE', #8901, 1000.000000000000114 ) ;
#5727 = CARTESIAN_POINT ( 'NONE',  ( -0.09140665061452250828, 2.151000000000000689, -0.2239458956568591286 ) ) ;
#5728 = ADVANCED_FACE ( 'NONE', ( #9383 ), #9979, .F. ) ;
#5729 = VECTOR ( 'NONE', #2003, 1000.000000000000114 ) ;
#5730 = CARTESIAN_POINT ( 'NONE',  ( -0.2240347612523697907, 2.151000000000000689, -0.2234308438569110045 ) ) ;
#5731 = CARTESIAN_POINT ( 'NONE',  ( -0.7141023987052347310, 2.150000000000000355, -0.07437025585304256337 ) ) ;
#5732 = CARTESIAN_POINT ( 'NONE',  ( -0.1382613892603360428, 2.151000000000000689, 0.2469519328412659587 ) ) ;
#5733 = UNCERTAINTY_MEASURE_WITH_UNIT (LENGTH_MEASURE( 1.000000000000000082E-05 ), #3760, 'distance_accuracy_value', 'NONE');
#5734 = CARTESIAN_POINT ( 'NONE',  ( -0.1048022809169449343, 2.151000000000000689, 0.09610861188694691526 ) ) ;
#5735 = ORIENTED_EDGE ( 'NONE', *, *, #8160, .F. ) ;
#5736 = VERTEX_POINT ( 'NONE', #112 ) ;
#5737 = STYLED_ITEM ( 'NONE', ( #3904 ), #6429 ) ;
#5738 =( NAMED_UNIT ( * ) SI_UNIT ( $, .STERADIAN. ) SOLID_ANGLE_UNIT ( ) );
#5739 = COLOUR_RGB ( '',1.000000000000000000, 1.000000000000000000, 1.000000000000000000 ) ;
#5740 = VERTEX_POINT ( 'NONE', #5865 ) ;
#5741 = CARTESIAN_POINT ( 'NONE',  ( -0.5960003498453940729, 2.149999999999999911, 0.2432895711466760424 ) ) ;
#5742 = CARTESIAN_POINT ( 'NONE',  ( 0.3878605918180507706, 2.151000000000000689, -0.04271421969628785842 ) ) ;
#5743 = DIRECTION ( 'NONE',  ( 0.007092178509963644427, 0.000000000000000000, -0.9999748501857348426 ) ) ;
#5744 = VERTEX_POINT ( 'NONE', #4989 ) ;
#5745 = CARTESIAN_POINT ( 'NONE',  ( -0.08468347123331373960, 2.150000000000000355, 0.09625130166525268371 ) ) ;
#5746 = DIRECTION ( 'NONE',  ( -0.000000000000000000, -0.000000000000000000, -1.000000000000000000 ) ) ;
#5747 = ORIENTED_EDGE ( 'NONE', *, *, #6906, .T. ) ;
#5748 = CARTESIAN_POINT ( 'NONE',  ( -0.02833369423768321294, 2.151000000000000689, 0.08250989108773376657 ) ) ;
#5749 = VERTEX_POINT ( 'NONE', #5933 ) ;
#5750 = CARTESIAN_POINT ( 'NONE',  ( -0.1750803625498582872, 2.151000000000000689, -0.1767092724160521933 ) ) ;
#5751 = B_SPLINE_SURFACE_WITH_KNOTS ( 'NONE', 3, 1, ( 
 ( #9493, #9865 ),
 ( #6168, #10902 ),
 ( #5168, #5921 ),
 ( #8971, #3244 ) ),
 .UNSPECIFIED., .F., .F., .F.,
 ( 4, 4 ),
 ( 2, 2 ),
 ( 34.00000000000000000, 35.00000000000000000 ),
 ( 0.000000000000000000, 1.000000000000000000 ),
 .UNSPECIFIED. ) ;
#5752 = EDGE_CURVE ( 'NONE', #2142, #6857, #9626, .T. ) ;
#5753 = VECTOR ( 'NONE', #12045, 1000.000000000000000 ) ;
#5754 =( NAMED_UNIT ( * ) SI_UNIT ( $, .STERADIAN. ) SOLID_ANGLE_UNIT ( ) );
#5755 = ORIENTED_EDGE ( 'NONE', *, *, #3023, .F. ) ;
#5756 = FILL_AREA_STYLE_COLOUR ( '', #3187 ) ;
#5757 = CARTESIAN_POINT ( 'NONE',  ( 0.4890566366623348982, 2.151000000000000689, -0.2429937398890479605 ) ) ;
#5758 = CARTESIAN_POINT ( 'NONE',  ( 0.03327745202503021305, 2.150000000000000355, -0.1306247879744658336 ) ) ;
#5759 = EDGE_CURVE ( 'NONE', #1454, #4933, #1166, .T. ) ;
#5760 = EDGE_CURVE ( 'NONE', #5646, #5015, #7570, .T. ) ;
#5761 = SURFACE_STYLE_FILL_AREA ( #1118 ) ;
#5762 = EDGE_CURVE ( 'NONE', #3526, #11905, #658, .T. ) ;
#5763 = DIRECTION ( 'NONE',  ( -0.9999748501857348426, 0.000000000000000000, -0.007092178509964866540 ) ) ;
#5764 = UNCERTAINTY_MEASURE_WITH_UNIT (LENGTH_MEASURE( 1.000000000000000082E-05 ), #304, 'distance_accuracy_value', 'NONE');
#5765 = ORIENTED_EDGE ( 'NONE', *, *, #6020, .T. ) ;
#5766 = FILL_AREA_STYLE_COLOUR ( '', #11320 ) ;
#5767 = ORIENTED_EDGE ( 'NONE', *, *, #7495, .F. ) ;
#5768 = COLOUR_RGB ( '',1.000000000000000000, 1.000000000000000000, 1.000000000000000000 ) ;
#5769 = CARTESIAN_POINT ( 'NONE',  ( -0.06340580595147962684, 2.150000000000000355, -0.1183131993103883756 ) ) ;
#5770 = AXIS2_PLACEMENT_3D ( 'NONE', #2693, #1662, #1600 ) ;
#5771 = SURFACE_SIDE_STYLE ('',( #11400 ) ) ;
#5772 = LINE ( 'NONE', #10203, #6805 ) ;
#5773 = CARTESIAN_POINT ( 'NONE',  ( 0.4400070412800634045, 2.151000000000000689, 0.1485307119745221671 ) ) ;
#5774 = PRESENTATION_LAYER_ASSIGNMENT (  '', '', ( #6765 ) ) ;
#5775 = ADVANCED_FACE ( 'NONE', ( #1226 ), #1282, .T. ) ;
#5776 = CARTESIAN_POINT ( 'NONE',  ( 0.1307865612851951131, 2.151000000000000689, 0.07781563795318785504 ) ) ;
#5777 = FILL_AREA_STYLE ('',( #5600 ) ) ;
#5778 = LINE ( 'NONE', #1077, #7261 ) ;
#5779 = PRESENTATION_STYLE_ASSIGNMENT (( #7723 ) ) ;
#5780 = VERTEX_POINT ( 'NONE', #2817 ) ;
#5781 = CARTESIAN_POINT ( 'NONE',  ( -0.4642585817192438347, 2.151000000000000689, 0.1771578584808927992 ) ) ;
#5782 = CARTESIAN_POINT ( 'NONE',  ( -0.7095342110240795419, 2.149999999999999911, -0.1027239616573451808 ) ) ;
#5783 = DIRECTION ( 'NONE',  ( 0.000000000000000000, 0.000000000000000000, -1.000000000000000000 ) ) ;
#5784 = CARTESIAN_POINT ( 'NONE',  ( 0.5222621649298938573, 2.150000000000000355, 0.1722504767866591957 ) ) ;
#5785 = CARTESIAN_POINT ( 'NONE',  ( -0.2942885406846343921, 2.150000000000000355, -0.2944264684547766575 ) ) ;
#5786 = CARTESIAN_POINT ( 'NONE',  ( -0.09234130888384635416, 2.151000000000000689, -0.1874561038459374995 ) ) ;
#5787 = VERTEX_POINT ( 'NONE', #11373 ) ;
#5788 =( NAMED_UNIT ( * ) SI_UNIT ( $, .STERADIAN. ) SOLID_ANGLE_UNIT ( ) );
#5789 = EDGE_LOOP ( 'NONE', ( #4145, #6965, #7557, #9200, #9105, #2252, #8089, #1859, #3895, #4878, #2648, #5240, #6935, #6575 ) ) ;
#5790 = EDGE_CURVE ( 'NONE', #2764, #164, #10595, .T. ) ;
#5791 = MECHANICAL_DESIGN_GEOMETRIC_PRESENTATION_REPRESENTATION (  '', ( #6412 ), #7543 ) ;
#5792 = LINE ( 'NONE', #6837, #2108 ) ;
#5793 = VERTEX_POINT ( 'NONE', #4754 ) ;
#5794 = CARTESIAN_POINT ( 'NONE',  ( 0.9837870730253228668, 2.150000000000000355, 0.1379272413878900039 ) ) ;
#5795 = CARTESIAN_POINT ( 'NONE',  ( -0.3368784740510142317, 2.150000000000000355, -0.2122736549726954025 ) ) ;
#5796 = ORIENTED_EDGE ( 'NONE', *, *, #2789, .T. ) ;
#5797 = CARTESIAN_POINT ( 'NONE',  ( -0.4136689782939800830, 2.150000000000000355, 0.07395416496042514498 ) ) ;
#5798 = VERTEX_POINT ( 'NONE', #49 ) ;
#5799 = SURFACE_SIDE_STYLE ('',( #10533 ) ) ;
#5800 = VERTEX_POINT ( 'NONE', #3827 ) ;
#5801 = DIRECTION ( 'NONE',  ( 0.000000000000000000, 0.000000000000000000, -1.000000000000000000 ) ) ;
#5802 = VECTOR ( 'NONE', #845, 1000.000000000000114 ) ;
#5803 = LINE ( 'NONE', #11435, #9180 ) ;
#5804 = CARTESIAN_POINT ( 'NONE',  ( -0.6361995749045132875, 2.150000000000000355, -0.07028247539768930907 ) ) ;
#5805 = VERTEX_POINT ( 'NONE', #1961 ) ;
#5806 = COLOUR_RGB ( '',1.000000000000000000, 1.000000000000000000, 1.000000000000000000 ) ;
#5807 = LINE ( 'NONE', #1105, #6524 ) ;
#5808 = CARTESIAN_POINT ( 'NONE',  ( -0.6360462274215695766, 2.151000000000000245, 0.1280054337157601196 ) ) ;
#5809 = VECTOR ( 'NONE', #7694, 1000.000000000000000 ) ;
#5810 = ORIENTED_EDGE ( 'NONE', *, *, #5546, .T. ) ;
#5811 = CARTESIAN_POINT ( 'NONE',  ( 1.670000000000000373, 1.800000000000000044, -1.750000000000001110 ) ) ;
#5812 = EDGE_CURVE ( 'NONE', #9403, #11976, #10088, .T. ) ;
#5813 = UNCERTAINTY_MEASURE_WITH_UNIT (LENGTH_MEASURE( 1.000000000000000082E-05 ), #4093, 'distance_accuracy_value', 'NONE');
#5814 = LINE ( 'NONE', #5702, #3291 ) ;
#5815 =( GEOMETRIC_REPRESENTATION_CONTEXT ( 3 ) GLOBAL_UNCERTAINTY_ASSIGNED_CONTEXT ( ( #2761 ) ) GLOBAL_UNIT_ASSIGNED_CONTEXT ( ( #9868, #3489, #8043 ) ) REPRESENTATION_CONTEXT ( 'NONE', 'WORKASPACE' ) );
#5816 = CARTESIAN_POINT ( 'NONE',  ( 0.02704531900900807723, 2.151000000000000689, -0.06557850591027368503 ) ) ;
#5817 = CARTESIAN_POINT ( 'NONE',  ( -0.3088860829701925437, 2.151000000000000689, -0.2740462533201795114 ) ) ;
#5818 = CARTESIAN_POINT ( 'NONE',  ( 0.02337378604298431806, 2.150000000000000355, 0.1002410129047179993 ) ) ;
#5819 = EDGE_LOOP ( 'NONE', ( #3643, #10177, #6232, #273 ) ) ;
#5820 =( LENGTH_UNIT ( ) NAMED_UNIT ( * ) SI_UNIT ( .MILLI., .METRE. ) );
#5821 = EDGE_LOOP ( 'NONE', ( #11207, #5000, #6314, #5796, #4257, #4857 ) ) ;
#5822 = PLANE ( 'NONE',  #646 ) ;
#5823 = CARTESIAN_POINT ( 'NONE',  ( -0.6682332718973528207, 2.151000000000000245, -0.04711452830872163433 ) ) ;
#5824 = EDGE_CURVE ( 'NONE', #3625, #2565, #6736, .T. ) ;
#5825 = CARTESIAN_POINT ( 'NONE',  ( -0.1009309085204929124, 2.150000000000000355, -0.09788763780264009284 ) ) ;
#5826 = ADVANCED_FACE ( 'NONE', ( #1284 ), #4152, .F. ) ;
#5827 = CARTESIAN_POINT ( 'NONE',  ( 0.7125636461717117509, 2.151000000000000689, 0.2531314573857857964 ) ) ;
#5828 = DIRECTION ( 'NONE',  ( -0.9999748501857348426, -0.000000000000000000, -0.007092178509963953208 ) ) ;
#5829 = PLANE ( 'NONE',  #1988 ) ;
#5830 = UNCERTAINTY_MEASURE_WITH_UNIT (LENGTH_MEASURE( 1.000000000000000082E-05 ), #5051, 'distance_accuracy_value', 'NONE');
#5831 = FACE_OUTER_BOUND ( 'NONE', #2428, .T. ) ;
#5832 = B_SPLINE_CURVE_WITH_KNOTS ( 'NONE', 3,
 ( #6644, #11398, #4893, #8458 ),
 .UNSPECIFIED., .F., .F.,
 ( 4, 4 ),
 ( 0.000000000000000000, 1.000000000000000000 ),
 .UNSPECIFIED. ) ;
#5833 = CARTESIAN_POINT ( 'NONE',  ( -0.01938205406612970860, 2.151000000000000689, 0.1324830145157349925 ) ) ;
#5834 = SURFACE_STYLE_USAGE ( .BOTH. , #4105 ) ;
#5835 = B_SPLINE_CURVE_WITH_KNOTS ( 'NONE', 3,
 ( #2738, #3684, #7440, #8225 ),
 .UNSPECIFIED., .F., .F.,
 ( 4, 4 ),
 ( 5.000000000000000000, 6.000000000000000000 ),
 .UNSPECIFIED. ) ;
#5836 = STYLED_ITEM ( 'NONE', ( #9003 ), #8702 ) ;
#5837 = VERTEX_POINT ( 'NONE', #11801 ) ;
#5838 = CARTESIAN_POINT ( 'NONE',  ( -0.1519518509115981297, 2.151000000000000689, -0.2417396977382124668 ) ) ;
#5839 = DIRECTION ( 'NONE',  ( 1.188166764367676342E-16, -1.000000000000000000, 0.000000000000000000 ) ) ;
#5840 =( NAMED_UNIT ( * ) SI_UNIT ( $, .STERADIAN. ) SOLID_ANGLE_UNIT ( ) );
#5841 = EDGE_CURVE ( 'NONE', #8357, #7003, #7122, .T. ) ;
#5842 = EDGE_CURVE ( 'NONE', #4369, #4173, #2256, .T. ) ;
#5843 = B_SPLINE_SURFACE_WITH_KNOTS ( 'NONE', 3, 1, ( 
 ( #3486, #2786 ),
 ( #5833, #6596 ),
 ( #2053, #4727 ),
 ( #958, #2975 ) ),
 .UNSPECIFIED., .F., .F., .F.,
 ( 4, 4 ),
 ( 2, 2 ),
 ( 10.00000000000000000, 11.00000000000000000 ),
 ( 0.000000000000000000, 1.000000000000000000 ),
 .UNSPECIFIED. ) ;
#5844 = CARTESIAN_POINT ( 'NONE',  ( -0.8884403252923248617, 2.151000000000000245, -0.1964296311970459841 ) ) ;
#5845 =( LENGTH_UNIT ( ) NAMED_UNIT ( * ) SI_UNIT ( .MILLI., .METRE. ) );
#5846 = ORIENTED_EDGE ( 'NONE', *, *, #650, .T. ) ;
#5847 =( GEOMETRIC_REPRESENTATION_CONTEXT ( 3 ) GLOBAL_UNCERTAINTY_ASSIGNED_CONTEXT ( ( #4725 ) ) GLOBAL_UNIT_ASSIGNED_CONTEXT ( ( #5845, #1206, #6829 ) ) REPRESENTATION_CONTEXT ( 'NONE', 'WORKASPACE' ) );
#5848 = CARTESIAN_POINT ( 'NONE',  ( -0.1382613892603360428, 2.150000000000000355, 0.2469519328412659587 ) ) ;
#5849 = ORIENTED_EDGE ( 'NONE', *, *, #5812, .F. ) ;
#5850 = MECHANICAL_DESIGN_GEOMETRIC_PRESENTATION_REPRESENTATION (  '', ( #2088 ), #7458 ) ;
#5851 = ORIENTED_EDGE ( 'NONE', *, *, #11795, .T. ) ;
#5852 = SURFACE_SIDE_STYLE ('',( #7502 ) ) ;
#5853 = DIRECTION ( 'NONE',  ( 0.007092178509966672387, -0.000000000000000000, -0.9999748501857348426 ) ) ;
#5854 = CARTESIAN_POINT ( 'NONE',  ( -0.8456435830242839957, 2.149999999999999911, -0.08050211321131045539 ) ) ;
#5855 = CARTESIAN_POINT ( 'NONE',  ( 0.02353822956010099415, 2.151000000000000689, 0.07705499450965633268 ) ) ;
#5856 = ORIENTED_EDGE ( 'NONE', *, *, #2434, .T. ) ;
#5857 = CARTESIAN_POINT ( 'NONE',  ( 0.8530978292671465013, 2.150000000000000355, -0.1926931192775404311 ) ) ;
#5858 = ORIENTED_EDGE ( 'NONE', *, *, #9990, .T. ) ;
#5859 = FILL_AREA_STYLE ('',( #8668 ) ) ;
#5860 = AXIS2_PLACEMENT_3D ( 'NONE', #3544, #10105, #10262 ) ;
#5861 = VERTEX_POINT ( 'NONE', #5115 ) ;
#5862 = ADVANCED_FACE ( 'NONE', ( #7087 ), #7937, .F. ) ;
#5863 = CARTESIAN_POINT ( 'NONE',  ( -0.09041529494550032409, 2.150000000000000355, 0.2593527695899005003 ) ) ;
#5864 = PLANE ( 'NONE',  #714 ) ;
#5865 = CARTESIAN_POINT ( 'NONE',  ( -0.2839491994334661928, 2.150000000000000355, 0.2782559473715932041 ) ) ;
#5866 = EDGE_LOOP ( 'NONE', ( #1364, #5047, #7163, #10692, #2710, #326, #3753, #5558, #2198, #11365, #5904, #6251 ) ) ;
#5867 = FILL_AREA_STYLE_COLOUR ( '', #11839 ) ;
#5868 = CARTESIAN_POINT ( 'NONE',  ( -0.03893227278817461279, 2.151000000000000689, -0.2263811456218288443 ) ) ;
#5869 = CARTESIAN_POINT ( 'NONE',  ( -0.8503688307904906374, 2.149999999999999911, -0.08864594207410317339 ) ) ;
#5870 = UNCERTAINTY_MEASURE_WITH_UNIT (LENGTH_MEASURE( 1.000000000000000082E-05 ), #12006, 'distance_accuracy_value', 'NONE');
#5871 = CARTESIAN_POINT ( 'NONE',  ( -3.649999999999997691, 1.599999999999999867, -0.4000000000000000222 ) ) ;
#5872 = ORIENTED_EDGE ( 'NONE', *, *, #50, .T. ) ;
#5873 = SURFACE_STYLE_USAGE ( .BOTH. , #9637 ) ;
#5874 = DIRECTION ( 'NONE',  ( 0.9999748501857348426, -0.000000000000000000, 0.007092178509963726826 ) ) ;
#5875 = B_SPLINE_CURVE_WITH_KNOTS ( 'NONE', 3,
 ( #6546, #9237, #4790, #783 ),
 .UNSPECIFIED., .F., .F.,
 ( 4, 4 ),
 ( 2.000000000000000000, 3.000000000000000000 ),
 .UNSPECIFIED. ) ;
#5876 = EDGE_CURVE ( 'NONE', #10607, #11561, #7025, .T. ) ;
#5877 = UNCERTAINTY_MEASURE_WITH_UNIT (LENGTH_MEASURE( 1.000000000000000082E-05 ), #6359, 'distance_accuracy_value', 'NONE');
#5878 = DIRECTION ( 'NONE',  ( 0.000000000000000000, 1.000000000000000000, 0.000000000000000000 ) ) ;
#5879 = EDGE_LOOP ( 'NONE', ( #6503, #5929, #9057, #4865 ) ) ;
#5880 = ORIENTED_EDGE ( 'NONE', *, *, #159, .F. ) ;
#5881 = VECTOR ( 'NONE', #5293, 1000.000000000000000 ) ;
#5882 = LINE ( 'NONE', #6692, #8658 ) ;
#5883 = VECTOR ( 'NONE', #9168, 1000.000000000000000 ) ;
#5884 = MECHANICAL_DESIGN_GEOMETRIC_PRESENTATION_REPRESENTATION (  '', ( #9428 ), #3305 ) ;
#5885 = CARTESIAN_POINT ( 'NONE',  ( -0.1845599917712082982, 2.151000000000000689, -0.1522376013544926854 ) ) ;
#5886 =( NAMED_UNIT ( * ) SI_UNIT ( $, .STERADIAN. ) SOLID_ANGLE_UNIT ( ) );
#5887 = EDGE_LOOP ( 'NONE', ( #3366, #7469, #10338, #2998 ) ) ;
#5888 = CARTESIAN_POINT ( 'NONE',  ( -0.4567124078855685498, 2.150000000000000355, 0.1320847501444628036 ) ) ;
#5889 = ORIENTED_EDGE ( 'NONE', *, *, #782, .F. ) ;
#5890 = CARTESIAN_POINT ( 'NONE',  ( -3.649999999999998579, 1.800000000000000044, 0.000000000000000000 ) ) ;
#5891 = SURFACE_STYLE_FILL_AREA ( #1252 ) ;
#5892 = SURFACE_SIDE_STYLE ('',( #1598 ) ) ;
#5893 = STYLED_ITEM ( 'NONE', ( #3401 ), #7430 ) ;
#5894 = CARTESIAN_POINT ( 'NONE',  ( 0.9513813708958780424, 2.151000000000000689, 0.2215666937922319835 ) ) ;
#5895 = FILL_AREA_STYLE_COLOUR ( '', #2490 ) ;
#5896 = SURFACE_STYLE_FILL_AREA ( #4958 ) ;
#5897 = ORIENTED_EDGE ( 'NONE', *, *, #5760, .F. ) ;
#5898 = DIRECTION ( 'NONE',  ( 0.007092178509963882951, 8.426690792501754134E-19, -0.9999748501857348426 ) ) ;
#5899 = ADVANCED_FACE ( 'NONE', ( #12031 ), #4441, .F. ) ;
#5900 = SURFACE_STYLE_USAGE ( .BOTH. , #5723 ) ;
#5901 = DIRECTION ( 'NONE',  ( -0.000000000000000000, -0.000000000000000000, 1.000000000000000000 ) ) ;
#5902 = COLOUR_RGB ( '',1.000000000000000000, 1.000000000000000000, 1.000000000000000000 ) ;
#5903 =( NAMED_UNIT ( * ) PLANE_ANGLE_UNIT ( ) SI_UNIT ( $, .RADIAN. ) );
#5904 = ORIENTED_EDGE ( 'NONE', *, *, #3522, .F. ) ;
#5905 = SURFACE_STYLE_USAGE ( .BOTH. , #9665 ) ;
#5906 = ORIENTED_EDGE ( 'NONE', *, *, #3100, .T. ) ;
#5907 = CARTESIAN_POINT ( 'NONE',  ( -0.3330001252222240526, 2.151000000000000689, -0.2239957082927976073 ) ) ;
#5908 = CARTESIAN_POINT ( 'NONE',  ( 0.02369497779594218964, 2.151000000000000689, -0.2455888896704679081 ) ) ;
#5909 = VECTOR ( 'NONE', #8242, 1000.000000000000000 ) ;
#5910 =( LENGTH_UNIT ( ) NAMED_UNIT ( * ) SI_UNIT ( .MILLI., .METRE. ) );
#5911 = VECTOR ( 'NONE', #4887, 1000.000000000000000 ) ;
#5912 = FILL_AREA_STYLE_COLOUR ( '', #7791 ) ;
#5913 =( NAMED_UNIT ( * ) SI_UNIT ( $, .STERADIAN. ) SOLID_ANGLE_UNIT ( ) );
#5914 = VECTOR ( 'NONE', #2788, 1000.000000000000000 ) ;
#5915 =( NAMED_UNIT ( * ) PLANE_ANGLE_UNIT ( ) SI_UNIT ( $, .RADIAN. ) );
#5916 = ORIENTED_EDGE ( 'NONE', *, *, #4686, .F. ) ;
#5917 = DIRECTION ( 'NONE',  ( 1.188166764367676342E-16, -1.000000000000000000, 0.000000000000000000 ) ) ;
#5918 = VERTEX_POINT ( 'NONE', #4380 ) ;
#5919 = EDGE_CURVE ( 'NONE', #512, #3391, #9241, .T. ) ;
#5920 =( GEOMETRIC_REPRESENTATION_CONTEXT ( 3 ) GLOBAL_UNCERTAINTY_ASSIGNED_CONTEXT ( ( #2535 ) ) GLOBAL_UNIT_ASSIGNED_CONTEXT ( ( #6061, #11969, #9821 ) ) REPRESENTATION_CONTEXT ( 'NONE', 'WORKASPACE' ) );
#5921 = CARTESIAN_POINT ( 'NONE',  ( 0.2985603074577533045, 2.150000000000000355, -0.09251233637093572715 ) ) ;
#5922 = EDGE_CURVE ( 'NONE', #10566, #5218, #11861, .T. ) ;
#5923 = ORIENTED_EDGE ( 'NONE', *, *, #11948, .T. ) ;
#5924 = DIRECTION ( 'NONE',  ( 1.188166764367676342E-16, -1.000000000000000000, -0.000000000000000000 ) ) ;
#5925 = VECTOR ( 'NONE', #6070, 1000.000000000000000 ) ;
#5926 = DIRECTION ( 'NONE',  ( 0.007092178509963830042, 8.426690792501691541E-19, -0.9999748501857348426 ) ) ;
#5927 = EDGE_LOOP ( 'NONE', ( #11047, #2282, #2688, #1917 ) ) ;
#5928 = CARTESIAN_POINT ( 'NONE',  ( -0.04579639820059405037, 2.150000000000000355, 0.1037016127255988435 ) ) ;
#5929 = ORIENTED_EDGE ( 'NONE', *, *, #4265, .F. ) ;
#5930 = ORIENTED_EDGE ( 'NONE', *, *, #3175, .T. ) ;
#5931 = B_SPLINE_SURFACE_WITH_KNOTS ( 'NONE', 3, 1, ( 
 ( #11251, #4795 ),
 ( #10283, #6777 ),
 ( #5670, #1880 ),
 ( #5614, #2921 ) ),
 .UNSPECIFIED., .F., .F., .F.,
 ( 4, 4 ),
 ( 2, 2 ),
 ( 7.000000000000000000, 8.000000000000000000 ),
 ( 0.000000000000000000, 1.000000000000000000 ),
 .UNSPECIFIED. ) ;
#5932 = CARTESIAN_POINT ( 'NONE',  ( 0.5665021801224641163, 2.150000000000000355, -0.1527910532409131328 ) ) ;
#5933 = CARTESIAN_POINT ( 'NONE',  ( -0.4576776305806097289, 2.151000000000000689, -0.06901633405737885030 ) ) ;
#5934 = ORIENTED_EDGE ( 'NONE', *, *, #9553, .F. ) ;
#5935 =( GEOMETRIC_REPRESENTATION_CONTEXT ( 3 ) GLOBAL_UNCERTAINTY_ASSIGNED_CONTEXT ( ( #379 ) ) GLOBAL_UNIT_ASSIGNED_CONTEXT ( ( #2934, #924, #238 ) ) REPRESENTATION_CONTEXT ( 'NONE', 'WORKASPACE' ) );
#5936 = FILL_AREA_STYLE_COLOUR ( '', #44 ) ;
#5937 = PRESENTATION_LAYER_ASSIGNMENT (  '', '', ( #1965 ) ) ;
#5938 = FACE_OUTER_BOUND ( 'NONE', #10401, .T. ) ;
#5939 = EDGE_CURVE ( 'NONE', #3083, #916, #4181, .T. ) ;
#5940 = SURFACE_STYLE_USAGE ( .BOTH. , #182 ) ;
#5941 = LINE ( 'NONE', #3958, #6501 ) ;
#5942 = CARTESIAN_POINT ( 'NONE',  ( -0.2927898087705994579, 2.151000000000000689, -0.1025756786078747124 ) ) ;
#5943 = FACE_OUTER_BOUND ( 'NONE', #10085, .T. ) ;
#5944 = LINE ( 'NONE', #11636, #667 ) ;
#5945 = VERTEX_POINT ( 'NONE', #9178 ) ;
#5946 = PRESENTATION_LAYER_ASSIGNMENT (  '', '', ( #4157 ) ) ;
#5947 = CARTESIAN_POINT ( 'NONE',  ( -0.0009625252939690633839, 2.151000000000000689, -0.2068758453878232206 ) ) ;
#5948 = CARTESIAN_POINT ( 'NONE',  ( -0.1078308020355851771, 2.150000000000000355, 0.2592292525983466711 ) ) ;
#5949 = VERTEX_POINT ( 'NONE', #6552 ) ;
#5950 = CARTESIAN_POINT ( 'NONE',  ( -0.06632145850057967473, 2.151000000000000689, -0.2496586057822151872 ) ) ;
#5951 = EDGE_CURVE ( 'NONE', #36, #6292, #11089, .T. ) ;
#5952 = CARTESIAN_POINT ( 'NONE',  ( -3.649999999999998579, 2.149999999999999911, -1.750000000000000000 ) ) ;
#5953 = SURFACE_SIDE_STYLE ('',( #7044 ) ) ;
#5954 = ORIENTED_EDGE ( 'NONE', *, *, #7282, .F. ) ;
#5955 = CARTESIAN_POINT ( 'NONE',  ( -3.649999999999997691, -1.800000000000000044, -1.750000000000000000 ) ) ;
#5956 = EDGE_LOOP ( 'NONE', ( #5954, #8247, #3586, #7010, #9565, #7983, #7978, #5588, #2257, #4286, #5975, #6036, #4077, #10068, #5650, #9766, #4904, #2808, #7773, #9212, #1313 ) ) ;
#5957 = CARTESIAN_POINT ( 'NONE',  ( -0.4423626509208923308, 2.151000000000000689, 0.2346052543110218880 ) ) ;
#5958 = CARTESIAN_POINT ( 'NONE',  ( 0.9563140132593602738, 2.151000000000000689, 0.1377323926434051993 ) ) ;
#5959 = DIRECTION ( 'NONE',  ( 1.188166764367676342E-16, -1.000000000000000000, -0.000000000000000000 ) ) ;
#5960 = FACE_OUTER_BOUND ( 'NONE', #7463, .T. ) ;
#5961 = VERTEX_POINT ( 'NONE', #3446 ) ;
#5962 = UNCERTAINTY_MEASURE_WITH_UNIT (LENGTH_MEASURE( 1.000000000000000082E-05 ), #321, 'distance_accuracy_value', 'NONE');
#5963 = DIRECTION ( 'NONE',  ( 1.188166764367676342E-16, -1.000000000000000000, -0.000000000000000000 ) ) ;
#5964 = STYLED_ITEM ( 'NONE', ( #2714 ), #10812 ) ;
#5965 = FACE_OUTER_BOUND ( 'NONE', #732, .T. ) ;
#5966 = PRESENTATION_LAYER_ASSIGNMENT (  '', '', ( #10101 ) ) ;
#5967 = PLANE ( 'NONE',  #6254 ) ;
#5968 = ORIENTED_EDGE ( 'NONE', *, *, #2451, .T. ) ;
#5969 = ORIENTED_EDGE ( 'NONE', *, *, #9289, .T. ) ;
#5970 =( LENGTH_UNIT ( ) NAMED_UNIT ( * ) SI_UNIT ( .MILLI., .METRE. ) );
#5971 = DIRECTION ( 'NONE',  ( -0.9999748501857348426, 0.000000000000000000, -0.007092178509964445002 ) ) ;
#5972 = ADVANCED_FACE ( 'NONE', ( #3621 ), #404, .T. ) ;
#5973 = SURFACE_SIDE_STYLE ('',( #530 ) ) ;
#5974 = MECHANICAL_DESIGN_GEOMETRIC_PRESENTATION_REPRESENTATION (  '', ( #11654 ), #5177 ) ;
#5975 = ORIENTED_EDGE ( 'NONE', *, *, #9972, .F. ) ;
#5976 = ORIENTED_EDGE ( 'NONE', *, *, #4633, .F. ) ;
#5977 = SURFACE_STYLE_FILL_AREA ( #2377 ) ;
#5978 = UNCERTAINTY_MEASURE_WITH_UNIT (LENGTH_MEASURE( 1.000000000000000082E-05 ), #11446, 'distance_accuracy_value', 'NONE');
#5979 = SURFACE_SIDE_STYLE ('',( #8662 ) ) ;
#5980 =( NAMED_UNIT ( * ) PLANE_ANGLE_UNIT ( ) SI_UNIT ( $, .RADIAN. ) );
#5981 = CARTESIAN_POINT ( 'NONE',  ( 0.9513813708958780424, 2.150000000000000355, 0.2215666937922319835 ) ) ;
#5982 = DIRECTION ( 'NONE',  ( 0.9999748501857348426, -0.000000000000000000, 0.007092178509974185474 ) ) ;
#5983 = ORIENTED_EDGE ( 'NONE', *, *, #3272, .T. ) ;
#5984 = FACE_OUTER_BOUND ( 'NONE', #4222, .T. ) ;
#5985 = VERTEX_POINT ( 'NONE', #2987 ) ;
#5986 = PLANE ( 'NONE',  #6779 ) ;
#5987 = VERTEX_POINT ( 'NONE', #2803 ) ;
#5988 = LINE ( 'NONE', #10787, #5215 ) ;
#5989 = CARTESIAN_POINT ( 'NONE',  ( -0.8472986747410672370, 2.151000000000000245, -0.07437912571900759384 ) ) ;
#5990 = FILL_AREA_STYLE ('',( #10659 ) ) ;
#5991 = EDGE_CURVE ( 'NONE', #10284, #10915, #11483, .T. ) ;
#5992 = EDGE_LOOP ( 'NONE', ( #3485, #7578, #11700, #5519 ) ) ;
#5993 = COLOUR_RGB ( '',1.000000000000000000, 1.000000000000000000, 1.000000000000000000 ) ;
#5994 = CARTESIAN_POINT ( 'NONE',  ( -0.5314186008615315870, 2.150000000000000355, 0.07311904261452341347 ) ) ;
#5995 = CARTESIAN_POINT ( 'NONE',  ( 0.4890566366623348982, 2.150000000000000355, -0.2429937398890479605 ) ) ;
#5996 = LINE ( 'NONE', #9886, #2161 ) ;
#5997 = MECHANICAL_DESIGN_GEOMETRIC_PRESENTATION_REPRESENTATION (  '', ( #11463 ), #7941 ) ;
#5998 = CARTESIAN_POINT ( 'NONE',  ( -0.1910984986219687320, 2.150000000000000355, -0.1832695399667357283 ) ) ;
#5999 = CARTESIAN_POINT ( 'NONE',  ( -0.01566146792690174469, 2.150000000000000355, -0.1355469301539373450 ) ) ;
#6000 = DIRECTION ( 'NONE',  ( 0.000000000000000000, -1.185846126156020721E-16, -1.000000000000000000 ) ) ;
#6001 = EDGE_LOOP ( 'NONE', ( #10578, #4488, #8747, #12185 ) ) ;
#6002 = AXIS2_PLACEMENT_3D ( 'NONE', #3508, #9000, #11871 ) ;
#6003 = FILL_AREA_STYLE_COLOUR ( '', #5362 ) ;
#6004 = EDGE_CURVE ( 'NONE', #2158, #7619, #6607, .T. ) ;
#6005 = UNCERTAINTY_MEASURE_WITH_UNIT (LENGTH_MEASURE( 1.000000000000000082E-05 ), #4083, 'distance_accuracy_value', 'NONE');
#6006 = CARTESIAN_POINT ( 'NONE',  ( 0.8873083122526428390, 2.151000000000000689, 0.2847373018349151907 ) ) ;
#6007 = VERTEX_POINT ( 'NONE', #10461 ) ;
#6008 = PRESENTATION_STYLE_ASSIGNMENT (( #2219 ) ) ;
#6009 = DIRECTION ( 'NONE',  ( 1.084202172485504434E-16, -0.000000000000000000, 1.000000000000000000 ) ) ;
#6010 = CARTESIAN_POINT ( 'NONE',  ( -0.1882794288555473261, 2.151000000000000689, -0.1555912899434750696 ) ) ;
#6011 =( NAMED_UNIT ( * ) PLANE_ANGLE_UNIT ( ) SI_UNIT ( $, .RADIAN. ) );
#6012 = CARTESIAN_POINT ( 'NONE',  ( -0.001154990576332434737, 2.150000000000000355, -0.1797388462800270648 ) ) ;
#6014 = VERTEX_POINT ( 'NONE', #10400 ) ;
#6013 = PRESENTATION_LAYER_ASSIGNMENT (  '', '', ( #2631 ) ) ;
#6015 = LINE ( 'NONE', #6206, #5464 ) ;
#6016 = ORIENTED_EDGE ( 'NONE', *, *, #11074, .F. ) ;
#6017 = ORIENTED_EDGE ( 'NONE', *, *, #5613, .T. ) ;
#6018 = CARTESIAN_POINT ( 'NONE',  ( -0.1584468758117805187, 2.150000000000000355, -0.1176355452096855686 ) ) ;
#6019 = COLOUR_RGB ( '',0.6784313725490196401, 0.5372549019607842924, 0.3882352941176470673 ) ;
#6020 = EDGE_CURVE ( 'NONE', #10337, #4312, #2101, .T. ) ;
#6021 = PRESENTATION_STYLE_ASSIGNMENT (( #6762 ) ) ;
#6022 = EDGE_LOOP ( 'NONE', ( #9377, #5190, #3769, #6234 ) ) ;
#6023 = FACE_OUTER_BOUND ( 'NONE', #8479, .T. ) ;
#6024 = CARTESIAN_POINT ( 'NONE',  ( 0.5665021801224641163, 2.150000000000000355, -0.1527910532409131328 ) ) ;
#6025 = B_SPLINE_SURFACE_WITH_KNOTS ( 'NONE', 3, 1, ( 
 ( #9239, #906 ),
 ( #2737, #6773 ),
 ( #6550, #7491 ),
 ( #4676, #3747 ) ),
 .UNSPECIFIED., .F., .F., .F.,
 ( 4, 4 ),
 ( 2, 2 ),
 ( 26.00000000000000000, 27.00000000000000000 ),
 ( 0.000000000000000000, 1.000000000000000000 ),
 .UNSPECIFIED. ) ;
#6026 = CARTESIAN_POINT ( 'NONE',  ( -0.1790519955207490466, 2.151000000000000689, -0.1445041345863072590 ) ) ;
#6027 = ORIENTED_EDGE ( 'NONE', *, *, #8717, .F. ) ;
#6028 = SURFACE_STYLE_FILL_AREA ( #11290 ) ;
#6029 = EDGE_CURVE ( 'NONE', #10850, #6372, #2060, .T. ) ;
#6030 = CARTESIAN_POINT ( 'NONE',  ( -0.01540638968073652915, 2.151000000000000689, 0.2536460551153438825 ) ) ;
#6031 = SURFACE_STYLE_FILL_AREA ( #9730 ) ;
#6032 = CARTESIAN_POINT ( 'NONE',  ( -0.2942885406846343921, 2.151000000000000689, -0.2944264684547766575 ) ) ;
#6033 = VERTEX_POINT ( 'NONE', #6665 ) ;
#6034 = COLOUR_RGB ( '',1.000000000000000000, 1.000000000000000000, 1.000000000000000000 ) ;
#6035 =( NAMED_UNIT ( * ) SI_UNIT ( $, .STERADIAN. ) SOLID_ANGLE_UNIT ( ) );
#6036 = ORIENTED_EDGE ( 'NONE', *, *, #8991, .F. ) ;
#6037 =( LENGTH_UNIT ( ) NAMED_UNIT ( * ) SI_UNIT ( .MILLI., .METRE. ) );
#6038 = STYLED_ITEM ( 'NONE', ( #5779 ), #2208 ) ;
#6039 = FILL_AREA_STYLE_COLOUR ( '', #11125 ) ;
#6040 = DIRECTION ( 'NONE',  ( 0.4987484692609965853, 0.000000000000000000, 0.8667467706370833858 ) ) ;
#6041 = CARTESIAN_POINT ( 'NONE',  ( 0.9629387110602004585, 2.151000000000000689, 0.2230946916268941316 ) ) ;
#6042 = DIRECTION ( 'NONE',  ( -0.007092178509962332976, -0.000000000000000000, 0.9999748501857348426 ) ) ;
#6043 = ORIENTED_EDGE ( 'NONE', *, *, #4265, .T. ) ;
#6044 = ORIENTED_EDGE ( 'NONE', *, *, #701, .T. ) ;
#6045 = CARTESIAN_POINT ( 'NONE',  ( -0.5363432973049192531, 2.151000000000000689, -0.04617911753983044293 ) ) ;
#6046 = VERTEX_POINT ( 'NONE', #5786 ) ;
#6047 = PLANE ( 'NONE',  #11471 ) ;
#6048 = PRESENTATION_LAYER_ASSIGNMENT (  '', '', ( #7024 ) ) ;
#6049 = FILL_AREA_STYLE ('',( #4260 ) ) ;
#6050 = VERTEX_POINT ( 'NONE', #3048 ) ;
#6051 = AXIS2_PLACEMENT_3D ( 'NONE', #4610, #8110, #12024 ) ;
#6052 = CARTESIAN_POINT ( 'NONE',  ( -1.669999999999997931, -1.800000000000000044, -1.770000000000000240 ) ) ;
#6053 = PRODUCT ( 'CAP-SMD_L7.3-W4.3-RD', 'CAP-SMD_L7.3-W4.3-RD', '', ( #4541 ) ) ;
#6054 =( NAMED_UNIT ( * ) SI_UNIT ( $, .STERADIAN. ) SOLID_ANGLE_UNIT ( ) );
#6055 = DIRECTION ( 'NONE',  ( 0.000000000000000000, -1.000000000000000000, 1.185846126156020721E-16 ) ) ;
#6056 = DIRECTION ( 'NONE',  ( 1.188166764367676342E-16, -1.000000000000000000, -0.000000000000000000 ) ) ;
#6057 = CARTESIAN_POINT ( 'NONE',  ( 0.8364436541122425295, 2.150000000000000355, 0.3205271416962173769 ) ) ;
#6058 = VECTOR ( 'NONE', #8266, 1000.000000000000114 ) ;
#6059 = DIRECTION ( 'NONE',  ( 0.9422431202207735002, 1.119541959400419896E-16, -0.3349296976928458625 ) ) ;
#6060 = CARTESIAN_POINT ( 'NONE',  ( 0.1060066890988795862, 2.151000000000000689, -0.1301089662694245308 ) ) ;
#6061 =( LENGTH_UNIT ( ) NAMED_UNIT ( * ) SI_UNIT ( .MILLI., .METRE. ) );
#6062 = CARTESIAN_POINT ( 'NONE',  ( -0.4820114572750420212, 2.151000000000000689, 0.2319325474729944658 ) ) ;
#6063 = ORIENTED_EDGE ( 'NONE', *, *, #9088, .T. ) ;
#6064 = LINE ( 'NONE', #9002, #7498 ) ;
#6065 = UNCERTAINTY_MEASURE_WITH_UNIT (LENGTH_MEASURE( 1.000000000000000082E-05 ), #6473, 'distance_accuracy_value', 'NONE');
#6066 = B_SPLINE_CURVE_WITH_KNOTS ( 'NONE', 3,
 ( #207, #79, #4782, #2968 ),
 .UNSPECIFIED., .F., .F.,
 ( 4, 4 ),
 ( 34.00000000000000000, 35.00000000000000000 ),
 .UNSPECIFIED. ) ;
#6067 = VECTOR ( 'NONE', #10802, 1000.000000000000000 ) ;
#6068 = CARTESIAN_POINT ( 'NONE',  ( 0.9324096831064384583, 2.150000000000000355, 0.2460145371963196326 ) ) ;
#6069 = ORIENTED_EDGE ( 'NONE', *, *, #1996, .T. ) ;
#6070 = DIRECTION ( 'NONE',  ( 1.188166764367676342E-16, -1.000000000000000000, -0.000000000000000000 ) ) ;
#6071 = EDGE_CURVE ( 'NONE', #554, #8882, #9489, .T. ) ;
#6072 = DIRECTION ( 'NONE',  ( -0.007092178509963681723, -8.426690792501515318E-19, 0.9999748501857348426 ) ) ;
#6073 = FILL_AREA_STYLE_COLOUR ( '', #8030 ) ;
#6074 =( GEOMETRIC_REPRESENTATION_CONTEXT ( 3 ) GLOBAL_UNCERTAINTY_ASSIGNED_CONTEXT ( ( #1132 ) ) GLOBAL_UNIT_ASSIGNED_CONTEXT ( ( #1637, #3488, #8273 ) ) REPRESENTATION_CONTEXT ( 'NONE', 'WORKASPACE' ) );
#6075 = EDGE_CURVE ( 'NONE', #6410, #9403, #4335, .T. ) ;
#6076 = VERTEX_POINT ( 'NONE', #4736 ) ;
#6077 = EDGE_CURVE ( 'NONE', #3634, #5749, #7608, .T. ) ;
#6078 = SURFACE_STYLE_FILL_AREA ( #7898 ) ;
#6079 = VERTEX_POINT ( 'NONE', #5667 ) ;
#6080 = VECTOR ( 'NONE', #6924, 1000.000000000000000 ) ;
#6081 = ORIENTED_EDGE ( 'NONE', *, *, #10160, .T. ) ;
#6082 = DIRECTION ( 'NONE',  ( -0.1317146119116255343, -1.564989242549803171E-17, -0.9912876782291657474 ) ) ;
#6083 =( LENGTH_UNIT ( ) NAMED_UNIT ( * ) SI_UNIT ( .MILLI., .METRE. ) );
#6084 = CARTESIAN_POINT ( 'NONE',  ( -3.649999999999998579, 1.800000000000000044, -1.750000000000000000 ) ) ;
#6085 =( NAMED_UNIT ( * ) SI_UNIT ( $, .STERADIAN. ) SOLID_ANGLE_UNIT ( ) );
#6086 = VECTOR ( 'NONE', #2972, 999.9999999999998863 ) ;
#6087 = VERTEX_POINT ( 'NONE', #1145 ) ;
#6088 = VECTOR ( 'NONE', #604, 1000.000000000000000 ) ;
#6089 = UNCERTAINTY_MEASURE_WITH_UNIT (LENGTH_MEASURE( 1.000000000000000082E-05 ), #11098, 'distance_accuracy_value', 'NONE');
#6090 =( NAMED_UNIT ( * ) PLANE_ANGLE_UNIT ( ) SI_UNIT ( $, .RADIAN. ) );
#6091 = SURFACE_STYLE_FILL_AREA ( #2291 ) ;
#6092 = CARTESIAN_POINT ( 'NONE',  ( -0.09257801905871622383, 2.150000000000000355, -0.1540807141373466138 ) ) ;
#6093 = ADVANCED_FACE ( 'NONE', ( #7494 ), #10741, .F. ) ;
#6094 = CARTESIAN_POINT ( 'NONE',  ( -0.1790932907537494401, 2.151000000000000689, -0.1386816366930572753 ) ) ;
#6095 = VERTEX_POINT ( 'NONE', #3866 ) ;
#6096 = SURFACE_STYLE_USAGE ( .BOTH. , #340 ) ;
#6097 = AXIS2_PLACEMENT_3D ( 'NONE', #6823, #8774, #337 ) ;
#6098 = FILL_AREA_STYLE_COLOUR ( '', #4288 ) ;
#6099 = DIRECTION ( 'NONE',  ( 1.188166764367676342E-16, -1.000000000000000000, -0.000000000000000000 ) ) ;
#6100 = FILL_AREA_STYLE_COLOUR ( '', #196 ) ;
#6101 = COLOUR_RGB ( '',1.000000000000000000, 1.000000000000000000, 1.000000000000000000 ) ;
#6102 = ORIENTED_EDGE ( 'NONE', *, *, #2284, .F. ) ;
#6103 = STYLED_ITEM ( 'NONE', ( #11185 ), #7350 ) ;
#6104 = FACE_OUTER_BOUND ( 'NONE', #9608, .T. ) ;
#6105 = ORIENTED_EDGE ( 'NONE', *, *, #7514, .T. ) ;
#6106 = ADVANCED_FACE ( 'NONE', ( #9924 ), #7070, .F. ) ;
#6107 = FILL_AREA_STYLE_COLOUR ( '', #10334 ) ;
#6108 = PRESENTATION_STYLE_ASSIGNMENT (( #7016 ) ) ;
#6109 = ORIENTED_EDGE ( 'NONE', *, *, #2009, .T. ) ;
#6110 = ORIENTED_EDGE ( 'NONE', *, *, #7610, .T. ) ;
#6111 = DIRECTION ( 'NONE',  ( 0.000000000000000000, -1.000000000000000000, 0.000000000000000000 ) ) ;
#6112 = VECTOR ( 'NONE', #12018, 1000.000000000000114 ) ;
#6113 = B_SPLINE_CURVE_WITH_KNOTS ( 'NONE', 3,
 ( #47, #4693, #4869, #4750 ),
 .UNSPECIFIED., .F., .F.,
 ( 4, 4 ),
 ( 1.000000000000000000, 2.000000000000000000 ),
 .UNSPECIFIED. ) ;
#6114 = ORIENTED_EDGE ( 'NONE', *, *, #7702, .T. ) ;
#6115 = VECTOR ( 'NONE', #1399, 1000.000000000000000 ) ;
#6116 = CARTESIAN_POINT ( 'NONE',  ( -1.669999999999997931, 1.800000000000000044, -1.750000000000000000 ) ) ;
#6117 = FILL_AREA_STYLE_COLOUR ( '', #8931 ) ;
#6118 = EDGE_LOOP ( 'NONE', ( #11344, #769, #5257, #4029 ) ) ;
#6119 = DIRECTION ( 'NONE',  ( -0.007092178509963863869, -8.426690792501731985E-19, 0.9999748501857348426 ) ) ;
#6120 = MECHANICAL_DESIGN_GEOMETRIC_PRESENTATION_REPRESENTATION (  '', ( #4533 ), #9259 ) ;
#6121 = MECHANICAL_DESIGN_GEOMETRIC_PRESENTATION_REPRESENTATION (  '', ( #974 ), #5719 ) ;
#6122 = LINE ( 'NONE', #6186, #6836 ) ;
#6123 =( NAMED_UNIT ( * ) SI_UNIT ( $, .STERADIAN. ) SOLID_ANGLE_UNIT ( ) );
#6124 = DIRECTION ( 'NONE',  ( 1.188166764367676342E-16, -1.000000000000000000, -0.000000000000000000 ) ) ;
#6125 = FACE_OUTER_BOUND ( 'NONE', #5463, .T. ) ;
#6126 = CARTESIAN_POINT ( 'NONE',  ( -0.1372865267956300817, 2.150000000000000355, 0.1094993932969439976 ) ) ;
#6127 = UNCERTAINTY_MEASURE_WITH_UNIT (LENGTH_MEASURE( 1.000000000000000082E-05 ), #9772, 'distance_accuracy_value', 'NONE');
#6128 = FILL_AREA_STYLE_COLOUR ( '', #10709 ) ;
#6129 = PRESENTATION_STYLE_ASSIGNMENT (( #2759 ) ) ;
#6130 = ORIENTED_EDGE ( 'NONE', *, *, #12049, .F. ) ;
#6131 = PRESENTATION_LAYER_ASSIGNMENT (  '', '', ( #2541 ) ) ;
#6132 = LINE ( 'NONE', #2269, #8088 ) ;
#6133 =( LENGTH_UNIT ( ) NAMED_UNIT ( * ) SI_UNIT ( .MILLI., .METRE. ) );
#6134 = STYLED_ITEM ( 'NONE', ( #730 ), #5972 ) ;
#6135 = AXIS2_PLACEMENT_3D ( 'NONE', #3808, #10335, #6264 ) ;
#6136 =( NAMED_UNIT ( * ) PLANE_ANGLE_UNIT ( ) SI_UNIT ( $, .RADIAN. ) );
#6137 = B_SPLINE_SURFACE_WITH_KNOTS ( 'NONE', 3, 1, ( 
 ( #4894, #135 ),
 ( #5958, #11399 ),
 ( #2041, #9592 ),
 ( #1126, #10557 ) ),
 .UNSPECIFIED., .F., .F., .F.,
 ( 4, 4 ),
 ( 2, 2 ),
 ( 19.00000000000000000, 20.00000000000000000 ),
 ( 0.000000000000000000, 1.000000000000000000 ),
 .UNSPECIFIED. ) ;
#6138 = B_SPLINE_CURVE_WITH_KNOTS ( 'NONE', 3,
 ( #10823, #6341, #2477, #5402 ),
 .UNSPECIFIED., .F., .F.,
 ( 4, 4 ),
 ( 5.000000000000000000, 6.000000000000000000 ),
 .UNSPECIFIED. ) ;
#6139 = CARTESIAN_POINT ( 'NONE',  ( 3.650000000000000355, 2.150000000000000799, 1.750000000000000000 ) ) ;
#6140 = LINE ( 'NONE', #7222, #2042 ) ;
#6141 = VECTOR ( 'NONE', #3844, 1000.000000000000114 ) ;
#6142 =( NAMED_UNIT ( * ) SI_UNIT ( $, .STERADIAN. ) SOLID_ANGLE_UNIT ( ) );
#6143 = STYLED_ITEM ( 'NONE', ( #2654 ), #3257 ) ;
#6144 = EDGE_LOOP ( 'NONE', ( #3938, #10977, #2015, #2506 ) ) ;
#6145 = ORIENTED_EDGE ( 'NONE', *, *, #4279, .F. ) ;
#6146 = ORIENTED_EDGE ( 'NONE', *, *, #3579, .F. ) ;
#6147 = FACE_OUTER_BOUND ( 'NONE', #8979, .T. ) ;
#6148 = SURFACE_STYLE_FILL_AREA ( #3409 ) ;
#6149 = ADVANCED_FACE ( 'NONE', ( #10707 ), #8858, .F. ) ;
#6150 = FACE_OUTER_BOUND ( 'NONE', #3849, .T. ) ;
#6151 = CARTESIAN_POINT ( 'NONE',  ( -0.004956271428474406937, 2.151000000000000689, -0.2301953335558050151 ) ) ;
#6152 =( GEOMETRIC_REPRESENTATION_CONTEXT ( 3 ) GLOBAL_UNCERTAINTY_ASSIGNED_CONTEXT ( ( #5978 ) ) GLOBAL_UNIT_ASSIGNED_CONTEXT ( ( #11446, #4025, #5003 ) ) REPRESENTATION_CONTEXT ( 'NONE', 'WORKASPACE' ) );
#6153 = ADVANCED_FACE ( 'NONE', ( #473 ), #5648, .F. ) ;
#6154 = EDGE_CURVE ( 'NONE', #4384, #1898, #10344, .T. ) ;
#6155 = ORIENTED_EDGE ( 'NONE', *, *, #7213, .F. ) ;
#6156 = FACE_OUTER_BOUND ( 'NONE', #11331, .T. ) ;
#6157 = LINE ( 'NONE', #8958, #9625 ) ;
#6158 = CARTESIAN_POINT ( 'NONE',  ( 0.6044249904573870680, 2.151000000000000689, 0.005094551709258928612 ) ) ;
#6159 = ORIENTED_EDGE ( 'NONE', *, *, #931, .F. ) ;
#6160 =( GEOMETRIC_REPRESENTATION_CONTEXT ( 3 ) GLOBAL_UNCERTAINTY_ASSIGNED_CONTEXT ( ( #5584 ) ) GLOBAL_UNIT_ASSIGNED_CONTEXT ( ( #2298, #3167, #6227 ) ) REPRESENTATION_CONTEXT ( 'NONE', 'WORKASPACE' ) );
#6161 = SURFACE_SIDE_STYLE ('',( #5156 ) ) ;
#6162 = DIRECTION ( 'NONE',  ( 0.3625544874979447219, -0.000000000000000000, -0.9319625762846396322 ) ) ;
#6163 = FILL_AREA_STYLE ('',( #11542 ) ) ;
#6164 = CARTESIAN_POINT ( 'NONE',  ( -0.1791345859867398416, 2.150000000000000355, -0.1328591388011946817 ) ) ;
#6165 = EDGE_CURVE ( 'NONE', #1379, #2996, #6113, .T. ) ;
#6166 = STYLED_ITEM ( 'NONE', ( #10948 ), #10830 ) ;
#6167 = EDGE_LOOP ( 'NONE', ( #1279, #4013, #8698, #8354 ) ) ;
#6168 = CARTESIAN_POINT ( 'NONE',  ( 0.3177063338085588384, 2.151000000000000689, -0.1415413682689756758 ) ) ;
#6169 =( NAMED_UNIT ( * ) PLANE_ANGLE_UNIT ( ) SI_UNIT ( $, .RADIAN. ) );
#6170 = CARTESIAN_POINT ( 'NONE',  ( -0.6947567487916576079, 2.151000000000000245, -0.08982981060039686716 ) ) ;
#6171 = CARTESIAN_POINT ( 'NONE',  ( 0.3577724830705033554, 2.151000000000000689, 0.1219190624905341497 ) ) ;
#6172 = ORIENTED_EDGE ( 'NONE', *, *, #1543, .T. ) ;
#6173 = CARTESIAN_POINT ( 'NONE',  ( -0.1097664766303652617, 2.151000000000000689, 0.2829226008246265023 ) ) ;
#6174 = ORIENTED_EDGE ( 'NONE', *, *, #86, .F. ) ;
#6175 = LINE ( 'NONE', #539, #3022 ) ;
#6176 = VERTEX_POINT ( 'NONE', #10351 ) ;
#6177 =( GEOMETRIC_REPRESENTATION_CONTEXT ( 3 ) GLOBAL_UNCERTAINTY_ASSIGNED_CONTEXT ( ( #1380 ) ) GLOBAL_UNIT_ASSIGNED_CONTEXT ( ( #10482, #4879, #933 ) ) REPRESENTATION_CONTEXT ( 'NONE', 'WORKASPACE' ) );
#6178 = MECHANICAL_DESIGN_GEOMETRIC_PRESENTATION_REPRESENTATION (  '', ( #1232 ), #10116 ) ;
#6179 = CARTESIAN_POINT ( 'NONE',  ( 0.02353053427882507986, 2.151000000000000689, -0.2224028712754021475 ) ) ;
#6180 = CARTESIAN_POINT ( 'NONE',  ( -0.7130530573381530512, 2.151000000000000245, -0.2223240862405151952 ) ) ;
#6181 = EDGE_CURVE ( 'NONE', #4312, #11257, #3824, .T. ) ;
#6182 = VERTEX_POINT ( 'NONE', #2872 ) ;
#6183 = CARTESIAN_POINT ( 'NONE',  ( -0.4571401131533228135, 2.150000000000000355, 0.2217111032554541228 ) ) ;
#6184 = VECTOR ( 'NONE', #1400, 1000.000000000000000 ) ;
#6185 = CARTESIAN_POINT ( 'NONE',  ( -0.2837832810866011690, 2.150000000000000355, 0.2548619826234488350 ) ) ;
#6186 = CARTESIAN_POINT ( 'NONE',  ( -3.649999999999997691, 1.599999999999999867, -0.4000000000000000222 ) ) ;
#6187 = CARTESIAN_POINT ( 'NONE',  ( 0.5700298596376432991, 2.151000000000000689, -0.2424194488938681002 ) ) ;
#6188 = DIRECTION ( 'NONE',  ( -0.9999748501857348426, -0.000000000000000000, -0.007092178509963953208 ) ) ;
#6189 = DIRECTION ( 'NONE',  ( -0.9999748501857348426, -1.188136882194236709E-16, -0.007092178509966672387 ) ) ;
#6190 = FILL_AREA_STYLE ('',( #9065 ) ) ;
#6191 =( NAMED_UNIT ( * ) PLANE_ANGLE_UNIT ( ) SI_UNIT ( $, .RADIAN. ) );
#6192 = ORIENTED_EDGE ( 'NONE', *, *, #4266, .F. ) ;
#6193 = CARTESIAN_POINT ( 'NONE',  ( -0.4301479383248553723, 2.150000000000000355, -0.2488077055997022224 ) ) ;
#6194 = MECHANICAL_DESIGN_GEOMETRIC_PRESENTATION_REPRESENTATION (  '', ( #5405 ), #9132 ) ;
#6195 = FACE_OUTER_BOUND ( 'NONE', #12044, .T. ) ;
#6196 = B_SPLINE_CURVE_WITH_KNOTS ( 'NONE', 3,
 ( #8697, #1983, #1188, #2172 ),
 .UNSPECIFIED., .F., .F.,
 ( 4, 4 ),
 ( 10.00000000000000000, 11.00000000000000000 ),
 .UNSPECIFIED. ) ;
#6197 = CARTESIAN_POINT ( 'NONE',  ( 0.9120125493759101420, 2.151000000000000689, 0.2675602265108162903 ) ) ;
#6198 = CARTESIAN_POINT ( 'NONE',  ( -0.3368784740510142872, 2.150000000000000355, -0.2122736549726954025 ) ) ;
#6199 = STYLED_ITEM ( 'NONE', ( #4261 ), #5826 ) ;
#6200 = CARTESIAN_POINT ( 'NONE',  ( -0.6945026966040518390, 2.151000000000000245, -0.2062838242416129286 ) ) ;
#6201 = COLOUR_RGB ( '',1.000000000000000000, 1.000000000000000000, 1.000000000000000000 ) ;
#6202 = DIRECTION ( 'NONE',  ( 1.188166764367676342E-16, -1.000000000000000000, -0.000000000000000000 ) ) ;
#6203 = CARTESIAN_POINT ( 'NONE',  ( -0.01104944699464593776, 2.150000000000000355, 0.1011406335244480204 ) ) ;
#6204 = DIRECTION ( 'NONE',  ( -0.007092178509954029722, 0.000000000000000000, 0.9999748501857349536 ) ) ;
#6205 = EDGE_LOOP ( 'NONE', ( #8491, #7748, #11916, #8759 ) ) ;
#6206 = CARTESIAN_POINT ( 'NONE',  ( -3.649999999999998135, -7.362489171296910208E-16, 1.739999999999999991 ) ) ;
#6207 = VERTEX_POINT ( 'NONE', #11310 ) ;
#6208 = PRESENTATION_STYLE_ASSIGNMENT (( #9726 ) ) ;
#6209 = ORIENTED_EDGE ( 'NONE', *, *, #562, .F. ) ;
#6210 = LINE ( 'NONE', #7226, #2582 ) ;
#6211 = LINE ( 'NONE', #11004, #2948 ) ;
#6212 = STYLED_ITEM ( 'NONE', ( #3619 ), #5160 ) ;
#6213 =( NAMED_UNIT ( * ) SI_UNIT ( $, .STERADIAN. ) SOLID_ANGLE_UNIT ( ) );
#6214 = CARTESIAN_POINT ( 'NONE',  ( 0.3385777304994921355, 2.151000000000000689, 0.07587167637229913497 ) ) ;
#6215 = MECHANICAL_DESIGN_GEOMETRIC_PRESENTATION_REPRESENTATION (  '', ( #6791 ), #1060 ) ;
#6216 = FACE_OUTER_BOUND ( 'NONE', #5384, .T. ) ;
#6217 = ORIENTED_EDGE ( 'NONE', *, *, #6330, .T. ) ;
#6218 = UNCERTAINTY_MEASURE_WITH_UNIT (LENGTH_MEASURE( 1.000000000000000082E-05 ), #9820, 'distance_accuracy_value', 'NONE');
#6219 = B_SPLINE_CURVE_WITH_KNOTS ( 'NONE', 3,
 ( #5869, #9632, #8681, #10359 ),
 .UNSPECIFIED., .F., .F.,
 ( 4, 4 ),
 ( 1.000000000000000000, 2.000000000000000000 ),
 .UNSPECIFIED. ) ;
#6220 = CARTESIAN_POINT ( 'NONE',  ( -0.6563943592070254907, 2.151000000000000245, 0.07223266993481067266 ) ) ;
#6221 = LINE ( 'NONE', #3474, #1533 ) ;
#6222 = EDGE_CURVE ( 'NONE', #1158, #7083, #9624, .T. ) ;
#6223 = STYLED_ITEM ( 'NONE', ( #1185 ), #107 ) ;
#6224 = MECHANICAL_DESIGN_GEOMETRIC_PRESENTATION_REPRESENTATION (  '', ( #690 ), #9352 ) ;
#6225 = SURFACE_STYLE_USAGE ( .BOTH. , #1504 ) ;
#6226 = FILL_AREA_STYLE ('',( #4423 ) ) ;
#6227 =( NAMED_UNIT ( * ) SI_UNIT ( $, .STERADIAN. ) SOLID_ANGLE_UNIT ( ) );
#6228 = MECHANICAL_DESIGN_GEOMETRIC_PRESENTATION_REPRESENTATION (  '', ( #9966 ), #4043 ) ;
#6229 = CARTESIAN_POINT ( 'NONE',  ( -0.1790932907537494401, 2.151000000000000689, -0.1386816366930572753 ) ) ;
#6230 = DIRECTION ( 'NONE',  ( -0.3427414958530330402, -0.000000000000000000, -0.9394297562992272033 ) ) ;
#6231 = LINE ( 'NONE', #6474, #6743 ) ;
#6232 = ORIENTED_EDGE ( 'NONE', *, *, #9150, .F. ) ;
#6233 = CARTESIAN_POINT ( 'NONE',  ( -0.2336961527973537012, 2.150000000000000355, -0.2393040837074693061 ) ) ;
#6234 = ORIENTED_EDGE ( 'NONE', *, *, #3840, .T. ) ;
#6235 = PLANE ( 'NONE',  #6511 ) ;
#6236 = CARTESIAN_POINT ( 'NONE',  ( -0.7130530573381530512, 2.151000000000000245, -0.2223240862405151952 ) ) ;
#6237 = CARTESIAN_POINT ( 'NONE',  ( -0.2220165054749129729, 2.150000000000000355, -0.2001253665729351983 ) ) ;
#6238 = EDGE_CURVE ( 'NONE', #8657, #2565, #7568, .T. ) ;
#6239 =( LENGTH_UNIT ( ) NAMED_UNIT ( * ) SI_UNIT ( .MILLI., .METRE. ) );
#6240 = CARTESIAN_POINT ( 'NONE',  ( -0.4421085987332931677, 2.151000000000000689, 0.1181512406698030926 ) ) ;
#6241 = EDGE_LOOP ( 'NONE', ( #10783, #6130, #8185, #4839 ) ) ;
#6242 = CARTESIAN_POINT ( 'NONE',  ( -0.1180595589040768500, 2.151000000000000689, -0.1531176758397616300 ) ) ;
#6243 = EDGE_CURVE ( 'NONE', #1262, #4173, #6677, .T. ) ;
#6244 = EDGE_LOOP ( 'NONE', ( #4119, #12072, #5880, #8606 ) ) ;
#6245 = EDGE_CURVE ( 'NONE', #10286, #6845, #10941, .T. ) ;
#6246 = SURFACE_STYLE_FILL_AREA ( #7986 ) ;
#6247 = SURFACE_STYLE_USAGE ( .BOTH. , #11799 ) ;
#6248 = CARTESIAN_POINT ( 'NONE',  ( -0.1869395808380833190, 2.150000000000000355, -0.1245962220763700279 ) ) ;
#6249 = CARTESIAN_POINT ( 'NONE',  ( -0.6338833779905368448, 2.150000000000000355, -0.2502526700472043619 ) ) ;
#6250 = ORIENTED_EDGE ( 'NONE', *, *, #4999, .T. ) ;
#6251 = ORIENTED_EDGE ( 'NONE', *, *, #3593, .F. ) ;
#6252 = AXIS2_PLACEMENT_3D ( 'NONE', #10986, #9893, #2106 ) ;
#6253 = CARTESIAN_POINT ( 'NONE',  ( 0.7634386125451609884, 2.151000000000000689, -0.1918829026444843766 ) ) ;
#6254 = AXIS2_PLACEMENT_3D ( 'NONE', #9980, #1502, #7235 ) ;
#6255 = SURFACE_STYLE_USAGE ( .BOTH. , #1351 ) ;
#6256 = DIRECTION ( 'NONE',  ( 0.9999748501857348426, 1.188136882194236709E-16, 0.007092178509967527605 ) ) ;
#6257 = CARTESIAN_POINT ( 'NONE',  ( -0.5908525703183222788, 2.151000000000000245, 0.2358396357562537182 ) ) ;
#6258 = CARTESIAN_POINT ( 'NONE',  ( -3.649999999999998579, 2.149999999999999911, 1.750000000000000000 ) ) ;
#6259 = EDGE_CURVE ( 'NONE', #5109, #3564, #1959, .T. ) ;
#6260 = VECTOR ( 'NONE', #9946, 1000.000000000000000 ) ;
#6261 = VERTEX_POINT ( 'NONE', #2815 ) ;
#6262 = STYLED_ITEM ( 'NONE', ( #8082 ), #2637 ) ;
#6263 = SURFACE_STYLE_FILL_AREA ( #2463 ) ;
#6264 = DIRECTION ( 'NONE',  ( 0.007092178509970712558, 0.000000000000000000, -0.9999748501857348426 ) ) ;
#6265 = CARTESIAN_POINT ( 'NONE',  ( 0.4334541846224440609, 2.150000000000000355, -0.1508426189987361887 ) ) ;
#6266 = STYLED_ITEM ( 'NONE', ( #8924 ), #8933 ) ;
#6267 = DIRECTION ( 'NONE',  ( -0.000000000000000000, -0.000000000000000000, 1.000000000000000000 ) ) ;
#6268 = DIRECTION ( 'NONE',  ( -0.007092178509967527605, -0.000000000000000000, 0.9999748501857348426 ) ) ;
#6269 = LINE ( 'NONE', #1549, #1363 ) ;
#6270 = ADVANCED_FACE ( 'NONE', ( #8552 ), #110, .F. ) ;
#6271 = DIRECTION ( 'NONE',  ( 2.017120320903264195E-16, -1.000000000000000000, 0.000000000000000000 ) ) ;
#6272 = VERTEX_POINT ( 'NONE', #5863 ) ;
#6273 = CARTESIAN_POINT ( 'NONE',  ( -0.6799792865592186875, 2.151000000000000245, -0.07693565954482908809 ) ) ;
#6274 = VERTEX_POINT ( 'NONE', #7745 ) ;
#6275 = VECTOR ( 'NONE', #4228, 1000.000000000000114 ) ;
#6276 = DIRECTION ( 'NONE',  ( 0.9999748501857348426, -0.000000000000000000, 0.007092178509962939262 ) ) ;
#6277 = CARTESIAN_POINT ( 'NONE',  ( -0.07393178278671591608, 2.151000000000000689, -0.2248617417246644434 ) ) ;
#6278 = EDGE_LOOP ( 'NONE', ( #2013, #11883, #11301, #3349, #7959, #11692, #3020 ) ) ;
#6279 = DIRECTION ( 'NONE',  ( 0.000000000000000000, 0.000000000000000000, -1.000000000000000000 ) ) ;
#6280 = VECTOR ( 'NONE', #8254, 1000.000000000000000 ) ;
#6281 = CARTESIAN_POINT ( 'NONE',  ( -0.5979747329197253602, 2.151000000000000689, 0.2357891228373169556 ) ) ;
#6282 = CARTESIAN_POINT ( 'NONE',  ( -2.554558543390504456E-16, 2.150000000000000355, 1.739999999999999991 ) ) ;
#6283 = UNCERTAINTY_MEASURE_WITH_UNIT (LENGTH_MEASURE( 1.000000000000000082E-05 ), #4973, 'distance_accuracy_value', 'NONE');
#6284 = ORIENTED_EDGE ( 'NONE', *, *, #1310, .T. ) ;
#6285 = CARTESIAN_POINT ( 'NONE',  ( -0.1693673788884486608, 2.151000000000000689, -0.1099146168151994701 ) ) ;
#6286 = CARTESIAN_POINT ( 'NONE',  ( -0.6280992883290097417, 2.151000000000000245, 0.1510410241179897528 ) ) ;
#6287 = VECTOR ( 'NONE', #10643, 1000.000000000000000 ) ;
#6288 = LINE ( 'NONE', #528, #11683 ) ;
#6289 = STYLED_ITEM ( 'NONE', ( #2775 ), #10134 ) ;
#6290 = ADVANCED_FACE ( 'NONE', ( #11369 ), #5214, .F. ) ;
#6291 = ORIENTED_EDGE ( 'NONE', *, *, #650, .F. ) ;
#6292 = VERTEX_POINT ( 'NONE', #644 ) ;
#6293 = DIRECTION ( 'NONE',  ( 1.188166764367676342E-16, -1.000000000000000000, -0.000000000000000000 ) ) ;
#6294 = VECTOR ( 'NONE', #3875, 1000.000000000000000 ) ;
#6295 = CARTESIAN_POINT ( 'NONE',  ( -0.05347303180822479685, 2.151000000000000689, -0.2286678204144655113 ) ) ;
#6296 = VECTOR ( 'NONE', #8182, 1000.000000000000000 ) ;
#6297 = CARTESIAN_POINT ( 'NONE',  ( -0.1762211062302564690, 2.151000000000000689, -0.2504380533050566404 ) ) ;
#6298 = CARTESIAN_POINT ( 'NONE',  ( -0.1817678364879884156, 2.150000000000000355, -0.1280948080466235983 ) ) ;
#6299 = ORIENTED_EDGE ( 'NONE', *, *, #3298, .F. ) ;
#6300 = PRESENTATION_STYLE_ASSIGNMENT (( #9359 ) ) ;
#6301 = VECTOR ( 'NONE', #4192, 1000.000000000000000 ) ;
#6302 = VERTEX_POINT ( 'NONE', #11834 ) ;
#6303 = FILL_AREA_STYLE ('',( #6966 ) ) ;
#6304 = VECTOR ( 'NONE', #8001, 1000.000000000000000 ) ;
#6305 = LINE ( 'NONE', #4379, #268 ) ;
#6306 = CARTESIAN_POINT ( 'NONE',  ( -0.05347303180822479685, 2.150000000000000355, -0.2286678204144655113 ) ) ;
#6307 = VECTOR ( 'NONE', #8014, 1000.000000000000114 ) ;
#6308 =( LENGTH_UNIT ( ) NAMED_UNIT ( * ) SI_UNIT ( .MILLI., .METRE. ) );
#6309 = VECTOR ( 'NONE', #897, 1000.000000000000000 ) ;
#6310 = ORIENTED_EDGE ( 'NONE', *, *, #1663, .F. ) ;
#6311 = ADVANCED_FACE ( 'NONE', ( #3290 ), #10761, .F. ) ;
#6312 = CARTESIAN_POINT ( 'NONE',  ( -0.09041529494550032409, 2.151000000000000689, 0.2593527695899005003 ) ) ;
#6313 = EDGE_CURVE ( 'NONE', #3801, #5013, #8090, .T. ) ;
#6314 = ORIENTED_EDGE ( 'NONE', *, *, #10681, .T. ) ;
#6315 = ADVANCED_FACE ( 'NONE', ( #6156 ), #1780, .F. ) ;
#6316 = CARTESIAN_POINT ( 'NONE',  ( 1.129828136568814978, 2.150000000000000355, -0.06492630761585313492 ) ) ;
#6317 = PRESENTATION_LAYER_ASSIGNMENT (  '', '', ( #6696 ) ) ;
#6318 = SURFACE_STYLE_USAGE ( .BOTH. , #2326 ) ;
#6319 = FILL_AREA_STYLE ('',( #5504 ) ) ;
#6320 = MECHANICAL_DESIGN_GEOMETRIC_PRESENTATION_REPRESENTATION (  '', ( #181 ), #9445 ) ;
#6321 = CARTESIAN_POINT ( 'NONE',  ( -0.1048022809169449343, 2.151000000000000689, 0.09610861188694691526 ) ) ;
#6322 = SURFACE_STYLE_USAGE ( .BOTH. , #10983 ) ;
#6323 = ORIENTED_EDGE ( 'NONE', *, *, #8404, .F. ) ;
#6324 = PLANE ( 'NONE',  #8265 ) ;
#6325 = FILL_AREA_STYLE_COLOUR ( '', #312 ) ;
#6326 = MECHANICAL_DESIGN_GEOMETRIC_PRESENTATION_REPRESENTATION (  '', ( #6262 ), #7276 ) ;
#6327 = FILL_AREA_STYLE ('',( #1023 ) ) ;
#6328 = STYLED_ITEM ( 'NONE', ( #5280 ), #1413 ) ;
#6329 = COLOUR_RGB ( '',0.7725490196078431682, 0.6823529411764706065, 0.3686274509803921795 ) ;
#6330 = EDGE_CURVE ( 'NONE', #11823, #12034, #1856, .T. ) ;
#6331 = DIRECTION ( 'NONE',  ( 1.000000000000000000, 2.017120320903264688E-16, -0.000000000000000000 ) ) ;
#6332 = CARTESIAN_POINT ( 'NONE',  ( -0.2419391697635986105, 2.151000000000000689, -0.1839420553702129646 ) ) ;
#6333 = STYLED_ITEM ( 'NONE', ( #3893 ), #2843 ) ;
#6334 =( NAMED_UNIT ( * ) PLANE_ANGLE_UNIT ( ) SI_UNIT ( $, .RADIAN. ) );
#6335 = PRESENTATION_STYLE_ASSIGNMENT (( #3402 ) ) ;
#6336 = LINE ( 'NONE', #10082, #2529 ) ;
#6337 = VERTEX_POINT ( 'NONE', #3595 ) ;
#6338 = FILL_AREA_STYLE_COLOUR ( '', #10484 ) ;
#6339 = ORIENTED_EDGE ( 'NONE', *, *, #8846, .T. ) ;
#6340 = CARTESIAN_POINT ( 'NONE',  ( -0.05347303180822479685, 2.150000000000000355, -0.2286678204144655113 ) ) ;
#6341 = CARTESIAN_POINT ( 'NONE',  ( -0.6799792865592186875, 2.151000000000000245, -0.07693565954482908809 ) ) ;
#6342 = FILL_AREA_STYLE ('',( #7352 ) ) ;
#6343 = EDGE_CURVE ( 'NONE', #5015, #3902, #344, .T. ) ;
#6344 = UNCERTAINTY_MEASURE_WITH_UNIT (LENGTH_MEASURE( 1.000000000000000082E-05 ), #6889, 'distance_accuracy_value', 'NONE');
#6345 =( LENGTH_UNIT ( ) NAMED_UNIT ( * ) SI_UNIT ( .MILLI., .METRE. ) );
#6346 = CARTESIAN_POINT ( 'NONE',  ( -3.049999999999998934, -2.149999999999999911, 1.750000000000000000 ) ) ;
#6347 = CARTESIAN_POINT ( 'NONE',  ( -0.03407650490992446268, 2.151000000000000689, -0.2219796137038109185 ) ) ;
#6348 = CARTESIAN_POINT ( 'NONE',  ( -0.3838054770323672815, 2.151000000000000689, 0.2541525895137378699 ) ) ;
#6349 = FACE_OUTER_BOUND ( 'NONE', #5711, .T. ) ;
#6350 = CARTESIAN_POINT ( 'NONE',  ( -3.669999999999997708, 1.599999999999999867, -0.4000000000000000222 ) ) ;
#6351 = DIRECTION ( 'NONE',  ( 1.188166764367676342E-16, -1.000000000000000000, -0.000000000000000000 ) ) ;
#6352 = AXIS2_PLACEMENT_3D ( 'NONE', #8203, #1791, #6581 ) ;
#6353 = VECTOR ( 'NONE', #2752, 1000.000000000000114 ) ;
#6354 =( LENGTH_UNIT ( ) NAMED_UNIT ( * ) SI_UNIT ( .MILLI., .METRE. ) );
#6355 = CARTESIAN_POINT ( 'NONE',  ( -0.1869395808380833190, 2.151000000000000689, -0.1245962220763700279 ) ) ;
#6356 = ADVANCED_FACE ( 'NONE', ( #11171 ), #2707, .F. ) ;
#6357 = CARTESIAN_POINT ( 'NONE',  ( -0.6360462274215695766, 2.151000000000000245, 0.1280054337157601196 ) ) ;
#6358 = SURFACE_STYLE_FILL_AREA ( #11024 ) ;
#6359 =( LENGTH_UNIT ( ) NAMED_UNIT ( * ) SI_UNIT ( .MILLI., .METRE. ) );
#6360 = CARTESIAN_POINT ( 'NONE',  ( -0.01286492992729329314, 2.151000000000000689, 0.1518692199266007403 ) ) ;
#6361 = DIRECTION ( 'NONE',  ( 0.000000000000000000, -0.000000000000000000, -1.000000000000000000 ) ) ;
#6362 = CARTESIAN_POINT ( 'NONE',  ( 0.3876452314234437035, 2.151000000000000689, -0.2162385164833446893 ) ) ;
#6363 = CARTESIAN_POINT ( 'NONE',  ( -0.8472986747410672370, 2.151000000000000245, -0.07437912571900760772 ) ) ;
#6364 = ORIENTED_EDGE ( 'NONE', *, *, #6071, .F. ) ;
#6365 = CARTESIAN_POINT ( 'NONE',  ( 1.063314367259458493, 2.150000000000000355, 0.1384912773404124164 ) ) ;
#6366 = LINE ( 'NONE', #11913, #4229 ) ;
#6367 = EDGE_CURVE ( 'NONE', #11762, #3943, #11947, .T. ) ;
#6368 = CARTESIAN_POINT ( 'NONE',  ( -0.07393178278671591608, 2.150000000000000355, -0.2248617417246644434 ) ) ;
#6369 = STYLED_ITEM ( 'NONE', ( #7784 ), #10736 ) ;
#6370 = CARTESIAN_POINT ( 'NONE',  ( -0.08854739057699519134, 2.150000000000000355, -0.2092646614239567493 ) ) ;
#6371 =( GEOMETRIC_REPRESENTATION_CONTEXT ( 3 ) GLOBAL_UNCERTAINTY_ASSIGNED_CONTEXT ( ( #2894 ) ) GLOBAL_UNIT_ASSIGNED_CONTEXT ( ( #5080, #3288, #8023 ) ) REPRESENTATION_CONTEXT ( 'NONE', 'WORKASPACE' ) );
#6372 = VERTEX_POINT ( 'NONE', #3534 ) ;
#6373 = CARTESIAN_POINT ( 'NONE',  ( -0.1384560667873216966, 2.150000000000000355, 0.2744008514786820396 ) ) ;
#6374 = VERTEX_POINT ( 'NONE', #941 ) ;
#6375 = SURFACE_STYLE_FILL_AREA ( #10062 ) ;
#6376 = DIRECTION ( 'NONE',  ( -0.9999748501857348426, 0.000000000000000000, -0.007092178509962939262 ) ) ;
#6377 =( NAMED_UNIT ( * ) SI_UNIT ( $, .STERADIAN. ) SOLID_ANGLE_UNIT ( ) );
#6378 = CARTESIAN_POINT ( 'NONE',  ( 0.3526758101960192904, 2.150000000000000355, -0.1788899421805487944 ) ) ;
#6379 = AXIS2_PLACEMENT_3D ( 'NONE', #3284, #6082, #10621 ) ;
#6380 = CARTESIAN_POINT ( 'NONE',  ( 0.006234800248391750288, 2.150000000000000355, 0.1197713759611637729 ) ) ;
#6381 = ADVANCED_FACE ( 'NONE', ( #3 ), #6403, .F. ) ;
#6382 = ORIENTED_EDGE ( 'NONE', *, *, #11980, .T. ) ;
#6383 =( LENGTH_UNIT ( ) NAMED_UNIT ( * ) SI_UNIT ( .MILLI., .METRE. ) );
#6384 = EDGE_CURVE ( 'NONE', #9853, #3814, #1978, .T. ) ;
#6385 = B_SPLINE_CURVE_WITH_KNOTS ( 'NONE', 3,
 ( #3724, #8324, #5, #11174 ),
 .UNSPECIFIED., .F., .F.,
 ( 4, 4 ),
 ( 4.000000000000000000, 5.000000000000000000 ),
 .UNSPECIFIED. ) ;
#6386 = CARTESIAN_POINT ( 'NONE',  ( -0.6854028754953326308, 2.149999999999999911, 0.07202693118469341571 ) ) ;
#6387 = CARTESIAN_POINT ( 'NONE',  ( 1.043594103507980542, 2.151000000000000689, -0.1392851160962098322 ) ) ;
#6388 = PLANE ( 'NONE',  #5770 ) ;
#6389 =( GEOMETRIC_REPRESENTATION_CONTEXT ( 3 ) GLOBAL_UNCERTAINTY_ASSIGNED_CONTEXT ( ( #2279 ) ) GLOBAL_UNIT_ASSIGNED_CONTEXT ( ( #11804, #5246, #7808 ) ) REPRESENTATION_CONTEXT ( 'NONE', 'WORKASPACE' ) );
#6390 = SURFACE_SIDE_STYLE ('',( #3641 ) ) ;
#6391 = PRESENTATION_STYLE_ASSIGNMENT (( #3773 ) ) ;
#6392 = UNCERTAINTY_MEASURE_WITH_UNIT (LENGTH_MEASURE( 1.000000000000000082E-05 ), #2727, 'distance_accuracy_value', 'NONE');
#6393 = ORIENTED_EDGE ( 'NONE', *, *, #6313, .T. ) ;
#6394 = ORIENTED_EDGE ( 'NONE', *, *, #8688, .T. ) ;
#6395 =( GEOMETRIC_REPRESENTATION_CONTEXT ( 3 ) GLOBAL_UNCERTAINTY_ASSIGNED_CONTEXT ( ( #8258 ) ) GLOBAL_UNIT_ASSIGNED_CONTEXT ( ( #10797, #11747, #3328 ) ) REPRESENTATION_CONTEXT ( 'NONE', 'WORKASPACE' ) );
#6396 = FACE_OUTER_BOUND ( 'NONE', #4036, .T. ) ;
#6397 = EDGE_CURVE ( 'NONE', #6261, #2749, #9708, .T. ) ;
#6398 = EDGE_CURVE ( 'NONE', #11329, #4469, #11515, .T. ) ;
#6399 = SURFACE_STYLE_FILL_AREA ( #4696 ) ;
#6400 =( LENGTH_UNIT ( ) NAMED_UNIT ( * ) SI_UNIT ( .MILLI., .METRE. ) );
#6401 = FACE_OUTER_BOUND ( 'NONE', #3971, .T. ) ;
#6402 = ORIENTED_EDGE ( 'NONE', *, *, #4098, .T. ) ;
#6403 = PLANE ( 'NONE',  #11613 ) ;
#6404 = FILL_AREA_STYLE ('',( #11173 ) ) ;
#6405 =( LENGTH_UNIT ( ) NAMED_UNIT ( * ) SI_UNIT ( .MILLI., .METRE. ) );
#6407 = ORIENTED_EDGE ( 'NONE', *, *, #3410, .F. ) ;
#6406 =( GEOMETRIC_REPRESENTATION_CONTEXT ( 3 ) GLOBAL_UNCERTAINTY_ASSIGNED_CONTEXT ( ( #6806 ) ) GLOBAL_UNIT_ASSIGNED_CONTEXT ( ( #9056, #674, #7200 ) ) REPRESENTATION_CONTEXT ( 'NONE', 'WORKASPACE' ) );
#6408 = FILL_AREA_STYLE ('',( #8262 ) ) ;
#6409 = SURFACE_STYLE_FILL_AREA ( #7361 ) ;
#6410 = VERTEX_POINT ( 'NONE', #2832 ) ;
#6411 = EDGE_CURVE ( 'NONE', #11329, #6719, #8694, .T. ) ;
#6412 = STYLED_ITEM ( 'NONE', ( #11985 ), #11753 ) ;
#6413 = SURFACE_SIDE_STYLE ('',( #4424 ) ) ;
#6414 = SURFACE_SIDE_STYLE ('',( #5357 ) ) ;
#6415 = CARTESIAN_POINT ( 'NONE',  ( -0.08468347123331373960, 2.151000000000000689, 0.09625130166525268371 ) ) ;
#6416 =( GEOMETRIC_REPRESENTATION_CONTEXT ( 3 ) GLOBAL_UNCERTAINTY_ASSIGNED_CONTEXT ( ( #5012 ) ) GLOBAL_UNIT_ASSIGNED_CONTEXT ( ( #1766, #9300, #1524 ) ) REPRESENTATION_CONTEXT ( 'NONE', 'WORKASPACE' ) );
#6417 = LINE ( 'NONE', #9350, #3126 ) ;
#6418 = MECHANICAL_DESIGN_GEOMETRIC_PRESENTATION_REPRESENTATION (  '', ( #4815 ), #11539 ) ;
#6419 = SURFACE_SIDE_STYLE ('',( #9041 ) ) ;
#6420 = EDGE_LOOP ( 'NONE', ( #6969, #10550, #7839, #6778 ) ) ;
#6421 = DIRECTION ( 'NONE',  ( 1.188166764367676342E-16, -1.000000000000000000, -0.000000000000000000 ) ) ;
#6422 =( NAMED_UNIT ( * ) SI_UNIT ( $, .STERADIAN. ) SOLID_ANGLE_UNIT ( ) );
#6423 = CARTESIAN_POINT ( 'NONE',  ( -0.2052835327084571171, 2.151000000000000689, 0.2554187308540484813 ) ) ;
#6424 = DIRECTION ( 'NONE',  ( 1.188166764367676342E-16, -1.000000000000000000, -0.000000000000000000 ) ) ;
#6425 = ORIENTED_EDGE ( 'NONE', *, *, #8717, .T. ) ;
#6426 = DIRECTION ( 'NONE',  ( 0.000000000000000000, -1.000000000000000000, 1.185846126156020721E-16 ) ) ;
#6427 = DIRECTION ( 'NONE',  ( -0.9999748501857348426, -1.188136882194236709E-16, -0.007092178509965070370 ) ) ;
#6428 = MECHANICAL_DESIGN_GEOMETRIC_PRESENTATION_REPRESENTATION (  '', ( #489 ), #1661 ) ;
#6429 = ADVANCED_FACE ( 'NONE', ( #7584 ), #3863, .F. ) ;
#6430 = FACE_OUTER_BOUND ( 'NONE', #12065, .T. ) ;
#6431 = LINE ( 'NONE', #1585, #11319 ) ;
#6432 = VECTOR ( 'NONE', #6188, 1000.000000000000114 ) ;
#6433 = FILL_AREA_STYLE ('',( #11975 ) ) ;
#6434 = ORIENTED_EDGE ( 'NONE', *, *, #9719, .T. ) ;
#6435 = CARTESIAN_POINT ( 'NONE',  ( 0.9629387110602004585, 2.150000000000000355, 0.2230946916268941316 ) ) ;
#6436 = ORIENTED_EDGE ( 'NONE', *, *, #803, .F. ) ;
#6437 =( LENGTH_UNIT ( ) NAMED_UNIT ( * ) SI_UNIT ( .MILLI., .METRE. ) );
#6438 = FACE_OUTER_BOUND ( 'NONE', #11895, .T. ) ;
#6439 = ORIENTED_EDGE ( 'NONE', *, *, #4781, .F. ) ;
#6440 = ORIENTED_EDGE ( 'NONE', *, *, #6029, .F. ) ;
#6441 = CARTESIAN_POINT ( 'NONE',  ( -0.8804933862011528056, 2.151000000000000245, -0.1733940407948221518 ) ) ;
#6442 = CARTESIAN_POINT ( 'NONE',  ( -0.4572160088688755342, 2.150000000000000355, -0.1341035426471292313 ) ) ;
#6443 =( LENGTH_UNIT ( ) NAMED_UNIT ( * ) SI_UNIT ( .MILLI., .METRE. ) );
#6444 = B_SPLINE_SURFACE_WITH_KNOTS ( 'NONE', 3, 1, ( 
 ( #1786, #4762 ),
 ( #10425, #8497 ),
 ( #3834, #7346 ),
 ( #7577, #2880 ) ),
 .UNSPECIFIED., .F., .F., .F.,
 ( 4, 4 ),
 ( 2, 2 ),
 ( 1.000000000000000000, 2.000000000000000000 ),
 ( 0.000000000000000000, 1.000000000000000000 ),
 .UNSPECIFIED. ) ;
#6445 = CARTESIAN_POINT ( 'NONE',  ( -3.649999999999998579, 2.149999999999999911, 1.750000000000000000 ) ) ;
#6446 = STYLED_ITEM ( 'NONE', ( #11927 ), #8775 ) ;
#6447 = CARTESIAN_POINT ( 'NONE',  ( 0.1330747596422149626, 2.151000000000000689, -0.2448131292220020461 ) ) ;
#6448 =( NAMED_UNIT ( * ) SI_UNIT ( $, .STERADIAN. ) SOLID_ANGLE_UNIT ( ) );
#6449 = AXIS2_PLACEMENT_3D ( 'NONE', #4902, #11342, #8643 ) ;
#6450 = CARTESIAN_POINT ( 'NONE',  ( -0.5513600750315996724, 2.151000000000000689, 0.1286060581314242834 ) ) ;
#6451 = ORIENTED_EDGE ( 'NONE', *, *, #1467, .F. ) ;
#6452 =( NAMED_UNIT ( * ) SI_UNIT ( $, .STERADIAN. ) SOLID_ANGLE_UNIT ( ) );
#6453 = VERTEX_POINT ( 'NONE', #1061 ) ;
#6454 = CARTESIAN_POINT ( 'NONE',  ( -0.1910984986219687320, 2.150000000000000355, -0.1832695399667357283 ) ) ;
#6455 = CARTESIAN_POINT ( 'NONE',  ( -0.1528238405200043337, 2.150000000000000355, -0.1407828493238073297 ) ) ;
#6456 = PRESENTATION_LAYER_ASSIGNMENT (  '', '', ( #8176 ) ) ;
#6457 = FACE_OUTER_BOUND ( 'NONE', #5424, .T. ) ;
#6458 = CARTESIAN_POINT ( 'NONE',  ( 0.4998448380643135125, 2.151000000000000689, 0.07086983745883435049 ) ) ;
#6459 = ORIENTED_EDGE ( 'NONE', *, *, #1184, .T. ) ;
#6460 = UNCERTAINTY_MEASURE_WITH_UNIT (LENGTH_MEASURE( 1.000000000000000082E-05 ), #5254, 'distance_accuracy_value', 'NONE');
#6461 = EDGE_CURVE ( 'NONE', #5109, #8620, #8432, .T. ) ;
#6462 = STYLED_ITEM ( 'NONE', ( #798 ), #1056 ) ;
#6463 = EDGE_CURVE ( 'NONE', #7611, #1154, #2097, .T. ) ;
#6464 = EDGE_CURVE ( 'NONE', #475, #1740, #11097, .T. ) ;
#6465 = CARTESIAN_POINT ( 'NONE',  ( -0.2643011583656879604, 2.151000000000000689, -0.1023736269321330328 ) ) ;
#6466 = ORIENTED_EDGE ( 'NONE', *, *, #11085, .F. ) ;
#6467 = CARTESIAN_POINT ( 'NONE',  ( -0.2070447495069421551, 2.150000000000000355, -0.1193319379601541635 ) ) ;
#6468 = FILL_AREA_STYLE_COLOUR ( '', #4459 ) ;
#6469 = STYLED_ITEM ( 'NONE', ( #1570 ), #9381 ) ;
#6470 = FILL_AREA_STYLE ('',( #4480 ) ) ;
#6471 = CARTESIAN_POINT ( 'NONE',  ( -0.01540638968073652915, 2.151000000000000689, 0.2536460551153438825 ) ) ;
#6472 =( NAMED_UNIT ( * ) SI_UNIT ( $, .STERADIAN. ) SOLID_ANGLE_UNIT ( ) );
#6473 =( LENGTH_UNIT ( ) NAMED_UNIT ( * ) SI_UNIT ( .MILLI., .METRE. ) );
#6474 = CARTESIAN_POINT ( 'NONE',  ( -0.1939400560608335045, 2.151000000000000689, -0.2297680410870831247 ) ) ;
#6475 = COLOUR_RGB ( '',1.000000000000000000, 1.000000000000000000, 1.000000000000000000 ) ;
#6476 = UNCERTAINTY_MEASURE_WITH_UNIT (LENGTH_MEASURE( 1.000000000000000082E-05 ), #7443, 'distance_accuracy_value', 'NONE');
#6477 = EDGE_CURVE ( 'NONE', #1433, #3814, #5882, .T. ) ;
#6478 = CARTESIAN_POINT ( 'NONE',  ( -0.01322029427561530190, 2.151000000000000689, -0.2378443686416419900 ) ) ;
#6479 = CARTESIAN_POINT ( 'NONE',  ( 0.9563140132593602738, 2.150000000000000355, 0.1377323926434051993 ) ) ;
#6480 = FACE_OUTER_BOUND ( 'NONE', #3812, .T. ) ;
#6481 = CARTESIAN_POINT ( 'NONE',  ( -0.3241358466668658456, 2.150000000000000355, -0.3009808390072817308 ) ) ;
#6482 = FILL_AREA_STYLE ('',( #3438 ) ) ;
#6483 = CARTESIAN_POINT ( 'NONE',  ( -0.04949035385863067432, 2.151000000000000689, -0.1598058686254419658 ) ) ;
#6484 = STYLED_ITEM ( 'NONE', ( #11358 ), #7698 ) ;
#6485 = B_SPLINE_CURVE_WITH_KNOTS ( 'NONE', 3,
 ( #2699, #818, #3711, #12119 ),
 .UNSPECIFIED., .F., .F.,
 ( 4, 4 ),
 ( 2.000000000000000000, 3.000000000000000000 ),
 .UNSPECIFIED. ) ;
#6486 =( NAMED_UNIT ( * ) PLANE_ANGLE_UNIT ( ) SI_UNIT ( $, .RADIAN. ) );
#6487 = MECHANICAL_DESIGN_GEOMETRIC_PRESENTATION_REPRESENTATION (  '', ( #8601 ), #5676 ) ;
#6488 = LINE ( 'NONE', #8170, #7169 ) ;
#6489 = DIRECTION ( 'NONE',  ( 1.188166764367676342E-16, -1.000000000000000000, -0.000000000000000000 ) ) ;
#6490 =( NAMED_UNIT ( * ) PLANE_ANGLE_UNIT ( ) SI_UNIT ( $, .RADIAN. ) );
#6491 = PRESENTATION_LAYER_ASSIGNMENT (  '', '', ( #4886 ) ) ;
#6492 = ORIENTED_EDGE ( 'NONE', *, *, #8061, .T. ) ;
#6493 = EDGE_CURVE ( 'NONE', #3655, #4798, #1183, .T. ) ;
#6494 =( GEOMETRIC_REPRESENTATION_CONTEXT ( 3 ) GLOBAL_UNCERTAINTY_ASSIGNED_CONTEXT ( ( #9025 ) ) GLOBAL_UNIT_ASSIGNED_CONTEXT ( ( #2251, #1403, #487 ) ) REPRESENTATION_CONTEXT ( 'NONE', 'WORKASPACE' ) );
#6495 = SURFACE_STYLE_USAGE ( .BOTH. , #2561 ) ;
#6496 = CARTESIAN_POINT ( 'NONE',  ( -0.02681460799178941867, 2.150000000000000355, -0.2049796294520373485 ) ) ;
#6497 = CARTESIAN_POINT ( 'NONE',  ( 1.043594103507980542, 2.151000000000000689, -0.1392851160962098322 ) ) ;
#6498 =( LENGTH_UNIT ( ) NAMED_UNIT ( * ) SI_UNIT ( .MILLI., .METRE. ) );
#6499 = EDGE_LOOP ( 'NONE', ( #6110, #3888, #10617, #9329 ) ) ;
#6500 = CARTESIAN_POINT ( 'NONE',  ( -0.1912972168460800315, 2.151000000000000689, -0.2505449784619278031 ) ) ;
#6501 = VECTOR ( 'NONE', #987, 1000.000000000000000 ) ;
#6502 = LINE ( 'NONE', #8605, #5416 ) ;
#6503 = ORIENTED_EDGE ( 'NONE', *, *, #3507, .T. ) ;
#6504 = CARTESIAN_POINT ( 'NONE',  ( -0.1803391311385203755, 2.151000000000000689, -0.1022980303033084598 ) ) ;
#6505 =( GEOMETRIC_REPRESENTATION_CONTEXT ( 3 ) GLOBAL_UNCERTAINTY_ASSIGNED_CONTEXT ( ( #7660 ) ) GLOBAL_UNIT_ASSIGNED_CONTEXT ( ( #4799, #2864, #5674 ) ) REPRESENTATION_CONTEXT ( 'NONE', 'WORKASPACE' ) );
#6506 = SURFACE_SIDE_STYLE ('',( #8430 ) ) ;
#6507 = MECHANICAL_DESIGN_GEOMETRIC_PRESENTATION_REPRESENTATION (  '', ( #1930 ), #4519 ) ;
#6508 = CARTESIAN_POINT ( 'NONE',  ( 1.129407673365080189, 2.151000000000000689, -0.005642319124506672140 ) ) ;
#6509 = B_SPLINE_CURVE_WITH_KNOTS ( 'NONE', 3,
 ( #10894, #2293, #6026, #6094 ),
 .UNSPECIFIED., .F., .F.,
 ( 4, 4 ),
 ( 13.00000000000000000, 14.00000000000000000 ),
 .UNSPECIFIED. ) ;
#6510 = CARTESIAN_POINT ( 'NONE',  ( -0.2227763871355599445, 2.151000000000000689, -0.2469210389254099802 ) ) ;
#6511 = AXIS2_PLACEMENT_3D ( 'NONE', #10509, #2845, #7664 ) ;
#6512 =( LENGTH_UNIT ( ) NAMED_UNIT ( * ) SI_UNIT ( .MILLI., .METRE. ) );
#6513 = UNCERTAINTY_MEASURE_WITH_UNIT (LENGTH_MEASURE( 1.000000000000000082E-05 ), #9660, 'distance_accuracy_value', 'NONE');
#6514 = CARTESIAN_POINT ( 'NONE',  ( -0.2362663647698319269, 2.150000000000000355, -0.1774551605996002590 ) ) ;
#6515 = VERTEX_POINT ( 'NONE', #5816 ) ;
#6516 = FILL_AREA_STYLE_COLOUR ( '', #5993 ) ;
#6517 = ORIENTED_EDGE ( 'NONE', *, *, #2636, .F. ) ;
#6518 = PRESENTATION_LAYER_ASSIGNMENT (  '', '', ( #1942 ) ) ;
#6519 = ADVANCED_FACE ( 'NONE', ( #3275 ), #7160, .F. ) ;
#6520 = CARTESIAN_POINT ( 'NONE',  ( 0.9073055194178603067, 2.150000000000000355, 0.1156944538472038930 ) ) ;
#6521 = ORIENTED_EDGE ( 'NONE', *, *, #7249, .F. ) ;
#6522 = ORIENTED_EDGE ( 'NONE', *, *, #11474, .T. ) ;
#6523 = SURFACE_STYLE_FILL_AREA ( #11067 ) ;
#6524 = VECTOR ( 'NONE', #3772, 1000.000000000000000 ) ;
#6525 = SURFACE_STYLE_USAGE ( .BOTH. , #3536 ) ;
#6526 = FACE_OUTER_BOUND ( 'NONE', #6835, .T. ) ;
#6527 = ORIENTED_EDGE ( 'NONE', *, *, #1377, .F. ) ;
#6528 = CARTESIAN_POINT ( 'NONE',  ( -0.04924080970526975576, 2.151000000000000689, 0.2521583484536565889 ) ) ;
#6529 = ORIENTED_EDGE ( 'NONE', *, *, #11964, .F. ) ;
#6530 =( NAMED_UNIT ( * ) SI_UNIT ( $, .STERADIAN. ) SOLID_ANGLE_UNIT ( ) );
#6531 =( NAMED_UNIT ( * ) SI_UNIT ( $, .STERADIAN. ) SOLID_ANGLE_UNIT ( ) );
#6532 = CARTESIAN_POINT ( 'NONE',  ( 0.000000000000000000, 0.000000000000000000, 0.000000000000000000 ) ) ;
#6533 = EDGE_CURVE ( 'NONE', #7408, #11060, #1486, .T. ) ;
#6534 = EDGE_CURVE ( 'NONE', #10058, #7274, #8878, .T. ) ;
#6535 = EDGE_CURVE ( 'NONE', #1785, #6046, #53, .T. ) ;
#6536 = CARTESIAN_POINT ( 'NONE',  ( -0.03483757275802218389, 2.150000000000000355, 0.2371836323838299454 ) ) ;
#6537 = STYLED_ITEM ( 'NONE', ( #2059 ), #4037 ) ;
#6538 = CARTESIAN_POINT ( 'NONE',  ( -0.06340580595147962684, 2.150000000000000355, -0.1183131993103883756 ) ) ;
#6539 =( LENGTH_UNIT ( ) NAMED_UNIT ( * ) SI_UNIT ( .MILLI., .METRE. ) );
#6540 = DIRECTION ( 'NONE',  ( 0.007092178509962869873, 0.000000000000000000, -0.9999748501857348426 ) ) ;
#6541 = CARTESIAN_POINT ( 'NONE',  ( -0.1631411335872916812, 2.150000000000000355, -0.2474338900848724876 ) ) ;
#6542 = CARTESIAN_POINT ( 'NONE',  ( 0.4847187952808544864, 2.151000000000000689, -0.2430245054082204315 ) ) ;
#6543 =( NAMED_UNIT ( * ) PLANE_ANGLE_UNIT ( ) SI_UNIT ( $, .RADIAN. ) );
#6544 = VECTOR ( 'NONE', #4950, 1000.000000000000000 ) ;
#6545 =( GEOMETRIC_REPRESENTATION_CONTEXT ( 3 ) GLOBAL_UNCERTAINTY_ASSIGNED_CONTEXT ( ( #9978 ) ) GLOBAL_UNIT_ASSIGNED_CONTEXT ( ( #12075, #1922, #6531 ) ) REPRESENTATION_CONTEXT ( 'NONE', 'WORKASPACE' ) );
#6546 = CARTESIAN_POINT ( 'NONE',  ( -0.3814977638706875673, 2.151000000000000689, 0.09736951938159571496 ) ) ;
#6547 = SURFACE_SIDE_STYLE ('',( #4674 ) ) ;
#6548 = EDGE_CURVE ( 'NONE', #9627, #4369, #4217, .T. ) ;
#6549 = B_SPLINE_SURFACE_WITH_KNOTS ( 'NONE', 3, 1, ( 
 ( #2118, #697 ),
 ( #6273, #4345 ),
 ( #11000, #2239 ),
 ( #10933, #11604 ) ),
 .UNSPECIFIED., .F., .F., .F.,
 ( 4, 4 ),
 ( 2, 2 ),
 ( 5.000000000000000000, 6.000000000000000000 ),
 ( 0.000000000000000000, 1.000000000000000000 ),
 .UNSPECIFIED. ) ;
#6550 = CARTESIAN_POINT ( 'NONE',  ( 0.5636103226408069045, 2.151000000000000689, -0.1528115633262232542 ) ) ;
#6551 = DIRECTION ( 'NONE',  ( 0.9999748501857348426, 0.000000000000000000, 0.007092178509964866540 ) ) ;
#6552 = CARTESIAN_POINT ( 'NONE',  ( 3.670000000000000373, 1.800000000000000044, 0.000000000000000000 ) ) ;
#6553 = ORIENTED_EDGE ( 'NONE', *, *, #784, .T. ) ;
#6554 = LINE ( 'NONE', #3934, #2999 ) ;
#6555 = ORIENTED_EDGE ( 'NONE', *, *, #1966, .F. ) ;
#6556 =( NAMED_UNIT ( * ) PLANE_ANGLE_UNIT ( ) SI_UNIT ( $, .RADIAN. ) );
#6557 = ORIENTED_EDGE ( 'NONE', *, *, #6243, .T. ) ;
#6558 = SURFACE_SIDE_STYLE ('',( #3758 ) ) ;
#6559 = DIRECTION ( 'NONE',  ( 0.9999748501857348426, 0.000000000000000000, 0.007092178509964117139 ) ) ;
#6560 = CARTESIAN_POINT ( 'NONE',  ( -0.8466748356804314479, 2.149999999999999911, -0.07437470122975299580 ) ) ;
#6561 = ORIENTED_EDGE ( 'NONE', *, *, #803, .T. ) ;
#6562 = CARTESIAN_POINT ( 'NONE',  ( -0.03370338690747813615, 2.151000000000000689, -0.1866243091502914619 ) ) ;
#6563 = FILL_AREA_STYLE_COLOUR ( '', #11103 ) ;
#6564 = ORIENTED_EDGE ( 'NONE', *, *, #1805, .T. ) ;
#6565 = CARTESIAN_POINT ( 'NONE',  ( -0.09257801905871622383, 2.151000000000000689, -0.1540807141373466138 ) ) ;
#6566 = EDGE_CURVE ( 'NONE', #7211, #4563, #10927, .T. ) ;
#6567 = SURFACE_SIDE_STYLE ('',( #11498 ) ) ;
#6568 = CARTESIAN_POINT ( 'NONE',  ( 0.3876452314234437035, 2.150000000000000355, -0.2162385164833446893 ) ) ;
#6569 = CARTESIAN_POINT ( 'NONE',  ( -0.06340580595147962684, 2.151000000000000689, -0.1183131993103883756 ) ) ;
#6570 = AXIS2_PLACEMENT_3D ( 'NONE', #10034, #5413, #8330 ) ;
#6571 =( LENGTH_UNIT ( ) NAMED_UNIT ( * ) SI_UNIT ( .MILLI., .METRE. ) );
#6572 = COLOUR_RGB ( '',1.000000000000000000, 1.000000000000000000, 1.000000000000000000 ) ;
#6573 = CARTESIAN_POINT ( 'NONE',  ( 0.7633770815068158244, 2.151000000000000689, -0.1832072198815156150 ) ) ;
#6574 = CARTESIAN_POINT ( 'NONE',  ( -0.8884403252923248617, 2.150000000000000355, -0.1964296311970460396 ) ) ;
#6575 = ORIENTED_EDGE ( 'NONE', *, *, #6754, .F. ) ;
#6576 = DIRECTION ( 'NONE',  ( 1.000000000000000000, 0.000000000000000000, 0.000000000000000000 ) ) ;
#6577 = EDGE_CURVE ( 'NONE', #6826, #6079, #2410, .T. ) ;
#6578 = MECHANICAL_DESIGN_GEOMETRIC_PRESENTATION_REPRESENTATION (  '', ( #9510 ), #2784 ) ;
#6579 = VECTOR ( 'NONE', #9181, 1000.000000000000000 ) ;
#6580 = B_SPLINE_CURVE_WITH_KNOTS ( 'NONE', 3,
 ( #8827, #9842, #7772, #6876 ),
 .UNSPECIFIED., .F., .F.,
 ( 4, 4 ),
 ( 1.000000000000000000, 2.000000000000000000 ),
 .UNSPECIFIED. ) ;
#6581 = DIRECTION ( 'NONE',  ( 0.3382111624868761046, 0.000000000000000000, -0.9410702468834490908 ) ) ;
#6582 = COLOUR_RGB ( '',1.000000000000000000, 1.000000000000000000, 1.000000000000000000 ) ;
#6583 =( NAMED_UNIT ( * ) SI_UNIT ( $, .STERADIAN. ) SOLID_ANGLE_UNIT ( ) );
#6584 = ORIENTED_EDGE ( 'NONE', *, *, #6238, .F. ) ;
#6585 = FILL_AREA_STYLE ('',( #10376 ) ) ;
#6586 = VERTEX_POINT ( 'NONE', #6984 ) ;
#6587 = PRESENTATION_STYLE_ASSIGNMENT (( #2779 ) ) ;
#6588 = CARTESIAN_POINT ( 'NONE',  ( -0.5813124846806851931, 2.151000000000000689, 0.2761469408291877814 ) ) ;
#6589 =( NAMED_UNIT ( * ) SI_UNIT ( $, .STERADIAN. ) SOLID_ANGLE_UNIT ( ) );
#6590 = FILL_AREA_STYLE_COLOUR ( '', #8385 ) ;
#6591 =( GEOMETRIC_REPRESENTATION_CONTEXT ( 3 ) GLOBAL_UNCERTAINTY_ASSIGNED_CONTEXT ( ( #11118 ) ) GLOBAL_UNIT_ASSIGNED_CONTEXT ( ( #990, #8366, #11265 ) ) REPRESENTATION_CONTEXT ( 'NONE', 'WORKASPACE' ) );
#6592 = DIRECTION ( 'NONE',  ( 1.188166764367676342E-16, -1.000000000000000000, -0.000000000000000000 ) ) ;
#6593 = UNCERTAINTY_MEASURE_WITH_UNIT (LENGTH_MEASURE( 1.000000000000000082E-05 ), #9224, 'distance_accuracy_value', 'NONE');
#6594 = STYLED_ITEM ( 'NONE', ( #515 ), #5728 ) ;
#6595 =( NAMED_UNIT ( * ) SI_UNIT ( $, .STERADIAN. ) SOLID_ANGLE_UNIT ( ) );
#6596 = CARTESIAN_POINT ( 'NONE',  ( -0.01938205406612970860, 2.150000000000000355, 0.1324830145157349925 ) ) ;
#6597 = SURFACE_SIDE_STYLE ('',( #960 ) ) ;
#6598 = FACE_OUTER_BOUND ( 'NONE', #8705, .T. ) ;
#6599 = CARTESIAN_POINT ( 'NONE',  ( -0.3366244311453513438, 2.150000000000000355, -0.2700838473171611187 ) ) ;
#6600 = CARTESIAN_POINT ( 'NONE',  ( -0.5949045768689246172, 2.149999999999999911, 0.2500559391938070308 ) ) ;
#6601 = COLOUR_RGB ( '',1.000000000000000000, 1.000000000000000000, 1.000000000000000000 ) ;
#6602 = CARTESIAN_POINT ( 'NONE',  ( -0.2440562530592657042, 2.151000000000000689, -0.1053493950393579875 ) ) ;
#6603 = CARTESIAN_POINT ( 'NONE',  ( -0.5949045768689246172, 2.151000000000000245, 0.2500559391938070308 ) ) ;
#6604 = CARTESIAN_POINT ( 'NONE',  ( -0.01938205406612970860, 2.150000000000000355, 0.1324830145157349925 ) ) ;
#6605 = COLOUR_RGB ( '',1.000000000000000000, 1.000000000000000000, 1.000000000000000000 ) ;
#6606 = DIRECTION ( 'NONE',  ( 1.188166764367676342E-16, -1.000000000000000000, -0.000000000000000000 ) ) ;
#6607 = LINE ( 'NONE', #10336, #5729 ) ;
#6608 = VERTEX_POINT ( 'NONE', #6139 ) ;
#6609 = FILL_AREA_STYLE ('',( #3687 ) ) ;
#6610 = ORIENTED_EDGE ( 'NONE', *, *, #1559, .T. ) ;
#6611 = EDGE_CURVE ( 'NONE', #5278, #10440, #4339, .T. ) ;
#6612 = EDGE_CURVE ( 'NONE', #5736, #8018, #8873, .T. ) ;
#6613 = ORIENTED_EDGE ( 'NONE', *, *, #10681, .F. ) ;
#6614 = CARTESIAN_POINT ( 'NONE',  ( 0.02687940066214305340, 2.151000000000000689, -0.04218454116213064126 ) ) ;
#6615 = VECTOR ( 'NONE', #2435, 1000.000000000000000 ) ;
#6616 = EDGE_CURVE ( 'NONE', #4160, #4572, #8073, .T. ) ;
#6617 = LINE ( 'NONE', #10343, #5625 ) ;
#6618 = CARTESIAN_POINT ( 'NONE',  ( 0.1030909506832607542, 2.151000000000000689, 0.2810009742436602731 ) ) ;
#6619 = ORIENTED_EDGE ( 'NONE', *, *, #8286, .T. ) ;
#6620 = CARTESIAN_POINT ( 'NONE',  ( -0.02920156888590784428, 2.151000000000000689, -0.1909594737295605971 ) ) ;
#6621 = ORIENTED_EDGE ( 'NONE', *, *, #9464, .F. ) ;
#6622 = VECTOR ( 'NONE', #8272, 1000.000000000000000 ) ;
#6623 = VECTOR ( 'NONE', #9186, 1000.000000000000000 ) ;
#6624 =( NAMED_UNIT ( * ) PLANE_ANGLE_UNIT ( ) SI_UNIT ( $, .RADIAN. ) );
#6625 = CARTESIAN_POINT ( 'NONE',  ( -0.02148431712206320607, 2.150000000000000355, -0.2454934037274740244 ) ) ;
#6626 = CARTESIAN_POINT ( 'NONE',  ( 0.5222621649298938573, 2.151000000000000689, 0.1722504767866591957 ) ) ;
#6627 = ADVANCED_FACE ( 'NONE', ( #9830 ), #11413, .F. ) ;
#6628 = UNCERTAINTY_MEASURE_WITH_UNIT (LENGTH_MEASURE( 1.000000000000000082E-05 ), #10255, 'distance_accuracy_value', 'NONE');
#6629 = LINE ( 'NONE', #7576, #11029 ) ;
#6630 = SURFACE_SIDE_STYLE ('',( #58 ) ) ;
#6631 = ORIENTED_EDGE ( 'NONE', *, *, #10339, .F. ) ;
#6632 = CARTESIAN_POINT ( 'NONE',  ( -0.2826435448981357568, 2.150000000000000355, -0.2943438779887761481 ) ) ;
#6633 =( GEOMETRIC_REPRESENTATION_CONTEXT ( 3 ) GLOBAL_UNCERTAINTY_ASSIGNED_CONTEXT ( ( #10264 ) ) GLOBAL_UNIT_ASSIGNED_CONTEXT ( ( #3122, #11499, #8553 ) ) REPRESENTATION_CONTEXT ( 'NONE', 'WORKASPACE' ) );
#6634 = CARTESIAN_POINT ( 'NONE',  ( 0.03327745202502999794, 2.151000000000000689, -0.1306247879744658058 ) ) ;
#6635 = ADVANCED_FACE ( 'NONE', ( #5389 ), #11210, .F. ) ;
#6636 = MECHANICAL_DESIGN_GEOMETRIC_PRESENTATION_REPRESENTATION (  '', ( #314 ), #7585 ) ;
#6637 = VERTEX_POINT ( 'NONE', #8135 ) ;
#6638 =( NAMED_UNIT ( * ) PLANE_ANGLE_UNIT ( ) SI_UNIT ( $, .RADIAN. ) );
#6639 = UNCERTAINTY_MEASURE_WITH_UNIT (LENGTH_MEASURE( 1.000000000000000082E-05 ), #2899, 'distance_accuracy_value', 'NONE');
#6640 = ORIENTED_EDGE ( 'NONE', *, *, #8221, .T. ) ;
#6641 = CARTESIAN_POINT ( 'NONE',  ( -0.2334819604643279534, 2.150000000000000355, -0.1009073053018266636 ) ) ;
#6642 = CARTESIAN_POINT ( 'NONE',  ( -0.4640786524897506093, 2.150000000000000355, 0.1517884033756901618 ) ) ;
#6643 = VERTEX_POINT ( 'NONE', #10300 ) ;
#6644 = CARTESIAN_POINT ( 'NONE',  ( -0.05840844745475730349, 2.151000000000000689, -0.1778573832820175005 ) ) ;
#6645 = FILL_AREA_STYLE ('',( #11233 ) ) ;
#6646 = PRESENTATION_LAYER_ASSIGNMENT (  '', '', ( #911 ) ) ;
#6647 = VECTOR ( 'NONE', #9648, 1000.000000000000114 ) ;
#6648 = VECTOR ( 'NONE', #6424, 1000.000000000000000 ) ;
#6649 = B_SPLINE_CURVE_WITH_KNOTS ( 'NONE', 3,
 ( #9709, #4031, #11517, #3400 ),
 .UNSPECIFIED., .F., .F.,
 ( 4, 4 ),
 ( 7.000000000000000000, 8.000000000000000000 ),
 .UNSPECIFIED. ) ;
#6650 = VECTOR ( 'NONE', #9036, 1000.000000000000000 ) ;
#6651 = DIRECTION ( 'NONE',  ( 0.9370112956730891618, 1.113325679355858268E-16, -0.3492990578015331971 ) ) ;
#6652 = FILL_AREA_STYLE_COLOUR ( '', #11558 ) ;
#6653 = DIRECTION ( 'NONE',  ( -1.000000000000000000, -0.000000000000000000, -0.000000000000000000 ) ) ;
#6654 = FILL_AREA_STYLE ('',( #4669 ) ) ;
#6655 = FACE_OUTER_BOUND ( 'NONE', #7776, .T. ) ;
#6656 = ORIENTED_EDGE ( 'NONE', *, *, #4194, .T. ) ;
#6657 = CARTESIAN_POINT ( 'NONE',  ( -0.2220596593291072063, 2.151000000000000689, -0.09874672613197567339 ) ) ;
#6658 = LINE ( 'NONE', #10165, #2159 ) ;
#6659 = CARTESIAN_POINT ( 'NONE',  ( -1.188166764367676267E-19, 2.151000000000000245, 0.000000000000000000 ) ) ;
#6660 = B_SPLINE_CURVE_WITH_KNOTS ( 'NONE', 3,
 ( #6458, #7292, #7462, #8319 ),
 .UNSPECIFIED., .F., .F.,
 ( 4, 4 ),
 ( 23.00000000000000000, 24.00000000000000000 ),
 .UNSPECIFIED. ) ;
#6661 = SURFACE_STYLE_FILL_AREA ( #152 ) ;
#6662 =( GEOMETRIC_REPRESENTATION_CONTEXT ( 3 ) GLOBAL_UNCERTAINTY_ASSIGNED_CONTEXT ( ( #7909 ) ) GLOBAL_UNIT_ASSIGNED_CONTEXT ( ( #9580, #2885, #2032 ) ) REPRESENTATION_CONTEXT ( 'NONE', 'WORKASPACE' ) );
#6663 = CARTESIAN_POINT ( 'NONE',  ( 0.9394549245995591491, 2.151000000000000689, -0.1356857038996636400 ) ) ;
#6664 = B_SPLINE_CURVE_WITH_KNOTS ( 'NONE', 3,
 ( #11255, #9681, #9562, #10345 ),
 .UNSPECIFIED., .F., .F.,
 ( 4, 4 ),
 ( 4.000000000000000000, 5.000000000000000000 ),
 .UNSPECIFIED. ) ;
#6665 = CARTESIAN_POINT ( 'NONE',  ( -0.5949045768689246172, 2.149999999999999911, 0.2500559391938070308 ) ) ;
#6666 = ORIENTED_EDGE ( 'NONE', *, *, #4364, .T. ) ;
#6667 = ORIENTED_EDGE ( 'NONE', *, *, #11993, .T. ) ;
#6668 = SURFACE_STYLE_FILL_AREA ( #11421 ) ;
#6669 = ORIENTED_EDGE ( 'NONE', *, *, #9533, .T. ) ;
#6670 = FILL_AREA_STYLE_COLOUR ( '', #9427 ) ;
#6671 = CARTESIAN_POINT ( 'NONE',  ( 0.01429418234482157657, 2.150000000000000355, 0.2075863112039371683 ) ) ;
#6672 = PRESENTATION_LAYER_ASSIGNMENT (  '', '', ( #9615 ) ) ;
#6673 = ORIENTED_EDGE ( 'NONE', *, *, #6886, .T. ) ;
#6674 = CARTESIAN_POINT ( 'NONE',  ( 0.9090899521946753659, 2.150000000000000355, -0.1359010631206535868 ) ) ;
#6675 = CARTESIAN_POINT ( 'NONE',  ( 1.090469624761132295, 2.151000000000000689, -0.2242680689654359683 ) ) ;
#6676 = ORIENTED_EDGE ( 'NONE', *, *, #8478, .F. ) ;
#6677 = LINE ( 'NONE', #2020, #400 ) ;
#6678 = ADVANCED_FACE ( 'NONE', ( #1845 ), #2651, .F. ) ;
#6679 = FACE_OUTER_BOUND ( 'NONE', #642, .T. ) ;
#6680 = EDGE_CURVE ( 'NONE', #6936, #8876, #10600, .T. ) ;
#6681 = DIRECTION ( 'NONE',  ( 1.188166764367676342E-16, -1.000000000000000000, -0.000000000000000000 ) ) ;
#6682 = EDGE_CURVE ( 'NONE', #3966, #6079, #5635, .T. ) ;
#6683 = ORIENTED_EDGE ( 'NONE', *, *, #5554, .T. ) ;
#6684 = SURFACE_STYLE_USAGE ( .BOTH. , #2942 ) ;
#6685 = CARTESIAN_POINT ( 'NONE',  ( 0.5172782460321342368, 2.150000000000000355, 0.2633146077990298206 ) ) ;
#6686 = MECHANICAL_DESIGN_GEOMETRIC_PRESENTATION_REPRESENTATION (  '', ( #2321 ), #10807 ) ;
#6687 = VERTEX_POINT ( 'NONE', #986 ) ;
#6688 = CARTESIAN_POINT ( 'NONE',  ( -0.5024100845746103383, 2.151000000000000689, 0.07332478136463065066 ) ) ;
#6689 = UNCERTAINTY_MEASURE_WITH_UNIT (LENGTH_MEASURE( 1.000000000000000082E-05 ), #8718, 'distance_accuracy_value', 'NONE');
#6690 = EDGE_CURVE ( 'NONE', #11488, #10784, #4616, .T. ) ;
#6691 = VECTOR ( 'NONE', #9010, 1000.000000000000000 ) ;
#6692 = CARTESIAN_POINT ( 'NONE',  ( 0.02687940066214305340, 2.151000000000000689, -0.04218454116213064126 ) ) ;
#6693 = CARTESIAN_POINT ( 'NONE',  ( -0.4301479383248553723, 2.151000000000000689, -0.2488077055997019171 ) ) ;
#6694 = ORIENTED_EDGE ( 'NONE', *, *, #4915, .T. ) ;
#6695 = CARTESIAN_POINT ( 'NONE',  ( -0.4301479383248553723, 2.150000000000000355, -0.2488077055997019171 ) ) ;
#6696 = STYLED_ITEM ( 'NONE', ( #9783 ), #1378 ) ;
#6697 = ORIENTED_EDGE ( 'NONE', *, *, #562, .T. ) ;
#6698 = PRESENTATION_STYLE_ASSIGNMENT (( #11333 ) ) ;
#6699 = PRESENTATION_LAYER_ASSIGNMENT (  '', '', ( #3931 ) ) ;
#6700 = FACE_OUTER_BOUND ( 'NONE', #2922, .T. ) ;
#6701 = EDGE_CURVE ( 'NONE', #5837, #5918, #11778, .T. ) ;
#6702 = CARTESIAN_POINT ( 'NONE',  ( 0.000000000000000000, 0.000000000000000000, -1.750000000000000000 ) ) ;
#6703 = DIRECTION ( 'NONE',  ( 1.188166764367676342E-16, -1.000000000000000000, -0.000000000000000000 ) ) ;
#6704 = MECHANICAL_DESIGN_GEOMETRIC_PRESENTATION_REPRESENTATION (  '', ( #2151 ), #4724 ) ;
#6705 = UNCERTAINTY_MEASURE_WITH_UNIT (LENGTH_MEASURE( 1.000000000000000082E-05 ), #3654, 'distance_accuracy_value', 'NONE');
#6706 = CARTESIAN_POINT ( 'NONE',  ( 0.4334541846224440609, 2.150000000000000355, -0.1508426189987361887 ) ) ;
#6707 = PLANE ( 'NONE',  #5327 ) ;
#6708 = DIRECTION ( 'NONE',  ( 0.9999748501857348426, 0.000000000000000000, 0.007092178509963920248 ) ) ;
#6709 = DIRECTION ( 'NONE',  ( -0.3451999324527416091, 0.000000000000000000, 0.9385291719678311440 ) ) ;
#6710 = CARTESIAN_POINT ( 'NONE',  ( -0.7344055551458075204, 2.151000000000000245, -0.09250251743842428931 ) ) ;
#6711 = DIRECTION ( 'NONE',  ( -0.9999748501857348426, -0.000000000000000000, -0.007092178509965256852 ) ) ;
#6712 =( NAMED_UNIT ( * ) PLANE_ANGLE_UNIT ( ) SI_UNIT ( $, .RADIAN. ) );
#6713 =( GEOMETRIC_REPRESENTATION_CONTEXT ( 3 ) GLOBAL_UNCERTAINTY_ASSIGNED_CONTEXT ( ( #4078 ) ) GLOBAL_UNIT_ASSIGNED_CONTEXT ( ( #11611, #9861, #9038 ) ) REPRESENTATION_CONTEXT ( 'NONE', 'WORKASPACE' ) );
#6714 = EDGE_CURVE ( 'NONE', #8047, #1937, #1792, .T. ) ;
#6715 = DIRECTION ( 'NONE',  ( -1.000000000000000000, 0.000000000000000000, -0.000000000000000000 ) ) ;
#6716 = CARTESIAN_POINT ( 'NONE',  ( -0.7344055551458075204, 2.149999999999999911, -0.09250251743842428931 ) ) ;
#6717 = SURFACE_STYLE_FILL_AREA ( #2918 ) ;
#6718 = CARTESIAN_POINT ( 'NONE',  ( -0.09225650617322353475, 2.150000000000000355, -0.1994130191620575587 ) ) ;
#6719 = VERTEX_POINT ( 'NONE', #12178 ) ;
#6720 = VERTEX_POINT ( 'NONE', #1171 ) ;
#6721 = VECTOR ( 'NONE', #2957, 1000.000000000000114 ) ;
#6722 = LINE ( 'NONE', #7613, #8015 ) ;
#6723 = COLOUR_RGB ( '',1.000000000000000000, 1.000000000000000000, 1.000000000000000000 ) ;
#6724 = ORIENTED_EDGE ( 'NONE', *, *, #9976, .F. ) ;
#6725 = SURFACE_STYLE_USAGE ( .BOTH. , #5979 ) ;
#6726 = DIRECTION ( 'NONE',  ( 1.188166764367676342E-16, -1.000000000000000000, -0.000000000000000000 ) ) ;
#6727 = ORIENTED_EDGE ( 'NONE', *, *, #5497, .F. ) ;
#6728 = CARTESIAN_POINT ( 'NONE',  ( 0.8780789568942517498, 2.151000000000000689, -0.2489108842436381919 ) ) ;
#6729 = ORIENTED_EDGE ( 'NONE', *, *, #10695, .F. ) ;
#6730 = CARTESIAN_POINT ( 'NONE',  ( 0.7133942629646764511, 2.151000000000000689, 0.3398987606843663634 ) ) ;
#6731 = ORIENTED_EDGE ( 'NONE', *, *, #177, .F. ) ;
#6732 = SURFACE_STYLE_USAGE ( .BOTH. , #4927 ) ;
#6733 = CARTESIAN_POINT ( 'NONE',  ( -0.1528238405200043337, 2.150000000000000355, -0.1407828493238073297 ) ) ;
#6734 = PLANE ( 'NONE',  #5256 ) ;
#6735 = VECTOR ( 'NONE', #620, 1000.000000000000000 ) ;
#6736 = LINE ( 'NONE', #3315, #3419 ) ;
#6737 = ORIENTED_EDGE ( 'NONE', *, *, #10572, .T. ) ;
#6738 = ORIENTED_EDGE ( 'NONE', *, *, #4728, .F. ) ;
#6739 = B_SPLINE_SURFACE_WITH_KNOTS ( 'NONE', 3, 1, ( 
 ( #484, #3112 ),
 ( #1276, #6237 ),
 ( #1460, #10713 ),
 ( #1337, #7927 ) ),
 .UNSPECIFIED., .F., .F., .F.,
 ( 4, 4 ),
 ( 2, 2 ),
 ( 2.000000000000000000, 3.000000000000000000 ),
 ( 0.000000000000000000, 1.000000000000000000 ),
 .UNSPECIFIED. ) ;
#6740 = CARTESIAN_POINT ( 'NONE',  ( -0.09032349259495267568, 2.151000000000000689, 0.2830604974062453927 ) ) ;
#6741 = EDGE_CURVE ( 'NONE', #5695, #11561, #3890, .T. ) ;
#6742 = PLANE ( 'NONE',  #2343 ) ;
#6743 = VECTOR ( 'NONE', #6592, 1000.000000000000000 ) ;
#6744 = ADVANCED_FACE ( 'NONE', ( #4757 ), #7589, .F. ) ;
#6745 = SURFACE_STYLE_FILL_AREA ( #9513 ) ;
#6746 = VERTEX_POINT ( 'NONE', #11502 ) ;
#6747 = SURFACE_SIDE_STYLE ('',( #2947 ) ) ;
#6748 = SURFACE_STYLE_USAGE ( .BOTH. , #2953 ) ;
#6749 = FILL_AREA_STYLE ('',( #3078 ) ) ;
#6750 = COLOUR_RGB ( '',1.000000000000000000, 1.000000000000000000, 1.000000000000000000 ) ;
#6751 = CARTESIAN_POINT ( 'NONE',  ( -0.2241276755266178311, 2.151000000000000689, -0.2103302235974524870 ) ) ;
#6752 = CARTESIAN_POINT ( 'NONE',  ( -0.1803391311385203755, 2.150000000000000355, -0.1022980303033084598 ) ) ;
#6753 = CARTESIAN_POINT ( 'NONE',  ( 0.8528722148078964338, 2.150000000000000355, -0.1608821905521483631 ) ) ;
#6754 = EDGE_CURVE ( 'NONE', #8163, #7501, #10477, .T. ) ;
#6755 = ORIENTED_EDGE ( 'NONE', *, *, #11816, .T. ) ;
#6756 = EDGE_CURVE ( 'NONE', #5949, #2837, #5807, .T. ) ;
#6757 = PRESENTATION_STYLE_ASSIGNMENT (( #131 ) ) ;
#6758 = EDGE_LOOP ( 'NONE', ( #5930, #7117, #5101, #5707 ) ) ;
#6759 = COLOUR_RGB ( '',1.000000000000000000, 1.000000000000000000, 1.000000000000000000 ) ;
#6760 = CARTESIAN_POINT ( 'NONE',  ( -0.1529152799644944716, 2.150000000000000355, -0.1278901754188175866 ) ) ;
#6761 = CARTESIAN_POINT ( 'NONE',  ( -0.1882794288555473261, 2.150000000000000355, -0.1555912899434750696 ) ) ;
#6762 = SURFACE_STYLE_USAGE ( .BOTH. , #262 ) ;
#6763 = CARTESIAN_POINT ( 'NONE',  ( -0.5908525703183221678, 2.149999999999999911, 0.2358396357562537182 ) ) ;
#6764 = SURFACE_SIDE_STYLE ('',( #7656 ) ) ;
#6765 = STYLED_ITEM ( 'NONE', ( #3740 ), #11509 ) ;
#6766 = CARTESIAN_POINT ( 'NONE',  ( -0.04672251470035235221, 2.150000000000000355, -0.2495196030782849683 ) ) ;
#6767 = SURFACE_SIDE_STYLE ('',( #9599 ) ) ;
#6768 = CARTESIAN_POINT ( 'NONE',  ( 3.650000000000000355, -1.799999999999999600, 0.000000000000000000 ) ) ;
#6769 = EDGE_CURVE ( 'NONE', #1332, #36, #2820, .T. ) ;
#6770 = CARTESIAN_POINT ( 'NONE',  ( -0.5960003498453940729, 2.151000000000000689, 0.2432895711466760424 ) ) ;
#6771 = CARTESIAN_POINT ( 'NONE',  ( -0.2096868513068216588, 2.151000000000000689, -0.09865897376185628342 ) ) ;
#6772 = COLOUR_RGB ( '',1.000000000000000000, 1.000000000000000000, 1.000000000000000000 ) ;
#6773 = CARTESIAN_POINT ( 'NONE',  ( 0.5607286650431523300, 2.150000000000000355, -0.1542780025432169133 ) ) ;
#6774 = CARTESIAN_POINT ( 'NONE',  ( -0.7444765702114890527, 2.149999999999999911, -0.1165929566123915656 ) ) ;
#6775 = VECTOR ( 'NONE', #2146, 1000.000000000000000 ) ;
#6776 = ORIENTED_EDGE ( 'NONE', *, *, #2723, .T. ) ;
#6777 = CARTESIAN_POINT ( 'NONE',  ( 1.220933336993636820, 2.150000000000000355, -0.06572624123572964883 ) ) ;
#6778 = ORIENTED_EDGE ( 'NONE', *, *, #2124, .T. ) ;
#6779 = AXIS2_PLACEMENT_3D ( 'NONE', #5305, #6111, #8114 ) ;
#6780 = DIRECTION ( 'NONE',  ( 0.9999748501857348426, -0.000000000000000000, 0.007092178509964200406 ) ) ;
#6781 = ORIENTED_EDGE ( 'NONE', *, *, #7922, .T. ) ;
#6782 = LINE ( 'NONE', #9371, #6294 ) ;
#6783 = ADVANCED_FACE ( 'NONE', ( #10663 ), #2396, .F. ) ;
#6784 =( NAMED_UNIT ( * ) PLANE_ANGLE_UNIT ( ) SI_UNIT ( $, .RADIAN. ) );
#6785 =( NAMED_UNIT ( * ) PLANE_ANGLE_UNIT ( ) SI_UNIT ( $, .RADIAN. ) );
#6786 = ORIENTED_EDGE ( 'NONE', *, *, #6493, .T. ) ;
#6787 = ORIENTED_EDGE ( 'NONE', *, *, #10609, .T. ) ;
#6788 = CARTESIAN_POINT ( 'NONE',  ( 1.045727199617881409, 2.150000000000000355, -0.2361535754825709321 ) ) ;
#6789 = VERTEX_POINT ( 'NONE', #6187 ) ;
#6790 = CARTESIAN_POINT ( 'NONE',  ( 0.9098898580403098624, 2.151000000000000689, -0.2486852699799907418 ) ) ;
#6791 = STYLED_ITEM ( 'NONE', ( #2797 ), #11960 ) ;
#6792 = DIRECTION ( 'NONE',  ( 0.9999748501857348426, 0.000000000000000000, 0.007092178509963569834 ) ) ;
#6793 = CARTESIAN_POINT ( 'NONE',  ( -0.3342149895392093617, 2.151000000000000689, -0.2213008859696188602 ) ) ;
#6794 = EDGE_LOOP ( 'NONE', ( #6697, #2022, #3907, #4527 ) ) ;
#6795 = CARTESIAN_POINT ( 'NONE',  ( -0.4918686220256033303, 2.150000000000000355, 0.1776898870687715903 ) ) ;
#6796 = VECTOR ( 'NONE', #9942, 1000.000000000000114 ) ;
#6797 = FACE_OUTER_BOUND ( 'NONE', #5591, .T. ) ;
#6798 = CARTESIAN_POINT ( 'NONE',  ( -0.2844641781314494744, 2.150000000000000355, -0.3161922559700406365 ) ) ;
#6799 = VECTOR ( 'NONE', #10017, 1000.000000000000000 ) ;
#6800 = MECHANICAL_DESIGN_GEOMETRIC_PRESENTATION_REPRESENTATION (  '', ( #9555 ), #3636 ) ;
#6801 = CARTESIAN_POINT ( 'NONE',  ( 3.670000000000000373, -1.800000000000000044, -1.770000000000001572 ) ) ;
#6802 = ORIENTED_EDGE ( 'NONE', *, *, #6577, .F. ) ;
#6803 = LINE ( 'NONE', #4024, #7915 ) ;
#6804 = DIRECTION ( 'NONE',  ( -0.007092178509967855468, -8.426690792506474588E-19, 0.9999748501857348426 ) ) ;
#6805 = VECTOR ( 'NONE', #1750, 1000.000000000000000 ) ;
#6806 = UNCERTAINTY_MEASURE_WITH_UNIT (LENGTH_MEASURE( 1.000000000000000082E-05 ), #9056, 'distance_accuracy_value', 'NONE');
#6807 = FILL_AREA_STYLE ('',( #192 ) ) ;
#6808 = ORIENTED_EDGE ( 'NONE', *, *, #2103, .T. ) ;
#6809 = CARTESIAN_POINT ( 'NONE',  ( 0.8533131882925389933, 2.151000000000000689, -0.2230580641037888112 ) ) ;
#6810 =( NAMED_UNIT ( * ) SI_UNIT ( $, .STERADIAN. ) SOLID_ANGLE_UNIT ( ) );
#6811 = CARTESIAN_POINT ( 'NONE',  ( -0.01733093343168436162, 2.151000000000000689, -0.1640488540259005534 ) ) ;
#6812 = EDGE_LOOP ( 'NONE', ( #6553, #11407, #3615, #454 ) ) ;
#6813 = ORIENTED_EDGE ( 'NONE', *, *, #11040, .T. ) ;
#6814 = CARTESIAN_POINT ( 'NONE',  ( 0.02337378604298410295, 2.151000000000000689, 0.1002410129047179715 ) ) ;
#6815 = CARTESIAN_POINT ( 'NONE',  ( -0.6374052250181797552, 2.151000000000000245, -0.04689588479829736450 ) ) ;
#6816 = PLANE ( 'NONE',  #287 ) ;
#6817 = ADVANCED_FACE ( 'NONE', ( #5938 ), #8995, .F. ) ;
#6818 = CARTESIAN_POINT ( 'NONE',  ( 0.02353053427882507986, 2.151000000000000689, -0.2224028712754021475 ) ) ;
#6819 = EDGE_CURVE ( 'NONE', #3634, #3308, #5996, .T. ) ;
#6820 = EDGE_CURVE ( 'NONE', #1202, #5066, #10794, .T. ) ;
#6821 = UNCERTAINTY_MEASURE_WITH_UNIT (LENGTH_MEASURE( 1.000000000000000082E-05 ), #12138, 'distance_accuracy_value', 'NONE');
#6822 = CARTESIAN_POINT ( 'NONE',  ( 0.9402548304451936456, 2.150000000000000355, -0.2484699107590007949 ) ) ;
#6823 = CARTESIAN_POINT ( 'NONE',  ( 0.1060066890988795862, 2.151000000000000689, -0.1301089662694245308 ) ) ;
#6824 =( NAMED_UNIT ( * ) PLANE_ANGLE_UNIT ( ) SI_UNIT ( $, .RADIAN. ) );
#6825 = ORIENTED_EDGE ( 'NONE', *, *, #4936, .T. ) ;
#6826 = VERTEX_POINT ( 'NONE', #7998 ) ;
#6827 = DIRECTION ( 'NONE',  ( -0.9999748501857348426, -0.000000000000000000, -0.007092178509963405035 ) ) ;
#6828 = CARTESIAN_POINT ( 'NONE',  ( 0.3526758101960192904, 2.151000000000000689, -0.1788899421805487944 ) ) ;
#6829 =( NAMED_UNIT ( * ) SI_UNIT ( $, .STERADIAN. ) SOLID_ANGLE_UNIT ( ) );
#6830 = FACE_OUTER_BOUND ( 'NONE', #10901, .T. ) ;
#6831 = DIRECTION ( 'NONE',  ( 1.188166764367676342E-16, -1.000000000000000000, -0.000000000000000000 ) ) ;
#6832 = EDGE_CURVE ( 'NONE', #3251, #7561, #7878, .T. ) ;
#6833 = COLOUR_RGB ( '',1.000000000000000000, 1.000000000000000000, 1.000000000000000000 ) ;
#6834 = FILL_AREA_STYLE_COLOUR ( '', #3018 ) ;
#6835 = EDGE_LOOP ( 'NONE', ( #2677, #11872, #8103, #10223 ) ) ;
#6836 = VECTOR ( 'NONE', #6055, 1000.000000000000000 ) ;
#6837 = CARTESIAN_POINT ( 'NONE',  ( -0.8884403252923248617, 2.151000000000000245, -0.1964296311970459841 ) ) ;
#6838 = ORIENTED_EDGE ( 'NONE', *, *, #4937, .T. ) ;
#6839 = B_SPLINE_CURVE_WITH_KNOTS ( 'NONE', 3,
 ( #10819, #10688, #4955, #5206 ),
 .UNSPECIFIED., .F., .F.,
 ( 4, 4 ),
 ( 16.00000000000000000, 17.00000000000000000 ),
 .UNSPECIFIED. ) ;
#6840 = CARTESIAN_POINT ( 'NONE',  ( -0.6338833779905368448, 2.149999999999999911, -0.2502526700472043619 ) ) ;
#6841 = CARTESIAN_POINT ( 'NONE',  ( -0.3814892801183843440, 2.151000000000000689, 0.07418239486422290030 ) ) ;
#6842 = LINE ( 'NONE', #4746, #5511 ) ;
#6843 = EDGE_LOOP ( 'NONE', ( #3783, #8686, #3377, #5312 ) ) ;
#6844 = CARTESIAN_POINT ( 'NONE',  ( -0.08468347123331373960, 2.151000000000000689, 0.09625130166525268371 ) ) ;
#6845 = VERTEX_POINT ( 'NONE', #11743 ) ;
#6846 = VECTOR ( 'NONE', #11466, 1000.000000000000000 ) ;
#6847 = DIRECTION ( 'NONE',  ( 0.9999748501857348426, 0.000000000000000000, 0.007092178509963749378 ) ) ;
#6848 = CARTESIAN_POINT ( 'NONE',  ( -0.3838054770323672815, 2.150000000000000355, 0.2541525895137378699 ) ) ;
#6849 = EDGE_CURVE ( 'NONE', #2062, #6453, #4324, .T. ) ;
#6850 = EDGE_LOOP ( 'NONE', ( #3454, #11500, #10171, #9774 ) ) ;
#6851 = PRESENTATION_STYLE_ASSIGNMENT (( #11738 ) ) ;
#6852 = PRESENTATION_LAYER_ASSIGNMENT (  '', '', ( #9004 ) ) ;
#6853 = CARTESIAN_POINT ( 'NONE',  ( 0.6084551772325966779, 2.150000000000000355, 0.2523930829696912070 ) ) ;
#6854 = SURFACE_STYLE_FILL_AREA ( #8806 ) ;
#6855 = UNCERTAINTY_MEASURE_WITH_UNIT (LENGTH_MEASURE( 1.000000000000000082E-05 ), #5188, 'distance_accuracy_value', 'NONE');
#6856 = CARTESIAN_POINT ( 'NONE',  ( -0.3530814033311270306, 2.151000000000000689, 0.2543704956092782132 ) ) ;
#6857 = VERTEX_POINT ( 'NONE', #5121 ) ;
#6858 = MECHANICAL_DESIGN_GEOMETRIC_PRESENTATION_REPRESENTATION (  '', ( #9824 ), #4880 ) ;
#6859 = DIRECTION ( 'NONE',  ( -0.000000000000000000, -1.000000000000000000, -0.000000000000000000 ) ) ;
#6860 = EDGE_CURVE ( 'NONE', #3810, #7501, #5503, .T. ) ;
#6861 = UNCERTAINTY_MEASURE_WITH_UNIT (LENGTH_MEASURE( 1.000000000000000082E-05 ), #6498, 'distance_accuracy_value', 'NONE');
#6862 = CARTESIAN_POINT ( 'NONE',  ( -0.5395277201711268233, 2.151000000000000689, -0.2495834660481677791 ) ) ;
#6863 = ORIENTED_EDGE ( 'NONE', *, *, #6819, .T. ) ;
#6864 = CARTESIAN_POINT ( 'NONE',  ( -0.1791962239488290587, 2.151000000000000689, 0.2789988928581211280 ) ) ;
#6865 =( GEOMETRIC_REPRESENTATION_CONTEXT ( 3 ) GLOBAL_UNCERTAINTY_ASSIGNED_CONTEXT ( ( #6476 ) ) GLOBAL_UNIT_ASSIGNED_CONTEXT ( ( #7443, #1032, #4858 ) ) REPRESENTATION_CONTEXT ( 'NONE', 'WORKASPACE' ) );
#6866 = MECHANICAL_DESIGN_GEOMETRIC_PRESENTATION_REPRESENTATION (  '', ( #12137 ), #2891 ) ;
#6867 = LINE ( 'NONE', #5952, #12064 ) ;
#6868 = UNCERTAINTY_MEASURE_WITH_UNIT (LENGTH_MEASURE( 1.000000000000000082E-05 ), #10549, 'distance_accuracy_value', 'NONE');
#6869 = VERTEX_POINT ( 'NONE', #616 ) ;
#6870 = DIRECTION ( 'NONE',  ( 1.188166764367676342E-16, -1.000000000000000000, -0.000000000000000000 ) ) ;
#6871 = VERTEX_POINT ( 'NONE', #3568 ) ;
#6872 = CARTESIAN_POINT ( 'NONE',  ( -0.04579639820059405037, 2.151000000000000689, 0.1037016127255988435 ) ) ;
#6873 = MECHANICAL_DESIGN_GEOMETRIC_PRESENTATION_REPRESENTATION (  '', ( #6902 ), #4895 ) ;
#6874 = COLOUR_RGB ( '',1.000000000000000000, 1.000000000000000000, 1.000000000000000000 ) ;
#6875 =( NAMED_UNIT ( * ) SI_UNIT ( $, .STERADIAN. ) SOLID_ANGLE_UNIT ( ) );
#6876 = CARTESIAN_POINT ( 'NONE',  ( -0.08072253193853282105, 2.150000000000000355, 0.07288425256004332775 ) ) ;
#6877 = CARTESIAN_POINT ( 'NONE',  ( -0.09234130888384635416, 2.150000000000000355, -0.1874561038459374995 ) ) ;
#6878 = ORIENTED_EDGE ( 'NONE', *, *, #3197, .F. ) ;
#6879 = FILL_AREA_STYLE ('',( #1133 ) ) ;
#6880 = CARTESIAN_POINT ( 'NONE',  ( -0.2871336222989742670, 2.151000000000000689, 0.07485159886325951084 ) ) ;
#6881 = FILL_AREA_STYLE ('',( #7911 ) ) ;
#6882 =( GEOMETRIC_REPRESENTATION_CONTEXT ( 3 ) GLOBAL_UNCERTAINTY_ASSIGNED_CONTEXT ( ( #8268 ) ) GLOBAL_UNIT_ASSIGNED_CONTEXT ( ( #10904, #6961, #423 ) ) REPRESENTATION_CONTEXT ( 'NONE', 'WORKASPACE' ) );
#6883 = FACE_BOUND ( 'NONE', #10180, .T. ) ;
#6884 = B_SPLINE_CURVE_WITH_KNOTS ( 'NONE', 3,
 ( #10322, #11179, #5825, #136 ),
 .UNSPECIFIED., .F., .F.,
 ( 4, 4 ),
 ( 1.000000000000000000, 2.000000000000000000 ),
 .UNSPECIFIED. ) ;
#6885 = ORIENTED_EDGE ( 'NONE', *, *, #9432, .T. ) ;
#6886 = EDGE_CURVE ( 'NONE', #1340, #4714, #2680, .T. ) ;
#6887 = PRESENTATION_STYLE_ASSIGNMENT (( #11824 ) ) ;
#6888 = ORIENTED_EDGE ( 'NONE', *, *, #8674, .T. ) ;
#6889 =( LENGTH_UNIT ( ) NAMED_UNIT ( * ) SI_UNIT ( .MILLI., .METRE. ) );
#6890 = ADVANCED_FACE ( 'NONE', ( #10004 ), #5376, .T. ) ;
#6891 =( GEOMETRIC_REPRESENTATION_CONTEXT ( 3 ) GLOBAL_UNCERTAINTY_ASSIGNED_CONTEXT ( ( #2603 ) ) GLOBAL_UNIT_ASSIGNED_CONTEXT ( ( #2466, #8011, #3398 ) ) REPRESENTATION_CONTEXT ( 'NONE', 'WORKASPACE' ) );
#6892 = DIRECTION ( 'NONE',  ( 0.007092178509965757320, 0.000000000000000000, -0.9999748501857348426 ) ) ;
#6893 = MECHANICAL_DESIGN_GEOMETRIC_PRESENTATION_REPRESENTATION (  '', ( #10622 ), #1170 ) ;
#6894 =( NAMED_UNIT ( * ) SI_UNIT ( $, .STERADIAN. ) SOLID_ANGLE_UNIT ( ) );
#6895 = ORIENTED_EDGE ( 'NONE', *, *, #5341, .F. ) ;
#6896 = ORIENTED_EDGE ( 'NONE', *, *, #10339, .T. ) ;
#6897 = STYLED_ITEM ( 'NONE', ( #4761 ), #2876 ) ;
#6898 = VERTEX_POINT ( 'NONE', #8180 ) ;
#6899 = CARTESIAN_POINT ( 'NONE',  ( -0.6280992883290097417, 2.151000000000000245, 0.1510410241179897528 ) ) ;
#6900 = CARTESIAN_POINT ( 'NONE',  ( -0.08854739057699519134, 2.150000000000000355, -0.2092646614239567493 ) ) ;
#6901 = VECTOR ( 'NONE', #6056, 1000.000000000000000 ) ;
#6902 = STYLED_ITEM ( 'NONE', ( #801 ), #561 ) ;
#6903 = LINE ( 'NONE', #11619, #955 ) ;
#6904 = ORIENTED_EDGE ( 'NONE', *, *, #8828, .T. ) ;
#6905 = ORIENTED_EDGE ( 'NONE', *, *, #4594, .T. ) ;
#6906 = EDGE_CURVE ( 'NONE', #603, #4918, #2818, .T. ) ;
#6907 = CARTESIAN_POINT ( 'NONE',  ( -0.2227763871355599445, 2.150000000000000355, -0.2469210389254099802 ) ) ;
#6908 = B_SPLINE_SURFACE_WITH_KNOTS ( 'NONE', 3, 1, ( 
 ( #654, #3543 ),
 ( #7302, #3426 ),
 ( #8099, #7365 ),
 ( #6229, #10037 ) ),
 .UNSPECIFIED., .F., .F., .F.,
 ( 4, 4 ),
 ( 2, 2 ),
 ( 13.00000000000000000, 14.00000000000000000 ),
 ( 0.000000000000000000, 1.000000000000000000 ),
 .UNSPECIFIED. ) ;
#6909 = DIRECTION ( 'NONE',  ( 1.188166764367676342E-16, -1.000000000000000000, -0.000000000000000000 ) ) ;
#6910 =( NAMED_UNIT ( * ) PLANE_ANGLE_UNIT ( ) SI_UNIT ( $, .RADIAN. ) );
#6911 = EDGE_LOOP ( 'NONE', ( #5343, #8214, #976, #2071 ) ) ;
#6912 = MECHANICAL_DESIGN_GEOMETRIC_PRESENTATION_REPRESENTATION (  '', ( #3545 ), #10849 ) ;
#6913 = STYLED_ITEM ( 'NONE', ( #1876 ), #3891 ) ;
#6914 = PLANE ( 'NONE',  #4659 ) ;
#6915 = DIRECTION ( 'NONE',  ( 1.188166764367676342E-16, -1.000000000000000000, -0.000000000000000000 ) ) ;
#6916 = SURFACE_STYLE_USAGE ( .BOTH. , #3129 ) ;
#6917 = CARTESIAN_POINT ( 'NONE',  ( -0.1173966229314901133, 2.151000000000000689, -0.2465895616557980119 ) ) ;
#6918 = LINE ( 'NONE', #10666, #7256 ) ;
#6919 = FILL_AREA_STYLE ('',( #9467 ) ) ;
#6920 = EDGE_CURVE ( 'NONE', #1167, #3634, #7390, .T. ) ;
#6921 = PRESENTATION_STYLE_ASSIGNMENT (( #3132 ) ) ;
#6922 = ORIENTED_EDGE ( 'NONE', *, *, #10719, .F. ) ;
#6923 = MECHANICAL_DESIGN_GEOMETRIC_PRESENTATION_REPRESENTATION (  '', ( #1779 ), #1588 ) ;
#6924 = DIRECTION ( 'NONE',  ( 1.188166764367676342E-16, -1.000000000000000000, -0.000000000000000000 ) ) ;
#6925 = CARTESIAN_POINT ( 'NONE',  ( -0.7548041824439891689, 2.150000000000000355, -0.2511102835467770023 ) ) ;
#6926 = ORIENTED_EDGE ( 'NONE', *, *, #8518, .F. ) ;
#6927 = STYLED_ITEM ( 'NONE', ( #589 ), #12130 ) ;
#6928 = FILL_AREA_STYLE ('',( #3143 ) ) ;
#6929 =( GEOMETRIC_REPRESENTATION_CONTEXT ( 3 ) GLOBAL_UNCERTAINTY_ASSIGNED_CONTEXT ( ( #9465 ) ) GLOBAL_UNIT_ASSIGNED_CONTEXT ( ( #11938, #4645, #10190 ) ) REPRESENTATION_CONTEXT ( 'NONE', 'WORKASPACE' ) );
#6930 = DIRECTION ( 'NONE',  ( 1.000000000000000000, 0.000000000000000000, -1.084202172485504434E-16 ) ) ;
#6931 = DIRECTION ( 'NONE',  ( 0.9999748501857348426, 0.000000000000000000, 0.007092178509963519527 ) ) ;
#6932 = EDGE_LOOP ( 'NONE', ( #5175, #7143 ) ) ;
#6933 = EDGE_CURVE ( 'NONE', #9812, #1294, #10064, .T. ) ;
#6934 = B_SPLINE_SURFACE_WITH_KNOTS ( 'NONE', 3, 1, ( 
 ( #9034, #9791 ),
 ( #2431, #1388 ),
 ( #5286, #342 ),
 ( #9916, #1448 ) ),
 .UNSPECIFIED., .F., .F., .F.,
 ( 4, 4 ),
 ( 2, 2 ),
 ( 3.000000000000000000, 4.000000000000000000 ),
 ( 0.000000000000000000, 1.000000000000000000 ),
 .UNSPECIFIED. ) ;
#6935 = ORIENTED_EDGE ( 'NONE', *, *, #4210, .F. ) ;
#6936 = VERTEX_POINT ( 'NONE', #11150 ) ;
#6937 = CARTESIAN_POINT ( 'NONE',  ( -0.01566146792690180020, 2.151000000000000689, -0.1355469301539373450 ) ) ;
#6938 = MECHANICAL_DESIGN_GEOMETRIC_PRESENTATION_REPRESENTATION (  '', ( #9104 ), #5388 ) ;
#6939 = COLOUR_RGB ( '',1.000000000000000000, 1.000000000000000000, 1.000000000000000000 ) ;
#6940 = LINE ( 'NONE', #3221, #10929 ) ;
#6941 = PLANE ( 'NONE',  #9195 ) ;
#6942 = SURFACE_STYLE_FILL_AREA ( #8147 ) ;
#6943 = ORIENTED_EDGE ( 'NONE', *, *, #10523, .F. ) ;
#6944 = UNCERTAINTY_MEASURE_WITH_UNIT (LENGTH_MEASURE( 1.000000000000000082E-05 ), #2653, 'distance_accuracy_value', 'NONE');
#6945 = LINE ( 'NONE', #5722, #6086 ) ;
#6946 = VECTOR ( 'NONE', #1972, 1000.000000000000000 ) ;
#6947 = PLANE ( 'NONE',  #6097 ) ;
#6948 = CARTESIAN_POINT ( 'NONE',  ( -0.2872980658160909084, 2.151000000000000689, 0.09803761725832114970 ) ) ;
#6949 = EDGE_LOOP ( 'NONE', ( #5679, #175, #7110, #6755 ) ) ;
#6950 = B_SPLINE_CURVE_WITH_KNOTS ( 'NONE', 3,
 ( #10374, #5645, #9524, #11275 ),
 .UNSPECIFIED., .F., .F.,
 ( 4, 4 ),
 ( 6.000000000000000000, 7.000000000000000000 ),
 .UNSPECIFIED. ) ;
#6951 = LINE ( 'NONE', #9858, #7558 ) ;
#6952 = SURFACE_STYLE_USAGE ( .BOTH. , #10898 ) ;
#6953 = PRESENTATION_LAYER_ASSIGNMENT (  '', '', ( #8699 ) ) ;
#6954 = CARTESIAN_POINT ( 'NONE',  ( -0.3030182329024200816, 2.150000000000000355, -0.2877297861133293888 ) ) ;
#6955 =( NAMED_UNIT ( * ) SI_UNIT ( $, .STERADIAN. ) SOLID_ANGLE_UNIT ( ) );
#6956 = MECHANICAL_DESIGN_GEOMETRIC_PRESENTATION_REPRESENTATION (  '', ( #4975 ), #5582 ) ;
#6957 = ORIENTED_EDGE ( 'NONE', *, *, #89, .F. ) ;
#6958 = SURFACE_SIDE_STYLE ('',( #4247 ) ) ;
#6959 = ORIENTED_EDGE ( 'NONE', *, *, #8948, .T. ) ;
#6960 =( NAMED_UNIT ( * ) PLANE_ANGLE_UNIT ( ) SI_UNIT ( $, .RADIAN. ) );
#6961 =( NAMED_UNIT ( * ) PLANE_ANGLE_UNIT ( ) SI_UNIT ( $, .RADIAN. ) );
#6962 = CARTESIAN_POINT ( 'NONE',  ( -0.2336961527973537012, 2.151000000000000689, -0.2393040837074693061 ) ) ;
#6963 = CARTESIAN_POINT ( 'NONE',  ( 0.4556048220893331724, 2.151000000000000689, 0.1920220431351201129 ) ) ;
#6964 = ORIENTED_EDGE ( 'NONE', *, *, #10507, .F. ) ;
#6965 = ORIENTED_EDGE ( 'NONE', *, *, #9884, .F. ) ;
#6966 = FILL_AREA_STYLE_COLOUR ( '', #1053 ) ;
#6967 = FACE_OUTER_BOUND ( 'NONE', #8546, .T. ) ;
#6968 = SURFACE_STYLE_USAGE ( .BOTH. , #7086 ) ;
#6969 = ORIENTED_EDGE ( 'NONE', *, *, #1897, .T. ) ;
#6970 = ADVANCED_FACE ( 'NONE', ( #2620 ), #10227, .T. ) ;
#6971 = FILL_AREA_STYLE ('',( #8056 ) ) ;
#6972 = ADVANCED_FACE ( 'NONE', ( #10408 ), #11361, .F. ) ;
#6973 = EDGE_CURVE ( 'NONE', #10023, #6033, #3270, .T. ) ;
#6974 = FACE_OUTER_BOUND ( 'NONE', #3645, .T. ) ;
#6975 = CARTESIAN_POINT ( 'NONE',  ( -3.669999999999997708, 1.800000000000000044, 0.000000000000000000 ) ) ;
#6976 = LINE ( 'NONE', #3389, #1540 ) ;
#6977 = ORIENTED_EDGE ( 'NONE', *, *, #3662, .F. ) ;
#6978 = VECTOR ( 'NONE', #7156, 1000.000000000000114 ) ;
#6979 = CARTESIAN_POINT ( 'NONE',  ( -0.1964638132163225304, 2.151000000000000689, -0.1598084727857942144 ) ) ;
#6980 = UNCERTAINTY_MEASURE_WITH_UNIT (LENGTH_MEASURE( 1.000000000000000082E-05 ), #4281, 'distance_accuracy_value', 'NONE');
#6981 = CARTESIAN_POINT ( 'NONE',  ( -0.5361773789580540628, 2.151000000000000689, -0.06957308228797348670 ) ) ;
#6982 = ORIENTED_EDGE ( 'NONE', *, *, #7700, .F. ) ;
#6983 = EDGE_CURVE ( 'NONE', #4532, #11121, #6782, .T. ) ;
#6984 = CARTESIAN_POINT ( 'NONE',  ( -0.4315903218202884473, 2.151000000000000689, -0.04543617205330258146 ) ) ;
#6985 = LINE ( 'NONE', #8012, #4238 ) ;
#6986 = CARTESIAN_POINT ( 'NONE',  ( 0.3878605918180507706, 2.151000000000000689, -0.04271421969628785842 ) ) ;
#6987 =( NAMED_UNIT ( * ) PLANE_ANGLE_UNIT ( ) SI_UNIT ( $, .RADIAN. ) );
#6988 = VERTEX_POINT ( 'NONE', #39 ) ;
#6989 = CARTESIAN_POINT ( 'NONE',  ( -0.1220798914261043283, 2.151000000000000689, 0.07654211085997418562 ) ) ;
#6990 = ORIENTED_EDGE ( 'NONE', *, *, #7418, .F. ) ;
#6991 = VERTEX_POINT ( 'NONE', #9560 ) ;
#6992 = PRESENTATION_STYLE_ASSIGNMENT (( #3218 ) ) ;
#6993 = PLANE ( 'NONE',  #4759 ) ;
#6994 = VECTOR ( 'NONE', #3692, 1000.000000000000000 ) ;
#6995 = CARTESIAN_POINT ( 'NONE',  ( -0.4565656089491588188, 2.151000000000000689, -0.2258078844605693469 ) ) ;
#6996 = PRESENTATION_STYLE_ASSIGNMENT (( #10756 ) ) ;
#6997 = FILL_AREA_STYLE_COLOUR ( '', #6939 ) ;
#6998 = ORIENTED_EDGE ( 'NONE', *, *, #3644, .F. ) ;
#6999 = ADVANCED_FACE ( 'NONE', ( #2926 ), #229, .F. ) ;
#7000 = FACE_OUTER_BOUND ( 'NONE', #4620, .T. ) ;
#7001 = CARTESIAN_POINT ( 'NONE',  ( -0.01303748500803551813, 2.150000000000000355, 0.1761989432650036547 ) ) ;
#7002 = SURFACE_STYLE_USAGE ( .BOTH. , #5152 ) ;
#7003 = VERTEX_POINT ( 'NONE', #2747 ) ;
#7004 = CARTESIAN_POINT ( 'NONE',  ( -0.6338918617414532886, 2.149999999999999911, -0.2270655455298175862 ) ) ;
#7005 = CARTESIAN_POINT ( 'NONE',  ( -0.2046567300647318677, 2.150000000000000355, 0.1670415306926976151 ) ) ;
#7006 = SURFACE_STYLE_FILL_AREA ( #10835 ) ;
#7007 = PLANE ( 'NONE',  #1512 ) ;
#7008 = CARTESIAN_POINT ( 'NONE',  ( -0.2046567300647318677, 2.150000000000000355, 0.1670415306926975874 ) ) ;
#7009 = FILL_AREA_STYLE_COLOUR ( '', #5539 ) ;
#7010 = ORIENTED_EDGE ( 'NONE', *, *, #1597, .F. ) ;
#7011 = B_SPLINE_CURVE_WITH_KNOTS ( 'NONE', 3,
 ( #1216, #5854, #9264, #5574 ),
 .UNSPECIFIED., .F., .F.,
 ( 4, 4 ),
 ( 3.000000000000000000, 4.000000000000000000 ),
 .UNSPECIFIED. ) ;
#7012 = DIRECTION ( 'NONE',  ( 1.188166764367676342E-16, -1.000000000000000000, -0.000000000000000000 ) ) ;
#7013 = VERTEX_POINT ( 'NONE', #5794 ) ;
#7014 = AXIS2_PLACEMENT_3D ( 'NONE', #8093, #1564, #405 ) ;
#7015 = CARTESIAN_POINT ( 'NONE',  ( -0.05840844745475730349, 2.151000000000000689, -0.1778573832820175005 ) ) ;
#7016 = SURFACE_STYLE_USAGE ( .BOTH. , #1518 ) ;
#7017 = CARTESIAN_POINT ( 'NONE',  ( 0.9846177179837275473, 2.151000000000000689, 0.2246944621440921941 ) ) ;
#7018 = CARTESIAN_POINT ( 'NONE',  ( 0.7634386125451618765, 2.150000000000000355, -0.1918829026444843211 ) ) ;
#7019 = EDGE_LOOP ( 'NONE', ( #224, #8555, #7646, #8483 ) ) ;
#7020 = CARTESIAN_POINT ( 'NONE',  ( -0.1009309085204929124, 2.150000000000000355, -0.09788763780264009284 ) ) ;
#7021 = ORIENTED_EDGE ( 'NONE', *, *, #7392, .F. ) ;
#7022 = EDGE_CURVE ( 'NONE', #5837, #6272, #10342, .T. ) ;
#7023 = CARTESIAN_POINT ( 'NONE',  ( -0.8122349957241151719, 2.151000000000000245, -0.1729099279294075420 ) ) ;
#7024 = STYLED_ITEM ( 'NONE', ( #5114 ), #8988 ) ;
#7025 = LINE ( 'NONE', #10788, #7358 ) ;
#7026 = ORIENTED_EDGE ( 'NONE', *, *, #10133, .F. ) ;
#7027 = VECTOR ( 'NONE', #1312, 1000.000000000000000 ) ;
#7028 = VECTOR ( 'NONE', #497, 1000.000000000000114 ) ;
#7029 = DIRECTION ( 'NONE',  ( 0.9999748501857351757, 0.000000000000000000, 0.007092178509925102341 ) ) ;
#7030 = CARTESIAN_POINT ( 'NONE',  ( 1.046793605325025522, 2.150000000000000355, 0.2251354357265357986 ) ) ;
#7031 = DIRECTION ( 'NONE',  ( 0.007092178509959435988, 0.000000000000000000, -0.9999748501857349536 ) ) ;
#7032 = CARTESIAN_POINT ( 'NONE',  ( 0.8873083122526428390, 2.150000000000000355, 0.2847373018349151907 ) ) ;
#7033 = FACE_OUTER_BOUND ( 'NONE', #7472, .T. ) ;
#7034 = EDGE_CURVE ( 'NONE', #10620, #5985, #8480, .T. ) ;
#7035 = VERTEX_POINT ( 'NONE', #3110 ) ;
#7036 = EDGE_CURVE ( 'NONE', #7686, #10310, #4121, .T. ) ;
#7037 = DIRECTION ( 'NONE',  ( -0.3625544874979447219, 0.000000000000000000, 0.9319625762846396322 ) ) ;
#7038 = EDGE_CURVE ( 'NONE', #10587, #9741, #7076, .T. ) ;
#7039 = VECTOR ( 'NONE', #8318, 1000.000000000000000 ) ;
#7040 = CARTESIAN_POINT ( 'NONE',  ( -0.09041529494550032409, 2.150000000000000355, 0.2593527695899005003 ) ) ;
#7041 = FILL_AREA_STYLE_COLOUR ( '', #1389 ) ;
#7042 = CARTESIAN_POINT ( 'NONE',  ( -0.7141023987052347310, 2.151000000000000245, -0.07437025585304256337 ) ) ;
#7043 = DIRECTION ( 'NONE',  ( 0.9999748501857348426, 0.000000000000000000, 0.007092178509963681723 ) ) ;
#7044 = SURFACE_STYLE_FILL_AREA ( #1367 ) ;
#7045 = VERTEX_POINT ( 'NONE', #10844 ) ;
#7046 = LINE ( 'NONE', #388, #3871 ) ;
#7047 = ORIENTED_EDGE ( 'NONE', *, *, #2722, .T. ) ;
#7048 = VECTOR ( 'NONE', #5717, 1000.000000000000000 ) ;
#7049 = VERTEX_POINT ( 'NONE', #1274 ) ;
#7050 = DIRECTION ( 'NONE',  ( -0.9999748501857348426, -0.000000000000000000, -0.007092178509963681723 ) ) ;
#7051 = LINE ( 'NONE', #457, #10081 ) ;
#7052 = EDGE_CURVE ( 'NONE', #5945, #475, #3578, .T. ) ;
#7053 = FACE_OUTER_BOUND ( 'NONE', #5135, .T. ) ;
#7054 = PLANE ( 'NONE',  #5063 ) ;
#7055 = SURFACE_SIDE_STYLE ('',( #7115 ) ) ;
#7056 = ORIENTED_EDGE ( 'NONE', *, *, #4544, .F. ) ;
#7057 = MECHANICAL_DESIGN_GEOMETRIC_PRESENTATION_REPRESENTATION (  '', ( #952 ), #11180 ) ;
#7058 = UNCERTAINTY_MEASURE_WITH_UNIT (LENGTH_MEASURE( 1.000000000000000082E-05 ), #1582, 'distance_accuracy_value', 'NONE');
#7059 = CARTESIAN_POINT ( 'NONE',  ( -0.6563943592070254907, 2.151000000000000245, 0.07223266993481067266 ) ) ;
#7060 = ORIENTED_EDGE ( 'NONE', *, *, #10317, .T. ) ;
#7061 =( GEOMETRIC_REPRESENTATION_CONTEXT ( 3 ) GLOBAL_UNCERTAINTY_ASSIGNED_CONTEXT ( ( #3735 ) ) GLOBAL_UNIT_ASSIGNED_CONTEXT ( ( #4416, #9399, #6583 ) ) REPRESENTATION_CONTEXT ( 'NONE', 'WORKASPACE' ) );
#7062 = SURFACE_SIDE_STYLE ('',( #9160 ) ) ;
#7063 = AXIS2_PLACEMENT_3D ( 'NONE', #2509, #3626, #1714 ) ;
#7064 = ADVANCED_FACE ( 'NONE', ( #4980 ), #9801, .F. ) ;
#7065 = CARTESIAN_POINT ( 'NONE',  ( 0.5114124334668919136, 2.150000000000000355, 0.07095187897368923635 ) ) ;
#7066 = COLOUR_RGB ( '',0.6470588235294117974, 0.6196078431372549211, 0.5882352941176470784 ) ;
#7067 = CARTESIAN_POINT ( 'NONE',  ( -0.2725644113077355657, 2.150000000000000355, -0.3153800097296737825 ) ) ;
#7068 = DIRECTION ( 'NONE',  ( 1.188166764367676342E-16, -1.000000000000000000, -0.000000000000000000 ) ) ;
#7069 = CARTESIAN_POINT ( 'NONE',  ( -0.09244012247709731955, 2.150000000000000355, -0.1735236981727673877 ) ) ;
#7070 = PLANE ( 'NONE',  #9475 ) ;
#7071 = B_SPLINE_CURVE_WITH_KNOTS ( 'NONE', 3,
 ( #11017, #11772, #8898, #9913 ),
 .UNSPECIFIED., .F., .F.,
 ( 4, 4 ),
 ( 0.000000000000000000, 1.000000000000000000 ),
 .UNSPECIFIED. ) ;
#7072 = VECTOR ( 'NONE', #2248, 1000.000000000000000 ) ;
#7073 = ORIENTED_EDGE ( 'NONE', *, *, #4876, .F. ) ;
#7074 = VECTOR ( 'NONE', #2412, 1000.000000000000000 ) ;
#7075 = ORIENTED_EDGE ( 'NONE', *, *, #2143, .T. ) ;
#7076 = LINE ( 'NONE', #11550, #10806 ) ;
#7077 = CARTESIAN_POINT ( 'NONE',  ( -0.3838054770323672260, 2.151000000000000689, 0.2541525895137378699 ) ) ;
#7078 = ORIENTED_EDGE ( 'NONE', *, *, #11285, .F. ) ;
#7079 = FILL_AREA_STYLE_COLOUR ( '', #10405 ) ;
#7080 = ORIENTED_EDGE ( 'NONE', *, *, #6004, .T. ) ;
#7081 = EDGE_CURVE ( 'NONE', #918, #3526, #190, .T. ) ;
#7082 = DIRECTION ( 'NONE',  ( 0.007092178509881082865, 8.426690792403376669E-19, -0.9999748501857353977 ) ) ;
#7083 = VERTEX_POINT ( 'NONE', #9867 ) ;
#7084 =( GEOMETRIC_REPRESENTATION_CONTEXT ( 3 ) GLOBAL_UNCERTAINTY_ASSIGNED_CONTEXT ( ( #1991 ) ) GLOBAL_UNIT_ASSIGNED_CONTEXT ( ( #3521, #7283, #629 ) ) REPRESENTATION_CONTEXT ( 'NONE', 'WORKASPACE' ) );
#7085 = CARTESIAN_POINT ( 'NONE',  ( 1.151394310051910841, 2.151000000000000689, 0.1564681686824290763 ) ) ;
#7086 = SURFACE_SIDE_STYLE ('',( #8053 ) ) ;
#7087 = FACE_OUTER_BOUND ( 'NONE', #723, .T. ) ;
#7088 = ORIENTED_EDGE ( 'NONE', *, *, #11300, .T. ) ;
#7089 = VECTOR ( 'NONE', #5637, 1000.000000000000000 ) ;
#7090 = VECTOR ( 'NONE', #5088, 1000.000000000000000 ) ;
#7091 = FILL_AREA_STYLE ('',( #7876 ) ) ;
#7092 = CARTESIAN_POINT ( 'NONE',  ( 1.106251918391773614, 2.151000000000000689, 0.2009747379192239336 ) ) ;
#7093 = FILL_AREA_STYLE_COLOUR ( '', #8241 ) ;
#7094 = CARTESIAN_POINT ( 'NONE',  ( -0.7141023987052347310, 2.151000000000000245, -0.07437025585304256337 ) ) ;
#7095 =( LENGTH_UNIT ( ) NAMED_UNIT ( * ) SI_UNIT ( .MILLI., .METRE. ) );
#7096 = LINE ( 'NONE', #9128, #4307 ) ;
#7097 = FILL_AREA_STYLE ('',( #6128 ) ) ;
#7098 = ORIENTED_EDGE ( 'NONE', *, *, #20, .T. ) ;
#7099 = MECHANICAL_DESIGN_GEOMETRIC_PRESENTATION_REPRESENTATION (  '', ( #12173 ), #5537 ) ;
#7100 = VECTOR ( 'NONE', #8488, 1000.000000000000000 ) ;
#7101 = LINE ( 'NONE', #4277, #10196 ) ;
#7102 = CARTESIAN_POINT ( 'NONE',  ( 0.4927689662109022706, 2.150000000000000355, -0.1547599969808891585 ) ) ;
#7103 = ADVANCED_FACE ( 'NONE', ( #10584 ), #5042, .F. ) ;
#7104 = B_SPLINE_SURFACE_WITH_KNOTS ( 'NONE', 3, 1, ( 
 ( #3637, #7624 ),
 ( #5748, #8427 ),
 ( #3947, #8670 ),
 ( #2814, #10472 ) ),
 .UNSPECIFIED., .F., .F., .F.,
 ( 4, 4 ),
 ( 2, 2 ),
 ( 1.000000000000000000, 2.000000000000000000 ),
 ( 0.000000000000000000, 1.000000000000000000 ),
 .UNSPECIFIED. ) ;
#7105 = CARTESIAN_POINT ( 'NONE',  ( -0.7548041824439889469, 2.149999999999999911, -0.2511102835467768912 ) ) ;
#7106 = FACE_OUTER_BOUND ( 'NONE', #4254, .T. ) ;
#7107 = FACE_OUTER_BOUND ( 'NONE', #1371, .T. ) ;
#7108 = UNCERTAINTY_MEASURE_WITH_UNIT (LENGTH_MEASURE( 1.000000000000000082E-05 ), #9844, 'distance_accuracy_value', 'NONE');
#7109 = VERTEX_POINT ( 'NONE', #11963 ) ;
#7110 = ORIENTED_EDGE ( 'NONE', *, *, #782, .T. ) ;
#7111 = ORIENTED_EDGE ( 'NONE', *, *, #5231, .T. ) ;
#7112 = CARTESIAN_POINT ( 'NONE',  ( 3.650000000000000355, 2.150000000000000799, 1.750000000000000000 ) ) ;
#7113 = CARTESIAN_POINT ( 'NONE',  ( -0.2336961527973537012, 2.151000000000000689, -0.2393040837074693061 ) ) ;
#7114 = DIRECTION ( 'NONE',  ( 0.000000000000000000, -1.000000000000000000, 0.000000000000000000 ) ) ;
#7115 = SURFACE_STYLE_FILL_AREA ( #9779 ) ;
#7116 = STYLED_ITEM ( 'NONE', ( #8937 ), #3754 ) ;
#7117 = ORIENTED_EDGE ( 'NONE', *, *, #9312, .F. ) ;
#7118 = EDGE_CURVE ( 'NONE', #10539, #1790, #3550, .T. ) ;
#7119 = EDGE_CURVE ( 'NONE', #3191, #1385, #2605, .T. ) ;
#7120 = CARTESIAN_POINT ( 'NONE',  ( -3.669999999999997708, 1.800000000000000044, 0.000000000000000000 ) ) ;
#7121 = EDGE_CURVE ( 'NONE', #11563, #4081, #534, .T. ) ;
#7122 = B_SPLINE_CURVE_WITH_KNOTS ( 'NONE', 3,
 ( #4201, #11736, #1526, #1471 ),
 .UNSPECIFIED., .F., .F.,
 ( 4, 4 ),
 ( 11.00000000000000000, 12.00000000000000000 ),
 .UNSPECIFIED. ) ;
#7123 = DIRECTION ( 'NONE',  ( 1.188166764367676342E-16, -1.000000000000000000, -0.000000000000000000 ) ) ;
#7124 = SURFACE_SIDE_STYLE ('',( #3354 ) ) ;
#7125 = UNCERTAINTY_MEASURE_WITH_UNIT (LENGTH_MEASURE( 1.000000000000000082E-05 ), #8070, 'distance_accuracy_value', 'NONE');
#7126 = SURFACE_STYLE_USAGE ( .BOTH. , #3421 ) ;
#7127 = PRESENTATION_LAYER_ASSIGNMENT (  '', '', ( #10511 ) ) ;
#7128 = DIRECTION ( 'NONE',  ( 0.000000000000000000, -0.000000000000000000, 1.000000000000000000 ) ) ;
#7129 = LINE ( 'NONE', #7005, #5726 ) ;
#7130 = AXIS2_PLACEMENT_3D ( 'NONE', #9656, #8768, #1194 ) ;
#7131 = CARTESIAN_POINT ( 'NONE',  ( 0.7989002566522885873, 2.151000000000000689, -0.09474780794363978076 ) ) ;
#7132 = LINE ( 'NONE', #2488, #4355 ) ;
#7133 = VECTOR ( 'NONE', #1386, 999.9999999999998863 ) ;
#7134 = ORIENTED_EDGE ( 'NONE', *, *, #10490, .T. ) ;
#7135 = PRESENTATION_LAYER_ASSIGNMENT (  '', '', ( #11076 ) ) ;
#7136 = ADVANCED_FACE ( 'NONE', ( #10047 ), #810, .F. ) ;
#7137 =( NAMED_UNIT ( * ) PLANE_ANGLE_UNIT ( ) SI_UNIT ( $, .RADIAN. ) );
#7138 = FILL_AREA_STYLE ('',( #3611 ) ) ;
#7139 = CARTESIAN_POINT ( 'NONE',  ( 0.4998448380643135125, 2.150000000000000355, 0.07086983745883435049 ) ) ;
#7140 = SURFACE_SIDE_STYLE ('',( #5235 ) ) ;
#7141 =( NAMED_UNIT ( * ) SI_UNIT ( $, .STERADIAN. ) SOLID_ANGLE_UNIT ( ) );
#7142 =( NAMED_UNIT ( * ) SI_UNIT ( $, .STERADIAN. ) SOLID_ANGLE_UNIT ( ) );
#7143 = ORIENTED_EDGE ( 'NONE', *, *, #8160, .T. ) ;
#7144 = PRESENTATION_STYLE_ASSIGNMENT (( #11792 ) ) ;
#7145 = ORIENTED_EDGE ( 'NONE', *, *, #4566, .F. ) ;
#7146 = FILL_AREA_STYLE_COLOUR ( '', #9954 ) ;
#7147 =( GEOMETRIC_REPRESENTATION_CONTEXT ( 3 ) GLOBAL_UNCERTAINTY_ASSIGNED_CONTEXT ( ( #2481 ) ) GLOBAL_UNIT_ASSIGNED_CONTEXT ( ( #1670, #5455, #817 ) ) REPRESENTATION_CONTEXT ( 'NONE', 'WORKASPACE' ) );
#7148 =( NAMED_UNIT ( * ) SI_UNIT ( $, .STERADIAN. ) SOLID_ANGLE_UNIT ( ) );
#7149 = DIRECTION ( 'NONE',  ( -0.9999748501857348426, -5.120907607230715878E-15, -0.007092178509963724224 ) ) ;
#7150 = ORIENTED_EDGE ( 'NONE', *, *, #3023, .T. ) ;
#7151 = ORIENTED_EDGE ( 'NONE', *, *, #7178, .T. ) ;
#7152 = EDGE_CURVE ( 'NONE', #6337, #4384, #12020, .T. ) ;
#7153 = VECTOR ( 'NONE', #3800, 1000.000000000000000 ) ;
#7154 = CARTESIAN_POINT ( 'NONE',  ( -0.4158391740265860448, 2.150000000000000355, 0.2773205366026971208 ) ) ;
#7155 = CARTESIAN_POINT ( 'NONE',  ( 0.7634386125451609884, 2.151000000000000689, -0.1918829026444843766 ) ) ;
#7156 = DIRECTION ( 'NONE',  ( -0.007092178509968432264, -0.000000000000000000, 0.9999748501857348426 ) ) ;
#7157 = ORIENTED_EDGE ( 'NONE', *, *, #194, .F. ) ;
#7158 = DIRECTION ( 'NONE',  ( -0.9319625762846396322, -1.107326958775883655E-16, -0.3625544874979447219 ) ) ;
#7159 = PRESENTATION_LAYER_ASSIGNMENT (  '', '', ( #6594 ) ) ;
#7160 = PLANE ( 'NONE',  #3941 ) ;
#7161 = FILL_AREA_STYLE_COLOUR ( '', #10142 ) ;
#7162 = LINE ( 'NONE', #11698, #2716 ) ;
#7163 = ORIENTED_EDGE ( 'NONE', *, *, #2521, .F. ) ;
#7164 = FILL_AREA_STYLE_COLOUR ( '', #718 ) ;
#7165 = ORIENTED_EDGE ( 'NONE', *, *, #5390, .T. ) ;
#7166 =( NAMED_UNIT ( * ) PLANE_ANGLE_UNIT ( ) SI_UNIT ( $, .RADIAN. ) );
#7167 = EDGE_LOOP ( 'NONE', ( #8229, #5169, #3946, #9771 ) ) ;
#7168 = SURFACE_SIDE_STYLE ('',( #8886 ) ) ;
#7169 = VECTOR ( 'NONE', #11973, 1000.000000000000000 ) ;
#7170 = ORIENTED_EDGE ( 'NONE', *, *, #6680, .T. ) ;
#7171 = UNCERTAINTY_MEASURE_WITH_UNIT (LENGTH_MEASURE( 1.000000000000000082E-05 ), #10148, 'distance_accuracy_value', 'NONE');
#7172 = MECHANICAL_DESIGN_GEOMETRIC_PRESENTATION_REPRESENTATION (  '', ( #8738 ), #277 ) ;
#7173 = CARTESIAN_POINT ( 'NONE',  ( 3.650000000000000355, -1.799999999999999600, -1.750000000000000000 ) ) ;
#7174 = COLOUR_RGB ( '',1.000000000000000000, 1.000000000000000000, 1.000000000000000000 ) ;
#7175 = VECTOR ( 'NONE', #1335, 1000.000000000000000 ) ;
#7176 = CARTESIAN_POINT ( 'NONE',  ( -0.8503688307904906374, 2.151000000000000245, -0.08864594207410317339 ) ) ;
#7177 = DIRECTION ( 'NONE',  ( 0.3962797719141814001, -0.000000000000000000, -0.9181298069290879660 ) ) ;
#7178 = EDGE_CURVE ( 'NONE', #1317, #5837, #8249, .T. ) ;
#7179 = EDGE_CURVE ( 'NONE', #101, #2897, #8042, .T. ) ;
#7180 = ADVANCED_FACE ( 'NONE', ( #2441 ), #6235, .F. ) ;
#7181 = SURFACE_STYLE_FILL_AREA ( #10897 ) ;
#7182 = CARTESIAN_POINT ( 'NONE',  ( -0.1371080723958850167, 2.151000000000000689, 0.08433788454482407659 ) ) ;
#7183 = LINE ( 'NONE', #5290, #9268 ) ;
#7184 = UNCERTAINTY_MEASURE_WITH_UNIT (LENGTH_MEASURE( 1.000000000000000082E-05 ), #5197, 'distance_accuracy_value', 'NONE');
#7185 = VECTOR ( 'NONE', #5853, 1000.000000000000114 ) ;
#7186 = ORIENTED_EDGE ( 'NONE', *, *, #4279, .T. ) ;
#7187 = CARTESIAN_POINT ( 'NONE',  ( -0.4275560387544145025, 2.150000000000000355, 0.1041133893125510551 ) ) ;
#7188 = PLANE ( 'NONE',  #7370 ) ;
#7189 = CARTESIAN_POINT ( 'NONE',  ( -0.4606589594673863308, 2.151000000000000689, 0.1021109786709008538 ) ) ;
#7190 = CARTESIAN_POINT ( 'NONE',  ( -0.7336187334742199084, 2.151000000000000245, -0.2034418969342010330 ) ) ;
#7191 = DIRECTION ( 'NONE',  ( -0.000000000000000000, -0.000000000000000000, 1.000000000000000000 ) ) ;
#7192 = ORIENTED_EDGE ( 'NONE', *, *, #2476, .F. ) ;
#7193 = CARTESIAN_POINT ( 'NONE',  ( 0.9098898580403098624, 2.151000000000000689, -0.2486852699799907418 ) ) ;
#7194 = ORIENTED_EDGE ( 'NONE', *, *, #5159, .T. ) ;
#7195 = SURFACE_STYLE_USAGE ( .BOTH. , #3311 ) ;
#7196 = EDGE_CURVE ( 'NONE', #7619, #10915, #4786, .T. ) ;
#7197 = B_SPLINE_SURFACE_WITH_KNOTS ( 'NONE', 3, 1, ( 
 ( #5298, #11852 ),
 ( #2378, #11026 ),
 ( #1459, #7926 ),
 ( #2546, #8108 ) ),
 .UNSPECIFIED., .F., .F., .F.,
 ( 4, 4 ),
 ( 2, 2 ),
 ( 4.000000000000000000, 5.000000000000000000 ),
 ( 0.000000000000000000, 1.000000000000000000 ),
 .UNSPECIFIED. ) ;
#7198 = CARTESIAN_POINT ( 'NONE',  ( -0.8037541729023482961, 2.151000000000000245, -0.1958290067813817925 ) ) ;
#7199 = CARTESIAN_POINT ( 'NONE',  ( -0.7141023987052347310, 2.150000000000000355, -0.07437025585304256337 ) ) ;
#7200 =( NAMED_UNIT ( * ) SI_UNIT ( $, .STERADIAN. ) SOLID_ANGLE_UNIT ( ) );
#7201 = EDGE_LOOP ( 'NONE', ( #6786, #4381, #169, #2182 ) ) ;
#7202 = FACE_OUTER_BOUND ( 'NONE', #6001, .T. ) ;
#7203 = VECTOR ( 'NONE', #7780, 1000.000000000000000 ) ;
#7204 = CARTESIAN_POINT ( 'NONE',  ( -0.5949045768689246172, 2.151000000000000245, 0.2500559391938070308 ) ) ;
#7205 =( NAMED_UNIT ( * ) PLANE_ANGLE_UNIT ( ) SI_UNIT ( $, .RADIAN. ) );
#7206 = SURFACE_SIDE_STYLE ('',( #9887 ) ) ;
#7207 = SURFACE_STYLE_USAGE ( .BOTH. , #3452 ) ;
#7208 = UNCERTAINTY_MEASURE_WITH_UNIT (LENGTH_MEASURE( 1.000000000000000082E-05 ), #3959, 'distance_accuracy_value', 'NONE');
#7209 =( NAMED_UNIT ( * ) SI_UNIT ( $, .STERADIAN. ) SOLID_ANGLE_UNIT ( ) );
#7210 = VECTOR ( 'NONE', #1819, 1000.000000000000000 ) ;
#7211 = VERTEX_POINT ( 'NONE', #4607 ) ;
#7212 =( NAMED_UNIT ( * ) SI_UNIT ( $, .STERADIAN. ) SOLID_ANGLE_UNIT ( ) );
#7213 = EDGE_CURVE ( 'NONE', #465, #9123, #8581, .T. ) ;
#7214 = PRESENTATION_LAYER_ASSIGNMENT (  '', '', ( #1698 ) ) ;
#7215 = COLOUR_RGB ( '',1.000000000000000000, 1.000000000000000000, 1.000000000000000000 ) ;
#7216 = CARTESIAN_POINT ( 'NONE',  ( -0.7164727503591297175, 2.151000000000000245, -0.1726466615357160617 ) ) ;
#7217 = SURFACE_STYLE_USAGE ( .BOTH. , #11928 ) ;
#7218 = B_SPLINE_CURVE_WITH_KNOTS ( 'NONE', 3,
 ( #10782, #6963, #8915, #8852 ),
 .UNSPECIFIED., .F., .F.,
 ( 4, 4 ),
 ( 0.000000000000000000, 1.000000000000000000 ),
 .UNSPECIFIED. ) ;
#7219 = FACE_OUTER_BOUND ( 'NONE', #8721, .T. ) ;
#7220 = MECHANICAL_DESIGN_GEOMETRIC_PRESENTATION_REPRESENTATION (  '', ( #10562 ), #12109 ) ;
#7221 = CARTESIAN_POINT ( 'NONE',  ( -0.2336961527973537012, 2.151000000000000689, -0.2393040837074693061 ) ) ;
#7222 = CARTESIAN_POINT ( 'NONE',  ( -0.2680511645167065193, 2.150000000000000355, -0.3139962808861923027 ) ) ;
#7223 = SURFACE_SIDE_STYLE ('',( #8138 ) ) ;
#7224 = UNCERTAINTY_MEASURE_WITH_UNIT (LENGTH_MEASURE( 1.000000000000000082E-05 ), #2940, 'distance_accuracy_value', 'NONE');
#7225 = ORIENTED_EDGE ( 'NONE', *, *, #9447, .F. ) ;
#7226 = CARTESIAN_POINT ( 'NONE',  ( -0.1791962239488290587, 2.150000000000000355, 0.2789988928581211280 ) ) ;
#7227 = STYLED_ITEM ( 'NONE', ( #4710 ), #9760 ) ;
#7228 = CARTESIAN_POINT ( 'NONE',  ( -0.2773859671378951508, 2.151000000000000689, 0.1665257089876610586 ) ) ;
#7229 = ORIENTED_EDGE ( 'NONE', *, *, #12114, .T. ) ;
#7230 =( NAMED_UNIT ( * ) PLANE_ANGLE_UNIT ( ) SI_UNIT ( $, .RADIAN. ) );
#7231 = COLOUR_RGB ( '',1.000000000000000000, 1.000000000000000000, 1.000000000000000000 ) ;
#7232 = DIRECTION ( 'NONE',  ( 0.007092178509966672387, -0.000000000000000000, -0.9999748501857348426 ) ) ;
#7233 = DIRECTION ( 'NONE',  ( -0.3427414958247868015, -0.000000000000000000, -0.9394297563095324044 ) ) ;
#7234 = DIRECTION ( 'NONE',  ( -0.007092178509965757320, -0.000000000000000000, 0.9999748501857348426 ) ) ;
#7235 = DIRECTION ( 'NONE',  ( 0.000000000000000000, -0.000000000000000000, 1.000000000000000000 ) ) ;
#7236 = LINE ( 'NONE', #5222, #3348 ) ;
#7237 = SURFACE_STYLE_FILL_AREA ( #10259 ) ;
#7238 = MECHANICAL_DESIGN_GEOMETRIC_PRESENTATION_REPRESENTATION (  '', ( #3699 ), #547 ) ;
#7239 = SURFACE_STYLE_USAGE ( .BOTH. , #6413 ) ;
#7240 = COLOUR_RGB ( '',1.000000000000000000, 1.000000000000000000, 1.000000000000000000 ) ;
#7241 = FILL_AREA_STYLE ('',( #3668 ) ) ;
#7242 = ORIENTED_EDGE ( 'NONE', *, *, #8831, .F. ) ;
#7243 = EDGE_CURVE ( 'NONE', #8017, #1095, #5778, .T. ) ;
#7244 = DIRECTION ( 'NONE',  ( -0.9999748501857348426, -0.000000000000000000, -0.007092178509963405035 ) ) ;
#7245 = FILL_AREA_STYLE_COLOUR ( '', #1138 ) ;
#7246 = CARTESIAN_POINT ( 'NONE',  ( 0.5700298596376432991, 2.151000000000000689, -0.2424194488938681002 ) ) ;
#7247 = CARTESIAN_POINT ( 'NONE',  ( -0.2871336222989742670, 2.150000000000000355, 0.07485159886325951084 ) ) ;
#7248 = MECHANICAL_DESIGN_GEOMETRIC_PRESENTATION_REPRESENTATION (  '', ( #11357 ), #8414 ) ;
#7249 = EDGE_CURVE ( 'NONE', #5749, #4575, #9480, .T. ) ;
#7250 = CARTESIAN_POINT ( 'NONE',  ( 0.3878605918180507706, 2.150000000000000355, -0.04271421969628785842 ) ) ;
#7251 =( GEOMETRIC_REPRESENTATION_CONTEXT ( 3 ) GLOBAL_UNCERTAINTY_ASSIGNED_CONTEXT ( ( #6460 ) ) GLOBAL_UNIT_ASSIGNED_CONTEXT ( ( #5254, #2400, #3200 ) ) REPRESENTATION_CONTEXT ( 'NONE', 'WORKASPACE' ) );
#7252 = CARTESIAN_POINT ( 'NONE',  ( -0.1762211062302564690, 2.150000000000000355, -0.2504380533050566404 ) ) ;
#7253 = ORIENTED_EDGE ( 'NONE', *, *, #4988, .T. ) ;
#7254 = FACE_OUTER_BOUND ( 'NONE', #5887, .T. ) ;
#7255 = VECTOR ( 'NONE', #9871, 1000.000000000000000 ) ;
#7256 = VECTOR ( 'NONE', #9754, 1000.000000000000000 ) ;
#7257 = LINE ( 'NONE', #1707, #1652 ) ;
#7258 = FILL_AREA_STYLE ('',( #3498 ) ) ;
#7259 = AXIS2_PLACEMENT_3D ( 'NONE', #7896, #9834, #3278 ) ;
#7260 = CARTESIAN_POINT ( 'NONE',  ( -0.08121396209516698605, 2.150000000000000355, -0.2170110306316229976 ) ) ;
#7261 = VECTOR ( 'NONE', #6653, 1000.000000000000000 ) ;
#7262 = EDGE_LOOP ( 'NONE', ( #10454, #4800, #3874, #10684, #10052, #9525, #7948, #3338, #1237, #4688, #10750, #5968, #8713, #1347, #4285, #11177, #11620, #4979, #573, #8926, #1606 ) ) ;
#7263 = CARTESIAN_POINT ( 'NONE',  ( -0.1097664766303652617, 2.151000000000000689, 0.2829226008246265023 ) ) ;
#7264 = EDGE_LOOP ( 'NONE', ( #9745, #10660, #7792, #9426 ) ) ;
#7265 = EDGE_CURVE ( 'NONE', #4067, #3476, #9909, .T. ) ;
#7266 = FILL_AREA_STYLE ('',( #3690 ) ) ;
#7267 = DIRECTION ( 'NONE',  ( 0.9999748501857348426, -0.000000000000000000, 0.007092178509964326173 ) ) ;
#7268 = EDGE_CURVE ( 'NONE', #1248, #5148, #2976, .T. ) ;
#7269 = VECTOR ( 'NONE', #65, 1000.000000000000000 ) ;
#7270 = PRESENTATION_STYLE_ASSIGNMENT (( #3386 ) ) ;
#7271 = SURFACE_STYLE_FILL_AREA ( #2684 ) ;
#7272 = SURFACE_SIDE_STYLE ('',( #10290 ) ) ;
#7273 = CARTESIAN_POINT ( 'NONE',  ( -0.4617083008344677331, 2.150000000000000355, 0.2500648090583760808 ) ) ;
#7274 = VERTEX_POINT ( 'NONE', #6768 ) ;
#7275 = LINE ( 'NONE', #11925, #6353 ) ;
#7276 =( GEOMETRIC_REPRESENTATION_CONTEXT ( 3 ) GLOBAL_UNCERTAINTY_ASSIGNED_CONTEXT ( ( #9066 ) ) GLOBAL_UNIT_ASSIGNED_CONTEXT ( ( #5203, #10816, #9900 ) ) REPRESENTATION_CONTEXT ( 'NONE', 'WORKASPACE' ) );
#7277 = CARTESIAN_POINT ( 'NONE',  ( 0.03344263295702128158, 2.151000000000000689, -0.1539147795460688584 ) ) ;
#7278 =( GEOMETRIC_REPRESENTATION_CONTEXT ( 3 ) GLOBAL_UNCERTAINTY_ASSIGNED_CONTEXT ( ( #3855 ) ) GLOBAL_UNIT_ASSIGNED_CONTEXT ( ( #115, #10423, #3008 ) ) REPRESENTATION_CONTEXT ( 'NONE', 'WORKASPACE' ) );
#7279 = CARTESIAN_POINT ( 'NONE',  ( 1.129828136568814978, 2.150000000000000355, -0.06492630761585313492 ) ) ;
#7280 = B_SPLINE_CURVE_WITH_KNOTS ( 'NONE', 3,
 ( #6730, #7744, #4867, #10654 ),
 .UNSPECIFIED., .F., .F.,
 ( 4, 4 ),
 ( 2.000000000000000000, 3.000000000000000000 ),
 .UNSPECIFIED. ) ;
#7281 = CARTESIAN_POINT ( 'NONE',  ( 0.6084551772325966779, 2.151000000000000689, 0.2523930829696912070 ) ) ;
#7282 = EDGE_CURVE ( 'NONE', #9612, #4502, #2970, .T. ) ;
#7283 =( NAMED_UNIT ( * ) PLANE_ANGLE_UNIT ( ) SI_UNIT ( $, .RADIAN. ) );
#7284 = PRESENTATION_STYLE_ASSIGNMENT (( #11213 ) ) ;
#7285 = VERTEX_POINT ( 'NONE', #9292 ) ;
#7286 = ORIENTED_EDGE ( 'NONE', *, *, #6983, .F. ) ;
#7287 = VECTOR ( 'NONE', #3766, 1000.000000000000000 ) ;
#7288 = LINE ( 'NONE', #3466, #6946 ) ;
#7289 = CARTESIAN_POINT ( 'NONE',  ( -0.4576776305806097289, 2.150000000000000355, -0.06901633405737885030 ) ) ;
#7290 = DIRECTION ( 'NONE',  ( 0.9999748501857348426, 0.000000000000000000, 0.007092178509965692268 ) ) ;
#7291 = DIRECTION ( 'NONE',  ( 0.000000000000000000, 1.000000000000000000, 0.000000000000000000 ) ) ;
#7292 = CARTESIAN_POINT ( 'NONE',  ( 0.4376689645126785044, 2.151000000000000689, 0.07042886397419197142 ) ) ;
#7293 = UNCERTAINTY_MEASURE_WITH_UNIT (LENGTH_MEASURE( 1.000000000000000082E-05 ), #517, 'distance_accuracy_value', 'NONE');
#7294 = CARTESIAN_POINT ( 'NONE',  ( -0.2446671676325514466, 2.150000000000000355, -0.2317914703721156156 ) ) ;
#7295 = EDGE_CURVE ( 'NONE', #739, #10620, #3427, .T. ) ;
#7296 = PLANE ( 'NONE',  #11585 ) ;
#7297 = SURFACE_SIDE_STYLE ('',( #5530 ) ) ;
#7298 = DIRECTION ( 'NONE',  ( 1.188166764367676342E-16, -1.000000000000000000, -0.000000000000000000 ) ) ;
#7299 = SURFACE_STYLE_FILL_AREA ( #6470 ) ;
#7300 = CARTESIAN_POINT ( 'NONE',  ( 0.004334137775480265131, 2.150000000000000355, 0.2338222079011517684 ) ) ;
#7301 = PRESENTATION_LAYER_ASSIGNMENT (  '', '', ( #4167 ) ) ;
#7302 = CARTESIAN_POINT ( 'NONE',  ( -0.1808918038609488022, 2.151000000000000689, -0.1489882546508755901 ) ) ;
#7303 = SURFACE_STYLE_USAGE ( .BOTH. , #6414 ) ;
#7304 = CARTESIAN_POINT ( 'NONE',  ( 0.7125636461717117509, 2.150000000000000355, 0.2531314573857857964 ) ) ;
#7305 = UNCERTAINTY_MEASURE_WITH_UNIT (LENGTH_MEASURE( 1.000000000000000082E-05 ), #3999, 'distance_accuracy_value', 'NONE');
#7306 = PRESENTATION_STYLE_ASSIGNMENT (( #11961 ) ) ;
#7307 = STYLED_ITEM ( 'NONE', ( #8486 ), #3872 ) ;
#7308 =( NAMED_UNIT ( * ) SI_UNIT ( $, .STERADIAN. ) SOLID_ANGLE_UNIT ( ) );
#7309 = SURFACE_SIDE_STYLE ('',( #8106 ) ) ;
#7310 = MECHANICAL_DESIGN_GEOMETRIC_PRESENTATION_REPRESENTATION (  '', ( #434 ), #2390 ) ;
#7311 = SURFACE_STYLE_USAGE ( .BOTH. , #8218 ) ;
#7312 = CARTESIAN_POINT ( 'NONE',  ( -0.8494009958149657535, 2.149999999999999911, -0.08583166086340963952 ) ) ;
#7313 = ORIENTED_EDGE ( 'NONE', *, *, #9053, .F. ) ;
#7314 =( NAMED_UNIT ( * ) SI_UNIT ( $, .STERADIAN. ) SOLID_ANGLE_UNIT ( ) );
#7315 = CARTESIAN_POINT ( 'NONE',  ( -0.03009235677224601432, 2.150000000000000355, -0.1240036976201848440 ) ) ;
#7316 = FILL_AREA_STYLE ('',( #11970 ) ) ;
#7317 = CARTESIAN_POINT ( 'NONE',  ( -0.4570508279368845073, 2.151000000000000689, -0.1573935342187322839 ) ) ;
#7318 = COLOUR_RGB ( '',1.000000000000000000, 1.000000000000000000, 1.000000000000000000 ) ;
#7319 = CARTESIAN_POINT ( 'NONE',  ( -0.08854739057699519134, 2.151000000000000689, -0.2092646614239567493 ) ) ;
#7320 = MECHANICAL_DESIGN_GEOMETRIC_PRESENTATION_REPRESENTATION (  '', ( #5382 ), #3581 ) ;
#7321 = VERTEX_POINT ( 'NONE', #2911 ) ;
#7322 = CARTESIAN_POINT ( 'NONE',  ( -0.09032349259495267568, 2.151000000000000689, 0.2830604974062453927 ) ) ;
#7323 = ORIENTED_EDGE ( 'NONE', *, *, #10664, .F. ) ;
#7324 = B_SPLINE_CURVE_WITH_KNOTS ( 'NONE', 3,
 ( #10733, #10673, #4391, #5128 ),
 .UNSPECIFIED., .F., .F.,
 ( 4, 4 ),
 ( 1.000000000000000000, 2.000000000000000000 ),
 .UNSPECIFIED. ) ;
#7325 = SURFACE_STYLE_FILL_AREA ( #7266 ) ;
#7326 =( LENGTH_UNIT ( ) NAMED_UNIT ( * ) SI_UNIT ( .MILLI., .METRE. ) );
#7327 = PRESENTATION_STYLE_ASSIGNMENT (( #4449 ) ) ;
#7328 =( NAMED_UNIT ( * ) PLANE_ANGLE_UNIT ( ) SI_UNIT ( $, .RADIAN. ) );
#7329 = STYLED_ITEM ( 'NONE', ( #6698 ), #10969 ) ;
#7330 = SURFACE_STYLE_USAGE ( .BOTH. , #12168 ) ;
#7331 = VECTOR ( 'NONE', #5314, 1000.000000000000000 ) ;
#7332 = ORIENTED_EDGE ( 'NONE', *, *, #4098, .F. ) ;
#7333 = CARTESIAN_POINT ( 'NONE',  ( -0.01104944699464593776, 2.151000000000000689, 0.1011406335244480204 ) ) ;
#7334 = EDGE_CURVE ( 'NONE', #9503, #5621, #10267, .T. ) ;
#7335 = SURFACE_STYLE_USAGE ( .BOTH. , #6506 ) ;
#7336 = EDGE_CURVE ( 'NONE', #11561, #11556, #5045, .T. ) ;
#7337 = MECHANICAL_DESIGN_GEOMETRIC_PRESENTATION_REPRESENTATION (  '', ( #6765 ), #3597 ) ;
#7338 =( NAMED_UNIT ( * ) SI_UNIT ( $, .STERADIAN. ) SOLID_ANGLE_UNIT ( ) );
#7339 = MECHANICAL_DESIGN_GEOMETRIC_PRESENTATION_REPRESENTATION (  '', ( #2988 ), #4588 ) ;
#7340 = LINE ( 'NONE', #3640, #380 ) ;
#7341 =( NAMED_UNIT ( * ) PLANE_ANGLE_UNIT ( ) SI_UNIT ( $, .RADIAN. ) );
#7342 = CARTESIAN_POINT ( 'NONE',  ( 1.063314367259458493, 2.151000000000000689, 0.1384912773404124164 ) ) ;
#7343 = DIRECTION ( 'NONE',  ( 1.188166764367676342E-16, -1.000000000000000000, -0.000000000000000000 ) ) ;
#7344 = FACE_OUTER_BOUND ( 'NONE', #4427, .T. ) ;
#7345 = VERTEX_POINT ( 'NONE', #7539 ) ;
#7346 = CARTESIAN_POINT ( 'NONE',  ( -0.2139548925679195801, 2.150000000000000355, -0.2299099934505146881 ) ) ;
#7347 = ORIENTED_EDGE ( 'NONE', *, *, #9690, .F. ) ;
#7348 = CARTESIAN_POINT ( 'NONE',  ( 0.2982013754879659362, 2.150000000000000355, -0.04190405822187966839 ) ) ;
#7349 = B_SPLINE_CURVE_WITH_KNOTS ( 'NONE', 3,
 ( #2787, #3799, #1758, #838 ),
 .UNSPECIFIED., .F., .F.,
 ( 4, 4 ),
 ( 0.000000000000000000, 1.000000000000000000 ),
 .UNSPECIFIED. ) ;
#7350 = ADVANCED_FACE ( 'NONE', ( #9540 ), #3673, .F. ) ;
#7351 = LINE ( 'NONE', #12063, #10575 ) ;
#7352 = FILL_AREA_STYLE_COLOUR ( '', #4388 ) ;
#7353 = EDGE_LOOP ( 'NONE', ( #9014, #3003, #3014, #4824 ) ) ;
#7354 = ORIENTED_EDGE ( 'NONE', *, *, #6933, .F. ) ;
#7355 = DIRECTION ( 'NONE',  ( 0.9999748501857348426, 1.188136882194236709E-16, 0.007092178509962576705 ) ) ;
#7356 = VECTOR ( 'NONE', #10293, 1000.000000000000114 ) ;
#7357 = FACE_OUTER_BOUND ( 'NONE', #10525, .T. ) ;
#7359 = EDGE_LOOP ( 'NONE', ( #5272, #5173, #2697, #11703 ) ) ;
#7358 = VECTOR ( 'NONE', #2319, 1000.000000000000000 ) ;
#7360 = CARTESIAN_POINT ( 'NONE',  ( 0.3878605918180507706, 2.151000000000000689, -0.04271421969628785842 ) ) ;
#7361 = FILL_AREA_STYLE ('',( #6468 ) ) ;
#7362 = ORIENTED_EDGE ( 'NONE', *, *, #11575, .F. ) ;
#7363 = CARTESIAN_POINT ( 'NONE',  ( -0.1598870076105759208, 2.150000000000000355, -0.1638121716996010779 ) ) ;
#7364 = EDGE_CURVE ( 'NONE', #5076, #5367, #451, .T. ) ;
#7365 = CARTESIAN_POINT ( 'NONE',  ( -0.1790519955207490466, 2.150000000000000355, -0.1445041345863072590 ) ) ;
#7366 = PLANE ( 'NONE',  #5860 ) ;
#7367 = CARTESIAN_POINT ( 'NONE',  ( -0.04579639820059405037, 2.150000000000000355, 0.1037016127255988435 ) ) ;
#7368 = PRESENTATION_LAYER_ASSIGNMENT (  '', '', ( #489 ) ) ;
#7369 = PLANE ( 'NONE',  #2724 ) ;
#7370 = AXIS2_PLACEMENT_3D ( 'NONE', #10437, #9586, #5763 ) ;
#7371 = VECTOR ( 'NONE', #1830, 1000.000000000000114 ) ;
#7372 = CARTESIAN_POINT ( 'NONE',  ( -0.2336961527973537012, 2.151000000000000689, -0.2393040837074693061 ) ) ;
#7373 = CARTESIAN_POINT ( 'NONE',  ( -0.04924080970526975576, 2.151000000000000689, 0.2521583484536565889 ) ) ;
#7374 = PRESENTATION_STYLE_ASSIGNMENT (( #4490 ) ) ;
#7375 = SURFACE_STYLE_FILL_AREA ( #5365 ) ;
#7376 = CARTESIAN_POINT ( 'NONE',  ( -0.02148431712206320607, 2.151000000000000689, -0.2454934037274740244 ) ) ;
#7377 = SURFACE_SIDE_STYLE ('',( #4310 ) ) ;
#7378 = ORIENTED_EDGE ( 'NONE', *, *, #4568, .F. ) ;
#7379 = FILL_AREA_STYLE_COLOUR ( '', #1734 ) ;
#7380 = CARTESIAN_POINT ( 'NONE',  ( -0.1180595589040768778, 2.150000000000000355, -0.1531176758397616300 ) ) ;
#7381 = VECTOR ( 'NONE', #5971, 1000.000000000000000 ) ;
#7382 = CARTESIAN_POINT ( 'NONE',  ( 0.8295319186514757970, 2.151000000000000689, -0.3360164991093930742 ) ) ;
#7383 = CARTESIAN_POINT ( 'NONE',  ( -0.09274614965020390456, 2.150000000000000355, -0.1303748298595848176 ) ) ;
#7384 = VECTOR ( 'NONE', #7981, 1000.000000000000000 ) ;
#7385 = PRESENTATION_STYLE_ASSIGNMENT (( #10169 ) ) ;
#7386 = ORIENTED_EDGE ( 'NONE', *, *, #7081, .F. ) ;
#7387 = CARTESIAN_POINT ( 'NONE',  ( 1.043594103507980542, 2.151000000000000689, -0.1392851160962098322 ) ) ;
#7388 = VERTEX_POINT ( 'NONE', #10018 ) ;
#7389 = CARTESIAN_POINT ( 'NONE',  ( -0.04649172008959381180, 2.150000000000000355, -0.1794365201062666504 ) ) ;
#7390 = LINE ( 'NONE', #11920, #158 ) ;
#7391 = DIRECTION ( 'NONE',  ( 0.9919892169122311865, 0.000000000000000000, -0.1263225772768207800 ) ) ;
#7392 = EDGE_CURVE ( 'NONE', #2372, #7345, #5200, .T. ) ;
#7393 =( NAMED_UNIT ( * ) SI_UNIT ( $, .STERADIAN. ) SOLID_ANGLE_UNIT ( ) );
#7394 = ORIENTED_EDGE ( 'NONE', *, *, #6330, .F. ) ;
#7395 = FILL_AREA_STYLE_COLOUR ( '', #3098 ) ;
#7396 = FILL_AREA_STYLE_COLOUR ( '', #6201 ) ;
#7397 = VERTEX_POINT ( 'NONE', #6203 ) ;
#7398 = FILL_AREA_STYLE_COLOUR ( '', #433 ) ;
#7399 = PLANE ( 'NONE',  #899 ) ;
#7400 = CARTESIAN_POINT ( 'NONE',  ( -3.669999999999997708, -1.800000000000000044, -1.770000000000000018 ) ) ;
#7401 = SURFACE_STYLE_FILL_AREA ( #10991 ) ;
#7402 = EDGE_CURVE ( 'NONE', #3051, #6176, #3460, .T. ) ;
#7403 = FILL_AREA_STYLE ('',( #12113 ) ) ;
#7404 = EDGE_CURVE ( 'NONE', #3843, #11650, #635, .T. ) ;
#7405 = EDGE_CURVE ( 'NONE', #9179, #7735, #7162, .T. ) ;
#7406 = DIRECTION ( 'NONE',  ( 0.000000000000000000, 1.000000000000000000, 0.000000000000000000 ) ) ;
#7407 = VERTEX_POINT ( 'NONE', #628 ) ;
#7408 = VERTEX_POINT ( 'NONE', #10874 ) ;
#7409 = LINE ( 'NONE', #11163, #10288 ) ;
#7410 = UNCERTAINTY_MEASURE_WITH_UNIT (LENGTH_MEASURE( 1.000000000000000082E-05 ), #8473, 'distance_accuracy_value', 'NONE');
#7411 = STYLED_ITEM ( 'NONE', ( #2801 ), #9218 ) ;
#7412 = VERTEX_POINT ( 'NONE', #11821 ) ;
#7413 = UNCERTAINTY_MEASURE_WITH_UNIT (LENGTH_MEASURE( 1.000000000000000082E-05 ), #12091, 'distance_accuracy_value', 'NONE');
#7414 = VECTOR ( 'NONE', #10273, 1000.000000000000000 ) ;
#7415 = FILL_AREA_STYLE ('',( #705 ) ) ;
#7416 = EDGE_LOOP ( 'NONE', ( #9438, #7967, #10580, #7971 ) ) ;
#7417 = CARTESIAN_POINT ( 'NONE',  ( -0.03483757275802218389, 2.150000000000000355, 0.2371836323838299454 ) ) ;
#7418 = EDGE_CURVE ( 'NONE', #11905, #7962, #3277, .T. ) ;
#7419 = ORIENTED_EDGE ( 'NONE', *, *, #8760, .F. ) ;
#7420 = B_SPLINE_CURVE_WITH_KNOTS ( 'NONE', 3,
 ( #8472, #5730, #10397, #30 ),
 .UNSPECIFIED., .F., .F.,
 ( 4, 4 ),
 ( 1.000000000000000000, 2.000000000000000000 ),
 .UNSPECIFIED. ) ;
#7421 = SURFACE_SIDE_STYLE ('',( #7299 ) ) ;
#7422 = CARTESIAN_POINT ( 'NONE',  ( -0.2775511480698862332, 2.150000000000000355, 0.1898157005592641944 ) ) ;
#7423 = PRESENTATION_STYLE_ASSIGNMENT (( #77 ) ) ;
#7424 = CARTESIAN_POINT ( 'NONE',  ( -0.03370338690747813615, 2.151000000000000689, -0.1866243091502914619 ) ) ;
#7425 = FACE_OUTER_BOUND ( 'NONE', #3782, .T. ) ;
#7426 = PRESENTATION_LAYER_ASSIGNMENT (  '', '', ( #937 ) ) ;
#7427 = UNCERTAINTY_MEASURE_WITH_UNIT (LENGTH_MEASURE( 1.000000000000000082E-05 ), #1423, 'distance_accuracy_value', 'NONE');
#7428 = B_SPLINE_CURVE_WITH_KNOTS ( 'NONE', 3,
 ( #6542, #10965, #6362, #2497 ),
 .UNSPECIFIED., .F., .F.,
 ( 4, 4 ),
 ( 33.00000000000000000, 34.00000000000000000 ),
 .UNSPECIFIED. ) ;
#7429 = PLANE ( 'NONE',  #4908 ) ;
#7430 = ADVANCED_FACE ( 'NONE', ( #7107 ), #7895, .F. ) ;
#7431 = CARTESIAN_POINT ( 'NONE',  ( -0.2826435448981357568, 2.150000000000000355, -0.2943438779887761481 ) ) ;
#7432 = CARTESIAN_POINT ( 'NONE',  ( -0.5979747329197253602, 2.151000000000000689, 0.2357891228373170112 ) ) ;
#7433 = CARTESIAN_POINT ( 'NONE',  ( 0.2982013754879659362, 2.151000000000000689, -0.04190405822187966839 ) ) ;
#7434 = VERTEX_POINT ( 'NONE', #11644 ) ;
#7435 = PLANE ( 'NONE',  #3172 ) ;
#7436 = AXIS2_PLACEMENT_3D ( 'NONE', #11919, #2006, #11253 ) ;
#7437 =( NAMED_UNIT ( * ) PLANE_ANGLE_UNIT ( ) SI_UNIT ( $, .RADIAN. ) );
#7438 = CARTESIAN_POINT ( 'NONE',  ( 1.160911014477863379, 2.151000000000000689, -0.1659275319788961200 ) ) ;
#7439 =( GEOMETRIC_REPRESENTATION_CONTEXT ( 3 ) GLOBAL_UNCERTAINTY_ASSIGNED_CONTEXT ( ( #3226 ) ) GLOBAL_UNIT_ASSIGNED_CONTEXT ( ( #5652, #1069, #1008 ) ) REPRESENTATION_CONTEXT ( 'NONE', 'WORKASPACE' ) );
#7440 = CARTESIAN_POINT ( 'NONE',  ( 1.106251918391773614, 2.150000000000000355, 0.2009747379192239336 ) ) ;
#7441 = ORIENTED_EDGE ( 'NONE', *, *, #8447, .T. ) ;
#7442 = SURFACE_SIDE_STYLE ('',( #7325 ) ) ;
#7443 =( LENGTH_UNIT ( ) NAMED_UNIT ( * ) SI_UNIT ( .MILLI., .METRE. ) );
#7444 = ORIENTED_EDGE ( 'NONE', *, *, #11300, .F. ) ;
#7445 = DIRECTION ( 'NONE',  ( 1.188166764367676342E-16, -1.000000000000000000, -0.000000000000000000 ) ) ;
#7446 = STYLED_ITEM ( 'NONE', ( #11809 ), #506 ) ;
#7447 = PLANE ( 'NONE',  #264 ) ;
#7448 = VERTEX_POINT ( 'NONE', #8816 ) ;
#7449 = COLOUR_RGB ( '',1.000000000000000000, 1.000000000000000000, 1.000000000000000000 ) ;
#7450 = DIRECTION ( 'NONE',  ( -0.007092178509963785807, -8.426690792501638578E-19, 0.9999748501857348426 ) ) ;
#7451 = CARTESIAN_POINT ( 'NONE',  ( 0.4847187952808544864, 2.151000000000000689, -0.2430245054082204315 ) ) ;
#7452 = CARTESIAN_POINT ( 'NONE',  ( -0.03009235677224601432, 2.151000000000000689, -0.1240036976201848440 ) ) ;
#7453 = COLOUR_RGB ( '',0.6470588235294117974, 0.6196078431372549211, 0.5882352941176470784 ) ;
#7454 = UNCERTAINTY_MEASURE_WITH_UNIT (LENGTH_MEASURE( 1.000000000000000082E-05 ), #3759, 'distance_accuracy_value', 'NONE');
#7455 = VERTEX_POINT ( 'NONE', #3213 ) ;
#7456 = FILL_AREA_STYLE ('',( #8439 ) ) ;
#7457 = CARTESIAN_POINT ( 'NONE',  ( -0.3088860829701925437, 2.151000000000000689, -0.2740462533201795114 ) ) ;
#7458 =( GEOMETRIC_REPRESENTATION_CONTEXT ( 3 ) GLOBAL_UNCERTAINTY_ASSIGNED_CONTEXT ( ( #3364 ) ) GLOBAL_UNIT_ASSIGNED_CONTEXT ( ( #4622, #1534, #1781 ) ) REPRESENTATION_CONTEXT ( 'NONE', 'WORKASPACE' ) );
#7459 = MECHANICAL_DESIGN_GEOMETRIC_PRESENTATION_REPRESENTATION (  '', ( #10043 ), #4338 ) ;
#7460 = ADVANCED_FACE ( 'NONE', ( #9898 ), #2852, .F. ) ;
#7461 = CARTESIAN_POINT ( 'NONE',  ( -0.2475599881690958848, 2.151000000000000689, -0.1904285814333953331 ) ) ;
#7462 = CARTESIAN_POINT ( 'NONE',  ( 0.3874196183334083776, 2.151000000000000689, 0.01946165385534716699 ) ) ;
#7463 = EDGE_LOOP ( 'NONE', ( #5025, #2140, #9641, #10686, #10583, #11944 ) ) ;
#7464 = VECTOR ( 'NONE', #90, 1000.000000000000000 ) ;
#7465 = B_SPLINE_CURVE_WITH_KNOTS ( 'NONE', 3,
 ( #5518, #10998, #8246, #8140 ),
 .UNSPECIFIED., .F., .F.,
 ( 4, 4 ),
 ( 18.00000000000000000, 19.00000000000000000 ),
 .UNSPECIFIED. ) ;
#7466 = PRESENTATION_STYLE_ASSIGNMENT (( #1675 ) ) ;
#7467 = DIRECTION ( 'NONE',  ( 0.007092178509963196001, 8.426690792500937539E-19, -0.9999748501857348426 ) ) ;
#7468 = UNCERTAINTY_MEASURE_WITH_UNIT (LENGTH_MEASURE( 1.000000000000000082E-05 ), #8963, 'distance_accuracy_value', 'NONE');
#7469 = ORIENTED_EDGE ( 'NONE', *, *, #712, .F. ) ;
#7470 = CARTESIAN_POINT ( 'NONE',  ( 0.9563140132593602738, 2.151000000000000689, 0.1377323926434051993 ) ) ;
#7471 = CARTESIAN_POINT ( 'NONE',  ( -0.8432466681890891103, 2.151000000000000245, -0.08859542915516649408 ) ) ;
#7472 = EDGE_LOOP ( 'NONE', ( #5404, #11144, #2825, #9369 ) ) ;
#7473 = CARTESIAN_POINT ( 'NONE',  ( -0.01104944699464593776, 2.150000000000000355, 0.1011406335244480204 ) ) ;
#7474 = CARTESIAN_POINT ( 'NONE',  ( -0.1598870076105759208, 2.151000000000000689, -0.1638121716996010779 ) ) ;
#7475 = PRESENTATION_STYLE_ASSIGNMENT (( #11281 ) ) ;
#7476 = EDGE_CURVE ( 'NONE', #1594, #603, #2080, .T. ) ;
#7477 = CARTESIAN_POINT ( 'NONE',  ( -0.5363432973049192531, 2.151000000000000689, -0.04617911753983044293 ) ) ;
#7478 = FACE_OUTER_BOUND ( 'NONE', #460, .T. ) ;
#7479 = PRESENTATION_LAYER_ASSIGNMENT (  '', '', ( #6537 ) ) ;
#7480 = EDGE_CURVE ( 'NONE', #1589, #7448, #4962, .T. ) ;
#7481 = ADVANCED_FACE ( 'NONE', ( #8772 ), #7661, .F. ) ;
#7482 = DIRECTION ( 'NONE',  ( 0.9999748501857348426, -0.000000000000000000, 0.007092178509964963684 ) ) ;
#7483 = CARTESIAN_POINT ( 'NONE',  ( -0.1789679186215485385, 2.150000000000000355, -0.2296618533450860422 ) ) ;
#7484 = CARTESIAN_POINT ( 'NONE',  ( -3.669999999999997708, -1.600000000000000089, 3.429011037612588783E-16 ) ) ;
#7485 = CARTESIAN_POINT ( 'NONE',  ( 0.1066570890185963294, 2.151000000000000689, -0.2218133080828646186 ) ) ;
#7486 = CARTESIAN_POINT ( 'NONE',  ( -0.09041529494550032409, 2.150000000000000355, 0.2593527695899005003 ) ) ;
#7487 = PRESENTATION_LAYER_ASSIGNMENT (  '', '', ( #613 ) ) ;
#7488 = FILL_AREA_STYLE_COLOUR ( '', #3742 ) ;
#7489 = DIRECTION ( 'NONE',  ( 1.188166764367676342E-16, -1.000000000000000000, -0.000000000000000000 ) ) ;
#7490 = B_SPLINE_SURFACE_WITH_KNOTS ( 'NONE', 3, 1, ( 
 ( #6844, #5745 ),
 ( #4007, #11494 ),
 ( #2997, #5928 ),
 ( #4801, #9683 ) ),
 .UNSPECIFIED., .F., .F., .F.,
 ( 4, 4 ),
 ( 2, 2 ),
 ( 11.00000000000000000, 12.00000000000000000 ),
 ( 0.000000000000000000, 1.000000000000000000 ),
 .UNSPECIFIED. ) ;
#7491 = CARTESIAN_POINT ( 'NONE',  ( 0.5636103226408069045, 2.150000000000000355, -0.1528115633262232542 ) ) ;
#7492 = SURFACE_SIDE_STYLE ('',( #9671 ) ) ;
#7493 = DIRECTION ( 'NONE',  ( 1.188166764367676342E-16, -1.000000000000000000, -0.000000000000000000 ) ) ;
#7494 = FACE_OUTER_BOUND ( 'NONE', #8194, .T. ) ;
#7495 = EDGE_CURVE ( 'NONE', #10840, #8250, #7598, .T. ) ;
#7496 = ORIENTED_EDGE ( 'NONE', *, *, #5841, .F. ) ;
#7497 = SURFACE_STYLE_USAGE ( .BOTH. , #1027 ) ;
#7498 = VECTOR ( 'NONE', #445, 1000.000000000000000 ) ;
#7499 = ORIENTED_EDGE ( 'NONE', *, *, #3720, .T. ) ;
#7500 = PRESENTATION_STYLE_ASSIGNMENT (( #2924 ) ) ;
#7501 = VERTEX_POINT ( 'NONE', #143 ) ;
#7502 = SURFACE_STYLE_FILL_AREA ( #9431 ) ;
#7503 =( NAMED_UNIT ( * ) PLANE_ANGLE_UNIT ( ) SI_UNIT ( $, .RADIAN. ) );
#7504 =( NAMED_UNIT ( * ) SI_UNIT ( $, .STERADIAN. ) SOLID_ANGLE_UNIT ( ) );
#7505 = EDGE_LOOP ( 'NONE', ( #2774, #7768, #428, #10908 ) ) ;
#7506 = PLANE ( 'NONE',  #10597 ) ;
#7507 = ORIENTED_EDGE ( 'NONE', *, *, #7920, .F. ) ;
#7508 = STYLED_ITEM ( 'NONE', ( #2655 ), #8443 ) ;
#7509 = PRESENTATION_STYLE_ASSIGNMENT (( #109 ) ) ;
#7510 = COLOUR_RGB ( '',0.6470588235294117974, 0.6196078431372549211, 0.5882352941176470784 ) ;
#7511 = SURFACE_STYLE_FILL_AREA ( #172 ) ;
#7512 = FILL_AREA_STYLE_COLOUR ( '', #11514 ) ;
#7513 =( LENGTH_UNIT ( ) NAMED_UNIT ( * ) SI_UNIT ( .MILLI., .METRE. ) );
#7514 = EDGE_CURVE ( 'NONE', #1256, #2372, #2366, .T. ) ;
#7515 = AXIS2_PLACEMENT_3D ( 'NONE', #1685, #5472, #765 ) ;
#7516 = CARTESIAN_POINT ( 'NONE',  ( -0.06011928477572203722, 2.150000000000000355, 0.2832747164274200813 ) ) ;
#7517 = VECTOR ( 'NONE', #3395, 1000.000000000000114 ) ;
#7518 =( NAMED_UNIT ( * ) SI_UNIT ( $, .STERADIAN. ) SOLID_ANGLE_UNIT ( ) );
#7519 = CARTESIAN_POINT ( 'NONE',  ( -0.2839491994334664149, 2.151000000000000689, 0.2782559473715932041 ) ) ;
#7520 = ORIENTED_EDGE ( 'NONE', *, *, #4445, .T. ) ;
#7521 = DIRECTION ( 'NONE',  ( 1.000000000000000000, 1.188166764367676342E-16, 0.000000000000000000 ) ) ;
#7522 =( GEOMETRIC_REPRESENTATION_CONTEXT ( 3 ) GLOBAL_UNCERTAINTY_ASSIGNED_CONTEXT ( ( #5344 ) ) GLOBAL_UNIT_ASSIGNED_CONTEXT ( ( #2475, #10086, #699 ) ) REPRESENTATION_CONTEXT ( 'NONE', 'WORKASPACE' ) );
#7523 = COLOUR_RGB ( '',1.000000000000000000, 1.000000000000000000, 1.000000000000000000 ) ;
#7524 = FACE_OUTER_BOUND ( 'NONE', #240, .T. ) ;
#7525 = CARTESIAN_POINT ( 'NONE',  ( -0.08125082819794189615, 2.151000000000000689, -0.2411342824466975732 ) ) ;
#7526 = ORIENTED_EDGE ( 'NONE', *, *, #8079, .F. ) ;
#7527 = CARTESIAN_POINT ( 'NONE',  ( -0.4565656089491588188, 2.151000000000000689, -0.2258078844605693469 ) ) ;
#7528 = ORIENTED_EDGE ( 'NONE', *, *, #8074, .T. ) ;
#7529 = DIRECTION ( 'NONE',  ( 0.9999748501857348426, -0.000000000000000000, 0.007092178509963830910 ) ) ;
#7530 = LINE ( 'NONE', #1742, #710 ) ;
#7531 = CARTESIAN_POINT ( 'NONE',  ( -0.04672251470035235221, 2.151000000000000689, -0.2495196030782849683 ) ) ;
#7532 = FILL_AREA_STYLE_COLOUR ( '', #8000 ) ;
#7533 = PRESENTATION_LAYER_ASSIGNMENT (  '', '', ( #12035 ) ) ;
#7534 = CARTESIAN_POINT ( 'NONE',  ( -0.01566146792690174469, 2.150000000000000355, -0.1355469301539373450 ) ) ;
#7535 = UNCERTAINTY_MEASURE_WITH_UNIT (LENGTH_MEASURE( 1.000000000000000082E-05 ), #7840, 'distance_accuracy_value', 'NONE');
#7536 = COLOUR_RGB ( '',1.000000000000000000, 1.000000000000000000, 1.000000000000000000 ) ;
#7537 = CARTESIAN_POINT ( 'NONE',  ( 0.9394549245995591491, 2.150000000000000355, -0.1356857038996636400 ) ) ;
#7538 = PRESENTATION_STYLE_ASSIGNMENT (( #8213 ) ) ;
#7539 = CARTESIAN_POINT ( 'NONE',  ( -0.8432466681890889992, 2.149999999999999911, -0.08859542915516649408 ) ) ;
#7540 = CARTESIAN_POINT ( 'NONE',  ( -0.1528238405200043337, 2.151000000000000689, -0.1407828493238073297 ) ) ;
#7541 = EDGE_CURVE ( 'NONE', #9085, #10625, #3921, .T. ) ;
#7542 = FACE_OUTER_BOUND ( 'NONE', #11495, .T. ) ;
#7543 =( GEOMETRIC_REPRESENTATION_CONTEXT ( 3 ) GLOBAL_UNCERTAINTY_ASSIGNED_CONTEXT ( ( #643 ) ) GLOBAL_UNIT_ASSIGNED_CONTEXT ( ( #1716, #9189, #3632 ) ) REPRESENTATION_CONTEXT ( 'NONE', 'WORKASPACE' ) );
#7544 = ORIENTED_EDGE ( 'NONE', *, *, #10271, .T. ) ;
#7545 = LINE ( 'NONE', #3234, #10676 ) ;
#7546 = EDGE_CURVE ( 'NONE', #1898, #2158, #3399, .T. ) ;
#7547 = FILL_AREA_STYLE_COLOUR ( '', #3951 ) ;
#7548 = EDGE_CURVE ( 'NONE', #8117, #918, #6945, .T. ) ;
#7549 = CARTESIAN_POINT ( 'NONE',  ( -0.6597291961410879368, 2.151000000000000245, -0.2272487931262444361 ) ) ;
#7550 = PRESENTATION_LAYER_ASSIGNMENT (  '', '', ( #5420 ) ) ;
#7551 = CARTESIAN_POINT ( 'NONE',  ( 3.669999999999997708, 1.599999999999999867, -4.898587196589411843E-17 ) ) ;
#7552 = CARTESIAN_POINT ( 'NONE',  ( 0.9090899521946753659, 2.151000000000000689, -0.1359010631206535868 ) ) ;
#7553 = CARTESIAN_POINT ( 'NONE',  ( -0.2502946274135723903, 2.150000000000000355, -0.2080203271987442759 ) ) ;
#7554 = VERTEX_POINT ( 'NONE', #3092 ) ;
#7555 = ORIENTED_EDGE ( 'NONE', *, *, #7119, .F. ) ;
#7556 = DIRECTION ( 'NONE',  ( 1.188166764367676342E-16, -1.000000000000000000, -0.000000000000000000 ) ) ;
#7557 = ORIENTED_EDGE ( 'NONE', *, *, #2949, .F. ) ;
#7558 = VECTOR ( 'NONE', #6162, 999.9999999999998863 ) ;
#7559 =( NAMED_UNIT ( * ) PLANE_ANGLE_UNIT ( ) SI_UNIT ( $, .RADIAN. ) );
#7560 = CARTESIAN_POINT ( 'NONE',  ( 0.1043688906615769102, 2.151000000000000689, 0.1008154590923211608 ) ) ;
#7561 = VERTEX_POINT ( 'NONE', #9478 ) ;
#7562 = SURFACE_SIDE_STYLE ('',( #2141 ) ) ;
#7563 = ADVANCED_FACE ( 'NONE', ( #5831 ), #9485, .T. ) ;
#7564 =( NAMED_UNIT ( * ) PLANE_ANGLE_UNIT ( ) SI_UNIT ( $, .RADIAN. ) );
#7565 = ORIENTED_EDGE ( 'NONE', *, *, #3647, .T. ) ;
#7566 = VECTOR ( 'NONE', #2865, 1000.000000000000000 ) ;
#7567 =( LENGTH_UNIT ( ) NAMED_UNIT ( * ) SI_UNIT ( .MILLI., .METRE. ) );
#7568 = LINE ( 'NONE', #12172, #2549 ) ;
#7569 = DIRECTION ( 'NONE',  ( 1.188166764367676342E-16, -1.000000000000000000, -0.000000000000000000 ) ) ;
#7570 = LINE ( 'NONE', #5683, #6775 ) ;
#7571 = ORIENTED_EDGE ( 'NONE', *, *, #5158, .F. ) ;
#7572 = FILL_AREA_STYLE ('',( #11438 ) ) ;
#7573 = CARTESIAN_POINT ( 'NONE',  ( -0.04541511061656566817, 2.151000000000000689, -0.2286106707616518685 ) ) ;
#7574 = UNCERTAINTY_MEASURE_WITH_UNIT (LENGTH_MEASURE( 1.000000000000000082E-05 ), #10762, 'distance_accuracy_value', 'NONE');
#7575 = ADVANCED_FACE ( 'NONE', ( #2678 ), #9125, .F. ) ;
#7576 = CARTESIAN_POINT ( 'NONE',  ( -0.2927898087705994579, 2.151000000000000689, -0.1025756786078747124 ) ) ;
#7577 = CARTESIAN_POINT ( 'NONE',  ( -0.1939400560608335045, 2.151000000000000689, -0.2297680410870831247 ) ) ;
#7578 = ORIENTED_EDGE ( 'NONE', *, *, #11680, .F. ) ;
#7579 = CARTESIAN_POINT ( 'NONE',  ( 0.8873083122526428390, 2.151000000000000689, 0.2847373018349151907 ) ) ;
#7580 = SURFACE_STYLE_FILL_AREA ( #9638 ) ;
#7581 = CARTESIAN_POINT ( 'NONE',  ( -0.5361773789580540628, 2.150000000000000355, -0.06957308228797348670 ) ) ;
#7582 = B_SPLINE_CURVE_WITH_KNOTS ( 'NONE', 3,
 ( #4619, #8346, #4501, #2502 ),
 .UNSPECIFIED., .F., .F.,
 ( 4, 4 ),
 ( 28.00000000000000000, 29.00000000000000000 ),
 .UNSPECIFIED. ) ;
#7583 = VECTOR ( 'NONE', #2690, 1000.000000000000114 ) ;
#7584 = FACE_OUTER_BOUND ( 'NONE', #1431, .T. ) ;
#7585 =( GEOMETRIC_REPRESENTATION_CONTEXT ( 3 ) GLOBAL_UNCERTAINTY_ASSIGNED_CONTEXT ( ( #309 ) ) GLOBAL_UNIT_ASSIGNED_CONTEXT ( ( #9541, #5903, #8528 ) ) REPRESENTATION_CONTEXT ( 'NONE', 'WORKASPACE' ) );
#7586 = DIRECTION ( 'NONE',  ( -0.007092178509960126408, -0.000000000000000000, 0.9999748501857348426 ) ) ;
#7587 = VERTEX_POINT ( 'NONE', #678 ) ;
#7588 = SURFACE_SIDE_STYLE ('',( #1234 ) ) ;
#7589 = B_SPLINE_SURFACE_WITH_KNOTS ( 'NONE', 3, 1, ( 
 ( #6740, #11263 ),
 ( #54, #7516 ),
 ( #241, #4699 ),
 ( #11379, #4016 ) ),
 .UNSPECIFIED., .F., .F., .F.,
 ( 4, 4 ),
 ( 2, 2 ),
 ( 4.000000000000000000, 5.000000000000000000 ),
 ( 0.000000000000000000, 1.000000000000000000 ),
 .UNSPECIFIED. ) ;
#7590 = LINE ( 'NONE', #2896, #9790 ) ;
#7591 = ORIENTED_EDGE ( 'NONE', *, *, #4960, .T. ) ;
#7592 = SURFACE_SIDE_STYLE ('',( #8514 ) ) ;
#7593 = SURFACE_SIDE_STYLE ('',( #10381 ) ) ;
#7594 = DIRECTION ( 'NONE',  ( -0.9999748501857348426, 0.000000000000000000, -0.007092178509963855196 ) ) ;
#7595 = CARTESIAN_POINT ( 'NONE',  ( -0.1384560667873216688, 2.151000000000000689, 0.2744008514786819841 ) ) ;
#7596 = CARTESIAN_POINT ( 'NONE',  ( -0.5513600750315996724, 2.150000000000000355, 0.1286060581314242279 ) ) ;
#7597 = ADVANCED_FACE ( 'NONE', ( #4446 ), #3566, .F. ) ;
#7598 = LINE ( 'NONE', #5026, #5682 ) ;
#7599 = FACE_OUTER_BOUND ( 'NONE', #10127, .T. ) ;
#7600 = CARTESIAN_POINT ( 'NONE',  ( -0.4642585817192438347, 2.151000000000000689, 0.1771578584808927992 ) ) ;
#7601 = DIRECTION ( 'NONE',  ( -0.007092178509950084961, -0.000000000000000000, 0.9999748501857350647 ) ) ;
#7602 = FILL_AREA_STYLE_COLOUR ( '', #2012 ) ;
#7603 = EDGE_LOOP ( 'NONE', ( #1314, #6440, #461, #6610 ) ) ;
#7604 = CARTESIAN_POINT ( 'NONE',  ( 0.8873083122526428390, 2.150000000000000355, 0.2847373018349151907 ) ) ;
#7605 = CARTESIAN_POINT ( 'NONE',  ( -0.2826435448981357568, 2.151000000000000689, -0.2943438779887761481 ) ) ;
#7606 = CARTESIAN_POINT ( 'NONE',  ( -0.7095342110240795419, 2.151000000000000245, -0.1027239616573451808 ) ) ;
#7607 = SURFACE_SIDE_STYLE ('',( #10639 ) ) ;
#7608 = LINE ( 'NONE', #154, #4740 ) ;
#7609 = EDGE_LOOP ( 'NONE', ( #5735, #9711, #10640, #4612 ) ) ;
#7610 = EDGE_CURVE ( 'NONE', #8763, #36, #6722, .T. ) ;
#7611 = VERTEX_POINT ( 'NONE', #2807 ) ;
#7612 = EDGE_CURVE ( 'NONE', #9928, #7725, #8416, .T. ) ;
#7613 = CARTESIAN_POINT ( 'NONE',  ( -0.6093852423787371464, 2.149999999999999911, 0.2759478388129474880 ) ) ;
#7614 = STYLED_ITEM ( 'NONE', ( #3108 ), #7764 ) ;
#7615 = ORIENTED_EDGE ( 'NONE', *, *, #2858, .F. ) ;
#7616 = SURFACE_STYLE_USAGE ( .BOTH. , #6558 ) ;
#7617 = FACE_OUTER_BOUND ( 'NONE', #1519, .T. ) ;
#7618 =( GEOMETRIC_REPRESENTATION_CONTEXT ( 3 ) GLOBAL_UNCERTAINTY_ASSIGNED_CONTEXT ( ( #7171 ) ) GLOBAL_UNIT_ASSIGNED_CONTEXT ( ( #10148, #8327, #1681 ) ) REPRESENTATION_CONTEXT ( 'NONE', 'WORKASPACE' ) );
#7619 = VERTEX_POINT ( 'NONE', #227 ) ;
#7620 = CARTESIAN_POINT ( 'NONE',  ( -0.1173966229314901133, 2.151000000000000689, -0.2465895616557980119 ) ) ;
#7621 = ORIENTED_EDGE ( 'NONE', *, *, #7364, .T. ) ;
#7622 = FILL_AREA_STYLE ('',( #1096 ) ) ;
#7623 = VERTEX_POINT ( 'NONE', #3937 ) ;
#7624 = CARTESIAN_POINT ( 'NONE',  ( -0.01104944699464593776, 2.150000000000000355, 0.1011406335244480204 ) ) ;
#7625 = CARTESIAN_POINT ( 'NONE',  ( -0.4916451853184874987, 2.151000000000000689, 0.1461860145406974620 ) ) ;
#7626 = VECTOR ( 'NONE', #7556, 1000.000000000000000 ) ;
#7627 = CARTESIAN_POINT ( 'NONE',  ( -0.3067664245245284582, 2.151000000000000689, -0.3163504314607177847 ) ) ;
#7628 = ORIENTED_EDGE ( 'NONE', *, *, #4428, .T. ) ;
#7629 = DIRECTION ( 'NONE',  ( -0.007092178509963384218, -0.000000000000000000, 0.9999748501857348426 ) ) ;
#7630 = EDGE_CURVE ( 'NONE', #5238, #2645, #5792, .T. ) ;
#7631 = EDGE_CURVE ( 'NONE', #7962, #9307, #11299, .T. ) ;
#7632 = PRESENTATION_STYLE_ASSIGNMENT (( #6684 ) ) ;
#7633 = DIRECTION ( 'NONE',  ( 0.9999748501857348426, 0.000000000000000000, 0.007092178509963519527 ) ) ;
#7634 = VECTOR ( 'NONE', #5550, 1000.000000000000114 ) ;
#7635 = ORIENTED_EDGE ( 'NONE', *, *, #7405, .T. ) ;
#7636 = PLANE ( 'NONE',  #8894 ) ;
#7637 = MECHANICAL_DESIGN_GEOMETRIC_PRESENTATION_REPRESENTATION (  '', ( #1350 ), #5698 ) ;
#7638 = CARTESIAN_POINT ( 'NONE',  ( -0.04949035385863067432, 2.151000000000000689, -0.1598058686254419658 ) ) ;
#7639 = B_SPLINE_CURVE_WITH_KNOTS ( 'NONE', 3,
 ( #4306, #11787, #6360, #8913 ),
 .UNSPECIFIED., .F., .F.,
 ( 4, 4 ),
 ( 10.00000000000000000, 11.00000000000000000 ),
 .UNSPECIFIED. ) ;
#7640 = FILL_AREA_STYLE_COLOUR ( '', #4088 ) ;
#7641 = LINE ( 'NONE', #2830, #7704 ) ;
#7642 = PRESENTATION_LAYER_ASSIGNMENT (  '', '', ( #3107 ) ) ;
#7643 = ADVANCED_FACE ( 'NONE', ( #3813 ), #972, .F. ) ;
#7644 = CARTESIAN_POINT ( 'NONE',  ( -0.2220165054749129729, 2.151000000000000689, -0.2001253665729351983 ) ) ;
#7645 = DIRECTION ( 'NONE',  ( 1.188166764367676342E-16, -1.000000000000000000, -0.000000000000000000 ) ) ;
#7646 = ORIENTED_EDGE ( 'NONE', *, *, #5715, .F. ) ;
#7647 = CARTESIAN_POINT ( 'NONE',  ( -0.5932494851535272673, 2.151000000000000245, 0.2439329517014943438 ) ) ;
#7648 = PRESENTATION_LAYER_ASSIGNMENT (  '', '', ( #9051 ) ) ;
#7649 = ORIENTED_EDGE ( 'NONE', *, *, #4350, .F. ) ;
#7650 = DIRECTION ( 'NONE',  ( -0.007092178509964280203, 0.000000000000000000, 0.9999748501857348426 ) ) ;
#7651 = VECTOR ( 'NONE', #2197, 1000.000000000000114 ) ;
#7652 = SURFACE_SIDE_STYLE ('',( #3154 ) ) ;
#7653 = DIRECTION ( 'NONE',  ( 1.000000000000000000, 1.188166764367676342E-16, 0.000000000000000000 ) ) ;
#7654 = CARTESIAN_POINT ( 'NONE',  ( 0.5601440632598611025, 2.151000000000000689, -0.07185876848065600453 ) ) ;
#7655 = COLOUR_RGB ( '',1.000000000000000000, 1.000000000000000000, 1.000000000000000000 ) ;
#7656 = SURFACE_STYLE_FILL_AREA ( #3919 ) ;
#7657 = EDGE_CURVE ( 'NONE', #7554, #6007, #7675, .T. ) ;
#7658 = MECHANICAL_DESIGN_GEOMETRIC_PRESENTATION_REPRESENTATION (  '', ( #10432 ), #2927 ) ;
#7659 = PRESENTATION_LAYER_ASSIGNMENT (  '', '', ( #2151 ) ) ;
#7660 = UNCERTAINTY_MEASURE_WITH_UNIT (LENGTH_MEASURE( 1.000000000000000082E-05 ), #4799, 'distance_accuracy_value', 'NONE');
#7661 = PLANE ( 'NONE',  #5287 ) ;
#7662 = CARTESIAN_POINT ( 'NONE',  ( 0.1293441777897620659, 2.151000000000000689, 0.2811871714995885507 ) ) ;
#7663 =( LENGTH_UNIT ( ) NAMED_UNIT ( * ) SI_UNIT ( .MILLI., .METRE. ) );
#7664 = DIRECTION ( 'NONE',  ( 0.9999748501857348426, 0.000000000000000000, 0.007092178509963953208 ) ) ;
#7665 = SURFACE_STYLE_FILL_AREA ( #9482 ) ;
#7666 =( NAMED_UNIT ( * ) SI_UNIT ( $, .STERADIAN. ) SOLID_ANGLE_UNIT ( ) );
#7667 = PRESENTATION_LAYER_ASSIGNMENT (  '', '', ( #4155 ) ) ;
#7668 = COLOUR_RGB ( '',1.000000000000000000, 1.000000000000000000, 1.000000000000000000 ) ;
#7669 = FACE_OUTER_BOUND ( 'NONE', #10652, .T. ) ;
#7670 = CARTESIAN_POINT ( 'NONE',  ( -0.2046567300647318677, 2.151000000000000689, 0.1670415306926976151 ) ) ;
#7671 = FILL_AREA_STYLE ('',( #4913 ) ) ;
#7672 = ORIENTED_EDGE ( 'NONE', *, *, #11709, .F. ) ;
#7673 =( NAMED_UNIT ( * ) PLANE_ANGLE_UNIT ( ) SI_UNIT ( $, .RADIAN. ) );
#7674 = EDGE_LOOP ( 'NONE', ( #4377, #1717, #9684, #6640 ) ) ;
#7675 = LINE ( 'NONE', #8595, #7626 ) ;
#7676 = VECTOR ( 'NONE', #3541, 1000.000000000000000 ) ;
#7677 = ORIENTED_EDGE ( 'NONE', *, *, #7610, .F. ) ;
#7678 = DIRECTION ( 'NONE',  ( -0.9999748501857348426, -1.188136882194236216E-16, -0.007092178509963214215 ) ) ;
#7679 = LINE ( 'NONE', #6841, #4131 ) ;
#7680 = LINE ( 'NONE', #357, #7255 ) ;
#7681 = ORIENTED_EDGE ( 'NONE', *, *, #9183, .T. ) ;
#7682 = CARTESIAN_POINT ( 'NONE',  ( 0.8533131882925389933, 2.151000000000000689, -0.2230580641037888112 ) ) ;
#7683 = ORIENTED_EDGE ( 'NONE', *, *, #4581, .F. ) ;
#7684 = CARTESIAN_POINT ( 'NONE',  ( -0.1939400560608335045, 2.150000000000000355, -0.2297680410870831247 ) ) ;
#7685 = EDGE_CURVE ( 'NONE', #9741, #10522, #162, .T. ) ;
#7686 = VERTEX_POINT ( 'NONE', #7736 ) ;
#7687 =( NAMED_UNIT ( * ) SI_UNIT ( $, .STERADIAN. ) SOLID_ANGLE_UNIT ( ) );
#7688 = COLOUR_RGB ( '',1.000000000000000000, 1.000000000000000000, 1.000000000000000000 ) ;
#7689 = DIRECTION ( 'NONE',  ( -0.000000000000000000, -1.000000000000000000, -0.000000000000000000 ) ) ;
#7690 = ORIENTED_EDGE ( 'NONE', *, *, #1996, .F. ) ;
#7691 = ORIENTED_EDGE ( 'NONE', *, *, #1172, .T. ) ;
#7692 = CARTESIAN_POINT ( 'NONE',  ( -0.4606589594673863308, 2.150000000000000355, 0.1021109786709008538 ) ) ;
#7693 = B_SPLINE_SURFACE_WITH_KNOTS ( 'NONE', 3, 1, ( 
 ( #8392, #205 ),
 ( #10383, #10560 ),
 ( #1928, #3918 ),
 ( #1010, #6763 ) ),
 .UNSPECIFIED., .F., .F., .F.,
 ( 4, 4 ),
 ( 2, 2 ),
 ( 3.000000000000000000, 4.000000000000000000 ),
 ( 0.000000000000000000, 1.000000000000000000 ),
 .UNSPECIFIED. ) ;
#7694 = DIRECTION ( 'NONE',  ( 1.188166764367676342E-16, -1.000000000000000000, -0.000000000000000000 ) ) ;
#7695 = MECHANICAL_DESIGN_GEOMETRIC_PRESENTATION_REPRESENTATION (  '', ( #8097 ), #4178 ) ;
#7696 = SURFACE_SIDE_STYLE ('',( #6745 ) ) ;
#7697 = FILL_AREA_STYLE_COLOUR ( '', #4602 ) ;
#7698 = ADVANCED_FACE ( 'NONE', ( #2862 ), #5751, .F. ) ;
#7699 = ORIENTED_EDGE ( 'NONE', *, *, #8221, .F. ) ;
#7700 = EDGE_CURVE ( 'NONE', #11196, #7321, #11667, .T. ) ;
#7701 = SURFACE_STYLE_USAGE ( .BOTH. , #8748 ) ;
#7702 = EDGE_CURVE ( 'NONE', #8972, #5736, #11188, .T. ) ;
#7703 = ORIENTED_EDGE ( 'NONE', *, *, #8007, .T. ) ;
#7704 = VECTOR ( 'NONE', #7759, 1000.000000000000000 ) ;
#7705 = VERTEX_POINT ( 'NONE', #8848 ) ;
#7706 = SURFACE_STYLE_USAGE ( .BOTH. , #10372 ) ;
#7707 = CARTESIAN_POINT ( 'NONE',  ( -0.1937789552779724811, 2.150000000000000355, -0.09854614928598712242 ) ) ;
#7708 = CARTESIAN_POINT ( 'NONE',  ( 0.5578367524028450264, 2.151000000000000689, -0.1542985130197318810 ) ) ;
#7709 = UNCERTAINTY_MEASURE_WITH_UNIT (LENGTH_MEASURE( 1.000000000000000082E-05 ), #3273, 'distance_accuracy_value', 'NONE');
#7710 = ORIENTED_EDGE ( 'NONE', *, *, #4172, .T. ) ;
#7711 = LINE ( 'NONE', #4891, #4069 ) ;
#7712 = VERTEX_POINT ( 'NONE', #532 ) ;
#7713 = VECTOR ( 'NONE', #8315, 999.9999999999998863 ) ;
#7714 = CARTESIAN_POINT ( 'NONE',  ( -0.6947567487916576079, 2.151000000000000245, -0.08982981060039686716 ) ) ;
#7715 = CARTESIAN_POINT ( 'NONE',  ( -0.03407650490992446268, 2.151000000000000689, -0.2219796137038109185 ) ) ;
#7716 = AXIS2_PLACEMENT_3D ( 'NONE', #1473, #6119, #5117 ) ;
#7717 = EDGE_CURVE ( 'NONE', #1937, #1553, #4301, .T. ) ;
#7718 = FILL_AREA_STYLE ('',( #2229 ) ) ;
#7719 = CARTESIAN_POINT ( 'NONE',  ( -0.1521384168749586041, 2.151000000000000689, -0.2154344840441428377 ) ) ;
#7720 = FACE_OUTER_BOUND ( 'NONE', #11660, .T. ) ;
#7721 = AXIS2_PLACEMENT_3D ( 'NONE', #26, #3860, #6709 ) ;
#7722 = CARTESIAN_POINT ( 'NONE',  ( 0.9656563665085891035, 2.150000000000000355, -0.1600822850977186018 ) ) ;
#7723 = SURFACE_STYLE_USAGE ( .BOTH. , #4787 ) ;
#7724 = SURFACE_STYLE_FILL_AREA ( #1020 ) ;
#7725 = VERTEX_POINT ( 'NONE', #7860 ) ;
#7726 = CARTESIAN_POINT ( 'NONE',  ( -0.04949035385863067432, 2.151000000000000689, -0.1598058686254419658 ) ) ;
#7727 = CARTESIAN_POINT ( 'NONE',  ( 0.03327745202502999794, 2.151000000000000689, -0.1306247879744658058 ) ) ;
#7728 = ADVANCED_FACE ( 'NONE', ( #6104 ), #7921, .F. ) ;
#7729 =( NAMED_UNIT ( * ) SI_UNIT ( $, .STERADIAN. ) SOLID_ANGLE_UNIT ( ) );
#7730 = SURFACE_SIDE_STYLE ('',( #11035 ) ) ;
#7731 = CARTESIAN_POINT ( 'NONE',  ( -0.3088860829701925437, 2.151000000000000689, -0.2740462533201795114 ) ) ;
#7732 = VECTOR ( 'NONE', #7149, 1000.000000000000114 ) ;
#7733 = EDGE_LOOP ( 'NONE', ( #2881, #1189, #352, #4442 ) ) ;
#7734 = PRESENTATION_STYLE_ASSIGNMENT (( #8656 ) ) ;
#7735 = VERTEX_POINT ( 'NONE', #9675 ) ;
#7736 = CARTESIAN_POINT ( 'NONE',  ( -0.6280992883290097417, 2.151000000000000245, 0.1510410241179897528 ) ) ;
#7737 = ORIENTED_EDGE ( 'NONE', *, *, #3721, .F. ) ;
#7738 = LINE ( 'NONE', #2137, #1853 ) ;
#7739 = DIRECTION ( 'NONE',  ( 1.188166764367676342E-16, -1.000000000000000000, -0.000000000000000000 ) ) ;
#7740 = ORIENTED_EDGE ( 'NONE', *, *, #11116, .F. ) ;
#7741 = FILL_AREA_STYLE ('',( #9500 ) ) ;
#7742 = ORIENTED_EDGE ( 'NONE', *, *, #4728, .T. ) ;
#7743 = COLOUR_RGB ( '',1.000000000000000000, 1.000000000000000000, 1.000000000000000000 ) ;
#7744 = CARTESIAN_POINT ( 'NONE',  ( 0.7770160928361199426, 2.151000000000000689, 0.3403499894072637422 ) ) ;
#7745 = CARTESIAN_POINT ( 'NONE',  ( 1.670000000000000373, -1.800000000000000044, -1.770000000000001128 ) ) ;
#7746 = FILL_AREA_STYLE_COLOUR ( '', #12094 ) ;
#7747 = CARTESIAN_POINT ( 'NONE',  ( -0.7442627198977462832, 2.151000000000000245, -0.1467451778440389543 ) ) ;
#7748 = ORIENTED_EDGE ( 'NONE', *, *, #2393, .F. ) ;
#7749 = VECTOR ( 'NONE', #10382, 1000.000000000000000 ) ;
#7750 = EDGE_CURVE ( 'NONE', #10553, #8917, #10842, .T. ) ;
#7751 = CARTESIAN_POINT ( 'NONE',  ( -0.1078308020355851771, 2.151000000000000689, 0.2592292525983466711 ) ) ;
#7752 = CARTESIAN_POINT ( 'NONE',  ( -0.2419391697635986105, 2.151000000000000689, -0.1839420553702129646 ) ) ;
#7753 = SURFACE_STYLE_USAGE ( .BOTH. , #4076 ) ;
#7754 = DIRECTION ( 'NONE',  ( 1.188166764367676342E-16, -1.000000000000000000, -0.000000000000000000 ) ) ;
#7755 = ORIENTED_EDGE ( 'NONE', *, *, #1098, .F. ) ;
#7756 =( NAMED_UNIT ( * ) SI_UNIT ( $, .STERADIAN. ) SOLID_ANGLE_UNIT ( ) );
#7757 = FILL_AREA_STYLE ('',( #10675 ) ) ;
#7758 = VECTOR ( 'NONE', #3247, 1000.000000000000114 ) ;
#7759 = DIRECTION ( 'NONE',  ( 1.188166764367676342E-16, -1.000000000000000000, -0.000000000000000000 ) ) ;
#7760 = ORIENTED_EDGE ( 'NONE', *, *, #1082, .T. ) ;
#7761 = B_SPLINE_SURFACE_WITH_KNOTS ( 'NONE', 3, 1, ( 
 ( #11353, #2542 ),
 ( #3240, #6164 ),
 ( #8159, #1452 ),
 ( #6355, #1509 ) ),
 .UNSPECIFIED., .F., .F., .F.,
 ( 4, 4 ),
 ( 2, 2 ),
 ( 12.00000000000000000, 13.00000000000000000 ),
 ( 0.000000000000000000, 1.000000000000000000 ),
 .UNSPECIFIED. ) ;
#7762 = EDGE_CURVE ( 'NONE', #4583, #5500, #8788, .T. ) ;
#7763 = DIRECTION ( 'NONE',  ( -0.9999748501857348426, 0.000000000000000000, -0.007092178509962387620 ) ) ;
#7764 = ADVANCED_FACE ( 'NONE', ( #478 ), #8, .T. ) ;
#7765 = CARTESIAN_POINT ( 'NONE',  ( -0.2826435448981357568, 2.151000000000000689, -0.2943438779887761481 ) ) ;
#7766 = ORIENTED_EDGE ( 'NONE', *, *, #10235, .F. ) ;
#7767 = CARTESIAN_POINT ( 'NONE',  ( -0.1750803625498582872, 2.151000000000000689, -0.1767092724160521933 ) ) ;
#7768 = ORIENTED_EDGE ( 'NONE', *, *, #7657, .F. ) ;
#7769 = FACE_OUTER_BOUND ( 'NONE', #7167, .T. ) ;
#7770 = CARTESIAN_POINT ( 'NONE',  ( -0.6937992422660375080, 2.151000000000000245, -0.05623799426905679022 ) ) ;
#7771 =( NAMED_UNIT ( * ) SI_UNIT ( $, .STERADIAN. ) SOLID_ANGLE_UNIT ( ) );
#7772 = CARTESIAN_POINT ( 'NONE',  ( -0.05155805588541048645, 2.150000000000000355, 0.07309109743247177438 ) ) ;
#7773 = ORIENTED_EDGE ( 'NONE', *, *, #11833, .F. ) ;
#7774 = VECTOR ( 'NONE', #11965, 1000.000000000000000 ) ;
#7775 = UNCERTAINTY_MEASURE_WITH_UNIT (LENGTH_MEASURE( 1.000000000000000082E-05 ), #10239, 'distance_accuracy_value', 'NONE');
#7776 = EDGE_LOOP ( 'NONE', ( #5849, #271, #11580, #11422 ) ) ;
#7777 = CARTESIAN_POINT ( 'NONE',  ( -0.8445179435863524597, 2.151000000000000245, -0.08527713648157950188 ) ) ;
#7778 = ADVANCED_FACE ( 'NONE', ( #11725 ), #905, .T. ) ;
#7779 = SURFACE_STYLE_FILL_AREA ( #11408 ) ;
#7780 = DIRECTION ( 'NONE',  ( 0.007092178509964280203, -0.000000000000000000, -0.9999748501857348426 ) ) ;
#7781 = EDGE_LOOP ( 'NONE', ( #4965, #2288, #10496, #7098 ) ) ;
#7782 = MECHANICAL_DESIGN_GEOMETRIC_PRESENTATION_REPRESENTATION (  '', ( #911 ), #1879 ) ;
#7783 =( NAMED_UNIT ( * ) PLANE_ANGLE_UNIT ( ) SI_UNIT ( $, .RADIAN. ) );
#7784 = PRESENTATION_STYLE_ASSIGNMENT (( #6096 ) ) ;
#7785 = FACE_BOUND ( 'NONE', #11437, .T. ) ;
#7786 = PRESENTATION_LAYER_ASSIGNMENT (  '', '', ( #6262 ) ) ;
#7787 = SURFACE_SIDE_STYLE ('',( #2916 ) ) ;
#7788 = CARTESIAN_POINT ( 'NONE',  ( 0.004334137775480265131, 2.151000000000000689, 0.2338222079011517684 ) ) ;
#7789 = PRESENTATION_STYLE_ASSIGNMENT (( #10518 ) ) ;
#7790 = PRESENTATION_STYLE_ASSIGNMENT (( #2128 ) ) ;
#7791 = COLOUR_RGB ( '',1.000000000000000000, 1.000000000000000000, 1.000000000000000000 ) ;
#7792 = ORIENTED_EDGE ( 'NONE', *, *, #2357, .F. ) ;
#7793 = EDGE_CURVE ( 'NONE', #3245, #946, #11850, .T. ) ;
#7794 = B_SPLINE_CURVE_WITH_KNOTS ( 'NONE', 3,
 ( #7001, #523, #4963, #3162 ),
 .UNSPECIFIED., .F., .F.,
 ( 4, 4 ),
 ( 9.000000000000000000, 10.00000000000000000 ),
 .UNSPECIFIED. ) ;
#7795 = CARTESIAN_POINT ( 'NONE',  ( -0.3299657326324503814, 2.151000000000000689, -0.2120166705304243060 ) ) ;
#7796 = VERTEX_POINT ( 'NONE', #5542 ) ;
#7797 = CARTESIAN_POINT ( 'NONE',  ( 0.6410967227516382039, 2.150000000000000355, 0.3393860007275265045 ) ) ;
#7798 = PRESENTATION_STYLE_ASSIGNMENT (( #8046 ) ) ;
#7799 = ORIENTED_EDGE ( 'NONE', *, *, #963, .T. ) ;
#7800 = CARTESIAN_POINT ( 'NONE',  ( 0.8787249797891000247, 2.150000000000000355, -0.1361164223416484742 ) ) ;
#7801 = ORIENTED_EDGE ( 'NONE', *, *, #10641, .T. ) ;
#7802 = B_SPLINE_CURVE_WITH_KNOTS ( 'NONE', 3,
 ( #4367, #7977, #9103, #11780 ),
 .UNSPECIFIED., .F., .F.,
 ( 4, 4 ),
 ( 9.000000000000000000, 10.00000000000000000 ),
 .UNSPECIFIED. ) ;
#7803 = VECTOR ( 'NONE', #5594, 1000.000000000000114 ) ;
#7804 = B_SPLINE_CURVE_WITH_KNOTS ( 'NONE', 3,
 ( #11553, #4982, #10848, #290 ),
 .UNSPECIFIED., .F., .F.,
 ( 4, 4 ),
 ( 15.00000000000000000, 16.00000000000000000 ),
 .UNSPECIFIED. ) ;
#7805 = CARTESIAN_POINT ( 'NONE',  ( -0.6660630761661242571, 2.150000000000000355, -0.2504808999510020340 ) ) ;
#7806 = VERTEX_POINT ( 'NONE', #3610 ) ;
#7807 = ORIENTED_EDGE ( 'NONE', *, *, #7364, .F. ) ;
#7808 =( NAMED_UNIT ( * ) SI_UNIT ( $, .STERADIAN. ) SOLID_ANGLE_UNIT ( ) );
#7809 = ADVANCED_FACE ( 'NONE', ( #8271 ), #8572, .F. ) ;
#7810 = COLOUR_RGB ( '',1.000000000000000000, 1.000000000000000000, 1.000000000000000000 ) ;
#7811 = CARTESIAN_POINT ( 'NONE',  ( 1.160911014477863379, 2.151000000000000689, -0.1659275319788961200 ) ) ;
#7812 = SURFACE_SIDE_STYLE ('',( #4073 ) ) ;
#7813 = SURFACE_STYLE_USAGE ( .BOTH. , #9949 ) ;
#7814 = CARTESIAN_POINT ( 'NONE',  ( -0.2475599881690958848, 2.151000000000000689, -0.1904285814333953331 ) ) ;
#7815 =( NAMED_UNIT ( * ) PLANE_ANGLE_UNIT ( ) SI_UNIT ( $, .RADIAN. ) );
#7816 = FILL_AREA_STYLE ('',( #3555 ) ) ;
#7817 =( NAMED_UNIT ( * ) SI_UNIT ( $, .STERADIAN. ) SOLID_ANGLE_UNIT ( ) );
#7818 = ORIENTED_EDGE ( 'NONE', *, *, #2117, .F. ) ;
#7819 = COLOUR_RGB ( '',1.000000000000000000, 1.000000000000000000, 1.000000000000000000 ) ;
#7820 = LINE ( 'NONE', #11577, #6080 ) ;
#7821 = CARTESIAN_POINT ( 'NONE',  ( 0.9513813708958780424, 2.151000000000000689, 0.2215666937922319835 ) ) ;
#7822 = EDGE_LOOP ( 'NONE', ( #11675, #5872, #301, #3955, #7047, #8276, #7703, #4 ) ) ;
#7823 = CARTESIAN_POINT ( 'NONE',  ( -0.7091065057563352703, 2.151000000000000245, -0.1923503147669559932 ) ) ;
#7824 = PRESENTATION_LAYER_ASSIGNMENT (  '', '', ( #3511 ) ) ;
#7825 =( NAMED_UNIT ( * ) PLANE_ANGLE_UNIT ( ) SI_UNIT ( $, .RADIAN. ) );
#7826 = MECHANICAL_DESIGN_GEOMETRIC_PRESENTATION_REPRESENTATION (  '', ( #4113 ), #11012 ) ;
#7827 = ORIENTED_EDGE ( 'NONE', *, *, #10356, .F. ) ;
#7828 = PLANE ( 'NONE',  #10836 ) ;
#7829 = ORIENTED_EDGE ( 'NONE', *, *, #7630, .T. ) ;
#7830 = ORIENTED_EDGE ( 'NONE', *, *, #559, .F. ) ;
#7831 = CARTESIAN_POINT ( 'NONE',  ( -0.3838054770323672815, 2.151000000000000689, 0.2541525895137378699 ) ) ;
#7832 = DIRECTION ( 'NONE',  ( -0.9999748501857348426, -0.000000000000000000, -0.007092178509963863869 ) ) ;
#7833 = MECHANICAL_DESIGN_GEOMETRIC_PRESENTATION_REPRESENTATION (  '', ( #10208 ), #8824 ) ;
#7834 = COLOUR_RGB ( '',1.000000000000000000, 1.000000000000000000, 1.000000000000000000 ) ;
#7835 = VECTOR ( 'NONE', #8013, 1000.000000000000000 ) ;
#7836 =( NAMED_UNIT ( * ) PLANE_ANGLE_UNIT ( ) SI_UNIT ( $, .RADIAN. ) );
#7837 = FILL_AREA_STYLE_COLOUR ( '', #8580 ) ;
#7838 =( LENGTH_UNIT ( ) NAMED_UNIT ( * ) SI_UNIT ( .MILLI., .METRE. ) );
#7839 = ORIENTED_EDGE ( 'NONE', *, *, #998, .F. ) ;
#7840 =( LENGTH_UNIT ( ) NAMED_UNIT ( * ) SI_UNIT ( .MILLI., .METRE. ) );
#7841 = MECHANICAL_DESIGN_GEOMETRIC_PRESENTATION_REPRESENTATION (  '', ( #10041 ), #10619 ) ;
#7842 = SURFACE_STYLE_FILL_AREA ( #1382 ) ;
#7843 = CARTESIAN_POINT ( 'NONE',  ( -0.08300474975170571423, 2.151000000000000689, -0.1184522020143185111 ) ) ;
#7844 = COLOUR_RGB ( '',1.000000000000000000, 1.000000000000000000, 1.000000000000000000 ) ;
#7845 = DIRECTION ( 'NONE',  ( -0.000000000000000000, -1.000000000000000000, -0.000000000000000000 ) ) ;
#7846 = ORIENTED_EDGE ( 'NONE', *, *, #1925, .T. ) ;
#7847 = FILL_AREA_STYLE ('',( #3164 ) ) ;
#7848 = SURFACE_STYLE_USAGE ( .BOTH. , #8782 ) ;
#7849 = ADVANCED_FACE ( 'NONE', ( #11907 ), #5843, .F. ) ;
#7850 = STYLED_ITEM ( 'NONE', ( #7284 ), #2702 ) ;
#7851 = ADVANCED_FACE ( 'NONE', ( #896 ), #11183, .F. ) ;
#7852 = ADVANCED_FACE ( 'NONE', ( #5660 ), #1205, .F. ) ;
#7853 = VECTOR ( 'NONE', #8323, 1000.000000000000114 ) ;
#7854 = SURFACE_STYLE_USAGE ( .BOTH. , #8652 ) ;
#7855 = COLOUR_RGB ( '',1.000000000000000000, 1.000000000000000000, 1.000000000000000000 ) ;
#7856 = CARTESIAN_POINT ( 'NONE',  ( 0.8636193661126985166, 2.151000000000000689, -0.04512400215323621178 ) ) ;
#7857 = B_SPLINE_CURVE_WITH_KNOTS ( 'NONE', 3,
 ( #5433, #670, #4437, #8169 ),
 .UNSPECIFIED., .F., .F.,
 ( 4, 4 ),
 ( 12.00000000000000000, 13.00000000000000000 ),
 .UNSPECIFIED. ) ;
#7858 = ORIENTED_EDGE ( 'NONE', *, *, #7717, .F. ) ;
#7859 = MECHANICAL_DESIGN_GEOMETRIC_PRESENTATION_REPRESENTATION (  '', ( #10240 ), #2936 ) ;
#7860 = CARTESIAN_POINT ( 'NONE',  ( -0.2048219109967226725, 2.150000000000000355, 0.1903315222643010007 ) ) ;
#7861 = ORIENTED_EDGE ( 'NONE', *, *, #1467, .T. ) ;
#7862 = CARTESIAN_POINT ( 'NONE',  ( 0.1293441777897620659, 2.151000000000000689, 0.2811871714995885507 ) ) ;
#7863 = SURFACE_SIDE_STYLE ('',( #2380 ) ) ;
#7864 = CARTESIAN_POINT ( 'NONE',  ( -0.1790932907537494401, 2.150000000000000355, -0.1386816366930572753 ) ) ;
#7865 = ORIENTED_EDGE ( 'NONE', *, *, #1776, .T. ) ;
#7866 = CARTESIAN_POINT ( 'NONE',  ( -0.4315903218202884473, 2.151000000000000689, -0.04543617205330258146 ) ) ;
#7867 = MECHANICAL_DESIGN_GEOMETRIC_PRESENTATION_REPRESENTATION (  '', ( #3351 ), #8252 ) ;
#7868 = ORIENTED_EDGE ( 'NONE', *, *, #3823, .T. ) ;
#7869 = B_SPLINE_CURVE_WITH_KNOTS ( 'NONE', 3,
 ( #4540, #2597, #3540, #6285 ),
 .UNSPECIFIED., .F., .F.,
 ( 4, 4 ),
 ( 7.000000000000000000, 8.000000000000000000 ),
 .UNSPECIFIED. ) ;
#7870 = EDGE_CURVE ( 'NONE', #2372, #10850, #3093, .T. ) ;
#7871 = B_SPLINE_SURFACE_WITH_KNOTS ( 'NONE', 3, 1, ( 
 ( #4946, #11640 ),
 ( #11694, #5262 ),
 ( #8071, #6068 ),
 ( #7821, #4337 ) ),
 .UNSPECIFIED., .F., .F., .F.,
 ( 4, 4 ),
 ( 2, 2 ),
 ( 3.000000000000000000, 4.000000000000000000 ),
 ( 0.000000000000000000, 1.000000000000000000 ),
 .UNSPECIFIED. ) ;
#7872 = CARTESIAN_POINT ( 'NONE',  ( 1.195080527978095386, 2.150000000000000355, 0.1133973145871911559 ) ) ;
#7873 = CARTESIAN_POINT ( 'NONE',  ( -0.6924873812034721965, 2.151000000000000245, -0.2412062755468378505 ) ) ;
#7874 = PRESENTATION_LAYER_ASSIGNMENT (  '', '', ( #10637 ) ) ;
#7875 = PRESENTATION_STYLE_ASSIGNMENT (( #11681 ) ) ;
#7876 = FILL_AREA_STYLE_COLOUR ( '', #5329 ) ;
#7877 = PLANE ( 'NONE',  #320 ) ;
#7878 = LINE ( 'NONE', #3196, #6901 ) ;
#7879 = LINE ( 'NONE', #9574, #5220 ) ;
#7880 = DIRECTION ( 'NONE',  ( -0.007092178509966672387, 0.000000000000000000, 0.9999748501857348426 ) ) ;
#7881 = LINE ( 'NONE', #6258, #8415 ) ;
#7882 = CARTESIAN_POINT ( 'NONE',  ( -0.1220798914261043283, 2.150000000000000355, 0.07654211085997418562 ) ) ;
#7883 = DIRECTION ( 'NONE',  ( 1.188166764367676342E-16, -1.000000000000000000, -0.000000000000000000 ) ) ;
#7884 = ORIENTED_EDGE ( 'NONE', *, *, #3180, .F. ) ;
#7885 = COLOUR_RGB ( '',1.000000000000000000, 1.000000000000000000, 1.000000000000000000 ) ;
#7886 = VECTOR ( 'NONE', #11048, 1000.000000000000000 ) ;
#7887 = FACE_OUTER_BOUND ( 'NONE', #1558, .T. ) ;
#7888 = EDGE_CURVE ( 'NONE', #11918, #5793, #4235, .T. ) ;
#7889 = CARTESIAN_POINT ( 'NONE',  ( -0.1237626628881585561, 2.150000000000000355, 0.2551650787023051481 ) ) ;
#7890 = CARTESIAN_POINT ( 'NONE',  ( -0.4037291882663764930, 2.151000000000000689, -0.1033625002794622688 ) ) ;
#7891 = ORIENTED_EDGE ( 'NONE', *, *, #3431, .T. ) ;
#7892 = MECHANICAL_DESIGN_GEOMETRIC_PRESENTATION_REPRESENTATION (  '', ( #10511 ), #12002 ) ;
#7893 = MECHANICAL_DESIGN_GEOMETRIC_PRESENTATION_REPRESENTATION (  '', ( #7307 ), #8877 ) ;
#7894 =( NAMED_UNIT ( * ) PLANE_ANGLE_UNIT ( ) SI_UNIT ( $, .RADIAN. ) );
#7895 = PLANE ( 'NONE',  #9814 ) ;
#7896 = CARTESIAN_POINT ( 'NONE',  ( -0.6797006457766981979, 2.151000000000000245, -0.05391546354808440106 ) ) ;
#7897 = EDGE_LOOP ( 'NONE', ( #99, #2314, #59, #3761 ) ) ;
#7898 = FILL_AREA_STYLE ('',( #2281 ) ) ;
#7899 = ORIENTED_EDGE ( 'NONE', *, *, #6756, .F. ) ;
#7900 = ORIENTED_EDGE ( 'NONE', *, *, #1014, .T. ) ;
#7901 = LINE ( 'NONE', #9903, #3394 ) ;
#7902 = FILL_AREA_STYLE ('',( #8144 ) ) ;
#7903 = VECTOR ( 'NONE', #147, 1000.000000000000114 ) ;
#7904 = PRESENTATION_LAYER_ASSIGNMENT (  '', '', ( #8097 ) ) ;
#7905 = DIRECTION ( 'NONE',  ( 0.3492990577959528276, -0.000000000000000000, 0.9370112956751692757 ) ) ;
#7906 = CARTESIAN_POINT ( 'NONE',  ( -0.4570508279368845073, 2.151000000000000689, -0.1573935342187322839 ) ) ;
#7907 = CARTESIAN_POINT ( 'NONE',  ( -0.01322029427561530190, 2.151000000000000689, -0.2378443686416419900 ) ) ;
#7908 = ORIENTED_EDGE ( 'NONE', *, *, #11099, .F. ) ;
#7909 = UNCERTAINTY_MEASURE_WITH_UNIT (LENGTH_MEASURE( 1.000000000000000082E-05 ), #9580, 'distance_accuracy_value', 'NONE');
#7910 = LINE ( 'NONE', #1440, #4717 ) ;
#7911 = FILL_AREA_STYLE_COLOUR ( '', #3510 ) ;
#7912 =( GEOMETRIC_REPRESENTATION_CONTEXT ( 3 ) GLOBAL_UNCERTAINTY_ASSIGNED_CONTEXT ( ( #1430 ) ) GLOBAL_UNIT_ASSIGNED_CONTEXT ( ( #6443, #8133, #7338 ) ) REPRESENTATION_CONTEXT ( 'NONE', 'WORKASPACE' ) );
#7913 = ORIENTED_EDGE ( 'NONE', *, *, #10964, .T. ) ;
#7914 = SURFACE_SIDE_STYLE ('',( #6031 ) ) ;
#7915 = VECTOR ( 'NONE', #4944, 1000.000000000000000 ) ;
#7916 =( NAMED_UNIT ( * ) SI_UNIT ( $, .STERADIAN. ) SOLID_ANGLE_UNIT ( ) );
#7917 = SURFACE_STYLE_USAGE ( .BOTH. , #5973 ) ;
#7918 = MECHANICAL_DESIGN_GEOMETRIC_PRESENTATION_REPRESENTATION (  '', ( #8896 ), #6389 ) ;
#7919 = ORIENTED_EDGE ( 'NONE', *, *, #1674, .F. ) ;
#7920 = EDGE_CURVE ( 'NONE', #11162, #361, #6157, .T. ) ;
#7921 = PLANE ( 'NONE',  #11932 ) ;
#7922 = EDGE_CURVE ( 'NONE', #7561, #9123, #160, .T. ) ;
#7923 = ORIENTED_EDGE ( 'NONE', *, *, #3197, .T. ) ;
#7924 = SURFACE_SIDE_STYLE ('',( #4001 ) ) ;
#7925 = EDGE_CURVE ( 'NONE', #9627, #1262, #11473, .T. ) ;
#7926 = CARTESIAN_POINT ( 'NONE',  ( -0.7440392831906305071, 2.150000000000000355, -0.1782490503721157471 ) ) ;
#7927 = CARTESIAN_POINT ( 'NONE',  ( -0.2241276755266178311, 2.150000000000000355, -0.2103302235974524870 ) ) ;
#7928 = CARTESIAN_POINT ( 'NONE',  ( -0.08468347123331373960, 2.150000000000000355, 0.09625130166525268371 ) ) ;
#7929 = CARTESIAN_POINT ( 'NONE',  ( 0.2982013754879659362, 2.150000000000000355, -0.04190405822187966839 ) ) ;
#7930 = AXIS2_PLACEMENT_3D ( 'NONE', #10671, #10480, #311 ) ;
#7931 = ORIENTED_EDGE ( 'NONE', *, *, #948, .T. ) ;
#7932 = CARTESIAN_POINT ( 'NONE',  ( 0.9656563665085891035, 2.151000000000000689, -0.1600822850977186018 ) ) ;
#7933 = EDGE_LOOP ( 'NONE', ( #6825, #2331, #5335, #8513 ) ) ;
#7934 = DIRECTION ( 'NONE',  ( -0.000000000000000000, -0.000000000000000000, -1.000000000000000000 ) ) ;
#7935 = SURFACE_STYLE_USAGE ( .BOTH. , #11735 ) ;
#7936 =( NAMED_UNIT ( * ) PLANE_ANGLE_UNIT ( ) SI_UNIT ( $, .RADIAN. ) );
#7937 = PLANE ( 'NONE',  #4418 ) ;
#7938 = ORIENTED_EDGE ( 'NONE', *, *, #5355, .T. ) ;
#7939 = MECHANICAL_DESIGN_GEOMETRIC_PRESENTATION_REPRESENTATION (  '', ( #3425 ), #8136 ) ;
#7940 = CARTESIAN_POINT ( 'NONE',  ( 0.02337378604298410295, 2.151000000000000689, 0.1002410129047179715 ) ) ;
#7941 =( GEOMETRIC_REPRESENTATION_CONTEXT ( 3 ) GLOBAL_UNCERTAINTY_ASSIGNED_CONTEXT ( ( #2700 ) ) GLOBAL_UNIT_ASSIGNED_CONTEXT ( ( #2585, #9017, #6213 ) ) REPRESENTATION_CONTEXT ( 'NONE', 'WORKASPACE' ) );
#7942 = EDGE_CURVE ( 'NONE', #3190, #4284, #7794, .T. ) ;
#7943 = CARTESIAN_POINT ( 'NONE',  ( -0.7130530573381530512, 2.150000000000000355, -0.2223240862405151952 ) ) ;
#7944 = FACE_OUTER_BOUND ( 'NONE', #7359, .T. ) ;
#7945 = CARTESIAN_POINT ( 'NONE',  ( 0.01452646803043681871, 2.150000000000000355, 0.1748347605559805173 ) ) ;
#7946 = SURFACE_STYLE_FILL_AREA ( #7816 ) ;
#7947 = DIRECTION ( 'NONE',  ( 1.000000000000000000, -0.000000000000000000, -0.000000000000000000 ) ) ;
#7948 = ORIENTED_EDGE ( 'NONE', *, *, #11682, .T. ) ;
#7949 =( GEOMETRIC_REPRESENTATION_CONTEXT ( 3 ) GLOBAL_UNCERTAINTY_ASSIGNED_CONTEXT ( ( #7058 ) ) GLOBAL_UNIT_ASSIGNED_CONTEXT ( ( #1582, #10972, #3254 ) ) REPRESENTATION_CONTEXT ( 'NONE', 'WORKASPACE' ) );
#7950 = VECTOR ( 'NONE', #9606, 1000.000000000000000 ) ;
#7951 = DIRECTION ( 'NONE',  ( -0.9999748501857348426, -0.000000000000000000, -0.007092178509963612335 ) ) ;
#7952 = COLOUR_RGB ( '',1.000000000000000000, 1.000000000000000000, 1.000000000000000000 ) ;
#7953 = AXIS2_PLACEMENT_3D ( 'NONE', #9631, #8680, #10602 ) ;
#7954 = PRESENTATION_STYLE_ASSIGNMENT (( #5136 ) ) ;
#7955 = EDGE_CURVE ( 'NONE', #5041, #2386, #2292, .T. ) ;
#7956 = CARTESIAN_POINT ( 'NONE',  ( -0.2362663647698319269, 2.150000000000000355, -0.1774551605996002590 ) ) ;
#7957 = CARTESIAN_POINT ( 'NONE',  ( 0.9726810703370720734, 2.151000000000000689, -0.3350012342383659747 ) ) ;
#7959 = ORIENTED_EDGE ( 'NONE', *, *, #10737, .T. ) ;
#7958 = MECHANICAL_DESIGN_GEOMETRIC_PRESENTATION_REPRESENTATION (  '', ( #11284 ), #4819 ) ;
#7960 = CARTESIAN_POINT ( 'NONE',  ( -0.1371080723958849890, 2.151000000000000689, 0.08433788454482409047 ) ) ;
#7961 = ORIENTED_EDGE ( 'NONE', *, *, #11474, .F. ) ;
#7962 = VERTEX_POINT ( 'NONE', #9661 ) ;
#7963 = CARTESIAN_POINT ( 'NONE',  ( 0.9846177179837275473, 2.151000000000000689, 0.2246944621440921941 ) ) ;
#7964 = SURFACE_STYLE_FILL_AREA ( #5207 ) ;
#7965 = DIRECTION ( 'NONE',  ( 0.9999748501857348426, -0.000000000000000000, 0.007092178509974185474 ) ) ;
#7966 = CARTESIAN_POINT ( 'NONE',  ( -0.07393178278671591608, 2.150000000000000355, -0.2248617417246644434 ) ) ;
#7967 = ORIENTED_EDGE ( 'NONE', *, *, #9219, .F. ) ;
#7968 = FILL_AREA_STYLE_COLOUR ( '', #11958 ) ;
#7969 = CARTESIAN_POINT ( 'NONE',  ( 0.6044249904573870680, 2.151000000000000689, 0.005094551709258928612 ) ) ;
#7970 = SURFACE_STYLE_FILL_AREA ( #8028 ) ;
#7971 = ORIENTED_EDGE ( 'NONE', *, *, #6616, .T. ) ;
#7972 = CARTESIAN_POINT ( 'NONE',  ( -0.2440562530592657042, 2.151000000000000689, -0.1053493950393579875 ) ) ;
#7973 = CARTESIAN_POINT ( 'NONE',  ( 3.649999999999997691, -1.600000000000000089, 3.429011037612588783E-16 ) ) ;
#7974 = CARTESIAN_POINT ( 'NONE',  ( -0.03030141272887983128, 2.150000000000000355, -0.1018577796993654500 ) ) ;
#7975 = EDGE_CURVE ( 'NONE', #332, #8163, #5089, .T. ) ;
#7976 = CARTESIAN_POINT ( 'NONE',  ( 0.8247120008767560018, 2.150000000000000355, -0.06419824203184211486 ) ) ;
#7977 = CARTESIAN_POINT ( 'NONE',  ( -0.01321888906727707036, 2.151000000000000689, 0.2017763447232890917 ) ) ;
#7978 = ORIENTED_EDGE ( 'NONE', *, *, #3287, .F. ) ;
#7979 = VECTOR ( 'NONE', #10352, 1000.000000000000114 ) ;
#7980 = ORIENTED_EDGE ( 'NONE', *, *, #8191, .F. ) ;
#7981 = DIRECTION ( 'NONE',  ( 2.017120320903264442E-16, -1.000000000000000000, 0.000000000000000000 ) ) ;
#7982 = LINE ( 'NONE', #7862, #7072 ) ;
#7983 = ORIENTED_EDGE ( 'NONE', *, *, #3447, .F. ) ;
#7984 = CARTESIAN_POINT ( 'NONE',  ( -0.06594393457482153331, 2.151000000000000689, -0.09763949769721640137 ) ) ;
#7985 = VERTEX_POINT ( 'NONE', #403 ) ;
#7986 = FILL_AREA_STYLE ('',( #8857 ) ) ;
#7987 = ORIENTED_EDGE ( 'NONE', *, *, #7036, .F. ) ;
#7988 = ADVANCED_FACE ( 'NONE', ( #5965 ), #6947, .F. ) ;
#7989 = CARTESIAN_POINT ( 'NONE',  ( -0.1845599917712082982, 2.150000000000000355, -0.1522376013544926854 ) ) ;
#7990 = COLOUR_RGB ( '',1.000000000000000000, 1.000000000000000000, 1.000000000000000000 ) ;
#7991 =( NAMED_UNIT ( * ) PLANE_ANGLE_UNIT ( ) SI_UNIT ( $, .RADIAN. ) );
#7992 = EDGE_CURVE ( 'NONE', #7035, #4747, #5182, .T. ) ;
#7993 = ORIENTED_EDGE ( 'NONE', *, *, #5790, .F. ) ;
#7994 = COLOUR_RGB ( '',1.000000000000000000, 1.000000000000000000, 1.000000000000000000 ) ;
#7995 = B_SPLINE_CURVE_WITH_KNOTS ( 'NONE', 3,
 ( #778, #9171, #6481, #1759 ),
 .UNSPECIFIED., .F., .F.,
 ( 4, 4 ),
 ( 1.000000000000000000, 2.000000000000000000 ),
 .UNSPECIFIED. ) ;
#7996 = CARTESIAN_POINT ( 'NONE',  ( -0.4414051443939011055, 2.150000000000000355, 0.2681970706437578622 ) ) ;
#7997 = FILL_AREA_STYLE ('',( #3195 ) ) ;
#7998 = CARTESIAN_POINT ( 'NONE',  ( 3.649999999999997691, -1.600000000000000089, 3.429011037612588783E-16 ) ) ;
#7999 = FILL_AREA_STYLE ('',( #8996 ) ) ;
#8000 = COLOUR_RGB ( '',1.000000000000000000, 1.000000000000000000, 1.000000000000000000 ) ;
#8001 = DIRECTION ( 'NONE',  ( -0.9999748501857348426, -0.000000000000000000, -0.007092178509963973157 ) ) ;
#8002 = CARTESIAN_POINT ( 'NONE',  ( 0.01474253058880173328, 2.151000000000000689, 0.1443706197947063341 ) ) ;
#8003 =( NAMED_UNIT ( * ) SI_UNIT ( $, .STERADIAN. ) SOLID_ANGLE_UNIT ( ) );
#8004 = VERTEX_POINT ( 'NONE', #7969 ) ;
#8005 = LINE ( 'NONE', #3204, #6735 ) ;
#8006 = CARTESIAN_POINT ( 'NONE',  ( -0.7091065057563352703, 2.149999999999999911, -0.1923503147669559932 ) ) ;
#8007 = EDGE_CURVE ( 'NONE', #1262, #10200, #11600, .T. ) ;
#8008 = EDGE_CURVE ( 'NONE', #7623, #10758, #1192, .T. ) ;
#8009 = CARTESIAN_POINT ( 'NONE',  ( 0.9324096831064384583, 2.151000000000000689, 0.2460145371963196326 ) ) ;
#8010 = LINE ( 'NONE', #9827, #4580 ) ;
#8011 =( NAMED_UNIT ( * ) PLANE_ANGLE_UNIT ( ) SI_UNIT ( $, .RADIAN. ) );
#8012 = CARTESIAN_POINT ( 'NONE',  ( 0.02353053427882507986, 2.150000000000000355, -0.2224028712754021475 ) ) ;
#8013 = DIRECTION ( 'NONE',  ( -0.000000000000000000, -1.000000000000000000, -0.000000000000000000 ) ) ;
#8014 = DIRECTION ( 'NONE',  ( -0.9999748501857348426, -0.000000000000000000, -0.007092178509965518796 ) ) ;
#8015 = VECTOR ( 'NONE', #2990, 1000.000000000000227 ) ;
#8016 = ORIENTED_EDGE ( 'NONE', *, *, #245, .T. ) ;
#8017 = VERTEX_POINT ( 'NONE', #1678 ) ;
#8018 = VERTEX_POINT ( 'NONE', #10943 ) ;
#8019 = SURFACE_STYLE_USAGE ( .BOTH. , #7168 ) ;
#8020 = EDGE_CURVE ( 'NONE', #9400, #6014, #9155, .T. ) ;
#8021 = SURFACE_STYLE_USAGE ( .BOTH. , #1613 ) ;
#8022 = SURFACE_SIDE_STYLE ('',( #3089 ) ) ;
#8023 =( NAMED_UNIT ( * ) SI_UNIT ( $, .STERADIAN. ) SOLID_ANGLE_UNIT ( ) );
#8024 = ORIENTED_EDGE ( 'NONE', *, *, #1070, .F. ) ;
#8025 = UNCERTAINTY_MEASURE_WITH_UNIT (LENGTH_MEASURE( 1.000000000000000082E-05 ), #1581, 'distance_accuracy_value', 'NONE');
#8026 = LINE ( 'NONE', #11770, #7090 ) ;
#8027 = CARTESIAN_POINT ( 'NONE',  ( -0.8483944477161602382, 2.151000000000000245, -0.08114549376474268494 ) ) ;
#8028 = FILL_AREA_STYLE ('',( #11841 ) ) ;
#8029 = EDGE_LOOP ( 'NONE', ( #3341, #4796, #11092, #10046 ) ) ;
#8030 = COLOUR_RGB ( '',1.000000000000000000, 1.000000000000000000, 1.000000000000000000 ) ;
#8031 = FACE_OUTER_BOUND ( 'NONE', #3880, .T. ) ;
#8032 = VECTOR ( 'NONE', #11362, 1000.000000000000114 ) ;
#8033 = EDGE_CURVE ( 'NONE', #3382, #4044, #10922, .T. ) ;
#8034 = DIRECTION ( 'NONE',  ( -0.000000000000000000, -0.000000000000000000, 1.000000000000000000 ) ) ;
#8035 = CARTESIAN_POINT ( 'NONE',  ( -0.8122349957241151719, 2.149999999999999911, -0.1729099279294075420 ) ) ;
#8036 = UNCERTAINTY_MEASURE_WITH_UNIT (LENGTH_MEASURE( 1.000000000000000082E-05 ), #10121, 'distance_accuracy_value', 'NONE');
#8037 = VECTOR ( 'NONE', #5300, 1000.000000000000000 ) ;
#8038 = EDGE_LOOP ( 'NONE', ( #6044, #6517, #4851, #2039 ) ) ;
#8039 = MECHANICAL_DESIGN_GEOMETRIC_PRESENTATION_REPRESENTATION (  '', ( #6103 ), #4521 ) ;
#8040 = FILL_AREA_STYLE ('',( #1212 ) ) ;
#8041 = ORIENTED_EDGE ( 'NONE', *, *, #866, .T. ) ;
#8042 = LINE ( 'NONE', #3370, #1163 ) ;
#8043 =( NAMED_UNIT ( * ) SI_UNIT ( $, .STERADIAN. ) SOLID_ANGLE_UNIT ( ) );
#8044 = SURFACE_STYLE_USAGE ( .BOTH. , #7140 ) ;
#8045 = CARTESIAN_POINT ( 'NONE',  ( -0.2176754415752549798, 2.150000000000000355, -0.1964553339650816910 ) ) ;
#8046 = SURFACE_STYLE_USAGE ( .BOTH. , #5172 ) ;
#8047 = VERTEX_POINT ( 'NONE', #6347 ) ;
#8048 = SURFACE_STYLE_FILL_AREA ( #1464 ) ;
#8049 = ORIENTED_EDGE ( 'NONE', *, *, #10235, .T. ) ;
#8050 = DIRECTION ( 'NONE',  ( 0.007092178509964280203, -0.000000000000000000, -0.9999748501857348426 ) ) ;
#8051 = ORIENTED_EDGE ( 'NONE', *, *, #9481, .F. ) ;
#8052 = LINE ( 'NONE', #10655, #10514 ) ;
#8053 = SURFACE_STYLE_FILL_AREA ( #1525 ) ;
#8054 = SURFACE_SIDE_STYLE ('',( #11629 ) ) ;
#8055 = EDGE_LOOP ( 'NONE', ( #5851, #3300, #378, #8646 ) ) ;
#8056 = FILL_AREA_STYLE_COLOUR ( '', #10291 ) ;
#8057 =( GEOMETRIC_REPRESENTATION_CONTEXT ( 3 ) GLOBAL_UNCERTAINTY_ASSIGNED_CONTEXT ( ( #7208 ) ) GLOBAL_UNIT_ASSIGNED_CONTEXT ( ( #3959, #9635, #3071 ) ) REPRESENTATION_CONTEXT ( 'NONE', 'WORKASPACE' ) );
#8058 =( GEOMETRIC_REPRESENTATION_CONTEXT ( 3 ) GLOBAL_UNCERTAINTY_ASSIGNED_CONTEXT ( ( #8639 ) ) GLOBAL_UNIT_ASSIGNED_CONTEXT ( ( #6571, #4579, #2758 ) ) REPRESENTATION_CONTEXT ( 'NONE', 'WORKASPACE' ) );
#8059 = CARTESIAN_POINT ( 'NONE',  ( -0.2041715110770059849, 2.151000000000000689, 0.09862718045085375196 ) ) ;
#8060 = CARTESIAN_POINT ( 'NONE',  ( -0.02681460799178941867, 2.150000000000000355, -0.2049796294520373485 ) ) ;
#8061 = EDGE_CURVE ( 'NONE', #2386, #8485, #2483, .T. ) ;
#8062 = SURFACE_STYLE_FILL_AREA ( #617 ) ;
#8063 = SURFACE_STYLE_USAGE ( .BOTH. , #1537 ) ;
#8064 = CARTESIAN_POINT ( 'NONE',  ( -0.2440562530592657042, 2.151000000000000689, -0.1053493950393579875 ) ) ;
#8065 = ORIENTED_EDGE ( 'NONE', *, *, #9634, .T. ) ;
#8066 = SURFACE_SIDE_STYLE ('',( #555 ) ) ;
#8067 = CARTESIAN_POINT ( 'NONE',  ( -0.7166526795886228873, 2.151000000000000245, -0.1472772064305161166 ) ) ;
#8068 = STYLED_ITEM ( 'NONE', ( #1893 ), #6270 ) ;
#8069 = VECTOR ( 'NONE', #5163, 1000.000000000000114 ) ;
#8070 =( LENGTH_UNIT ( ) NAMED_UNIT ( * ) SI_UNIT ( .MILLI., .METRE. ) );
#8071 = CARTESIAN_POINT ( 'NONE',  ( 0.9324096831064384583, 2.151000000000000689, 0.2460145371963196326 ) ) ;
#8072 = B_SPLINE_SURFACE_WITH_KNOTS ( 'NONE', 3, 1, ( 
 ( #577, #1554 ),
 ( #2420, #393 ),
 ( #1435, #11705 ),
 ( #11653, #4225 ) ),
 .UNSPECIFIED., .F., .F., .F.,
 ( 4, 4 ),
 ( 2, 2 ),
 ( 3.000000000000000000, 4.000000000000000000 ),
 ( 0.000000000000000000, 1.000000000000000000 ),
 .UNSPECIFIED. ) ;
#8073 = LINE ( 'NONE', #11818, #5925 ) ;
#8074 = EDGE_CURVE ( 'NONE', #11030, #10243, #5468, .T. ) ;
#8075 = FACE_OUTER_BOUND ( 'NONE', #2245, .T. ) ;
#8076 = PRESENTATION_LAYER_ASSIGNMENT (  '', '', ( #9079 ) ) ;
#8077 = FILL_AREA_STYLE ('',( #10995 ) ) ;
#8078 = STYLED_ITEM ( 'NONE', ( #1447 ), #3210 ) ;
#8079 = EDGE_CURVE ( 'NONE', #4933, #11140, #8206, .T. ) ;
#8080 = ORIENTED_EDGE ( 'NONE', *, *, #7870, .F. ) ;
#8081 = EDGE_CURVE ( 'NONE', #9492, #7083, #8260, .T. ) ;
#8082 = PRESENTATION_STYLE_ASSIGNMENT (( #5141 ) ) ;
#8083 = VERTEX_POINT ( 'NONE', #585 ) ;
#8084 = DIRECTION ( 'NONE',  ( 0.9999748501857348426, 0.000000000000000000, 0.007092178509963802287 ) ) ;
#8085 = VERTEX_POINT ( 'NONE', #5281 ) ;
#8086 = B_SPLINE_CURVE_WITH_KNOTS ( 'NONE', 3,
 ( #11396, #7647, #5014, #3848 ),
 .UNSPECIFIED., .F., .F.,
 ( 4, 4 ),
 ( 3.000000000000000000, 4.000000000000000000 ),
 .UNSPECIFIED. ) ;
#8087 =( NAMED_UNIT ( * ) SI_UNIT ( $, .STERADIAN. ) SOLID_ANGLE_UNIT ( ) );
#8088 = VECTOR ( 'NONE', #5258, 1000.000000000000000 ) ;
#8089 = ORIENTED_EDGE ( 'NONE', *, *, #7546, .F. ) ;
#8090 = LINE ( 'NONE', #2424, #11803 ) ;
#8091 = DIRECTION ( 'NONE',  ( 0.3427414958247868015, 0.000000000000000000, 0.9394297563095324044 ) ) ;
#8092 = ADVANCED_FACE ( 'NONE', ( #7357 ), #12007, .F. ) ;
#8093 = CARTESIAN_POINT ( 'NONE',  ( -0.6043634795704344587, 2.151000000000000245, -0.2268561197053296785 ) ) ;
#8094 = VECTOR ( 'NONE', #7177, 1000.000000000000114 ) ;
#8095 = CARTESIAN_POINT ( 'NONE',  ( 0.1061718700308708768, 2.151000000000000689, -0.1533989578410275834 ) ) ;
#8096 =( NAMED_UNIT ( * ) PLANE_ANGLE_UNIT ( ) SI_UNIT ( $, .RADIAN. ) );
#8097 = STYLED_ITEM ( 'NONE', ( #1990 ), #4332 ) ;
#8098 = FILL_AREA_STYLE_COLOUR ( '', #623 ) ;
#8099 = CARTESIAN_POINT ( 'NONE',  ( -0.1790519955207490466, 2.151000000000000689, -0.1445041345863072590 ) ) ;
#8100 = LINE ( 'NONE', #1802, #2285 ) ;
#8101 = LINE ( 'NONE', #595, #9669 ) ;
#8102 = VECTOR ( 'NONE', #3911, 1000.000000000000000 ) ;
#8103 = ORIENTED_EDGE ( 'NONE', *, *, #116, .F. ) ;
#8104 = STYLED_ITEM ( 'NONE', ( #8304 ), #4716 ) ;
#8105 = ORIENTED_EDGE ( 'NONE', *, *, #7152, .T. ) ;
#8106 = SURFACE_STYLE_FILL_AREA ( #7138 ) ;
#8107 = ADVANCED_FACE ( 'NONE', ( #3598 ), #4292, .F. ) ;
#8108 = CARTESIAN_POINT ( 'NONE',  ( -0.7442627198977462832, 2.150000000000000355, -0.1467451778440389543 ) ) ;
#8109 = CARTESIAN_POINT ( 'NONE',  ( -0.2844641781314494744, 2.150000000000000355, -0.3161922559700406365 ) ) ;
#8110 = DIRECTION ( 'NONE',  ( -0.9999748501857348426, -1.188136882194236216E-16, -0.007092178509964231631 ) ) ;
#8111 = VERTEX_POINT ( 'NONE', #11393 ) ;
#8112 = CARTESIAN_POINT ( 'NONE',  ( 0.9846177179837275473, 2.151000000000000689, 0.2246944621440921941 ) ) ;
#8113 = ORIENTED_EDGE ( 'NONE', *, *, #7418, .T. ) ;
#8114 = DIRECTION ( 'NONE',  ( 0.000000000000000000, -0.000000000000000000, -1.000000000000000000 ) ) ;
#8115 = VECTOR ( 'NONE', #4320, 1000.000000000000000 ) ;
#8116 = CARTESIAN_POINT ( 'NONE',  ( 0.3177063338085588384, 2.151000000000000689, -0.1415413682689756758 ) ) ;
#8117 = VERTEX_POINT ( 'NONE', #11328 ) ;
#8118 = CARTESIAN_POINT ( 'NONE',  ( -0.2502946274135723903, 2.151000000000000689, -0.2080203271987442759 ) ) ;
#8119 = VERTEX_POINT ( 'NONE', #12069 ) ;
#8120 = VECTOR ( 'NONE', #3373, 1000.000000000000000 ) ;
#8121 =( NAMED_UNIT ( * ) SI_UNIT ( $, .STERADIAN. ) SOLID_ANGLE_UNIT ( ) );
#8122 = CARTESIAN_POINT ( 'NONE',  ( -0.02676520119517383778, 2.151000000000000689, -0.2119458322872397882 ) ) ;
#8123 = PRESENTATION_STYLE_ASSIGNMENT (( #11982 ) ) ;
#8124 = EDGE_CURVE ( 'NONE', #3245, #8413, #6950, .T. ) ;
#8125 = PLANE ( 'NONE',  #2454 ) ;
#8126 = CARTESIAN_POINT ( 'NONE',  ( -0.5395277201711268233, 2.151000000000000689, -0.2495834660481677791 ) ) ;
#8127 = SURFACE_SIDE_STYLE ('',( #4387 ) ) ;
#8128 = ORIENTED_EDGE ( 'NONE', *, *, #4594, .F. ) ;
#8129 = FILL_AREA_STYLE ('',( #4274 ) ) ;
#8130 = MECHANICAL_DESIGN_GEOMETRIC_PRESENTATION_REPRESENTATION (  '', ( #10906 ), #2806 ) ;
#8131 = PLANE ( 'NONE',  #6252 ) ;
#8132 = PRESENTATION_STYLE_ASSIGNMENT (( #7217 ) ) ;
#8133 =( NAMED_UNIT ( * ) PLANE_ANGLE_UNIT ( ) SI_UNIT ( $, .RADIAN. ) );
#8134 = VECTOR ( 'NONE', #6681, 1000.000000000000000 ) ;
#8135 = CARTESIAN_POINT ( 'NONE',  ( 0.1316323761467816933, 2.151000000000000689, -0.04144159567560272428 ) ) ;
#8136 =( GEOMETRIC_REPRESENTATION_CONTEXT ( 3 ) GLOBAL_UNCERTAINTY_ASSIGNED_CONTEXT ( ( #11711 ) ) GLOBAL_UNIT_ASSIGNED_CONTEXT ( ( #9875, #1522, #5241 ) ) REPRESENTATION_CONTEXT ( 'NONE', 'WORKASPACE' ) );
#8137 = CARTESIAN_POINT ( 'NONE',  ( 0.1066570890185963294, 2.151000000000000689, -0.2218133080828646186 ) ) ;
#8138 = SURFACE_STYLE_FILL_AREA ( #4399 ) ;
#8139 = SURFACE_STYLE_FILL_AREA ( #8077 ) ;
#8140 = CARTESIAN_POINT ( 'NONE',  ( 0.9837870730253228668, 2.150000000000000355, 0.1379272413878900039 ) ) ;
#8141 = ORIENTED_EDGE ( 'NONE', *, *, #7888, .F. ) ;
#8142 = ORIENTED_EDGE ( 'NONE', *, *, #8627, .F. ) ;
#8143 = CARTESIAN_POINT ( 'NONE',  ( 3.650000000000000355, -2.149999999999999911, -1.750000000000000000 ) ) ;
#8144 = FILL_AREA_STYLE_COLOUR ( '', #5739 ) ;
#8145 = MECHANICAL_DESIGN_GEOMETRIC_PRESENTATION_REPRESENTATION (  '', ( #4026 ), #3627 ) ;
#8146 = PRESENTATION_STYLE_ASSIGNMENT (( #5403 ) ) ;
#8147 = FILL_AREA_STYLE ('',( #6997 ) ) ;
#8148 = ADVANCED_FACE ( 'NONE', ( #6526 ), #5706, .F. ) ;
#8149 = ORIENTED_EDGE ( 'NONE', *, *, #7152, .F. ) ;
#8150 = UNCERTAINTY_MEASURE_WITH_UNIT (LENGTH_MEASURE( 1.000000000000000082E-05 ), #2125, 'distance_accuracy_value', 'NONE');
#8151 = FILL_AREA_STYLE_COLOUR ( '', #4365 ) ;
#8152 = STYLED_ITEM ( 'NONE', ( #12013 ), #5426 ) ;
#8153 = B_SPLINE_CURVE_WITH_KNOTS ( 'NONE', 3,
 ( #9129, #1480, #4389, #1420 ),
 .UNSPECIFIED., .F., .F.,
 ( 4, 4 ),
 ( 15.00000000000000000, 16.00000000000000000 ),
 .UNSPECIFIED. ) ;
#8154 = DIRECTION ( 'NONE',  ( 0.000000000000000000, -0.000000000000000000, -1.000000000000000000 ) ) ;
#8155 = CARTESIAN_POINT ( 'NONE',  ( -0.1372865267956300817, 2.150000000000000355, 0.1094993932969439976 ) ) ;
#8156 = VECTOR ( 'NONE', #11631, 1000.000000000000227 ) ;
#8157 = DIRECTION ( 'NONE',  ( 1.188166764367676342E-16, -1.000000000000000000, -0.000000000000000000 ) ) ;
#8158 = FILL_AREA_STYLE ('',( #6098 ) ) ;
#8159 = CARTESIAN_POINT ( 'NONE',  ( -0.1817678364879884156, 2.151000000000000689, -0.1280948080466235983 ) ) ;
#8160 = EDGE_CURVE ( 'NONE', #3564, #9571, #3707, .T. ) ;
#8161 = ORIENTED_EDGE ( 'NONE', *, *, #3099, .T. ) ;
#8162 = CARTESIAN_POINT ( 'NONE',  ( -0.2502946274135723903, 2.150000000000000355, -0.2080203271987442759 ) ) ;
#8163 = VERTEX_POINT ( 'NONE', #3846 ) ;
#8164 = SURFACE_STYLE_USAGE ( .BOTH. , #7309 ) ;
#8165 = DIRECTION ( 'NONE',  ( 1.188166764367676342E-16, -1.000000000000000000, -0.000000000000000000 ) ) ;
#8166 =( NAMED_UNIT ( * ) SI_UNIT ( $, .STERADIAN. ) SOLID_ANGLE_UNIT ( ) );
#8167 = CARTESIAN_POINT ( 'NONE',  ( -0.9087884570791778804, 2.151000000000000245, -0.2522023949766166173 ) ) ;
#8168 = VERTEX_POINT ( 'NONE', #8569 ) ;
#8169 = CARTESIAN_POINT ( 'NONE',  ( -0.3336759508697417220, 2.150000000000000355, -0.2240005014894796698 ) ) ;
#8170 = CARTESIAN_POINT ( 'NONE',  ( 0.000000000000000000, -2.149999999999999911, 1.739999999999999991 ) ) ;
#8171 = CARTESIAN_POINT ( 'NONE',  ( -0.06465014829889578762, 2.150000000000000355, -0.2287470925135225430 ) ) ;
#8172 = SURFACE_SIDE_STYLE ('',( #2674 ) ) ;
#8173 = ORIENTED_EDGE ( 'NONE', *, *, #5951, .T. ) ;
#8174 = EDGE_CURVE ( 'NONE', #8175, #8571, #1927, .T. ) ;
#8175 = VERTEX_POINT ( 'NONE', #127 ) ;
#8176 = STYLED_ITEM ( 'NONE', ( #8736 ), #8919 ) ;
#8177 =( NAMED_UNIT ( * ) SI_UNIT ( $, .STERADIAN. ) SOLID_ANGLE_UNIT ( ) );
#8178 = VERTEX_POINT ( 'NONE', #5818 ) ;
#8179 = FACE_OUTER_BOUND ( 'NONE', #575, .T. ) ;
#8180 = CARTESIAN_POINT ( 'NONE',  ( -0.3299657326324503814, 2.150000000000000355, -0.2120166705304243615 ) ) ;
#8181 = CARTESIAN_POINT ( 'NONE',  ( 0.3876452314234437035, 2.150000000000000355, -0.2162385164833446893 ) ) ;
#8182 = DIRECTION ( 'NONE',  ( 1.188166764367676342E-16, -1.000000000000000000, -0.000000000000000000 ) ) ;
#8183 = FILL_AREA_STYLE ('',( #3266 ) ) ;
#8184 = PRESENTATION_LAYER_ASSIGNMENT (  '', '', ( #6266 ) ) ;
#8185 = ORIENTED_EDGE ( 'NONE', *, *, #8688, .F. ) ;
#8186 = SURFACE_STYLE_FILL_AREA ( #4692 ) ;
#8187 = STYLED_ITEM ( 'NONE', ( #6757 ), #2572 ) ;
#8188 = COLOUR_RGB ( '',1.000000000000000000, 1.000000000000000000, 1.000000000000000000 ) ;
#8189 = FACE_OUTER_BOUND ( 'NONE', #6794, .T. ) ;
#8190 =( NAMED_UNIT ( * ) SI_UNIT ( $, .STERADIAN. ) SOLID_ANGLE_UNIT ( ) );
#8191 = EDGE_CURVE ( 'NONE', #1649, #6857, #6385, .T. ) ;
#8192 = PRESENTATION_LAYER_ASSIGNMENT (  '', '', ( #6469 ) ) ;
#8193 = DIRECTION ( 'NONE',  ( -0.9999748501857348426, -0.000000000000000000, -0.007092178509963802287 ) ) ;
#8194 = EDGE_LOOP ( 'NONE', ( #4763, #10364, #10947, #7186 ) ) ;
#8195 = PLANE ( 'NONE',  #9522 ) ;
#8196 = ORIENTED_EDGE ( 'NONE', *, *, #6612, .F. ) ;
#8197 = CARTESIAN_POINT ( 'NONE',  ( -0.2133343776762899879, 2.150000000000000355, -0.1927853013572263241 ) ) ;
#8198 = SURFACE_STYLE_FILL_AREA ( #700 ) ;
#8199 = MECHANICAL_DESIGN_GEOMETRIC_PRESENTATION_REPRESENTATION (  '', ( #7227 ), #11332 ) ;
#8200 = SURFACE_STYLE_FILL_AREA ( #9089 ) ;
#8201 = FILL_AREA_STYLE ('',( #11063 ) ) ;
#8202 = ORIENTED_EDGE ( 'NONE', *, *, #2636, .T. ) ;
#8203 = CARTESIAN_POINT ( 'NONE',  ( -0.8037541729023482961, 2.151000000000000245, -0.1958290067813817925 ) ) ;
#8204 = MECHANICAL_DESIGN_GEOMETRIC_PRESENTATION_REPRESENTATION (  '', ( #1325 ), #5492 ) ;
#8205 = SURFACE_STYLE_FILL_AREA ( #4474 ) ;
#8206 = LINE ( 'NONE', #9278, #766 ) ;
#8207 = UNCERTAINTY_MEASURE_WITH_UNIT (LENGTH_MEASURE( 1.000000000000000082E-05 ), #4455, 'distance_accuracy_value', 'NONE');
#8208 = FACE_OUTER_BOUND ( 'NONE', #4811, .T. ) ;
#8209 = FACE_OUTER_BOUND ( 'NONE', #8038, .T. ) ;
#8210 = CARTESIAN_POINT ( 'NONE',  ( -0.5513600750315996724, 2.150000000000000355, 0.1286060581314242834 ) ) ;
#8211 = LINE ( 'NONE', #10205, #12003 ) ;
#8212 = CARTESIAN_POINT ( 'NONE',  ( 0.000000000000000000, 1.800000000000000044, 0.000000000000000000 ) ) ;
#8213 = SURFACE_STYLE_USAGE ( .BOTH. , #1635 ) ;
#8214 = ORIENTED_EDGE ( 'NONE', *, *, #2077, .F. ) ;
#8215 = STYLED_ITEM ( 'NONE', ( #6300 ), #10456 ) ;
#8216 = SURFACE_STYLE_FILL_AREA ( #3612 ) ;
#8217 = EDGE_CURVE ( 'NONE', #1294, #5482, #3784, .T. ) ;
#8218 = SURFACE_SIDE_STYLE ('',( #11028 ) ) ;
#8219 = VERTEX_POINT ( 'NONE', #4651 ) ;
#8220 =( LENGTH_UNIT ( ) NAMED_UNIT ( * ) SI_UNIT ( .MILLI., .METRE. ) );
#8221 = EDGE_CURVE ( 'NONE', #387, #5805, #197, .T. ) ;
#8222 = ADVANCED_FACE ( 'NONE', ( #11454 ), #8471, .F. ) ;
#8223 = DIRECTION ( 'NONE',  ( 1.188166764367676342E-16, -1.000000000000000000, -0.000000000000000000 ) ) ;
#8224 = CARTESIAN_POINT ( 'NONE',  ( -0.1750803625498582872, 2.150000000000000355, -0.1767092724160521933 ) ) ;
#8225 = CARTESIAN_POINT ( 'NONE',  ( 1.151394310051910841, 2.150000000000000355, 0.1564681686824290763 ) ) ;
#8226 = PRESENTATION_LAYER_ASSIGNMENT (  '', '', ( #1355 ) ) ;
#8227 = SURFACE_STYLE_USAGE ( .BOTH. , #8172 ) ;
#8228 = MECHANICAL_DESIGN_GEOMETRIC_PRESENTATION_REPRESENTATION (  '', ( #10417 ), #3897 ) ;
#8229 = ORIENTED_EDGE ( 'NONE', *, *, #1597, .T. ) ;
#8230 = CARTESIAN_POINT ( 'NONE',  ( -0.4820114572750420212, 2.151000000000000689, 0.2319325474729944658 ) ) ;
#8231 = ORIENTED_EDGE ( 'NONE', *, *, #7750, .T. ) ;
#8232 = SURFACE_SIDE_STYLE ('',( #6375 ) ) ;
#8233 = LINE ( 'NONE', #11981, #1883 ) ;
#8234 = VECTOR ( 'NONE', #11286, 1000.000000000000000 ) ;
#8235 = DIRECTION ( 'NONE',  ( 0.007092178509967527605, 0.000000000000000000, -0.9999748501857348426 ) ) ;
#8236 = EDGE_CURVE ( 'NONE', #6207, #2499, #4889, .T. ) ;
#8237 = LINE ( 'NONE', #10126, #1255 ) ;
#8238 = ORIENTED_EDGE ( 'NONE', *, *, #9023, .F. ) ;
#8239 = SURFACE_SIDE_STYLE ('',( #10069 ) ) ;
#8240 = AXIS2_PLACEMENT_3D ( 'NONE', #5150, #4234, #10696 ) ;
#8241 = COLOUR_RGB ( '',1.000000000000000000, 1.000000000000000000, 1.000000000000000000 ) ;
#8242 = DIRECTION ( 'NONE',  ( 1.188166764367676342E-16, -1.000000000000000000, -0.000000000000000000 ) ) ;
#8243 = COLOUR_RGB ( '',1.000000000000000000, 1.000000000000000000, 1.000000000000000000 ) ;
#8244 = PRESENTATION_STYLE_ASSIGNMENT (( #3461 ) ) ;
#8245 = ADVANCED_FACE ( 'NONE', ( #10746, #2278 ), #3080, .T. ) ;
#8246 = CARTESIAN_POINT ( 'NONE',  ( 1.063314367259458493, 2.150000000000000355, 0.1384912773404124164 ) ) ;
#8247 = ORIENTED_EDGE ( 'NONE', *, *, #11849, .F. ) ;
#8248 = FACE_OUTER_BOUND ( 'NONE', #1097, .T. ) ;
#8249 = B_SPLINE_CURVE_WITH_KNOTS ( 'NONE', 3,
 ( #11025, #7373, #2662, #5543 ),
 .UNSPECIFIED., .F., .F.,
 ( 4, 4 ),
 ( 8.000000000000000000, 9.000000000000000000 ),
 .UNSPECIFIED. ) ;
#8250 = VERTEX_POINT ( 'NONE', #3214 ) ;
#8251 = VECTOR ( 'NONE', #4807, 1000.000000000000114 ) ;
#8252 =( GEOMETRIC_REPRESENTATION_CONTEXT ( 3 ) GLOBAL_UNCERTAINTY_ASSIGNED_CONTEXT ( ( #7125 ) ) GLOBAL_UNIT_ASSIGNED_CONTEXT ( ( #8070, #3749, #5387 ) ) REPRESENTATION_CONTEXT ( 'NONE', 'WORKASPACE' ) );
#8253 = SURFACE_STYLE_USAGE ( .BOTH. , #4528 ) ;
#8254 = DIRECTION ( 'NONE',  ( 1.188166764367676342E-16, -1.000000000000000000, -0.000000000000000000 ) ) ;
#8255 = CARTESIAN_POINT ( 'NONE',  ( -0.4037291882663764930, 2.151000000000000689, -0.1033625002794622688 ) ) ;
#8256 = ORIENTED_EDGE ( 'NONE', *, *, #7975, .F. ) ;
#8257 = CARTESIAN_POINT ( 'NONE',  ( 0.03327745202502999794, 2.151000000000000689, -0.1306247879744658058 ) ) ;
#8258 = UNCERTAINTY_MEASURE_WITH_UNIT (LENGTH_MEASURE( 1.000000000000000082E-05 ), #10797, 'distance_accuracy_value', 'NONE');
#8259 =( GEOMETRIC_REPRESENTATION_CONTEXT ( 3 ) GLOBAL_UNCERTAINTY_ASSIGNED_CONTEXT ( ( #4570 ) ) GLOBAL_UNIT_ASSIGNED_CONTEXT ( ( #6345, #9151, #4473 ) ) REPRESENTATION_CONTEXT ( 'NONE', 'WORKASPACE' ) );
#8260 = LINE ( 'NONE', #1739, #959 ) ;
#8261 = ORIENTED_EDGE ( 'NONE', *, *, #5759, .T. ) ;
#8262 = FILL_AREA_STYLE_COLOUR ( '', #2110 ) ;
#8263 = B_SPLINE_SURFACE_WITH_KNOTS ( 'NONE', 3, 1, ( 
 ( #7432, #3924 ),
 ( #10453, #9542 ),
 ( #6770, #10510 ),
 ( #8529, #6600 ) ),
 .UNSPECIFIED., .F., .F., .F.,
 ( 4, 4 ),
 ( 2, 2 ),
 ( 1.000000000000000000, 2.000000000000000000 ),
 ( 0.000000000000000000, 1.000000000000000000 ),
 .UNSPECIFIED. ) ;
#8264 = CARTESIAN_POINT ( 'NONE',  ( -0.5942807378096763848, 2.151000000000000689, 0.2500603636830517340 ) ) ;
#8265 = AXIS2_PLACEMENT_3D ( 'NONE', #9320, #7450, #8358 ) ;
#8266 = DIRECTION ( 'NONE',  ( 0.007092178509948729274, -0.000000000000000000, -0.9999748501857349536 ) ) ;
#8267 = EDGE_CURVE ( 'NONE', #2132, #8175, #4382, .T. ) ;
#8268 = UNCERTAINTY_MEASURE_WITH_UNIT (LENGTH_MEASURE( 1.000000000000000082E-05 ), #10904, 'distance_accuracy_value', 'NONE');
#8269 = CARTESIAN_POINT ( 'NONE',  ( -0.5299452459413458438, 2.151000000000000689, -0.1346193643521607919 ) ) ;
#8270 = PRESENTATION_LAYER_ASSIGNMENT (  '', '', ( #6927 ) ) ;
#8271 = FACE_OUTER_BOUND ( 'NONE', #9245, .T. ) ;
#8272 = DIRECTION ( 'NONE',  ( 1.188166764367676342E-16, -1.000000000000000000, -0.000000000000000000 ) ) ;
#8273 =( NAMED_UNIT ( * ) SI_UNIT ( $, .STERADIAN. ) SOLID_ANGLE_UNIT ( ) );
#8274 = CARTESIAN_POINT ( 'NONE',  ( -0.7442627198977462832, 2.151000000000000245, -0.1467451778440389543 ) ) ;
#8275 = CARTESIAN_POINT ( 'NONE',  ( 0.6116445440076632156, 2.151000000000000689, -0.1972975950925945077 ) ) ;
#8276 = ORIENTED_EDGE ( 'NONE', *, *, #7925, .T. ) ;
#8277 = DIRECTION ( 'NONE',  ( -0.007092178509965070370, 0.000000000000000000, 0.9999748501857348426 ) ) ;
#8278 = PRESENTATION_STYLE_ASSIGNMENT (( #4559 ) ) ;
#8279 = CARTESIAN_POINT ( 'NONE',  ( 1.045727199617881409, 2.151000000000000689, -0.2361535754825709321 ) ) ;
#8280 = CARTESIAN_POINT ( 'NONE',  ( -0.1988308685511614993, 2.150000000000000355, -0.1192736821850342438 ) ) ;
#8281 = COLOUR_RGB ( '',1.000000000000000000, 1.000000000000000000, 1.000000000000000000 ) ;
#8282 = FILL_AREA_STYLE_COLOUR ( '', #10438 ) ;
#8283 = VECTOR ( 'NONE', #9765, 1000.000000000000000 ) ;
#8284 = ORIENTED_EDGE ( 'NONE', *, *, #4059, .T. ) ;
#8285 = ORIENTED_EDGE ( 'NONE', *, *, #1644, .F. ) ;
#8286 = EDGE_CURVE ( 'NONE', #6746, #11556, #5072, .T. ) ;
#8287 = CARTESIAN_POINT ( 'NONE',  ( -0.1078308020355851771, 2.151000000000000689, 0.2592292525983466711 ) ) ;
#8288 = ADVANCED_FACE ( 'NONE', ( #11994 ), #4283, .T. ) ;
#8289 = ORIENTED_EDGE ( 'NONE', *, *, #7870, .T. ) ;
#8290 = EDGE_CURVE ( 'NONE', #4343, #2455, #4342, .T. ) ;
#8291 = FILL_AREA_STYLE ('',( #3503 ) ) ;
#8292 = CARTESIAN_POINT ( 'NONE',  ( 0.9069978902406599097, 2.151000000000000689, -0.04481634617913134166 ) ) ;
#8293 = CARTESIAN_POINT ( 'NONE',  ( 0.02687940066214305340, 2.151000000000000689, -0.04218454116213064126 ) ) ;
#8294 = FILL_AREA_STYLE ('',( #9314 ) ) ;
#8295 = PRESENTATION_LAYER_ASSIGNMENT (  '', '', ( #1424 ) ) ;
#8296 = ORIENTED_EDGE ( 'NONE', *, *, #11622, .F. ) ;
#8297 = CARTESIAN_POINT ( 'NONE',  ( 0.006234800248391750288, 2.151000000000000689, 0.1197713759611637729 ) ) ;
#8298 = COLOUR_RGB ( '',0.7725490196078431682, 0.6823529411764706065, 0.3686274509803921795 ) ;
#8299 = LINE ( 'NONE', #4626, #3825 ) ;
#8300 = B_SPLINE_CURVE_WITH_KNOTS ( 'NONE', 3,
 ( #3379, #847, #11859, #8279 ),
 .UNSPECIFIED., .F., .F.,
 ( 4, 4 ),
 ( 8.000000000000000000, 9.000000000000000000 ),
 .UNSPECIFIED. ) ;
#8301 = EDGE_LOOP ( 'NONE', ( #12159, #9048, #6964, #2306 ) ) ;
#8302 = UNCERTAINTY_MEASURE_WITH_UNIT (LENGTH_MEASURE( 1.000000000000000082E-05 ), #1560, 'distance_accuracy_value', 'NONE');
#8303 = LINE ( 'NONE', #686, #8766 ) ;
#8304 = PRESENTATION_STYLE_ASSIGNMENT (( #9135 ) ) ;
#8305 = STYLED_ITEM ( 'NONE', ( #1948 ), #5002 ) ;
#8306 = EDGE_CURVE ( 'NONE', #10915, #852, #5201, .T. ) ;
#8307 = FILL_AREA_STYLE_COLOUR ( '', #9859 ) ;
#8308 = LINE ( 'NONE', #746, #8423 ) ;
#8309 = CARTESIAN_POINT ( 'NONE',  ( -3.669999999999997708, 1.800000000000000044, 0.000000000000000000 ) ) ;
#8310 = CARTESIAN_POINT ( 'NONE',  ( -0.2253941635278853550, 2.150000000000000355, -0.1710353682617757609 ) ) ;
#8311 = EDGE_LOOP ( 'NONE', ( #11518, #2034, #6016, #3502 ) ) ;
#8312 = CARTESIAN_POINT ( 'NONE',  ( -0.6338833779905368448, 2.150000000000000355, -0.2502526700472043619 ) ) ;
#8313 = ORIENTED_EDGE ( 'NONE', *, *, #6682, .T. ) ;
#8314 = AXIS2_PLACEMENT_3D ( 'NONE', #10701, #5273, #574 ) ;
#8315 = DIRECTION ( 'NONE',  ( 0.3625544874979447219, -0.000000000000000000, -0.9319625762846396322 ) ) ;
#8316 = LINE ( 'NONE', #9204, #11811 ) ;
#8317 = PRESENTATION_LAYER_ASSIGNMENT (  '', '', ( #11463 ) ) ;
#8318 = DIRECTION ( 'NONE',  ( -0.000000000000000000, 1.000000000000000000, -0.000000000000000000 ) ) ;
#8319 = CARTESIAN_POINT ( 'NONE',  ( 0.3878605918180507706, 2.151000000000000689, -0.04271421969628785842 ) ) ;
#8320 = ADVANCED_FACE ( 'NONE', ( #8946 ), #2413, .F. ) ;
#8321 = CARTESIAN_POINT ( 'NONE',  ( 0.5578367524028450264, 2.151000000000000689, -0.1542985130197318810 ) ) ;
#8322 = COLOUR_RGB ( '',1.000000000000000000, 1.000000000000000000, 1.000000000000000000 ) ;
#8323 = DIRECTION ( 'NONE',  ( -0.007092178509970644903, -0.000000000000000000, 0.9999748501857347316 ) ) ;
#8324 = CARTESIAN_POINT ( 'NONE',  ( -0.7336187334742199084, 2.149999999999999911, -0.2034418969342010330 ) ) ;
#8326 = ORIENTED_EDGE ( 'NONE', *, *, #9324, .T. ) ;
#8325 = STYLED_ITEM ( 'NONE', ( #35 ), #5004 ) ;
#8327 =( NAMED_UNIT ( * ) PLANE_ANGLE_UNIT ( ) SI_UNIT ( $, .RADIAN. ) );
#8328 = LINE ( 'NONE', #1798, #8974 ) ;
#8329 = ORIENTED_EDGE ( 'NONE', *, *, #4686, .T. ) ;
#8330 = DIRECTION ( 'NONE',  ( 1.008560160451632344E-16, -1.000000000000000000, 0.000000000000000000 ) ) ;
#8331 = SURFACE_STYLE_FILL_AREA ( #6645 ) ;
#8332 =( NAMED_UNIT ( * ) PLANE_ANGLE_UNIT ( ) SI_UNIT ( $, .RADIAN. ) );
#8333 = MECHANICAL_DESIGN_GEOMETRIC_PRESENTATION_REPRESENTATION (  '', ( #5210 ), #7949 ) ;
#8334 = B_SPLINE_CURVE_WITH_KNOTS ( 'NONE', 3,
 ( #7638, #2160, #1112, #5947 ),
 .UNSPECIFIED., .F., .F.,
 ( 4, 4 ),
 ( 9.000000000000000000, 10.00000000000000000 ),
 .UNSPECIFIED. ) ;
#8335 = DIRECTION ( 'NONE',  ( 0.007092178509961410103, 0.000000000000000000, -0.9999748501857348426 ) ) ;
#8336 = SURFACE_STYLE_FILL_AREA ( #8158 ) ;
#8337 = CARTESIAN_POINT ( 'NONE',  ( 0.8792581966279319206, 2.151000000000000689, 0.1964727731163694313 ) ) ;
#8338 = DIRECTION ( 'NONE',  ( 0.000000000000000000, 1.000000000000000000, 0.000000000000000000 ) ) ;
#8339 = PRESENTATION_LAYER_ASSIGNMENT (  '', '', ( #10520 ) ) ;
#8340 = CARTESIAN_POINT ( 'NONE',  ( -0.04949035385863074371, 2.150000000000000355, -0.1598058686254419658 ) ) ;
#8341 = LINE ( 'NONE', #12085, #11710 ) ;
#8342 = CARTESIAN_POINT ( 'NONE',  ( -0.01322029427561530190, 2.150000000000000355, -0.2378443686416419900 ) ) ;
#8343 = CARTESIAN_POINT ( 'NONE',  ( -0.7164727503591297175, 2.149999999999999911, -0.1726466615357160617 ) ) ;
#8344 = CARTESIAN_POINT ( 'NONE',  ( -0.2839491994334664149, 2.151000000000000689, 0.2782559473715932041 ) ) ;
#8345 = CARTESIAN_POINT ( 'NONE',  ( -0.2773859671378951508, 2.151000000000000689, 0.1665257089876610586 ) ) ;
#8346 = CARTESIAN_POINT ( 'NONE',  ( 0.6118086270373731539, 2.151000000000000689, -0.2204327858977469246 ) ) ;
#8347 = DIRECTION ( 'NONE',  ( 0.007092178509965026134, 0.000000000000000000, -0.9999748501857348426 ) ) ;
#8348 = EDGE_LOOP ( 'NONE', ( #11810, #406, #4262, #2989 ) ) ;
#8349 = CARTESIAN_POINT ( 'NONE',  ( -0.4920824723393360522, 2.151000000000000689, 0.2078421082990356550 ) ) ;
#8350 = ORIENTED_EDGE ( 'NONE', *, *, #276, .T. ) ;
#8351 = SURFACE_STYLE_FILL_AREA ( #855 ) ;
#8352 = CARTESIAN_POINT ( 'NONE',  ( -0.08072253193853282105, 2.151000000000000689, 0.07288425256004332775 ) ) ;
#8353 = SURFACE_STYLE_USAGE ( .BOTH. , #4687 ) ;
#8354 = ORIENTED_EDGE ( 'NONE', *, *, #6860, .T. ) ;
#8355 =( NAMED_UNIT ( * ) PLANE_ANGLE_UNIT ( ) SI_UNIT ( $, .RADIAN. ) );
#8356 = EDGE_CURVE ( 'NONE', #5110, #5238, #6269, .T. ) ;
#8357 = VERTEX_POINT ( 'NONE', #11931 ) ;
#8358 = DIRECTION ( 'NONE',  ( 0.9999748501857348426, 0.000000000000000000, 0.007092178509963785807 ) ) ;
#8359 = SURFACE_STYLE_FILL_AREA ( #864 ) ;
#8360 = STYLED_ITEM ( 'NONE', ( #10946 ), #2297 ) ;
#8361 = B_SPLINE_CURVE_WITH_KNOTS ( 'NONE', 3,
 ( #243, #1291, #7814, #7752 ),
 .UNSPECIFIED., .F., .F.,
 ( 4, 4 ),
 ( 16.00000000000000000, 17.00000000000000000 ),
 .UNSPECIFIED. ) ;
#8362 = PLANE ( 'NONE',  #648 ) ;
#8363 = LINE ( 'NONE', #10302, #5524 ) ;
#8364 =( GEOMETRIC_REPRESENTATION_CONTEXT ( 3 ) GLOBAL_UNCERTAINTY_ASSIGNED_CONTEXT ( ( #6628 ) ) GLOBAL_UNIT_ASSIGNED_CONTEXT ( ( #10255, #763, #5533 ) ) REPRESENTATION_CONTEXT ( 'NONE', 'WORKASPACE' ) );
#8365 = DIRECTION ( 'NONE',  ( 1.188166764367676342E-16, -1.000000000000000000, -0.000000000000000000 ) ) ;
#8366 =( NAMED_UNIT ( * ) PLANE_ANGLE_UNIT ( ) SI_UNIT ( $, .RADIAN. ) );
#8367 = ADVANCED_FACE ( 'NONE', ( #11056 ), #5333, .F. ) ;
#8368 = ORIENTED_EDGE ( 'NONE', *, *, #7336, .T. ) ;
#8369 = CARTESIAN_POINT ( 'NONE',  ( 0.7133942629646764511, 2.151000000000000689, 0.3398987606843663634 ) ) ;
#8370 = EDGE_CURVE ( 'NONE', #8357, #10853, #8363, .T. ) ;
#8371 = DIRECTION ( 'NONE',  ( 1.188166764367676342E-16, -1.000000000000000000, 0.000000000000000000 ) ) ;
#8372 = B_SPLINE_CURVE_WITH_KNOTS ( 'NONE', 3,
 ( #7042, #1547, #4154, #627 ),
 .UNSPECIFIED., .F., .F.,
 ( 4, 4 ),
 ( 2.000000000000000000, 3.000000000000000000 ),
 .UNSPECIFIED. ) ;
#8373 = EDGE_CURVE ( 'NONE', #11714, #7345, #7011, .T. ) ;
#8374 = UNCERTAINTY_MEASURE_WITH_UNIT (LENGTH_MEASURE( 1.000000000000000082E-05 ), #11350, 'distance_accuracy_value', 'NONE');
#8375 = VECTOR ( 'NONE', #10220, 1000.000000000000114 ) ;
#8376 = CARTESIAN_POINT ( 'NONE',  ( -0.2503624695820707569, 2.151000000000000689, -0.1984547949458479732 ) ) ;
#8377 = DIRECTION ( 'NONE',  ( 0.007092178509962576705, 0.000000000000000000, -0.9999748501857348426 ) ) ;
#8378 = UNCERTAINTY_MEASURE_WITH_UNIT (LENGTH_MEASURE( 1.000000000000000082E-05 ), #4601, 'distance_accuracy_value', 'NONE');
#8379 = CARTESIAN_POINT ( 'NONE',  ( -0.1921120626030452805, 2.150000000000000355, -0.1209936629295695759 ) ) ;
#8380 = CARTESIAN_POINT ( 'NONE',  ( -0.7130530573381530512, 2.151000000000000245, -0.2223240862405151952 ) ) ;
#8381 = SURFACE_STYLE_FILL_AREA ( #1915 ) ;
#8382 = ORIENTED_EDGE ( 'NONE', *, *, #4221, .F. ) ;
#8383 = CARTESIAN_POINT ( 'NONE',  ( -0.09041529494550032409, 2.151000000000000689, 0.2593527695899005003 ) ) ;
#8384 = VERTEX_POINT ( 'NONE', #4920 ) ;
#8385 = COLOUR_RGB ( '',1.000000000000000000, 1.000000000000000000, 1.000000000000000000 ) ;
#8386 = CARTESIAN_POINT ( 'NONE',  ( 0.01474253058880173328, 2.150000000000000355, 0.1443706197947063341 ) ) ;
#8387 = CARTESIAN_POINT ( 'NONE',  ( -0.1527604228407509201, 2.151000000000000689, -0.1497245425174539846 ) ) ;
#8388 = EDGE_CURVE ( 'NONE', #418, #4151, #7679, .T. ) ;
#8389 = SURFACE_STYLE_USAGE ( .BOTH. , #3479 ) ;
#8390 = FACE_OUTER_BOUND ( 'NONE', #9466, .T. ) ;
#8391 = DIRECTION ( 'NONE',  ( 0.007092178509963855196, 8.426690792501721393E-19, -0.9999748501857348426 ) ) ;
#8392 = CARTESIAN_POINT ( 'NONE',  ( -0.5942807378096763848, 2.151000000000000689, 0.2500603636830517895 ) ) ;
#8393 =( NAMED_UNIT ( * ) PLANE_ANGLE_UNIT ( ) SI_UNIT ( $, .RADIAN. ) );
#8394 = UNCERTAINTY_MEASURE_WITH_UNIT (LENGTH_MEASURE( 1.000000000000000082E-05 ), #10994, 'distance_accuracy_value', 'NONE');
#8395 = SURFACE_SIDE_STYLE ('',( #9353 ) ) ;
#8396 = CARTESIAN_POINT ( 'NONE',  ( -0.0009625252939690631671, 2.150000000000000355, -0.2068758453878232206 ) ) ;
#8397 = CARTESIAN_POINT ( 'NONE',  ( 0.2982013754879659362, 2.150000000000000355, -0.04190405822187966839 ) ) ;
#8398 = DIRECTION ( 'NONE',  ( 0.9999748501857348426, -0.000000000000000000, 0.007092178509963882951 ) ) ;
#8399 = FILL_AREA_STYLE ('',( #10110 ) ) ;
#8400 = CARTESIAN_POINT ( 'NONE',  ( -0.06774914243383861612, 2.150000000000000355, 0.2595135260326419946 ) ) ;
#8401 =( NAMED_UNIT ( * ) SI_UNIT ( $, .STERADIAN. ) SOLID_ANGLE_UNIT ( ) );
#8402 = COLOUR_RGB ( '',1.000000000000000000, 1.000000000000000000, 1.000000000000000000 ) ;
#8403 =( LENGTH_UNIT ( ) NAMED_UNIT ( * ) SI_UNIT ( .MILLI., .METRE. ) );
#8404 = EDGE_CURVE ( 'NONE', #5621, #4220, #9616, .T. ) ;
#8405 = CARTESIAN_POINT ( 'NONE',  ( -0.6361995749045132875, 2.150000000000000355, -0.07028247539768930907 ) ) ;
#8406 = VECTOR ( 'NONE', #1860, 999.9999999999998863 ) ;
#8407 = LINE ( 'NONE', #11974, #5050 ) ;
#8408 = CARTESIAN_POINT ( 'NONE',  ( -0.7168326088181161682, 2.149999999999999911, -0.1219077513253094269 ) ) ;
#8409 = VERTEX_POINT ( 'NONE', #8663 ) ;
#8410 = VERTEX_POINT ( 'NONE', #10528 ) ;
#8411 = FACE_OUTER_BOUND ( 'NONE', #6241, .T. ) ;
#8412 = VECTOR ( 'NONE', #1320, 1000.000000000000000 ) ;
#8413 = VERTEX_POINT ( 'NONE', #869 ) ;
#8414 =( GEOMETRIC_REPRESENTATION_CONTEXT ( 3 ) GLOBAL_UNCERTAINTY_ASSIGNED_CONTEXT ( ( #770 ) ) GLOBAL_UNIT_ASSIGNED_CONTEXT ( ( #4249, #11669, #8912 ) ) REPRESENTATION_CONTEXT ( 'NONE', 'WORKASPACE' ) );
#8415 = VECTOR ( 'NONE', #1419, 1000.000000000000000 ) ;
#8416 = LINE ( 'NONE', #1152, #5489 ) ;
#8417 = EDGE_LOOP ( 'NONE', ( #3225, #6310, #2962, #1322 ) ) ;
#8418 = FILL_AREA_STYLE_COLOUR ( '', #11943 ) ;
#8419 = FILL_AREA_STYLE ('',( #10228 ) ) ;
#8420 =( NAMED_UNIT ( * ) SI_UNIT ( $, .STERADIAN. ) SOLID_ANGLE_UNIT ( ) );
#8421 = ORIENTED_EDGE ( 'NONE', *, *, #1224, .F. ) ;
#8422 = FILL_AREA_STYLE_COLOUR ( '', #5501 ) ;
#8423 = VECTOR ( 'NONE', #9197, 1000.000000000000114 ) ;
#8424 = DIRECTION ( 'NONE',  ( 0.9999748501857348426, 1.188136882194236216E-16, 0.007092178509965372211 ) ) ;
#8425 = ORIENTED_EDGE ( 'NONE', *, *, #11298, .F. ) ;
#8426 = STYLED_ITEM ( 'NONE', ( #9092 ), #8092 ) ;
#8427 = CARTESIAN_POINT ( 'NONE',  ( -0.02833369423768321294, 2.150000000000000355, 0.08250989108773376657 ) ) ;
#8428 = PRESENTATION_LAYER_ASSIGNMENT (  '', '', ( #5893 ) ) ;
#8429 = CARTESIAN_POINT ( 'NONE',  ( -0.08468347123331373960, 2.151000000000000689, 0.09625130166525268371 ) ) ;
#8430 = SURFACE_STYLE_FILL_AREA ( #12107 ) ;
#8431 = CARTESIAN_POINT ( 'NONE',  ( -0.1988308685511614993, 2.151000000000000689, -0.1192736821850342438 ) ) ;
#8432 = B_SPLINE_CURVE_WITH_KNOTS ( 'NONE', 3,
 ( #11450, #8754, #6809, #8505, #2890, #4823, #66 ),
 .UNSPECIFIED., .F., .F.,
 ( 4, 3, 4 ),
 ( 0.000000000000000000, 1.000000000000000000, 2.000000000000000000 ),
 .UNSPECIFIED. ) ;
#8433 = VECTOR ( 'NONE', #9326, 1000.000000000000000 ) ;
#8434 = CARTESIAN_POINT ( 'NONE',  ( -0.01566146792690180020, 2.150000000000000355, -0.1355469301539373450 ) ) ;
#8435 = PLANE ( 'NONE',  #1932 ) ;
#8436 = UNCERTAINTY_MEASURE_WITH_UNIT (LENGTH_MEASURE( 1.000000000000000082E-05 ), #1444, 'distance_accuracy_value', 'NONE');
#8437 = CARTESIAN_POINT ( 'NONE',  ( -0.03370338690747813615, 2.150000000000000355, -0.1866243091502914619 ) ) ;
#8438 = ORIENTED_EDGE ( 'NONE', *, *, #8463, .T. ) ;
#8439 = FILL_AREA_STYLE_COLOUR ( '', #6759 ) ;
#8440 = FILL_AREA_STYLE_COLOUR ( '', #7688 ) ;
#8441 = AXIS2_PLACEMENT_3D ( 'NONE', #11324, #7355, #8377 ) ;
#8442 = STYLED_ITEM ( 'NONE', ( #691 ), #6635 ) ;
#8443 = ADVANCED_BREP_SHAPE_REPRESENTATION ( 'CAP-SMD_L7.3-W4.3-RD', ( #10736, #11418 ), #432 ) ;
#8444 =( NAMED_UNIT ( * ) PLANE_ANGLE_UNIT ( ) SI_UNIT ( $, .RADIAN. ) );
#8445 = CARTESIAN_POINT ( 'NONE',  ( -0.6338833779905368448, 2.151000000000000245, -0.2502526700472043619 ) ) ;
#8446 = ORIENTED_EDGE ( 'NONE', *, *, #2949, .T. ) ;
#8447 = EDGE_CURVE ( 'NONE', #1256, #11714, #5517, .T. ) ;
#8448 = MECHANICAL_DESIGN_GEOMETRIC_PRESENTATION_REPRESENTATION (  '', ( #6333 ), #8057 ) ;
#8449 = ADVANCED_FACE ( 'NONE', ( #4981 ), #8728, .F. ) ;
#8450 = EDGE_CURVE ( 'NONE', #943, #1438, #239, .T. ) ;
#8451 = VECTOR ( 'NONE', #4139, 1000.000000000000000 ) ;
#8452 =( GEOMETRIC_REPRESENTATION_CONTEXT ( 3 ) GLOBAL_UNCERTAINTY_ASSIGNED_CONTEXT ( ( #8689 ) ) GLOBAL_UNIT_ASSIGNED_CONTEXT ( ( #3892, #10603, #11632 ) ) REPRESENTATION_CONTEXT ( 'NONE', 'WORKASPACE' ) );
#8453 = CARTESIAN_POINT ( 'NONE',  ( 0.9090899521946753659, 2.150000000000000355, -0.1359010631206535868 ) ) ;
#8454 = ORIENTED_EDGE ( 'NONE', *, *, #1532, .T. ) ;
#8455 =( NAMED_UNIT ( * ) PLANE_ANGLE_UNIT ( ) SI_UNIT ( $, .RADIAN. ) );
#8456 = SURFACE_STYLE_USAGE ( .BOTH. , #2712 ) ;
#8457 = B_SPLINE_CURVE_WITH_KNOTS ( 'NONE', 3,
 ( #7604, #2849, #10513, #4905 ),
 .UNSPECIFIED., .F., .F.,
 ( 4, 4 ),
 ( 3.000000000000000000, 4.000000000000000000 ),
 .UNSPECIFIED. ) ;
#8458 = CARTESIAN_POINT ( 'NONE',  ( -0.03370338690747813615, 2.151000000000000689, -0.1866243091502914619 ) ) ;
#8459 = CARTESIAN_POINT ( 'NONE',  ( 0.3577724830705033554, 2.151000000000000689, 0.1219190624905341497 ) ) ;
#8460 = VECTOR ( 'NONE', #10118, 1000.000000000000000 ) ;
#8461 = FILL_AREA_STYLE ('',( #11238 ) ) ;
#8462 = PRESENTATION_LAYER_ASSIGNMENT (  '', '', ( #3351 ) ) ;
#8463 = EDGE_CURVE ( 'NONE', #10044, #3190, #8602, .T. ) ;
#8464 = DIRECTION ( 'NONE',  ( -0.007092178509962038073, -0.000000000000000000, 0.9999748501857348426 ) ) ;
#8465 =( NAMED_UNIT ( * ) SI_UNIT ( $, .STERADIAN. ) SOLID_ANGLE_UNIT ( ) );
#8466 = CARTESIAN_POINT ( 'NONE',  ( -0.7838126987322984185, 2.149999999999999911, -0.2513160222968941482 ) ) ;
#8467 =( NAMED_UNIT ( * ) SI_UNIT ( $, .STERADIAN. ) SOLID_ANGLE_UNIT ( ) );
#8468 = PRESENTATION_LAYER_ASSIGNMENT (  '', '', ( #1586 ) ) ;
#8469 = CARTESIAN_POINT ( 'NONE',  ( -0.3519693816996759539, 2.151000000000000689, 0.09757894520608351163 ) ) ;
#8470 =( NAMED_UNIT ( * ) SI_UNIT ( $, .STERADIAN. ) SOLID_ANGLE_UNIT ( ) );
#8471 = B_SPLINE_SURFACE_WITH_KNOTS ( 'NONE', 3, 1, ( 
 ( #9770, #11582 ),
 ( #6811, #8881 ),
 ( #10683, #6012 ),
 ( #9710, #10811 ) ),
 .UNSPECIFIED., .F., .F., .F.,
 ( 4, 4 ),
 ( 2, 2 ),
 ( 9.000000000000000000, 10.00000000000000000 ),
 ( 0.000000000000000000, 1.000000000000000000 ),
 .UNSPECIFIED. ) ;
#8472 = CARTESIAN_POINT ( 'NONE',  ( -0.2241276755266178311, 2.151000000000000689, -0.2103302235974524870 ) ) ;
#8473 =( LENGTH_UNIT ( ) NAMED_UNIT ( * ) SI_UNIT ( .MILLI., .METRE. ) );
#8474 = ORIENTED_EDGE ( 'NONE', *, *, #10075, .T. ) ;
#8475 = PRESENTATION_LAYER_ASSIGNMENT (  '', '', ( #10265 ) ) ;
#8476 = SURFACE_SIDE_STYLE ('',( #8542 ) ) ;
#8477 = ORIENTED_EDGE ( 'NONE', *, *, #2494, .T. ) ;
#8478 = EDGE_CURVE ( 'NONE', #2226, #9928, #356, .T. ) ;
#8479 = EDGE_LOOP ( 'NONE', ( #7691, #10421, #636, #10519 ) ) ;
#8480 = LINE ( 'NONE', #3939, #950 ) ;
#8481 = FACE_OUTER_BOUND ( 'NONE', #9566, .T. ) ;
#8482 = CARTESIAN_POINT ( 'NONE',  ( 0.9073055194178603067, 2.151000000000000689, 0.1156944538472038930 ) ) ;
#8483 = ORIENTED_EDGE ( 'NONE', *, *, #261, .T. ) ;
#8484 =( NAMED_UNIT ( * ) SI_UNIT ( $, .STERADIAN. ) SOLID_ANGLE_UNIT ( ) );
#8485 = VERTEX_POINT ( 'NONE', #2379 ) ;
#8486 = PRESENTATION_STYLE_ASSIGNMENT (( #6732 ) ) ;
#8487 = STYLED_ITEM ( 'NONE', ( #10757 ), #4415 ) ;
#8488 = DIRECTION ( 'NONE',  ( 1.188166764367676342E-16, -1.000000000000000000, -0.000000000000000000 ) ) ;
#8489 =( NAMED_UNIT ( * ) PLANE_ANGLE_UNIT ( ) SI_UNIT ( $, .RADIAN. ) );
#8490 = CARTESIAN_POINT ( 'NONE',  ( -0.3241358466668658456, 2.151000000000000689, -0.3009808390072817308 ) ) ;
#8491 = ORIENTED_EDGE ( 'NONE', *, *, #6533, .T. ) ;
#8492 = CARTESIAN_POINT ( 'NONE',  ( -0.1646247914296539716, 2.151000000000000689, -0.1701884565598043852 ) ) ;
#8493 = EDGE_CURVE ( 'NONE', #10375, #1123, #9931, .T. ) ;
#8494 = CARTESIAN_POINT ( 'NONE',  ( -0.1237626628881585561, 2.151000000000000689, 0.2551650787023051481 ) ) ;
#8495 =( GEOMETRIC_REPRESENTATION_CONTEXT ( 3 ) GLOBAL_UNCERTAINTY_ASSIGNED_CONTEXT ( ( #7709 ) ) GLOBAL_UNIT_ASSIGNED_CONTEXT ( ( #3273, #8751, #10803 ) ) REPRESENTATION_CONTEXT ( 'NONE', 'WORKASPACE' ) );
#8496 = DIRECTION ( 'NONE',  ( -1.000000000000000000, 0.000000000000000000, 1.084202172485504434E-16 ) ) ;
#8497 = CARTESIAN_POINT ( 'NONE',  ( -0.2240347612523697907, 2.150000000000000355, -0.2234308438569110045 ) ) ;
#8498 = VERTEX_POINT ( 'NONE', #11788 ) ;
#8499 = CARTESIAN_POINT ( 'NONE',  ( 0.8364436541122425295, 2.150000000000000355, 0.3205271416962173769 ) ) ;
#8500 = CARTESIAN_POINT ( 'NONE',  ( -0.2826435448981357568, 2.151000000000000689, -0.2943438779887761481 ) ) ;
#8501 = PRESENTATION_LAYER_ASSIGNMENT (  '', '', ( #656 ) ) ;
#8502 = STYLED_ITEM ( 'NONE', ( #5372 ), #4948 ) ;
#8503 = SURFACE_STYLE_USAGE ( .BOTH. , #10248 ) ;
#8504 = SURFACE_STYLE_FILL_AREA ( #6807 ) ;
#8505 = CARTESIAN_POINT ( 'NONE',  ( 0.8530978292671465013, 2.151000000000000689, -0.1926931192775404311 ) ) ;
#8506 = VECTOR ( 'NONE', #2666, 1000.000000000000000 ) ;
#8507 = CARTESIAN_POINT ( 'NONE',  ( 0.1061718700308708768, 2.150000000000000355, -0.1533989578410275834 ) ) ;
#8508 = SURFACE_STYLE_USAGE ( .BOTH. , #2834 ) ;
#8509 = B_SPLINE_CURVE_WITH_KNOTS ( 'NONE', 3,
 ( #10391, #6479, #5662, #9416 ),
 .UNSPECIFIED., .F., .F.,
 ( 4, 4 ),
 ( 19.00000000000000000, 20.00000000000000000 ),
 .UNSPECIFIED. ) ;
#8510 = ORIENTED_EDGE ( 'NONE', *, *, #4378, .T. ) ;
#8511 = CARTESIAN_POINT ( 'NONE',  ( 0.9073055194178603067, 2.151000000000000689, 0.1156944538472038930 ) ) ;
#8512 = CARTESIAN_POINT ( 'NONE',  ( -0.4642585817192438347, 2.150000000000000355, 0.1771578584808927992 ) ) ;
#8513 = ORIENTED_EDGE ( 'NONE', *, *, #3491, .T. ) ;
#8514 = SURFACE_STYLE_FILL_AREA ( #5712 ) ;
#8515 = FACE_OUTER_BOUND ( 'NONE', #717, .T. ) ;
#8516 = ADVANCED_FACE ( 'NONE', ( #2443 ), #6739, .F. ) ;
#8517 = CARTESIAN_POINT ( 'NONE',  ( -0.2096868513068216588, 2.151000000000000689, -0.09865897376185628342 ) ) ;
#8518 = EDGE_CURVE ( 'NONE', #9492, #8004, #11729, .T. ) ;
#8519 = CARTESIAN_POINT ( 'NONE',  ( -0.1791962239488290587, 2.151000000000000689, 0.2789988928581211280 ) ) ;
#8520 = CARTESIAN_POINT ( 'NONE',  ( 0.3878605918180507706, 2.150000000000000355, -0.04271421969628785842 ) ) ;
#8521 = VECTOR ( 'NONE', #7947, 1000.000000000000000 ) ;
#8522 = CARTESIAN_POINT ( 'NONE',  ( 0.000000000000000000, -1.800000000000000044, 0.000000000000000000 ) ) ;
#8523 = UNCERTAINTY_MEASURE_WITH_UNIT (LENGTH_MEASURE( 1.000000000000000082E-05 ), #9850, 'distance_accuracy_value', 'NONE');
#8524 = CARTESIAN_POINT ( 'NONE',  ( 0.8636193661126985166, 2.151000000000000689, -0.04512400215323621178 ) ) ;
#8525 = VECTOR ( 'NONE', #8888, 1000.000000000000227 ) ;
#8526 = CARTESIAN_POINT ( 'NONE',  ( -0.03483757275802218389, 2.151000000000000689, 0.2371836323838299454 ) ) ;
#8527 = CARTESIAN_POINT ( 'NONE',  ( -0.4421085987332931677, 2.151000000000000689, 0.1181512406698030926 ) ) ;
#8528 =( NAMED_UNIT ( * ) SI_UNIT ( $, .STERADIAN. ) SOLID_ANGLE_UNIT ( ) );
#8529 = CARTESIAN_POINT ( 'NONE',  ( -0.5949045768689246172, 2.151000000000000689, 0.2500559391938070308 ) ) ;
#8530 = PRESENTATION_LAYER_ASSIGNMENT (  '', '', ( #9137 ) ) ;
#8531 = LINE ( 'NONE', #88, #2399 ) ;
#8532 = CARTESIAN_POINT ( 'NONE',  ( -0.2330649581546029303, 2.151000000000000689, -0.1230517483928977862 ) ) ;
#8533 = CARTESIAN_POINT ( 'NONE',  ( -0.7168326088181161682, 2.149999999999999911, -0.1219077513253094269 ) ) ;
#8534 = EDGE_CURVE ( 'NONE', #1827, #7408, #7982, .T. ) ;
#8535 = AXIS2_PLACEMENT_3D ( 'NONE', #1584, #3442, #9118 ) ;
#8536 = ADVANCED_FACE ( 'NONE', ( #9997 ), #114, .F. ) ;
#8537 =( NAMED_UNIT ( * ) PLANE_ANGLE_UNIT ( ) SI_UNIT ( $, .RADIAN. ) );
#8538 = SURFACE_STYLE_USAGE ( .BOTH. , #7730 ) ;
#8539 = CARTESIAN_POINT ( 'NONE',  ( 0.5931548505587972420, 2.151000000000000689, -0.2408094367324746521 ) ) ;
#8540 = ORIENTED_EDGE ( 'NONE', *, *, #1029, .F. ) ;
#8541 = VECTOR ( 'NONE', #10744, 1000.000000000000000 ) ;
#8542 = SURFACE_STYLE_FILL_AREA ( #4738 ) ;
#8543 = ORIENTED_EDGE ( 'NONE', *, *, #5355, .F. ) ;
#8544 = ORIENTED_EDGE ( 'NONE', *, *, #10573, .F. ) ;
#8545 =( GEOMETRIC_REPRESENTATION_CONTEXT ( 3 ) GLOBAL_UNCERTAINTY_ASSIGNED_CONTEXT ( ( #3712 ) ) GLOBAL_UNIT_ASSIGNED_CONTEXT ( ( #5910, #1690, #2487 ) ) REPRESENTATION_CONTEXT ( 'NONE', 'WORKASPACE' ) );
#8546 = EDGE_LOOP ( 'NONE', ( #6027, #8752, #704, #6382 ) ) ;
#8547 = CARTESIAN_POINT ( 'NONE',  ( 0.9098898580403098624, 2.150000000000000355, -0.2486852699799907418 ) ) ;
#8548 = ORIENTED_EDGE ( 'NONE', *, *, #7118, .T. ) ;
#8549 = FACE_OUTER_BOUND ( 'NONE', #8818, .T. ) ;
#8550 = EDGE_LOOP ( 'NONE', ( #199, #8950, #2217, #8142, #2273, #10256, #3870 ) ) ;
#8551 = ADVANCED_FACE ( 'NONE', ( #6480 ), #10214, .F. ) ;
#8552 = FACE_OUTER_BOUND ( 'NONE', #9142, .T. ) ;
#8553 =( NAMED_UNIT ( * ) SI_UNIT ( $, .STERADIAN. ) SOLID_ANGLE_UNIT ( ) );
#8554 = CARTESIAN_POINT ( 'NONE',  ( -1.669999999999997931, 1.800000000000000044, -1.770000000000000240 ) ) ;
#8555 = ORIENTED_EDGE ( 'NONE', *, *, #7405, .F. ) ;
#8556 = SURFACE_STYLE_FILL_AREA ( #5689 ) ;
#8557 = FILL_AREA_STYLE_COLOUR ( '', #1950 ) ;
#8558 = FACE_OUTER_BOUND ( 'NONE', #878, .T. ) ;
#8559 = ORIENTED_EDGE ( 'NONE', *, *, #10149, .T. ) ;
#8560 = LINE ( 'NONE', #12183, #1611 ) ;
#8561 = EDGE_CURVE ( 'NONE', #4273, #1454, #5602, .T. ) ;
#8562 = FACE_OUTER_BOUND ( 'NONE', #6118, .T. ) ;
#8563 = CARTESIAN_POINT ( 'NONE',  ( -0.03258885742592490531, 2.150000000000000355, 0.1180403270323975573 ) ) ;
#8564 = ORIENTED_EDGE ( 'NONE', *, *, #4221, .T. ) ;
#8565 =( GEOMETRIC_REPRESENTATION_CONTEXT ( 3 ) GLOBAL_UNCERTAINTY_ASSIGNED_CONTEXT ( ( #7427 ) ) GLOBAL_UNIT_ASSIGNED_CONTEXT ( ( #1423, #3392, #6875 ) ) REPRESENTATION_CONTEXT ( 'NONE', 'WORKASPACE' ) );
#8566 = CARTESIAN_POINT ( 'NONE',  ( -0.2837832810866011690, 2.151000000000000689, 0.2548619826234488350 ) ) ;
#8567 = PRESENTATION_LAYER_ASSIGNMENT (  '', '', ( #314 ) ) ;
#8568 = CARTESIAN_POINT ( 'NONE',  ( 0.1060066890988795862, 2.151000000000000689, -0.1301089662694245308 ) ) ;
#8569 = CARTESIAN_POINT ( 'NONE',  ( -0.2041715110770057351, 2.150000000000000355, 0.09862718045085391849 ) ) ;
#8570 = UNCERTAINTY_MEASURE_WITH_UNIT (LENGTH_MEASURE( 1.000000000000000082E-05 ), #5498, 'distance_accuracy_value', 'NONE');
#8571 = VERTEX_POINT ( 'NONE', #8275 ) ;
#8572 = B_SPLINE_SURFACE_WITH_KNOTS ( 'NONE', 3, 1, ( 
 ( #7372, #6233 ),
 ( #10045, #9991 ),
 ( #9107, #660 ),
 ( #9167, #8162 ) ),
 .UNSPECIFIED., .F., .F., .F.,
 ( 4, 4 ),
 ( 2, 2 ),
 ( 17.00000000000000000, 18.00000000000000000 ),
 ( 0.000000000000000000, 1.000000000000000000 ),
 .UNSPECIFIED. ) ;
#8573 = SURFACE_SIDE_STYLE ('',( #4825 ) ) ;
#8574 = ORIENTED_EDGE ( 'NONE', *, *, #2722, .F. ) ;
#8575 = LINE ( 'NONE', #3914, #7048 ) ;
#8576 =( GEOMETRIC_REPRESENTATION_CONTEXT ( 3 ) GLOBAL_UNCERTAINTY_ASSIGNED_CONTEXT ( ( #2370 ) ) GLOBAL_UNIT_ASSIGNED_CONTEXT ( ( #3260, #3128, #3321 ) ) REPRESENTATION_CONTEXT ( 'NONE', 'WORKASPACE' ) );
#8577 = VERTEX_POINT ( 'NONE', #5545 ) ;
#8578 =( NAMED_UNIT ( * ) SI_UNIT ( $, .STERADIAN. ) SOLID_ANGLE_UNIT ( ) );
#8579 = B_SPLINE_CURVE_WITH_KNOTS ( 'NONE', 3,
 ( #5827, #10691, #9593, #394 ),
 .UNSPECIFIED., .F., .F.,
 ( 4, 4 ),
 ( 21.00000000000000000, 22.00000000000000000 ),
 .UNSPECIFIED. ) ;
#8580 = COLOUR_RGB ( '',0.6470588235294117974, 0.6196078431372549211, 0.5882352941176470784 ) ;
#8581 = LINE ( 'NONE', #11341, #6309 ) ;
#8582 = PLANE ( 'NONE',  #6449 ) ;
#8583 = CARTESIAN_POINT ( 'NONE',  ( -0.09032349259495267568, 2.150000000000000355, 0.2830604974062453927 ) ) ;
#8584 = ORIENTED_EDGE ( 'NONE', *, *, #777, .F. ) ;
#8585 = CARTESIAN_POINT ( 'NONE',  ( 0.1060066890988797528, 2.150000000000000355, -0.1301089662694243643 ) ) ;
#8586 = SURFACE_STYLE_FILL_AREA ( #11537 ) ;
#8587 = SURFACE_STYLE_USAGE ( .BOTH. , #7787 ) ;
#8588 = FILL_AREA_STYLE_COLOUR ( '', #9743 ) ;
#8589 =( GEOMETRIC_REPRESENTATION_CONTEXT ( 3 ) GLOBAL_UNCERTAINTY_ASSIGNED_CONTEXT ( ( #5213 ) ) GLOBAL_UNIT_ASSIGNED_CONTEXT ( ( #1614, #11941, #11006 ) ) REPRESENTATION_CONTEXT ( 'NONE', 'WORKASPACE' ) );
#8590 = CARTESIAN_POINT ( 'NONE',  ( -0.08468347123331373960, 2.151000000000000689, 0.09625130166525268371 ) ) ;
#8591 = VERTEX_POINT ( 'NONE', #2547 ) ;
#8592 =( LENGTH_UNIT ( ) NAMED_UNIT ( * ) SI_UNIT ( .MILLI., .METRE. ) );
#8593 = ORIENTED_EDGE ( 'NONE', *, *, #5159, .F. ) ;
#8594 = ADVANCED_FACE ( 'NONE', ( #10963 ), #4491, .F. ) ;
#8595 = CARTESIAN_POINT ( 'NONE',  ( 0.4847187952808544864, 2.151000000000000689, -0.2430245054082204315 ) ) ;
#8596 = PRESENTATION_LAYER_ASSIGNMENT (  '', '', ( #7614 ) ) ;
#8597 = ADVANCED_FACE ( 'NONE', ( #720 ), #4846, .F. ) ;
#8598 = ORIENTED_EDGE ( 'NONE', *, *, #11074, .T. ) ;
#8599 = EDGE_CURVE ( 'NONE', #6302, #8384, #4670, .T. ) ;
#8600 = CARTESIAN_POINT ( 'NONE',  ( 0.5172782460321342368, 2.150000000000000355, 0.2633146077990298206 ) ) ;
#8601 = STYLED_ITEM ( 'NONE', ( #4715 ), #10103 ) ;
#8602 = LINE ( 'NONE', #11552, #8037 ) ;
#8603 = ORIENTED_EDGE ( 'NONE', *, *, #5597, .T. ) ;
#8604 = EDGE_LOOP ( 'NONE', ( #11250, #3029, #8883, #4505 ) ) ;
#8605 = CARTESIAN_POINT ( 'NONE',  ( -0.09244012247709731955, 2.151000000000000689, -0.1735236981727673877 ) ) ;
#8606 = ORIENTED_EDGE ( 'NONE', *, *, #10754, .T. ) ;
#8607 = CARTESIAN_POINT ( 'NONE',  ( -0.4606589594673863308, 2.151000000000000689, 0.1021109786709008538 ) ) ;
#8608 =( LENGTH_UNIT ( ) NAMED_UNIT ( * ) SI_UNIT ( .MILLI., .METRE. ) );
#8609 = CARTESIAN_POINT ( 'NONE',  ( -3.649999999999997691, -2.149999999999999911, 1.750000000000000000 ) ) ;
#8610 = ORIENTED_EDGE ( 'NONE', *, *, #159, .T. ) ;
#8611 = MECHANICAL_DESIGN_GEOMETRIC_PRESENTATION_REPRESENTATION (  '', ( #3906 ), #6494 ) ;
#8612 = DIRECTION ( 'NONE',  ( 0.000000000000000000, 0.000000000000000000, 1.000000000000000000 ) ) ;
#8613 = CARTESIAN_POINT ( 'NONE',  ( 0.5222621649298938573, 2.150000000000000355, 0.1722504767866591957 ) ) ;
#8614 = EDGE_CURVE ( 'NONE', #1201, #3727, #11242, .T. ) ;
#8615 = CARTESIAN_POINT ( 'NONE',  ( -0.8804933862011528056, 2.151000000000000245, -0.1733940407948221518 ) ) ;
#8616 = STYLED_ITEM ( 'NONE', ( #2223 ), #8222 ) ;
#8617 =( GEOMETRIC_REPRESENTATION_CONTEXT ( 3 ) GLOBAL_UNCERTAINTY_ASSIGNED_CONTEXT ( ( #5721 ) ) GLOBAL_UNIT_ASSIGNED_CONTEXT ( ( #7326, #7205, #9248 ) ) REPRESENTATION_CONTEXT ( 'NONE', 'WORKASPACE' ) );
#8618 = CARTESIAN_POINT ( 'NONE',  ( -0.1598870076105759208, 2.151000000000000689, -0.1638121716996010779 ) ) ;
#8619 = PRESENTATION_LAYER_ASSIGNMENT (  '', '', ( #2321 ) ) ;
#8620 = VERTEX_POINT ( 'NONE', #10331 ) ;
#8621 = PRESENTATION_LAYER_ASSIGNMENT (  '', '', ( #1930 ) ) ;
#8622 = CARTESIAN_POINT ( 'NONE',  ( -0.01322029427561530190, 2.150000000000000355, -0.2378443686416419900 ) ) ;
#8623 = UNCERTAINTY_MEASURE_WITH_UNIT (LENGTH_MEASURE( 1.000000000000000082E-05 ), #7513, 'distance_accuracy_value', 'NONE');
#8624 = CARTESIAN_POINT ( 'NONE',  ( -0.2502946274135723903, 2.150000000000000355, -0.2080203271987442759 ) ) ;
#8625 = PLANE ( 'NONE',  #9304 ) ;
#8626 = AXIS2_PLACEMENT_3D ( 'NONE', #11027, #12022, #6361 ) ;
#8627 = EDGE_CURVE ( 'NONE', #4673, #9807, #10108, .T. ) ;
#8628 = FILL_AREA_STYLE_COLOUR ( '', #7952 ) ;
#8629 = PRESENTATION_STYLE_ASSIGNMENT (( #9587 ) ) ;
#8630 = ORIENTED_EDGE ( 'NONE', *, *, #5762, .T. ) ;
#8631 = COLOUR_RGB ( '',1.000000000000000000, 1.000000000000000000, 1.000000000000000000 ) ;
#8632 = ORIENTED_EDGE ( 'NONE', *, *, #11085, .T. ) ;
#8633 = DIRECTION ( 'NONE',  ( -0.007092178509959435988, -0.000000000000000000, 0.9999748501857349536 ) ) ;
#8634 = LINE ( 'NONE', #2105, #11990 ) ;
#8635 = CARTESIAN_POINT ( 'NONE',  ( -0.6945026966040518390, 2.151000000000000245, -0.2062838242416129286 ) ) ;
#8636 = CARTESIAN_POINT ( 'NONE',  ( -0.1180595589040768778, 2.151000000000000689, -0.1531176758397616300 ) ) ;
#8637 = PRESENTATION_STYLE_ASSIGNMENT (( #2841 ) ) ;
#8638 = FILL_AREA_STYLE_COLOUR ( '', #7510 ) ;
#8639 = UNCERTAINTY_MEASURE_WITH_UNIT (LENGTH_MEASURE( 1.000000000000000082E-05 ), #6571, 'distance_accuracy_value', 'NONE');
#8640 = SURFACE_STYLE_FILL_AREA ( #6879 ) ;
#8641 = DIRECTION ( 'NONE',  ( 1.188166764367676342E-16, -1.000000000000000000, -0.000000000000000000 ) ) ;
#8642 =( NAMED_UNIT ( * ) SI_UNIT ( $, .STERADIAN. ) SOLID_ANGLE_UNIT ( ) );
#8643 = DIRECTION ( 'NONE',  ( -0.2455530343989362763, 0.000000000000000000, -0.9693831581461866964 ) ) ;
#8644 = CARTESIAN_POINT ( 'NONE',  ( -0.1258104222230995439, 2.150000000000000355, 0.2800013944570518554 ) ) ;
#8645 = MECHANICAL_DESIGN_GEOMETRIC_PRESENTATION_REPRESENTATION (  '', ( #4146 ), #195 ) ;
#8646 = ORIENTED_EDGE ( 'NONE', *, *, #2462, .T. ) ;
#8647 = CARTESIAN_POINT ( 'NONE',  ( -0.1777538404533957894, 2.150000000000000355, 0.07562735931172016868 ) ) ;
#8648 = SURFACE_STYLE_USAGE ( .BOTH. , #149 ) ;
#8649 = DIRECTION ( 'NONE',  ( -0.007092178509962576705, -0.000000000000000000, 0.9999748501857348426 ) ) ;
#8650 = VECTOR ( 'NONE', #5436, 1000.000000000000000 ) ;
#8651 = VECTOR ( 'NONE', #11309, 1000.000000000000000 ) ;
#8652 = SURFACE_SIDE_STYLE ('',( #1267 ) ) ;
#8653 = ADVANCED_FACE ( 'NONE', ( #1869 ), #1416, .F. ) ;
#8654 = DIRECTION ( 'NONE',  ( 1.188166764367676342E-16, -1.000000000000000000, -0.000000000000000000 ) ) ;
#8655 = ORIENTED_EDGE ( 'NONE', *, *, #10149, .F. ) ;
#8656 = SURFACE_STYLE_USAGE ( .BOTH. , #2131 ) ;
#8657 = VERTEX_POINT ( 'NONE', #2259 ) ;
#8658 = VECTOR ( 'NONE', #9643, 1000.000000000000000 ) ;
#8659 = DIRECTION ( 'NONE',  ( 0.007092178509963093652, 8.426690792500816206E-19, -0.9999748501857348426 ) ) ;
#8660 = VECTOR ( 'NONE', #9855, 1000.000000000000114 ) ;
#8661 = ORIENTED_EDGE ( 'NONE', *, *, #5565, .T. ) ;
#8662 = SURFACE_STYLE_FILL_AREA ( #5106 ) ;
#8663 = CARTESIAN_POINT ( 'NONE',  ( -0.2682119209594531206, 2.150000000000000355, -0.2913301283738375935 ) ) ;
#8664 = DIRECTION ( 'NONE',  ( 1.188166764367676342E-16, -1.000000000000000000, -0.000000000000000000 ) ) ;
#8665 = ORIENTED_EDGE ( 'NONE', *, *, #6075, .F. ) ;
#8666 = FILL_AREA_STYLE ('',( #3819 ) ) ;
#8667 = VERTEX_POINT ( 'NONE', #10792 ) ;
#8668 = FILL_AREA_STYLE_COLOUR ( '', #9944 ) ;
#8669 = VERTEX_POINT ( 'NONE', #11564 ) ;
#8670 = CARTESIAN_POINT ( 'NONE',  ( -0.05155805588541048645, 2.150000000000000355, 0.07309109743247177438 ) ) ;
#8671 = ADVANCED_FACE ( 'NONE', ( #3384 ), #6914, .F. ) ;
#8672 = MECHANICAL_DESIGN_GEOMETRIC_PRESENTATION_REPRESENTATION (  '', ( #4167 ), #11995 ) ;
#8673 = EDGE_CURVE ( 'NONE', #6719, #3134, #2394, .T. ) ;
#8674 = EDGE_CURVE ( 'NONE', #7806, #8168, #8804, .T. ) ;
#8675 = ORIENTED_EDGE ( 'NONE', *, *, #7121, .T. ) ;
#8676 =( LENGTH_UNIT ( ) NAMED_UNIT ( * ) SI_UNIT ( .MILLI., .METRE. ) );
#8677 = B_SPLINE_SURFACE_WITH_KNOTS ( 'NONE', 3, 1, ( 
 ( #919, #8547 ),
 ( #6728, #292 ),
 ( #7682, #4748 ),
 ( #1036, #5857 ),
 ( #2868, #11364 ),
 ( #3879, #7800 ),
 ( #11555, #6674 ) ),
 .UNSPECIFIED., .F., .F., .F.,
 ( 4, 3, 4 ),
 ( 2, 2 ),
 ( 0.000000000000000000, 1.000000000000000000, 2.000000000000000000 ),
 ( 0.000000000000000000, 1.000000000000000000 ),
 .UNSPECIFIED. ) ;
#8678 = B_SPLINE_CURVE_WITH_KNOTS ( 'NONE', 3,
 ( #6387, #4735, #10130, #1660 ),
 .UNSPECIFIED., .F., .F.,
 ( 4, 4 ),
 ( 17.00000000000000000, 18.00000000000000000 ),
 .UNSPECIFIED. ) ;
#8679 = DIRECTION ( 'NONE',  ( 0.000000000000000000, 0.000000000000000000, 1.000000000000000000 ) ) ;
#8680 = DIRECTION ( 'NONE',  ( -0.007092178509963405035, -8.426690792501186947E-19, 0.9999748501857348426 ) ) ;
#8681 = CARTESIAN_POINT ( 'NONE',  ( -0.8483944477161602382, 2.149999999999999911, -0.08114549376474268494 ) ) ;
#8682 = STYLED_ITEM ( 'NONE', ( #2001 ), #12062 ) ;
#8683 = COLOUR_RGB ( '',1.000000000000000000, 1.000000000000000000, 1.000000000000000000 ) ;
#8684 = CARTESIAN_POINT ( 'NONE',  ( -0.04649172008959381180, 2.150000000000000355, -0.1794365201062666504 ) ) ;
#8685 = PRESENTATION_STYLE_ASSIGNMENT (( #4022 ) ) ;
#8686 = ORIENTED_EDGE ( 'NONE', *, *, #7034, .F. ) ;
#8687 = PRESENTATION_STYLE_ASSIGNMENT (( #5873 ) ) ;
#8688 = EDGE_CURVE ( 'NONE', #5278, #4371, #981, .T. ) ;
#8689 = UNCERTAINTY_MEASURE_WITH_UNIT (LENGTH_MEASURE( 1.000000000000000082E-05 ), #3892, 'distance_accuracy_value', 'NONE');
#8690 = PRESENTATION_LAYER_ASSIGNMENT (  '', '', ( #8815 ) ) ;
#8691 = SURFACE_SIDE_STYLE ('',( #9581 ) ) ;
#8692 =( GEOMETRIC_REPRESENTATION_CONTEXT ( 3 ) GLOBAL_UNCERTAINTY_ASSIGNED_CONTEXT ( ( #9965 ) ) GLOBAL_UNIT_ASSIGNED_CONTEXT ( ( #11942, #939, #9333 ) ) REPRESENTATION_CONTEXT ( 'NONE', 'WORKASPACE' ) );
#8693 = ORIENTED_EDGE ( 'NONE', *, *, #9219, .T. ) ;
#8694 = LINE ( 'NONE', #1913, #5911 ) ;
#8695 = UNCERTAINTY_MEASURE_WITH_UNIT (LENGTH_MEASURE( 1.000000000000000082E-05 ), #544, 'distance_accuracy_value', 'NONE');
#8696 = ORIENTED_EDGE ( 'NONE', *, *, #10182, .T. ) ;
#8697 = CARTESIAN_POINT ( 'NONE',  ( -0.2070447495069421551, 2.151000000000000689, -0.1193319379601541635 ) ) ;
#8698 = ORIENTED_EDGE ( 'NONE', *, *, #4703, .F. ) ;
#8699 = STYLED_ITEM ( 'NONE', ( #4348 ), #11114 ) ;
#8700 = CARTESIAN_POINT ( 'NONE',  ( -0.06316102366499841414, 2.151000000000000689, 0.09640394654436885979 ) ) ;
#8701 = CARTESIAN_POINT ( 'NONE',  ( -0.3838054770323672815, 2.150000000000000355, 0.2541525895137378699 ) ) ;
#8702 = ADVANCED_FACE ( 'NONE', ( #6974 ), #8131, .T. ) ;
#8703 = CARTESIAN_POINT ( 'NONE',  ( -3.669999999999997708, 1.599999999999999867, -0.4000000000000000222 ) ) ;
#8704 = SURFACE_SIDE_STYLE ('',( #2107 ) ) ;
#8705 = EDGE_LOOP ( 'NONE', ( #8446, #2224, #6922, #5642 ) ) ;
#8706 =( GEOMETRIC_REPRESENTATION_CONTEXT ( 3 ) GLOBAL_UNCERTAINTY_ASSIGNED_CONTEXT ( ( #1735 ) ) GLOBAL_UNIT_ASSIGNED_CONTEXT ( ( #4553, #665, #3613 ) ) REPRESENTATION_CONTEXT ( 'NONE', 'WORKASPACE' ) );
#8707 = CARTESIAN_POINT ( 'NONE',  ( 0.4927689662109027147, 2.150000000000000355, -0.1547599969808891862 ) ) ;
#8708 = SURFACE_STYLE_FILL_AREA ( #144 ) ;
#8709 = CARTESIAN_POINT ( 'NONE',  ( -0.01583697266715013846, 2.151000000000000689, -0.1108013141079788877 ) ) ;
#8710 = FACE_OUTER_BOUND ( 'NONE', #265, .T. ) ;
#8711 = ORIENTED_EDGE ( 'NONE', *, *, #479, .F. ) ;
#8712 = LINE ( 'NONE', #5725, #2418 ) ;
#8713 = ORIENTED_EDGE ( 'NONE', *, *, #11709, .T. ) ;
#8714 = CARTESIAN_POINT ( 'NONE',  ( -0.2773859671378951508, 2.151000000000000689, 0.1665257089876610586 ) ) ;
#8715 = DIRECTION ( 'NONE',  ( 1.188166764367676342E-16, -1.000000000000000000, -0.000000000000000000 ) ) ;
#8716 =( LENGTH_UNIT ( ) NAMED_UNIT ( * ) SI_UNIT ( .MILLI., .METRE. ) );
#8717 = EDGE_CURVE ( 'NONE', #1272, #3966, #621, .T. ) ;
#8718 =( LENGTH_UNIT ( ) NAMED_UNIT ( * ) SI_UNIT ( .MILLI., .METRE. ) );
#8719 =( NAMED_UNIT ( * ) PLANE_ANGLE_UNIT ( ) SI_UNIT ( $, .RADIAN. ) );
#8720 = MECHANICAL_DESIGN_GEOMETRIC_PRESENTATION_REPRESENTATION (  '', ( #2426 ), #9732 ) ;
#8721 = EDGE_LOOP ( 'NONE', ( #12004, #684, #10481, #4478, #4300, #3059, #4749, #4009, #5453, #2147, #5032, #11536 ) ) ;
#8722 = ORIENTED_EDGE ( 'NONE', *, *, #5476, .F. ) ;
#8723 = VECTOR ( 'NONE', #2450, 1000.000000000000000 ) ;
#8724 = SURFACE_STYLE_USAGE ( .BOTH. , #6958 ) ;
#8725 = ORIENTED_EDGE ( 'NONE', *, *, #10845, .F. ) ;
#8726 = FILL_AREA_STYLE_COLOUR ( '', #11010 ) ;
#8727 = CARTESIAN_POINT ( 'NONE',  ( 0.9726810703370720734, 2.151000000000000689, -0.3350012342383659747 ) ) ;
#8728 = PLANE ( 'NONE',  #11377 ) ;
#8729 = LINE ( 'NONE', #1462, #6301 ) ;
#8730 = VERTEX_POINT ( 'NONE', #3088 ) ;
#8731 = EDGE_LOOP ( 'NONE', ( #4788, #10139, #10407, #2004 ) ) ;
#8732 = PRESENTATION_LAYER_ASSIGNMENT (  '', '', ( #6212 ) ) ;
#8733 = CARTESIAN_POINT ( 'NONE',  ( 1.129346224478604999, 2.151000000000000689, -0.2008559877067254973 ) ) ;
#8734 = ORIENTED_EDGE ( 'NONE', *, *, #2521, .T. ) ;
#8735 = DIRECTION ( 'NONE',  ( -0.007092178509963749378, -8.426690792501596207E-19, 0.9999748501857348426 ) ) ;
#8736 = PRESENTATION_STYLE_ASSIGNMENT (( #2935 ) ) ;
#8737 = ORIENTED_EDGE ( 'NONE', *, *, #631, .T. ) ;
#8738 = STYLED_ITEM ( 'NONE', ( #8841 ), #5324 ) ;
#8739 = B_SPLINE_CURVE_WITH_KNOTS ( 'NONE', 3,
 ( #4903, #8644, #1078, #8583 ),
 .UNSPECIFIED., .F., .F.,
 ( 4, 4 ),
 ( 5.000000000000000000, 6.000000000000000000 ),
 .UNSPECIFIED. ) ;
#8740 = CARTESIAN_POINT ( 'NONE',  ( -0.1693673788884486608, 2.150000000000000355, -0.1099146168151994701 ) ) ;
#8741 = LINE ( 'NONE', #11567, #8156 ) ;
#8742 = B_SPLINE_CURVE_WITH_KNOTS ( 'NONE', 3,
 ( #10937, #4407, #8431, #9145 ),
 .UNSPECIFIED., .F., .F.,
 ( 4, 4 ),
 ( 11.00000000000000000, 12.00000000000000000 ),
 .UNSPECIFIED. ) ;
#8743 = COLOUR_RGB ( '',1.000000000000000000, 1.000000000000000000, 1.000000000000000000 ) ;
#8744 = SURFACE_STYLE_FILL_AREA ( #6919 ) ;
#8745 = PLANE ( 'NONE',  #3936 ) ;
#8746 = PLANE ( 'NONE',  #7930 ) ;
#8747 = ORIENTED_EDGE ( 'NONE', *, *, #6701, .F. ) ;
#8748 = SURFACE_SIDE_STYLE ('',( #7580 ) ) ;
#8749 = DIRECTION ( 'NONE',  ( 0.3451999324527416091, 0.000000000000000000, -0.9385291719678311440 ) ) ;
#8750 = MECHANICAL_DESIGN_GEOMETRIC_PRESENTATION_REPRESENTATION (  '', ( #3639 ), #4046 ) ;
#8751 =( NAMED_UNIT ( * ) PLANE_ANGLE_UNIT ( ) SI_UNIT ( $, .RADIAN. ) );
#8752 = ORIENTED_EDGE ( 'NONE', *, *, #5233, .F. ) ;
#8753 = B_SPLINE_SURFACE_WITH_KNOTS ( 'NONE', 3, 1, ( 
 ( #343, #9035 ),
 ( #10104, #1567 ),
 ( #4366, #9984 ),
 ( #5417, #8965 ) ),
 .UNSPECIFIED., .F., .F., .F.,
 ( 4, 4 ),
 ( 2, 2 ),
 ( 8.000000000000000000, 9.000000000000000000 ),
 ( 0.000000000000000000, 1.000000000000000000 ),
 .UNSPECIFIED. ) ;
#8754 = CARTESIAN_POINT ( 'NONE',  ( 0.8780789568942517498, 2.151000000000000689, -0.2489108842436381919 ) ) ;
#8755 = ADVANCED_FACE ( 'NONE', ( #6195 ), #9282, .T. ) ;
#8756 = LINE ( 'NONE', #1979, #5219 ) ;
#8757 = CARTESIAN_POINT ( 'NONE',  ( -0.8617793402508915346, 2.151000000000000245, -0.04848722609848107878 ) ) ;
#8758 = ADVANCED_FACE ( 'NONE', ( #11874 ), #11754, .F. ) ;
#8759 = ORIENTED_EDGE ( 'NONE', *, *, #8534, .T. ) ;
#8760 = EDGE_CURVE ( 'NONE', #10850, #3776, #2569, .T. ) ;
#8761 = CARTESIAN_POINT ( 'NONE',  ( -0.1646247914296539716, 2.151000000000000689, -0.1701884565598043852 ) ) ;
#8762 = ORIENTED_EDGE ( 'NONE', *, *, #9846, .T. ) ;
#8763 = VERTEX_POINT ( 'NONE', #6386 ) ;
#8764 = LINE ( 'NONE', #6937, #5139 ) ;
#8765 = CARTESIAN_POINT ( 'NONE',  ( -0.6054755012018854243, 2.151000000000000245, -0.07006456930213916801 ) ) ;
#8766 = VECTOR ( 'NONE', #1777, 1000.000000000000000 ) ;
#8767 = FILL_AREA_STYLE ('',( #7837 ) ) ;
#8768 = DIRECTION ( 'NONE',  ( 0.007092178509964201273, 8.426690792502132579E-19, -0.9999748501857348426 ) ) ;
#8769 = ORIENTED_EDGE ( 'NONE', *, *, #4633, .T. ) ;
#8770 = MECHANICAL_DESIGN_GEOMETRIC_PRESENTATION_REPRESENTATION (  '', ( #4060 ), #10952 ) ;
#8771 = UNCERTAINTY_MEASURE_WITH_UNIT (LENGTH_MEASURE( 1.000000000000000082E-05 ), #9459, 'distance_accuracy_value', 'NONE');
#8772 = FACE_OUTER_BOUND ( 'NONE', #3847, .T. ) ;
#8773 = LINE ( 'NONE', #6880, #8234 ) ;
#8774 = DIRECTION ( 'NONE',  ( 0.007092178509963612335, 8.426690792501432503E-19, -0.9999748501857348426 ) ) ;
#8775 = ADVANCED_FACE ( 'NONE', ( #8189 ), #2960, .F. ) ;
#8776 = FILL_AREA_STYLE ('',( #5031 ) ) ;
#8777 = ORIENTED_EDGE ( 'NONE', *, *, #11168, .F. ) ;
#8778 = PRESENTATION_LAYER_ASSIGNMENT (  '', '', ( #7411 ) ) ;
#8779 = DIRECTION ( 'NONE',  ( -0.007092178509963802287, -8.426690792501658800E-19, 0.9999748501857348426 ) ) ;
#8780 = DIRECTION ( 'NONE',  ( -0.007092178509963888156, -8.426690792501759911E-19, 0.9999748501857348426 ) ) ;
#8781 = VECTOR ( 'NONE', #9469, 1000.000000000000000 ) ;
#8782 = SURFACE_SIDE_STYLE ('',( #7006 ) ) ;
#8783 = STYLED_ITEM ( 'NONE', ( #11565 ), #1047 ) ;
#8784 = SURFACE_STYLE_FILL_AREA ( #4971 ) ;
#8785 = CARTESIAN_POINT ( 'NONE',  ( 0.9098898580403098624, 2.150000000000000355, -0.2486852699799907418 ) ) ;
#8786 =( NAMED_UNIT ( * ) SI_UNIT ( $, .STERADIAN. ) SOLID_ANGLE_UNIT ( ) );
#8787 = ORIENTED_EDGE ( 'NONE', *, *, #9706, .F. ) ;
#8788 = LINE ( 'NONE', #5230, #6287 ) ;
#8789 = ORIENTED_EDGE ( 'NONE', *, *, #9384, .F. ) ;
#8790 = SURFACE_STYLE_USAGE ( .BOTH. , #7924 ) ;
#8791 = UNCERTAINTY_MEASURE_WITH_UNIT (LENGTH_MEASURE( 1.000000000000000082E-05 ), #4214, 'distance_accuracy_value', 'NONE');
#8792 = EDGE_CURVE ( 'NONE', #10286, #7285, #4454, .T. ) ;
#8793 = SURFACE_STYLE_USAGE ( .BOTH. , #5044 ) ;
#8794 = FILL_AREA_STYLE_COLOUR ( '', #3119 ) ;
#8795 = LINE ( 'NONE', #11789, #8120 ) ;
#8796 = CARTESIAN_POINT ( 'NONE',  ( -0.1790519955207490466, 2.150000000000000355, -0.1445041345863072590 ) ) ;
#8797 = EDGE_LOOP ( 'NONE', ( #1574, #1775, #8920, #11911 ) ) ;
#8798 = DIRECTION ( 'NONE',  ( 0.007092178509963777133, 8.426690792501628948E-19, -0.9999748501857348426 ) ) ;
#8799 = ORIENTED_EDGE ( 'NONE', *, *, #8290, .T. ) ;
#8800 =( NAMED_UNIT ( * ) SI_UNIT ( $, .STERADIAN. ) SOLID_ANGLE_UNIT ( ) );
#8801 = ORIENTED_EDGE ( 'NONE', *, *, #2981, .F. ) ;
#8802 = B_SPLINE_CURVE_WITH_KNOTS ( 'NONE', 3,
 ( #3850, #6018, #6760, #4956 ),
 .UNSPECIFIED., .F., .F.,
 ( 4, 4 ),
 ( 6.000000000000000000, 7.000000000000000000 ),
 .UNSPECIFIED. ) ;
#8803 = MECHANICAL_DESIGN_GEOMETRIC_PRESENTATION_REPRESENTATION (  '', ( #10386 ), #151 ) ;
#8804 = LINE ( 'NONE', #8059, #6260 ) ;
#8805 = LINE ( 'NONE', #10662, #9594 ) ;
#8806 = FILL_AREA_STYLE ('',( #8867 ) ) ;
#8807 = PLANE ( 'NONE',  #3138 ) ;
#8808 = DIRECTION ( 'NONE',  ( 0.4610253948556705117, 5.477750516969925159E-17, 0.8873869422626035064 ) ) ;
#8809 = ORIENTED_EDGE ( 'NONE', *, *, #6933, .T. ) ;
#8810 = SURFACE_STYLE_USAGE ( .BOTH. , #8066 ) ;
#8811 = DIRECTION ( 'NONE',  ( 0.9410702468860459025, 1.118148390285283490E-16, 0.3382111624796507732 ) ) ;
#8812 = EDGE_LOOP ( 'NONE', ( #9701, #8909, #7913, #1136, #9499, #6781 ) ) ;
#8813 = VECTOR ( 'NONE', #8834, 1000.000000000000000 ) ;
#8814 = CARTESIAN_POINT ( 'NONE',  ( -0.08854739057699519134, 2.151000000000000689, -0.2092646614239567493 ) ) ;
#8815 = STYLED_ITEM ( 'NONE', ( #3744 ), #10489 ) ;
#8816 = CARTESIAN_POINT ( 'NONE',  ( -0.3269940945707962010, 2.150000000000000355, 0.2779506576133558005 ) ) ;
#8817 = FILL_AREA_STYLE_COLOUR ( '', #7449 ) ;
#8818 = EDGE_LOOP ( 'NONE', ( #8809, #1697, #8564, #6669, #3253, #3483, #257, #2173, #97, #2498, #3883, #10632 ) ) ;
#8819 = PLANE ( 'NONE',  #4662 ) ;
#8820 = ORIENTED_EDGE ( 'NONE', *, *, #879, .T. ) ;
#8821 = ORIENTED_EDGE ( 'NONE', *, *, #2860, .T. ) ;
#8822 = CARTESIAN_POINT ( 'NONE',  ( -0.03407650490992446268, 2.150000000000000355, -0.2219796137038109185 ) ) ;
#8823 = B_SPLINE_CURVE_WITH_KNOTS ( 'NONE', 3,
 ( #4874, #11687, #6057, #7032 ),
 .UNSPECIFIED., .F., .F.,
 ( 4, 4 ),
 ( 2.000000000000000000, 3.000000000000000000 ),
 .UNSPECIFIED. ) ;
#8824 =( GEOMETRIC_REPRESENTATION_CONTEXT ( 3 ) GLOBAL_UNCERTAINTY_ASSIGNED_CONTEXT ( ( #1179 ) ) GLOBAL_UNIT_ASSIGNED_CONTEXT ( ( #4019, #4995, #2026 ) ) REPRESENTATION_CONTEXT ( 'NONE', 'WORKASPACE' ) );
#8825 = STYLED_ITEM ( 'NONE', ( #8244 ), #8288 ) ;
#8826 =( GEOMETRIC_REPRESENTATION_CONTEXT ( 3 ) GLOBAL_UNCERTAINTY_ASSIGNED_CONTEXT ( ( #10626 ) ) GLOBAL_UNIT_ASSIGNED_CONTEXT ( ( #9139, #6334, #11930 ) ) REPRESENTATION_CONTEXT ( 'NONE', 'WORKASPACE' ) );
#8827 = CARTESIAN_POINT ( 'NONE',  ( -0.01104944699464593776, 2.150000000000000355, 0.1011406335244480204 ) ) ;
#8828 = EDGE_CURVE ( 'NONE', #3686, #3308, #1659, .T. ) ;
#8829 = DIRECTION ( 'NONE',  ( 0.000000000000000000, -0.000000000000000000, -1.000000000000000000 ) ) ;
#8830 = EDGE_CURVE ( 'NONE', #5013, #11140, #3698, .T. ) ;
#8831 = EDGE_CURVE ( 'NONE', #5116, #1158, #4066, .T. ) ;
#8832 = ORIENTED_EDGE ( 'NONE', *, *, #7334, .T. ) ;
#8833 = PLANE ( 'NONE',  #786 ) ;
#8834 = DIRECTION ( 'NONE',  ( 1.188166764367676342E-16, -1.000000000000000000, -0.000000000000000000 ) ) ;
#8835 =( NAMED_UNIT ( * ) SI_UNIT ( $, .STERADIAN. ) SOLID_ANGLE_UNIT ( ) );
#8836 = ORIENTED_EDGE ( 'NONE', *, *, #3455, .T. ) ;
#8837 = CARTESIAN_POINT ( 'NONE',  ( -0.3342149895392093617, 2.151000000000000689, -0.2213008859696188602 ) ) ;
#8838 = CARTESIAN_POINT ( 'NONE',  ( -0.1173966229314901133, 2.151000000000000689, -0.2465895616557980119 ) ) ;
#8839 = COLOUR_RGB ( '',1.000000000000000000, 1.000000000000000000, 1.000000000000000000 ) ;
#8840 = PRESENTATION_LAYER_ASSIGNMENT (  '', '', ( #6328 ) ) ;
#8841 = PRESENTATION_STYLE_ASSIGNMENT (( #2368 ) ) ;
#8842 = VECTOR ( 'NONE', #10727, 1000.000000000000000 ) ;
#8843 = LINE ( 'NONE', #3170, #2672 ) ;
#8844 = LINE ( 'NONE', #417, #9073 ) ;
#8845 = FILL_AREA_STYLE ('',( #3241 ) ) ;
#8846 = EDGE_CURVE ( 'NONE', #12034, #2645, #8303, .T. ) ;
#8847 = ORIENTED_EDGE ( 'NONE', *, *, #851, .T. ) ;
#8848 = CARTESIAN_POINT ( 'NONE',  ( -0.2070447495069421551, 2.151000000000000689, -0.1193319379601541635 ) ) ;
#8849 = ORIENTED_EDGE ( 'NONE', *, *, #11209, .T. ) ;
#8850 = CARTESIAN_POINT ( 'NONE',  ( -0.2844641781314494744, 2.151000000000000689, -0.3161922559700406365 ) ) ;
#8851 = CARTESIAN_POINT ( 'NONE',  ( 1.045727199617881409, 2.150000000000000355, -0.2361535754825709321 ) ) ;
#8852 = CARTESIAN_POINT ( 'NONE',  ( 0.5172782460321342368, 2.151000000000000689, 0.2633146077990298206 ) ) ;
#8853 = COLOUR_RGB ( '',0.7725490196078431682, 0.6823529411764706065, 0.3686274509803921795 ) ;
#8854 = ORIENTED_EDGE ( 'NONE', *, *, #1113, .T. ) ;
#8855 = VECTOR ( 'NONE', #6606, 1000.000000000000000 ) ;
#8856 = ORIENTED_EDGE ( 'NONE', *, *, #680, .F. ) ;
#8857 = FILL_AREA_STYLE_COLOUR ( '', #6601 ) ;
#8858 = B_SPLINE_SURFACE_WITH_KNOTS ( 'NONE', 3, 1, ( 
 ( #1328, #4244 ),
 ( #2303, #4184 ),
 ( #11544, #4974 ),
 ( #1270, #9796 ) ),
 .UNSPECIFIED., .F., .F., .F.,
 ( 4, 4 ),
 ( 2, 2 ),
 ( 27.00000000000000000, 28.00000000000000000 ),
 ( 0.000000000000000000, 1.000000000000000000 ),
 .UNSPECIFIED. ) ;
#8859 = CARTESIAN_POINT ( 'NONE',  ( -0.5793881924429503671, 2.151000000000000689, -0.04648440729807277322 ) ) ;
#8860 = SURFACE_SIDE_STYLE ('',( #610 ) ) ;
#8861 = SURFACE_STYLE_USAGE ( .BOTH. , #495 ) ;
#8862 = ADVANCED_FACE ( 'NONE', ( #12048 ), #7399, .F. ) ;
#8863 = ORIENTED_EDGE ( 'NONE', *, *, #5475, .T. ) ;
#8864 = CARTESIAN_POINT ( 'NONE',  ( -0.4644385109487370600, 2.150000000000000355, 0.2025273135860955476 ) ) ;
#8865 =( GEOMETRIC_REPRESENTATION_CONTEXT ( 3 ) GLOBAL_UNCERTAINTY_ASSIGNED_CONTEXT ( ( #6639 ) ) GLOBAL_UNIT_ASSIGNED_CONTEXT ( ( #2899, #10444, #328 ) ) REPRESENTATION_CONTEXT ( 'NONE', 'WORKASPACE' ) );
#8866 = FILL_AREA_STYLE ('',( #11630 ) ) ;
#8867 = FILL_AREA_STYLE_COLOUR ( '', #10328 ) ;
#8868 = CARTESIAN_POINT ( 'NONE',  ( -0.09032349259495267568, 2.151000000000000689, 0.2830604974062453927 ) ) ;
#8869 = SURFACE_SIDE_STYLE ('',( #2610 ) ) ;
#8870 = CARTESIAN_POINT ( 'NONE',  ( -0.4920824723393360522, 2.150000000000000355, 0.2078421082990356550 ) ) ;
#8871 = EDGE_LOOP ( 'NONE', ( #12131, #2250, #9130, #5205 ) ) ;
#8872 = CARTESIAN_POINT ( 'NONE',  ( -0.2096868513068216588, 2.151000000000000689, -0.09865897376185628342 ) ) ;
#8873 = B_SPLINE_CURVE_WITH_KNOTS ( 'NONE', 3,
 ( #6200, #7823, #9768, #9007 ),
 .UNSPECIFIED., .F., .F.,
 ( 4, 4 ),
 ( 3.000000000000000000, 4.000000000000000000 ),
 .UNSPECIFIED. ) ;
#8874 = PRESENTATION_STYLE_ASSIGNMENT (( #9703 ) ) ;
#8875 = LINE ( 'NONE', #7890, #11827 ) ;
#8876 = VERTEX_POINT ( 'NONE', #48 ) ;
#8877 =( GEOMETRIC_REPRESENTATION_CONTEXT ( 3 ) GLOBAL_UNCERTAINTY_ASSIGNED_CONTEXT ( ( #11616 ) ) GLOBAL_UNIT_ASSIGNED_CONTEXT ( ( #7567, #2072, #237 ) ) REPRESENTATION_CONTEXT ( 'NONE', 'WORKASPACE' ) );
#8878 = LINE ( 'NONE', #3209, #787 ) ;
#8879 = CARTESIAN_POINT ( 'NONE',  ( -0.02833369423768321294, 2.151000000000000689, 0.08250989108773376657 ) ) ;
#8880 = SURFACE_STYLE_FILL_AREA ( #4282 ) ;
#8881 = CARTESIAN_POINT ( 'NONE',  ( -0.01733093343168436162, 2.150000000000000355, -0.1640488540259005534 ) ) ;
#8882 = VERTEX_POINT ( 'NONE', #1100 ) ;
#8883 = ORIENTED_EDGE ( 'NONE', *, *, #2981, .T. ) ;
#8884 = EDGE_CURVE ( 'NONE', #5861, #7035, #3468, .T. ) ;
#8885 = ORIENTED_EDGE ( 'NONE', *, *, #11833, .T. ) ;
#8886 = SURFACE_STYLE_FILL_AREA ( #7902 ) ;
#8887 = AXIS2_PLACEMENT_3D ( 'NONE', #1323, #10833, #7128 ) ;
#8888 = DIRECTION ( 'NONE',  ( 0.3492990578015331415, -0.000000000000000000, 0.9370112956730890508 ) ) ;
#8889 =( NAMED_UNIT ( * ) PLANE_ANGLE_UNIT ( ) SI_UNIT ( $, .RADIAN. ) );
#8890 = ORIENTED_EDGE ( 'NONE', *, *, #10431, .T. ) ;
#8891 = UNCERTAINTY_MEASURE_WITH_UNIT (LENGTH_MEASURE( 1.000000000000000082E-05 ), #11671, 'distance_accuracy_value', 'NONE');
#8892 =( LENGTH_UNIT ( ) NAMED_UNIT ( * ) SI_UNIT ( .MILLI., .METRE. ) );
#8893 = SURFACE_STYLE_USAGE ( .BOTH. , #9849 ) ;
#8894 = AXIS2_PLACEMENT_3D ( 'NONE', #11384, #873, #2882 ) ;
#8895 = CARTESIAN_POINT ( 'NONE',  ( 0.6116445440076632156, 2.150000000000000355, -0.1972975950925945077 ) ) ;
#8896 = STYLED_ITEM ( 'NONE', ( #7875 ), #4810 ) ;
#8897 = EDGE_CURVE ( 'NONE', #1438, #1158, #5803, .T. ) ;
#8898 = CARTESIAN_POINT ( 'NONE',  ( -0.03030141272887983128, 2.150000000000000355, -0.1018577796993654500 ) ) ;
#8899 = ORIENTED_EDGE ( 'NONE', *, *, #1253, .T. ) ;
#8900 = CARTESIAN_POINT ( 'NONE',  ( -0.4037291882663764930, 2.151000000000000689, -0.1033625002794622688 ) ) ;
#8901 = DIRECTION ( 'NONE',  ( -0.007092178509965757320, -0.000000000000000000, 0.9999748501857348426 ) ) ;
#8902 = ADVANCED_FACE ( 'NONE', ( #6679 ), #6734, .F. ) ;
#8903 = LINE ( 'NONE', #7973, #5154 ) ;
#8904 =( NAMED_UNIT ( * ) PLANE_ANGLE_UNIT ( ) SI_UNIT ( $, .RADIAN. ) );
#8905 = SURFACE_STYLE_USAGE ( .BOTH. , #7914 ) ;
#8906 =( NAMED_UNIT ( * ) PLANE_ANGLE_UNIT ( ) SI_UNIT ( $, .RADIAN. ) );
#8907 = SURFACE_STYLE_FILL_AREA ( #9731 ) ;
#8908 =( GEOMETRIC_REPRESENTATION_CONTEXT ( 3 ) GLOBAL_UNCERTAINTY_ASSIGNED_CONTEXT ( ( #3027 ) ) GLOBAL_UNIT_ASSIGNED_CONTEXT ( ( #4916, #3752, #5788 ) ) REPRESENTATION_CONTEXT ( 'NONE', 'WORKASPACE' ) );
#8909 = ORIENTED_EDGE ( 'NONE', *, *, #9847, .T. ) ;
#8910 = CARTESIAN_POINT ( 'NONE',  ( -3.649999999999997691, 1.599999999999999867, -4.898587196589411843E-17 ) ) ;
#8911 = ORIENTED_EDGE ( 'NONE', *, *, #3337, .F. ) ;
#8912 =( NAMED_UNIT ( * ) SI_UNIT ( $, .STERADIAN. ) SOLID_ANGLE_UNIT ( ) );
#8913 = CARTESIAN_POINT ( 'NONE',  ( -0.01303748500803551813, 2.151000000000000689, 0.1761989432650036547 ) ) ;
#8914 =( NAMED_UNIT ( * ) PLANE_ANGLE_UNIT ( ) SI_UNIT ( $, .RADIAN. ) );
#8915 = CARTESIAN_POINT ( 'NONE',  ( 0.4828010190767874632, 2.151000000000000689, 0.2312575610334068055 ) ) ;
#8916 = MECHANICAL_DESIGN_GEOMETRIC_PRESENTATION_REPRESENTATION (  '', ( #12035 ), #10306 ) ;
#8917 = VERTEX_POINT ( 'NONE', #10473 ) ;
#8918 = CARTESIAN_POINT ( 'NONE',  ( -0.06594393457482153331, 2.150000000000000355, -0.09763949769721640137 ) ) ;
#8919 = ADVANCED_FACE ( 'NONE', ( #2075 ), #5864, .F. ) ;
#8920 = ORIENTED_EDGE ( 'NONE', *, *, #3272, .F. ) ;
#8921 = EDGE_CURVE ( 'NONE', #6182, #4057, #2317, .T. ) ;
#8922 = PLANE ( 'NONE',  #477 ) ;
#8923 = CARTESIAN_POINT ( 'NONE',  ( 1.220082155543524616, 2.150000000000000355, 0.05428766448605872041 ) ) ;
#8924 = PRESENTATION_STYLE_ASSIGNMENT (( #6968 ) ) ;
#8925 =( NAMED_UNIT ( * ) PLANE_ANGLE_UNIT ( ) SI_UNIT ( $, .RADIAN. ) );
#8926 = ORIENTED_EDGE ( 'NONE', *, *, #6464, .T. ) ;
#8927 = MECHANICAL_DESIGN_GEOMETRIC_PRESENTATION_REPRESENTATION (  '', ( #863 ), #12047 ) ;
#8928 = SURFACE_SIDE_STYLE ('',( #368 ) ) ;
#8929 = CARTESIAN_POINT ( 'NONE',  ( 0.5718859439593659832, 2.151000000000000689, 0.3114206863113233026 ) ) ;
#8930 = CARTESIAN_POINT ( 'NONE',  ( -0.6093852423787371464, 2.151000000000000245, 0.2759478388129474880 ) ) ;
#8931 = COLOUR_RGB ( '',1.000000000000000000, 1.000000000000000000, 1.000000000000000000 ) ;
#8932 =( NAMED_UNIT ( * ) SI_UNIT ( $, .STERADIAN. ) SOLID_ANGLE_UNIT ( ) );
#8933 = ADVANCED_FACE ( 'NONE', ( #9747 ), #2388, .F. ) ;
#8934 = CARTESIAN_POINT ( 'NONE',  ( -0.4820114572750420212, 2.150000000000000355, 0.2319325474729944658 ) ) ;
#8935 = VERTEX_POINT ( 'NONE', #1409 ) ;
#8936 = COLOUR_RGB ( '',1.000000000000000000, 1.000000000000000000, 1.000000000000000000 ) ;
#8937 = PRESENTATION_STYLE_ASSIGNMENT (( #8810 ) ) ;
#8938 = CARTESIAN_POINT ( 'NONE',  ( 3.669999999999997708, 1.599999999999999867, -0.4000000000000000222 ) ) ;
#8939 = SURFACE_SIDE_STYLE ('',( #10548 ) ) ;
#8940 = SURFACE_SIDE_STYLE ('',( #10014 ) ) ;
#8941 = COLOUR_RGB ( '',1.000000000000000000, 1.000000000000000000, 1.000000000000000000 ) ;
#8942 = VECTOR ( 'NONE', #3130, 1000.000000000000000 ) ;
#8943 = DIRECTION ( 'NONE',  ( 1.188166764367676342E-16, -1.000000000000000000, -0.000000000000000000 ) ) ;
#8944 = CARTESIAN_POINT ( 'NONE',  ( -0.1598870076105759208, 2.151000000000000689, -0.1638121716996010779 ) ) ;
#8945 = SURFACE_STYLE_USAGE ( .BOTH. , #1428 ) ;
#8946 = FACE_OUTER_BOUND ( 'NONE', #8797, .T. ) ;
#8947 = ORIENTED_EDGE ( 'NONE', *, *, #11926, .F. ) ;
#8948 = EDGE_CURVE ( 'NONE', #10903, #10393, #11860, .T. ) ;
#8949 = FACE_OUTER_BOUND ( 'NONE', #7262, .T. ) ;
#8950 = ORIENTED_EDGE ( 'NONE', *, *, #9496, .F. ) ;
#8951 = ORIENTED_EDGE ( 'NONE', *, *, #11182, .F. ) ;
#8952 =( NAMED_UNIT ( * ) SI_UNIT ( $, .STERADIAN. ) SOLID_ANGLE_UNIT ( ) );
#8953 = COLOUR_RGB ( '',1.000000000000000000, 1.000000000000000000, 1.000000000000000000 ) ;
#8954 = LINE ( 'NONE', #263, #6275 ) ;
#8955 = ORIENTED_EDGE ( 'NONE', *, *, #2681, .F. ) ;
#8956 =( NAMED_UNIT ( * ) SI_UNIT ( $, .STERADIAN. ) SOLID_ANGLE_UNIT ( ) );
#8957 = CARTESIAN_POINT ( 'NONE',  ( -0.4273065479054177773, 2.151000000000000689, 0.2705196013638577757 ) ) ;
#8958 = CARTESIAN_POINT ( 'NONE',  ( 0.1030909506832607542, 2.151000000000000689, 0.2810009742436602731 ) ) ;
#8959 = B_SPLINE_SURFACE_WITH_KNOTS ( 'NONE', 3, 1, ( 
 ( #8872, #10295 ),
 ( #11156, #9378 ),
 ( #6504, #9257 ),
 ( #11987, #11873 ) ),
 .UNSPECIFIED., .F., .F., .F.,
 ( 4, 4 ),
 ( 2, 2 ),
 ( 7.000000000000000000, 8.000000000000000000 ),
 ( 0.000000000000000000, 1.000000000000000000 ),
 .UNSPECIFIED. ) ;
#8960 = DIRECTION ( 'NONE',  ( 0.8896103580601522065, 0.000000000000000000, -0.4567202763531393872 ) ) ;
#8961 = ORIENTED_EDGE ( 'NONE', *, *, #1966, .T. ) ;
#8962 = PRESENTATION_STYLE_ASSIGNMENT (( #6225 ) ) ;
#8963 =( LENGTH_UNIT ( ) NAMED_UNIT ( * ) SI_UNIT ( .MILLI., .METRE. ) );
#8964 = CARTESIAN_POINT ( 'NONE',  ( -0.3088860829701925437, 2.151000000000000689, -0.2740462533201795114 ) ) ;
#8965 = CARTESIAN_POINT ( 'NONE',  ( -0.2096868513068216588, 2.150000000000000355, -0.09865897376185628342 ) ) ;
#8966 = FACE_OUTER_BOUND ( 'NONE', #6812, .T. ) ;
#8967 = LINE ( 'NONE', #529, #2168 ) ;
#8968 = CARTESIAN_POINT ( 'NONE',  ( 1.670000000000000373, 1.800000000000000044, -1.750000000000001110 ) ) ;
#8969 = EDGE_LOOP ( 'NONE', ( #6885, #11254, #8574, #4213 ) ) ;
#8970 = VECTOR ( 'NONE', #5315, 1000.000000000000114 ) ;
#8971 = CARTESIAN_POINT ( 'NONE',  ( 0.2982013754879659362, 2.151000000000000689, -0.04190405822187966839 ) ) ;
#8972 = VERTEX_POINT ( 'NONE', #2255 ) ;
#8973 = FILL_AREA_STYLE_COLOUR ( '', #4305 ) ;
#8974 = VECTOR ( 'NONE', #2594, 1000.000000000000000 ) ;
#8975 = SURFACE_STYLE_FILL_AREA ( #9109 ) ;
#8976 = FILL_AREA_STYLE_COLOUR ( '', #9835 ) ;
#8977 = ORIENTED_EDGE ( 'NONE', *, *, #948, .F. ) ;
#8978 = FILL_AREA_STYLE_COLOUR ( '', #9221 ) ;
#8979 = EDGE_LOOP ( 'NONE', ( #5969, #7919, #9828, #11760 ) ) ;
#8980 = B_SPLINE_CURVE_WITH_KNOTS ( 'NONE', 3,
 ( #9897, #8879, #10993, #2522 ),
 .UNSPECIFIED., .F., .F.,
 ( 4, 4 ),
 ( 1.000000000000000000, 2.000000000000000000 ),
 .UNSPECIFIED. ) ;
#8981 = SURFACE_STYLE_USAGE ( .BOTH. , #10002 ) ;
#8982 = ORIENTED_EDGE ( 'NONE', *, *, #12078, .T. ) ;
#8983 = DIRECTION ( 'NONE',  ( 0.000000000000000000, 1.185846126156020721E-16, 1.000000000000000000 ) ) ;
#8984 =( GEOMETRIC_REPRESENTATION_CONTEXT ( 3 ) GLOBAL_UNCERTAINTY_ASSIGNED_CONTEXT ( ( #5830 ) ) GLOBAL_UNIT_ASSIGNED_CONTEXT ( ( #5051, #7991, #4200 ) ) REPRESENTATION_CONTEXT ( 'NONE', 'WORKASPACE' ) );
#8985 = DIRECTION ( 'NONE',  ( 0.007092178509923868952, 8.426690792454209664E-19, -0.9999748501857351757 ) ) ;
#8986 = CARTESIAN_POINT ( 'NONE',  ( -0.6338833779905368448, 2.151000000000000245, -0.2502526700472043619 ) ) ;
#8987 = ORIENTED_EDGE ( 'NONE', *, *, #10133, .T. ) ;
#8988 = ADVANCED_FACE ( 'NONE', ( #3380 ), #10656, .T. ) ;
#8989 = VECTOR ( 'NONE', #11853, 1000.000000000000000 ) ;
#8990 = CARTESIAN_POINT ( 'NONE',  ( -0.4423626509208923308, 2.151000000000000689, 0.2346052543110218880 ) ) ;
#8991 = EDGE_CURVE ( 'NONE', #2859, #2588, #10992, .T. ) ;
#8992 = EDGE_CURVE ( 'NONE', #1553, #802, #5688, .T. ) ;
#8993 = FILL_AREA_STYLE_COLOUR ( '', #2074 ) ;
#8994 = CARTESIAN_POINT ( 'NONE',  ( -0.1845599917712082982, 2.151000000000000689, -0.1522376013544926854 ) ) ;
#8995 = PLANE ( 'NONE',  #10061 ) ;
#8996 = FILL_AREA_STYLE_COLOUR ( '', #9158 ) ;
#8997 = PRESENTATION_LAYER_ASSIGNMENT (  '', '', ( #2869 ) ) ;
#8998 = LINE ( 'NONE', #4326, #5306 ) ;
#8999 = SURFACE_STYLE_FILL_AREA ( #10009 ) ;
#9000 = DIRECTION ( 'NONE',  ( -0.9181298069290879660, -1.090891321968453611E-16, -0.3962797719141813446 ) ) ;
#9001 = ORIENTED_EDGE ( 'NONE', *, *, #11647, .F. ) ;
#9002 = CARTESIAN_POINT ( 'NONE',  ( 0.02369497779594218964, 2.150000000000000355, -0.2455888896704679081 ) ) ;
#9003 = PRESENTATION_STYLE_ASSIGNMENT (( #5259 ) ) ;
#9004 = STYLED_ITEM ( 'NONE', ( #11220 ), #9758 ) ;
#9005 = LINE ( 'NONE', #5007, #638 ) ;
#9006 = EDGE_CURVE ( 'NONE', #1514, #8657, #5415, .T. ) ;
#9007 = CARTESIAN_POINT ( 'NONE',  ( -0.7166526795886228873, 2.151000000000000245, -0.1472772064305161166 ) ) ;
#9008 = CARTESIAN_POINT ( 'NONE',  ( -0.2362663647698319269, 2.151000000000000689, -0.1774551605996002590 ) ) ;
#9009 = CARTESIAN_POINT ( 'NONE',  ( 1.027340044370024907, 2.151000000000000689, -0.2941249252624476007 ) ) ;
#9010 = DIRECTION ( 'NONE',  ( -0.000000000000000000, -0.000000000000000000, -1.000000000000000000 ) ) ;
#9011 = PRESENTATION_LAYER_ASSIGNMENT (  '', '', ( #9824 ) ) ;
#9012 = VERTEX_POINT ( 'NONE', #11800 ) ;
#9013 = ORIENTED_EDGE ( 'NONE', *, *, #631, .F. ) ;
#9014 = ORIENTED_EDGE ( 'NONE', *, *, #6566, .T. ) ;
#9015 = CARTESIAN_POINT ( 'NONE',  ( -0.2044756424970511910, 2.151000000000000689, -0.1883553789651377097 ) ) ;
#9016 = PRESENTATION_STYLE_ASSIGNMENT (( #10936 ) ) ;
#9017 =( NAMED_UNIT ( * ) PLANE_ANGLE_UNIT ( ) SI_UNIT ( $, .RADIAN. ) );
#9018 = SURFACE_SIDE_STYLE ('',( #5525 ) ) ;
#9019 = CARTESIAN_POINT ( 'NONE',  ( -0.004956271428474406937, 2.150000000000000355, -0.2301953335558050151 ) ) ;
#9020 = STYLED_ITEM ( 'NONE', ( #7538 ), #7849 ) ;
#9021 = STYLED_ITEM ( 'NONE', ( #10526 ), #6972 ) ;
#9022 = ORIENTED_EDGE ( 'NONE', *, *, #10719, .T. ) ;
#9023 = EDGE_CURVE ( 'NONE', #7109, #11823, #9240, .T. ) ;
#9024 = STYLED_ITEM ( 'NONE', ( #4985 ), #10326 ) ;
#9025 = UNCERTAINTY_MEASURE_WITH_UNIT (LENGTH_MEASURE( 1.000000000000000082E-05 ), #2251, 'distance_accuracy_value', 'NONE');
#9026 = DIRECTION ( 'NONE',  ( -0.9394297563095325154, -1.116199213905012220E-16, 0.3427414958247868570 ) ) ;
#9027 = CARTESIAN_POINT ( 'NONE',  ( -0.8472986747410672370, 2.151000000000000245, -0.07437912571900760772 ) ) ;
#9028 = SURFACE_SIDE_STYLE ('',( #4476 ) ) ;
#9029 =( NAMED_UNIT ( * ) PLANE_ANGLE_UNIT ( ) SI_UNIT ( $, .RADIAN. ) );
#9030 = ORIENTED_EDGE ( 'NONE', *, *, #9165, .F. ) ;
#9031 = CARTESIAN_POINT ( 'NONE',  ( -0.6597291961410879368, 2.149999999999999911, -0.2272487931262444361 ) ) ;
#9032 =( GEOMETRIC_REPRESENTATION_CONTEXT ( 3 ) GLOBAL_UNCERTAINTY_ASSIGNED_CONTEXT ( ( #10503 ) ) GLOBAL_UNIT_ASSIGNED_CONTEXT ( ( #6405, #2534, #9210 ) ) REPRESENTATION_CONTEXT ( 'NONE', 'WORKASPACE' ) );
#9033 = SURFACE_STYLE_USAGE ( .BOTH. , #7062 ) ;
#9034 = CARTESIAN_POINT ( 'NONE',  ( -0.4421085987332931677, 2.151000000000000689, 0.1181512406698030926 ) ) ;
#9035 = CARTESIAN_POINT ( 'NONE',  ( -0.2440562530592657042, 2.150000000000000355, -0.1053493950393579875 ) ) ;
#9036 = DIRECTION ( 'NONE',  ( 1.188166764367676342E-16, -1.000000000000000000, -0.000000000000000000 ) ) ;
#9037 = DIRECTION ( 'NONE',  ( -0.9999748501857348426, 0.000000000000000000, -0.007092178509963542078 ) ) ;
#9038 =( NAMED_UNIT ( * ) SI_UNIT ( $, .STERADIAN. ) SOLID_ANGLE_UNIT ( ) );
#9039 = COLOUR_RGB ( '',1.000000000000000000, 1.000000000000000000, 1.000000000000000000 ) ;
#9040 = EDGE_LOOP ( 'NONE', ( #4990, #5579, #4914, #8049 ) ) ;
#9041 = SURFACE_STYLE_FILL_AREA ( #4429 ) ;
#9042 = LINE ( 'NONE', #3487, #5020 ) ;
#9043 = SURFACE_SIDE_STYLE ('',( #1517 ) ) ;
#9044 = CARTESIAN_POINT ( 'NONE',  ( 0.4376689645126785044, 2.150000000000000355, 0.07042886397419197142 ) ) ;
#9045 = SURFACE_STYLE_FILL_AREA ( #3248 ) ;
#9046 = CARTESIAN_POINT ( 'NONE',  ( 0.9846177179837275473, 2.150000000000000355, 0.2246944621440921941 ) ) ;
#9047 = CARTESIAN_POINT ( 'NONE',  ( 3.670000000000000373, -1.800000000000000044, 0.000000000000000000 ) ) ;
#9048 = ORIENTED_EDGE ( 'NONE', *, *, #10275, .F. ) ;
#9049 = CARTESIAN_POINT ( 'NONE',  ( -0.09032349259495267568, 2.151000000000000689, 0.2830604974062453927 ) ) ;
#9050 = ORIENTED_EDGE ( 'NONE', *, *, #2205, .F. ) ;
#9051 = STYLED_ITEM ( 'NONE', ( #11472 ), #1374 ) ;
#9052 = STYLED_ITEM ( 'NONE', ( #2211 ), #6783 ) ;
#9053 = EDGE_CURVE ( 'NONE', #2192, #9451, #10841, .T. ) ;
#9054 =( GEOMETRIC_REPRESENTATION_CONTEXT ( 3 ) GLOBAL_UNCERTAINTY_ASSIGNED_CONTEXT ( ( #11133 ) ) GLOBAL_UNIT_ASSIGNED_CONTEXT ( ( #3320, #3194, #6054 ) ) REPRESENTATION_CONTEXT ( 'NONE', 'WORKASPACE' ) );
#9055 =( NAMED_UNIT ( * ) SI_UNIT ( $, .STERADIAN. ) SOLID_ANGLE_UNIT ( ) );
#9056 =( LENGTH_UNIT ( ) NAMED_UNIT ( * ) SI_UNIT ( .MILLI., .METRE. ) );
#9057 = ORIENTED_EDGE ( 'NONE', *, *, #4482, .F. ) ;
#9058 = LINE ( 'NONE', #1710, #12017 ) ;
#9059 = VECTOR ( 'NONE', #3745, 1000.000000000000000 ) ;
#9060 = VECTOR ( 'NONE', #5253, 1000.000000000000000 ) ;
#9061 = SURFACE_STYLE_FILL_AREA ( #7091 ) ;
#9062 = SURFACE_SIDE_STYLE ('',( #9310 ) ) ;
#9063 = SURFACE_STYLE_FILL_AREA ( #7999 ) ;
#9064 = DIRECTION ( 'NONE',  ( 1.188166764367676342E-16, -1.000000000000000000, -0.000000000000000000 ) ) ;
#9065 = FILL_AREA_STYLE_COLOUR ( '', #5299 ) ;
#9066 = UNCERTAINTY_MEASURE_WITH_UNIT (LENGTH_MEASURE( 1.000000000000000082E-05 ), #5203, 'distance_accuracy_value', 'NONE');
#9067 = EDGE_CURVE ( 'NONE', #8571, #6789, #7582, .T. ) ;
#9068 = ORIENTED_EDGE ( 'NONE', *, *, #1980, .T. ) ;
#9069 = CARTESIAN_POINT ( 'NONE',  ( -0.04702081642280614426, 2.151000000000000689, -0.09750528818997297731 ) ) ;
#9070 = EDGE_CURVE ( 'NONE', #10467, #6374, #3559, .T. ) ;
#9071 =( LENGTH_UNIT ( ) NAMED_UNIT ( * ) SI_UNIT ( .MILLI., .METRE. ) );
#9072 = VECTOR ( 'NONE', #6831, 1000.000000000000000 ) ;
#9073 = VECTOR ( 'NONE', #4183, 1000.000000000000000 ) ;
#9074 = CARTESIAN_POINT ( 'NONE',  ( 0.03344263295702128158, 2.151000000000000689, -0.1539147795460688584 ) ) ;
#9075 = PRESENTATION_STYLE_ASSIGNMENT (( #2632 ) ) ;
#9076 = B_SPLINE_SURFACE_WITH_KNOTS ( 'NONE', 3, 1, ( 
 ( #1275, #7139 ),
 ( #2442, #9044 ),
 ( #10962, #11728 ),
 ( #1398, #7250 ) ),
 .UNSPECIFIED., .F., .F., .F.,
 ( 4, 4 ),
 ( 2, 2 ),
 ( 23.00000000000000000, 24.00000000000000000 ),
 ( 0.000000000000000000, 1.000000000000000000 ),
 .UNSPECIFIED. ) ;
#9077 = CARTESIAN_POINT ( 'NONE',  ( -0.1939400560608335045, 2.150000000000000355, -0.2297680410870831247 ) ) ;
#9078 = FILL_AREA_STYLE_COLOUR ( '', #8941 ) ;
#9079 = STYLED_ITEM ( 'NONE', ( #3997 ), #6290 ) ;
#9080 = CARTESIAN_POINT ( 'NONE',  ( -0.8432466681890889992, 2.151000000000000245, -0.08859542915516649408 ) ) ;
#9081 = FILL_AREA_STYLE ('',( #5392 ) ) ;
#9082 = VECTOR ( 'NONE', #9087, 1000.000000000000000 ) ;
#9083 = CARTESIAN_POINT ( 'NONE',  ( -0.1371080723958849890, 2.150000000000000355, 0.08433788454482409047 ) ) ;
#9084 = VERTEX_POINT ( 'NONE', #4677 ) ;
#9085 = VERTEX_POINT ( 'NONE', #7317 ) ;
#9086 = CARTESIAN_POINT ( 'NONE',  ( -0.6338833779905368448, 2.150000000000000355, -0.2502526700472043619 ) ) ;
#9087 = DIRECTION ( 'NONE',  ( 0.4987484692609965853, 0.000000000000000000, 0.8667467706370833858 ) ) ;
#9088 = EDGE_CURVE ( 'NONE', #10566, #4532, #12030, .T. ) ;
#9089 = FILL_AREA_STYLE ('',( #2421 ) ) ;
#9090 = CARTESIAN_POINT ( 'NONE',  ( -0.06465014829889578762, 2.150000000000000355, -0.2287470925135225430 ) ) ;
#9091 = LINE ( 'NONE', #645, #8942 ) ;
#9092 = PRESENTATION_STYLE_ASSIGNMENT (( #1500 ) ) ;
#9093 = UNCERTAINTY_MEASURE_WITH_UNIT (LENGTH_MEASURE( 1.000000000000000082E-05 ), #6083, 'distance_accuracy_value', 'NONE');
#9094 = PRESENTATION_STYLE_ASSIGNMENT (( #826 ) ) ;
#9095 = DIRECTION ( 'NONE',  ( 1.188166764367676342E-16, -1.000000000000000000, -0.000000000000000000 ) ) ;
#9096 = VECTOR ( 'NONE', #8649, 1000.000000000000114 ) ;
#9097 = FACE_OUTER_BOUND ( 'NONE', #10294, .T. ) ;
#9098 = CARTESIAN_POINT ( 'NONE',  ( 0.4400070412800634045, 2.151000000000000689, 0.1485307119745221671 ) ) ;
#9099 = VECTOR ( 'NONE', #10824, 1000.000000000000000 ) ;
#9100 = EDGE_CURVE ( 'NONE', #10853, #5695, #395, .T. ) ;
#9101 = APPLICATION_PROTOCOL_DEFINITION ( 'draft international standard', 'automotive_design', 1998, #4089 ) ;
#9102 = SURFACE_SIDE_STYLE ('',( #7181 ) ) ;
#9103 = CARTESIAN_POINT ( 'NONE',  ( -0.02048558498347355025, 2.151000000000000689, 0.2221045744286437029 ) ) ;
#9104 = STYLED_ITEM ( 'NONE', ( #10497 ), #10884 ) ;
#9105 = ORIENTED_EDGE ( 'NONE', *, *, #7196, .F. ) ;
#9106 = MECHANICAL_DESIGN_GEOMETRIC_PRESENTATION_REPRESENTATION (  '', ( #8104 ), #7912 ) ;
#9107 = CARTESIAN_POINT ( 'NONE',  ( -0.2502002383095762172, 2.151000000000000689, -0.2213288938112868420 ) ) ;
#9108 = CARTESIAN_POINT ( 'NONE',  ( 0.01452646803043681871, 2.151000000000000689, 0.1748347605559805173 ) ) ;
#9109 = FILL_AREA_STYLE ('',( #6107 ) ) ;
#9110 =( LENGTH_UNIT ( ) NAMED_UNIT ( * ) SI_UNIT ( .MILLI., .METRE. ) );
#9111 = CARTESIAN_POINT ( 'NONE',  ( -0.1869395808380833190, 2.150000000000000355, -0.1245962220763700279 ) ) ;
#9112 = SURFACE_STYLE_USAGE ( .BOTH. , #3493 ) ;
#9113 = ORIENTED_EDGE ( 'NONE', *, *, #9408, .F. ) ;
#9114 = FILL_AREA_STYLE ('',( #1704 ) ) ;
#9115 = EDGE_CURVE ( 'NONE', #6515, #9853, #5434, .T. ) ;
#9116 = MECHANICAL_DESIGN_GEOMETRIC_PRESENTATION_REPRESENTATION (  '', ( #9714 ), #7147 ) ;
#9117 = COLOUR_RGB ( '',1.000000000000000000, 1.000000000000000000, 1.000000000000000000 ) ;
#9118 = DIRECTION ( 'NONE',  ( -0.007092178509948729274, 0.000000000000000000, 0.9999748501857349536 ) ) ;
#9119 = DIRECTION ( 'NONE',  ( 1.188166764367676342E-16, -1.000000000000000000, -0.000000000000000000 ) ) ;
#9120 = CARTESIAN_POINT ( 'NONE',  ( 0.2985603074577533045, 2.151000000000000689, -0.09251233637093572715 ) ) ;
#9121 = ORIENTED_EDGE ( 'NONE', *, *, #6463, .T. ) ;
#9122 = LINE ( 'NONE', #11864, #6579 ) ;
#9123 = VERTEX_POINT ( 'NONE', #9177 ) ;
#9124 = PRESENTATION_LAYER_ASSIGNMENT (  '', '', ( #2215 ) ) ;
#9125 = PLANE ( 'NONE',  #351 ) ;
#9126 = CARTESIAN_POINT ( 'NONE',  ( -0.02681460799178941867, 2.151000000000000689, -0.2049796294520373485 ) ) ;
#9127 = SURFACE_SIDE_STYLE ('',( #8351 ) ) ;
#9128 = CARTESIAN_POINT ( 'NONE',  ( 0.02353822956010099415, 2.151000000000000689, 0.07705499450965633268 ) ) ;
#9129 = CARTESIAN_POINT ( 'NONE',  ( -0.2419391697635986105, 2.151000000000000689, -0.1839420553702129646 ) ) ;
#9130 = ORIENTED_EDGE ( 'NONE', *, *, #12163, .T. ) ;
#9131 = FILL_AREA_STYLE_COLOUR ( '', #2559 ) ;
#9132 =( GEOMETRIC_REPRESENTATION_CONTEXT ( 3 ) GLOBAL_UNCERTAINTY_ASSIGNED_CONTEXT ( ( #4471 ) ) GLOBAL_UNIT_ASSIGNED_CONTEXT ( ( #184, #2087, #5754 ) ) REPRESENTATION_CONTEXT ( 'NONE', 'WORKASPACE' ) );
#9133 = CARTESIAN_POINT ( 'NONE',  ( -3.649999999999997691, -2.149999999999999911, -1.750000000000000000 ) ) ;
#9134 = PLANE ( 'NONE',  #198 ) ;
#9135 = SURFACE_STYLE_USAGE ( .BOTH. , #4395 ) ;
#9136 = PRESENTATION_LAYER_ASSIGNMENT (  '', '', ( #2426 ) ) ;
#9137 = STYLED_ITEM ( 'NONE', ( #978 ), #11765 ) ;
#9138 = SURFACE_STYLE_FILL_AREA ( #5391 ) ;
#9139 =( LENGTH_UNIT ( ) NAMED_UNIT ( * ) SI_UNIT ( .MILLI., .METRE. ) );
#9140 = DIRECTION ( 'NONE',  ( 0.000000000000000000, -0.000000000000000000, 1.000000000000000000 ) ) ;
#9141 = ORIENTED_EDGE ( 'NONE', *, *, #1608, .F. ) ;
#9142 = EDGE_LOOP ( 'NONE', ( #6802, #9182, #11489, #5429 ) ) ;
#9143 = CARTESIAN_POINT ( 'NONE',  ( 0.1043688906615769102, 2.151000000000000689, 0.1008154590923211608 ) ) ;
#9144 = CARTESIAN_POINT ( 'NONE',  ( -0.5779458089475173477, 2.151000000000000689, -0.2498559408444721019 ) ) ;
#9145 = CARTESIAN_POINT ( 'NONE',  ( -0.2070447495069421551, 2.151000000000000689, -0.1193319379601541635 ) ) ;
#9146 = PLANE ( 'NONE',  #9205 ) ;
#9147 = PLANE ( 'NONE',  #1612 ) ;
#9148 = UNCERTAINTY_MEASURE_WITH_UNIT (LENGTH_MEASURE( 1.000000000000000082E-05 ), #11228, 'distance_accuracy_value', 'NONE');
#9149 = EDGE_CURVE ( 'NONE', #4680, #6936, #6431, .T. ) ;
#9150 = EDGE_CURVE ( 'NONE', #1438, #9492, #10056, .T. ) ;
#9151 =( NAMED_UNIT ( * ) PLANE_ANGLE_UNIT ( ) SI_UNIT ( $, .RADIAN. ) );
#9152 = AXIS2_PLACEMENT_3D ( 'NONE', #951, #9473, #8335 ) ;
#9153 = EDGE_CURVE ( 'NONE', #7796, #9718, #5835, .T. ) ;
#9154 = PRESENTATION_STYLE_ASSIGNMENT (( #1738 ) ) ;
#9155 = LINE ( 'NONE', #5346, #4302 ) ;
#9156 = CARTESIAN_POINT ( 'NONE',  ( -0.02676520119517383778, 2.151000000000000689, -0.2119458322872397882 ) ) ;
#9157 = CARTESIAN_POINT ( 'NONE',  ( -0.1939400560608335045, 2.151000000000000689, -0.2297680410870831247 ) ) ;
#9158 = COLOUR_RGB ( '',0.7725490196078431682, 0.6823529411764706065, 0.3686274509803921795 ) ;
#9159 = PLANE ( 'NONE',  #7515 ) ;
#9160 = SURFACE_STYLE_FILL_AREA ( #2430 ) ;
#9161 = SURFACE_STYLE_USAGE ( .BOTH. , #9102 ) ;
#9162 = CARTESIAN_POINT ( 'NONE',  ( -0.4565656089491588188, 2.151000000000000689, -0.2258078844605693469 ) ) ;
#9163 = CARTESIAN_POINT ( 'NONE',  ( -0.04599029886069992690, 2.150000000000000355, -0.1181896823188296336 ) ) ;
#9164 = UNCERTAINTY_MEASURE_WITH_UNIT (LENGTH_MEASURE( 1.000000000000000082E-05 ), #4123, 'distance_accuracy_value', 'NONE');
#9165 = EDGE_CURVE ( 'NONE', #8047, #3933, #673, .T. ) ;
#9166 = FILL_AREA_STYLE_COLOUR ( '', #8631 ) ;
#9167 = CARTESIAN_POINT ( 'NONE',  ( -0.2502946274135723903, 2.151000000000000689, -0.2080203271987442759 ) ) ;
#9168 = DIRECTION ( 'NONE',  ( 1.188166764367676342E-16, -1.000000000000000000, -0.000000000000000000 ) ) ;
#9169 = CARTESIAN_POINT ( 'NONE',  ( -0.2336961527973537012, 2.151000000000000689, -0.2393040837074693061 ) ) ;
#9170 = CARTESIAN_POINT ( 'NONE',  ( -0.3330001252222240526, 2.151000000000000689, -0.2239957082927976073 ) ) ;
#9171 = CARTESIAN_POINT ( 'NONE',  ( -0.3067664245245284582, 2.150000000000000355, -0.3163504314607177847 ) ) ;
#9172 = ORIENTED_EDGE ( 'NONE', *, *, #3006, .F. ) ;
#9173 = CARTESIAN_POINT ( 'NONE',  ( 0.9837870730253228668, 2.151000000000000689, 0.1379272413878900039 ) ) ;
#9174 = LINE ( 'NONE', #726, #5802 ) ;
#9175 = B_SPLINE_SURFACE_WITH_KNOTS ( 'NONE', 3, 1, ( 
 ( #6332, #4218 ),
 ( #9008, #7956 ),
 ( #568, #11697 ),
 ( #10809, #11820 ) ),
 .UNSPECIFIED., .F., .F., .F.,
 ( 4, 4 ),
 ( 2, 2 ),
 ( 15.00000000000000000, 16.00000000000000000 ),
 ( 0.000000000000000000, 1.000000000000000000 ),
 .UNSPECIFIED. ) ;
#9176 = PLANE ( 'NONE',  #8535 ) ;
#9177 = CARTESIAN_POINT ( 'NONE',  ( -0.5908525703183221678, 2.149999999999999911, 0.2358396357562537182 ) ) ;
#9178 = CARTESIAN_POINT ( 'NONE',  ( -0.1910984986219687320, 2.151000000000000689, -0.1832695399667357283 ) ) ;
#9179 = VERTEX_POINT ( 'NONE', #9363 ) ;
#9180 = VECTOR ( 'NONE', #7569, 1000.000000000000000 ) ;
#9181 = DIRECTION ( 'NONE',  ( 1.188166764367676342E-16, -1.000000000000000000, -0.000000000000000000 ) ) ;
#9182 = ORIENTED_EDGE ( 'NONE', *, *, #4536, .T. ) ;
#9183 = EDGE_CURVE ( 'NONE', #9838, #512, #8407, .T. ) ;
#9184 =( GEOMETRIC_REPRESENTATION_CONTEXT ( 3 ) GLOBAL_UNCERTAINTY_ASSIGNED_CONTEXT ( ( #3774 ) ) GLOBAL_UNIT_ASSIGNED_CONTEXT ( ( #10831, #9785, #8835 ) ) REPRESENTATION_CONTEXT ( 'NONE', 'WORKASPACE' ) );
#9185 =( LENGTH_UNIT ( ) NAMED_UNIT ( * ) SI_UNIT ( .MILLI., .METRE. ) );
#9186 = DIRECTION ( 'NONE',  ( 1.188166764367676342E-16, -1.000000000000000000, -0.000000000000000000 ) ) ;
#9187 = PRESENTATION_STYLE_ASSIGNMENT (( #5443 ) ) ;
#9188 = FACE_OUTER_BOUND ( 'NONE', #7609, .T. ) ;
#9189 =( NAMED_UNIT ( * ) PLANE_ANGLE_UNIT ( ) SI_UNIT ( $, .RADIAN. ) );
#9190 = AXIS2_PLACEMENT_3D ( 'NONE', #6179, #2452, #3443 ) ;
#9191 = ORIENTED_EDGE ( 'NONE', *, *, #3633, .F. ) ;
#9192 = CARTESIAN_POINT ( 'NONE',  ( -0.01566146792690180020, 2.151000000000000689, -0.1355469301539373450 ) ) ;
#9193 = VECTOR ( 'NONE', #679, 1000.000000000000000 ) ;
#9194 = CARTESIAN_POINT ( 'NONE',  ( 0.7633770815068158244, 2.150000000000000355, -0.1832072198815156150 ) ) ;
#9195 = AXIS2_PLACEMENT_3D ( 'NONE', #11526, #7114, #8829 ) ;
#9196 = CARTESIAN_POINT ( 'NONE',  ( -0.1519518509115981297, 2.151000000000000689, -0.2417396977382124668 ) ) ;
#9197 = DIRECTION ( 'NONE',  ( -0.007092178509965026134, -0.000000000000000000, 0.9999748501857348426 ) ) ;
#9198 = CARTESIAN_POINT ( 'NONE',  ( -0.1173966229314901133, 2.150000000000000355, -0.2465895616557980119 ) ) ;
#9199 = CARTESIAN_POINT ( 'NONE',  ( -0.07393178278671591608, 2.151000000000000689, -0.2248617417246644434 ) ) ;
#9200 = ORIENTED_EDGE ( 'NONE', *, *, #8306, .F. ) ;
#9201 = CARTESIAN_POINT ( 'NONE',  ( -0.6660630761661242571, 2.149999999999999911, -0.2504808999510020340 ) ) ;
#9202 = VERTEX_POINT ( 'NONE', #5369 ) ;
#9203 = CARTESIAN_POINT ( 'NONE',  ( -0.2044756424970511910, 2.150000000000000355, -0.1883553789651377097 ) ) ;
#9204 = CARTESIAN_POINT ( 'NONE',  ( -0.4570508279368845073, 2.150000000000000355, -0.1573935342187322839 ) ) ;
#9205 = AXIS2_PLACEMENT_3D ( 'NONE', #6214, #9270, #2478 ) ;
#9206 = ORIENTED_EDGE ( 'NONE', *, *, #7548, .T. ) ;
#9207 = COLOUR_RGB ( '',1.000000000000000000, 1.000000000000000000, 1.000000000000000000 ) ;
#9208 = SURFACE_SIDE_STYLE ('',( #6523 ) ) ;
#9209 = COLOUR_RGB ( '',1.000000000000000000, 1.000000000000000000, 1.000000000000000000 ) ;
#9210 =( NAMED_UNIT ( * ) SI_UNIT ( $, .STERADIAN. ) SOLID_ANGLE_UNIT ( ) );
#9211 = UNCERTAINTY_MEASURE_WITH_UNIT (LENGTH_MEASURE( 1.000000000000000082E-05 ), #7838, 'distance_accuracy_value', 'NONE');
#9212 = ORIENTED_EDGE ( 'NONE', *, *, #6690, .F. ) ;
#9213 = CARTESIAN_POINT ( 'NONE',  ( -0.2330649581546029303, 2.150000000000000355, -0.1230517483928977862 ) ) ;
#9214 = ORIENTED_EDGE ( 'NONE', *, *, #6477, .F. ) ;
#9215 = FACE_OUTER_BOUND ( 'NONE', #605, .T. ) ;
#9216 = EDGE_CURVE ( 'NONE', #383, #6871, #12154, .T. ) ;
#9217 =( GEOMETRIC_REPRESENTATION_CONTEXT ( 3 ) GLOBAL_UNCERTAINTY_ASSIGNED_CONTEXT ( ( #2971 ) ) GLOBAL_UNIT_ASSIGNED_CONTEXT ( ( #12142, #3922, #8642 ) ) REPRESENTATION_CONTEXT ( 'NONE', 'WORKASPACE' ) );
#9218 = ADVANCED_FACE ( 'NONE', ( #4440 ), #11915, .F. ) ;
#9219 = EDGE_CURVE ( 'NONE', #2550, #8410, #10576, .T. ) ;
#9220 = FILL_AREA_STYLE_COLOUR ( '', #10725 ) ;
#9221 = COLOUR_RGB ( '',1.000000000000000000, 1.000000000000000000, 1.000000000000000000 ) ;
#9222 =( LENGTH_UNIT ( ) NAMED_UNIT ( * ) SI_UNIT ( .MILLI., .METRE. ) );
#9223 = FACE_OUTER_BOUND ( 'NONE', #6499, .T. ) ;
#9224 =( LENGTH_UNIT ( ) NAMED_UNIT ( * ) SI_UNIT ( .MILLI., .METRE. ) );
#9225 = MECHANICAL_DESIGN_GEOMETRIC_PRESENTATION_REPRESENTATION (  '', ( #3302 ), #4514 ) ;
#9226 = ORIENTED_EDGE ( 'NONE', *, *, #3120, .F. ) ;
#9227 = CARTESIAN_POINT ( 'NONE',  ( -0.4400932833313356829, 2.151000000000000689, 0.08322878936597134791 ) ) ;
#9228 = STYLED_ITEM ( 'NONE', ( #9613 ), #6999 ) ;
#9229 = DIRECTION ( 'NONE',  ( 1.188166764367676342E-16, -1.000000000000000000, -0.000000000000000000 ) ) ;
#9230 = AXIS2_PLACEMENT_3D ( 'NONE', #10113, #2669, #1761 ) ;
#9231 = PRESENTATION_STYLE_ASSIGNMENT (( #9356 ) ) ;
#9232 = CARTESIAN_POINT ( 'NONE',  ( -0.03263414926306169167, 2.150000000000000355, -0.2494196833627278509 ) ) ;
#9233 = CARTESIAN_POINT ( 'NONE',  ( -0.7166526795886228873, 2.149999999999999911, -0.1472772064305161166 ) ) ;
#9234 = ORIENTED_EDGE ( 'NONE', *, *, #8830, .F. ) ;
#9235 = DIRECTION ( 'NONE',  ( 1.188166764367676342E-16, -1.000000000000000000, -0.000000000000000000 ) ) ;
#9236 = MECHANICAL_DESIGN_GEOMETRIC_PRESENTATION_REPRESENTATION (  '', ( #11359 ), #11192 ) ;
#9237 = CARTESIAN_POINT ( 'NONE',  ( -0.4073350982703292655, 2.151000000000000689, 0.09718627178516882348 ) ) ;
#9238 = EDGE_CURVE ( 'NONE', #6374, #12104, #10699, .T. ) ;
#9239 = CARTESIAN_POINT ( 'NONE',  ( 0.5578367524028450264, 2.151000000000000689, -0.1542985130197318533 ) ) ;
#9240 = LINE ( 'NONE', #2673, #10957 ) ;
#9241 = LINE ( 'NONE', #2739, #8650 ) ;
#9242 = PRESENTATION_LAYER_ASSIGNMENT (  '', '', ( #6103 ) ) ;
#9243 = EDGE_LOOP ( 'NONE', ( #3115, #7699, #11065, #2294 ) ) ;
#9244 = SURFACE_SIDE_STYLE ('',( #2676 ) ) ;
#9245 = EDGE_LOOP ( 'NONE', ( #302, #932, #734, #157 ) ) ;
#9246 = SURFACE_STYLE_USAGE ( .BOTH. , #8232 ) ;
#9247 = CARTESIAN_POINT ( 'NONE',  ( -0.02676520119517383778, 2.150000000000000355, -0.2119458322872397882 ) ) ;
#9248 =( NAMED_UNIT ( * ) SI_UNIT ( $, .STERADIAN. ) SOLID_ANGLE_UNIT ( ) );
#9249 =( GEOMETRIC_REPRESENTATION_CONTEXT ( 3 ) GLOBAL_UNCERTAINTY_ASSIGNED_CONTEXT ( ( #3011 ) ) GLOBAL_UNIT_ASSIGNED_CONTEXT ( ( #269, #4833, #3353 ) ) REPRESENTATION_CONTEXT ( 'NONE', 'WORKASPACE' ) );
#9250 = CARTESIAN_POINT ( 'NONE',  ( -0.09244012247709731955, 2.151000000000000689, -0.1735236981727673877 ) ) ;
#9251 = CARTESIAN_POINT ( 'NONE',  ( -0.8466748356804314479, 2.151000000000000245, -0.07437470122975299580 ) ) ;
#9253 = ORIENTED_EDGE ( 'NONE', *, *, #12111, .F. ) ;
#9252 = PRESENTATION_LAYER_ASSIGNMENT (  '', '', ( #2336 ) ) ;
#9254 =( NAMED_UNIT ( * ) SI_UNIT ( $, .STERADIAN. ) SOLID_ANGLE_UNIT ( ) );
#9255 =( NAMED_UNIT ( * ) PLANE_ANGLE_UNIT ( ) SI_UNIT ( $, .RADIAN. ) );
#9256 = ORIENTED_EDGE ( 'NONE', *, *, #6398, .T. ) ;
#9257 = CARTESIAN_POINT ( 'NONE',  ( -0.1803391311385203755, 2.150000000000000355, -0.1022980303033084598 ) ) ;
#9258 = CARTESIAN_POINT ( 'NONE',  ( 0.3526758101960192904, 2.151000000000000689, -0.1788899421805487944 ) ) ;
#9259 =( GEOMETRIC_REPRESENTATION_CONTEXT ( 3 ) GLOBAL_UNCERTAINTY_ASSIGNED_CONTEXT ( ( #1795 ) ) GLOBAL_UNIT_ASSIGNED_CONTEXT ( ( #2263, #7437, #8470 ) ) REPRESENTATION_CONTEXT ( 'NONE', 'WORKASPACE' ) );
#9260 = COLOUR_RGB ( '',1.000000000000000000, 1.000000000000000000, 1.000000000000000000 ) ;
#9261 = VECTOR ( 'NONE', #10872, 1000.000000000000000 ) ;
#9262 = FACE_OUTER_BOUND ( 'NONE', #10932, .T. ) ;
#9263 = SURFACE_STYLE_FILL_AREA ( #11055 ) ;
#9264 = CARTESIAN_POINT ( 'NONE',  ( -0.8445179435863524597, 2.149999999999999911, -0.08527713648157950188 ) ) ;
#9265 =( LENGTH_UNIT ( ) NAMED_UNIT ( * ) SI_UNIT ( .MILLI., .METRE. ) );
#9266 = VERTEX_POINT ( 'NONE', #1875 ) ;
#9267 = ORIENTED_EDGE ( 'NONE', *, *, #7541, .T. ) ;
#9268 = VECTOR ( 'NONE', #6099, 1000.000000000000000 ) ;
#9269 = EDGE_CURVE ( 'NONE', #11162, #7434, #11415, .T. ) ;
#9270 = DIRECTION ( 'NONE',  ( 0.000000000000000000, -1.000000000000000000, 0.000000000000000000 ) ) ;
#9271 = SURFACE_STYLE_FILL_AREA ( #8201 ) ;
#9272 = ORIENTED_EDGE ( 'NONE', *, *, #4781, .T. ) ;
#9273 = UNCERTAINTY_MEASURE_WITH_UNIT (LENGTH_MEASURE( 1.000000000000000082E-05 ), #11071, 'distance_accuracy_value', 'NONE');
#9274 = MECHANICAL_DESIGN_GEOMETRIC_PRESENTATION_REPRESENTATION (  '', ( #1586 ), #10079 ) ;
#9275 = STYLED_ITEM ( 'NONE', ( #6587 ), #3238 ) ;
#9276 = CARTESIAN_POINT ( 'NONE',  ( -0.3773200013957546117, 2.151000000000000689, -0.1031751969012276865 ) ) ;
#9277 = CARTESIAN_POINT ( 'NONE',  ( -3.649999999999998579, 2.149999999999999911, 1.750000000000000000 ) ) ;
#9278 = CARTESIAN_POINT ( 'NONE',  ( 3.650000000000000355, -2.149999999999999911, 1.750000000000000000 ) ) ;
#9279 = B_SPLINE_CURVE_WITH_KNOTS ( 'NONE', 3,
 ( #5619, #11096, #6671, #11151 ),
 .UNSPECIFIED., .F., .F.,
 ( 4, 4 ),
 ( 3.000000000000000000, 4.000000000000000000 ),
 .UNSPECIFIED. ) ;
#9280 = ORIENTED_EDGE ( 'NONE', *, *, #11172, .T. ) ;
#9281 = DIRECTION ( 'NONE',  ( -0.007092178509962332976, -0.000000000000000000, 0.9999748501857348426 ) ) ;
#9282 = B_SPLINE_SURFACE_WITH_KNOTS ( 'NONE', 3, 1, ( 
 ( #8635, #503 ),
 ( #4276, #8006 ),
 ( #7216, #9957 ),
 ( #8067, #10923 ) ),
 .UNSPECIFIED., .F., .F., .F.,
 ( 4, 4 ),
 ( 2, 2 ),
 ( 3.000000000000000000, 4.000000000000000000 ),
 ( 0.000000000000000000, 1.000000000000000000 ),
 .UNSPECIFIED. ) ;
#9283 = DIRECTION ( 'NONE',  ( 0.9999748501857348426, 0.000000000000000000, 0.007092178509963311360 ) ) ;
#9284 = CARTESIAN_POINT ( 'NONE',  ( -0.3202505028397995557, 2.150000000000000355, -0.2477163385472326007 ) ) ;
#9285 = VECTOR ( 'NONE', #754, 1000.000000000000000 ) ;
#9286 = LINE ( 'NONE', #8210, #2094 ) ;
#9287 = SURFACE_STYLE_FILL_AREA ( #5419 ) ;
#9288 = UNCERTAINTY_MEASURE_WITH_UNIT (LENGTH_MEASURE( 1.000000000000000082E-05 ), #6133, 'distance_accuracy_value', 'NONE');
#9289 = EDGE_CURVE ( 'NONE', #6857, #1514, #2726, .T. ) ;
#9290 = CARTESIAN_POINT ( 'NONE',  ( 3.669999999999997708, 1.599999999999999867, -0.4000000000000000222 ) ) ;
#9291 =( NAMED_UNIT ( * ) PLANE_ANGLE_UNIT ( ) SI_UNIT ( $, .RADIAN. ) );
#9292 = CARTESIAN_POINT ( 'NONE',  ( -0.4606589594673863308, 2.150000000000000355, 0.1021109786709008538 ) ) ;
#9293 = PRESENTATION_LAYER_ASSIGNMENT (  '', '', ( #8487 ) ) ;
#9294 = CARTESIAN_POINT ( 'NONE',  ( -0.4565656089491587633, 2.150000000000000355, -0.2258078844605698465 ) ) ;
#9295 = CARTESIAN_POINT ( 'NONE',  ( -0.3067664245245284582, 2.150000000000000355, -0.3163504314607177847 ) ) ;
#9296 = PRESENTATION_STYLE_ASSIGNMENT (( #7311 ) ) ;
#9297 = ORIENTED_EDGE ( 'NONE', *, *, #1443, .F. ) ;
#9298 = CARTESIAN_POINT ( 'NONE',  ( -0.2070447495069421551, 2.151000000000000689, -0.1193319379601541635 ) ) ;
#9299 = CARTESIAN_POINT ( 'NONE',  ( -0.7166526795886228873, 2.151000000000000245, -0.1472772064305161166 ) ) ;
#9300 =( NAMED_UNIT ( * ) PLANE_ANGLE_UNIT ( ) SI_UNIT ( $, .RADIAN. ) );
#9301 = CARTESIAN_POINT ( 'NONE',  ( 0.7633360605537860000, 2.151000000000000689, -0.1774233946009065033 ) ) ;
#9302 = MECHANICAL_DESIGN_GEOMETRIC_PRESENTATION_REPRESENTATION (  '', ( #6166 ), #1601 ) ;
#9303 =( NAMED_UNIT ( * ) PLANE_ANGLE_UNIT ( ) SI_UNIT ( $, .RADIAN. ) );
#9304 = AXIS2_PLACEMENT_3D ( 'NONE', #2095, #5878, #4768 ) ;
#9305 = ORIENTED_EDGE ( 'NONE', *, *, #10900, .F. ) ;
#9306 = SURFACE_STYLE_USAGE ( .BOTH. , #9244 ) ;
#9307 = VERTEX_POINT ( 'NONE', #1084 ) ;
#9308 = ADVANCED_FACE ( 'NONE', ( #10517 ), #1104, .T. ) ;
#9309 = ADVANCED_FACE ( 'NONE', ( #8966 ), #9589, .F. ) ;
#9310 = SURFACE_STYLE_FILL_AREA ( #5502 ) ;
#9311 = SURFACE_STYLE_FILL_AREA ( #10174 ) ;
#9312 = EDGE_CURVE ( 'NONE', #7455, #8763, #2241, .T. ) ;
#9313 = CARTESIAN_POINT ( 'NONE',  ( -0.2871336222989742670, 2.150000000000000355, 0.07485159886325951084 ) ) ;
#9314 = FILL_AREA_STYLE_COLOUR ( '', #956 ) ;
#9315 = VECTOR ( 'NONE', #11232, 1000.000000000000114 ) ;
#9316 = ORIENTED_EDGE ( 'NONE', *, *, #920, .F. ) ;
#9317 = MECHANICAL_DESIGN_GEOMETRIC_PRESENTATION_REPRESENTATION (  '', ( #2409 ), #2016 ) ;
#9318 = CARTESIAN_POINT ( 'NONE',  ( -0.4576776305806097289, 2.151000000000000689, -0.06901633405737885030 ) ) ;
#9319 = EDGE_LOOP ( 'NONE', ( #8368, #3554, #2932, #5639 ) ) ;
#9320 = CARTESIAN_POINT ( 'NONE',  ( -0.2837832810866011690, 2.151000000000000689, 0.2548619826234488350 ) ) ;
#9321 = DIRECTION ( 'NONE',  ( -0.007092178509963165643, 0.000000000000000000, 0.9999748501857348426 ) ) ;
#9322 = VECTOR ( 'NONE', #10905, 1000.000000000000114 ) ;
#9323 = CARTESIAN_POINT ( 'NONE',  ( -0.01566146792690180020, 2.151000000000000689, -0.1355469301539373450 ) ) ;
#9324 = EDGE_CURVE ( 'NONE', #2645, #9400, #8843, .T. ) ;
#9325 =( LENGTH_UNIT ( ) NAMED_UNIT ( * ) SI_UNIT ( .MILLI., .METRE. ) );
#9326 = DIRECTION ( 'NONE',  ( 1.188166764367676342E-16, -1.000000000000000000, -0.000000000000000000 ) ) ;
#9327 = LINE ( 'NONE', #10304, #10623 ) ;
#9328 = CARTESIAN_POINT ( 'NONE',  ( -0.7838126987322984185, 2.151000000000000245, -0.2513160222968941482 ) ) ;
#9329 = ORIENTED_EDGE ( 'NONE', *, *, #9312, .T. ) ;
#9330 = MECHANICAL_DESIGN_GEOMETRIC_PRESENTATION_REPRESENTATION (  '', ( #2215 ), #5193 ) ;
#9331 = PLANE ( 'NONE',  #10866 ) ;
#9332 = VECTOR ( 'NONE', #7905, 1000.000000000000114 ) ;
#9333 =( NAMED_UNIT ( * ) SI_UNIT ( $, .STERADIAN. ) SOLID_ANGLE_UNIT ( ) );
#9334 = VECTOR ( 'NONE', #7934, 1000.000000000000000 ) ;
#9335 = CARTESIAN_POINT ( 'NONE',  ( -0.2070447495069421551, 2.150000000000000355, -0.1193319379601541635 ) ) ;
#9336 = ADVANCED_FACE ( 'NONE', ( #279 ), #11991, .F. ) ;
#9337 = DIRECTION ( 'NONE',  ( -0.9999748501857348426, 0.000000000000000000, -0.007092178509963196001 ) ) ;
#9338 = FILL_AREA_STYLE_COLOUR ( '', #6101 ) ;
#9339 = ORIENTED_EDGE ( 'NONE', *, *, #934, .F. ) ;
#9340 = CARTESIAN_POINT ( 'NONE',  ( -0.06774914243383861612, 2.151000000000000689, 0.2595135260326419946 ) ) ;
#9341 = PLANE ( 'NONE',  #3066 ) ;
#9342 = ORIENTED_EDGE ( 'NONE', *, *, #11387, .F. ) ;
#9343 = FACE_OUTER_BOUND ( 'NONE', #4246, .T. ) ;
#9344 = LINE ( 'NONE', #12077, #355 ) ;
#9345 = CARTESIAN_POINT ( 'NONE',  ( 0.9090899521946753659, 2.150000000000000355, -0.1359010631206535868 ) ) ;
#9346 = LINE ( 'NONE', #10106, #5570 ) ;
#9347 = AXIS2_PLACEMENT_3D ( 'NONE', #6702, #1865, #11282 ) ;
#9348 = B_SPLINE_CURVE_WITH_KNOTS ( 'NONE', 3,
 ( #7004, #9031, #10767, #9854 ),
 .UNSPECIFIED., .F., .F.,
 ( 4, 4 ),
 ( 2.000000000000000000, 3.000000000000000000 ),
 .UNSPECIFIED. ) ;
#9349 = B_SPLINE_CURVE_WITH_KNOTS ( 'NONE', 3,
 ( #6030, #7788, #220, #4242 ),
 .UNSPECIFIED., .F., .F.,
 ( 4, 4 ),
 ( 3.000000000000000000, 4.000000000000000000 ),
 .UNSPECIFIED. ) ;
#9350 = CARTESIAN_POINT ( 'NONE',  ( 3.650000000000000355, 2.150000000000000799, 1.750000000000000000 ) ) ;
#9351 = VECTOR ( 'NONE', #6202, 1000.000000000000000 ) ;
#9352 =( GEOMETRIC_REPRESENTATION_CONTEXT ( 3 ) GLOBAL_UNCERTAINTY_ASSIGNED_CONTEXT ( ( #1050 ) ) GLOBAL_UNIT_ASSIGNED_CONTEXT ( ( #103, #7559, #2682 ) ) REPRESENTATION_CONTEXT ( 'NONE', 'WORKASPACE' ) );
#9353 = SURFACE_STYLE_FILL_AREA ( #5777 ) ;
#9354 = CARTESIAN_POINT ( 'NONE',  ( 1.027340044370024907, 2.150000000000000355, -0.2941249252624476007 ) ) ;
#9355 = CARTESIAN_POINT ( 'NONE',  ( 1.220523129028157072, 2.150000000000000355, -0.007888209064190274816 ) ) ;
#9356 = SURFACE_STYLE_USAGE ( .BOTH. , #10270 ) ;
#9357 = CARTESIAN_POINT ( 'NONE',  ( -0.4421085987332931677, 2.150000000000000355, 0.1181512406698030926 ) ) ;
#9358 = CARTESIAN_POINT ( 'NONE',  ( -0.04924080970526975576, 2.150000000000000355, 0.2521583484536565889 ) ) ;
#9359 = SURFACE_STYLE_USAGE ( .BOTH. , #5430 ) ;
#9360 = LINE ( 'NONE', #11141, #7464 ) ;
#9361 = VECTOR ( 'NONE', #5959, 1000.000000000000000 ) ;
#9362 = CARTESIAN_POINT ( 'NONE',  ( 0.8295319186514757970, 2.150000000000000355, -0.3360164991093930742 ) ) ;
#9363 = CARTESIAN_POINT ( 'NONE',  ( -0.06594393457482153331, 2.151000000000000689, -0.09763949769721640137 ) ) ;
#9364 = MECHANICAL_DESIGN_GEOMETRIC_PRESENTATION_REPRESENTATION (  '', ( #5028 ), #2458 ) ;
#9365 = CARTESIAN_POINT ( 'NONE',  ( -0.7130530573381530512, 2.151000000000000245, -0.2223240862405151952 ) ) ;
#9366 = CARTESIAN_POINT ( 'NONE',  ( -0.8122349957241151719, 2.151000000000000245, -0.1729099279294075420 ) ) ;
#9367 = ORIENTED_EDGE ( 'NONE', *, *, #12111, .T. ) ;
#9368 = FACE_OUTER_BOUND ( 'NONE', #6932, .T. ) ;
#9369 = ORIENTED_EDGE ( 'NONE', *, *, #11066, .T. ) ;
#9370 = ORIENTED_EDGE ( 'NONE', *, *, #8388, .F. ) ;
#9371 = CARTESIAN_POINT ( 'NONE',  ( -0.6338833779905368448, 2.151000000000000245, -0.2502526700472043619 ) ) ;
#9372 = CARTESIAN_POINT ( 'NONE',  ( -3.669999999999997708, 1.599999999999999867, -4.898587196589411843E-17 ) ) ;
#9373 = PLANE ( 'NONE',  #11946 ) ;
#9374 = ORIENTED_EDGE ( 'NONE', *, *, #920, .T. ) ;
#9375 = CARTESIAN_POINT ( 'NONE',  ( -0.5361773789580540628, 2.151000000000000689, -0.06957308228797348670 ) ) ;
#9376 = CARTESIAN_POINT ( 'NONE',  ( -0.2092171180314622569, 2.151000000000000689, -0.1648898872949465522 ) ) ;
#9377 = ORIENTED_EDGE ( 'NONE', *, *, #6741, .T. ) ;
#9378 = CARTESIAN_POINT ( 'NONE',  ( -0.1937789552779724811, 2.150000000000000355, -0.09854614928598712242 ) ) ;
#9379 = CARTESIAN_POINT ( 'NONE',  ( -0.01322029427561530190, 2.150000000000000355, -0.2378443686416419900 ) ) ;
#9381 = ADVANCED_FACE ( 'NONE', ( #4182 ), #7007, .F. ) ;
#9380 =( GEOMETRIC_REPRESENTATION_CONTEXT ( 3 ) GLOBAL_UNCERTAINTY_ASSIGNED_CONTEXT ( ( #1632 ) ) GLOBAL_UNIT_ASSIGNED_CONTEXT ( ( #8608, #8489, #9506 ) ) REPRESENTATION_CONTEXT ( 'NONE', 'WORKASPACE' ) );
#9382 = ADVANCED_FACE ( 'NONE', ( #2720 ), #7366, .F. ) ;
#9383 = FACE_OUTER_BOUND ( 'NONE', #7416, .T. ) ;
#9384 = EDGE_CURVE ( 'NONE', #9970, #10284, #5418, .T. ) ;
#9385 =( GEOMETRIC_REPRESENTATION_CONTEXT ( 3 ) GLOBAL_UNCERTAINTY_ASSIGNED_CONTEXT ( ( #5636 ) ) GLOBAL_UNIT_ASSIGNED_CONTEXT ( ( #10698, #6824, #4964 ) ) REPRESENTATION_CONTEXT ( 'NONE', 'WORKASPACE' ) );
#9386 =( NAMED_UNIT ( * ) SI_UNIT ( $, .STERADIAN. ) SOLID_ANGLE_UNIT ( ) );
#9387 = FILL_AREA_STYLE_COLOUR ( '', #7855 ) ;
#9388 = MECHANICAL_DESIGN_GEOMETRIC_PRESENTATION_REPRESENTATION (  '', ( #6266 ), #8984 ) ;
#9389 = B_SPLINE_CURVE_WITH_KNOTS ( 'NONE', 3,
 ( #2091, #9069, #4331, #5062 ),
 .UNSPECIFIED., .F., .F.,
 ( 4, 4 ),
 ( 0.000000000000000000, 1.000000000000000000 ),
 .UNSPECIFIED. ) ;
#9390 = CARTESIAN_POINT ( 'NONE',  ( -1.669999999999997931, 1.800000000000000044, -1.770000000000000240 ) ) ;
#9391 = FILL_AREA_STYLE_COLOUR ( '', #1640 ) ;
#9392 = ORIENTED_EDGE ( 'NONE', *, *, #11066, .F. ) ;
#9393 = SURFACE_STYLE_USAGE ( .BOTH. , #6747 ) ;
#9394 = CARTESIAN_POINT ( 'NONE',  ( -0.3202505028397995557, 2.150000000000000355, -0.2477163385472322676 ) ) ;
#9395 = EDGE_CURVE ( 'NONE', #3751, #4673, #8100, .T. ) ;
#9396 =( GEOMETRIC_REPRESENTATION_CONTEXT ( 3 ) GLOBAL_UNCERTAINTY_ASSIGNED_CONTEXT ( ( #7293 ) ) GLOBAL_UNIT_ASSIGNED_CONTEXT ( ( #517, #8889, #1437 ) ) REPRESENTATION_CONTEXT ( 'NONE', 'WORKASPACE' ) );
#9397 = SURFACE_STYLE_FILL_AREA ( #11388 ) ;
#9398 = DIRECTION ( 'NONE',  ( 1.188166764367676342E-16, -1.000000000000000000, -0.000000000000000000 ) ) ;
#9399 =( NAMED_UNIT ( * ) PLANE_ANGLE_UNIT ( ) SI_UNIT ( $, .RADIAN. ) );
#9400 = VERTEX_POINT ( 'NONE', #711 ) ;
#9401 = CARTESIAN_POINT ( 'NONE',  ( 0.9837870730253228668, 2.151000000000000689, 0.1379272413878900039 ) ) ;
#9402 = FILL_AREA_STYLE ('',( #1861 ) ) ;
#9403 = VERTEX_POINT ( 'NONE', #831 ) ;
#9404 = PRESENTATION_LAYER_ASSIGNMENT (  '', '', ( #926 ) ) ;
#9405 = FACE_OUTER_BOUND ( 'NONE', #6022, .T. ) ;
#9406 = CARTESIAN_POINT ( 'NONE',  ( -0.01540638968073652915, 2.150000000000000355, 0.2536460551153438825 ) ) ;
#9407 = CARTESIAN_POINT ( 'NONE',  ( 1.129407673365080189, 2.151000000000000689, -0.005642319124506672140 ) ) ;
#9408 = EDGE_CURVE ( 'NONE', #4050, #4067, #9530, .T. ) ;
#9409 = PLANE ( 'NONE',  #9152 ) ;
#9410 = CARTESIAN_POINT ( 'NONE',  ( 0.7125636461717117509, 2.151000000000000689, 0.2531314573857857964 ) ) ;
#9411 = VECTOR ( 'NONE', #6276, 1000.000000000000114 ) ;
#9412 = UNCERTAINTY_MEASURE_WITH_UNIT (LENGTH_MEASURE( 1.000000000000000082E-05 ), #3551, 'distance_accuracy_value', 'NONE');
#9413 = CARTESIAN_POINT ( 'NONE',  ( -0.3269940945707964230, 2.150000000000000355, 0.2779506576133559115 ) ) ;
#9414 = PRESENTATION_STYLE_ASSIGNMENT (( #10389 ) ) ;
#9415 = DIRECTION ( 'NONE',  ( 0.007092178509948729274, -0.000000000000000000, -0.9999748501857349536 ) ) ;
#9416 = CARTESIAN_POINT ( 'NONE',  ( 0.9073055194178603067, 2.150000000000000355, 0.1156944538472038930 ) ) ;
#9417 = CARTESIAN_POINT ( 'NONE',  ( -0.4617083008344677331, 2.150000000000000355, 0.2500648090583760808 ) ) ;
#9418 = CARTESIAN_POINT ( 'NONE',  ( -0.1912972168460800315, 2.151000000000000689, -0.2505449784619278031 ) ) ;
#9419 = FILL_AREA_STYLE ('',( #3989 ) ) ;
#9420 = AXIS2_PLACEMENT_3D ( 'NONE', #5942, #70, #1797 ) ;
#9421 = CARTESIAN_POINT ( 'NONE',  ( -0.7095342110240795419, 2.151000000000000245, -0.1027239616573451808 ) ) ;
#9422 = SURFACE_STYLE_USAGE ( .BOTH. , #7492 ) ;
#9423 = SURFACE_STYLE_USAGE ( .BOTH. , #967 ) ;
#9424 = ORIENTED_EDGE ( 'NONE', *, *, #5790, .T. ) ;
#9425 = PLANE ( 'NONE',  #2438 ) ;
#9426 = ORIENTED_EDGE ( 'NONE', *, *, #1749, .T. ) ;
#9427 = COLOUR_RGB ( '',1.000000000000000000, 1.000000000000000000, 1.000000000000000000 ) ;
#9428 = STYLED_ITEM ( 'NONE', ( #11428 ), #10303 ) ;
#9429 = PRESENTATION_LAYER_ASSIGNMENT (  '', '', ( #2519 ) ) ;
#9430 = ORIENTED_EDGE ( 'NONE', *, *, #9647, .F. ) ;
#9431 = FILL_AREA_STYLE ('',( #6670 ) ) ;
#9432 = EDGE_CURVE ( 'NONE', #4798, #4369, #9286, .T. ) ;
#9433 = SURFACE_STYLE_FILL_AREA ( #10410 ) ;
#9434 = ORIENTED_EDGE ( 'NONE', *, *, #2233, .T. ) ;
#9435 = B_SPLINE_CURVE_WITH_KNOTS ( 'NONE', 3,
 ( #11742, #8929, #4205, #9817 ),
 .UNSPECIFIED., .F., .F.,
 ( 4, 4 ),
 ( 1.000000000000000000, 2.000000000000000000 ),
 .UNSPECIFIED. ) ;
#9436 = VECTOR ( 'NONE', #9064, 1000.000000000000000 ) ;
#9437 = CARTESIAN_POINT ( 'NONE',  ( -0.1384560667873216688, 2.151000000000000689, 0.2744008514786819841 ) ) ;
#9438 = ORIENTED_EDGE ( 'NONE', *, *, #12005, .T. ) ;
#9439 =( GEOMETRIC_REPRESENTATION_CONTEXT ( 3 ) GLOBAL_UNCERTAINTY_ASSIGNED_CONTEXT ( ( #5962 ) ) GLOBAL_UNIT_ASSIGNED_CONTEXT ( ( #321, #6987, #5886 ) ) REPRESENTATION_CONTEXT ( 'NONE', 'WORKASPACE' ) );
#9440 = COLOUR_RGB ( '',1.000000000000000000, 1.000000000000000000, 1.000000000000000000 ) ;
#9441 = CARTESIAN_POINT ( 'NONE',  ( -0.3366244311453513993, 2.151000000000000689, -0.2700838473171611742 ) ) ;
#9442 = ORIENTED_EDGE ( 'NONE', *, *, #12005, .F. ) ;
#9443 = CARTESIAN_POINT ( 'NONE',  ( -0.9377969733660995733, 2.151000000000000245, -0.2524081337267239933 ) ) ;
#9444 = COLOUR_RGB ( '',1.000000000000000000, 1.000000000000000000, 1.000000000000000000 ) ;
#9445 =( GEOMETRIC_REPRESENTATION_CONTEXT ( 3 ) GLOBAL_UNCERTAINTY_ASSIGNED_CONTEXT ( ( #4831 ) ) GLOBAL_UNIT_ASSIGNED_CONTEXT ( ( #1156, #289, #4639 ) ) REPRESENTATION_CONTEXT ( 'NONE', 'WORKASPACE' ) );
#9446 = CARTESIAN_POINT ( 'NONE',  ( -0.1912972168460800315, 2.150000000000000355, -0.2505449784619278031 ) ) ;
#9447 = EDGE_CURVE ( 'NONE', #2414, #11708, #12080, .T. ) ;
#9448 = CARTESIAN_POINT ( 'NONE',  ( -0.3814892801183843440, 2.151000000000000689, 0.07418239486422290030 ) ) ;
#9449 = EDGE_CURVE ( 'NONE', #2342, #480, #5112, .T. ) ;
#9450 = CARTESIAN_POINT ( 'NONE',  ( 0.4556048220893331724, 2.150000000000000355, 0.1920220431351201129 ) ) ;
#9451 = VERTEX_POINT ( 'NONE', #7182 ) ;
#9452 = VECTOR ( 'NONE', #7754, 1000.000000000000000 ) ;
#9453 = LINE ( 'NONE', #10307, #3589 ) ;
#9454 = CARTESIAN_POINT ( 'NONE',  ( -0.6361995749045132875, 2.151000000000000245, -0.07028247539768930907 ) ) ;
#9455 = VECTOR ( 'NONE', #7232, 1000.000000000000114 ) ;
#9456 = MECHANICAL_DESIGN_GEOMETRIC_PRESENTATION_REPRESENTATION (  '', ( #593 ), #1764 ) ;
#9457 = FACE_BOUND ( 'NONE', #2526, .T. ) ;
#9458 = VECTOR ( 'NONE', #6711, 1000.000000000000114 ) ;
#9459 =( LENGTH_UNIT ( ) NAMED_UNIT ( * ) SI_UNIT ( .MILLI., .METRE. ) );
#9460 = FILL_AREA_STYLE_COLOUR ( '', #7174 ) ;
#9461 =( GEOMETRIC_REPRESENTATION_CONTEXT ( 3 ) GLOBAL_UNCERTAINTY_ASSIGNED_CONTEXT ( ( #10610 ) ) GLOBAL_UNIT_ASSIGNED_CONTEXT ( ( #6308, #9303, #10057 ) ) REPRESENTATION_CONTEXT ( 'NONE', 'WORKASPACE' ) );
#9462 = DIRECTION ( 'NONE',  ( 0.007092178509963519527, 8.426690792501322725E-19, -0.9999748501857348426 ) ) ;
#9463 = VECTOR ( 'NONE', #7493, 1000.000000000000000 ) ;
#9464 = EDGE_CURVE ( 'NONE', #4575, #9838, #9595, .T. ) ;
#9465 = UNCERTAINTY_MEASURE_WITH_UNIT (LENGTH_MEASURE( 1.000000000000000082E-05 ), #11938, 'distance_accuracy_value', 'NONE');
#9466 = EDGE_LOOP ( 'NONE', ( #7080, #4870, #6738, #3283 ) ) ;
#9467 = FILL_AREA_STYLE_COLOUR ( '', #4882 ) ;
#9468 = EDGE_CURVE ( 'NONE', #12181, #5987, #11972, .T. ) ;
#9469 = DIRECTION ( 'NONE',  ( 1.188166764367676342E-16, -1.000000000000000000, -0.000000000000000000 ) ) ;
#9470 = ORIENTED_EDGE ( 'NONE', *, *, #8599, .F. ) ;
#9471 = CARTESIAN_POINT ( 'NONE',  ( -0.1693673788884486608, 2.151000000000000689, -0.1099146168151994701 ) ) ;
#9472 = DIRECTION ( 'NONE',  ( -0.007092178509925102341, -8.426690792455675297E-19, 0.9999748501857351757 ) ) ;
#9473 = DIRECTION ( 'NONE',  ( 0.9999748501857348426, 1.188136882194236216E-16, 0.007092178509961410103 ) ) ;
#9474 = FACE_OUTER_BOUND ( 'NONE', #8348, .T. ) ;
#9475 = AXIS2_PLACEMENT_3D ( 'NONE', #8968, #4299, #5099 ) ;
#9476 = CARTESIAN_POINT ( 'NONE',  ( -3.649999999999997691, -1.800000000000000488, 0.000000000000000000 ) ) ;
#9477 = COLOUR_RGB ( '',1.000000000000000000, 1.000000000000000000, 1.000000000000000000 ) ;
#9478 = CARTESIAN_POINT ( 'NONE',  ( -0.5942807378096763848, 2.150000000000000355, 0.2500603636830517340 ) ) ;
#9479 =( NAMED_UNIT ( * ) PLANE_ANGLE_UNIT ( ) SI_UNIT ( $, .RADIAN. ) );
#9480 = LINE ( 'NONE', #11409, #961 ) ;
#9481 = EDGE_CURVE ( 'NONE', #916, #3191, #2154, .T. ) ;
#9482 = FILL_AREA_STYLE ('',( #1200 ) ) ;
#9483 = DIRECTION ( 'NONE',  ( 1.188166764367676342E-16, -1.000000000000000000, -0.000000000000000000 ) ) ;
#9484 = CARTESIAN_POINT ( 'NONE',  ( -0.6945026966040518390, 2.151000000000000245, -0.2062838242416129286 ) ) ;
#9485 = B_SPLINE_SURFACE_WITH_KNOTS ( 'NONE', 3, 1, ( 
 ( #1590, #5374 ),
 ( #3450, #7389 ),
 ( #11149, #11042 ),
 ( #2507, #11200 ) ),
 .UNSPECIFIED., .F., .F., .F.,
 ( 4, 4 ),
 ( 2, 2 ),
 ( 0.000000000000000000, 1.000000000000000000 ),
 ( 0.000000000000000000, 1.000000000000000000 ),
 .UNSPECIFIED. ) ;
#9486 = SURFACE_STYLE_FILL_AREA ( #3682 ) ;
#9487 = CARTESIAN_POINT ( 'NONE',  ( 0.9656563665085891035, 2.150000000000000355, -0.1600822850977186018 ) ) ;
#9488 = SURFACE_STYLE_FILL_AREA ( #6327 ) ;
#9489 = LINE ( 'NONE', #4678, #5130 ) ;
#9490 = CARTESIAN_POINT ( 'NONE',  ( -3.649999999999998579, 2.149999999999999911, -1.750000000000000000 ) ) ;
#9491 = PRESENTATION_LAYER_ASSIGNMENT (  '', '', ( #4176 ) ) ;
#9492 = VERTEX_POINT ( 'NONE', #7654 ) ;
#9493 = CARTESIAN_POINT ( 'NONE',  ( 0.3526758101960192904, 2.151000000000000689, -0.1788899421805487944 ) ) ;
#9494 = ORIENTED_EDGE ( 'NONE', *, *, #2124, .F. ) ;
#9495 = SURFACE_STYLE_USAGE ( .BOTH. , #5852 ) ;
#9496 = EDGE_CURVE ( 'NONE', #7448, #1052, #9534, .T. ) ;
#9497 = CARTESIAN_POINT ( 'NONE',  ( 1.045727199617881409, 2.151000000000000689, -0.2361535754825709321 ) ) ;
#9498 = LINE ( 'NONE', #5795, #163 ) ;
#9499 = ORIENTED_EDGE ( 'NONE', *, *, #10429, .T. ) ;
#9500 = FILL_AREA_STYLE_COLOUR ( '', #2516 ) ;
#9501 = EDGE_LOOP ( 'NONE', ( #8285, #9705, #10747, #7846 ) ) ;
#9502 = CARTESIAN_POINT ( 'NONE',  ( -0.1912972168460800315, 2.150000000000000355, -0.2505449784619278031 ) ) ;
#9503 = VERTEX_POINT ( 'NONE', #4828 ) ;
#9504 = SURFACE_STYLE_FILL_AREA ( #3765 ) ;
#9505 = VECTOR ( 'NONE', #5540, 1000.000000000000000 ) ;
#9506 =( NAMED_UNIT ( * ) SI_UNIT ( $, .STERADIAN. ) SOLID_ANGLE_UNIT ( ) );
#9507 = EDGE_LOOP ( 'NONE', ( #3054, #7021, #8289, #9935 ) ) ;
#9508 = CARTESIAN_POINT ( 'NONE',  ( -0.1750803625498582872, 2.150000000000000355, -0.1767092724160521933 ) ) ;
#9509 = B_SPLINE_CURVE_WITH_KNOTS ( 'NONE', 3,
 ( #4996, #6641, #2711, #3131 ),
 .UNSPECIFIED., .F., .F.,
 ( 4, 4 ),
 ( 8.000000000000000000, 9.000000000000000000 ),
 .UNSPECIFIED. ) ;
#9510 = STYLED_ITEM ( 'NONE', ( #1054 ), #11199 ) ;
#9511 = CARTESIAN_POINT ( 'NONE',  ( -0.09041529494550032409, 2.151000000000000689, 0.2593527695899005003 ) ) ;
#9512 = LINE ( 'NONE', #4814, #4116 ) ;
#9513 = FILL_AREA_STYLE ('',( #11504 ) ) ;
#9514 = DIRECTION ( 'NONE',  ( 0.8873869422626033954, 0.000000000000000000, -0.4610253948556704562 ) ) ;
#9515 = ORIENTED_EDGE ( 'NONE', *, *, #5697, .F. ) ;
#9516 = CARTESIAN_POINT ( 'NONE',  ( -3.669999999999997708, 1.800000000000000044, 0.000000000000000000 ) ) ;
#9517 = CARTESIAN_POINT ( 'NONE',  ( -0.2682119209594527875, 2.151000000000000689, -0.2913301283738375380 ) ) ;
#9518 = STYLED_ITEM ( 'NONE', ( #3985 ), #11455 ) ;
#9519 = PRESENTATION_LAYER_ASSIGNMENT (  '', '', ( #8502 ) ) ;
#9520 = FILL_AREA_STYLE ('',( #995 ) ) ;
#9521 = CARTESIAN_POINT ( 'NONE',  ( -0.04672251470035235221, 2.150000000000000355, -0.2495196030782849683 ) ) ;
#9522 = AXIS2_PLACEMENT_3D ( 'NONE', #2473, #8779, #8084 ) ;
#9523 = CARTESIAN_POINT ( 'NONE',  ( -0.2092171180314622569, 2.150000000000000355, -0.1648898872949465522 ) ) ;
#9524 = CARTESIAN_POINT ( 'NONE',  ( -0.1529152799644944716, 2.151000000000000689, -0.1278901754188175866 ) ) ;
#9525 = ORIENTED_EDGE ( 'NONE', *, *, #1608, .T. ) ;
#9526 = FILL_AREA_STYLE ('',( #5766 ) ) ;
#9527 = ORIENTED_EDGE ( 'NONE', *, *, #10476, .T. ) ;
#9528 = CARTESIAN_POINT ( 'NONE',  ( -0.5299452459413458438, 2.151000000000000689, -0.1346193643521607919 ) ) ;
#9529 = CARTESIAN_POINT ( 'NONE',  ( -0.6937992422660375080, 2.150000000000000355, -0.05623799426905679022 ) ) ;
#9530 = B_SPLINE_CURVE_WITH_KNOTS ( 'NONE', 3,
 ( #4485, #12014, #2658, #1751 ),
 .UNSPECIFIED., .F., .F.,
 ( 4, 4 ),
 ( 8.000000000000000000, 9.000000000000000000 ),
 .UNSPECIFIED. ) ;
#9531 = CARTESIAN_POINT ( 'NONE',  ( 1.043594103507980542, 2.150000000000000355, -0.1392851160962098322 ) ) ;
#9532 = FACE_OUTER_BOUND ( 'NONE', #2384, .T. ) ;
#9533 = EDGE_CURVE ( 'NONE', #9085, #554, #1072, .T. ) ;
#9534 = LINE ( 'NONE', #953, #10775 ) ;
#9535 = STYLED_ITEM ( 'NONE', ( #2264 ), #11695 ) ;
#9536 = ADVANCED_FACE ( 'NONE', ( #9474 ), #7693, .T. ) ;
#9537 = EDGE_CURVE ( 'NONE', #9953, #11257, #9981, .T. ) ;
#9538 = UNCERTAINTY_MEASURE_WITH_UNIT (LENGTH_MEASURE( 1.000000000000000082E-05 ), #662, 'distance_accuracy_value', 'NONE');
#9539 = SURFACE_SIDE_STYLE ('',( #8708 ) ) ;
#9540 = FACE_OUTER_BOUND ( 'NONE', #11493, .T. ) ;
#9541 =( LENGTH_UNIT ( ) NAMED_UNIT ( * ) SI_UNIT ( .MILLI., .METRE. ) );
#9542 = CARTESIAN_POINT ( 'NONE',  ( -0.5970068979428133638, 2.149999999999999911, 0.2386034040480188578 ) ) ;
#9543 = PRESENTATION_LAYER_ASSIGNMENT (  '', '', ( #6791 ) ) ;
#9544 = ORIENTED_EDGE ( 'NONE', *, *, #9570, .F. ) ;
#9545 = DIRECTION ( 'NONE',  ( -0.007092178509962041542, -8.426690792499565314E-19, 0.9999748501857348426 ) ) ;
#9546 = FACE_BOUND ( 'NONE', #2416, .T. ) ;
#9547 = CARTESIAN_POINT ( 'NONE',  ( -0.1372865267956300261, 2.151000000000000689, 0.1094993932969439976 ) ) ;
#9548 = VECTOR ( 'NONE', #11292, 1000.000000000000000 ) ;
#9549 = FACE_OUTER_BOUND ( 'NONE', #10188, .T. ) ;
#9550 = CARTESIAN_POINT ( 'NONE',  ( 0.9402548304451936456, 2.150000000000000355, -0.2484699107590007949 ) ) ;
#9551 = CARTESIAN_POINT ( 'NONE',  ( -0.3030182329024200816, 2.151000000000000689, -0.2877297861133293888 ) ) ;
#9552 = PRESENTATION_STYLE_ASSIGNMENT (( #9423 ) ) ;
#9553 = EDGE_CURVE ( 'NONE', #5945, #4627, #2046, .T. ) ;
#9554 = VECTOR ( 'NONE', #11759, 1000.000000000000000 ) ;
#9555 = STYLED_ITEM ( 'NONE', ( #3198 ), #1610 ) ;
#9556 = SURFACE_STYLE_USAGE ( .BOTH. , #8476 ) ;
#9557 = ORIENTED_EDGE ( 'NONE', *, *, #1824, .T. ) ;
#9558 = SURFACE_SIDE_STYLE ('',( #10581 ) ) ;
#9559 = ORIENTED_EDGE ( 'NONE', *, *, #3823, .F. ) ;
#9560 = CARTESIAN_POINT ( 'NONE',  ( -0.2241276755266178311, 2.150000000000000355, -0.2103302235974524870 ) ) ;
#9561 = CARTESIAN_POINT ( 'NONE',  ( 1.045727199617881409, 2.151000000000000689, -0.2361535754825709321 ) ) ;
#9562 = CARTESIAN_POINT ( 'NONE',  ( -0.4916451853184874987, 2.150000000000000355, 0.1461860145406974620 ) ) ;
#9563 = VERTEX_POINT ( 'NONE', #7595 ) ;
#9564 = CARTESIAN_POINT ( 'NONE',  ( -0.4400932833313356829, 2.150000000000000355, 0.08322878936597134791 ) ) ;
#9565 = ORIENTED_EDGE ( 'NONE', *, *, #5178, .F. ) ;
#9566 = EDGE_LOOP ( 'NONE', ( #7378, #7528, #2471, #11070 ) ) ;
#9567 = SURFACE_STYLE_FILL_AREA ( #9623 ) ;
#9568 = FILL_AREA_STYLE_COLOUR ( '', #8853 ) ;
#9569 = SURFACE_STYLE_USAGE ( .BOTH. , #11313 ) ;
#9570 = EDGE_CURVE ( 'NONE', #9975, #6302, #3037, .T. ) ;
#9571 = VERTEX_POINT ( 'NONE', #9345 ) ;
#9572 = CARTESIAN_POINT ( 'NONE',  ( -0.4606589594673863308, 2.151000000000000689, 0.1021109786709008538 ) ) ;
#9573 = CARTESIAN_POINT ( 'NONE',  ( -0.3530814033311270306, 2.150000000000000355, 0.2543704956092782132 ) ) ;
#9574 = CARTESIAN_POINT ( 'NONE',  ( -0.5979747329197253602, 2.151000000000000689, 0.2357891228373169556 ) ) ;
#9575 = CARTESIAN_POINT ( 'NONE',  ( 0.4400070412800634045, 2.151000000000000689, 0.1485307119745221671 ) ) ;
#9576 = PLANE ( 'NONE',  #11452 ) ;
#9577 = ORIENTED_EDGE ( 'NONE', *, *, #4314, .T. ) ;
#9578 = DIRECTION ( 'NONE',  ( 1.188166764367676342E-16, -1.000000000000000000, -0.000000000000000000 ) ) ;
#9579 = CARTESIAN_POINT ( 'NONE',  ( -0.4565656089491588188, 2.150000000000000355, -0.2258078844605693469 ) ) ;
#9580 =( LENGTH_UNIT ( ) NAMED_UNIT ( * ) SI_UNIT ( .MILLI., .METRE. ) );
#9581 = SURFACE_STYLE_FILL_AREA ( #6749 ) ;
#9582 = ORIENTED_EDGE ( 'NONE', *, *, #4196, .F. ) ;
#9583 = VECTOR ( 'NONE', #4392, 1000.000000000000000 ) ;
#9584 = CARTESIAN_POINT ( 'NONE',  ( -0.09140665061452250828, 2.150000000000000355, -0.2239458956568591286 ) ) ;
#9585 = VECTOR ( 'NONE', #9095, 1000.000000000000000 ) ;
#9586 = DIRECTION ( 'NONE',  ( 0.007092178509964866540, 8.426690792502924136E-19, -0.9999748501857348426 ) ) ;
#9587 = SURFACE_STYLE_USAGE ( .BOTH. , #4032 ) ;
#9588 = ORIENTED_EDGE ( 'NONE', *, *, #8370, .T. ) ;
#9589 = B_SPLINE_SURFACE_WITH_KNOTS ( 'NONE', 3, 1, ( 
 ( #7131, #11664 ),
 ( #11609, #7976 ),
 ( #7856, #471 ),
 ( #9794, #1451 ) ),
 .UNSPECIFIED., .F., .F., .F.,
 ( 4, 4 ),
 ( 2, 2 ),
 ( 15.00000000000000000, 16.00000000000000000 ),
 ( 0.000000000000000000, 1.000000000000000000 ),
 .UNSPECIFIED. ) ;
#9590 = CARTESIAN_POINT ( 'NONE',  ( -0.2438807483190262582, 2.150000000000000355, -0.1300950110839208806 ) ) ;
#9591 = VERTEX_POINT ( 'NONE', #892 ) ;
#9592 = CARTESIAN_POINT ( 'NONE',  ( 0.9289024847280283881, 2.150000000000000355, 0.1288618335580221652 ) ) ;
#9593 = CARTESIAN_POINT ( 'NONE',  ( 0.5222621649298938573, 2.151000000000000689, 0.1722504767866591957 ) ) ;
#9594 = VECTOR ( 'NONE', #6915, 1000.000000000000000 ) ;
#9595 = LINE ( 'NONE', #7477, #4479 ) ;
#9596 = FILL_AREA_STYLE ('',( #8993 ) ) ;
#9597 = MECHANICAL_DESIGN_GEOMETRIC_PRESENTATION_REPRESENTATION (  '', ( #11723 ), #3882 ) ;
#9598 = LINE ( 'NONE', #7662, #9848 ) ;
#9599 = SURFACE_STYLE_FILL_AREA ( #5724 ) ;
#9600 = ADVANCED_FACE ( 'NONE', ( #11237 ), #2782, .F. ) ;
#9601 = ORIENTED_EDGE ( 'NONE', *, *, #663, .T. ) ;
#9602 = CARTESIAN_POINT ( 'NONE',  ( -0.1762211062302564690, 2.151000000000000689, -0.2504380533050566404 ) ) ;
#9603 = EDGE_CURVE ( 'NONE', #4220, #4051, #8954, .T. ) ;
#9604 = FACE_BOUND ( 'NONE', #5789, .T. ) ;
#9605 = ADVANCED_FACE ( 'NONE', ( #6150 ), #6941, .F. ) ;
#9606 = DIRECTION ( 'NONE',  ( 1.000000000000000000, -0.000000000000000000, -0.000000000000000000 ) ) ;
#9607 = MECHANICAL_DESIGN_GEOMETRIC_PRESENTATION_REPRESENTATION (  '', ( #2683 ), #10585 ) ;
#9608 = EDGE_LOOP ( 'NONE', ( #5612, #4311, #11978, #7075 ) ) ;
#9609 = CARTESIAN_POINT ( 'NONE',  ( -0.1237626628881585561, 2.150000000000000355, 0.2551650787023051481 ) ) ;
#9610 = ORIENTED_EDGE ( 'NONE', *, *, #2888, .F. ) ;
#9611 = COLOUR_RGB ( '',1.000000000000000000, 1.000000000000000000, 1.000000000000000000 ) ;
#9612 = VERTEX_POINT ( 'NONE', #9717 ) ;
#9613 = PRESENTATION_STYLE_ASSIGNMENT (( #9495 ) ) ;
#9614 = CARTESIAN_POINT ( 'NONE',  ( 0.7133942629646764511, 2.150000000000000355, 0.3398987606843663634 ) ) ;
#9615 = STYLED_ITEM ( 'NONE', ( #2043 ), #9917 ) ;
#9616 = LINE ( 'NONE', #10586, #8433 ) ;
#9617 = CARTESIAN_POINT ( 'NONE',  ( 0.8873083122526428390, 2.151000000000000689, 0.2847373018349151907 ) ) ;
#9618 = ORIENTED_EDGE ( 'NONE', *, *, #6165, .F. ) ;
#9619 = FACE_OUTER_BOUND ( 'NONE', #8311, .T. ) ;
#9620 = ORIENTED_EDGE ( 'NONE', *, *, #4661, .T. ) ;
#9621 = ADVANCED_FACE ( 'NONE', ( #5023 ), #7054, .T. ) ;
#9622 = EDGE_LOOP ( 'NONE', ( #6063, #2448, #6069, #6737, #38, #11058, #11420 ) ) ;
#9623 = FILL_AREA_STYLE ('',( #3884 ) ) ;
#9624 = LINE ( 'NONE', #3948, #8251 ) ;
#9625 = VECTOR ( 'NONE', #1260, 1000.000000000000000 ) ;
#9626 = LINE ( 'NONE', #7747, #8134 ) ;
#9627 = VERTEX_POINT ( 'NONE', #11829 ) ;
#9628 = PRESENTATION_LAYER_ASSIGNMENT (  '', '', ( #9024 ) ) ;
#9629 = LINE ( 'NONE', #1843, #9912 ) ;
#9630 = CARTESIAN_POINT ( 'NONE',  ( -0.05347303180822479685, 2.151000000000000689, -0.2286678204144655113 ) ) ;
#9631 = CARTESIAN_POINT ( 'NONE',  ( -0.3814892801183842885, 2.151000000000000689, 0.07418239486422291418 ) ) ;
#9632 = CARTESIAN_POINT ( 'NONE',  ( -0.8494009958149657535, 2.149999999999999911, -0.08583166086340963952 ) ) ;
#9633 = STYLED_ITEM ( 'NONE', ( #8629 ), #8245 ) ;
#9634 = EDGE_CURVE ( 'NONE', #387, #3051, #5460, .T. ) ;
#9635 =( NAMED_UNIT ( * ) PLANE_ANGLE_UNIT ( ) SI_UNIT ( $, .RADIAN. ) );
#9636 = EDGE_LOOP ( 'NONE', ( #3600, #6527, #10814, #7499 ) ) ;
#9637 = SURFACE_SIDE_STYLE ('',( #2090 ) ) ;
#9638 = FILL_AREA_STYLE ('',( #2950 ) ) ;
#9639 = B_SPLINE_CURVE_WITH_KNOTS ( 'NONE', 3,
 ( #4383, #6435, #11146, #11917 ),
 .UNSPECIFIED., .F., .F.,
 ( 4, 4 ),
 ( 4.000000000000000000, 5.000000000000000000 ),
 .UNSPECIFIED. ) ;
#9640 = PLANE ( 'NONE',  #3899 ) ;
#9641 = ORIENTED_EDGE ( 'NONE', *, *, #9776, .F. ) ;
#9642 = ORIENTED_EDGE ( 'NONE', *, *, #4364, .F. ) ;
#9643 = DIRECTION ( 'NONE',  ( 1.188166764367676342E-16, -1.000000000000000000, -0.000000000000000000 ) ) ;
#9644 = LINE ( 'NONE', #8507, #1658 ) ;
#9645 = SURFACE_STYLE_FILL_AREA ( #2341 ) ;
#9646 = ORIENTED_EDGE ( 'NONE', *, *, #10271, .F. ) ;
#9647 = EDGE_CURVE ( 'NONE', #11140, #10058, #3590, .T. ) ;
#9648 = DIRECTION ( 'NONE',  ( 0.007092178509965069502, 0.000000000000000000, -0.9999748501857348426 ) ) ;
#9649 = VECTOR ( 'NONE', #7482, 1000.000000000000114 ) ;
#9650 = ORIENTED_EDGE ( 'NONE', *, *, #8081, .T. ) ;
#9651 = STYLED_ITEM ( 'NONE', ( #11658 ), #6311 ) ;
#9652 = CARTESIAN_POINT ( 'NONE',  ( -0.4571401131533228135, 2.151000000000000689, 0.2217111032554541228 ) ) ;
#9653 = STYLED_ITEM ( 'NONE', ( #11741 ), #8653 ) ;
#9654 = SURFACE_SIDE_STYLE ('',( #5891 ) ) ;
#9655 = CARTESIAN_POINT ( 'NONE',  ( -0.2440562530592657042, 2.151000000000000689, -0.1053493950393579875 ) ) ;
#9656 = CARTESIAN_POINT ( 'NONE',  ( -0.2048219109967231444, 2.151000000000000689, 0.1903315222643007787 ) ) ;
#9657 = PRESENTATION_LAYER_ASSIGNMENT (  '', '', ( #9052 ) ) ;
#9658 = UNCERTAINTY_MEASURE_WITH_UNIT (LENGTH_MEASURE( 1.000000000000000082E-05 ), #11903, 'distance_accuracy_value', 'NONE');
#9659 = CARTESIAN_POINT ( 'NONE',  ( 0.8247120008767560018, 2.151000000000000689, -0.06419824203184211486 ) ) ;
#9660 =( LENGTH_UNIT ( ) NAMED_UNIT ( * ) SI_UNIT ( .MILLI., .METRE. ) );
#9661 = CARTESIAN_POINT ( 'NONE',  ( -0.3366244311453513993, 2.150000000000000355, -0.2700838473171612852 ) ) ;
#9662 = B_SPLINE_SURFACE_WITH_KNOTS ( 'NONE', 3, 1, ( 
 ( #7731, #4115 ),
 ( #9551, #6954 ),
 ( #6032, #5785 ),
 ( #10706, #2986 ) ),
 .UNSPECIFIED., .F., .F., .F.,
 ( 4, 4 ),
 ( 2, 2 ),
 ( 5.000000000000000000, 6.000000000000000000 ),
 ( 0.000000000000000000, 1.000000000000000000 ),
 .UNSPECIFIED. ) ;
#9663 = CARTESIAN_POINT ( 'NONE',  ( -0.3850111271474130903, 2.150000000000000355, 0.2775391801131213976 ) ) ;
#9664 = ORIENTED_EDGE ( 'NONE', *, *, #12049, .T. ) ;
#9665 = SURFACE_SIDE_STYLE ('',( #7724 ) ) ;
#9666 = CARTESIAN_POINT ( 'NONE',  ( 0.1316323761467816933, 2.151000000000000689, -0.04144159567560272428 ) ) ;
#9667 = SURFACE_SIDE_STYLE ('',( #6028 ) ) ;
#9668 = PRESENTATION_LAYER_ASSIGNMENT (  '', '', ( #3545 ) ) ;
#9669 = VECTOR ( 'NONE', #4243, 1000.000000000000000 ) ;
#9670 = CARTESIAN_POINT ( 'NONE',  ( -0.04702081642280614426, 2.150000000000000355, -0.09750528818997297731 ) ) ;
#9671 = SURFACE_STYLE_FILL_AREA ( #1143 ) ;
#9672 = ADVANCED_FACE ( 'NONE', ( #6457, #1495 ), #9146, .F. ) ;
#9673 = FILL_AREA_STYLE ('',( #6834 ) ) ;
#9674 = ORIENTED_EDGE ( 'NONE', *, *, #9972, .T. ) ;
#9675 = CARTESIAN_POINT ( 'NONE',  ( -0.06594393457482153331, 2.150000000000000355, -0.09763949769721640137 ) ) ;
#9676 = PRESENTATION_LAYER_ASSIGNMENT (  '', '', ( #6143 ) ) ;
#9677 = ORIENTED_EDGE ( 'NONE', *, *, #3721, .T. ) ;
#9678 = DIRECTION ( 'NONE',  ( -0.007092178509970711690, -0.000000000000000000, 0.9999748501857347316 ) ) ;
#9679 = CARTESIAN_POINT ( 'NONE',  ( -0.1519518509115981297, 2.150000000000000355, -0.2417396977382124668 ) ) ;
#9680 = CARTESIAN_POINT ( 'NONE',  ( -0.8466748356804316700, 2.151000000000000245, -0.07437470122975302356 ) ) ;
#9681 = CARTESIAN_POINT ( 'NONE',  ( -0.4812246356034544648, 2.150000000000000355, 0.1209931679772163898 ) ) ;
#9682 = VERTEX_POINT ( 'NONE', #819 ) ;
#9683 = CARTESIAN_POINT ( 'NONE',  ( -0.03258885742592490531, 2.150000000000000355, 0.1180403270323975573 ) ) ;
#9684 = ORIENTED_EDGE ( 'NONE', *, *, #9634, .F. ) ;
#9685 = FACE_OUTER_BOUND ( 'NONE', #2100, .T. ) ;
#9686 = ORIENTED_EDGE ( 'NONE', *, *, #11983, .F. ) ;
#9687 = CARTESIAN_POINT ( 'NONE',  ( 1.220082155543524616, 2.151000000000000689, 0.05428766448605872041 ) ) ;
#9688 = DIRECTION ( 'NONE',  ( 1.000000000000000000, 0.000000000000000000, 0.000000000000000000 ) ) ;
#9689 = ORIENTED_EDGE ( 'NONE', *, *, #2270, .F. ) ;
#9690 = EDGE_CURVE ( 'NONE', #5560, #5076, #7351, .T. ) ;
#9691 = FILL_AREA_STYLE ('',( #5936 ) ) ;
#9692 = EDGE_CURVE ( 'NONE', #10553, #2675, #3650, .T. ) ;
#9693 = ADVANCED_FACE ( 'NONE', ( #11117 ), #2082, .F. ) ;
#9694 =( LENGTH_UNIT ( ) NAMED_UNIT ( * ) SI_UNIT ( .MILLI., .METRE. ) );
#9695 =( LENGTH_UNIT ( ) NAMED_UNIT ( * ) SI_UNIT ( .MILLI., .METRE. ) );
#9696 = SURFACE_STYLE_USAGE ( .BOTH. , #7588 ) ;
#9697 = UNCERTAINTY_MEASURE_WITH_UNIT (LENGTH_MEASURE( 1.000000000000000082E-05 ), #898, 'distance_accuracy_value', 'NONE');
#9698 = VECTOR ( 'NONE', #1803, 1000.000000000000000 ) ;
#9699 = CARTESIAN_POINT ( 'NONE',  ( 1.063314367259458493, 2.151000000000000689, 0.1384912773404124164 ) ) ;
#9700 = CARTESIAN_POINT ( 'NONE',  ( 0.7633360605537860000, 2.151000000000000689, -0.1774233946009065033 ) ) ;
#9701 = ORIENTED_EDGE ( 'NONE', *, *, #9815, .T. ) ;
#9702 = B_SPLINE_CURVE_WITH_KNOTS ( 'NONE', 3,
 ( #6455, #10140, #11268, #11217 ),
 .UNSPECIFIED., .F., .F.,
 ( 4, 4 ),
 ( 5.000000000000000000, 6.000000000000000000 ),
 .UNSPECIFIED. ) ;
#9703 = SURFACE_STYLE_USAGE ( .BOTH. , #5133 ) ;
#9704 = VECTOR ( 'NONE', #4884, 1000.000000000000000 ) ;
#9705 = ORIENTED_EDGE ( 'NONE', *, *, #11835, .F. ) ;
#9706 = EDGE_CURVE ( 'NONE', #7712, #2253, #10486, .T. ) ;
#9707 = SURFACE_STYLE_FILL_AREA ( #6928 ) ;
#9708 = LINE ( 'NONE', #6864, #10856 ) ;
#9709 = CARTESIAN_POINT ( 'NONE',  ( 1.220523129028157072, 2.150000000000000355, -0.007888209064190274816 ) ) ;
#9710 = CARTESIAN_POINT ( 'NONE',  ( -0.0009625252939690633839, 2.151000000000000689, -0.2068758453878232206 ) ) ;
#9711 = ORIENTED_EDGE ( 'NONE', *, *, #6259, .F. ) ;
#9712 = CARTESIAN_POINT ( 'NONE',  ( -0.3530814033311270306, 2.151000000000000689, 0.2543704956092782132 ) ) ;
#9713 = ORIENTED_EDGE ( 'NONE', *, *, #5643, .T. ) ;
#9714 = STYLED_ITEM ( 'NONE', ( #6992 ), #11102 ) ;
#9715 = LINE ( 'NONE', #9840, #2209 ) ;
#9716 = DIRECTION ( 'NONE',  ( -0.007092178509963644427, -0.000000000000000000, 0.9999748501857348426 ) ) ;
#9717 = CARTESIAN_POINT ( 'NONE',  ( -0.1939400560608335045, 2.150000000000000355, -0.2297680410870831247 ) ) ;
#9718 = VERTEX_POINT ( 'NONE', #4766 ) ;
#9719 = EDGE_CURVE ( 'NONE', #10475, #8178, #5814, .T. ) ;
#9720 = B_SPLINE_CURVE_WITH_KNOTS ( 'NONE', 3,
 ( #2606, #719, #1699, #9355 ),
 .UNSPECIFIED., .F., .F.,
 ( 4, 4 ),
 ( 6.000000000000000000, 7.000000000000000000 ),
 .UNSPECIFIED. ) ;
#9721 = FILL_AREA_STYLE_COLOUR ( '', #3518 ) ;
#9722 = CARTESIAN_POINT ( 'NONE',  ( -0.08121396209516698605, 2.151000000000000689, -0.2170110306316229976 ) ) ;
#9723 = SURFACE_STYLE_USAGE ( .BOTH. , #4104 ) ;
#9724 = CARTESIAN_POINT ( 'NONE',  ( 0.1330747596422149626, 2.151000000000000689, -0.2448131292220020461 ) ) ;
#9725 = ORIENTED_EDGE ( 'NONE', *, *, #91, .F. ) ;
#9726 = SURFACE_STYLE_USAGE ( .BOTH. , #1552 ) ;
#9727 = ORIENTED_EDGE ( 'NONE', *, *, #3792, .F. ) ;
#9728 = CARTESIAN_POINT ( 'NONE',  ( -0.3336759508697417220, 2.151000000000000689, -0.2240005014894794200 ) ) ;
#9729 = FACE_OUTER_BOUND ( 'NONE', #10913, .T. ) ;
#9730 = FILL_AREA_STYLE ('',( #1392 ) ) ;
#9731 = FILL_AREA_STYLE ('',( #7009 ) ) ;
#9732 =( GEOMETRIC_REPRESENTATION_CONTEXT ( 3 ) GLOBAL_UNCERTAINTY_ASSIGNED_CONTEXT ( ( #3075 ) ) GLOBAL_UNIT_ASSIGNED_CONTEXT ( ( #10912, #9748, #8800 ) ) REPRESENTATION_CONTEXT ( 'NONE', 'WORKASPACE' ) );
#9733 = ORIENTED_EDGE ( 'NONE', *, *, #10005, .F. ) ;
#9734 = PRESENTATION_LAYER_ASSIGNMENT (  '', '', ( #6412 ) ) ;
#9735 = ORIENTED_EDGE ( 'NONE', *, *, #430, .F. ) ;
#9736 = DIRECTION ( 'NONE',  ( 0.007092178509970645771, 0.000000000000000000, -0.9999748501857348426 ) ) ;
#9737 = CARTESIAN_POINT ( 'NONE',  ( 1.027340044370024907, 2.150000000000000355, -0.2941249252624476007 ) ) ;
#9738 =( NAMED_UNIT ( * ) SI_UNIT ( $, .STERADIAN. ) SOLID_ANGLE_UNIT ( ) );
#9739 =( NAMED_UNIT ( * ) SI_UNIT ( $, .STERADIAN. ) SOLID_ANGLE_UNIT ( ) );
#9740 = FILL_AREA_STYLE_COLOUR ( '', #4321 ) ;
#9741 = VERTEX_POINT ( 'NONE', #5758 ) ;
#9742 = VERTEX_POINT ( 'NONE', #1908 ) ;
#9743 = COLOUR_RGB ( '',0.6470588235294117974, 0.6196078431372549211, 0.5882352941176470784 ) ;
#9744 = SURFACE_STYLE_USAGE ( .BOTH. , #1280 ) ;
#9745 = ORIENTED_EDGE ( 'NONE', *, *, #680, .T. ) ;
#9746 = SURFACE_STYLE_FILL_AREA ( #4199 ) ;
#9747 = FACE_OUTER_BOUND ( 'NONE', #10198, .T. ) ;
#9748 =( NAMED_UNIT ( * ) PLANE_ANGLE_UNIT ( ) SI_UNIT ( $, .RADIAN. ) );
#9749 = ORIENTED_EDGE ( 'NONE', *, *, #11054, .T. ) ;
#9750 = CARTESIAN_POINT ( 'NONE',  ( -0.1384560667873216966, 2.151000000000000689, 0.2744008514786820396 ) ) ;
#9751 =( GEOMETRIC_REPRESENTATION_CONTEXT ( 3 ) GLOBAL_UNCERTAINTY_ASSIGNED_CONTEXT ( ( #9763 ) ) GLOBAL_UNIT_ASSIGNED_CONTEXT ( ( #1450, #2718, #6589 ) ) REPRESENTATION_CONTEXT ( 'NONE', 'WORKASPACE' ) );
#9752 =( NAMED_UNIT ( * ) SI_UNIT ( $, .STERADIAN. ) SOLID_ANGLE_UNIT ( ) );
#9753 = DIRECTION ( 'NONE',  ( 1.188166764367676342E-16, -1.000000000000000000, -0.000000000000000000 ) ) ;
#9754 = DIRECTION ( 'NONE',  ( 0.007092178509964231631, -0.000000000000000000, -0.9999748501857348426 ) ) ;
#9755 = MECHANICAL_DESIGN_GEOMETRIC_PRESENTATION_REPRESENTATION (  '', ( #3242 ), #4821 ) ;
#9756 = CARTESIAN_POINT ( 'NONE',  ( -0.03483757275802218389, 2.151000000000000689, 0.2371836323838299454 ) ) ;
#9757 = CARTESIAN_POINT ( 'NONE',  ( -0.03009235677224601432, 2.151000000000000689, -0.1240036976201848440 ) ) ;
#9758 = ADVANCED_FACE ( 'NONE', ( #4883, #9457 ), #1116, .F. ) ;
#9759 = VERTEX_POINT ( 'NONE', #1058 ) ;
#9760 = ADVANCED_FACE ( 'NONE', ( #8562 ), #12184, .F. ) ;
#9761 = CARTESIAN_POINT ( 'NONE',  ( -0.3814977638706875673, 2.151000000000000689, 0.09736951938159571496 ) ) ;
#9762 = EDGE_CURVE ( 'NONE', #6272, #9591, #543, .T. ) ;
#9763 = UNCERTAINTY_MEASURE_WITH_UNIT (LENGTH_MEASURE( 1.000000000000000082E-05 ), #1450, 'distance_accuracy_value', 'NONE');
#9764 = SURFACE_STYLE_FILL_AREA ( #7757 ) ;
#9765 = DIRECTION ( 'NONE',  ( 1.008560160451632098E-16, -1.000000000000000000, 0.000000000000000000 ) ) ;
#9766 = ORIENTED_EDGE ( 'NONE', *, *, #2723, .F. ) ;
#9767 = B_SPLINE_SURFACE_WITH_KNOTS ( 'NONE', 3, 1, ( 
 ( #3327, #4143 ),
 ( #4211, #5431 ),
 ( #9699, #6365 ),
 ( #9173, #442 ) ),
 .UNSPECIFIED., .F., .F., .F.,
 ( 4, 4 ),
 ( 2, 2 ),
 ( 18.00000000000000000, 19.00000000000000000 ),
 ( 0.000000000000000000, 1.000000000000000000 ),
 .UNSPECIFIED. ) ;
#9768 = CARTESIAN_POINT ( 'NONE',  ( -0.7164727503591297175, 2.151000000000000245, -0.1726466615357160617 ) ) ;
#9769 = CARTESIAN_POINT ( 'NONE',  ( 0.4927689662109027147, 2.151000000000000689, -0.1547599969808891862 ) ) ;
#9770 = CARTESIAN_POINT ( 'NONE',  ( -0.04949035385863074371, 2.151000000000000689, -0.1598058686254419658 ) ) ;
#9771 = ORIENTED_EDGE ( 'NONE', *, *, #9553, .T. ) ;
#9772 =( LENGTH_UNIT ( ) NAMED_UNIT ( * ) SI_UNIT ( .MILLI., .METRE. ) );
#9773 = ORIENTED_EDGE ( 'NONE', *, *, #16, .F. ) ;
#9774 = ORIENTED_EDGE ( 'NONE', *, *, #194, .T. ) ;
#9775 = DIRECTION ( 'NONE',  ( 1.188166764367676342E-16, -1.000000000000000000, -0.000000000000000000 ) ) ;
#9776 = EDGE_CURVE ( 'NONE', #4743, #6453, #1361, .T. ) ;
#9777 = CARTESIAN_POINT ( 'NONE',  ( 1.220523129028157072, 2.151000000000000689, -0.007888209064190274816 ) ) ;
#9778 =( LENGTH_UNIT ( ) NAMED_UNIT ( * ) SI_UNIT ( .MILLI., .METRE. ) );
#9779 = FILL_AREA_STYLE ('',( #5147 ) ) ;
#9780 = ORIENTED_EDGE ( 'NONE', *, *, #6611, .F. ) ;
#9781 = UNCERTAINTY_MEASURE_WITH_UNIT (LENGTH_MEASURE( 1.000000000000000082E-05 ), #3881, 'distance_accuracy_value', 'NONE');
#9782 = SURFACE_STYLE_USAGE ( .BOTH. , #10694 ) ;
#9783 = PRESENTATION_STYLE_ASSIGNMENT (( #4170 ) ) ;
#9784 = CARTESIAN_POINT ( 'NONE',  ( 0.5910833548267506732, 2.150000000000000355, -0.1526167147773457300 ) ) ;
#9785 =( NAMED_UNIT ( * ) PLANE_ANGLE_UNIT ( ) SI_UNIT ( $, .RADIAN. ) );
#9786 = ORIENTED_EDGE ( 'NONE', *, *, #2103, .F. ) ;
#9787 = LINE ( 'NONE', #5221, #10471 ) ;
#9788 =( NAMED_UNIT ( * ) SI_UNIT ( $, .STERADIAN. ) SOLID_ANGLE_UNIT ( ) );
#9789 = ADVANCED_FACE ( 'NONE', ( #1297 ), #11693, .F. ) ;
#9790 = VECTOR ( 'NONE', #4086, 1000.000000000000000 ) ;
#9791 = CARTESIAN_POINT ( 'NONE',  ( -0.4421085987332931677, 2.150000000000000355, 0.1181512406698030926 ) ) ;
#9792 = PRESENTATION_LAYER_ASSIGNMENT (  '', '', ( #119 ) ) ;
#9793 =( NAMED_UNIT ( * ) SI_UNIT ( $, .STERADIAN. ) SOLID_ANGLE_UNIT ( ) );
#9794 = CARTESIAN_POINT ( 'NONE',  ( 0.9069978902406599097, 2.151000000000000689, -0.04481634617913134166 ) ) ;
#9795 = LINE ( 'NONE', #10460, #4733 ) ;
#9796 = CARTESIAN_POINT ( 'NONE',  ( 0.6116445440076632156, 2.150000000000000355, -0.1972975950925945077 ) ) ;
#9797 = PRESENTATION_LAYER_ASSIGNMENT (  '', '', ( #10562 ) ) ;
#9798 = ORIENTED_EDGE ( 'NONE', *, *, #7514, .F. ) ;
#9799 = CARTESIAN_POINT ( 'NONE',  ( -0.02920156888590784428, 2.150000000000000355, -0.1909594737295605971 ) ) ;
#9800 = ORIENTED_EDGE ( 'NONE', *, *, #8267, .F. ) ;
#9801 = PLANE ( 'NONE',  #11186 ) ;
#9802 =( NAMED_UNIT ( * ) SI_UNIT ( $, .STERADIAN. ) SOLID_ANGLE_UNIT ( ) );
#9803 = CARTESIAN_POINT ( 'NONE',  ( -0.1598870076105759208, 2.151000000000000689, -0.1638121716996010779 ) ) ;
#9804 = CARTESIAN_POINT ( 'NONE',  ( -0.08121396209516698605, 2.150000000000000355, -0.2170110306316229976 ) ) ;
#9805 = VERTEX_POINT ( 'NONE', #381 ) ;
#9806 = CARTESIAN_POINT ( 'NONE',  ( -0.1180595589040768500, 2.150000000000000355, -0.1531176758397616300 ) ) ;
#9807 = VERTEX_POINT ( 'NONE', #1242 ) ;
#9808 = ADVANCED_FACE ( 'NONE', ( #10738 ), #9640, .F. ) ;
#9809 = DIRECTION ( 'NONE',  ( 0.9999748501857348426, 1.188136882194236216E-16, 0.007092178509963778001 ) ) ;
#9810 = ORIENTED_EDGE ( 'NONE', *, *, #8673, .F. ) ;
#9811 = DIRECTION ( 'NONE',  ( 0.000000000000000000, -1.000000000000000000, 1.185846126156020721E-16 ) ) ;
#9812 = VERTEX_POINT ( 'NONE', #6862 ) ;
#9813 = FACE_OUTER_BOUND ( 'NONE', #6843, .T. ) ;
#9814 = AXIS2_PLACEMENT_3D ( 'NONE', #4219, #6072, #7043 ) ;
#9815 = EDGE_CURVE ( 'NONE', #9123, #7321, #2162, .T. ) ;
#9816 = DIRECTION ( 'NONE',  ( 1.188166764367676342E-16, -1.000000000000000000, 0.000000000000000000 ) ) ;
#9817 = CARTESIAN_POINT ( 'NONE',  ( 0.7133942629646764511, 2.151000000000000689, 0.3398987606843663634 ) ) ;
#9818 = CARTESIAN_POINT ( 'NONE',  ( -0.09244012247709731955, 2.150000000000000355, -0.1735236981727673877 ) ) ;
#9819 = LINE ( 'NONE', #1354, #3516 ) ;
#9820 =( LENGTH_UNIT ( ) NAMED_UNIT ( * ) SI_UNIT ( .MILLI., .METRE. ) );
#9821 =( NAMED_UNIT ( * ) SI_UNIT ( $, .STERADIAN. ) SOLID_ANGLE_UNIT ( ) );
#9822 = LINE ( 'NONE', #8064, #6978 ) ;
#9823 = ORIENTED_EDGE ( 'NONE', *, *, #4999, .F. ) ;
#9824 = STYLED_ITEM ( 'NONE', ( #7500 ), #7643 ) ;
#9825 = CARTESIAN_POINT ( 'NONE',  ( -0.4617083008344677331, 2.151000000000000689, 0.2500648090583760808 ) ) ;
#9826 = PRESENTATION_STYLE_ASSIGNMENT (( #3964 ) ) ;
#9827 = CARTESIAN_POINT ( 'NONE',  ( -0.09234130888384635416, 2.150000000000000355, -0.1874561038459374995 ) ) ;
#9828 = ORIENTED_EDGE ( 'NONE', *, *, #10572, .F. ) ;
#9829 = EDGE_CURVE ( 'NONE', #943, #5116, #7820, .T. ) ;
#9830 = FACE_OUTER_BOUND ( 'NONE', #9866, .T. ) ;
#9831 = MECHANICAL_DESIGN_GEOMETRIC_PRESENTATION_REPRESENTATION (  '', ( #9228 ), #6865 ) ;
#9832 = EDGE_CURVE ( 'NONE', #10378, #4986, #5716, .T. ) ;
#9833 = FILL_AREA_STYLE_COLOUR ( '', #2133 ) ;
#9834 = DIRECTION ( 'NONE',  ( 0.000000000000000000, 1.000000000000000000, 0.000000000000000000 ) ) ;
#9835 = COLOUR_RGB ( '',1.000000000000000000, 1.000000000000000000, 1.000000000000000000 ) ;
#9836 = ORIENTED_EDGE ( 'NONE', *, *, #248, .F. ) ;
#9837 = SURFACE_SIDE_STYLE ('',( #6078 ) ) ;
#9838 = VERTEX_POINT ( 'NONE', #2216 ) ;
#9839 = ORIENTED_EDGE ( 'NONE', *, *, #6245, .T. ) ;
#9840 = CARTESIAN_POINT ( 'NONE',  ( -0.8472986747410672370, 2.151000000000000245, -0.07437912571900759384 ) ) ;
#9841 = STYLED_ITEM ( 'NONE', ( #2772 ), #8148 ) ;
#9842 = CARTESIAN_POINT ( 'NONE',  ( -0.02833369423768321294, 2.150000000000000355, 0.08250989108773376657 ) ) ;
#9843 = SURFACE_STYLE_USAGE ( .BOTH. , #8022 ) ;
#9844 =( LENGTH_UNIT ( ) NAMED_UNIT ( * ) SI_UNIT ( .MILLI., .METRE. ) );
#9845 = VERTEX_POINT ( 'NONE', #2406 ) ;
#9846 = EDGE_CURVE ( 'NONE', #2991, #8117, #1864, .T. ) ;
#9847 = EDGE_CURVE ( 'NONE', #7321, #10310, #7101, .T. ) ;
#9848 = VECTOR ( 'NONE', #1134, 1000.000000000000000 ) ;
#9849 = SURFACE_SIDE_STYLE ('',( #6091 ) ) ;
#9850 =( LENGTH_UNIT ( ) NAMED_UNIT ( * ) SI_UNIT ( .MILLI., .METRE. ) );
#9851 = MECHANICAL_DESIGN_GEOMETRIC_PRESENTATION_REPRESENTATION (  '', ( #1162 ), #4327 ) ;
#9852 = DIRECTION ( 'NONE',  ( 1.188166764367676342E-16, -1.000000000000000000, -0.000000000000000000 ) ) ;
#9853 = VERTEX_POINT ( 'NONE', #1483 ) ;
#9854 = CARTESIAN_POINT ( 'NONE',  ( -0.6945026966040518390, 2.149999999999999911, -0.2062838242416129286 ) ) ;
#9855 = DIRECTION ( 'NONE',  ( 0.3349296976928458625, 4.821734308571131875E-15, 0.9422431202207735002 ) ) ;
#9856 =( NAMED_UNIT ( * ) PLANE_ANGLE_UNIT ( ) SI_UNIT ( $, .RADIAN. ) );
#9857 = COLOUR_RGB ( '',1.000000000000000000, 1.000000000000000000, 1.000000000000000000 ) ;
#9858 = CARTESIAN_POINT ( 'NONE',  ( -0.5024100845746103383, 2.151000000000000689, 0.07332478136463065066 ) ) ;
#9859 = COLOUR_RGB ( '',1.000000000000000000, 1.000000000000000000, 1.000000000000000000 ) ;
#9860 = CARTESIAN_POINT ( 'NONE',  ( -0.2680511645167065748, 2.151000000000000689, -0.3139962808861923027 ) ) ;
#9861 =( NAMED_UNIT ( * ) PLANE_ANGLE_UNIT ( ) SI_UNIT ( $, .RADIAN. ) );
#9862 = VERTEX_POINT ( 'NONE', #6588 ) ;
#9863 = EDGE_CURVE ( 'NONE', #10341, #7796, #8575, .T. ) ;
#9864 = AXIS2_PLACEMENT_3D ( 'NONE', #5908, #8780, #5035 ) ;
#9865 = CARTESIAN_POINT ( 'NONE',  ( 0.3526758101960192904, 2.150000000000000355, -0.1788899421805487944 ) ) ;
#9866 = EDGE_LOOP ( 'NONE', ( #11549, #792, #10589, #10687 ) ) ;
#9867 = CARTESIAN_POINT ( 'NONE',  ( 0.5601440632598605474, 2.150000000000000355, -0.07185876848065600453 ) ) ;
#9868 =( LENGTH_UNIT ( ) NAMED_UNIT ( * ) SI_UNIT ( .MILLI., .METRE. ) );
#9869 = CARTESIAN_POINT ( 'NONE',  ( -0.1519518509115981575, 2.150000000000000355, -0.2417396977382124390 ) ) ;
#9870 = PRESENTATION_STYLE_ASSIGNMENT (( #4191 ) ) ;
#9871 = DIRECTION ( 'NONE',  ( 1.188166764367676342E-16, -1.000000000000000000, -0.000000000000000000 ) ) ;
#9872 = ORIENTED_EDGE ( 'NONE', *, *, #703, .T. ) ;
#9873 = CARTESIAN_POINT ( 'NONE',  ( -0.1384560667873216688, 2.151000000000000689, 0.2744008514786819841 ) ) ;
#9874 = ORIENTED_EDGE ( 'NONE', *, *, #542, .F. ) ;
#9875 =( LENGTH_UNIT ( ) NAMED_UNIT ( * ) SI_UNIT ( .MILLI., .METRE. ) );
#9876 = ORIENTED_EDGE ( 'NONE', *, *, #6548, .T. ) ;
#9877 = B_SPLINE_SURFACE_WITH_KNOTS ( 'NONE', 3, 1, ( 
 ( #10631, #2912 ),
 ( #11475, #3041 ),
 ( #1261, #10565 ),
 ( #2115, #9663 ) ),
 .UNSPECIFIED., .F., .F., .F.,
 ( 4, 4 ),
 ( 2, 2 ),
 ( 2.000000000000000000, 3.000000000000000000 ),
 ( 0.000000000000000000, 1.000000000000000000 ),
 .UNSPECIFIED. ) ;
#9878 = DIRECTION ( 'NONE',  ( 0.000000000000000000, 0.000000000000000000, -1.000000000000000000 ) ) ;
#9879 = DIRECTION ( 'NONE',  ( 0.9999748501857348426, 0.000000000000000000, 0.007092178509963859533 ) ) ;
#9880 = ORIENTED_EDGE ( 'NONE', *, *, #9776, .T. ) ;
#9881 = MECHANICAL_DESIGN_GEOMETRIC_PRESENTATION_REPRESENTATION (  '', ( #613 ), #8259 ) ;
#9882 = CARTESIAN_POINT ( 'NONE',  ( -0.4642585817192438347, 2.150000000000000355, 0.1771578584808927992 ) ) ;
#9883 = COLOUR_RGB ( '',1.000000000000000000, 1.000000000000000000, 1.000000000000000000 ) ;
#9884 = EDGE_CURVE ( 'NONE', #5787, #7735, #6884, .T. ) ;
#9885 = SURFACE_STYLE_FILL_AREA ( #8866 ) ;
#9886 = CARTESIAN_POINT ( 'NONE',  ( -0.4572160088688755342, 2.151000000000000689, -0.1341035426471292313 ) ) ;
#9887 = SURFACE_STYLE_FILL_AREA ( #2562 ) ;
#9888 = CARTESIAN_POINT ( 'NONE',  ( -0.04599029886069992690, 2.150000000000000355, -0.1181896823188296336 ) ) ;
#9889 = CARTESIAN_POINT ( 'NONE',  ( -0.4918686220256033303, 2.150000000000000355, 0.1776898870687715903 ) ) ;
#9890 = EDGE_LOOP ( 'NONE', ( #910, #11657, #1538, #5446, #4772, #6407 ) ) ;
#9891 = VECTOR ( 'NONE', #1671, 1000.000000000000227 ) ;
#9892 = CARTESIAN_POINT ( 'NONE',  ( -0.2092171180314622569, 2.151000000000000689, -0.1648898872949465522 ) ) ;
#9893 = DIRECTION ( 'NONE',  ( 0.9422431202176749787, 1.119541959396738134E-16, -0.3349296977015625565 ) ) ;
#9894 = CARTESIAN_POINT ( 'NONE',  ( 0.1066570890185963294, 2.150000000000000355, -0.2218133080828646186 ) ) ;
#9895 = SURFACE_SIDE_STYLE ('',( #9707 ) ) ;
#9896 = MECHANICAL_DESIGN_GEOMETRIC_PRESENTATION_REPRESENTATION (  '', ( #11064 ), #6371 ) ;
#9897 = CARTESIAN_POINT ( 'NONE',  ( -0.01104944699464593776, 2.151000000000000689, 0.1011406335244480204 ) ) ;
#9898 = FACE_OUTER_BOUND ( 'NONE', #8417, .T. ) ;
#9899 = VERTEX_POINT ( 'NONE', #9407 ) ;
#9900 =( NAMED_UNIT ( * ) SI_UNIT ( $, .STERADIAN. ) SOLID_ANGLE_UNIT ( ) );
#9901 = VERTEX_POINT ( 'NONE', #9531 ) ;
#9902 = ORIENTED_EDGE ( 'NONE', *, *, #2047, .F. ) ;
#9903 = CARTESIAN_POINT ( 'NONE',  ( 3.670000000000000373, -1.800000000000000044, -1.770000000000001572 ) ) ;
#9904 = VECTOR ( 'NONE', #8157, 1000.000000000000000 ) ;
#9905 = VECTOR ( 'NONE', #10369, 1000.000000000000227 ) ;
#9906 = SURFACE_STYLE_USAGE ( .BOTH. , #4465 ) ;
#9907 = PRESENTATION_STYLE_ASSIGNMENT (( #9843 ) ) ;
#9908 = ORIENTED_EDGE ( 'NONE', *, *, #2171, .F. ) ;
#9909 = B_SPLINE_CURVE_WITH_KNOTS ( 'NONE', 3,
 ( #12084, #9354, #1995, #4834 ),
 .UNSPECIFIED., .F., .F.,
 ( 4, 4 ),
 ( 9.000000000000000000, 10.00000000000000000 ),
 .UNSPECIFIED. ) ;
#9910 = UNCERTAINTY_MEASURE_WITH_UNIT (LENGTH_MEASURE( 1.000000000000000082E-05 ), #2901, 'distance_accuracy_value', 'NONE');
#9911 = CARTESIAN_POINT ( 'NONE',  ( -0.6360462274215695766, 2.151000000000000245, 0.1280054337157601196 ) ) ;
#9912 = VECTOR ( 'NONE', #7629, 1000.000000000000000 ) ;
#9913 = CARTESIAN_POINT ( 'NONE',  ( -0.01583697266715030152, 2.150000000000000355, -0.1108013141079787767 ) ) ;
#9914 = ORIENTED_EDGE ( 'NONE', *, *, #9976, .T. ) ;
#9915 = SURFACE_STYLE_USAGE ( .BOTH. , #6161 ) ;
#9916 = CARTESIAN_POINT ( 'NONE',  ( -0.4642585817192438347, 2.151000000000000689, 0.1771578584808927992 ) ) ;
#9917 = ADVANCED_FACE ( 'NONE', ( #6700 ), #10261, .F. ) ;
#9918 = EDGE_CURVE ( 'NONE', #3943, #5049, #3171, .T. ) ;
#9919 = EDGE_CURVE ( 'NONE', #5736, #8669, #9344, .T. ) ;
#9920 = CARTESIAN_POINT ( 'NONE',  ( -1.669999999999997931, -1.800000000000000044, -1.750000000000000000 ) ) ;
#9921 = MECHANICAL_DESIGN_GEOMETRIC_PRESENTATION_REPRESENTATION (  '', ( #1817 ), #455 ) ;
#9922 = CARTESIAN_POINT ( 'NONE',  ( 1.045727199617881409, 2.150000000000000355, -0.2361535754825709321 ) ) ;
#9923 = UNCERTAINTY_MEASURE_WITH_UNIT (LENGTH_MEASURE( 1.000000000000000082E-05 ), #2260, 'distance_accuracy_value', 'NONE');
#9924 = FACE_OUTER_BOUND ( 'NONE', #11583, .T. ) ;
#9925 = VECTOR ( 'NONE', #156, 1000.000000000000000 ) ;
#9926 = ORIENTED_EDGE ( 'NONE', *, *, #294, .T. ) ;
#9927 = CARTESIAN_POINT ( 'NONE',  ( -0.6338918617414532886, 2.151000000000000245, -0.2270655455298175862 ) ) ;
#9928 = VERTEX_POINT ( 'NONE', #7422 ) ;
#9929 = CARTESIAN_POINT ( 'NONE',  ( -0.2176754415752549798, 2.151000000000000689, -0.1964553339650816910 ) ) ;
#9930 = SURFACE_SIDE_STYLE ('',( #8975 ) ) ;
#9931 = LINE ( 'NONE', #4308, #6115 ) ;
#9932 =( NAMED_UNIT ( * ) PLANE_ANGLE_UNIT ( ) SI_UNIT ( $, .RADIAN. ) );
#9933 =( LENGTH_UNIT ( ) NAMED_UNIT ( * ) SI_UNIT ( .MILLI., .METRE. ) );
#9934 =( GEOMETRIC_REPRESENTATION_CONTEXT ( 3 ) GLOBAL_UNCERTAINTY_ASSIGNED_CONTEXT ( ( #3350 ) ) GLOBAL_UNIT_ASSIGNED_CONTEXT ( ( #272, #7783, #4107 ) ) REPRESENTATION_CONTEXT ( 'NONE', 'WORKASPACE' ) );
#9935 = ORIENTED_EDGE ( 'NONE', *, *, #6029, .T. ) ;
#9936 = FACE_OUTER_BOUND ( 'NONE', #7019, .T. ) ;
#9937 = VERTEX_POINT ( 'NONE', #8517 ) ;
#9938 = CARTESIAN_POINT ( 'NONE',  ( -1.669999999999997931, -1.800000000000000044, -1.770000000000000240 ) ) ;
#9939 = ORIENTED_EDGE ( 'NONE', *, *, #1826, .F. ) ;
#9940 = VECTOR ( 'NONE', #11887, 1000.000000000000000 ) ;
#9941 = ADVANCED_FACE ( 'NONE', ( #8390 ), #12135, .F. ) ;
#9942 = DIRECTION ( 'NONE',  ( 0.9999748501857348426, 7.474873201047763605E-15, 0.007092178509963568966 ) ) ;
#9943 = CARTESIAN_POINT ( 'NONE',  ( -0.7130530573381530512, 2.150000000000000355, -0.2223240862405151952 ) ) ;
#9944 = COLOUR_RGB ( '',1.000000000000000000, 1.000000000000000000, 1.000000000000000000 ) ;
#9945 = FACE_OUTER_BOUND ( 'NONE', #106, .T. ) ;
#9946 = DIRECTION ( 'NONE',  ( 1.188166764367676342E-16, -1.000000000000000000, -0.000000000000000000 ) ) ;
#9947 = CARTESIAN_POINT ( 'NONE',  ( 1.151394310051910841, 2.151000000000000689, 0.1564681686824290763 ) ) ;
#9948 = B_SPLINE_CURVE_WITH_KNOTS ( 'NONE', 3,
 ( #9502, #10413, #6907, #11307 ),
 .UNSPECIFIED., .F., .F.,
 ( 4, 4 ),
 ( 18.00000000000000000, 19.00000000000000000 ),
 .UNSPECIFIED. ) ;
#9949 = SURFACE_SIDE_STYLE ('',( #4206 ) ) ;
#9950 = VECTOR ( 'NONE', #6909, 1000.000000000000000 ) ;
#9951 = LINE ( 'NONE', #3387, #9060 ) ;
#9952 = PRESENTATION_STYLE_ASSIGNMENT (( #8063 ) ) ;
#9953 = VERTEX_POINT ( 'NONE', #8155 ) ;
#9954 = COLOUR_RGB ( '',1.000000000000000000, 1.000000000000000000, 1.000000000000000000 ) ;
#9955 = PRESENTATION_STYLE_ASSIGNMENT (( #1422 ) ) ;
#9956 = EDGE_CURVE ( 'NONE', #1823, #764, #3778, .T. ) ;
#9957 = CARTESIAN_POINT ( 'NONE',  ( -0.7164727503591297175, 2.149999999999999911, -0.1726466615357160617 ) ) ;
#9958 = STYLED_ITEM ( 'NONE', ( #11608 ), #5378 ) ;
#9959 = UNCERTAINTY_MEASURE_WITH_UNIT (LENGTH_MEASURE( 1.000000000000000082E-05 ), #9325, 'distance_accuracy_value', 'NONE');
#9960 = CARTESIAN_POINT ( 'NONE',  ( 0.9513813708958780424, 2.151000000000000689, 0.2215666937922319835 ) ) ;
#9961 = DIRECTION ( 'NONE',  ( 1.188166764367676342E-16, -1.000000000000000000, -0.000000000000000000 ) ) ;
#9962 = PRESENTATION_LAYER_ASSIGNMENT (  '', '', ( #6223 ) ) ;
#9963 =( GEOMETRIC_REPRESENTATION_CONTEXT ( 3 ) GLOBAL_UNCERTAINTY_ASSIGNED_CONTEXT ( ( #7454 ) ) GLOBAL_UNIT_ASSIGNED_CONTEXT ( ( #3759, #7503, #10409 ) ) REPRESENTATION_CONTEXT ( 'NONE', 'WORKASPACE' ) );
#9964 = SURFACE_STYLE_FILL_AREA ( #3333 ) ;
#9965 = UNCERTAINTY_MEASURE_WITH_UNIT (LENGTH_MEASURE( 1.000000000000000082E-05 ), #11942, 'distance_accuracy_value', 'NONE');
#9967 = ORIENTED_EDGE ( 'NONE', *, *, #5069, .T. ) ;
#9966 = STYLED_ITEM ( 'NONE', ( #6021 ), #5512 ) ;
#9968 = FILL_AREA_STYLE ('',( #7164 ) ) ;
#9969 = ORIENTED_EDGE ( 'NONE', *, *, #3120, .T. ) ;
#9970 = VERTEX_POINT ( 'NONE', #2536 ) ;
#9971 =( NAMED_UNIT ( * ) PLANE_ANGLE_UNIT ( ) SI_UNIT ( $, .RADIAN. ) );
#9972 = EDGE_CURVE ( 'NONE', #2588, #2499, #977, .T. ) ;
#9973 =( GEOMETRIC_REPRESENTATION_CONTEXT ( 3 ) GLOBAL_UNCERTAINTY_ASSIGNED_CONTEXT ( ( #9697 ) ) GLOBAL_UNIT_ASSIGNED_CONTEXT ( ( #898, #2730, #1809 ) ) REPRESENTATION_CONTEXT ( 'NONE', 'WORKASPACE' ) );
#9974 =( LENGTH_UNIT ( ) NAMED_UNIT ( * ) SI_UNIT ( .MILLI., .METRE. ) );
#9975 = VERTEX_POINT ( 'NONE', #5532 ) ;
#9976 = EDGE_CURVE ( 'NONE', #916, #2065, #649, .T. ) ;
#9977 = DIRECTION ( 'NONE',  ( 0.000000000000000000, -1.000000000000000000, 0.000000000000000000 ) ) ;
#9978 = UNCERTAINTY_MEASURE_WITH_UNIT (LENGTH_MEASURE( 1.000000000000000082E-05 ), #12075, 'distance_accuracy_value', 'NONE');
#9979 = B_SPLINE_SURFACE_WITH_KNOTS ( 'NONE', 3, 1, ( 
 ( #4351, #639 ),
 ( #10537, #4012 ),
 ( #6793, #2076 ),
 ( #11436, #3002 ) ),
 .UNSPECIFIED., .F., .F., .F.,
 ( 4, 4 ),
 ( 2, 2 ),
 ( 12.00000000000000000, 13.00000000000000000 ),
 ( 0.000000000000000000, 1.000000000000000000 ),
 .UNSPECIFIED. ) ;
#9980 = CARTESIAN_POINT ( 'NONE',  ( -0.03921844933712870934, 2.151000000000000689, -0.1008162519341513214 ) ) ;
#9981 = B_SPLINE_CURVE_WITH_KNOTS ( 'NONE', 3,
 ( #11336, #10447, #11403, #3978 ),
 .UNSPECIFIED., .F., .F.,
 ( 4, 4 ),
 ( 12.00000000000000000, 13.00000000000000000 ),
 .UNSPECIFIED. ) ;
#9982 = ORIENTED_EDGE ( 'NONE', *, *, #3229, .T. ) ;
#9983 = CARTESIAN_POINT ( 'NONE',  ( -0.3352827430726375013, 2.151000000000000689, -0.2173572794056506940 ) ) ;
#9984 = CARTESIAN_POINT ( 'NONE',  ( -0.2220596593291072063, 2.150000000000000355, -0.09874672613197567339 ) ) ;
#9985 = PRESENTATION_STYLE_ASSIGNMENT (( #8905 ) ) ;
#9986 = CARTESIAN_POINT ( 'NONE',  ( -0.2419391697635986105, 2.150000000000000355, -0.1839420553702129646 ) ) ;
#9987 = CARTESIAN_POINT ( 'NONE',  ( -0.1529152799644944716, 2.150000000000000355, -0.1278901754188175866 ) ) ;
#9988 = EDGE_LOOP ( 'NONE', ( #10144, #9214, #531, #5228 ) ) ;
#9990 = EDGE_CURVE ( 'NONE', #8667, #11329, #11068, .T. ) ;
#9989 = VECTOR ( 'NONE', #2630, 1000.000000000000000 ) ;
#9991 = CARTESIAN_POINT ( 'NONE',  ( -0.2446671676325514466, 2.150000000000000355, -0.2317914703721156156 ) ) ;
#9992 = CARTESIAN_POINT ( 'NONE',  ( -0.3850111271474130348, 2.151000000000000689, 0.2775391801131213976 ) ) ;
#9993 = FILL_AREA_STYLE ('',( #5296 ) ) ;
#9994 = EDGE_CURVE ( 'NONE', #4087, #4680, #4419, .T. ) ;
#9995 = COLOUR_RGB ( '',1.000000000000000000, 1.000000000000000000, 1.000000000000000000 ) ;
#9996 = LINE ( 'NONE', #7015, #2633 ) ;
#9997 = FACE_OUTER_BOUND ( 'NONE', #8301, .T. ) ;
#9998 = PLANE ( 'NONE',  #3193 ) ;
#9999 = CARTESIAN_POINT ( 'NONE',  ( 0.3577724830705033554, 2.150000000000000355, 0.1219190624905341497 ) ) ;
#10000 = ORIENTED_EDGE ( 'NONE', *, *, #11865, .F. ) ;
#10001 = ORIENTED_EDGE ( 'NONE', *, *, #4194, .F. ) ;
#10002 = SURFACE_SIDE_STYLE ('',( #11857 ) ) ;
#10003 = ORIENTED_EDGE ( 'NONE', *, *, #9216, .F. ) ;
#10004 = FACE_OUTER_BOUND ( 'NONE', #9507, .T. ) ;
#10005 = EDGE_CURVE ( 'NONE', #970, #538, #2593, .T. ) ;
#10006 = CARTESIAN_POINT ( 'NONE',  ( -0.5297800650093548169, 2.150000000000000355, -0.1579093559237638167 ) ) ;
#10007 = PRESENTATION_LAYER_ASSIGNMENT (  '', '', ( #10184 ) ) ;
#10008 = CARTESIAN_POINT ( 'NONE',  ( -0.5363432973049192531, 2.150000000000000355, -0.04617911753983081069 ) ) ;
#10009 = FILL_AREA_STYLE ('',( #553 ) ) ;
#10010 = ORIENTED_EDGE ( 'NONE', *, *, #9216, .T. ) ;
#10011 =( NAMED_UNIT ( * ) PLANE_ANGLE_UNIT ( ) SI_UNIT ( $, .RADIAN. ) );
#10012 = PRESENTATION_STYLE_ASSIGNMENT (( #203 ) ) ;
#10013 = CARTESIAN_POINT ( 'NONE',  ( -0.7838126987322984185, 2.151000000000000245, -0.2513160222968941482 ) ) ;
#10014 = SURFACE_STYLE_FILL_AREA ( #5065 ) ;
#10015 = CARTESIAN_POINT ( 'NONE',  ( -0.09225650617322353475, 2.151000000000000689, -0.1994130191620575587 ) ) ;
#10016 = ADVANCED_FACE ( 'NONE', ( #586 ), #1682, .F. ) ;
#10017 = DIRECTION ( 'NONE',  ( 1.188166764367676342E-16, -1.000000000000000000, -0.000000000000000000 ) ) ;
#10018 = CARTESIAN_POINT ( 'NONE',  ( -0.2839491994334664149, 2.151000000000000689, 0.2782559473715932041 ) ) ;
#10019 =( NAMED_UNIT ( * ) SI_UNIT ( $, .STERADIAN. ) SOLID_ANGLE_UNIT ( ) );
#10020 = PRESENTATION_LAYER_ASSIGNMENT (  '', '', ( #6484 ) ) ;
#10021 = CARTESIAN_POINT ( 'NONE',  ( -0.2070447495069421551, 2.150000000000000355, -0.1193319379601541635 ) ) ;
#10022 = ORIENTED_EDGE ( 'NONE', *, *, #1776, .F. ) ;
#10023 = VERTEX_POINT ( 'NONE', #10944 ) ;
#10024 = CARTESIAN_POINT ( 'NONE',  ( 0.9069978902406599097, 2.151000000000000689, -0.04481634617913134166 ) ) ;
#10025 = CARTESIAN_POINT ( 'NONE',  ( -0.1009309085204929124, 2.151000000000000689, -0.09788763780264009284 ) ) ;
#10026 = VECTOR ( 'NONE', #10564, 1000.000000000000114 ) ;
#10027 = MECHANICAL_DESIGN_GEOMETRIC_PRESENTATION_REPRESENTATION (  '', ( #2515 ), #8617 ) ;
#10028 = PRESENTATION_LAYER_ASSIGNMENT (  '', '', ( #12137 ) ) ;
#10029 = UNCERTAINTY_MEASURE_WITH_UNIT (LENGTH_MEASURE( 1.000000000000000082E-05 ), #2898, 'distance_accuracy_value', 'NONE');
#10030 = CARTESIAN_POINT ( 'NONE',  ( -0.1869395808380833190, 2.151000000000000689, -0.1245962220763700279 ) ) ;
#10031 = EDGE_CURVE ( 'NONE', #8667, #7725, #1563, .T. ) ;
#10032 = CARTESIAN_POINT ( 'NONE',  ( -0.1790932907537494401, 2.151000000000000689, -0.1386816366930572753 ) ) ;
#10033 =( GEOMETRIC_REPRESENTATION_CONTEXT ( 3 ) GLOBAL_UNCERTAINTY_ASSIGNED_CONTEXT ( ( #11510 ) ) GLOBAL_UNIT_ASSIGNED_CONTEXT ( ( #7095, #3199, #8932 ) ) REPRESENTATION_CONTEXT ( 'NONE', 'WORKASPACE' ) );
#10034 = CARTESIAN_POINT ( 'NONE',  ( -3.049999999999998934, -3.076108489377476905E-16, 1.739999999999999991 ) ) ;
#10035 = MECHANICAL_DESIGN_GEOMETRIC_PRESENTATION_REPRESENTATION (  '', ( #8426 ), #9032 ) ;
#10036 = CARTESIAN_POINT ( 'NONE',  ( -0.03407650490992446268, 2.150000000000000355, -0.2219796137038109185 ) ) ;
#10037 = CARTESIAN_POINT ( 'NONE',  ( -0.1790932907537494401, 2.150000000000000355, -0.1386816366930572753 ) ) ;
#10038 = CARTESIAN_POINT ( 'NONE',  ( -0.1939400560608335045, 2.151000000000000689, -0.2297680410870831247 ) ) ;
#10039 = CARTESIAN_POINT ( 'NONE',  ( 1.160911014477863379, 2.150000000000000355, -0.1659275319788961200 ) ) ;
#10040 = UNCERTAINTY_MEASURE_WITH_UNIT (LENGTH_MEASURE( 1.000000000000000082E-05 ), #1756, 'distance_accuracy_value', 'NONE');
#10041 = STYLED_ITEM ( 'NONE', ( #2973 ), #1321 ) ;
#10042 = B_SPLINE_CURVE_WITH_KNOTS ( 'NONE', 3,
 ( #8482, #4921, #1955, #2011 ),
 .UNSPECIFIED., .F., .F.,
 ( 4, 4 ),
 ( 20.00000000000000000, 21.00000000000000000 ),
 .UNSPECIFIED. ) ;
#10043 = STYLED_ITEM ( 'NONE', ( #11966 ), #8597 ) ;
#10044 = VERTEX_POINT ( 'NONE', #2427 ) ;
#10045 = CARTESIAN_POINT ( 'NONE',  ( -0.2446671676325514466, 2.151000000000000689, -0.2317914703721156156 ) ) ;
#10046 = ORIENTED_EDGE ( 'NONE', *, *, #7034, .T. ) ;
#10047 = FACE_OUTER_BOUND ( 'NONE', #486, .T. ) ;
#10048 = CARTESIAN_POINT ( 'NONE',  ( -3.049999999999998934, -2.149999999999999911, 1.739999999999999991 ) ) ;
#10049 = CARTESIAN_POINT ( 'NONE',  ( -0.6374052250181796442, 2.151000000000000245, -0.04689588479829737838 ) ) ;
#10050 =( LENGTH_UNIT ( ) NAMED_UNIT ( * ) SI_UNIT ( .MILLI., .METRE. ) );
#10051 = ORIENTED_EDGE ( 'NONE', *, *, #9067, .T. ) ;
#10052 = ORIENTED_EDGE ( 'NONE', *, *, #1982, .T. ) ;
#10053 = PRESENTATION_STYLE_ASSIGNMENT (( #8981 ) ) ;
#10054 = COLOUR_RGB ( '',0.7725490196078431682, 0.6823529411764706065, 0.3686274509803921795 ) ;
#10055 = PRESENTATION_LAYER_ASSIGNMENT (  '', '', ( #8442 ) ) ;
#10056 = LINE ( 'NONE', #9301, #8375 ) ;
#10057 =( NAMED_UNIT ( * ) SI_UNIT ( $, .STERADIAN. ) SOLID_ANGLE_UNIT ( ) );
#10058 = VERTEX_POINT ( 'NONE', #7173 ) ;
#10059 = PRESENTATION_LAYER_ASSIGNMENT (  '', '', ( #6897 ) ) ;
#10060 = ORIENTED_EDGE ( 'NONE', *, *, #3497, .F. ) ;
#10061 = AXIS2_PLACEMENT_3D ( 'NONE', #7940, #551, #7031 ) ;
#10062 = FILL_AREA_STYLE ('',( #1713 ) ) ;
#10063 = LINE ( 'NONE', #7204, #9193 ) ;
#10064 = LINE ( 'NONE', #1592, #5093 ) ;
#10065 = PRESENTATION_STYLE_ASSIGNMENT (( #6318 ) ) ;
#10066 = DIRECTION ( 'NONE',  ( 1.188166764367676342E-16, -1.000000000000000000, -0.000000000000000000 ) ) ;
#10067 = SURFACE_STYLE_USAGE ( .BOTH. , #3453 ) ;
#10068 = ORIENTED_EDGE ( 'NONE', *, *, #701, .F. ) ;
#10069 = SURFACE_STYLE_FILL_AREA ( #4629 ) ;
#10070 = EDGE_CURVE ( 'NONE', #7806, #6182, #6221, .T. ) ;
#10071 = SURFACE_STYLE_FILL_AREA ( #9596 ) ;
#10072 = COLOUR_RGB ( '',1.000000000000000000, 1.000000000000000000, 1.000000000000000000 ) ;
#10073 = EDGE_CURVE ( 'NONE', #11918, #8047, #1127, .T. ) ;
#10074 = DIRECTION ( 'NONE',  ( -0.9999748501857348426, -0.000000000000000000, -0.007092178509964672251 ) ) ;
#10075 = EDGE_CURVE ( 'NONE', #10462, #4126, #10542, .T. ) ;
#10076 =( NAMED_UNIT ( * ) PLANE_ANGLE_UNIT ( ) SI_UNIT ( $, .RADIAN. ) );
#10077 = B_SPLINE_SURFACE_WITH_KNOTS ( 'NONE', 3, 1, ( 
 ( #5686, #4756 ),
 ( #8492, #1964 ),
 ( #5750, #9508 ),
 ( #1046, #4812 ) ),
 .UNSPECIFIED., .F., .F., .F.,
 ( 4, 4 ),
 ( 2, 2 ),
 ( 4.000000000000000000, 5.000000000000000000 ),
 ( 0.000000000000000000, 1.000000000000000000 ),
 .UNSPECIFIED. ) ;
#10078 = CARTESIAN_POINT ( 'NONE',  ( -0.1521384168749586319, 2.151000000000000689, -0.2154344840441428099 ) ) ;
#10079 =( GEOMETRIC_REPRESENTATION_CONTEXT ( 3 ) GLOBAL_UNCERTAINTY_ASSIGNED_CONTEXT ( ( #10753 ) ) GLOBAL_UNIT_ASSIGNED_CONTEXT ( ( #5528, #7230, #10251 ) ) REPRESENTATION_CONTEXT ( 'NONE', 'WORKASPACE' ) );
#10080 = DIRECTION ( 'NONE',  ( -0.9999748501857349536, -1.188136882194236709E-16, -0.007092178509954029722 ) ) ;
#10081 = VECTOR ( 'NONE', #3219, 1000.000000000000000 ) ;
#10082 = CARTESIAN_POINT ( 'NONE',  ( -1.669999999999997931, 1.800000000000000044, -1.770000000000000240 ) ) ;
#10083 = ORIENTED_EDGE ( 'NONE', *, *, #2268, .T. ) ;
#10084 = FILL_AREA_STYLE_COLOUR ( '', #4215 ) ;
#10085 = EDGE_LOOP ( 'NONE', ( #4967, #9494, #3969, #11231 ) ) ;
#10086 =( NAMED_UNIT ( * ) PLANE_ANGLE_UNIT ( ) SI_UNIT ( $, .RADIAN. ) );
#10087 = CARTESIAN_POINT ( 'NONE',  ( -0.09032349259495267568, 2.150000000000000355, 0.2830604974062453927 ) ) ;
#10088 = B_SPLINE_CURVE_WITH_KNOTS ( 'NONE', 3,
 ( #4809, #10474, #2021, #5804 ),
 .UNSPECIFIED., .F., .F.,
 ( 4, 4 ),
 ( 5.000000000000000000, 6.000000000000000000 ),
 .UNSPECIFIED. ) ;
#10089 = EDGE_CURVE ( 'NONE', #11802, #11162, #2484, .T. ) ;
#10090 = FILL_AREA_STYLE_COLOUR ( '', #4017 ) ;
#10091 = SURFACE_STYLE_USAGE ( .BOTH. , #9018 ) ;
#10092 =( GEOMETRIC_REPRESENTATION_CONTEXT ( 3 ) GLOBAL_UNCERTAINTY_ASSIGNED_CONTEXT ( ( #880 ) ) GLOBAL_UNIT_ASSIGNED_CONTEXT ( ( #5970, #9856, #5037 ) ) REPRESENTATION_CONTEXT ( 'NONE', 'WORKASPACE' ) );
#10093 = STYLED_ITEM ( 'NONE', ( #9955 ), #3737 ) ;
#10094 = CARTESIAN_POINT ( 'NONE',  ( -0.2336961527973537012, 2.150000000000000355, -0.2393040837074693061 ) ) ;
#10095 = CARTESIAN_POINT ( 'NONE',  ( -1.188166764367676267E-19, 2.151000000000000689, 0.000000000000000000 ) ) ;
#10096 = UNCERTAINTY_MEASURE_WITH_UNIT (LENGTH_MEASURE( 1.000000000000000082E-05 ), #1730, 'distance_accuracy_value', 'NONE');
#10097 = CARTESIAN_POINT ( 'NONE',  ( -0.02916875044342299994, 2.151000000000000689, -0.2175777130769686596 ) ) ;
#10098 = SURFACE_SIDE_STYLE ('',( #5470 ) ) ;
#10099 = VECTOR ( 'NONE', #11716, 1000.000000000000000 ) ;
#10100 = PLANE ( 'NONE',  #10644 ) ;
#10101 = STYLED_ITEM ( 'NONE', ( #2587 ), #4483 ) ;
#10102 =( NAMED_UNIT ( * ) PLANE_ANGLE_UNIT ( ) SI_UNIT ( $, .RADIAN. ) );
#10103 = ADVANCED_FACE ( 'NONE', ( #3786 ), #4773, .F. ) ;
#10104 = CARTESIAN_POINT ( 'NONE',  ( -0.2334819604643279534, 2.151000000000000689, -0.1009073053018266636 ) ) ;
#10105 = DIRECTION ( 'NONE',  ( 0.9999748501857348426, 1.188136882194236216E-16, 0.007092178509967263060 ) ) ;
#10106 = CARTESIAN_POINT ( 'NONE',  ( 0.6116445440076632156, 2.151000000000000689, -0.1972975950925945077 ) ) ;
#10107 = VECTOR ( 'NONE', #9775, 1000.000000000000000 ) ;
#10108 = B_SPLINE_CURVE_WITH_KNOTS ( 'NONE', 3,
 ( #9417, #7996, #7154, #4322 ),
 .UNSPECIFIED., .F., .F.,
 ( 4, 4 ),
 ( 2.000000000000000000, 3.000000000000000000 ),
 .UNSPECIFIED. ) ;
#10109 = DIRECTION ( 'NONE',  ( -0.9999748501857348426, -0.000000000000000000, -0.007092178509963681723 ) ) ;
#10110 = FILL_AREA_STYLE_COLOUR ( '', #10298 ) ;
#10111 = SURFACE_STYLE_FILL_AREA ( #6482 ) ;
#10112 = ORIENTED_EDGE ( 'NONE', *, *, #4411, .F. ) ;
#10113 = CARTESIAN_POINT ( 'NONE',  ( -1.669999999999997931, 1.800000000000000044, -1.770000000000000240 ) ) ;
#10114 = DIRECTION ( 'NONE',  ( 1.000000000000000000, -0.000000000000000000, -0.000000000000000000 ) ) ;
#10115 =( GEOMETRIC_REPRESENTATION_CONTEXT ( 3 ) GLOBAL_UNCERTAINTY_ASSIGNED_CONTEXT ( ( #4231 ) ) GLOBAL_UNIT_ASSIGNED_CONTEXT ( ( #11410, #1936, #8467 ) ) REPRESENTATION_CONTEXT ( 'NONE', 'WORKASPACE' ) );
#10116 =( GEOMETRIC_REPRESENTATION_CONTEXT ( 3 ) GLOBAL_UNCERTAINTY_ASSIGNED_CONTEXT ( ( #694 ) ) GLOBAL_UNIT_ASSIGNED_CONTEXT ( ( #8676, #4698, #3770 ) ) REPRESENTATION_CONTEXT ( 'NONE', 'WORKASPACE' ) );
#10117 = CARTESIAN_POINT ( 'NONE',  ( -0.1371080723958850167, 2.151000000000000689, 0.08433788454482407659 ) ) ;
#10118 = DIRECTION ( 'NONE',  ( 0.9999748501857348426, 1.544807128196706564E-14, 0.007092178509964028668 ) ) ;
#10119 = ORIENTED_EDGE ( 'NONE', *, *, #10645, .F. ) ;
#10120 = ORIENTED_EDGE ( 'NONE', *, *, #10492, .F. ) ;
#10121 =( LENGTH_UNIT ( ) NAMED_UNIT ( * ) SI_UNIT ( .MILLI., .METRE. ) );
#10122 = DIRECTION ( 'NONE',  ( 1.000000000000000000, 0.000000000000000000, 0.000000000000000000 ) ) ;
#10123 = EDGE_CURVE ( 'NONE', #761, #5961, #9509, .T. ) ;
#10124 =( LENGTH_UNIT ( ) NAMED_UNIT ( * ) SI_UNIT ( .MILLI., .METRE. ) );
#10125 = DIRECTION ( 'NONE',  ( -0.007092178509966704479, -8.426690792505108141E-19, 0.9999748501857348426 ) ) ;
#10126 = CARTESIAN_POINT ( 'NONE',  ( -0.1791962239488290587, 2.151000000000000689, 0.2789988928581211280 ) ) ;
#10127 = EDGE_LOOP ( 'NONE', ( #421, #7591, #9839, #3232, #7891, #9713, #232 ) ) ;
#10128 = PRESENTATION_LAYER_ASSIGNMENT (  '', '', ( #2423 ) ) ;
#10129 = CARTESIAN_POINT ( 'NONE',  ( 0.3526758101960192904, 2.150000000000000355, -0.1788899421805487944 ) ) ;
#10130 = CARTESIAN_POINT ( 'NONE',  ( 1.129828136568814978, 2.151000000000000689, -0.06492630761585313492 ) ) ;
#10131 = STYLED_ITEM ( 'NONE', ( #3768 ), #5775 ) ;
#10132 = PRESENTATION_STYLE_ASSIGNMENT (( #745 ) ) ;
#10133 = EDGE_CURVE ( 'NONE', #1790, #8730, #1918, .T. ) ;
#10134 = ADVANCED_FACE ( 'NONE', ( #5708 ), #219, .F. ) ;
#10135 = ADVANCED_FACE ( 'NONE', ( #3726 ), #10554, .F. ) ;
#10136 = CARTESIAN_POINT ( 'NONE',  ( 0.1316323761467819153, 2.150000000000000355, -0.04144159567560294632 ) ) ;
#10137 = ORIENTED_EDGE ( 'NONE', *, *, #3963, .T. ) ;
#10138 =( NAMED_UNIT ( * ) PLANE_ANGLE_UNIT ( ) SI_UNIT ( $, .RADIAN. ) );
#10139 = ORIENTED_EDGE ( 'NONE', *, *, #413, .F. ) ;
#10140 = CARTESIAN_POINT ( 'NONE',  ( -0.1527604228407509201, 2.150000000000000355, -0.1497245425174539846 ) ) ;
#10141 = CARTESIAN_POINT ( 'NONE',  ( -0.8337065825514518025, 2.151000000000000245, -0.04828812408223098762 ) ) ;
#10142 = COLOUR_RGB ( '',1.000000000000000000, 1.000000000000000000, 1.000000000000000000 ) ;
#10143 = DIRECTION ( 'NONE',  ( 0.3733863129577214557, 0.000000000000000000, -0.9276759462742572016 ) ) ;
#10144 = ORIENTED_EDGE ( 'NONE', *, *, #6384, .T. ) ;
#10145 = UNCERTAINTY_MEASURE_WITH_UNIT (LENGTH_MEASURE( 1.000000000000000082E-05 ), #11165, 'distance_accuracy_value', 'NONE');
#10146 = LINE ( 'NONE', #883, #7853 ) ;
#10147 = EDGE_LOOP ( 'NONE', ( #1412, #5669, #6555, #633 ) ) ;
#10148 =( LENGTH_UNIT ( ) NAMED_UNIT ( * ) SI_UNIT ( .MILLI., .METRE. ) );
#10149 = EDGE_CURVE ( 'NONE', #11554, #10475, #7096, .T. ) ;
#10150 = CARTESIAN_POINT ( 'NONE',  ( -0.3368784740510142317, 2.151000000000000689, -0.2122736549726954025 ) ) ;
#10151 = ORIENTED_EDGE ( 'NONE', *, *, #4033, .T. ) ;
#10152 = CARTESIAN_POINT ( 'NONE',  ( -0.3088860829701925437, 2.151000000000000689, -0.2740462533201795114 ) ) ;
#10153 =( NAMED_UNIT ( * ) SI_UNIT ( $, .STERADIAN. ) SOLID_ANGLE_UNIT ( ) );
#10154 = CARTESIAN_POINT ( 'NONE',  ( 0.8036585358091165032, 2.150000000000000355, 0.2537775348531681185 ) ) ;
#10155 = ORIENTED_EDGE ( 'NONE', *, *, #9762, .F. ) ;
#10156 = UNCERTAINTY_MEASURE_WITH_UNIT (LENGTH_MEASURE( 1.000000000000000082E-05 ), #11108, 'distance_accuracy_value', 'NONE');
#10157 = PRESENTATION_STYLE_ASSIGNMENT (( #2545 ) ) ;
#10158 = EDGE_LOOP ( 'NONE', ( #8711, #215, #398, #5181, #3215, #1037, #9727, #5767, #10060, #11673, #4193, #3629, #1101, #9442, #8856 ) ) ;
#10159 = DIRECTION ( 'NONE',  ( -0.9999748501857348426, -0.000000000000000000, -0.007092178509963312227 ) ) ;
#10160 = EDGE_CURVE ( 'NONE', #5066, #105, #6976, .T. ) ;
#10161 = CARTESIAN_POINT ( 'NONE',  ( -0.4423626509208923308, 2.150000000000000355, 0.2346052543110218880 ) ) ;
#10162 = CARTESIAN_POINT ( 'NONE',  ( -0.1791345859867398416, 2.150000000000000355, -0.1328591388011946817 ) ) ;
#10163 = LINE ( 'NONE', #9047, #8989 ) ;
#10164 = EDGE_LOOP ( 'NONE', ( #2353, #8065, #525, #12041, #5090, #3043, #491, #1472 ) ) ;
#10165 = CARTESIAN_POINT ( 'NONE',  ( 0.02369497779594218964, 2.151000000000000689, -0.2455888896704679081 ) ) ;
#10166 = SURFACE_STYLE_FILL_AREA ( #7316 ) ;
#10167 = B_SPLINE_SURFACE_WITH_KNOTS ( 'NONE', 3, 1, ( 
 ( #3552, #8342 ),
 ( #7376, #2607 ),
 ( #11138, #9232 ),
 ( #10272, #2548 ) ),
 .UNSPECIFIED., .F., .F., .F.,
 ( 4, 4 ),
 ( 2, 2 ),
 ( 7.000000000000000000, 8.000000000000000000 ),
 ( 0.000000000000000000, 1.000000000000000000 ),
 .UNSPECIFIED. ) ;
#10168 = CARTESIAN_POINT ( 'NONE',  ( -0.1220798914261043283, 2.151000000000000689, 0.07654211085997418562 ) ) ;
#10169 = SURFACE_STYLE_USAGE ( .BOTH. , #611 ) ;
#10170 = PRESENTATION_LAYER_ASSIGNMENT (  '', '', ( #5836 ) ) ;
#10171 = ORIENTED_EDGE ( 'NONE', *, *, #8217, .F. ) ;
#10172 = MECHANICAL_DESIGN_GEOMETRIC_PRESENTATION_REPRESENTATION (  '', ( #6038 ), #9385 ) ;
#10173 =( NAMED_UNIT ( * ) PLANE_ANGLE_UNIT ( ) SI_UNIT ( $, .RADIAN. ) );
#10174 = FILL_AREA_STYLE ('',( #4385 ) ) ;
#10175 = LINE ( 'NONE', #800, #7566 ) ;
#10176 = SURFACE_SIDE_STYLE ('',( #1654 ) ) ;
#10177 = ORIENTED_EDGE ( 'NONE', *, *, #8081, .F. ) ;
#10178 =( NAMED_UNIT ( * ) PLANE_ANGLE_UNIT ( ) SI_UNIT ( $, .RADIAN. ) );
#10179 = DIRECTION ( 'NONE',  ( 0.9999748501857348426, -0.000000000000000000, 0.007092178509963855196 ) ) ;
#10180 = EDGE_LOOP ( 'NONE', ( #9646, #3031, #303, #1031, #2742, #2098, #537, #1342 ) ) ;
#10181 = FACE_OUTER_BOUND ( 'NONE', #4168, .T. ) ;
#10182 = EDGE_CURVE ( 'NONE', #6586, #3391, #2459, .T. ) ;
#10183 = LINE ( 'NONE', #11876, #1804 ) ;
#10184 = STYLED_ITEM ( 'NONE', ( #6996 ), #9600 ) ;
#10185 = FILL_AREA_STYLE_COLOUR ( '', #7655 ) ;
#10186 = ORIENTED_EDGE ( 'NONE', *, *, #3662, .T. ) ;
#10187 = CARTESIAN_POINT ( 'NONE',  ( 0.9691737913716207409, 2.150000000000000355, -0.04437537249888652557 ) ) ;
#10188 = EDGE_LOOP ( 'NONE', ( #10555, #7899, #5073, #6492 ) ) ;
#10189 = SURFACE_STYLE_FILL_AREA ( #10935 ) ;
#10190 =( NAMED_UNIT ( * ) SI_UNIT ( $, .STERADIAN. ) SOLID_ANGLE_UNIT ( ) );
#10191 = EDGE_CURVE ( 'NONE', #1154, #101, #2262, .T. ) ;
#10192 = PRESENTATION_STYLE_ASSIGNMENT (( #10091 ) ) ;
#10193 = SURFACE_SIDE_STYLE ('',( #9271 ) ) ;
#10194 = EDGE_CURVE ( 'NONE', #6608, #1787, #7881, .T. ) ;
#10195 = ORIENTED_EDGE ( 'NONE', *, *, #3393, .F. ) ;
#10196 = VECTOR ( 'NONE', #10870, 1000.000000000000114 ) ;
#10197 = UNCERTAINTY_MEASURE_WITH_UNIT (LENGTH_MEASURE( 1.000000000000000082E-05 ), #8403, 'distance_accuracy_value', 'NONE');
#10198 = EDGE_LOOP ( 'NONE', ( #8016, #10464, #9544, #9 ) ) ;
#10199 = CARTESIAN_POINT ( 'NONE',  ( 0.3882810550217855039, 2.151000000000000689, -0.1019982081876329855 ) ) ;
#10200 = VERTEX_POINT ( 'NONE', #5320 ) ;
#10201 = CARTESIAN_POINT ( 'NONE',  ( 3.650000000000000355, 1.800000000000000044, 0.000000000000000000 ) ) ;
#10202 = STYLED_ITEM ( 'NONE', ( #10157 ), #7809 ) ;
#10203 = CARTESIAN_POINT ( 'NONE',  ( -0.01104944699464593776, 2.151000000000000689, 0.1011406335244480204 ) ) ;
#10204 =( NAMED_UNIT ( * ) PLANE_ANGLE_UNIT ( ) SI_UNIT ( $, .RADIAN. ) );
#10205 = CARTESIAN_POINT ( 'NONE',  ( -0.4570508279368845073, 2.151000000000000689, -0.1573935342187322839 ) ) ;
#10206 = ADVANCED_FACE ( 'NONE', ( #5189 ), #3657, .F. ) ;
#10207 = ADVANCED_FACE ( 'NONE', ( #3630 ), #7506, .F. ) ;
#10208 = STYLED_ITEM ( 'NONE', ( #4458 ), #410 ) ;
#10209 = CARTESIAN_POINT ( 'NONE',  ( 0.7633360605537862220, 2.150000000000000355, -0.1774233946009069751 ) ) ;
#10210 = AXIS2_PLACEMENT_3D ( 'NONE', #10095, #9977, #8154 ) ;
#10211 = CARTESIAN_POINT ( 'NONE',  ( -0.3814892801183843440, 2.151000000000000689, 0.07418239486422290030 ) ) ;
#10212 = COLOUR_RGB ( '',1.000000000000000000, 1.000000000000000000, 1.000000000000000000 ) ;
#10213 = CARTESIAN_POINT ( 'NONE',  ( -3.649999999999997691, 1.599999999999999867, -4.898587196589411843E-17 ) ) ;
#10214 = PLANE ( 'NONE',  #8626 ) ;
#10215 = DIRECTION ( 'NONE',  ( 0.9999748501857348426, -0.000000000000000000, 0.007092178509962939262 ) ) ;
#10216 = CARTESIAN_POINT ( 'NONE',  ( -0.8483944477161602382, 2.151000000000000245, -0.08114549376474268494 ) ) ;
#10217 = FILL_AREA_STYLE ('',( #7379 ) ) ;
#10218 = PRESENTATION_LAYER_ASSIGNMENT (  '', '', ( #1350 ) ) ;
#10219 = FILL_AREA_STYLE_COLOUR ( '', #6605 ) ;
#10220 = DIRECTION ( 'NONE',  ( -0.8873869422626033954, 0.000000000000000000, 0.4610253948556704562 ) ) ;
#10221 = VECTOR ( 'NONE', #6708, 1000.000000000000000 ) ;
#10222 = EDGE_CURVE ( 'NONE', #10305, #852, #10347, .T. ) ;
#10223 = ORIENTED_EDGE ( 'NONE', *, *, #1663, .T. ) ;
#10224 = CARTESIAN_POINT ( 'NONE',  ( -0.1258104222230995439, 2.150000000000000355, 0.2800013944570518554 ) ) ;
#10225 = EDGE_LOOP ( 'NONE', ( #3303, #1035, #6114, #3404 ) ) ;
#10226 = DIRECTION ( 'NONE',  ( 0.007092178509962939262, 8.426690792500633242E-19, -0.9999748501857348426 ) ) ;
#10227 = PLANE ( 'NONE',  #11758 ) ;
#10228 = FILL_AREA_STYLE_COLOUR ( '', #6019 ) ;
#10229 = ORIENTED_EDGE ( 'NONE', *, *, #10964, .F. ) ;
#10230 = PLANE ( 'NONE',  #469 ) ;
#10231 = ORIENTED_EDGE ( 'NONE', *, *, #11374, .F. ) ;
#10232 = CARTESIAN_POINT ( 'NONE',  ( -0.3030182329024200816, 2.150000000000000355, -0.2877297861133293888 ) ) ;
#10233 =( NAMED_UNIT ( * ) PLANE_ANGLE_UNIT ( ) SI_UNIT ( $, .RADIAN. ) );
#10234 =( GEOMETRIC_REPRESENTATION_CONTEXT ( 3 ) GLOBAL_UNCERTAINTY_ASSIGNED_CONTEXT ( ( #11870 ) ) GLOBAL_UNIT_ASSIGNED_CONTEXT ( ( #9265, #2577, #2696 ) ) REPRESENTATION_CONTEXT ( 'NONE', 'WORKASPACE' ) );
#10235 = EDGE_CURVE ( 'NONE', #10337, #9953, #11258, .T. ) ;
#10236 = PRESENTATION_LAYER_ASSIGNMENT (  '', '', ( #593 ) ) ;
#10237 = CARTESIAN_POINT ( 'NONE',  ( -0.3838054770323672815, 2.150000000000000355, 0.2541525895137378699 ) ) ;
#10238 = CARTESIAN_POINT ( 'NONE',  ( -0.1912972168460800315, 2.150000000000000355, -0.2505449784619278031 ) ) ;
#10239 =( LENGTH_UNIT ( ) NAMED_UNIT ( * ) SI_UNIT ( .MILLI., .METRE. ) );
#10240 = STYLED_ITEM ( 'NONE', ( #1625 ), #3102 ) ;
#10241 = SURFACE_SIDE_STYLE ('',( #231 ) ) ;
#10242 = CARTESIAN_POINT ( 'NONE',  ( -0.2419391697635986105, 2.150000000000000355, -0.1839420553702129646 ) ) ;
#10243 = VERTEX_POINT ( 'NONE', #11206 ) ;
#10244 = ORIENTED_EDGE ( 'NONE', *, *, #3840, .F. ) ;
#10245 = LINE ( 'NONE', #9516, #4972 ) ;
#10246 = VECTOR ( 'NONE', #3363, 1000.000000000000114 ) ;
#10247 = CARTESIAN_POINT ( 'NONE',  ( -3.649999999999998579, 2.149999999999999911, 1.750000000000000000 ) ) ;
#10248 = SURFACE_SIDE_STYLE ('',( #4820 ) ) ;
#10249 = DIRECTION ( 'NONE',  ( 0.9276759462742572016, 1.102233727466406689E-16, 0.3733863129577214557 ) ) ;
#10250 = UNCERTAINTY_MEASURE_WITH_UNIT (LENGTH_MEASURE( 1.000000000000000082E-05 ), #8716, 'distance_accuracy_value', 'NONE');
#10251 =( NAMED_UNIT ( * ) SI_UNIT ( $, .STERADIAN. ) SOLID_ANGLE_UNIT ( ) );
#10252 = DIRECTION ( 'NONE',  ( 0.9999748501857348426, -0.000000000000000000, 0.007092178509963726826 ) ) ;
#10253 = ORIENTED_EDGE ( 'NONE', *, *, #3177, .F. ) ;
#10254 = B_SPLINE_SURFACE_WITH_KNOTS ( 'NONE', 3, 1, ( 
 ( #535, #5981 ),
 ( #6041, #4309 ),
 ( #4124, #3249 ),
 ( #7017, #9046 ) ),
 .UNSPECIFIED., .F., .F., .F.,
 ( 4, 4 ),
 ( 2, 2 ),
 ( 4.000000000000000000, 5.000000000000000000 ),
 ( 0.000000000000000000, 1.000000000000000000 ),
 .UNSPECIFIED. ) ;
#10255 =( LENGTH_UNIT ( ) NAMED_UNIT ( * ) SI_UNIT ( .MILLI., .METRE. ) );
#10256 = ORIENTED_EDGE ( 'NONE', *, *, #626, .F. ) ;
#10257 = CARTESIAN_POINT ( 'NONE',  ( -0.1912972168460800315, 2.150000000000000355, -0.2505449784619278031 ) ) ;
#10258 = SURFACE_SIDE_STYLE ('',( #8331 ) ) ;
#10259 = FILL_AREA_STYLE ('',( #12133 ) ) ;
#10260 = MECHANICAL_DESIGN_GEOMETRIC_PRESENTATION_REPRESENTATION (  '', ( #993 ), #6929 ) ;
#10261 = PLANE ( 'NONE',  #140 ) ;
#10262 = DIRECTION ( 'NONE',  ( 0.007092178509967263060, 0.000000000000000000, -0.9999748501857348426 ) ) ;
#10263 =( NAMED_UNIT ( * ) SI_UNIT ( $, .STERADIAN. ) SOLID_ANGLE_UNIT ( ) );
#10264 = UNCERTAINTY_MEASURE_WITH_UNIT (LENGTH_MEASURE( 1.000000000000000082E-05 ), #3122, 'distance_accuracy_value', 'NONE');
#10265 = STYLED_ITEM ( 'NONE', ( #10950 ), #12145 ) ;
#10266 = PRESENTATION_STYLE_ASSIGNMENT (( #212 ) ) ;
#10267 = LINE ( 'NONE', #837, #10221 ) ;
#10268 =( GEOMETRIC_REPRESENTATION_CONTEXT ( 3 ) GLOBAL_UNCERTAINTY_ASSIGNED_CONTEXT ( ( #7108 ) ) GLOBAL_UNIT_ASSIGNED_CONTEXT ( ( #9844, #459, #4468 ) ) REPRESENTATION_CONTEXT ( 'NONE', 'WORKASPACE' ) );
#10269 = LINE ( 'NONE', #10330, #2656 ) ;
#10270 = SURFACE_SIDE_STYLE ('',( #7375 ) ) ;
#10271 = EDGE_CURVE ( 'NONE', #2414, #11918, #10674, .T. ) ;
#10272 = CARTESIAN_POINT ( 'NONE',  ( -0.04672251470035235221, 2.151000000000000689, -0.2495196030782849683 ) ) ;
#10273 = DIRECTION ( 'NONE',  ( 1.188166764367676342E-16, -1.000000000000000000, -0.000000000000000000 ) ) ;
#10274 = SURFACE_SIDE_STYLE ('',( #4613 ) ) ;
#10275 = EDGE_CURVE ( 'NONE', #5142, #10784, #2750, .T. ) ;
#10276 = CARTESIAN_POINT ( 'NONE',  ( -0.2438807483190270076, 2.151000000000000689, -0.1300950110839209084 ) ) ;
#10277 = EDGE_CURVE ( 'NONE', #4575, #11363, #5622, .T. ) ;
#10278 =( NAMED_UNIT ( * ) PLANE_ANGLE_UNIT ( ) SI_UNIT ( $, .RADIAN. ) );
#10279 = CARTESIAN_POINT ( 'NONE',  ( -0.03407650490992446268, 2.151000000000000689, -0.2219796137038109185 ) ) ;
#10280 = PRESENTATION_LAYER_ASSIGNMENT (  '', '', ( #6369 ) ) ;
#10281 = CARTESIAN_POINT ( 'NONE',  ( 0.2982013754879659362, 2.151000000000000689, -0.04190405822187966839 ) ) ;
#10282 = VECTOR ( 'NONE', #11053, 1000.000000000000000 ) ;
#10283 = CARTESIAN_POINT ( 'NONE',  ( 1.220933336993636820, 2.151000000000000689, -0.06572624123572964883 ) ) ;
#10284 = VERTEX_POINT ( 'NONE', #2564 ) ;
#10285 = PRESENTATION_STYLE_ASSIGNMENT (( #9246 ) ) ;
#10286 = VERTEX_POINT ( 'NONE', #1888 ) ;
#10287 = CARTESIAN_POINT ( 'NONE',  ( -0.8445179435863524597, 2.149999999999999911, -0.08527713648157950188 ) ) ;
#10288 = VECTOR ( 'NONE', #5400, 1000.000000000000000 ) ;
#10289 = ORIENTED_EDGE ( 'NONE', *, *, #8373, .T. ) ;
#10290 = SURFACE_STYLE_FILL_AREA ( #3695 ) ;
#10291 = COLOUR_RGB ( '',1.000000000000000000, 1.000000000000000000, 1.000000000000000000 ) ;
#10292 = ADVANCED_FACE ( 'NONE', ( #9188 ), #8677, .T. ) ;
#10293 = DIRECTION ( 'NONE',  ( 0.9999748501857348426, -0.000000000000000000, 0.007092178509963093652 ) ) ;
#10294 = EDGE_LOOP ( 'NONE', ( #9557, #4976, #2078, #3081 ) ) ;
#10295 = CARTESIAN_POINT ( 'NONE',  ( -0.2096868513068216588, 2.150000000000000355, -0.09865897376185628342 ) ) ;
#10296 = SURFACE_STYLE_USAGE ( .BOTH. , #6567 ) ;
#10297 = SURFACE_SIDE_STYLE ('',( #8359 ) ) ;
#10298 = COLOUR_RGB ( '',1.000000000000000000, 1.000000000000000000, 1.000000000000000000 ) ;
#10299 = FILL_AREA_STYLE ('',( #5867 ) ) ;
#10300 = CARTESIAN_POINT ( 'NONE',  ( -0.2872980658160909084, 2.151000000000000689, 0.09803761725832114970 ) ) ;
#10301 =( NAMED_UNIT ( * ) PLANE_ANGLE_UNIT ( ) SI_UNIT ( $, .RADIAN. ) );
#10302 = CARTESIAN_POINT ( 'NONE',  ( -0.06340580595147962684, 2.151000000000000689, -0.1183131993103883756 ) ) ;
#10303 = ADVANCED_FACE ( 'NONE', ( #9619 ), #7490, .F. ) ;
#10304 = CARTESIAN_POINT ( 'NONE',  ( 1.043594103507980542, 2.151000000000000689, -0.1392851160962098322 ) ) ;
#10305 = VERTEX_POINT ( 'NONE', #7620 ) ;
#10306 =( GEOMETRIC_REPRESENTATION_CONTEXT ( 3 ) GLOBAL_UNCERTAINTY_ASSIGNED_CONTEXT ( ( #3719 ) ) GLOBAL_UNIT_ASSIGNED_CONTEXT ( ( #3013, #11505, #7817 ) ) REPRESENTATION_CONTEXT ( 'NONE', 'WORKASPACE' ) );
#10307 = CARTESIAN_POINT ( 'NONE',  ( 3.650000000000000355, 1.800000000000000044, -1.750000000000000000 ) ) ;
#10308 = CARTESIAN_POINT ( 'NONE',  ( 0.9513813708958780424, 2.151000000000000689, 0.2215666937922319835 ) ) ;
#10309 = DIRECTION ( 'NONE',  ( 0.000000000000000000, 0.000000000000000000, -1.000000000000000000 ) ) ;
#10310 = VERTEX_POINT ( 'NONE', #2014 ) ;
#10311 = MECHANICAL_DESIGN_GEOMETRIC_PRESENTATION_REPRESENTATION (  '', ( #9137 ), #4808 ) ;
#10312 = CARTESIAN_POINT ( 'NONE',  ( -0.1988308685511614993, 2.150000000000000355, -0.1192736821850342438 ) ) ;
#10313 = CARTESIAN_POINT ( 'NONE',  ( 0.4927689662109027147, 2.151000000000000689, -0.1547599969808891862 ) ) ;
#10314 = UNCERTAINTY_MEASURE_WITH_UNIT (LENGTH_MEASURE( 1.000000000000000082E-05 ), #830, 'distance_accuracy_value', 'NONE');
#10315 = ORIENTED_EDGE ( 'NONE', *, *, #10191, .T. ) ;
#10316 = CARTESIAN_POINT ( 'NONE',  ( -0.2872980658160909084, 2.150000000000000355, 0.09803761725832114970 ) ) ;
#10317 = EDGE_CURVE ( 'NONE', #4151, #7285, #4357, .T. ) ;
#10318 = PLANE ( 'NONE',  #10360 ) ;
#10319 = ORIENTED_EDGE ( 'NONE', *, *, #9238, .F. ) ;
#10320 = CARTESIAN_POINT ( 'NONE',  ( 3.649999999999997691, -1.600000000000000089, 3.429011037612588783E-16 ) ) ;
#10321 = CARTESIAN_POINT ( 'NONE',  ( -0.1550972372032313751, 2.151000000000000689, -0.1574355181319620767 ) ) ;
#10322 = CARTESIAN_POINT ( 'NONE',  ( -0.1180595589040768500, 2.150000000000000355, -0.1531176758397616300 ) ) ;
#10323 = SURFACE_STYLE_FILL_AREA ( #2905 ) ;
#10324 = FILL_AREA_STYLE_COLOUR ( '', #8683 ) ;
#10325 = PRESENTATION_LAYER_ASSIGNMENT (  '', '', ( #9958 ) ) ;
#10326 = ADVANCED_FACE ( 'NONE', ( #10531 ), #3114, .F. ) ;
#10327 = PRESENTATION_LAYER_ASSIGNMENT (  '', '', ( #11485 ) ) ;
#10328 = COLOUR_RGB ( '',1.000000000000000000, 1.000000000000000000, 1.000000000000000000 ) ;
#10329 = SURFACE_STYLE_USAGE ( .BOTH. , #6597 ) ;
#10330 = CARTESIAN_POINT ( 'NONE',  ( -0.6374052250181796442, 2.151000000000000245, -0.04689588479829737838 ) ) ;
#10331 = CARTESIAN_POINT ( 'NONE',  ( 0.9090899521946753659, 2.151000000000000689, -0.1359010631206535868 ) ) ;
#10332 = SURFACE_STYLE_USAGE ( .BOTH. , #87 ) ;
#10333 = CARTESIAN_POINT ( 'NONE',  ( -0.8037541729023485182, 2.150000000000000355, -0.1958290067813816815 ) ) ;
#10334 = COLOUR_RGB ( '',1.000000000000000000, 1.000000000000000000, 1.000000000000000000 ) ;
#10335 = DIRECTION ( 'NONE',  ( 0.9999748501857348426, 1.188136882194236216E-16, 0.007092178509970712558 ) ) ;
#10336 = CARTESIAN_POINT ( 'NONE',  ( -0.09208247626273287356, 2.150000000000000355, -0.2239506888535458817 ) ) ;
#10337 = VERTEX_POINT ( 'NONE', #11855 ) ;
#10338 = ORIENTED_EDGE ( 'NONE', *, *, #11236, .F. ) ;
#10339 = EDGE_CURVE ( 'NONE', #8620, #5109, #2271, .T. ) ;
#10340 =( LENGTH_UNIT ( ) NAMED_UNIT ( * ) SI_UNIT ( .MILLI., .METRE. ) );
#10341 = VERTEX_POINT ( 'NONE', #8112 ) ;
#10342 = LINE ( 'NONE', #165, #3915 ) ;
#10343 = CARTESIAN_POINT ( 'NONE',  ( -0.5395277201711268233, 2.150000000000000355, -0.2495834660481677791 ) ) ;
#10344 = B_SPLINE_CURVE_WITH_KNOTS ( 'NONE', 3,
 ( #9379, #6625, #11434, #10535 ),
 .UNSPECIFIED., .F., .F.,
 ( 4, 4 ),
 ( 7.000000000000000000, 8.000000000000000000 ),
 .UNSPECIFIED. ) ;
#10345 = CARTESIAN_POINT ( 'NONE',  ( -0.4918686220256033303, 2.150000000000000355, 0.1776898870687715903 ) ) ;
#10346 = ORIENTED_EDGE ( 'NONE', *, *, #141, .T. ) ;
#10347 = LINE ( 'NONE', #858, #11562 ) ;
#10348 = DIRECTION ( 'NONE',  ( -0.007092178509965255985, -8.426690792503387322E-19, 0.9999748501857348426 ) ) ;
#10349 = ORIENTED_EDGE ( 'NONE', *, *, #2860, .F. ) ;
#10350 = CARTESIAN_POINT ( 'NONE',  ( -0.2872980658160909084, 2.151000000000000689, 0.09803761725832114970 ) ) ;
#10351 = CARTESIAN_POINT ( 'NONE',  ( -0.7548041824439889469, 2.151000000000000245, -0.2511102835467768912 ) ) ;
#10352 = DIRECTION ( 'NONE',  ( 0.9999748501857348426, -0.000000000000000000, 0.007092178509964326173 ) ) ;
#10353 = CARTESIAN_POINT ( 'NONE',  ( -0.4080312271942275193, 2.150000000000000355, 0.2539807718478698240 ) ) ;
#10354 = COLOUR_RGB ( '',1.000000000000000000, 1.000000000000000000, 1.000000000000000000 ) ;
#10355 = CARTESIAN_POINT ( 'NONE',  ( 0.6116445440076632156, 2.150000000000000355, -0.1972975950925945077 ) ) ;
#10356 = EDGE_CURVE ( 'NONE', #9563, #11277, #4510, .T. ) ;
#10357 = CARTESIAN_POINT ( 'NONE',  ( -0.1762211062302564690, 2.150000000000000355, -0.2504380533050566404 ) ) ;
#10358 = AXIS2_PLACEMENT_3D ( 'NONE', #11481, #3992, #3047 ) ;
#10359 = CARTESIAN_POINT ( 'NONE',  ( -0.8472986747410672370, 2.149999999999999911, -0.07437912571900760772 ) ) ;
#10360 = AXIS2_PLACEMENT_3D ( 'NONE', #3602, #4774, #4038 ) ;
#10361 = SURFACE_STYLE_USAGE ( .BOTH. , #11264 ) ;
#10362 = SURFACE_STYLE_USAGE ( .BOTH. , #1848 ) ;
#10363 = VECTOR ( 'NONE', #901, 1000.000000000000000 ) ;
#10364 = ORIENTED_EDGE ( 'NONE', *, *, #19, .F. ) ;
#10365 = CARTESIAN_POINT ( 'NONE',  ( 0.7133942629646764511, 2.150000000000000355, 0.3398987606843663634 ) ) ;
#10366 = LINE ( 'NONE', #9454, #811 ) ;
#10367 = MECHANICAL_DESIGN_GEOMETRIC_PRESENTATION_REPRESENTATION (  '', ( #926 ), #9396 ) ;
#10368 = CARTESIAN_POINT ( 'NONE',  ( -0.2419391697635986105, 2.150000000000000355, -0.1839420553702129646 ) ) ;
#10369 = DIRECTION ( 'NONE',  ( 0.3349296977015625565, 0.000000000000000000, 0.9422431202176749787 ) ) ;
#10370 = ORIENTED_EDGE ( 'NONE', *, *, #3976, .T. ) ;
#10371 = EDGE_CURVE ( 'NONE', #9970, #7619, #3252, .T. ) ;
#10372 = SURFACE_SIDE_STYLE ('',( #5761 ) ) ;
#10373 = CARTESIAN_POINT ( 'NONE',  ( -0.6093852423787369244, 2.150000000000000355, 0.2759478388129475990 ) ) ;
#10374 = CARTESIAN_POINT ( 'NONE',  ( -0.1693673788884486608, 2.151000000000000689, -0.1099146168151994701 ) ) ;
#10375 = VERTEX_POINT ( 'NONE', #3440 ) ;
#10376 = FILL_AREA_STYLE_COLOUR ( '', #9209 ) ;
#10377 = CARTESIAN_POINT ( 'NONE',  ( -0.0009625252939690633839, 2.151000000000000689, -0.2068758453878232206 ) ) ;
#10378 = VERTEX_POINT ( 'NONE', #359 ) ;
#10379 = SURFACE_STYLE_FILL_AREA ( #2963 ) ;
#10380 = CARTESIAN_POINT ( 'NONE',  ( 0.01429418234482157657, 2.150000000000000355, 0.2075863112039371683 ) ) ;
#10381 = SURFACE_STYLE_FILL_AREA ( #3729 ) ;
#10382 = DIRECTION ( 'NONE',  ( 0.000000000000000000, 0.000000000000000000, -1.000000000000000000 ) ) ;
#10383 = CARTESIAN_POINT ( 'NONE',  ( -0.5932494851535272673, 2.151000000000000689, 0.2439329517014943438 ) ) ;
#10384 =( NAMED_UNIT ( * ) PLANE_ANGLE_UNIT ( ) SI_UNIT ( $, .RADIAN. ) );
#10385 = ADVANCED_FACE ( 'NONE', ( #9936 ), #3068, .F. ) ;
#10386 = STYLED_ITEM ( 'NONE', ( #9952 ), #10135 ) ;
#10387 = UNCERTAINTY_MEASURE_WITH_UNIT (LENGTH_MEASURE( 1.000000000000000082E-05 ), #1508, 'distance_accuracy_value', 'NONE');
#10388 = PLANE ( 'NONE',  #2150 ) ;
#10389 = SURFACE_STYLE_USAGE ( .BOTH. , #8395 ) ;
#10390 =( NAMED_UNIT ( * ) PLANE_ANGLE_UNIT ( ) SI_UNIT ( $, .RADIAN. ) );
#10391 = CARTESIAN_POINT ( 'NONE',  ( 0.9837870730253228668, 2.150000000000000355, 0.1379272413878900039 ) ) ;
#10392 = FILL_AREA_STYLE_COLOUR ( '', #5184 ) ;
#10393 = VERTEX_POINT ( 'NONE', #3376 ) ;
#10394 = CARTESIAN_POINT ( 'NONE',  ( -0.3519693816996759539, 2.151000000000000689, 0.09757894520608351163 ) ) ;
#10395 = FACE_OUTER_BOUND ( 'NONE', #2609, .T. ) ;
#10396 = VECTOR ( 'NONE', #10862, 1000.000000000000114 ) ;
#10397 = CARTESIAN_POINT ( 'NONE',  ( -0.2139548925679195801, 2.151000000000000689, -0.2299099934505146881 ) ) ;
#10398 = CARTESIAN_POINT ( 'NONE',  ( 0.9656563665085891035, 2.151000000000000689, -0.1600822850977186018 ) ) ;
#10399 =( NAMED_UNIT ( * ) PLANE_ANGLE_UNIT ( ) SI_UNIT ( $, .RADIAN. ) );
#10400 = CARTESIAN_POINT ( 'NONE',  ( -0.9377969733660995733, 2.149999999999999911, -0.2524081337267239933 ) ) ;
#10401 = EDGE_LOOP ( 'NONE', ( #6434, #6957, #9305, #8559 ) ) ;
#10402 = CARTESIAN_POINT ( 'NONE',  ( -3.649999999999998579, 2.149999999999999911, 1.750000000000000000 ) ) ;
#10403 = PRESENTATION_LAYER_ASSIGNMENT (  '', '', ( #3302 ) ) ;
#10404 = EDGE_LOOP ( 'NONE', ( #11484, #11395, #9172, #11366 ) ) ;
#10405 = COLOUR_RGB ( '',0.6470588235294117974, 0.6196078431372549211, 0.5882352941176470784 ) ;
#10406 = VECTOR ( 'NONE', #6042, 1000.000000000000000 ) ;
#10407 = ORIENTED_EDGE ( 'NONE', *, *, #7750, .F. ) ;
#10408 = FACE_OUTER_BOUND ( 'NONE', #10843, .T. ) ;
#10409 =( NAMED_UNIT ( * ) SI_UNIT ( $, .STERADIAN. ) SOLID_ANGLE_UNIT ( ) );
#10410 = FILL_AREA_STYLE ('',( #1034 ) ) ;
#10411 = ORIENTED_EDGE ( 'NONE', *, *, #10182, .F. ) ;
#10412 = COLOUR_RGB ( '',1.000000000000000000, 1.000000000000000000, 1.000000000000000000 ) ;
#10413 = CARTESIAN_POINT ( 'NONE',  ( -0.2086087507596197932, 2.150000000000000355, -0.2506677580386075244 ) ) ;
#10414 = VERTEX_POINT ( 'NONE', #11732 ) ;
#10415 = VECTOR ( 'NONE', #1120, 1000.000000000000000 ) ;
#10416 =( LENGTH_UNIT ( ) NAMED_UNIT ( * ) SI_UNIT ( .MILLI., .METRE. ) );
#10417 = STYLED_ITEM ( 'NONE', ( #3856 ), #7481 ) ;
#10418 = DIRECTION ( 'NONE',  ( 1.188166764367676342E-16, -1.000000000000000000, -0.000000000000000000 ) ) ;
#10419 = SURFACE_STYLE_FILL_AREA ( #11312 ) ;
#10420 = CARTESIAN_POINT ( 'NONE',  ( -0.3838054770323672815, 2.151000000000000689, 0.2541525895137378699 ) ) ;
#10421 = ORIENTED_EDGE ( 'NONE', *, *, #7480, .F. ) ;
#10422 =( GEOMETRIC_REPRESENTATION_CONTEXT ( 3 ) GLOBAL_UNCERTAINTY_ASSIGNED_CONTEXT ( ( #6392 ) ) GLOBAL_UNIT_ASSIGNED_CONTEXT ( ( #2727, #4666, #2785 ) ) REPRESENTATION_CONTEXT ( 'NONE', 'WORKASPACE' ) );
#10423 =( NAMED_UNIT ( * ) PLANE_ANGLE_UNIT ( ) SI_UNIT ( $, .RADIAN. ) );
#10424 = SURFACE_STYLE_FILL_AREA ( #11321 ) ;
#10425 = CARTESIAN_POINT ( 'NONE',  ( -0.2240347612523697907, 2.151000000000000689, -0.2234308438569110045 ) ) ;
#10426 = ADVANCED_FACE ( 'NONE', ( #5984 ), #3309, .F. ) ;
#10427 = ORIENTED_EDGE ( 'NONE', *, *, #6566, .F. ) ;
#10428 = AXIS2_PLACEMENT_3D ( 'NONE', #4582, #2762, #1667 ) ;
#10429 = EDGE_CURVE ( 'NONE', #6033, #7561, #724, .T. ) ;
#10430 = CARTESIAN_POINT ( 'NONE',  ( 1.670000000000000373, 1.800000000000000044, -1.770000000000001128 ) ) ;
#10431 = EDGE_CURVE ( 'NONE', #7388, #5740, #1814, .T. ) ;
#10432 = STYLED_ITEM ( 'NONE', ( #9154 ), #1461 ) ;
#10433 = CARTESIAN_POINT ( 'NONE',  ( -0.2503624695820707569, 2.150000000000000355, -0.1984547949458479732 ) ) ;
#10434 =( NAMED_UNIT ( * ) PLANE_ANGLE_UNIT ( ) SI_UNIT ( $, .RADIAN. ) );
#10435 = COLOUR_RGB ( '',0.7725490196078431682, 0.6823529411764706065, 0.3686274509803921795 ) ;
#10436 = DIRECTION ( 'NONE',  ( 0.007092178509962387620, 8.426690792499977463E-19, -0.9999748501857348426 ) ) ;
#10437 = CARTESIAN_POINT ( 'NONE',  ( -0.3838054770323672260, 2.151000000000000689, 0.2541525895137378699 ) ) ;
#10438 = COLOUR_RGB ( '',1.000000000000000000, 1.000000000000000000, 1.000000000000000000 ) ;
#10439 = COLOUR_RGB ( '',1.000000000000000000, 1.000000000000000000, 1.000000000000000000 ) ;
#10440 = VERTEX_POINT ( 'NONE', #11912 ) ;
#10441 = CARTESIAN_POINT ( 'NONE',  ( -0.004956271428474406937, 2.151000000000000689, -0.2301953335558050151 ) ) ;
#10442 = ORIENTED_EDGE ( 'NONE', *, *, #1805, .F. ) ;
#10443 = CARTESIAN_POINT ( 'NONE',  ( -0.09192319464974493815, 2.150000000000000355, -0.2464088950114305676 ) ) ;
#10444 =( NAMED_UNIT ( * ) PLANE_ANGLE_UNIT ( ) SI_UNIT ( $, .RADIAN. ) );
#10445 = EDGE_CURVE ( 'NONE', #7045, #5744, #5607, .T. ) ;
#10446 =( NAMED_UNIT ( * ) SI_UNIT ( $, .STERADIAN. ) SOLID_ANGLE_UNIT ( ) );
#10447 = CARTESIAN_POINT ( 'NONE',  ( -0.1223542074387614503, 2.150000000000000355, 0.1005591772538788897 ) ) ;
#10448 =( GEOMETRIC_REPRESENTATION_CONTEXT ( 3 ) GLOBAL_UNCERTAINTY_ASSIGNED_CONTEXT ( ( #2500 ) ) GLOBAL_UNIT_ASSIGNED_CONTEXT ( ( #8892, #3352, #10826 ) ) REPRESENTATION_CONTEXT ( 'NONE', 'WORKASPACE' ) );
#10449 = CARTESIAN_POINT ( 'NONE',  ( -0.01322029427561530190, 2.150000000000000355, -0.2378443686416419900 ) ) ;
#10450 = CARTESIAN_POINT ( 'NONE',  ( 0.3882810550217855039, 2.150000000000000355, -0.1019982081876329855 ) ) ;
#10451 = FILL_AREA_STYLE_COLOUR ( '', #9444 ) ;
#10452 = CARTESIAN_POINT ( 'NONE',  ( -0.01733093343168436162, 2.150000000000000355, -0.1640488540259005534 ) ) ;
#10453 = CARTESIAN_POINT ( 'NONE',  ( -0.5970068979428133638, 2.151000000000000689, 0.2386034040480188578 ) ) ;
#10454 = ORIENTED_EDGE ( 'NONE', *, *, #9449, .T. ) ;
#10455 = DIRECTION ( 'NONE',  ( 0.9999748501857348426, 0.000000000000000000, 0.007092178509962041542 ) ) ;
#10456 = ADVANCED_FACE ( 'NONE', ( #7254 ), #5488, .F. ) ;
#10457 = CARTESIAN_POINT ( 'NONE',  ( -0.6945026966040518390, 2.149999999999999911, -0.2062838242416129286 ) ) ;
#10458 = SURFACE_SIDE_STYLE ('',( #9486 ) ) ;
#10459 = CARTESIAN_POINT ( 'NONE',  ( 0.9402548304451936456, 2.151000000000000689, -0.2484699107590007949 ) ) ;
#10460 = CARTESIAN_POINT ( 'NONE',  ( -0.2682119209594527875, 2.151000000000000689, -0.2913301283738375380 ) ) ;
#10461 = CARTESIAN_POINT ( 'NONE',  ( 0.4847187952808544864, 2.150000000000000355, -0.2430245054082204315 ) ) ;
#10462 = VERTEX_POINT ( 'NONE', #11031 ) ;
#10463 = COLOUR_RGB ( '',1.000000000000000000, 1.000000000000000000, 1.000000000000000000 ) ;
#10464 = ORIENTED_EDGE ( 'NONE', *, *, #11170, .F. ) ;
#10465 = PRESENTATION_LAYER_ASSIGNMENT (  '', '', ( #1602 ) ) ;
#10466 = ORIENTED_EDGE ( 'NONE', *, *, #3136, .F. ) ;
#10467 = VERTEX_POINT ( 'NONE', #12026 ) ;
#10468 = ORIENTED_EDGE ( 'NONE', *, *, #1644, .T. ) ;
#10469 = CARTESIAN_POINT ( 'NONE',  ( -0.05840844745475730349, 2.151000000000000689, -0.1778573832820175005 ) ) ;
#10470 = ORIENTED_EDGE ( 'NONE', *, *, #9238, .T. ) ;
#10471 = VECTOR ( 'NONE', #2363, 1000.000000000000000 ) ;
#10472 = CARTESIAN_POINT ( 'NONE',  ( -0.08072253193853282105, 2.150000000000000355, 0.07288425256004332775 ) ) ;
#10473 = CARTESIAN_POINT ( 'NONE',  ( -0.3299657326324503814, 2.151000000000000689, -0.2120166705304243060 ) ) ;
#10474 = CARTESIAN_POINT ( 'NONE',  ( -0.6799792865592186875, 2.149999999999999911, -0.07693565954482908809 ) ) ;
#10475 = VERTEX_POINT ( 'NONE', #4557 ) ;
#10476 = EDGE_CURVE ( 'NONE', #7003, #10607, #3677, .T. ) ;
#10477 = LINE ( 'NONE', #8434, #1954 ) ;
#10478 = VECTOR ( 'NONE', #3067, 1000.000000000000000 ) ;
#10479 = LINE ( 'NONE', #12068, #9455 ) ;
#10480 = DIRECTION ( 'NONE',  ( -0.9999748501857349536, -1.188136882194236216E-16, -0.007092178509958829702 ) ) ;
#10481 = ORIENTED_EDGE ( 'NONE', *, *, #1394, .T. ) ;
#10482 =( LENGTH_UNIT ( ) NAMED_UNIT ( * ) SI_UNIT ( .MILLI., .METRE. ) );
#10483 = CARTESIAN_POINT ( 'NONE',  ( -0.2731886225563550652, 2.150000000000000355, -0.2933410146448931499 ) ) ;
#10484 = COLOUR_RGB ( '',1.000000000000000000, 1.000000000000000000, 1.000000000000000000 ) ;
#10485 = COLOUR_RGB ( '',0.7725490196078431682, 0.6823529411764706065, 0.3686274509803921795 ) ;
#10486 = LINE ( 'NONE', #2768, #5478 ) ;
#10487 = CARTESIAN_POINT ( 'NONE',  ( -0.8432466681890891103, 2.149999999999999911, -0.08859542915516649408 ) ) ;
#10488 = ORIENTED_EDGE ( 'NONE', *, *, #7888, .T. ) ;
#10489 = ADVANCED_FACE ( 'NONE', ( #2551 ), #7435, .F. ) ;
#10490 = EDGE_CURVE ( 'NONE', #9742, #9759, #8457, .T. ) ;
#10491 = CARTESIAN_POINT ( 'NONE',  ( -0.08125082819794189615, 2.150000000000000355, -0.2411342824466975732 ) ) ;
#10492 = EDGE_CURVE ( 'NONE', #10718, #9937, #1692, .T. ) ;
#10493 = PRESENTATION_LAYER_ASSIGNMENT (  '', '', ( #11093 ) ) ;
#10494 = CARTESIAN_POINT ( 'NONE',  ( -1.669999999999997931, -1.800000000000000044, -1.770000000000000240 ) ) ;
#10495 = VERTEX_POINT ( 'NONE', #10394 ) ;
#10496 = ORIENTED_EDGE ( 'NONE', *, *, #2822, .F. ) ;
#10497 = PRESENTATION_STYLE_ASSIGNMENT (( #3972 ) ) ;
#10498 = CARTESIAN_POINT ( 'NONE',  ( -0.4080312271942275193, 2.150000000000000355, 0.2539807718478698240 ) ) ;
#10499 = FILL_AREA_STYLE ('',( #2717 ) ) ;
#10500 = CARTESIAN_POINT ( 'NONE',  ( 1.195080527978095386, 2.151000000000000689, 0.1133973145871911559 ) ) ;
#10501 = CARTESIAN_POINT ( 'NONE',  ( 0.4998448380643135125, 2.150000000000000355, 0.07086983745883435049 ) ) ;
#10502 = SURFACE_STYLE_USAGE ( .BOTH. , #6764 ) ;
#10503 = UNCERTAINTY_MEASURE_WITH_UNIT (LENGTH_MEASURE( 1.000000000000000082E-05 ), #6405, 'distance_accuracy_value', 'NONE');
#10504 = B_SPLINE_CURVE_WITH_KNOTS ( 'NONE', 3,
 ( #1706, #6604, #1645, #4615 ),
 .UNSPECIFIED., .F., .F.,
 ( 4, 4 ),
 ( 10.00000000000000000, 11.00000000000000000 ),
 .UNSPECIFIED. ) ;
#10505 = CARTESIAN_POINT ( 'NONE',  ( -0.06632145850057967473, 2.150000000000000355, -0.2496586057822151872 ) ) ;
#10506 = MECHANICAL_DESIGN_GEOMETRIC_PRESENTATION_REPRESENTATION (  '', ( #6594 ), #4604 ) ;
#10507 = EDGE_CURVE ( 'NONE', #3113, #5142, #10515, .T. ) ;
#10508 = DIRECTION ( 'NONE',  ( -0.007092178509963165643, 0.000000000000000000, 0.9999748501857348426 ) ) ;
#10509 = CARTESIAN_POINT ( 'NONE',  ( -0.5297800650093548169, 2.151000000000000689, -0.1579093559237638167 ) ) ;
#10510 = CARTESIAN_POINT ( 'NONE',  ( -0.5960003498453940729, 2.149999999999999911, 0.2432895711466760424 ) ) ;
#10511 = STYLED_ITEM ( 'NONE', ( #8278 ), #12050 ) ;
#10512 = EDGE_LOOP ( 'NONE', ( #7026, #2969, #9874, #8777, #6439, #9810, #8584, #1920, #6676, #10466, #1951, #4000 ) ) ;
#10513 = CARTESIAN_POINT ( 'NONE',  ( 0.9324096831064384583, 2.150000000000000355, 0.2460145371963196326 ) ) ;
#10514 = VECTOR ( 'NONE', #9878, 1000.000000000000000 ) ;
#10515 = B_SPLINE_CURVE_WITH_KNOTS ( 'NONE', 3,
 ( #5838, #3925, #9602, #9418 ),
 .UNSPECIFIED., .F., .F.,
 ( 4, 4 ),
 ( 19.00000000000000000, 20.00000000000000000 ),
 .UNSPECIFIED. ) ;
#10516 = FILL_AREA_STYLE_COLOUR ( '', #5806 ) ;
#10517 = FACE_OUTER_BOUND ( 'NONE', #1947, .T. ) ;
#10518 = SURFACE_STYLE_USAGE ( .BOTH. , #1144 ) ;
#10519 = ORIENTED_EDGE ( 'NONE', *, *, #34, .T. ) ;
#10520 = STYLED_ITEM ( 'NONE', ( #5199 ), #318 ) ;
#10521 = STYLED_ITEM ( 'NONE', ( #10065 ), #1712 ) ;
#10522 = VERTEX_POINT ( 'NONE', #8585 ) ;
#10523 = EDGE_CURVE ( 'NONE', #8017, #9805, #1137, .T. ) ;
#10524 = SURFACE_SIDE_STYLE ('',( #6668 ) ) ;
#10525 = EDGE_LOOP ( 'NONE', ( #12058, #1028, #12167, #1286, #6459, #8737 ) ) ;
#10526 = PRESENTATION_STYLE_ASSIGNMENT (( #7616 ) ) ;
#10527 =( NAMED_UNIT ( * ) SI_UNIT ( $, .STERADIAN. ) SOLID_ANGLE_UNIT ( ) );
#10528 = CARTESIAN_POINT ( 'NONE',  ( -0.3336759508697417220, 2.150000000000000355, -0.2240005014894796698 ) ) ;
#10529 = DIRECTION ( 'NONE',  ( 0.9999748501857348426, 1.188136882194236216E-16, 0.007092178509963644427 ) ) ;
#10530 = ORIENTED_EDGE ( 'NONE', *, *, #2433, .T. ) ;
#10531 = FACE_OUTER_BOUND ( 'NONE', #4390, .T. ) ;
#10532 = ORIENTED_EDGE ( 'NONE', *, *, #1674, .T. ) ;
#10533 = SURFACE_STYLE_FILL_AREA ( #5859 ) ;
#10534 = ORIENTED_EDGE ( 'NONE', *, *, #2393, .T. ) ;
#10535 = CARTESIAN_POINT ( 'NONE',  ( -0.04672251470035235221, 2.150000000000000355, -0.2495196030782849683 ) ) ;
#10536 = DIRECTION ( 'NONE',  ( -0.007092178509963569834, -8.426690792501381466E-19, 0.9999748501857348426 ) ) ;
#10537 = CARTESIAN_POINT ( 'NONE',  ( -0.3352827430726375013, 2.151000000000000689, -0.2173572794056506940 ) ) ;
#10538 = ORIENTED_EDGE ( 'NONE', *, *, #2009, .F. ) ;
#10539 = VERTEX_POINT ( 'NONE', #8647 ) ;
#10540 = LINE ( 'NONE', #9443, #10478 ) ;
#10541 = CARTESIAN_POINT ( 'NONE',  ( 0.5114124334668924687, 2.150000000000000355, 0.07095187897368937513 ) ) ;
#10542 = B_SPLINE_CURVE_WITH_KNOTS ( 'NONE', 3,
 ( #9401, #7470, #10668, #8511 ),
 .UNSPECIFIED., .F., .F.,
 ( 4, 4 ),
 ( 19.00000000000000000, 20.00000000000000000 ),
 .UNSPECIFIED. ) ;
#10543 = CARTESIAN_POINT ( 'NONE',  ( -3.049999999999998934, -3.076108489377476905E-16, 1.750000000000000000 ) ) ;
#10544 = CARTESIAN_POINT ( 'NONE',  ( 0.4927689662109027147, 2.150000000000000355, -0.1547599969808891862 ) ) ;
#10545 = EDGE_LOOP ( 'NONE', ( #6878, #9030, #3652, #3073 ) ) ;
#10546 = FILL_AREA_STYLE ('',( #11445 ) ) ;
#10547 = CARTESIAN_POINT ( 'NONE',  ( 0.9098898580403098624, 2.150000000000000355, -0.2486852699799907418 ) ) ;
#10548 = SURFACE_STYLE_FILL_AREA ( #10611 ) ;
#10549 =( LENGTH_UNIT ( ) NAMED_UNIT ( * ) SI_UNIT ( .MILLI., .METRE. ) );
#10550 = ORIENTED_EDGE ( 'NONE', *, *, #5069, .F. ) ;
#10551 = MECHANICAL_DESIGN_GEOMETRIC_PRESENTATION_REPRESENTATION (  '', ( #709 ), #9380 ) ;
#10552 = CARTESIAN_POINT ( 'NONE',  ( -0.2092171180314622569, 2.151000000000000689, -0.1648898872949465522 ) ) ;
#10553 = VERTEX_POINT ( 'NONE', #5907 ) ;
#10554 = B_SPLINE_SURFACE_WITH_KNOTS ( 'NONE', 3, 1, ( 
 ( #1356, #6126 ),
 ( #2329, #2511 ),
 ( #6321, #5124 ),
 ( #5381, #11690 ) ),
 .UNSPECIFIED., .F., .F., .F.,
 ( 4, 4 ),
 ( 2, 2 ),
 ( 12.00000000000000000, 13.00000000000000000 ),
 ( 0.000000000000000000, 1.000000000000000000 ),
 .UNSPECIFIED. ) ;
#10555 = ORIENTED_EDGE ( 'NONE', *, *, #11680, .T. ) ;
#10556 = LINE ( 'NONE', #9528, #8102 ) ;
#10557 = CARTESIAN_POINT ( 'NONE',  ( 0.9073055194178603067, 2.150000000000000355, 0.1156944538472038930 ) ) ;
#10558 = EDGE_CURVE ( 'NONE', #12157, #418, #3044, .T. ) ;
#10559 = MECHANICAL_DESIGN_GEOMETRIC_PRESENTATION_REPRESENTATION (  '', ( #7024 ), #3868 ) ;
#10560 = CARTESIAN_POINT ( 'NONE',  ( -0.5932494851535272673, 2.149999999999999911, 0.2439329517014943438 ) ) ;
#10561 = PRESENTATION_STYLE_ASSIGNMENT (( #10502 ) ) ;
#10562 = STYLED_ITEM ( 'NONE', ( #8637 ), #9536 ) ;
#10563 = FILL_AREA_STYLE_COLOUR ( '', #3733 ) ;
#10564 = DIRECTION ( 'NONE',  ( -0.9999748501857348426, -5.120907607230715878E-15, -0.007092178509963724224 ) ) ;
#10565 = CARTESIAN_POINT ( 'NONE',  ( -0.4158391740265860448, 2.150000000000000355, 0.2773205366026971208 ) ) ;
#10566 = VERTEX_POINT ( 'NONE', #2914 ) ;
#10567 = VERTEX_POINT ( 'NONE', #1021 ) ;
#10568 = CARTESIAN_POINT ( 'NONE',  ( -0.08125082819794189615, 2.151000000000000689, -0.2411342824466975732 ) ) ;
#10569 = CARTESIAN_POINT ( 'NONE',  ( -3.649999999999998579, 2.149999999999999911, 1.750000000000000000 ) ) ;
#10570 = CARTESIAN_POINT ( 'NONE',  ( -0.6947567487916576079, 2.149999999999999911, -0.08982981060039686716 ) ) ;
#10571 = EDGE_CURVE ( 'NONE', #7985, #6720, #5251, .T. ) ;
#10572 = EDGE_CURVE ( 'NONE', #2142, #9266, #3909, .T. ) ;
#10573 = EDGE_CURVE ( 'NONE', #10495, #8876, #4789, .T. ) ;
#10574 = CARTESIAN_POINT ( 'NONE',  ( 0.02369497779594218964, 2.151000000000000689, -0.2455888896704679081 ) ) ;
#10575 = VECTOR ( 'NONE', #4589, 1000.000000000000000 ) ;
#10576 = LINE ( 'NONE', #94, #3670 ) ;
#10577 = SURFACE_SIDE_STYLE ('',( #3365 ) ) ;
#10578 = ORIENTED_EDGE ( 'NONE', *, *, #9762, .T. ) ;
#10579 = FACE_OUTER_BOUND ( 'NONE', #7603, .T. ) ;
#10580 = ORIENTED_EDGE ( 'NONE', *, *, #10648, .F. ) ;
#10581 = SURFACE_STYLE_FILL_AREA ( #12160 ) ;
#10582 = PRESENTATION_LAYER_ASSIGNMENT (  '', '', ( #4097 ) ) ;
#10583 = ORIENTED_EDGE ( 'NONE', *, *, #11900, .F. ) ;
#10584 = FACE_OUTER_BOUND ( 'NONE', #7264, .T. ) ;
#10585 =( GEOMETRIC_REPRESENTATION_CONTEXT ( 3 ) GLOBAL_UNCERTAINTY_ASSIGNED_CONTEXT ( ( #10889 ) ) GLOBAL_UNIT_ASSIGNED_CONTEXT ( ( #11447, #5064, #11511 ) ) REPRESENTATION_CONTEXT ( 'NONE', 'WORKASPACE' ) );
#10586 = CARTESIAN_POINT ( 'NONE',  ( -0.6054755012018854243, 2.151000000000000245, -0.07006456930213916801 ) ) ;
#10587 = VERTEX_POINT ( 'NONE', #3987 ) ;
#10588 = SURFACE_SIDE_STYLE ('',( #233 ) ) ;
#10589 = ORIENTED_EDGE ( 'NONE', *, *, #9449, .F. ) ;
#10590 = CARTESIAN_POINT ( 'NONE',  ( 1.160911014477863379, 2.150000000000000355, -0.1659275319788961200 ) ) ;
#10591 = EDGE_CURVE ( 'NONE', #1433, #6637, #4968, .T. ) ;
#10592 = CARTESIAN_POINT ( 'NONE',  ( -0.2643011583656879604, 2.151000000000000689, -0.1023736269321330328 ) ) ;
#10593 = CARTESIAN_POINT ( 'NONE',  ( 0.5636103226408069045, 2.150000000000000355, -0.1528115633262232542 ) ) ;
#10594 =( GEOMETRIC_REPRESENTATION_CONTEXT ( 3 ) GLOBAL_UNCERTAINTY_ASSIGNED_CONTEXT ( ( #5479 ) ) GLOBAL_UNIT_ASSIGNED_CONTEXT ( ( #11784, #3176, #6035 ) ) REPRESENTATION_CONTEXT ( 'NONE', 'WORKASPACE' ) );
#10595 = LINE ( 'NONE', #8554, #1835 ) ;
#10596 = ORIENTED_EDGE ( 'NONE', *, *, #1070, .T. ) ;
#10597 = AXIS2_PLACEMENT_3D ( 'NONE', #5444, #10125, #11046 ) ;
#10598 = CARTESIAN_POINT ( 'NONE',  ( -0.4571401131533228135, 2.151000000000000689, 0.2217111032554541228 ) ) ;
#10599 = B_SPLINE_CURVE_WITH_KNOTS ( 'NONE', 3,
 ( #4450, #4512, #8181, #6378 ),
 .UNSPECIFIED., .F., .F.,
 ( 4, 4 ),
 ( 33.00000000000000000, 34.00000000000000000 ),
 .UNSPECIFIED. ) ;
#10600 = LINE ( 'NONE', #9573, #2736 ) ;
#10601 = AXIS2_PLACEMENT_3D ( 'NONE', #12179, #5450, #11159 ) ;
#10602 = DIRECTION ( 'NONE',  ( 0.9999748501857348426, 0.000000000000000000, 0.007092178509963405035 ) ) ;
#10603 =( NAMED_UNIT ( * ) PLANE_ANGLE_UNIT ( ) SI_UNIT ( $, .RADIAN. ) );
#10604 = VECTOR ( 'NONE', #7343, 1000.000000000000000 ) ;
#10605 = MECHANICAL_DESIGN_GEOMETRIC_PRESENTATION_REPRESENTATION (  '', ( #3107 ), #8826 ) ;
#10606 = FILL_AREA_STYLE ('',( #11572 ) ) ;
#10607 = VERTEX_POINT ( 'NONE', #7726 ) ;
#10608 = CARTESIAN_POINT ( 'NONE',  ( -0.2779647519489253926, 2.150000000000000355, -0.2943106943194061520 ) ) ;
#10609 = EDGE_CURVE ( 'NONE', #603, #9682, #8531, .T. ) ;
#10610 = UNCERTAINTY_MEASURE_WITH_UNIT (LENGTH_MEASURE( 1.000000000000000082E-05 ), #6308, 'distance_accuracy_value', 'NONE');
#10611 = FILL_AREA_STYLE ('',( #447 ) ) ;
#10612 = STYLED_ITEM ( 'NONE', ( #4003 ), #8449 ) ;
#10613 = ORIENTED_EDGE ( 'NONE', *, *, #2143, .F. ) ;
#10614 = CARTESIAN_POINT ( 'NONE',  ( 0.02687940066214305340, 2.150000000000000355, -0.04218454116213064126 ) ) ;
#10615 = CARTESIAN_POINT ( 'NONE',  ( -0.3030182329024200816, 2.151000000000000689, -0.2877297861133293888 ) ) ;
#10616 = CARTESIAN_POINT ( 'NONE',  ( 0.5607286650431523300, 2.151000000000000689, -0.1542780025432169133 ) ) ;
#10617 = ORIENTED_EDGE ( 'NONE', *, *, #5616, .F. ) ;
#10618 = DIRECTION ( 'NONE',  ( 1.188166764367676342E-16, -1.000000000000000000, -0.000000000000000000 ) ) ;
#10619 =( GEOMETRIC_REPRESENTATION_CONTEXT ( 3 ) GLOBAL_UNCERTAINTY_ASSIGNED_CONTEXT ( ( #6513 ) ) GLOBAL_UNIT_ASSIGNED_CONTEXT ( ( #9660, #1259, #4785 ) ) REPRESENTATION_CONTEXT ( 'NONE', 'WORKASPACE' ) );
#10620 = VERTEX_POINT ( 'NONE', #5781 ) ;
#10621 = DIRECTION ( 'NONE',  ( -0.9912876782291656363, 0.000000000000000000, 0.1317146119116255065 ) ) ;
#10622 = STYLED_ITEM ( 'NONE', ( #437 ), #8671 ) ;
#10623 = VECTOR ( 'NONE', #4401, 1000.000000000000000 ) ;
#10624 =( NAMED_UNIT ( * ) PLANE_ANGLE_UNIT ( ) SI_UNIT ( $, .RADIAN. ) );
#10625 = VERTEX_POINT ( 'NONE', #11477 ) ;
#10626 = UNCERTAINTY_MEASURE_WITH_UNIT (LENGTH_MEASURE( 1.000000000000000082E-05 ), #9139, 'distance_accuracy_value', 'NONE');
#10627 = ORIENTED_EDGE ( 'NONE', *, *, #8830, .T. ) ;
#10628 = CARTESIAN_POINT ( 'NONE',  ( -0.4570508279368845073, 2.151000000000000689, -0.1573935342187322839 ) ) ;
#10629 = FACE_BOUND ( 'NONE', #4922, .T. ) ;
#10630 = B_SPLINE_SURFACE_WITH_KNOTS ( 'NONE', 3, 1, ( 
 ( #12052, #10238 ),
 ( #3397, #2574 ),
 ( #6510, #5449 ),
 ( #7221, #5514 ) ),
 .UNSPECIFIED., .F., .F., .F.,
 ( 4, 4 ),
 ( 2, 2 ),
 ( 18.00000000000000000, 19.00000000000000000 ),
 ( 0.000000000000000000, 1.000000000000000000 ),
 .UNSPECIFIED. ) ;
#10631 = CARTESIAN_POINT ( 'NONE',  ( -0.4617083008344677331, 2.151000000000000689, 0.2500648090583760808 ) ) ;
#10632 = ORIENTED_EDGE ( 'NONE', *, *, #522, .T. ) ;
#10633 = FACE_OUTER_BOUND ( 'NONE', #2959, .T. ) ;
#10634 = ORIENTED_EDGE ( 'NONE', *, *, #703, .F. ) ;
#10635 = FILL_AREA_STYLE ('',( #407 ) ) ;
#10636 = FACE_BOUND ( 'NONE', #5956, .T. ) ;
#10637 = STYLED_ITEM ( 'NONE', ( #7790 ), #6153 ) ;
#10638 = CARTESIAN_POINT ( 'NONE',  ( -0.2780698277665341611, 2.150000000000000355, -0.3161469049552277921 ) ) ;
#10639 = SURFACE_STYLE_FILL_AREA ( #4911 ) ;
#10640 = ORIENTED_EDGE ( 'NONE', *, *, #6461, .T. ) ;
#10641 = EDGE_CURVE ( 'NONE', #6182, #9202, #1203, .T. ) ;
#10642 = STYLED_ITEM ( 'NONE', ( #521 ), #6315 ) ;
#10643 = DIRECTION ( 'NONE',  ( -1.000000000000000000, -0.000000000000000000, -0.000000000000000000 ) ) ;
#10644 = AXIS2_PLACEMENT_3D ( 'NONE', #3235, #4240, #2364 ) ;
#10645 = EDGE_CURVE ( 'NONE', #5238, #7712, #1871, .T. ) ;
#10646 = ORIENTED_EDGE ( 'NONE', *, *, #6477, .T. ) ;
#10647 = DIRECTION ( 'NONE',  ( 1.188166764367676342E-16, -1.000000000000000000, -0.000000000000000000 ) ) ;
#10648 = EDGE_CURVE ( 'NONE', #4160, #2550, #3618, .T. ) ;
#10649 = SURFACE_STYLE_FILL_AREA ( #3111 ) ;
#10650 = CARTESIAN_POINT ( 'NONE',  ( -0.2775511480698864553, 2.150000000000000355, 0.1898157005592643332 ) ) ;
#10651 = CARTESIAN_POINT ( 'NONE',  ( 3.670000000000000373, 1.800000000000000044, 0.000000000000000000 ) ) ;
#10652 = EDGE_LOOP ( 'NONE', ( #10083, #8256, #1208, #7635 ) ) ;
#10653 = ORIENTED_EDGE ( 'NONE', *, *, #5178, .T. ) ;
#10654 = CARTESIAN_POINT ( 'NONE',  ( 0.8873083122526428390, 2.151000000000000689, 0.2847373018349151907 ) ) ;
#10655 = CARTESIAN_POINT ( 'NONE',  ( -3.669999999999997708, 1.599999999999999867, -4.898587196589411843E-17 ) ) ;
#10656 = PLANE ( 'NONE',  #526 ) ;
#10657 = COLOUR_RGB ( '',1.000000000000000000, 1.000000000000000000, 1.000000000000000000 ) ;
#10658 =( GEOMETRIC_REPRESENTATION_CONTEXT ( 3 ) GLOBAL_UNCERTAINTY_ASSIGNED_CONTEXT ( ( #4417 ) ) GLOBAL_UNIT_ASSIGNED_CONTEXT ( ( #5191, #1482, #10867 ) ) REPRESENTATION_CONTEXT ( 'NONE', 'WORKASPACE' ) );
#10659 = FILL_AREA_STYLE_COLOUR ( '', #7536 ) ;
#10660 = ORIENTED_EDGE ( 'NONE', *, *, #6616, .F. ) ;
#10661 = FILL_AREA_STYLE ('',( #3127 ) ) ;
#10662 = CARTESIAN_POINT ( 'NONE',  ( -0.1777538404533957894, 2.151000000000000689, 0.07562735931172039072 ) ) ;
#10663 = FACE_OUTER_BOUND ( 'NONE', #9890, .T. ) ;
#10664 = EDGE_CURVE ( 'NONE', #9937, #5961, #7545, .T. ) ;
#10665 = CARTESIAN_POINT ( 'NONE',  ( -0.3269940945707964230, 2.151000000000000689, 0.2779506576133559115 ) ) ;
#10666 = CARTESIAN_POINT ( 'NONE',  ( -0.1777538404533957894, 2.150000000000000355, 0.07562735931172039072 ) ) ;
#10667 = MECHANICAL_DESIGN_GEOMETRIC_PRESENTATION_REPRESENTATION (  '', ( #10265 ), #10092 ) ;
#10668 = CARTESIAN_POINT ( 'NONE',  ( 0.9289024847280283881, 2.151000000000000689, 0.1288618335580221652 ) ) ;
#10669 = VECTOR ( 'NONE', #3532, 1000.000000000000000 ) ;
#10670 = CARTESIAN_POINT ( 'NONE',  ( -0.04599029886069992690, 2.151000000000000689, -0.1181896823188296336 ) ) ;
#10671 = CARTESIAN_POINT ( 'NONE',  ( -0.2680511645167065193, 2.151000000000000689, -0.3139962808861923027 ) ) ;
#10672 = ORIENTED_EDGE ( 'NONE', *, *, #7036, .T. ) ;
#10673 = CARTESIAN_POINT ( 'NONE',  ( -0.02920156888590784428, 2.150000000000000355, -0.1909594737295605971 ) ) ;
#10674 = B_SPLINE_CURVE_WITH_KNOTS ( 'NONE', 3,
 ( #6562, #6620, #1655, #12042 ),
 .UNSPECIFIED., .F., .F.,
 ( 4, 4 ),
 ( 1.000000000000000000, 2.000000000000000000 ),
 .UNSPECIFIED. ) ;
#10675 = FILL_AREA_STYLE_COLOUR ( '', #736 ) ;
#10676 = VECTOR ( 'NONE', #4239, 1000.000000000000000 ) ;
#10677 = LINE ( 'NONE', #4080, #7517 ) ;
#10678 = MECHANICAL_DESIGN_GEOMETRIC_PRESENTATION_REPRESENTATION (  '', ( #11433 ), #1222 ) ;
#10679 = ORIENTED_EDGE ( 'NONE', *, *, #2570, .F. ) ;
#10680 = DIRECTION ( 'NONE',  ( 0.3625544875035015546, -0.000000000000000000, -0.9319625762824778059 ) ) ;
#10681 = EDGE_CURVE ( 'NONE', #5076, #2764, #10895, .T. ) ;
#10682 = CARTESIAN_POINT ( 'NONE',  ( -0.3202505028397995557, 2.151000000000000689, -0.2477163385472322676 ) ) ;
#10683 = CARTESIAN_POINT ( 'NONE',  ( -0.001154990576332434954, 2.151000000000000689, -0.1797388462800270648 ) ) ;
#10684 = ORIENTED_EDGE ( 'NONE', *, *, #11261, .T. ) ;
#10685 = DIRECTION ( 'NONE',  ( 0.000000000000000000, -1.000000000000000000, 0.000000000000000000 ) ) ;
#10686 = ORIENTED_EDGE ( 'NONE', *, *, #4837, .F. ) ;
#10687 = ORIENTED_EDGE ( 'NONE', *, *, #4196, .T. ) ;
#10688 = CARTESIAN_POINT ( 'NONE',  ( -0.2503624695820707569, 2.150000000000000355, -0.1984547949458479732 ) ) ;
#10689 = CARTESIAN_POINT ( 'NONE',  ( -0.4423626509208923308, 2.150000000000000355, 0.2346052543110218880 ) ) ;
#10690 = PRESENTATION_LAYER_ASSIGNMENT (  '', '', ( #1232 ) ) ;
#10691 = CARTESIAN_POINT ( 'NONE',  ( 0.6084551772325966779, 2.151000000000000689, 0.2523930829696912070 ) ) ;
#10692 = ORIENTED_EDGE ( 'NONE', *, *, #5919, .F. ) ;
#10693 =( GEOMETRIC_REPRESENTATION_CONTEXT ( 3 ) GLOBAL_UNCERTAINTY_ASSIGNED_CONTEXT ( ( #8891 ) ) GLOBAL_UNIT_ASSIGNED_CONTEXT ( ( #11671, #8914, #9739 ) ) REPRESENTATION_CONTEXT ( 'NONE', 'WORKASPACE' ) );
#10694 = SURFACE_SIDE_STYLE ('',( #5149 ) ) ;
#10695 = EDGE_CURVE ( 'NONE', #7412, #8591, #1446, .T. ) ;
#10696 = DIRECTION ( 'NONE',  ( -0.9999748501857348426, 0.000000000000000000, -0.007092178509964964551 ) ) ;
#10697 = SURFACE_STYLE_FILL_AREA ( #6881 ) ;
#10698 =( LENGTH_UNIT ( ) NAMED_UNIT ( * ) SI_UNIT ( .MILLI., .METRE. ) );
#10699 = B_SPLINE_CURVE_WITH_KNOTS ( 'NONE', 3,
 ( #3748, #153, #5784, #11293 ),
 .UNSPECIFIED., .F., .F.,
 ( 4, 4 ),
 ( 21.00000000000000000, 22.00000000000000000 ),
 .UNSPECIFIED. ) ;
#10700 = ORIENTED_EDGE ( 'NONE', *, *, #1489, .T. ) ;
#10701 = CARTESIAN_POINT ( 'NONE',  ( 0.6044249904573870680, 2.151000000000000689, 0.005094551709258928612 ) ) ;
#10702 =( NAMED_UNIT ( * ) SI_UNIT ( $, .STERADIAN. ) SOLID_ANGLE_UNIT ( ) );
#10703 = FACE_BOUND ( 'NONE', #11323, .T. ) ;
#10704 = CARTESIAN_POINT ( 'NONE',  ( -0.2680511645167065748, 2.151000000000000689, -0.3139962808861923027 ) ) ;
#10705 = CARTESIAN_POINT ( 'NONE',  ( -0.01303748500803551813, 2.151000000000000689, 0.1761989432650036547 ) ) ;
#10706 = CARTESIAN_POINT ( 'NONE',  ( -0.2826435448981357568, 2.151000000000000689, -0.2943438779887761481 ) ) ;
#10707 = FACE_OUTER_BOUND ( 'NONE', #11936, .T. ) ;
#10708 = ORIENTED_EDGE ( 'NONE', *, *, #1308, .T. ) ;
#10709 = COLOUR_RGB ( '',1.000000000000000000, 1.000000000000000000, 1.000000000000000000 ) ;
#10710 = CARTESIAN_POINT ( 'NONE',  ( -0.02920156888590784428, 2.151000000000000689, -0.1909594737295605971 ) ) ;
#10711 = ORIENTED_EDGE ( 'NONE', *, *, #10815, .T. ) ;
#10712 = DIRECTION ( 'NONE',  ( 1.188166764367676342E-16, -1.000000000000000000, -0.000000000000000000 ) ) ;
#10713 = CARTESIAN_POINT ( 'NONE',  ( -0.2241674959298699255, 2.150000000000000355, -0.2047156720572853028 ) ) ;
#10714 = CARTESIAN_POINT ( 'NONE',  ( -0.2440562530592657042, 2.150000000000000355, -0.1053493950393579875 ) ) ;
#10715 = ORIENTED_EDGE ( 'NONE', *, *, #8948, .F. ) ;
#10716 = FILL_AREA_STYLE ('',( #8978 ) ) ;
#10717 = ORIENTED_EDGE ( 'NONE', *, *, #8450, .T. ) ;
#10718 = VERTEX_POINT ( 'NONE', #7972 ) ;
#10719 = EDGE_CURVE ( 'NONE', #10305, #5549, #9787, .T. ) ;
#10720 =( NAMED_UNIT ( * ) PLANE_ANGLE_UNIT ( ) SI_UNIT ( $, .RADIAN. ) );
#10721 = FILL_AREA_STYLE ('',( #6117 ) ) ;
#10722 = ADVANCED_FACE ( 'NONE', ( #1264 ), #4175, .T. ) ;
#10723 = ORIENTED_EDGE ( 'NONE', *, *, #3990, .T. ) ;
#10724 =( NAMED_UNIT ( * ) SI_UNIT ( $, .STERADIAN. ) SOLID_ANGLE_UNIT ( ) );
#10725 = COLOUR_RGB ( '',1.000000000000000000, 1.000000000000000000, 1.000000000000000000 ) ;
#10726 =( NAMED_UNIT ( * ) PLANE_ANGLE_UNIT ( ) SI_UNIT ( $, .RADIAN. ) );
#10727 = DIRECTION ( 'NONE',  ( 1.188166764367676342E-16, -1.000000000000000000, -0.000000000000000000 ) ) ;
#10728 = CARTESIAN_POINT ( 'NONE',  ( -0.05347303180822479685, 2.150000000000000355, -0.2286678204144655113 ) ) ;
#10729 = LINE ( 'NONE', #8126, #6304 ) ;
#10730 =( NAMED_UNIT ( * ) PLANE_ANGLE_UNIT ( ) SI_UNIT ( $, .RADIAN. ) );
#10731 = CARTESIAN_POINT ( 'NONE',  ( 0.9090592128856098686, 2.151000000000000689, -0.3354524631568707171 ) ) ;
#10732 = ORIENTED_EDGE ( 'NONE', *, *, #850, .T. ) ;
#10733 = CARTESIAN_POINT ( 'NONE',  ( -0.03370338690747813615, 2.150000000000000355, -0.1866243091502914619 ) ) ;
#10734 = EDGE_CURVE ( 'NONE', #11905, #1248, #2429, .T. ) ;
#10735 = B_SPLINE_CURVE_WITH_KNOTS ( 'NONE', 3,
 ( #6236, #7190, #5427, #2309 ),
 .UNSPECIFIED., .F., .F.,
 ( 4, 4 ),
 ( 4.000000000000000000, 5.000000000000000000 ),
 .UNSPECIFIED. ) ;
#10736 = MANIFOLD_SOLID_BREP ( 'Í¹Ì¨-À­Éì3', #1469 ) ;
#10737 = EDGE_CURVE ( 'NONE', #4513, #8669, #9348, .T. ) ;
#10738 = FACE_OUTER_BOUND ( 'NONE', #11175, .T. ) ;
#10739 = DIRECTION ( 'NONE',  ( 0.9999748501857348426, -0.000000000000000000, 0.007092178509961900162 ) ) ;
#10740 = ORIENTED_EDGE ( 'NONE', *, *, #3952, .F. ) ;
#10741 = B_SPLINE_SURFACE_WITH_KNOTS ( 'NONE', 3, 1, ( 
 ( #32, #2919 ),
 ( #11295, #12156 ),
 ( #8539, #3809 ),
 ( #96, #2856 ) ),
 .UNSPECIFIED., .F., .F., .F.,
 ( 4, 4 ),
 ( 2, 2 ),
 ( 28.00000000000000000, 29.00000000000000000 ),
 ( 0.000000000000000000, 1.000000000000000000 ),
 .UNSPECIFIED. ) ;
#10742 =( NAMED_UNIT ( * ) PLANE_ANGLE_UNIT ( ) SI_UNIT ( $, .RADIAN. ) );
#10743 = CARTESIAN_POINT ( 'NONE',  ( -0.5513600750315996724, 2.151000000000000689, 0.1286060581314242834 ) ) ;
#10744 = DIRECTION ( 'NONE',  ( 1.188166764367676342E-16, -1.000000000000000000, -0.000000000000000000 ) ) ;
#10745 = CARTESIAN_POINT ( 'NONE',  ( -1.669999999999997931, 1.800000000000000044, -1.750000000000000222 ) ) ;
#10746 = FACE_OUTER_BOUND ( 'NONE', #9622, .T. ) ;
#10747 = ORIENTED_EDGE ( 'NONE', *, *, #1765, .T. ) ;
#10748 = SURFACE_SIDE_STYLE ('',( #3150 ) ) ;
#10749 = VERTEX_POINT ( 'NONE', #11661 ) ;
#10750 = ORIENTED_EDGE ( 'NONE', *, *, #5694, .T. ) ;
#10751 = DIRECTION ( 'NONE',  ( 0.007092178509964231631, -0.000000000000000000, -0.9999748501857348426 ) ) ;
#10752 = FILL_AREA_STYLE_COLOUR ( '', #3767 ) ;
#10753 = UNCERTAINTY_MEASURE_WITH_UNIT (LENGTH_MEASURE( 1.000000000000000082E-05 ), #5528, 'distance_accuracy_value', 'NONE');
#10754 = EDGE_CURVE ( 'NONE', #3432, #8250, #708, .T. ) ;
#10755 = FACE_OUTER_BOUND ( 'NONE', #2225, .T. ) ;
#10756 = SURFACE_STYLE_USAGE ( .BOTH. , #8704 ) ;
#10757 = PRESENTATION_STYLE_ASSIGNMENT (( #2231 ) ) ;
#10758 = VERTEX_POINT ( 'NONE', #1624 ) ;
#10759 = MECHANICAL_DESIGN_GEOMETRIC_PRESENTATION_REPRESENTATION (  '', ( #8360 ), #9184 ) ;
#10760 = UNCERTAINTY_MEASURE_WITH_UNIT (LENGTH_MEASURE( 1.000000000000000082E-05 ), #2811, 'distance_accuracy_value', 'NONE');
#10761 = PLANE ( 'NONE',  #4336 ) ;
#10762 =( LENGTH_UNIT ( ) NAMED_UNIT ( * ) SI_UNIT ( .MILLI., .METRE. ) );
#10763 = CARTESIAN_POINT ( 'NONE',  ( -0.09274614965020390456, 2.151000000000000689, -0.1303748298595848176 ) ) ;
#10764 = PRESENTATION_STYLE_ASSIGNMENT (( #7002 ) ) ;
#10765 = EDGE_LOOP ( 'NONE', ( #10468, #8821, #9677, #2805, #7923, #3216, #11794, #913 ) ) ;
#10766 = VECTOR ( 'NONE', #6489, 1000.000000000000000 ) ;
#10767 = CARTESIAN_POINT ( 'NONE',  ( -0.6799501366251712309, 2.149999999999999911, -0.2203216756002523979 ) ) ;
#10768 = CARTESIAN_POINT ( 'NONE',  ( -0.6854028754953326308, 2.149999999999999911, 0.07202693118469341571 ) ) ;
#10769 = VECTOR ( 'NONE', #6870, 1000.000000000000000 ) ;
#10770 = MECHANICAL_DESIGN_GEOMETRIC_PRESENTATION_REPRESENTATION (  '', ( #119 ), #4472 ) ;
#10771 = EDGE_CURVE ( 'NONE', #5500, #1095, #11953, .T. ) ;
#10772 =( NAMED_UNIT ( * ) SI_UNIT ( $, .STERADIAN. ) SOLID_ANGLE_UNIT ( ) );
#10773 = CARTESIAN_POINT ( 'NONE',  ( -0.02048558498347355025, 2.151000000000000689, 0.2221045744286437029 ) ) ;
#10774 = CARTESIAN_POINT ( 'NONE',  ( -0.3838054770323672815, 2.151000000000000689, 0.2541525895137378699 ) ) ;
#10775 = VECTOR ( 'NONE', #3795, 1000.000000000000000 ) ;
#10776 = ORIENTED_EDGE ( 'NONE', *, *, #10591, .T. ) ;
#10777 = DIRECTION ( 'NONE',  ( 0.000000000000000000, -0.000000000000000000, 1.000000000000000000 ) ) ;
#10778 = ORIENTED_EDGE ( 'NONE', *, *, #1747, .T. ) ;
#10779 =( NAMED_UNIT ( * ) SI_UNIT ( $, .STERADIAN. ) SOLID_ANGLE_UNIT ( ) );
#10780 = CARTESIAN_POINT ( 'NONE',  ( 0.5700298596376437432, 2.150000000000000355, -0.2424194488938677117 ) ) ;
#10781 = CARTESIAN_POINT ( 'NONE',  ( -0.09032349259495267568, 2.151000000000000689, 0.2830604974062453927 ) ) ;
#10782 = CARTESIAN_POINT ( 'NONE',  ( 0.4400070412800634045, 2.151000000000000689, 0.1485307119745221671 ) ) ;
#10783 = ORIENTED_EDGE ( 'NONE', *, *, #177, .T. ) ;
#10784 = VERTEX_POINT ( 'NONE', #10257 ) ;
#10785 = CARTESIAN_POINT ( 'NONE',  ( -0.5949045768689246172, 2.151000000000000689, 0.2500559391938070308 ) ) ;
#10786 = ORIENTED_EDGE ( 'NONE', *, *, #9829, .F. ) ;
#10787 = CARTESIAN_POINT ( 'NONE',  ( -0.03483757275802218389, 2.151000000000000689, 0.2371836323838299454 ) ) ;
#10788 = CARTESIAN_POINT ( 'NONE',  ( -0.04949035385863067432, 2.151000000000000689, -0.1598058686254419658 ) ) ;
#10789 = VERTEX_POINT ( 'NONE', #4422 ) ;
#10790 = VECTOR ( 'NONE', #11340, 1000.000000000000000 ) ;
#10791 = AXIS2_PLACEMENT_3D ( 'NONE', #1923, #9472, #7029 ) ;
#10792 = CARTESIAN_POINT ( 'NONE',  ( -0.2048219109967231444, 2.151000000000000689, 0.1903315222643007787 ) ) ;
#10793 = FACE_OUTER_BOUND ( 'NONE', #7674, .T. ) ;
#10794 = LINE ( 'NONE', #372, #8451 ) ;
#10795 = CARTESIAN_POINT ( 'NONE',  ( -0.2176754415752549798, 2.150000000000000355, -0.1964553339650816910 ) ) ;
#10796 = CARTESIAN_POINT ( 'NONE',  ( -0.1371080723958849612, 2.150000000000000355, 0.08433788454482418762 ) ) ;
#10797 =( LENGTH_UNIT ( ) NAMED_UNIT ( * ) SI_UNIT ( .MILLI., .METRE. ) );
#10798 = ORIENTED_EDGE ( 'NONE', *, *, #1925, .F. ) ;
#10799 = VECTOR ( 'NONE', #2591, 1000.000000000000000 ) ;
#10800 =( NAMED_UNIT ( * ) SI_UNIT ( $, .STERADIAN. ) SOLID_ANGLE_UNIT ( ) );
#10801 = STYLED_ITEM ( 'NONE', ( #11745 ), #10206 ) ;
#10802 = DIRECTION ( 'NONE',  ( 0.000000000000000000, 0.000000000000000000, 1.000000000000000000 ) ) ;
#10803 =( NAMED_UNIT ( * ) SI_UNIT ( $, .STERADIAN. ) SOLID_ANGLE_UNIT ( ) );
#10804 = MECHANICAL_DESIGN_GEOMETRIC_PRESENTATION_REPRESENTATION (  '', ( #9633 ), #3105 ) ;
#10805 = SURFACE_STYLE_FILL_AREA ( #1365 ) ;
#10806 = VECTOR ( 'NONE', #9678, 1000.000000000000114 ) ;
#10807 =( GEOMETRIC_REPRESENTATION_CONTEXT ( 3 ) GLOBAL_UNCERTAINTY_ASSIGNED_CONTEXT ( ( #4353 ) ) GLOBAL_UNIT_ASSIGNED_CONTEXT ( ( #8220, #2733, #8401 ) ) REPRESENTATION_CONTEXT ( 'NONE', 'WORKASPACE' ) );
#10808 = EDGE_CURVE ( 'NONE', #9937, #3245, #7869, .T. ) ;
#10809 = CARTESIAN_POINT ( 'NONE',  ( -0.2092171180314622569, 2.151000000000000689, -0.1648898872949465522 ) ) ;
#10810 = DIRECTION ( 'NONE',  ( 1.188166764367676342E-16, -1.000000000000000000, -0.000000000000000000 ) ) ;
#10811 = CARTESIAN_POINT ( 'NONE',  ( -0.0009625252939690631671, 2.150000000000000355, -0.2068758453878232206 ) ) ;
#10812 = ADVANCED_FACE ( 'NONE', ( #11896 ), #5592, .T. ) ;
#10813 = UNCERTAINTY_MEASURE_WITH_UNIT (LENGTH_MEASURE( 1.000000000000000082E-05 ), #4028, 'distance_accuracy_value', 'NONE');
#10814 = ORIENTED_EDGE ( 'NONE', *, *, #370, .F. ) ;
#10815 = EDGE_CURVE ( 'NONE', #2386, #5949, #3604, .T. ) ;
#10816 =( NAMED_UNIT ( * ) PLANE_ANGLE_UNIT ( ) SI_UNIT ( $, .RADIAN. ) );
#10817 = VERTEX_POINT ( 'NONE', #8095 ) ;
#10818 = ORIENTED_EDGE ( 'NONE', *, *, #1897, .F. ) ;
#10819 = CARTESIAN_POINT ( 'NONE',  ( -0.2502946274135723903, 2.150000000000000355, -0.2080203271987442759 ) ) ;
#10820 =( LENGTH_UNIT ( ) NAMED_UNIT ( * ) SI_UNIT ( .MILLI., .METRE. ) );
#10821 = PRESENTATION_LAYER_ASSIGNMENT (  '', '', ( #9633 ) ) ;
#10822 = VECTOR ( 'NONE', #2729, 1000.000000000000000 ) ;
#10823 = CARTESIAN_POINT ( 'NONE',  ( -0.6947567487916576079, 2.151000000000000245, -0.08982981060039686716 ) ) ;
#10824 = DIRECTION ( 'NONE',  ( 1.188166764367676342E-16, -1.000000000000000000, -0.000000000000000000 ) ) ;
#10825 = ORIENTED_EDGE ( 'NONE', *, *, #1826, .T. ) ;
#10826 =( NAMED_UNIT ( * ) SI_UNIT ( $, .STERADIAN. ) SOLID_ANGLE_UNIT ( ) );
#10827 = STYLED_ITEM ( 'NONE', ( #6129 ), #1155 ) ;
#10828 = CARTESIAN_POINT ( 'NONE',  ( -0.5942807378096763848, 2.150000000000000355, 0.2500603636830517340 ) ) ;
#10829 = AXIS2_PLACEMENT_3D ( 'NONE', #11425, #1091, #1782 ) ;
#10830 = ADVANCED_FACE ( 'NONE', ( #9097 ), #9159, .F. ) ;
#10831 =( LENGTH_UNIT ( ) NAMED_UNIT ( * ) SI_UNIT ( .MILLI., .METRE. ) );
#10832 = ORIENTED_EDGE ( 'NONE', *, *, #10997, .F. ) ;
#10833 = DIRECTION ( 'NONE',  ( 0.000000000000000000, 1.000000000000000000, 0.000000000000000000 ) ) ;
#10834 = DIRECTION ( 'NONE',  ( 0.9999748501857348426, -0.000000000000000000, 0.007092178509963093652 ) ) ;
#10835 = FILL_AREA_STYLE ('',( #8098 ) ) ;
#10836 = AXIS2_PLACEMENT_3D ( 'NONE', #5395, #7406, #9140 ) ;
#10837 = CARTESIAN_POINT ( 'NONE',  ( -0.2844641781314494744, 2.150000000000000355, -0.3161922559700406365 ) ) ;
#10838 = MECHANICAL_DESIGN_GEOMETRIC_PRESENTATION_REPRESENTATION (  '', ( #2946 ), #6891 ) ;
#10839 = LINE ( 'NONE', #9860, #1770 ) ;
#10840 = VERTEX_POINT ( 'NONE', #9284 ) ;
#10841 = B_SPLINE_CURVE_WITH_KNOTS ( 'NONE', 3,
 ( #11194, #1767, #10168, #10117 ),
 .UNSPECIFIED., .F., .F.,
 ( 4, 4 ),
 ( 0.000000000000000000, 1.000000000000000000 ),
 .UNSPECIFIED. ) ;
#10842 = LINE ( 'NONE', #7795, #1331 ) ;
#10843 = EDGE_LOOP ( 'NONE', ( #1680, #5617, #2232, #1002 ) ) ;
#10844 = CARTESIAN_POINT ( 'NONE',  ( 3.649999999999997691, 1.599999999999999867, -0.4000000000000000222 ) ) ;
#10845 = EDGE_CURVE ( 'NONE', #554, #1167, #10556, .T. ) ;
#10846 = FILL_AREA_STYLE_COLOUR ( '', #7844 ) ;
#10847 = FILL_AREA_STYLE_COLOUR ( '', #5399 ) ;
#10848 = CARTESIAN_POINT ( 'NONE',  ( 0.8636193661126985166, 2.150000000000000355, -0.04512400215323621178 ) ) ;
#10849 =( GEOMETRIC_REPRESENTATION_CONTEXT ( 3 ) GLOBAL_UNCERTAINTY_ASSIGNED_CONTEXT ( ( #2092 ) ) GLOBAL_UNIT_ASSIGNED_CONTEXT ( ( #2190, #11781, #6955 ) ) REPRESENTATION_CONTEXT ( 'NONE', 'WORKASPACE' ) );
#10850 = VERTEX_POINT ( 'NONE', #201 ) ;
#10851 = EDGE_LOOP ( 'NONE', ( #11198, #6364, #10976, #9267 ) ) ;
#10852 = FACE_OUTER_BOUND ( 'NONE', #6144, .T. ) ;
#10853 = VERTEX_POINT ( 'NONE', #5769 ) ;
#10854 = B_SPLINE_SURFACE_WITH_KNOTS ( 'NONE', 3, 1, ( 
 ( #11458, #10931 ),
 ( #5334, #11584 ),
 ( #6989, #3340 ),
 ( #7960, #9083 ) ),
 .UNSPECIFIED., .F., .F., .F.,
 ( 4, 4 ),
 ( 2, 2 ),
 ( 0.000000000000000000, 1.000000000000000000 ),
 ( 0.000000000000000000, 1.000000000000000000 ),
 .UNSPECIFIED. ) ;
#10855 = CARTESIAN_POINT ( 'NONE',  ( 1.220523129028157072, 2.151000000000000689, -0.007888209064190274816 ) ) ;
#10856 = VECTOR ( 'NONE', #5704, 1000.000000000000000 ) ;
#10857 = SURFACE_SIDE_STYLE ('',( #2258 ) ) ;
#10858 = VECTOR ( 'NONE', #2540, 1000.000000000000114 ) ;
#10859 = CARTESIAN_POINT ( 'NONE',  ( -3.669999999999997708, 1.800000000000000044, -1.770000000000000018 ) ) ;
#10860 = LINE ( 'NONE', #10006, #6432 ) ;
#10861 = DIRECTION ( 'NONE',  ( -0.3349296976928458625, 0.000000000000000000, -0.9422431202207735002 ) ) ;
#10862 = DIRECTION ( 'NONE',  ( 0.9999748501857348426, -0.000000000000000000, 0.007092178509963612335 ) ) ;
#10863 = FILL_AREA_STYLE_COLOUR ( '', #8839 ) ;
#10864 =( LENGTH_UNIT ( ) NAMED_UNIT ( * ) SI_UNIT ( .MILLI., .METRE. ) );
#10865 = ORIENTED_EDGE ( 'NONE', *, *, #10971, .T. ) ;
#10866 = AXIS2_PLACEMENT_3D ( 'NONE', #5757, #6804, #3898 ) ;
#10867 =( NAMED_UNIT ( * ) SI_UNIT ( $, .STERADIAN. ) SOLID_ANGLE_UNIT ( ) );
#10868 = FILL_AREA_STYLE_COLOUR ( '', #3664 ) ;
#10869 = EDGE_CURVE ( 'NONE', #1911, #9403, #11280, .T. ) ;
#10870 = DIRECTION ( 'NONE',  ( -0.9999748501857348426, -6.353357572162950898E-15, -0.007092178509964117139 ) ) ;
#10871 = PRESENTATION_LAYER_ASSIGNMENT (  '', '', ( #2566 ) ) ;
#10872 = DIRECTION ( 'NONE',  ( 0.007092178509963166511, -0.000000000000000000, -0.9999748501857348426 ) ) ;
#10873 = SURFACE_STYLE_USAGE ( .BOTH. , #1427 ) ;
#10874 = CARTESIAN_POINT ( 'NONE',  ( 0.1293441777897625655, 2.150000000000000355, 0.2811871714995884397 ) ) ;
#10875 = DIRECTION ( 'NONE',  ( 0.9999748501857348426, 0.000000000000000000, 0.007092178509962492571 ) ) ;
#10876 = EDGE_LOOP ( 'NONE', ( #4008, #11100, #1684, #5040 ) ) ;
#10877 = CARTESIAN_POINT ( 'NONE',  ( -0.1722735398319721056, 2.151000000000000689, -0.2261051031965372327 ) ) ;
#10878 = VERTEX_POINT ( 'NONE', #2104 ) ;
#10879 = ORIENTED_EDGE ( 'NONE', *, *, #11451, .T. ) ;
#10880 = LINE ( 'NONE', #2227, #10107 ) ;
#10881 = VECTOR ( 'NONE', #947, 1000.000000000000000 ) ;
#10882 = VECTOR ( 'NONE', #7951, 1000.000000000000114 ) ;
#10883 =( NAMED_UNIT ( * ) PLANE_ANGLE_UNIT ( ) SI_UNIT ( $, .RADIAN. ) );
#10884 = ADVANCED_FACE ( 'NONE', ( #4776 ), #11461, .F. ) ;
#10885 = SURFACE_STYLE_USAGE ( .BOTH. , #7055 ) ;
#10886 = EDGE_CURVE ( 'NONE', #11848, #2414, #5832, .T. ) ;
#10887 = ADVANCED_FACE ( 'NONE', ( #3728 ), #5822, .T. ) ;
#10888 = ORIENTED_EDGE ( 'NONE', *, *, #11142, .T. ) ;
#10889 = UNCERTAINTY_MEASURE_WITH_UNIT (LENGTH_MEASURE( 1.000000000000000082E-05 ), #11447, 'distance_accuracy_value', 'NONE');
#10890 =( NAMED_UNIT ( * ) PLANE_ANGLE_UNIT ( ) SI_UNIT ( $, .RADIAN. ) );
#10891 = MECHANICAL_DESIGN_GEOMETRIC_PRESENTATION_REPRESENTATION (  '', ( #7329 ), #11075 ) ;
#10892 = CARTESIAN_POINT ( 'NONE',  ( -0.8503688307904906374, 2.151000000000000245, -0.08864594207410317339 ) ) ;
#10893 = DIRECTION ( 'NONE',  ( 1.188166764367676342E-16, -1.000000000000000000, -0.000000000000000000 ) ) ;
#10894 = CARTESIAN_POINT ( 'NONE',  ( -0.1845599917712082982, 2.151000000000000689, -0.1522376013544926854 ) ) ;
#10895 = LINE ( 'NONE', #5155, #10099 ) ;
#10896 = FILL_AREA_STYLE ('',( #3360 ) ) ;
#10897 = FILL_AREA_STYLE ('',( #1627 ) ) ;
#10898 = SURFACE_SIDE_STYLE ('',( #1268 ) ) ;
#10899 = PRESENTATION_LAYER_ASSIGNMENT (  '', '', ( #9518 ) ) ;
#10900 = EDGE_CURVE ( 'NONE', #11554, #11802, #74, .T. ) ;
#10901 = EDGE_LOOP ( 'NONE', ( #3124, #9001, #1958, #8202 ) ) ;
#10902 = CARTESIAN_POINT ( 'NONE',  ( 0.3177063338085588384, 2.150000000000000355, -0.1415413682689756758 ) ) ;
#10903 = VERTEX_POINT ( 'NONE', #5890 ) ;
#10904 =( LENGTH_UNIT ( ) NAMED_UNIT ( * ) SI_UNIT ( .MILLI., .METRE. ) );
#10905 = DIRECTION ( 'NONE',  ( -0.9999748501857348426, -6.353357572162950898E-15, -0.007092178509964117139 ) ) ;
#10906 = STYLED_ITEM ( 'NONE', ( #5520 ), #11528 ) ;
#10907 = ORIENTED_EDGE ( 'NONE', *, *, #6820, .T. ) ;
#10908 = ORIENTED_EDGE ( 'NONE', *, *, #19, .T. ) ;
#10909 = FACE_OUTER_BOUND ( 'NONE', #3151, .T. ) ;
#10910 = SURFACE_STYLE_FILL_AREA ( #3558 ) ;
#10911 = CARTESIAN_POINT ( 'NONE',  ( -0.2046567300647318677, 2.151000000000000689, 0.1670415306926976151 ) ) ;
#10912 =( LENGTH_UNIT ( ) NAMED_UNIT ( * ) SI_UNIT ( .MILLI., .METRE. ) );
#10913 = EDGE_LOOP ( 'NONE', ( #4892, #7323, #10120, #3125 ) ) ;
#10914 = EDGE_CURVE ( 'NONE', #7985, #1898, #1005, .T. ) ;
#10915 = VERTEX_POINT ( 'NONE', #10443 ) ;
#10916 = PRESENTATION_STYLE_ASSIGNMENT (( #2325 ) ) ;
#10917 =( GEOMETRIC_REPRESENTATION_CONTEXT ( 3 ) GLOBAL_UNCERTAINTY_ASSIGNED_CONTEXT ( ( #4034 ) ) GLOBAL_UNIT_ASSIGNED_CONTEXT ( ( #2387, #5179, #4065 ) ) REPRESENTATION_CONTEXT ( 'NONE', 'WORKASPACE' ) );
#10918 = FACE_OUTER_BOUND ( 'NONE', #4375, .T. ) ;
#10919 = DIRECTION ( 'NONE',  ( -0.3592492403233703557, -0.000000000000000000, -0.9332416532319383062 ) ) ;
#10920 = LINE ( 'NONE', #4328, #8521 ) ;
#10921 = ORIENTED_EDGE ( 'NONE', *, *, #11302, .T. ) ;
#10922 = B_SPLINE_CURVE_WITH_KNOTS ( 'NONE', 3,
 ( #10032, #706, #4475, #11014 ),
 .UNSPECIFIED., .F., .F.,
 ( 4, 4 ),
 ( 12.00000000000000000, 13.00000000000000000 ),
 .UNSPECIFIED. ) ;
#10923 = CARTESIAN_POINT ( 'NONE',  ( -0.7166526795886228873, 2.149999999999999911, -0.1472772064305161166 ) ) ;
#10924 = EDGE_CURVE ( 'NONE', #2810, #7397, #3467, .T. ) ;
#10925 =( GEOMETRIC_REPRESENTATION_CONTEXT ( 3 ) GLOBAL_UNCERTAINTY_ASSIGNED_CONTEXT ( ( #6980 ) ) GLOBAL_UNIT_ASSIGNED_CONTEXT ( ( #4281, #7894, #2276 ) ) REPRESENTATION_CONTEXT ( 'NONE', 'WORKASPACE' ) );
#10926 = PRESENTATION_LAYER_ASSIGNMENT (  '', '', ( #9555 ) ) ;
#10927 = LINE ( 'NONE', #7105, #584 ) ;
#10928 = CARTESIAN_POINT ( 'NONE',  ( -0.5396921636882440199, 2.151000000000000689, -0.2263974476531020186 ) ) ;
#10930 = ORIENTED_EDGE ( 'NONE', *, *, #7265, .T. ) ;
#10929 = VECTOR ( 'NONE', #9716, 1000.000000000000000 ) ;
#10931 = CARTESIAN_POINT ( 'NONE',  ( -0.08072253193853282105, 2.150000000000000355, 0.07288425256004332775 ) ) ;
#10932 = EDGE_LOOP ( 'NONE', ( #8173, #5916, #3960, #11153 ) ) ;
#10933 = CARTESIAN_POINT ( 'NONE',  ( -0.6361995749045132875, 2.151000000000000245, -0.07028247539768930907 ) ) ;
#10934 = ORIENTED_EDGE ( 'NONE', *, *, #4936, .F. ) ;
#10935 = FILL_AREA_STYLE ('',( #753 ) ) ;
#10936 = SURFACE_STYLE_USAGE ( .BOTH. , #9654 ) ;
#10937 = CARTESIAN_POINT ( 'NONE',  ( -0.1869395808380833190, 2.151000000000000689, -0.1245962220763700279 ) ) ;
#10938 = CARTESIAN_POINT ( 'NONE',  ( -0.0009625252939690631671, 2.150000000000000355, -0.2068758453878232206 ) ) ;
#10939 = ORIENTED_EDGE ( 'NONE', *, *, #11401, .T. ) ;
#10940 = CARTESIAN_POINT ( 'NONE',  ( -3.649999999999998579, 2.149999999999999911, 1.750000000000000000 ) ) ;
#10941 = B_SPLINE_CURVE_WITH_KNOTS ( 'NONE', 3,
 ( #8607, #1164, #7625, #1839 ),
 .UNSPECIFIED., .F., .F.,
 ( 4, 4 ),
 ( 4.000000000000000000, 5.000000000000000000 ),
 .UNSPECIFIED. ) ;
#10942 = LINE ( 'NONE', #3596, #4136 ) ;
#10943 = CARTESIAN_POINT ( 'NONE',  ( -0.7166526795886228873, 2.151000000000000245, -0.1472772064305161166 ) ) ;
#10944 = CARTESIAN_POINT ( 'NONE',  ( -0.5979747329197253602, 2.150000000000000355, 0.2357891228373169556 ) ) ;
#10945 = B_SPLINE_SURFACE_WITH_KNOTS ( 'NONE', 3, 1, ( 
 ( #2392, #9882 ),
 ( #1230, #8864 ),
 ( #10598, #6183 ),
 ( #8990, #4992 ) ),
 .UNSPECIFIED., .F., .F., .F.,
 ( 4, 4 ),
 ( 2, 2 ),
 ( 4.000000000000000000, 5.000000000000000000 ),
 ( 0.000000000000000000, 1.000000000000000000 ),
 .UNSPECIFIED. ) ;
#10946 = PRESENTATION_STYLE_ASSIGNMENT (( #7126 ) ) ;
#10947 = ORIENTED_EDGE ( 'NONE', *, *, #9067, .F. ) ;
#10948 = PRESENTATION_STYLE_ASSIGNMENT (( #1744 ) ) ;
#10949 = FILL_AREA_STYLE_COLOUR ( '', #8243 ) ;
#10950 = PRESENTATION_STYLE_ASSIGNMENT (( #3424 ) ) ;
#10951 = MECHANICAL_DESIGN_GEOMETRIC_PRESENTATION_REPRESENTATION (  '', ( #516 ), #8565 ) ;
#10952 =( GEOMETRIC_REPRESENTATION_CONTEXT ( 3 ) GLOBAL_UNCERTAINTY_ASSIGNED_CONTEXT ( ( #8436 ) ) GLOBAL_UNIT_ASSIGNED_CONTEXT ( ( #1444, #9029, #524 ) ) REPRESENTATION_CONTEXT ( 'NONE', 'WORKASPACE' ) );
#10953 = FACE_OUTER_BOUND ( 'NONE', #5673, .T. ) ;
#10954 = DIRECTION ( 'NONE',  ( -0.9999748501857348426, 0.000000000000000000, -0.007092178509963727694 ) ) ;
#10955 = LINE ( 'NONE', #1393, #8069 ) ;
#10956 = EDGE_LOOP ( 'NONE', ( #8350, #7332, #1616, #10151 ) ) ;
#10957 = VECTOR ( 'NONE', #9119, 1000.000000000000000 ) ;
#10958 = FILL_AREA_STYLE ('',( #11078 ) ) ;
#10959 = ORIENTED_EDGE ( 'NONE', *, *, #3522, .T. ) ;
#10960 = CARTESIAN_POINT ( 'NONE',  ( -0.4400932833313356829, 2.150000000000000355, 0.08322878936597134791 ) ) ;
#10961 =( GEOMETRIC_REPRESENTATION_CONTEXT ( 3 ) GLOBAL_UNCERTAINTY_ASSIGNED_CONTEXT ( ( #56 ) ) GLOBAL_UNIT_ASSIGNED_CONTEXT ( ( #5820, #3030, #5271 ) ) REPRESENTATION_CONTEXT ( 'NONE', 'WORKASPACE' ) );
#10962 = CARTESIAN_POINT ( 'NONE',  ( 0.3874196183334083776, 2.151000000000000689, 0.01946165385534716699 ) ) ;
#10963 = FACE_OUTER_BOUND ( 'NONE', #453, .T. ) ;
#10964 = EDGE_CURVE ( 'NONE', #10310, #10023, #4657, .T. ) ;
#10965 = CARTESIAN_POINT ( 'NONE',  ( 0.4340797516133161338, 2.151000000000000689, -0.2390455959965226140 ) ) ;
#10966 =( NAMED_UNIT ( * ) SI_UNIT ( $, .STERADIAN. ) SOLID_ANGLE_UNIT ( ) );
#10967 = ORIENTED_EDGE ( 'NONE', *, *, #10664, .T. ) ;
#10968 = CARTESIAN_POINT ( 'NONE',  ( -0.09208247626273287356, 2.151000000000000689, -0.2239506888535458817 ) ) ;
#10969 = ADVANCED_FACE ( 'NONE', ( #9405 ), #10, .F. ) ;
#10970 = ORIENTED_EDGE ( 'NONE', *, *, #3180, .T. ) ;
#10971 = EDGE_CURVE ( 'NONE', #10341, #4585, #5225, .T. ) ;
#10972 =( NAMED_UNIT ( * ) PLANE_ANGLE_UNIT ( ) SI_UNIT ( $, .RADIAN. ) );
#10973 = FACE_OUTER_BOUND ( 'NONE', #5615, .T. ) ;
#10974 = COLOUR_RGB ( '',1.000000000000000000, 1.000000000000000000, 1.000000000000000000 ) ;
#10975 = DIRECTION ( 'NONE',  ( 1.188166764367676342E-16, -1.000000000000000000, -0.000000000000000000 ) ) ;
#10976 = ORIENTED_EDGE ( 'NONE', *, *, #9533, .F. ) ;
#10977 = ORIENTED_EDGE ( 'NONE', *, *, #1082, .F. ) ;
#10978 =( NAMED_UNIT ( * ) PLANE_ANGLE_UNIT ( ) SI_UNIT ( $, .RADIAN. ) );
#10979 =( NAMED_UNIT ( * ) PLANE_ANGLE_UNIT ( ) SI_UNIT ( $, .RADIAN. ) );
#10980 = PRESENTATION_LAYER_ASSIGNMENT (  '', '', ( #3693 ) ) ;
#10981 = CARTESIAN_POINT ( 'NONE',  ( -0.8445179435863524597, 2.151000000000000245, -0.08527713648157950188 ) ) ;
#10982 = EDGE_CURVE ( 'NONE', #2874, #6274, #7901, .T. ) ;
#10983 = SURFACE_SIDE_STYLE ('',( #2460 ) ) ;
#10984 = ORIENTED_EDGE ( 'NONE', *, *, #1829, .F. ) ;
#10985 = LINE ( 'NONE', #5569, #7886 ) ;
#10986 = CARTESIAN_POINT ( 'NONE',  ( -0.8804933862011528056, 2.151000000000000245, -0.1733940407948221518 ) ) ;
#10987 = LINE ( 'NONE', #5732, #8855 ) ;
#10988 = MECHANICAL_DESIGN_GEOMETRIC_PRESENTATION_REPRESENTATION (  '', ( #3693 ), #4685 ) ;
#10989 =( LENGTH_UNIT ( ) NAMED_UNIT ( * ) SI_UNIT ( .MILLI., .METRE. ) );
#10990 = CARTESIAN_POINT ( 'NONE',  ( -3.669999999999997708, -1.600000000000000089, -0.3999999999999996336 ) ) ;
#10991 = FILL_AREA_STYLE ('',( #12110 ) ) ;
#10992 = B_SPLINE_CURVE_WITH_KNOTS ( 'NONE', 3,
 ( #6248, #5610, #8280, #729 ),
 .UNSPECIFIED., .F., .F.,
 ( 4, 4 ),
 ( 11.00000000000000000, 12.00000000000000000 ),
 .UNSPECIFIED. ) ;
#10993 = CARTESIAN_POINT ( 'NONE',  ( -0.05155805588541048645, 2.151000000000000689, 0.07309109743247177438 ) ) ;
#10994 =( LENGTH_UNIT ( ) NAMED_UNIT ( * ) SI_UNIT ( .MILLI., .METRE. ) );
#10995 = FILL_AREA_STYLE_COLOUR ( '', #7834 ) ;
#10996 = COLOUR_RGB ( '',1.000000000000000000, 1.000000000000000000, 1.000000000000000000 ) ;
#10997 = EDGE_CURVE ( 'NONE', #2897, #6515, #327, .T. ) ;
#10998 = CARTESIAN_POINT ( 'NONE',  ( 1.128843637412553003, 2.150000000000000355, 0.07388497511032043885 ) ) ;
#10999 = ORIENTED_EDGE ( 'NONE', *, *, #11832, .T. ) ;
#11000 = CARTESIAN_POINT ( 'NONE',  ( -0.6604253250663800756, 2.151000000000000245, -0.07045429306355742438 ) ) ;
#11001 = MECHANICAL_DESIGN_GEOMETRIC_PRESENTATION_REPRESENTATION (  '', ( #9615 ), #7439 ) ;
#11002 = ORIENTED_EDGE ( 'NONE', *, *, #3271, .T. ) ;
#11003 = CARTESIAN_POINT ( 'NONE',  ( -0.2176754415752549798, 2.151000000000000689, -0.1964553339650816910 ) ) ;
#11004 = CARTESIAN_POINT ( 'NONE',  ( -0.4565656089491588188, 2.151000000000000689, -0.2258078844605693469 ) ) ;
#11005 = CARTESIAN_POINT ( 'NONE',  ( -0.3269940945707964230, 2.151000000000000689, 0.2779506576133559115 ) ) ;
#11006 =( NAMED_UNIT ( * ) SI_UNIT ( $, .STERADIAN. ) SOLID_ANGLE_UNIT ( ) );
#11007 = PLANE ( 'NONE',  #2583 ) ;
#11008 = AXIS2_PLACEMENT_3D ( 'NONE', #23, #4667, #1807 ) ;
#11009 = B_SPLINE_CURVE_WITH_KNOTS ( 'NONE', 3,
 ( #10087, #1851, #12060, #3528 ),
 .UNSPECIFIED., .F., .F.,
 ( 4, 4 ),
 ( 4.000000000000000000, 5.000000000000000000 ),
 .UNSPECIFIED. ) ;
#11010 = COLOUR_RGB ( '',1.000000000000000000, 1.000000000000000000, 1.000000000000000000 ) ;
#11011 = UNCERTAINTY_MEASURE_WITH_UNIT (LENGTH_MEASURE( 1.000000000000000082E-05 ), #4863, 'distance_accuracy_value', 'NONE');
#11012 =( GEOMETRIC_REPRESENTATION_CONTEXT ( 3 ) GLOBAL_UNCERTAINTY_ASSIGNED_CONTEXT ( ( #5132 ) ) GLOBAL_UNIT_ASSIGNED_CONTEXT ( ( #2995, #6785, #8420 ) ) REPRESENTATION_CONTEXT ( 'NONE', 'WORKASPACE' ) );
#11013 = DIRECTION ( 'NONE',  ( 1.000000000000000000, 1.188166764367676342E-16, 0.000000000000000000 ) ) ;
#11014 = CARTESIAN_POINT ( 'NONE',  ( -0.1869395808380833190, 2.151000000000000689, -0.1245962220763700279 ) ) ;
#11015 = CARTESIAN_POINT ( 'NONE',  ( -3.669999999999997708, 1.800000000000000044, -1.770000000000000018 ) ) ;
#11016 = STYLED_ITEM ( 'NONE', ( #3070 ), #446 ) ;
#11017 = CARTESIAN_POINT ( 'NONE',  ( -0.06594393457482153331, 2.150000000000000355, -0.09763949769721640137 ) ) ;
#11018 = FACE_OUTER_BOUND ( 'NONE', #774, .T. ) ;
#11019 = MECHANICAL_DESIGN_GEOMETRIC_PRESENTATION_REPRESENTATION (  '', ( #9841 ), #1148 ) ;
#11020 = LINE ( 'NONE', #10768, #412 ) ;
#11021 = COLOUR_RGB ( '',1.000000000000000000, 1.000000000000000000, 1.000000000000000000 ) ;
#11022 = PRESENTATION_LAYER_ASSIGNMENT (  '', '', ( #10612 ) ) ;
#11023 = SURFACE_STYLE_FILL_AREA ( #1696 ) ;
#11024 = FILL_AREA_STYLE ('',( #7245 ) ) ;
#11025 = CARTESIAN_POINT ( 'NONE',  ( -0.03483757275802218389, 2.151000000000000689, 0.2371836323838299454 ) ) ;
#11026 = CARTESIAN_POINT ( 'NONE',  ( -0.7336187334742199084, 2.150000000000000355, -0.2034418969342010330 ) ) ;
#11027 = CARTESIAN_POINT ( 'NONE',  ( -3.649999999999997691, -1.600000000000000089, 3.429011037612588783E-16 ) ) ;
#11028 = SURFACE_STYLE_FILL_AREA ( #8399 ) ;
#11029 = VECTOR ( 'NONE', #989, 1000.000000000000114 ) ;
#11030 = VERTEX_POINT ( 'NONE', #11590 ) ;
#11031 = CARTESIAN_POINT ( 'NONE',  ( 0.9837870730253228668, 2.151000000000000689, 0.1379272413878900039 ) ) ;
#11032 = B_SPLINE_CURVE_WITH_KNOTS ( 'NONE', 3,
 ( #10377, #258, #10441, #3908 ),
 .UNSPECIFIED., .F., .F.,
 ( 4, 4 ),
 ( 8.000000000000000000, 9.000000000000000000 ),
 .UNSPECIFIED. ) ;
#11033 = CARTESIAN_POINT ( 'NONE',  ( 0.7640026484976881749, 2.150000000000000355, -0.2714101968793087849 ) ) ;
#11034 = PRESENTATION_LAYER_ASSIGNMENT (  '', '', ( #2346 ) ) ;
#11035 = SURFACE_STYLE_FILL_AREA ( #7258 ) ;
#11036 = ORIENTED_EDGE ( 'NONE', *, *, #7265, .F. ) ;
#11037 = EDGE_CURVE ( 'NONE', #10620, #426, #4634, .T. ) ;
#11038 = EDGE_CURVE ( 'NONE', #3902, #4081, #6839, .T. ) ;
#11039 = ORIENTED_EDGE ( 'NONE', *, *, #8884, .T. ) ;
#11040 = EDGE_CURVE ( 'NONE', #10758, #1256, #9715, .T. ) ;
#11041 = COLOUR_RGB ( '',1.000000000000000000, 1.000000000000000000, 1.000000000000000000 ) ;
#11042 = CARTESIAN_POINT ( 'NONE',  ( -0.03825719151662632100, 2.150000000000000355, -0.1822895132770764592 ) ) ;
#11043 =( GEOMETRIC_REPRESENTATION_CONTEXT ( 3 ) GLOBAL_UNCERTAINTY_ASSIGNED_CONTEXT ( ( #5282 ) ) GLOBAL_UNIT_ASSIGNED_CONTEXT ( ( #1269, #2127, #5913 ) ) REPRESENTATION_CONTEXT ( 'NONE', 'WORKASPACE' ) );
#11044 =( NAMED_UNIT ( * ) PLANE_ANGLE_UNIT ( ) SI_UNIT ( $, .RADIAN. ) );
#11045 = PLANE ( 'NONE',  #11878 ) ;
#11046 = DIRECTION ( 'NONE',  ( 0.9999748501857348426, 0.000000000000000000, 0.007092178509966704479 ) ) ;
#11047 = ORIENTED_EDGE ( 'NONE', *, *, #4646, .F. ) ;
#11048 = DIRECTION ( 'NONE',  ( 1.188166764367676342E-16, -1.000000000000000000, -0.000000000000000000 ) ) ;
#11049 = DIRECTION ( 'NONE',  ( 1.000000000000000000, 0.000000000000000000, 0.000000000000000000 ) ) ;
#11050 = COLOUR_RGB ( '',1.000000000000000000, 1.000000000000000000, 1.000000000000000000 ) ;
#11051 = MECHANICAL_DESIGN_GEOMETRIC_PRESENTATION_REPRESENTATION (  '', ( #4157 ), #1973 ) ;
#11052 = CARTESIAN_POINT ( 'NONE',  ( -0.2220165054749129729, 2.150000000000000355, -0.2001253665729351983 ) ) ;
#11053 = DIRECTION ( 'NONE',  ( 1.188166764367676342E-16, -1.000000000000000000, -0.000000000000000000 ) ) ;
#11054 = EDGE_CURVE ( 'NONE', #6608, #10414, #3344, .T. ) ;
#11055 = FILL_AREA_STYLE ('',( #7161 ) ) ;
#11056 = FACE_OUTER_BOUND ( 'NONE', #5527, .T. ) ;
#11057 = VECTOR ( 'NONE', #6859, 1000.000000000000000 ) ;
#11058 = ORIENTED_EDGE ( 'NONE', *, *, #5067, .T. ) ;
#11059 = FILL_AREA_STYLE ('',( #10084 ) ) ;
#11060 = VERTEX_POINT ( 'NONE', #4091 ) ;
#11061 = CARTESIAN_POINT ( 'NONE',  ( 0.5070745920861038369, 2.150000000000000355, 0.07092111345452180304 ) ) ;
#11062 = CARTESIAN_POINT ( 'NONE',  ( -0.1183206037698223551, 2.151000000000000689, -0.1163111713011458076 ) ) ;
#11063 = FILL_AREA_STYLE_COLOUR ( '', #3174 ) ;
#11064 = STYLED_ITEM ( 'NONE', ( #10561 ), #4396 ) ;
#11065 = ORIENTED_EDGE ( 'NONE', *, *, #12046, .F. ) ;
#11066 = EDGE_CURVE ( 'NONE', #6845, #11429, #10880, .T. ) ;
#11067 = FILL_AREA_STYLE ('',( #881 ) ) ;
#11068 = LINE ( 'NONE', #762, #2884 ) ;
#11069 =( NAMED_UNIT ( * ) PLANE_ANGLE_UNIT ( ) SI_UNIT ( $, .RADIAN. ) );
#11070 = ORIENTED_EDGE ( 'NONE', *, *, #5158, .T. ) ;
#11071 =( LENGTH_UNIT ( ) NAMED_UNIT ( * ) SI_UNIT ( .MILLI., .METRE. ) );
#11072 = FILL_AREA_STYLE_COLOUR ( '', #9477 ) ;
#11073 = CARTESIAN_POINT ( 'NONE',  ( 0.9073055194178603067, 2.151000000000000689, 0.1156944538472038930 ) ) ;
#11074 = EDGE_CURVE ( 'NONE', #4312, #8219, #2553, .T. ) ;
#11075 =( GEOMETRIC_REPRESENTATION_CONTEXT ( 3 ) GLOBAL_UNCERTAINTY_ASSIGNED_CONTEXT ( ( #11831 ) ) GLOBAL_UNIT_ASSIGNED_CONTEXT ( ( #4224, #11704, #8952 ) ) REPRESENTATION_CONTEXT ( 'NONE', 'WORKASPACE' ) );
#11076 = STYLED_ITEM ( 'NONE', ( #563 ), #4675 ) ;
#11077 = LINE ( 'NONE', #5599, #6112 ) ;
#11078 = FILL_AREA_STYLE_COLOUR ( '', #11750 ) ;
#11079 = CARTESIAN_POINT ( 'NONE',  ( -0.5813124846806851931, 2.151000000000000689, 0.2761469408291877814 ) ) ;
#11080 = CARTESIAN_POINT ( 'NONE',  ( -0.2731886225563550652, 2.150000000000000355, -0.2933410146448931499 ) ) ;
#11081 =( NAMED_UNIT ( * ) PLANE_ANGLE_UNIT ( ) SI_UNIT ( $, .RADIAN. ) );
#11082 =( NAMED_UNIT ( * ) SI_UNIT ( $, .STERADIAN. ) SOLID_ANGLE_UNIT ( ) );
#11083 = ORIENTED_EDGE ( 'NONE', *, *, #8373, .F. ) ;
#11084 = CARTESIAN_POINT ( 'NONE',  ( -0.7130530573381530512, 2.151000000000000245, -0.2223240862405151952 ) ) ;
#11085 = EDGE_CURVE ( 'NONE', #6261, #6076, #4163, .T. ) ;
#11086 = VECTOR ( 'NONE', #1998, 1000.000000000000114 ) ;
#11087 = SURFACE_STYLE_USAGE ( .BOTH. , #2671 ) ;
#11088 = DIRECTION ( 'NONE',  ( 1.188166764367676342E-16, -1.000000000000000000, -0.000000000000000000 ) ) ;
#11089 = LINE ( 'NONE', #4562, #8460 ) ;
#11090 = ORIENTED_EDGE ( 'NONE', *, *, #5715, .T. ) ;
#11091 = CARTESIAN_POINT ( 'NONE',  ( 1.670000000000000373, 1.800000000000000044, -1.750000000000001110 ) ) ;
#11092 = ORIENTED_EDGE ( 'NONE', *, *, #7295, .T. ) ;
#11093 = STYLED_ITEM ( 'NONE', ( #6887 ), #11527 ) ;
#11094 = DIRECTION ( 'NONE',  ( -0.3492990577959528276, 0.000000000000000000, -0.9370112956751693867 ) ) ;
#11095 = PRESENTATION_STYLE_ASSIGNMENT (( #854 ) ) ;
#11096 = CARTESIAN_POINT ( 'NONE',  ( 0.004334137775480265131, 2.150000000000000355, 0.2338222079011517684 ) ) ;
#11097 = B_SPLINE_CURVE_WITH_KNOTS ( 'NONE', 3,
 ( #125, #7644, #11391, #6751 ),
 .UNSPECIFIED., .F., .F.,
 ( 4, 4 ),
 ( 2.000000000000000000, 3.000000000000000000 ),
 .UNSPECIFIED. ) ;
#11098 =( LENGTH_UNIT ( ) NAMED_UNIT ( * ) SI_UNIT ( .MILLI., .METRE. ) );
#11099 = EDGE_CURVE ( 'NONE', #426, #4087, #1407, .T. ) ;
#11100 = ORIENTED_EDGE ( 'NONE', *, *, #34, .F. ) ;
#11101 = LINE ( 'NONE', #6565, #5753 ) ;
#11102 = ADVANCED_FACE ( 'NONE', ( #7769 ), #11229, .F. ) ;
#11103 = COLOUR_RGB ( '',1.000000000000000000, 1.000000000000000000, 1.000000000000000000 ) ;
#11104 = CARTESIAN_POINT ( 'NONE',  ( 0.4340797516133161338, 2.151000000000000689, -0.2390455959965226140 ) ) ;
#11105 = PRESENTATION_LAYER_ASSIGNMENT (  '', '', ( #6199 ) ) ;
#11106 = CARTESIAN_POINT ( 'NONE',  ( 0.7125636461717117509, 2.151000000000000689, 0.2531314573857857964 ) ) ;
#11107 = VECTOR ( 'NONE', #3556, 1000.000000000000000 ) ;
#11108 =( LENGTH_UNIT ( ) NAMED_UNIT ( * ) SI_UNIT ( .MILLI., .METRE. ) );
#11109 = CARTESIAN_POINT ( 'NONE',  ( -0.05347303180822479685, 2.151000000000000689, -0.2286678204144655113 ) ) ;
#11110 = ORIENTED_EDGE ( 'NONE', *, *, #10031, .F. ) ;
#11111 = CARTESIAN_POINT ( 'NONE',  ( -0.2419391697635986105, 2.151000000000000689, -0.1839420553702129646 ) ) ;
#11112 = ORIENTED_EDGE ( 'NONE', *, *, #11682, .F. ) ;
#11113 = CARTESIAN_POINT ( 'NONE',  ( 0.1030909506832609762, 2.150000000000000355, 0.2810009742436604951 ) ) ;
#11114 = ADVANCED_FACE ( 'NONE', ( #6396 ), #5448, .F. ) ;
#11115 = PRESENTATION_LAYER_ASSIGNMENT (  '', '', ( #4813 ) ) ;
#11116 = EDGE_CURVE ( 'NONE', #2065, #1385, #1834, .T. ) ;
#11117 = FACE_OUTER_BOUND ( 'NONE', #1370, .T. ) ;
#11118 = UNCERTAINTY_MEASURE_WITH_UNIT (LENGTH_MEASURE( 1.000000000000000082E-05 ), #990, 'distance_accuracy_value', 'NONE');
#11119 = VECTOR ( 'NONE', #3046, 1000.000000000000000 ) ;
#11120 = DIRECTION ( 'NONE',  ( -0.9999748501857348426, -0.000000000000000000, -0.007092178509963858665 ) ) ;
#11121 = VERTEX_POINT ( 'NONE', #9086 ) ;
#11122 = DIRECTION ( 'NONE',  ( 1.188166764367676342E-16, -1.000000000000000000, -0.000000000000000000 ) ) ;
#11123 = CARTESIAN_POINT ( 'NONE',  ( -0.2871336222989742670, 2.151000000000000689, 0.07485159886325951084 ) ) ;
#11124 = ORIENTED_EDGE ( 'NONE', *, *, #7179, .F. ) ;
#11125 = COLOUR_RGB ( '',1.000000000000000000, 1.000000000000000000, 1.000000000000000000 ) ;
#11126 =( NAMED_UNIT ( * ) PLANE_ANGLE_UNIT ( ) SI_UNIT ( $, .RADIAN. ) );
#11127 = SURFACE_STYLE_USAGE ( .BOTH. , #3605 ) ;
#11128 = EDGE_CURVE ( 'NONE', #6292, #3655, #4405, .T. ) ;
#11129 = LINE ( 'NONE', #3362, #3028 ) ;
#11130 =( NAMED_UNIT ( * ) SI_UNIT ( $, .STERADIAN. ) SOLID_ANGLE_UNIT ( ) );
#11131 = DIRECTION ( 'NONE',  ( 1.188166764367676342E-16, -1.000000000000000000, -0.000000000000000000 ) ) ;
#11132 = VERTEX_POINT ( 'NONE', #11113 ) ;
#11133 = UNCERTAINTY_MEASURE_WITH_UNIT (LENGTH_MEASURE( 1.000000000000000082E-05 ), #3320, 'distance_accuracy_value', 'NONE');
#11134 = LINE ( 'NONE', #835, #11376 ) ;
#11135 =( LENGTH_UNIT ( ) NAMED_UNIT ( * ) SI_UNIT ( .MILLI., .METRE. ) );
#11136 = CARTESIAN_POINT ( 'NONE',  ( -0.1180595589040768778, 2.151000000000000689, -0.1531176758397616300 ) ) ;
#11137 = SURFACE_STYLE_USAGE ( .BOTH. , #1577 ) ;
#11138 = CARTESIAN_POINT ( 'NONE',  ( -0.03263414926306169167, 2.151000000000000689, -0.2494196833627278509 ) ) ;
#11139 = CARTESIAN_POINT ( 'NONE',  ( -0.1173966229314899606, 2.150000000000000355, -0.2465895616557977899 ) ) ;
#11140 = VERTEX_POINT ( 'NONE', #8143 ) ;
#11141 = CARTESIAN_POINT ( 'NONE',  ( 0.7989002566522885873, 2.151000000000000689, -0.09474780794363980851 ) ) ;
#11142 = EDGE_CURVE ( 'NONE', #10243, #3318, #7409, .T. ) ;
#11143 = CARTESIAN_POINT ( 'NONE',  ( 0.02704531900900807723, 2.151000000000000689, -0.06557850591027368503 ) ) ;
#11144 = ORIENTED_EDGE ( 'NONE', *, *, #9395, .F. ) ;
#11145 = MECHANICAL_DESIGN_GEOMETRIC_PRESENTATION_REPRESENTATION (  '', ( #1293 ), #6633 ) ;
#11146 = CARTESIAN_POINT ( 'NONE',  ( 0.9730501225811498678, 2.150000000000000355, 0.2246124206292371694 ) ) ;
#11147 = ORIENTED_EDGE ( 'NONE', *, *, #8306, .T. ) ;
#11148 = COLOUR_RGB ( '',1.000000000000000000, 1.000000000000000000, 1.000000000000000000 ) ;
#11149 = CARTESIAN_POINT ( 'NONE',  ( -0.03825719151662632100, 2.151000000000000689, -0.1822895132770764592 ) ) ;
#11150 = CARTESIAN_POINT ( 'NONE',  ( -0.3530814033311270306, 2.150000000000000355, 0.2543704956092782132 ) ) ;
#11151 = CARTESIAN_POINT ( 'NONE',  ( 0.01452646803043681871, 2.150000000000000355, 0.1748347605559805173 ) ) ;
#11152 = FACE_OUTER_BOUND ( 'NONE', #12101, .T. ) ;
#11153 = ORIENTED_EDGE ( 'NONE', *, *, #6769, .T. ) ;
#11154 = CARTESIAN_POINT ( 'NONE',  ( -0.1372865267956300261, 2.151000000000000689, 0.1094993932969439976 ) ) ;
#11155 = ORIENTED_EDGE ( 'NONE', *, *, #7992, .F. ) ;
#11156 = CARTESIAN_POINT ( 'NONE',  ( -0.1937789552779724811, 2.151000000000000689, -0.09854614928598712242 ) ) ;
#11157 = FILL_AREA_STYLE_COLOUR ( '', #6034 ) ;
#11158 = LINE ( 'NONE', #5328, #10282 ) ;
#11159 = DIRECTION ( 'NONE',  ( -0.9999748501857348426, 0.000000000000000000, -0.007092178509963767592 ) ) ;
#11160 = CARTESIAN_POINT ( 'NONE',  ( -0.1791962239488291142, 2.150000000000000355, 0.2789988928581209060 ) ) ;
#11161 = ORIENTED_EDGE ( 'NONE', *, *, #9384, .T. ) ;
#11162 = VERTEX_POINT ( 'NONE', #9143 ) ;
#11163 = CARTESIAN_POINT ( 'NONE',  ( -3.649999999999998579, 2.149999999999999911, 1.750000000000000000 ) ) ;
#11164 = COLOUR_RGB ( '',1.000000000000000000, 1.000000000000000000, 1.000000000000000000 ) ;
#11165 =( LENGTH_UNIT ( ) NAMED_UNIT ( * ) SI_UNIT ( .MILLI., .METRE. ) );
#11166 =( NAMED_UNIT ( * ) SI_UNIT ( $, .STERADIAN. ) SOLID_ANGLE_UNIT ( ) );
#11167 = ORIENTED_EDGE ( 'NONE', *, *, #11351, .T. ) ;
#11168 = EDGE_CURVE ( 'NONE', #5740, #2749, #6210, .T. ) ;
#11169 = MECHANICAL_DESIGN_GEOMETRIC_PRESENTATION_REPRESENTATION (  '', ( #940 ), #2889 ) ;
#11170 = EDGE_CURVE ( 'NONE', #6302, #10749, #7288, .T. ) ;
#11171 = FACE_OUTER_BOUND ( 'NONE', #1087, .T. ) ;
#11172 = EDGE_CURVE ( 'NONE', #480, #4502, #8560, .T. ) ;
#11173 = FILL_AREA_STYLE_COLOUR ( '', #9857 ) ;
#11174 = CARTESIAN_POINT ( 'NONE',  ( -0.7442627198977462832, 2.150000000000000355, -0.1467451778440389543 ) ) ;
#11175 = EDGE_LOOP ( 'NONE', ( #5359, #3688, #11124, #4656 ) ) ;
#11176 = SURFACE_SIDE_STYLE ('',( #8744 ) ) ;
#11177 = ORIENTED_EDGE ( 'NONE', *, *, #8124, .T. ) ;
#11178 = MECHANICAL_DESIGN_GEOMETRIC_PRESENTATION_REPRESENTATION (  '', ( #5690 ), #1723 ) ;
#11179 = CARTESIAN_POINT ( 'NONE',  ( -0.1183206037698223551, 2.150000000000000355, -0.1163111713011458076 ) ) ;
#11180 =( GEOMETRIC_REPRESENTATION_CONTEXT ( 3 ) GLOBAL_UNCERTAINTY_ASSIGNED_CONTEXT ( ( #6089 ) ) GLOBAL_UNIT_ASSIGNED_CONTEXT ( ( #11098, #10178, #9254 ) ) REPRESENTATION_CONTEXT ( 'NONE', 'WORKASPACE' ) );
#11181 = PRESENTATION_LAYER_ASSIGNMENT (  '', '', ( #7446 ) ) ;
#11182 = EDGE_CURVE ( 'NONE', #538, #10903, #10245, .T. ) ;
#11183 = PLANE ( 'NONE',  #11008 ) ;
#11184 = AXIS2_PLACEMENT_3D ( 'NONE', #6693, #2893, #5587 ) ;
#11185 = PRESENTATION_STYLE_ASSIGNMENT (( #10329 ) ) ;
#11186 = AXIS2_PLACEMENT_3D ( 'NONE', #3246, #1458, #9736 ) ;
#11187 = LINE ( 'NONE', #7540, #500 ) ;
#11188 = B_SPLINE_CURVE_WITH_KNOTS ( 'NONE', 3,
 ( #9927, #1456, #2244, #2305 ),
 .UNSPECIFIED., .F., .F.,
 ( 4, 4 ),
 ( 2.000000000000000000, 3.000000000000000000 ),
 .UNSPECIFIED. ) ;
#11189 = FILL_AREA_STYLE_COLOUR ( '', #5902 ) ;
#11190 = SURFACE_SIDE_STYLE ('',( #4609 ) ) ;
#11191 = CARTESIAN_POINT ( 'NONE',  ( -0.8503688307904905264, 2.149999999999999911, -0.08864594207410315951 ) ) ;
#11192 =( GEOMETRIC_REPRESENTATION_CONTEXT ( 3 ) GLOBAL_UNCERTAINTY_ASSIGNED_CONTEXT ( ( #1510 ) ) GLOBAL_UNIT_ASSIGNED_CONTEXT ( ( #10050, #5548, #10966 ) ) REPRESENTATION_CONTEXT ( 'NONE', 'WORKASPACE' ) );
#11193 = CARTESIAN_POINT ( 'NONE',  ( 0.7640026484976881749, 2.151000000000000689, -0.2714101968793087849 ) ) ;
#11194 = CARTESIAN_POINT ( 'NONE',  ( -0.08072253193853282105, 2.151000000000000689, 0.07288425256004332775 ) ) ;
#11195 =( GEOMETRIC_REPRESENTATION_CONTEXT ( 3 ) GLOBAL_UNCERTAINTY_ASSIGNED_CONTEXT ( ( #2111 ) ) GLOBAL_UNIT_ASSIGNED_CONTEXT ( ( #6512, #3702, #6448 ) ) REPRESENTATION_CONTEXT ( 'NONE', 'WORKASPACE' ) );
#11196 = VERTEX_POINT ( 'NONE', #187 ) ;
#11197 = CARTESIAN_POINT ( 'NONE',  ( -0.1382613892603360428, 2.151000000000000689, 0.2469519328412659587 ) ) ;
#11198 = ORIENTED_EDGE ( 'NONE', *, *, #1676, .T. ) ;
#11199 = ADVANCED_FACE ( 'NONE', ( #11267 ), #7636, .F. ) ;
#11200 = CARTESIAN_POINT ( 'NONE',  ( -0.03370338690747813615, 2.150000000000000355, -0.1866243091502914619 ) ) ;
#11201 = DIRECTION ( 'NONE',  ( 0.007092178509954510240, 0.000000000000000000, -0.9999748501857349536 ) ) ;
#11202 = VECTOR ( 'NONE', #8641, 1000.000000000000000 ) ;
#11203 = CARTESIAN_POINT ( 'NONE',  ( -0.5598408978519794355, 2.151000000000000689, 0.1515251369834043349 ) ) ;
#11204 = VECTOR ( 'NONE', #4769, 1000.000000000000114 ) ;
#11205 = ORIENTED_EDGE ( 'NONE', *, *, #10089, .F. ) ;
#11206 = CARTESIAN_POINT ( 'NONE',  ( -3.649999999999998579, 2.149999999999999911, 1.739999999999999991 ) ) ;
#11207 = ORIENTED_EDGE ( 'NONE', *, *, #11865, .T. ) ;
#11208 = CARTESIAN_POINT ( 'NONE',  ( 1.129828136568814978, 2.151000000000000689, -0.06492630761585313492 ) ) ;
#11209 = EDGE_CURVE ( 'NONE', #3042, #5041, #9453, .T. ) ;
#11210 = PLANE ( 'NONE',  #975 ) ;
#11211 = CARTESIAN_POINT ( 'NONE',  ( -0.8617793402508915346, 2.151000000000000245, -0.04848722609848107878 ) ) ;
#11212 = DIRECTION ( 'NONE',  ( 0.000000000000000000, 0.000000000000000000, -1.000000000000000000 ) ) ;
#11213 = SURFACE_STYLE_USAGE ( .BOTH. , #3705 ) ;
#11214 = ORIENTED_EDGE ( 'NONE', *, *, #2049, .F. ) ;
#11215 = VECTOR ( 'NONE', #2503, 1000.000000000000000 ) ;
#11216 = STYLED_ITEM ( 'NONE', ( #7789 ), #4018 ) ;
#11217 = CARTESIAN_POINT ( 'NONE',  ( -0.1598870076105759208, 2.150000000000000355, -0.1638121716996010779 ) ) ;
#11218 = EDGE_CURVE ( 'NONE', #10375, #3655, #1850, .T. ) ;
#11219 = UNCERTAINTY_MEASURE_WITH_UNIT (LENGTH_MEASURE( 1.000000000000000082E-05 ), #1926, 'distance_accuracy_value', 'NONE');
#11220 = PRESENTATION_STYLE_ASSIGNMENT (( #8503 ) ) ;
#11221 = LINE ( 'NONE', #1789, #10669 ) ;
#11222 = PRODUCT_DEFINITION_CONTEXT ( 'detailed design', #4089, 'design' ) ;
#11223 = PRESENTATION_LAYER_ASSIGNMENT (  '', '', ( #9651 ) ) ;
#11224 = STYLED_ITEM ( 'NONE', ( #3033 ), #3334 ) ;
#11225 = CARTESIAN_POINT ( 'NONE',  ( -0.2502002383095762172, 2.150000000000000355, -0.2213288938112868420 ) ) ;
#11226 = CARTESIAN_POINT ( 'NONE',  ( -0.03263414926306169167, 2.151000000000000689, -0.2494196833627278509 ) ) ;
#11227 = VERTEX_POINT ( 'NONE', #1111 ) ;
#11228 =( LENGTH_UNIT ( ) NAMED_UNIT ( * ) SI_UNIT ( .MILLI., .METRE. ) );
#11229 = B_SPLINE_SURFACE_WITH_KNOTS ( 'NONE', 3, 1, ( 
 ( #1251, #6454 ),
 ( #9015, #9203 ),
 ( #2580, #8197 ),
 ( #11003, #3527 ) ),
 .UNSPECIFIED., .F., .F., .F.,
 ( 4, 4 ),
 ( 2, 2 ),
 ( 3.000000000000000000, 4.000000000000000000 ),
 ( 0.000000000000000000, 1.000000000000000000 ),
 .UNSPECIFIED. ) ;
#11230 = DIRECTION ( 'NONE',  ( 1.188166764367676342E-16, -1.000000000000000000, -0.000000000000000000 ) ) ;
#11231 = ORIENTED_EDGE ( 'NONE', *, *, #7119, .T. ) ;
#11232 = DIRECTION ( 'NONE',  ( 0.3349296976928458625, 4.821734308571131875E-15, 0.9422431202207735002 ) ) ;
#11233 = FILL_AREA_STYLE_COLOUR ( '', #9883 ) ;
#11234 = ADVANCED_FACE ( 'NONE', ( #992 ), #3557, .F. ) ;
#11235 = PRESENTATION_LAYER_ASSIGNMENT (  '', '', ( #3368 ) ) ;
#11236 = EDGE_CURVE ( 'NONE', #7587, #3584, #6803, .T. ) ;
#11237 = FACE_OUTER_BOUND ( 'NONE', #1881, .T. ) ;
#11238 = FILL_AREA_STYLE_COLOUR ( '', #5157 ) ;
#11239 = UNCERTAINTY_MEASURE_WITH_UNIT (LENGTH_MEASURE( 1.000000000000000082E-05 ), #299, 'distance_accuracy_value', 'NONE');
#11240 = LINE ( 'NONE', #772, #4334 ) ;
#11241 = CARTESIAN_POINT ( 'NONE',  ( -0.09192319464974493815, 2.150000000000000355, -0.2464088950114305121 ) ) ;
#11242 = LINE ( 'NONE', #5663, #5914 ) ;
#11243 =( LENGTH_UNIT ( ) NAMED_UNIT ( * ) SI_UNIT ( .MILLI., .METRE. ) );
#11244 = LINE ( 'NONE', #5604, #10363 ) ;
#11245 = FILL_AREA_STYLE ('',( #7146 ) ) ;
#11246 = ADVANCED_FACE ( 'NONE', ( #3016 ), #9998, .T. ) ;
#11247 =( NAMED_UNIT ( * ) SI_UNIT ( $, .STERADIAN. ) SOLID_ANGLE_UNIT ( ) );
#11248 = VECTOR ( 'NONE', #3802, 1000.000000000000114 ) ;
#11249 = SURFACE_STYLE_FILL_AREA ( #7671 ) ;
#11250 = ORIENTED_EDGE ( 'NONE', *, *, #11351, .F. ) ;
#11251 = CARTESIAN_POINT ( 'NONE',  ( 1.220523129028157072, 2.151000000000000689, -0.007888209064190274816 ) ) ;
#11252 = ORIENTED_EDGE ( 'NONE', *, *, #116, .T. ) ;
#11253 = DIRECTION ( 'NONE',  ( 0.9999748501857348426, 0.000000000000000000, 0.007092178509963471822 ) ) ;
#11254 = ORIENTED_EDGE ( 'NONE', *, *, #6548, .F. ) ;
#11255 = CARTESIAN_POINT ( 'NONE',  ( -0.4606589594673863308, 2.150000000000000355, 0.1021109786709008538 ) ) ;
#11256 = VECTOR ( 'NONE', #7050, 1000.000000000000000 ) ;
#11257 = VERTEX_POINT ( 'NONE', #7928 ) ;
#11258 = LINE ( 'NONE', #11154, #6296 ) ;
#11259 = COLOUR_RGB ( '',1.000000000000000000, 1.000000000000000000, 1.000000000000000000 ) ;
#11260 = ORIENTED_EDGE ( 'NONE', *, *, #742, .T. ) ;
#11261 = EDGE_CURVE ( 'NONE', #5142, #5646, #1816, .T. ) ;
#11262 =( NAMED_UNIT ( * ) SI_UNIT ( $, .STERADIAN. ) SOLID_ANGLE_UNIT ( ) );
#11263 = CARTESIAN_POINT ( 'NONE',  ( -0.09032349259495267568, 2.150000000000000355, 0.2830604974062453927 ) ) ;
#11264 = SURFACE_SIDE_STYLE ('',( #10424 ) ) ;
#11265 =( NAMED_UNIT ( * ) SI_UNIT ( $, .STERADIAN. ) SOLID_ANGLE_UNIT ( ) );
#11266 = ORIENTED_EDGE ( 'NONE', *, *, #3087, .T. ) ;
#11267 = FACE_OUTER_BOUND ( 'NONE', #7353, .T. ) ;
#11268 = CARTESIAN_POINT ( 'NONE',  ( -0.1550972372032313751, 2.150000000000000355, -0.1574355181319620767 ) ) ;
#11269 = ADVANCED_FACE ( 'NONE', ( #4252 ), #10254, .F. ) ;
#11270 = MECHANICAL_DESIGN_GEOMETRIC_PRESENTATION_REPRESENTATION (  '', ( #5196 ), #6406 ) ;
#11271 = DIRECTION ( 'NONE',  ( -0.9999748501857348426, -0.000000000000000000, -0.007092178509963858665 ) ) ;
#11272 = FACE_OUTER_BOUND ( 'NONE', #1110, .T. ) ;
#11273 = ORIENTED_EDGE ( 'NONE', *, *, #5552, .F. ) ;
#11274 = EDGE_LOOP ( 'NONE', ( #10653, #5934, #2347, #3317 ) ) ;
#11275 = CARTESIAN_POINT ( 'NONE',  ( -0.1528238405200043337, 2.151000000000000689, -0.1407828493238073297 ) ) ;
#11277 = VERTEX_POINT ( 'NONE', #10781 ) ;
#11276 = MECHANICAL_DESIGN_GEOMETRIC_PRESENTATION_REPRESENTATION (  '', ( #3228 ), #4233 ) ;
#11278 = LINE ( 'NONE', #6695, #4470 ) ;
#11279 = VERTEX_POINT ( 'NONE', #8045 ) ;
#11280 = LINE ( 'NONE', #7714, #10881 ) ;
#11281 = SURFACE_STYLE_USAGE ( .BOTH. , #7593 ) ;
#11282 = DIRECTION ( 'NONE',  ( 1.000000000000000000, 0.000000000000000000, 0.000000000000000000 ) ) ;
#11283 = CARTESIAN_POINT ( 'NONE',  ( -0.03258885742592490531, 2.150000000000000355, 0.1180403270323975573 ) ) ;
#11284 = STYLED_ITEM ( 'NONE', ( #2781 ), #5457 ) ;
#11285 = EDGE_CURVE ( 'NONE', #10200, #8935, #8795, .T. ) ;
#11286 = DIRECTION ( 'NONE',  ( -0.9999748501857348426, -0.000000000000000000, -0.007092178509963312227 ) ) ;
#11287 = LINE ( 'NONE', #8466, #7774 ) ;
#11288 = DIRECTION ( 'NONE',  ( 1.000000000000000000, -0.000000000000000000, 5.475768547906588867E-16 ) ) ;
#11289 = CARTESIAN_POINT ( 'NONE',  ( -0.3368784740510142872, 2.151000000000000689, -0.2122736549726954025 ) ) ;
#11290 = FILL_AREA_STYLE ('',( #7547 ) ) ;
#11291 = CARTESIAN_POINT ( 'NONE',  ( -0.6799501366251712309, 2.149999999999999911, -0.2203216756002523979 ) ) ;
#11292 = DIRECTION ( 'NONE',  ( 0.000000000000000000, 0.000000000000000000, -1.000000000000000000 ) ) ;
#11293 = CARTESIAN_POINT ( 'NONE',  ( 0.5114124334668919136, 2.150000000000000355, 0.07095187897368923635 ) ) ;
#11294 = CARTESIAN_POINT ( 'NONE',  ( -0.2092171180314622569, 2.150000000000000355, -0.1648898872949465522 ) ) ;
#11295 = CARTESIAN_POINT ( 'NONE',  ( 0.6118086270373731539, 2.151000000000000689, -0.2204327858977469246 ) ) ;
#11296 = EDGE_LOOP ( 'NONE', ( #3509, #1414, #254, #8769 ) ) ;
#11297 = ORIENTED_EDGE ( 'NONE', *, *, #6493, .F. ) ;
#11298 = EDGE_CURVE ( 'NONE', #2804, #11782, #5301, .T. ) ;
#11299 = LINE ( 'NONE', #3755, #12123 ) ;
#11300 = EDGE_CURVE ( 'NONE', #11196, #7686, #1338, .T. ) ;
#11301 = ORIENTED_EDGE ( 'NONE', *, *, #9603, .T. ) ;
#11302 = EDGE_CURVE ( 'NONE', #8384, #10817, #2444, .T. ) ;
#11303 = PRESENTATION_STYLE_ASSIGNMENT (( #5675 ) ) ;
#11304 = SURFACE_STYLE_USAGE ( .BOTH. , #41 ) ;
#11305 = EDGE_LOOP ( 'NONE', ( #10930, #10634, #11449, #10825 ) ) ;
#11306 =( LENGTH_UNIT ( ) NAMED_UNIT ( * ) SI_UNIT ( .MILLI., .METRE. ) );
#11307 = CARTESIAN_POINT ( 'NONE',  ( -0.2336961527973537012, 2.150000000000000355, -0.2393040837074693061 ) ) ;
#11308 = ORIENTED_EDGE ( 'NONE', *, *, #10371, .T. ) ;
#11309 = DIRECTION ( 'NONE',  ( -0.000000000000000000, -1.000000000000000000, -0.000000000000000000 ) ) ;
#11310 = CARTESIAN_POINT ( 'NONE',  ( -0.2438807483190270076, 2.151000000000000689, -0.1300950110839209084 ) ) ;
#11311 = VECTOR ( 'NONE', #11049, 1000.000000000000000 ) ;
#11312 = FILL_AREA_STYLE ('',( #3950 ) ) ;
#11313 = SURFACE_SIDE_STYLE ('',( #12174 ) ) ;
#11314 = EDGE_LOOP ( 'NONE', ( #11083, #1572, #6105, #2474 ) ) ;
#11315 = STYLED_ITEM ( 'NONE', ( #3787 ), #2432 ) ;
#11316 = CARTESIAN_POINT ( 'NONE',  ( -0.4812246356034544648, 2.151000000000000689, 0.1209931679772163898 ) ) ;
#11317 = CARTESIAN_POINT ( 'NONE',  ( -0.03407650490992446268, 2.151000000000000689, -0.2219796137038109185 ) ) ;
#11318 = EDGE_CURVE ( 'NONE', #6079, #8085, #3437, .T. ) ;
#11319 = VECTOR ( 'NONE', #6551, 1000.000000000000114 ) ;
#11320 = COLOUR_RGB ( '',1.000000000000000000, 1.000000000000000000, 1.000000000000000000 ) ;
#11321 = FILL_AREA_STYLE ('',( #8557 ) ) ;
#11322 = COLOUR_RGB ( '',1.000000000000000000, 1.000000000000000000, 1.000000000000000000 ) ;
#11323 = EDGE_LOOP ( 'NONE', ( #9610, #6727, #3079, #10022, #4862, #4197, #2705, #10155, #6159, #1285, #9686, #6192, #43, #8024 ) ) ;
#11324 = CARTESIAN_POINT ( 'NONE',  ( -0.1372865267956300261, 2.151000000000000689, 0.1094993932969439976 ) ) ;
#11325 = CARTESIAN_POINT ( 'NONE',  ( -0.04672251470035235221, 2.151000000000000689, -0.2495196030782849683 ) ) ;
#11326 = EDGE_CURVE ( 'NONE', #5350, #7962, #7995, .T. ) ;
#11327 = CARTESIAN_POINT ( 'NONE',  ( -0.2942885406846343921, 2.151000000000000689, -0.2944264684547766575 ) ) ;
#11328 = CARTESIAN_POINT ( 'NONE',  ( -0.2682119209594527875, 2.151000000000000689, -0.2913301283738375380 ) ) ;
#11329 = VERTEX_POINT ( 'NONE', #6423 ) ;
#11330 = LINE ( 'NONE', #1249, #3469 ) ;
#11331 = EDGE_LOOP ( 'NONE', ( #2089, #11623, #2170, #4195 ) ) ;
#11332 =( GEOMETRIC_REPRESENTATION_CONTEXT ( 3 ) GLOBAL_UNCERTAINTY_ASSIGNED_CONTEXT ( ( #10145 ) ) GLOBAL_UNIT_ASSIGNED_CONTEXT ( ( #11165, #8444, #3714 ) ) REPRESENTATION_CONTEXT ( 'NONE', 'WORKASPACE' ) );
#11333 = SURFACE_STYLE_USAGE ( .BOTH. , #7592 ) ;
#11334 = LINE ( 'NONE', #1191, #5551 ) ;
#11335 = FILL_AREA_STYLE ('',( #1071 ) ) ;
#11336 = CARTESIAN_POINT ( 'NONE',  ( -0.1372865267956300817, 2.150000000000000355, 0.1094993932969439976 ) ) ;
#11337 = CARTESIAN_POINT ( 'NONE',  ( 1.160911014477863379, 2.151000000000000689, -0.1659275319788961200 ) ) ;
#11338 = PRESENTATION_LAYER_ASSIGNMENT (  '', '', ( #2692 ) ) ;
#11339 = UNCERTAINTY_MEASURE_WITH_UNIT (LENGTH_MEASURE( 1.000000000000000082E-05 ), #10340, 'distance_accuracy_value', 'NONE');
#11340 = DIRECTION ( 'NONE',  ( 1.188166764367676342E-16, -1.000000000000000000, -0.000000000000000000 ) ) ;
#11341 = CARTESIAN_POINT ( 'NONE',  ( -0.5908525703183221678, 2.151000000000000245, 0.2358396357562537182 ) ) ;
#11342 = DIRECTION ( 'NONE',  ( 0.9693831581461866964, 1.151788850447074184E-16, -0.2455530343989362763 ) ) ;
#11343 = CARTESIAN_POINT ( 'NONE',  ( -0.8472986747410672370, 2.149999999999999911, -0.07437912571900759384 ) ) ;
#11344 = ORIENTED_EDGE ( 'NONE', *, *, #777, .T. ) ;
#11345 = CARTESIAN_POINT ( 'NONE',  ( -0.3814892801183842885, 2.151000000000000689, 0.07418239486422291418 ) ) ;
#11346 = VECTOR ( 'NONE', #4797, 1000.000000000000114 ) ;
#11347 = CARTESIAN_POINT ( 'NONE',  ( -0.1371080723958850167, 2.151000000000000689, 0.08433788454482407659 ) ) ;
#11348 = PLANE ( 'NONE',  #1209 ) ;
#11349 = AXIS2_PLACEMENT_3D ( 'NONE', #7866, #8798, #5303 ) ;
#11350 =( LENGTH_UNIT ( ) NAMED_UNIT ( * ) SI_UNIT ( .MILLI., .METRE. ) );
#11351 = EDGE_CURVE ( 'NONE', #2751, #4344, #11378, .T. ) ;
#11352 = CARTESIAN_POINT ( 'NONE',  ( 0.9394549245995591491, 2.150000000000000355, -0.1356857038996636400 ) ) ;
#11353 = CARTESIAN_POINT ( 'NONE',  ( -0.1790932907537494401, 2.151000000000000689, -0.1386816366930572753 ) ) ;
#11354 = ORIENTED_EDGE ( 'NONE', *, *, #6701, .T. ) ;
#11355 = DIRECTION ( 'NONE',  ( 1.188166764367676342E-16, -1.000000000000000000, -0.000000000000000000 ) ) ;
#11356 = ORIENTED_EDGE ( 'NONE', *, *, #155, .F. ) ;
#11357 = STYLED_ITEM ( 'NONE', ( #2136 ), #7103 ) ;
#11358 = PRESENTATION_STYLE_ASSIGNMENT (( #2064 ) ) ;
#11359 = STYLED_ITEM ( 'NONE', ( #3614 ), #812 ) ;
#11360 = VERTEX_POINT ( 'NONE', #10049 ) ;
#11361 = PLANE ( 'NONE',  #5297 ) ;
#11362 = DIRECTION ( 'NONE',  ( -0.9999748501857348426, -0.000000000000000000, -0.007092178509963863869 ) ) ;
#11363 = VERTEX_POINT ( 'NONE', #1578 ) ;
#11364 = CARTESIAN_POINT ( 'NONE',  ( 0.8528722148078964338, 2.150000000000000355, -0.1608821905521483631 ) ) ;
#11365 = ORIENTED_EDGE ( 'NONE', *, *, #1676, .F. ) ;
#11366 = ORIENTED_EDGE ( 'NONE', *, *, #7480, .T. ) ;
#11367 = STYLED_ITEM ( 'NONE', ( #11838 ), #8107 ) ;
#11368 = COLOUR_RGB ( '',1.000000000000000000, 1.000000000000000000, 1.000000000000000000 ) ;
#11369 = FACE_OUTER_BOUND ( 'NONE', #10765, .T. ) ;
#11370 = ADVANCED_FACE ( 'NONE', ( #12087 ), #10167, .F. ) ;
#11371 = SURFACE_SIDE_STYLE ('',( #3063 ) ) ;
#11372 = EDGE_CURVE ( 'NONE', #6988, #2859, #3609, .T. ) ;
#11373 = CARTESIAN_POINT ( 'NONE',  ( -0.1180595589040768500, 2.150000000000000355, -0.1531176758397616300 ) ) ;
#11374 = EDGE_CURVE ( 'NONE', #7712, #9400, #4431, .T. ) ;
#11375 = ORIENTED_EDGE ( 'NONE', *, *, #3496, .T. ) ;
#11376 = VECTOR ( 'NONE', #8464, 1000.000000000000114 ) ;
#11377 = AXIS2_PLACEMENT_3D ( 'NONE', #8309, #11212, #12054 ) ;
#11378 = B_SPLINE_CURVE_WITH_KNOTS ( 'NONE', 3,
 ( #1638, #5603, #840, #9357 ),
 .UNSPECIFIED., .F., .F.,
 ( 4, 4 ),
 ( 2.000000000000000000, 3.000000000000000000 ),
 .UNSPECIFIED. ) ;
#11379 = CARTESIAN_POINT ( 'NONE',  ( -0.01540638968073652915, 2.151000000000000689, 0.2536460551153438825 ) ) ;
#11380 = DIRECTION ( 'NONE',  ( -0.007092178509963384218, -0.000000000000000000, 0.9999748501857348426 ) ) ;
#11381 = DIRECTION ( 'NONE',  ( 0.000000000000000000, 0.000000000000000000, -1.000000000000000000 ) ) ;
#11382 = ORIENTED_EDGE ( 'NONE', *, *, #16, .T. ) ;
#11383 = PRESENTATION_LAYER_ASSIGNMENT (  '', '', ( #4533 ) ) ;
#11384 = CARTESIAN_POINT ( 'NONE',  ( -0.7548041824439889469, 2.151000000000000245, -0.2511102835467768912 ) ) ;
#11385 = CARTESIAN_POINT ( 'NONE',  ( -0.004956271428474406937, 2.150000000000000355, -0.2301953335558050151 ) ) ;
#11386 = PRESENTATION_LAYER_ASSIGNMENT (  '', '', ( #2929 ) ) ;
#11387 = EDGE_CURVE ( 'NONE', #5805, #7211, #2731, .T. ) ;
#11388 = FILL_AREA_STYLE ('',( #7640 ) ) ;
#11389 = DIRECTION ( 'NONE',  ( -0.9999748501857348426, 0.000000000000000000, -0.007092178509964326173 ) ) ;
#11390 = VECTOR ( 'NONE', #8715, 1000.000000000000000 ) ;
#11391 = CARTESIAN_POINT ( 'NONE',  ( -0.2241674959298699255, 2.151000000000000689, -0.2047156720572853028 ) ) ;
#11392 = CARTESIAN_POINT ( 'NONE',  ( -0.1845599917712082982, 2.150000000000000355, -0.1522376013544926854 ) ) ;
#11393 = CARTESIAN_POINT ( 'NONE',  ( 0.4927689662109022706, 2.150000000000000355, -0.1547599969808891585 ) ) ;
#11394 =( GEOMETRIC_REPRESENTATION_CONTEXT ( 3 ) GLOBAL_UNCERTAINTY_ASSIGNED_CONTEXT ( ( #3418 ) ) GLOBAL_UNIT_ASSIGNED_CONTEXT ( ( #2189, #3930, #8786 ) ) REPRESENTATION_CONTEXT ( 'NONE', 'WORKASPACE' ) );
#11395 = ORIENTED_EDGE ( 'NONE', *, *, #498, .F. ) ;
#11396 = CARTESIAN_POINT ( 'NONE',  ( -0.5942807378096763848, 2.151000000000000689, 0.2500603636830517340 ) ) ;
#11397 = ORIENTED_EDGE ( 'NONE', *, *, #1310, .F. ) ;
#11398 = CARTESIAN_POINT ( 'NONE',  ( -0.04649172008959381180, 2.151000000000000689, -0.1794365201062666504 ) ) ;
#11399 = CARTESIAN_POINT ( 'NONE',  ( 0.9563140132593602738, 2.150000000000000355, 0.1377323926434051993 ) ) ;
#11400 = SURFACE_STYLE_FILL_AREA ( #10499 ) ;
#11401 = EDGE_CURVE ( 'NONE', #7554, #3083, #7428, .T. ) ;
#11402 =( NAMED_UNIT ( * ) PLANE_ANGLE_UNIT ( ) SI_UNIT ( $, .RADIAN. ) );
#11403 = CARTESIAN_POINT ( 'NONE',  ( -0.1048022809169449343, 2.150000000000000355, 0.09610861188694691526 ) ) ;
#11404 =( GEOMETRIC_REPRESENTATION_CONTEXT ( 3 ) GLOBAL_UNCERTAINTY_ASSIGNED_CONTEXT ( ( #8302 ) ) GLOBAL_UNIT_ASSIGNED_CONTEXT ( ( #1560, #3227, #8956 ) ) REPRESENTATION_CONTEXT ( 'NONE', 'WORKASPACE' ) );
#11405 =( NAMED_UNIT ( * ) SI_UNIT ( $, .STERADIAN. ) SOLID_ANGLE_UNIT ( ) );
#11406 = COLOUR_RGB ( '',1.000000000000000000, 1.000000000000000000, 1.000000000000000000 ) ;
#11407 = ORIENTED_EDGE ( 'NONE', *, *, #10609, .F. ) ;
#11408 = FILL_AREA_STYLE ('',( #10563 ) ) ;
#11409 = CARTESIAN_POINT ( 'NONE',  ( -0.5361773789580540628, 2.151000000000000689, -0.06957308228797348670 ) ) ;
#11410 =( LENGTH_UNIT ( ) NAMED_UNIT ( * ) SI_UNIT ( .MILLI., .METRE. ) );
#11411 = CARTESIAN_POINT ( 'NONE',  ( -0.5314186008615318091, 2.151000000000000689, 0.07311904261452330245 ) ) ;
#11412 = MECHANICAL_DESIGN_GEOMETRIC_PRESENTATION_REPRESENTATION (  '', ( #3368 ), #11614 ) ;
#11413 = B_SPLINE_SURFACE_WITH_KNOTS ( 'NONE', 3, 1, ( 
 ( #317, #9077 ),
 ( #5515, #867 ),
 ( #1722, #4638 ),
 ( #10078, #3517 ) ),
 .UNSPECIFIED., .F., .F., .F.,
 ( 4, 4 ),
 ( 2, 2 ),
 ( 0.000000000000000000, 1.000000000000000000 ),
 ( 0.000000000000000000, 1.000000000000000000 ),
 .UNSPECIFIED. ) ;
#11414 = PRESENTATION_STYLE_ASSIGNMENT (( #1142 ) ) ;
#11415 = LINE ( 'NONE', #2126, #5263 ) ;
#11416 = FACE_OUTER_BOUND ( 'NONE', #6244, .T. ) ;
#11417 =( NAMED_UNIT ( * ) PLANE_ANGLE_UNIT ( ) SI_UNIT ( $, .RADIAN. ) );
#11418 = AXIS2_PLACEMENT_3D ( 'NONE', #6532, #1800, #1687 ) ;
#11419 = CARTESIAN_POINT ( 'NONE',  ( 0.9513813708958780424, 2.151000000000000689, 0.2215666937922319835 ) ) ;
#11420 = ORIENTED_EDGE ( 'NONE', *, *, #3561, .T. ) ;
#11421 = FILL_AREA_STYLE ('',( #2134 ) ) ;
#11422 = ORIENTED_EDGE ( 'NONE', *, *, #3633, .T. ) ;
#11423 = CARTESIAN_POINT ( 'NONE',  ( -0.5970068979428133638, 2.149999999999999911, 0.2386034040480188578 ) ) ;
#11424 = FACE_OUTER_BOUND ( 'NONE', #11305, .T. ) ;
#11425 = CARTESIAN_POINT ( 'NONE',  ( -0.3202505028397995557, 2.151000000000000689, -0.2477163385472322676 ) ) ;
#11426 = PLANE ( 'NONE',  #369 ) ;
#11427 = ORIENTED_EDGE ( 'NONE', *, *, #8897, .F. ) ;
#11428 = PRESENTATION_STYLE_ASSIGNMENT (( #1218 ) ) ;
#11429 = VERTEX_POINT ( 'NONE', #1811 ) ;
#11430 = ORIENTED_EDGE ( 'NONE', *, *, #3447, .T. ) ;
#11431 =( GEOMETRIC_REPRESENTATION_CONTEXT ( 3 ) GLOBAL_UNCERTAINTY_ASSIGNED_CONTEXT ( ( #9273 ) ) GLOBAL_UNIT_ASSIGNED_CONTEXT ( ( #11071, #2539, #6530 ) ) REPRESENTATION_CONTEXT ( 'NONE', 'WORKASPACE' ) );
#11432 = SURFACE_SIDE_STYLE ('',( #9567 ) ) ;
#11433 = STYLED_ITEM ( 'NONE', ( #253 ), #4550 ) ;
#11434 = CARTESIAN_POINT ( 'NONE',  ( -0.03263414926306169167, 2.150000000000000355, -0.2494196833627278509 ) ) ;
#11435 = CARTESIAN_POINT ( 'NONE',  ( 0.7633360605537860000, 2.151000000000000689, -0.1774233946009065033 ) ) ;
#11436 = CARTESIAN_POINT ( 'NONE',  ( -0.3336759508697416665, 2.151000000000000689, -0.2240005014894794200 ) ) ;
#11437 = EDGE_LOOP ( 'NONE', ( #816, #1088, #3878, #3441, #11273, #11997 ) ) ;
#11438 = FILL_AREA_STYLE_COLOUR ( '', #7523 ) ;
#11439 = PRESENTATION_LAYER_ASSIGNMENT (  '', '', ( #2988 ) ) ;
#11440 = ADVANCED_FACE ( 'NONE', ( #5547 ), #8263, .T. ) ;
#11441 =( NAMED_UNIT ( * ) PLANE_ANGLE_UNIT ( ) SI_UNIT ( $, .RADIAN. ) );
#11442 = CARTESIAN_POINT ( 'NONE',  ( 0.4828010190767874632, 2.150000000000000355, 0.2312575610334068055 ) ) ;
#11443 = DIRECTION ( 'NONE',  ( 1.188166764367676342E-16, -1.000000000000000000, -0.000000000000000000 ) ) ;
#11444 = ORIENTED_EDGE ( 'NONE', *, *, #5762, .F. ) ;
#11445 = FILL_AREA_STYLE_COLOUR ( '', #1239 ) ;
#11446 =( LENGTH_UNIT ( ) NAMED_UNIT ( * ) SI_UNIT ( .MILLI., .METRE. ) );
#11447 =( LENGTH_UNIT ( ) NAMED_UNIT ( * ) SI_UNIT ( .MILLI., .METRE. ) );
#11448 = CARTESIAN_POINT ( 'NONE',  ( -0.6338918617414532886, 2.149999999999999911, -0.2270655455298175862 ) ) ;
#11449 = ORIENTED_EDGE ( 'NONE', *, *, #7404, .F. ) ;
#11450 = CARTESIAN_POINT ( 'NONE',  ( 0.9098898580403098624, 2.151000000000000689, -0.2486852699799907418 ) ) ;
#11451 = EDGE_CURVE ( 'NONE', #6637, #2685, #2054, .T. ) ;
#11452 = AXIS2_PLACEMENT_3D ( 'NONE', #5871, #6000, #118 ) ;
#11453 = SURFACE_STYLE_FILL_AREA ( #1246 ) ;
#11454 = FACE_OUTER_BOUND ( 'NONE', #9319, .T. ) ;
#11455 = ADVANCED_FACE ( 'NONE', ( #7542 ), #11476, .T. ) ;
#11456 = EDGE_LOOP ( 'NONE', ( #185, #285, #3422, #5313 ) ) ;
#11457 = EDGE_CURVE ( 'NONE', #8498, #10058, #8712, .T. ) ;
#11458 = CARTESIAN_POINT ( 'NONE',  ( -0.08072253193853282105, 2.151000000000000689, 0.07288425256004332775 ) ) ;
#11459 = B_SPLINE_CURVE_WITH_KNOTS ( 'NONE', 3,
 ( #687, #11052, #1541, #2571 ),
 .UNSPECIFIED., .F., .F.,
 ( 4, 4 ),
 ( 2.000000000000000000, 3.000000000000000000 ),
 .UNSPECIFIED. ) ;
#11460 = ORIENTED_EDGE ( 'NONE', *, *, #178, .F. ) ;
#11461 = PLANE ( 'NONE',  #3993 ) ;
#11462 = FILL_AREA_STYLE_COLOUR ( '', #10072 ) ;
#11463 = STYLED_ITEM ( 'NONE', ( #11940 ), #5700 ) ;
#11464 = SURFACE_SIDE_STYLE ('',( #10071 ) ) ;
#11465 = CARTESIAN_POINT ( 'NONE',  ( 1.151394310051910841, 2.151000000000000689, 0.1564681686824290763 ) ) ;
#11466 = DIRECTION ( 'NONE',  ( 1.188166764367676342E-16, -1.000000000000000000, -0.000000000000000000 ) ) ;
#11467 = PRESENTATION_LAYER_ASSIGNMENT (  '', '', ( #3223 ) ) ;
#11468 =( LENGTH_UNIT ( ) NAMED_UNIT ( * ) SI_UNIT ( .MILLI., .METRE. ) );
#11469 = UNCERTAINTY_MEASURE_WITH_UNIT (LENGTH_MEASURE( 1.000000000000000082E-05 ), #6354, 'distance_accuracy_value', 'NONE');
#11470 = SURFACE_STYLE_USAGE ( .BOTH. , #3981 ) ;
#11471 = AXIS2_PLACEMENT_3D ( 'NONE', #2254, #8983, #9811 ) ;
#11472 = PRESENTATION_STYLE_ASSIGNMENT (( #5027 ) ) ;
#11473 = LINE ( 'NONE', #9911, #10026 ) ;
#11474 = EDGE_CURVE ( 'NONE', #11666, #11714, #4966, .T. ) ;
#11475 = CARTESIAN_POINT ( 'NONE',  ( -0.4414051443939011055, 2.151000000000000689, 0.2681970706437578622 ) ) ;
#11476 = PLANE ( 'NONE',  #7721 ) ;
#11477 = CARTESIAN_POINT ( 'NONE',  ( -0.4570508279368845073, 2.150000000000000355, -0.1573935342187325337 ) ) ;
#11478 =( LENGTH_UNIT ( ) NAMED_UNIT ( * ) SI_UNIT ( .MILLI., .METRE. ) );
#11479 = CARTESIAN_POINT ( 'NONE',  ( -0.7168326088181161682, 2.151000000000000245, -0.1219077513253094269 ) ) ;
#11480 = CARTESIAN_POINT ( 'NONE',  ( -0.2680511645167065748, 2.150000000000000355, -0.3139962808861923027 ) ) ;
#11481 = CARTESIAN_POINT ( 'NONE',  ( -1.188166764367676267E-19, 2.151000000000000689, 0.000000000000000000 ) ) ;
#11482 = SURFACE_STYLE_USAGE ( .BOTH. , #1085 ) ;
#11483 = LINE ( 'NONE', #3750, #4148 ) ;
#11484 = ORIENTED_EDGE ( 'NONE', *, *, #9496, .T. ) ;
#11485 = STYLED_ITEM ( 'NONE', ( #11908 ), #73 ) ;
#11486 = PRESENTATION_LAYER_ASSIGNMENT (  '', '', ( #690 ) ) ;
#11487 = CARTESIAN_POINT ( 'NONE',  ( -0.2336961527973537012, 2.150000000000000355, -0.2393040837074693061 ) ) ;
#11488 = VERTEX_POINT ( 'NONE', #2848 ) ;
#11489 = ORIENTED_EDGE ( 'NONE', *, *, #3410, .T. ) ;
#11490 = PRESENTATION_LAYER_ASSIGNMENT (  '', '', ( #9966 ) ) ;
#11491 = EDGE_CURVE ( 'NONE', #4805, #11227, #8739, .T. ) ;
#11492 = PRESENTATION_STYLE_ASSIGNMENT (( #4522 ) ) ;
#11493 = EDGE_LOOP ( 'NONE', ( #9272, #11968, #1711, #10186 ) ) ;
#11494 = CARTESIAN_POINT ( 'NONE',  ( -0.06316102366499841414, 2.150000000000000355, 0.09640394654436885979 ) ) ;
#11495 = EDGE_LOOP ( 'NONE', ( #2180, #6155, #1813, #2204 ) ) ;
#11496 = PRESENTATION_STYLE_ASSIGNMENT (( #1220 ) ) ;
#11497 = B_SPLINE_SURFACE_WITH_KNOTS ( 'NONE', 3, 1, ( 
 ( #9298, #2670 ),
 ( #844, #2850 ),
 ( #8532, #4614 ),
 ( #10276, #28 ) ),
 .UNSPECIFIED., .F., .F., .F.,
 ( 4, 4 ),
 ( 2, 2 ),
 ( 10.00000000000000000, 11.00000000000000000 ),
 ( 0.000000000000000000, 1.000000000000000000 ),
 .UNSPECIFIED. ) ;
#11498 = SURFACE_STYLE_FILL_AREA ( #3001 ) ;
#11499 =( NAMED_UNIT ( * ) PLANE_ANGLE_UNIT ( ) SI_UNIT ( $, .RADIAN. ) );
#11500 = ORIENTED_EDGE ( 'NONE', *, *, #3355, .F. ) ;
#11501 = CARTESIAN_POINT ( 'NONE',  ( -0.4916451853184874987, 2.151000000000000689, 0.1461860145406974620 ) ) ;
#11502 = CARTESIAN_POINT ( 'NONE',  ( -0.0009625252939690633839, 2.151000000000000689, -0.2068758453878232206 ) ) ;
#11503 = CARTESIAN_POINT ( 'NONE',  ( -0.2780698277665341611, 2.150000000000000355, -0.3161469049552277921 ) ) ;
#11504 = FILL_AREA_STYLE_COLOUR ( '', #386 ) ;
#11505 =( NAMED_UNIT ( * ) PLANE_ANGLE_UNIT ( ) SI_UNIT ( $, .RADIAN. ) );
#11506 = EDGE_LOOP ( 'NONE', ( #1772, #6323, #7931, #4237 ) ) ;
#11507 = CARTESIAN_POINT ( 'NONE',  ( -0.2731886225563550652, 2.151000000000000689, -0.2933410146448931499 ) ) ;
#11508 = PRESENTATION_LAYER_ASSIGNMENT (  '', '', ( #8360 ) ) ;
#11509 = ADVANCED_FACE ( 'NONE', ( #6655 ), #6549, .T. ) ;
#11510 = UNCERTAINTY_MEASURE_WITH_UNIT (LENGTH_MEASURE( 1.000000000000000082E-05 ), #7095, 'distance_accuracy_value', 'NONE');
#11511 =( NAMED_UNIT ( * ) SI_UNIT ( $, .STERADIAN. ) SOLID_ANGLE_UNIT ( ) );
#11512 = LINE ( 'NONE', #3842, #9905 ) ;
#11513 = ORIENTED_EDGE ( 'NONE', *, *, #11560, .F. ) ;
#11514 = COLOUR_RGB ( '',1.000000000000000000, 1.000000000000000000, 1.000000000000000000 ) ;
#11515 = LINE ( 'NONE', #8566, #11204 ) ;
#11516 = VECTOR ( 'NONE', #3281, 1000.000000000000000 ) ;
#11517 = CARTESIAN_POINT ( 'NONE',  ( 1.199644027853166373, 2.150000000000000355, -0.1222721726524450547 ) ) ;
#11518 = ORIENTED_EDGE ( 'NONE', *, *, #4266, .T. ) ;
#11519 = LINE ( 'NONE', #71, #10769 ) ;
#11520 = ORIENTED_EDGE ( 'NONE', *, *, #10997, .T. ) ;
#11521 = CARTESIAN_POINT ( 'NONE',  ( -0.4080312271942275193, 2.151000000000000689, 0.2539807718478698240 ) ) ;
#11522 = CARTESIAN_POINT ( 'NONE',  ( -0.6374052250181797552, 2.150000000000000355, -0.04689588479829736450 ) ) ;
#11523 = COLOUR_RGB ( '',1.000000000000000000, 1.000000000000000000, 1.000000000000000000 ) ;
#11524 = CARTESIAN_POINT ( 'NONE',  ( -0.6093852423787371464, 2.151000000000000245, 0.2759478388129474880 ) ) ;
#11525 = ADVANCED_FACE ( 'NONE', ( #634 ), #8195, .F. ) ;
#11526 = CARTESIAN_POINT ( 'NONE',  ( -1.188166764367676267E-19, 2.151000000000000689, 0.000000000000000000 ) ) ;
#11527 = ADVANCED_FACE ( 'NONE', ( #10633 ), #11535, .F. ) ;
#11528 = ADVANCED_FACE ( 'NONE', ( #3405 ), #3585, .F. ) ;
#11529 = ORIENTED_EDGE ( 'NONE', *, *, #11964, .T. ) ;
#11530 = CARTESIAN_POINT ( 'NONE',  ( 0.3882810550217855039, 2.151000000000000689, -0.1019982081876329855 ) ) ;
#11531 = CARTESIAN_POINT ( 'NONE',  ( -0.2927898087705994579, 2.150000000000000355, -0.1025756786078747124 ) ) ;
#11532 = CARTESIAN_POINT ( 'NONE',  ( -0.09274614965020390456, 2.150000000000000355, -0.1303748298595848176 ) ) ;
#11533 = FACE_OUTER_BOUND ( 'NONE', #10876, .T. ) ;
#11534 = ORIENTED_EDGE ( 'NONE', *, *, #3393, .T. ) ;
#11535 = PLANE ( 'NONE',  #8314 ) ;
#11536 = ORIENTED_EDGE ( 'NONE', *, *, #1846, .F. ) ;
#11537 = FILL_AREA_STYLE ('',( #2184 ) ) ;
#11538 =( NAMED_UNIT ( * ) PLANE_ANGLE_UNIT ( ) SI_UNIT ( $, .RADIAN. ) );
#11539 =( GEOMETRIC_REPRESENTATION_CONTEXT ( 3 ) GLOBAL_UNCERTAINTY_ASSIGNED_CONTEXT ( ( #9959 ) ) GLOBAL_UNIT_ASSIGNED_CONTEXT ( ( #9325, #10301, #7518 ) ) REPRESENTATION_CONTEXT ( 'NONE', 'WORKASPACE' ) );
#11540 = SURFACE_SIDE_STYLE ('',( #8784 ) ) ;
#11541 =( GEOMETRIC_REPRESENTATION_CONTEXT ( 3 ) GLOBAL_UNCERTAINTY_ASSIGNED_CONTEXT ( ( #1617 ) ) GLOBAL_UNIT_ASSIGNED_CONTEXT ( ( #9778, #11655, #3222 ) ) REPRESENTATION_CONTEXT ( 'NONE', 'WORKASPACE' ) );
#11542 = FILL_AREA_STYLE_COLOUR ( '', #10974 ) ;
#11543 = FACE_OUTER_BOUND ( 'NONE', #5033, .T. ) ;
#11544 = CARTESIAN_POINT ( 'NONE',  ( 0.6114702059353005481, 2.151000000000000689, -0.1727164755469565993 ) ) ;
#11545 = ADVANCED_FACE ( 'NONE', ( #8248 ), #6444, .F. ) ;
#11546 = ORIENTED_EDGE ( 'NONE', *, *, #6384, .F. ) ;
#11547 = DIRECTION ( 'NONE',  ( 0.2455530343989363040, -0.000000000000000000, 0.9693831581461866964 ) ) ;
#11548 = VECTOR ( 'NONE', #7012, 1000.000000000000000 ) ;
#11549 = ORIENTED_EDGE ( 'NONE', *, *, #7282, .T. ) ;
#11550 = CARTESIAN_POINT ( 'NONE',  ( 0.03327745202502999794, 2.150000000000000355, -0.1306247879744658058 ) ) ;
#11551 =( LENGTH_UNIT ( ) NAMED_UNIT ( * ) SI_UNIT ( .MILLI., .METRE. ) );
#11552 = CARTESIAN_POINT ( 'NONE',  ( -0.01303748500803551813, 2.151000000000000689, 0.1761989432650036547 ) ) ;
#11553 = CARTESIAN_POINT ( 'NONE',  ( 0.7989002566522885873, 2.150000000000000355, -0.09474780794363978076 ) ) ;
#11554 = VERTEX_POINT ( 'NONE', #5578 ) ;
#11555 = CARTESIAN_POINT ( 'NONE',  ( 0.9090899521946753659, 2.151000000000000689, -0.1359010631206535868 ) ) ;
#11556 = VERTEX_POINT ( 'NONE', #871 ) ;
#11557 = PRESENTATION_STYLE_ASSIGNMENT (( #9744 ) ) ;
#11558 = COLOUR_RGB ( '',1.000000000000000000, 1.000000000000000000, 1.000000000000000000 ) ;
#11559 = SURFACE_STYLE_USAGE ( .BOTH. , #8054 ) ;
#11560 = EDGE_CURVE ( 'NONE', #11121, #1649, #3007, .T. ) ;
#11561 = VERTEX_POINT ( 'NONE', #1969 ) ;
#11562 = VECTOR ( 'NONE', #7445, 1000.000000000000000 ) ;
#11563 = VERTEX_POINT ( 'NONE', #11111 ) ;
#11564 = CARTESIAN_POINT ( 'NONE',  ( -0.6945026966040518390, 2.149999999999999911, -0.2062838242416129286 ) ) ;
#11565 = PRESENTATION_STYLE_ASSIGNMENT (( #3385 ) ) ;
#11566 = AXIS2_PLACEMENT_3D ( 'NONE', #3570, #5620, #682 ) ;
#11567 = CARTESIAN_POINT ( 'NONE',  ( -0.8804933862011528056, 2.149999999999999911, -0.1733940407948221518 ) ) ;
#11568 = AXIS2_PLACEMENT_3D ( 'NONE', #5268, #1429, #10875 ) ;
#11569 =( NAMED_UNIT ( * ) SI_UNIT ( $, .STERADIAN. ) SOLID_ANGLE_UNIT ( ) );
#11570 =( GEOMETRIC_REPRESENTATION_CONTEXT ( 3 ) GLOBAL_UNCERTAINTY_ASSIGNED_CONTEXT ( ( #9538 ) ) GLOBAL_UNIT_ASSIGNED_CONTEXT ( ( #662, #11909, #146 ) ) REPRESENTATION_CONTEXT ( 'NONE', 'WORKASPACE' ) );
#11571 = FILL_AREA_STYLE ('',( #10863 ) ) ;
#11572 = FILL_AREA_STYLE_COLOUR ( '', #6772 ) ;
#11573 = ORIENTED_EDGE ( 'NONE', *, *, #11457, .T. ) ;
#11574 = LINE ( 'NONE', #9579, #4370 ) ;
#11575 = EDGE_CURVE ( 'NONE', #9682, #9901, #11815, .T. ) ;
#11576 = PRESENTATION_LAYER_ASSIGNMENT (  '', '', ( #10827 ) ) ;
#11577 = CARTESIAN_POINT ( 'NONE',  ( 0.7634386125451609884, 2.151000000000000689, -0.1918829026444843766 ) ) ;
#11578 = FILL_AREA_STYLE_COLOUR ( '', #5572 ) ;
#11579 = COLOUR_RGB ( '',1.000000000000000000, 1.000000000000000000, 1.000000000000000000 ) ;
#11580 = ORIENTED_EDGE ( 'NONE', *, *, #5657, .T. ) ;
#11581 = CARTESIAN_POINT ( 'NONE',  ( -0.1964638132163225304, 2.150000000000000355, -0.1598084727857942144 ) ) ;
#11582 = CARTESIAN_POINT ( 'NONE',  ( -0.04949035385863074371, 2.150000000000000355, -0.1598058686254419658 ) ) ;
#11583 = EDGE_LOOP ( 'NONE', ( #4006, #6146, #7073, #12128 ) ) ;
#11584 = CARTESIAN_POINT ( 'NONE',  ( -0.1032847112736490214, 2.150000000000000355, 0.07272423353217603859 ) ) ;
#11585 = AXIS2_PLACEMENT_3D ( 'NONE', #9277, #824, #11013 ) ;
#11586 = ORIENTED_EDGE ( 'NONE', *, *, #7762, .T. ) ;
#11587 = VECTOR ( 'NONE', #8679, 1000.000000000000000 ) ;
#11588 = ADVANCED_FACE ( 'NONE', ( #3706 ), #12116, .T. ) ;
#11589 = ORIENTED_EDGE ( 'NONE', *, *, #7685, .T. ) ;
#11590 = CARTESIAN_POINT ( 'NONE',  ( -3.049999999999998934, 2.149999999999999911, 1.739999999999999991 ) ) ;
#11591 = CARTESIAN_POINT ( 'NONE',  ( -0.4275851886870825624, 2.150000000000000355, 0.2474994053679855366 ) ) ;
#11592 =( NAMED_UNIT ( * ) SI_UNIT ( $, .STERADIAN. ) SOLID_ANGLE_UNIT ( ) );
#11593 = SURFACE_STYLE_USAGE ( .BOTH. , #2230 ) ;
#11594 = VECTOR ( 'NONE', #813, 1000.000000000000114 ) ;
#11595 = CARTESIAN_POINT ( 'NONE',  ( -0.4421085987332931677, 2.150000000000000355, 0.1181512406698030926 ) ) ;
#11596 = ORIENTED_EDGE ( 'NONE', *, *, #11751, .T. ) ;
#11597 = UNCERTAINTY_MEASURE_WITH_UNIT (LENGTH_MEASURE( 1.000000000000000082E-05 ), #11135, 'distance_accuracy_value', 'NONE');
#11598 = MECHANICAL_DESIGN_GEOMETRIC_PRESENTATION_REPRESENTATION (  '', ( #6537 ), #401 ) ;
#11599 = CARTESIAN_POINT ( 'NONE',  ( -0.08125082819794189615, 2.150000000000000355, -0.2411342824466975732 ) ) ;
#11600 = LINE ( 'NONE', #7059, #3913 ) ;
#11601 = EDGE_CURVE ( 'NONE', #2991, #10567, #5944, .T. ) ;
#11602 = B_SPLINE_SURFACE_WITH_KNOTS ( 'NONE', 3, 1, ( 
 ( #11073, #2721 ),
 ( #8337, #3546 ),
 ( #1630, #10154 ),
 ( #9410, #7304 ) ),
 .UNSPECIFIED., .F., .F., .F.,
 ( 4, 4 ),
 ( 2, 2 ),
 ( 20.00000000000000000, 21.00000000000000000 ),
 ( 0.000000000000000000, 1.000000000000000000 ),
 .UNSPECIFIED. ) ;
#11603 = ORIENTED_EDGE ( 'NONE', *, *, #9006, .T. ) ;
#11604 = CARTESIAN_POINT ( 'NONE',  ( -0.6361995749045132875, 2.149999999999999911, -0.07028247539768930907 ) ) ;
#11605 = ADVANCED_FACE ( 'NONE', ( #3202 ), #8746, .F. ) ;
#11606 = DIRECTION ( 'NONE',  ( 0.000000000000000000, 0.000000000000000000, -1.000000000000000000 ) ) ;
#11607 =( GEOMETRIC_REPRESENTATION_CONTEXT ( 3 ) GLOBAL_UNCERTAINTY_ASSIGNED_CONTEXT ( ( #7410 ) ) GLOBAL_UNIT_ASSIGNED_CONTEXT ( ( #8473, #11417, #223 ) ) REPRESENTATION_CONTEXT ( 'NONE', 'WORKASPACE' ) );
#11608 = PRESENTATION_STYLE_ASSIGNMENT (( #7854 ) ) ;
#11609 = CARTESIAN_POINT ( 'NONE',  ( 0.8247120008767560018, 2.151000000000000689, -0.06419824203184211486 ) ) ;
#11610 = PRESENTATION_STYLE_ASSIGNMENT (( #3994 ) ) ;
#11611 =( LENGTH_UNIT ( ) NAMED_UNIT ( * ) SI_UNIT ( .MILLI., .METRE. ) );
#11612 = ORIENTED_EDGE ( 'NONE', *, *, #542, .T. ) ;
#11613 = AXIS2_PLACEMENT_3D ( 'NONE', #9276, #10436, #7763 ) ;
#11614 =( GEOMETRIC_REPRESENTATION_CONTEXT ( 3 ) GLOBAL_UNCERTAINTY_ASSIGNED_CONTEXT ( ( #10096 ) ) GLOBAL_UNIT_ASSIGNED_CONTEXT ( ( #1730, #1238, #7756 ) ) REPRESENTATION_CONTEXT ( 'NONE', 'WORKASPACE' ) );
#11615 = ORIENTED_EDGE ( 'NONE', *, *, #8599, .T. ) ;
#11616 = UNCERTAINTY_MEASURE_WITH_UNIT (LENGTH_MEASURE( 1.000000000000000082E-05 ), #7567, 'distance_accuracy_value', 'NONE');
#11617 =( LENGTH_UNIT ( ) NAMED_UNIT ( * ) SI_UNIT ( .MILLI., .METRE. ) );
#11618 = DIRECTION ( 'NONE',  ( -0.007092178509960126408, -0.000000000000000000, 0.9999748501857348426 ) ) ;
#11619 = CARTESIAN_POINT ( 'NONE',  ( -0.3330001252222240526, 2.151000000000000689, -0.2239957082927976073 ) ) ;
#11620 = ORIENTED_EDGE ( 'NONE', *, *, #209, .T. ) ;
#11621 = SURFACE_SIDE_STYLE ('',( #2447 ) ) ;
#11622 = EDGE_CURVE ( 'NONE', #8111, #5861, #4817, .T. ) ;
#11623 = ORIENTED_EDGE ( 'NONE', *, *, #2740, .F. ) ;
#11624 = ADVANCED_FACE ( 'NONE', ( #8558 ), #9576, .F. ) ;
#11625 = EDGE_LOOP ( 'NONE', ( #4085, #11851, #749, #6656 ) ) ;
#11626 = LINE ( 'NONE', #8859, #6796 ) ;
#11627 = CARTESIAN_POINT ( 'NONE',  ( -3.649999999999997691, 1.800000000000000044, 0.000000000000000000 ) ) ;
#11628 = COLOUR_RGB ( '',1.000000000000000000, 1.000000000000000000, 1.000000000000000000 ) ;
#11629 = SURFACE_STYLE_FILL_AREA ( #5990 ) ;
#11630 = FILL_AREA_STYLE_COLOUR ( '', #11322 ) ;
#11631 = DIRECTION ( 'NONE',  ( 0.3349296977015625565, 0.000000000000000000, 0.9422431202176749787 ) ) ;
#11632 =( NAMED_UNIT ( * ) SI_UNIT ( $, .STERADIAN. ) SOLID_ANGLE_UNIT ( ) );
#11633 = VECTOR ( 'NONE', #5284, 999.9999999999998863 ) ;
#11634 =( GEOMETRIC_REPRESENTATION_CONTEXT ( 3 ) GLOBAL_UNCERTAINTY_ASSIGNED_CONTEXT ( ( #11891 ) ) GLOBAL_UNIT_ASSIGNED_CONTEXT ( ( #9222, #8393, #10263 ) ) REPRESENTATION_CONTEXT ( 'NONE', 'WORKASPACE' ) );
#11635 = ADVANCED_FACE ( 'NONE', ( #3894 ), #1174, .F. ) ;
#11636 = CARTESIAN_POINT ( 'NONE',  ( -0.2826435448981357568, 2.151000000000000689, -0.2943438779887761481 ) ) ;
#11637 = ORIENTED_EDGE ( 'NONE', *, *, #9832, .T. ) ;
#11638 = CARTESIAN_POINT ( 'NONE',  ( -0.1382613892603355987, 2.150000000000000355, 0.2469519328412660697 ) ) ;
#11639 = MECHANICAL_DESIGN_GEOMETRIC_PRESENTATION_REPRESENTATION (  '', ( #8699 ), #7522 ) ;
#11640 = CARTESIAN_POINT ( 'NONE',  ( 0.8873083122526428390, 2.150000000000000355, 0.2847373018349151907 ) ) ;
#11641 = PRESENTATION_LAYER_ASSIGNMENT (  '', '', ( #8104 ) ) ;
#11642 = EDGE_LOOP ( 'NONE', ( #5075, #5755, #7313, #6564 ) ) ;
#11643 = LINE ( 'NONE', #3335, #9351 ) ;
#11644 = CARTESIAN_POINT ( 'NONE',  ( 0.1043688906615766049, 2.150000000000000355, 0.1008154590923212024 ) ) ;
#11645 = UNCERTAINTY_MEASURE_WITH_UNIT (LENGTH_MEASURE( 1.000000000000000082E-05 ), #11888, 'distance_accuracy_value', 'NONE');
#11646 = ORIENTED_EDGE ( 'NONE', *, *, #5841, .T. ) ;
#11647 = EDGE_CURVE ( 'NONE', #4044, #2859, #377, .T. ) ;
#11648 = SURFACE_STYLE_USAGE ( .BOTH. , #10748 ) ;
#11649 = ORIENTED_EDGE ( 'NONE', *, *, #6367, .F. ) ;
#11650 = VERTEX_POINT ( 'NONE', #10731 ) ;
#11651 = VECTOR ( 'NONE', #10215, 1000.000000000000114 ) ;
#11652 = SURFACE_STYLE_FILL_AREA ( #392 ) ;
#11653 = CARTESIAN_POINT ( 'NONE',  ( -0.7141023987052347310, 2.151000000000000245, -0.07437025585304256337 ) ) ;
#11654 = STYLED_ITEM ( 'NONE', ( #6851 ), #4841 ) ;
#11655 =( NAMED_UNIT ( * ) PLANE_ANGLE_UNIT ( ) SI_UNIT ( $, .RADIAN. ) );
#11656 = LINE ( 'NONE', #5342, #9099 ) ;
#11657 = ORIENTED_EDGE ( 'NONE', *, *, #11457, .F. ) ;
#11658 = PRESENTATION_STYLE_ASSIGNMENT (( #9782 ) ) ;
#11659 = CARTESIAN_POINT ( 'NONE',  ( -0.8432466681890891103, 2.151000000000000245, -0.08859542915516649408 ) ) ;
#11660 = EDGE_LOOP ( 'NONE', ( #7565, #8149, #2199, #6619 ) ) ;
#11661 = CARTESIAN_POINT ( 'NONE',  ( 0.02353053427882507986, 2.150000000000000355, -0.2224028712754020920 ) ) ;
#11662 =( GEOMETRIC_REPRESENTATION_CONTEXT ( 3 ) GLOBAL_UNCERTAINTY_ASSIGNED_CONTEXT ( ( #12066 ) ) GLOBAL_UNIT_ASSIGNED_CONTEXT ( ( #2200, #1039, #4804 ) ) REPRESENTATION_CONTEXT ( 'NONE', 'WORKASPACE' ) );
#11663 = CARTESIAN_POINT ( 'NONE',  ( -0.03030141272887983128, 2.151000000000000689, -0.1018577796993654500 ) ) ;
#11664 = CARTESIAN_POINT ( 'NONE',  ( 0.7989002566522885873, 2.150000000000000355, -0.09474780794363978076 ) ) ;
#11665 = CARTESIAN_POINT ( 'NONE',  ( -0.4315903218202884473, 2.151000000000000689, -0.04543617205330258146 ) ) ;
#11666 = VERTEX_POINT ( 'NONE', #1051 ) ;
#11667 = LINE ( 'NONE', #4056, #11548 ) ;
#11668 = EDGE_LOOP ( 'NONE', ( #11430, #8425, #3694, #2668 ) ) ;
#11669 =( NAMED_UNIT ( * ) PLANE_ANGLE_UNIT ( ) SI_UNIT ( $, .RADIAN. ) );
#11670 = CARTESIAN_POINT ( 'NONE',  ( -0.2502002383095762172, 2.151000000000000689, -0.2213288938112868420 ) ) ;
#11671 =( LENGTH_UNIT ( ) NAMED_UNIT ( * ) SI_UNIT ( .MILLI., .METRE. ) );
#11672 = CARTESIAN_POINT ( 'NONE',  ( 0.4927689662109027147, 2.151000000000000689, -0.1547599969808891862 ) ) ;
#11673 = ORIENTED_EDGE ( 'NONE', *, *, #6886, .F. ) ;
#11674 = CARTESIAN_POINT ( 'NONE',  ( -0.1258104222230995439, 2.151000000000000689, 0.2800013944570518554 ) ) ;
#11675 = ORIENTED_EDGE ( 'NONE', *, *, #5616, .T. ) ;
#11676 = MECHANICAL_DESIGN_GEOMETRIC_PRESENTATION_REPRESENTATION (  '', ( #5420 ), #6416 ) ;
#11677 = PRESENTATION_LAYER_ASSIGNMENT (  '', '', ( #4815 ) ) ;
#11678 = DIRECTION ( 'NONE',  ( 0.8667467706370833858, 1.029839705993996014E-16, -0.4987484692609965853 ) ) ;
#11679 = EDGE_LOOP ( 'NONE', ( #4706, #11397, #2422, #612 ) ) ;
#11680 = EDGE_CURVE ( 'NONE', #8485, #2837, #10920, .T. ) ;
#11681 = SURFACE_STYLE_USAGE ( .BOTH. , #10857 ) ;
#11682 = EDGE_CURVE ( 'NONE', #11563, #11762, #8153, .T. ) ;
#11683 = VECTOR ( 'NONE', #4298, 1000.000000000000000 ) ;
#11684 = ADVANCED_FACE ( 'NONE', ( #2512 ), #5383, .F. ) ;
#11685 = DIRECTION ( 'NONE',  ( 0.9999748501857348426, -0.000000000000000000, 0.007092178509963767592 ) ) ;
#11686 =( LENGTH_UNIT ( ) NAMED_UNIT ( * ) SI_UNIT ( .MILLI., .METRE. ) );
#11687 = CARTESIAN_POINT ( 'NONE',  ( 0.7770160928361199426, 2.150000000000000355, 0.3403499894072637422 ) ) ;
#11688 = LINE ( 'NONE', #8868, #9436 ) ;
#11689 = VECTOR ( 'NONE', #2155, 1000.000000000000000 ) ;
#11690 = CARTESIAN_POINT ( 'NONE',  ( -0.08468347123331373960, 2.150000000000000355, 0.09625130166525268371 ) ) ;
#11691 = FACE_OUTER_BOUND ( 'NONE', #11797, .T. ) ;
#11692 = ORIENTED_EDGE ( 'NONE', *, *, #853, .T. ) ;
#11693 = PLANE ( 'NONE',  #11734 ) ;
#11694 = CARTESIAN_POINT ( 'NONE',  ( 0.9120125493759101420, 2.151000000000000689, 0.2675602265108162903 ) ) ;
#11695 = ADVANCED_FACE ( 'NONE', ( #7033 ), #3771, .F. ) ;
#11696 = B_SPLINE_SURFACE_WITH_KNOTS ( 'NONE', 3, 1, ( 
 ( #1505, #11955 ),
 ( #8387, #11 ),
 ( #10321, #4600 ),
 ( #7474, #7363 ) ),
 .UNSPECIFIED., .F., .F., .F.,
 ( 4, 4 ),
 ( 2, 2 ),
 ( 5.000000000000000000, 6.000000000000000000 ),
 ( 0.000000000000000000, 1.000000000000000000 ),
 .UNSPECIFIED. ) ;
#11697 = CARTESIAN_POINT ( 'NONE',  ( -0.2253941635278853550, 2.150000000000000355, -0.1710353682617757609 ) ) ;
#11698 = CARTESIAN_POINT ( 'NONE',  ( -0.06594393457482153331, 2.151000000000000689, -0.09763949769721640137 ) ) ;
#11699 = DIRECTION ( 'NONE',  ( 1.188166764367676342E-16, -1.000000000000000000, -0.000000000000000000 ) ) ;
#11700 = ORIENTED_EDGE ( 'NONE', *, *, #1846, .T. ) ;
#11701 =( NAMED_UNIT ( * ) PLANE_ANGLE_UNIT ( ) SI_UNIT ( $, .RADIAN. ) );
#11702 = ORIENTED_EDGE ( 'NONE', *, *, #997, .T. ) ;
#11703 = ORIENTED_EDGE ( 'NONE', *, *, #248, .T. ) ;
#11704 =( NAMED_UNIT ( * ) PLANE_ANGLE_UNIT ( ) SI_UNIT ( $, .RADIAN. ) );
#11705 = CARTESIAN_POINT ( 'NONE',  ( -0.7344055551458075204, 2.150000000000000355, -0.09250251743842428931 ) ) ;
#11706 = DIRECTION ( 'NONE',  ( 0.007092178509963214215, -0.000000000000000000, -0.9999748501857348426 ) ) ;
#11707 = AXIS2_PLACEMENT_3D ( 'NONE', #3638, #4518, #9321 ) ;
#11708 = VERTEX_POINT ( 'NONE', #501 ) ;
#11709 = EDGE_CURVE ( 'NONE', #6207, #10718, #9822, .T. ) ;
#11710 = VECTOR ( 'NONE', #7845, 1000.000000000000000 ) ;
#11711 = UNCERTAINTY_MEASURE_WITH_UNIT (LENGTH_MEASURE( 1.000000000000000082E-05 ), #9875, 'distance_accuracy_value', 'NONE');
#11712 = FILL_AREA_STYLE_COLOUR ( '', #9260 ) ;
#11713 = CARTESIAN_POINT ( 'NONE',  ( -0.02681460799178941867, 2.151000000000000689, -0.2049796294520373485 ) ) ;
#11714 = VERTEX_POINT ( 'NONE', #5126 ) ;
#11715 = COLOUR_RGB ( '',1.000000000000000000, 1.000000000000000000, 1.000000000000000000 ) ;
#11716 = DIRECTION ( 'NONE',  ( -0.000000000000000000, -0.000000000000000000, -1.000000000000000000 ) ) ;
#11717 = CARTESIAN_POINT ( 'NONE',  ( 0.1061718700308706548, 2.150000000000000355, -0.1533989578410275001 ) ) ;
#11718 = DIRECTION ( 'NONE',  ( 0.000000000000000000, 0.000000000000000000, 1.000000000000000000 ) ) ;
#11719 = CARTESIAN_POINT ( 'NONE',  ( -0.06594393457482153331, 2.150000000000000355, -0.09763949769721640137 ) ) ;
#11720 =( LENGTH_UNIT ( ) NAMED_UNIT ( * ) SI_UNIT ( .MILLI., .METRE. ) );
#11721 = CARTESIAN_POINT ( 'NONE',  ( -0.3814892801183843440, 2.150000000000000355, 0.07418239486422290030 ) ) ;
#11722 = UNCERTAINTY_MEASURE_WITH_UNIT (LENGTH_MEASURE( 1.000000000000000082E-05 ), #11910, 'distance_accuracy_value', 'NONE');
#11723 = STYLED_ITEM ( 'NONE', ( #346 ), #9336 ) ;
#11724 = ORIENTED_EDGE ( 'NONE', *, *, #10191, .F. ) ;
#11725 = FACE_OUTER_BOUND ( 'NONE', #8604, .T. ) ;
#11726 = EDGE_LOOP ( 'NONE', ( #2741, #7755, #2592, #9280 ) ) ;
#11727 = DIRECTION ( 'NONE',  ( -0.9376516173647782004, -1.114086488308427285E-16, -0.3475765303544179896 ) ) ;
#11728 = CARTESIAN_POINT ( 'NONE',  ( 0.3874196183334083776, 2.150000000000000355, 0.01946165385534716699 ) ) ;
#11729 = LINE ( 'NONE', #4251, #11766 ) ;
#11730 = DIRECTION ( 'NONE',  ( -0.9999748501857348426, -1.188136882194236462E-16, -0.007092178509963876012 ) ) ;
#11731 = ORIENTED_EDGE ( 'NONE', *, *, #8008, .F. ) ;
#11732 = CARTESIAN_POINT ( 'NONE',  ( 3.650000000000000355, 2.150000000000000799, -1.750000000000000000 ) ) ;
#11733 = ORIENTED_EDGE ( 'NONE', *, *, #5118, .T. ) ;
#11734 = AXIS2_PLACEMENT_3D ( 'NONE', #4079, #8811, #5194 ) ;
#11735 = SURFACE_SIDE_STYLE ('',( #9746 ) ) ;
#11736 = CARTESIAN_POINT ( 'NONE',  ( -0.08300474975170571423, 2.151000000000000689, -0.1184522020143185111 ) ) ;
#11737 = ORIENTED_EDGE ( 'NONE', *, *, #9847, .F. ) ;
#11738 = SURFACE_STYLE_USAGE ( .BOTH. , #8928 ) ;
#11739 = COLOUR_RGB ( '',1.000000000000000000, 1.000000000000000000, 1.000000000000000000 ) ;
#11740 = MECHANICAL_DESIGN_GEOMETRIC_PRESENTATION_REPRESENTATION (  '', ( #6289 ), #4101 ) ;
#11741 = PRESENTATION_STYLE_ASSIGNMENT (( #2324 ) ) ;
#11742 = CARTESIAN_POINT ( 'NONE',  ( 0.5172782460321342368, 2.151000000000000689, 0.2633146077990298206 ) ) ;
#11743 = CARTESIAN_POINT ( 'NONE',  ( -0.4918686220256033303, 2.151000000000000689, 0.1776898870687715903 ) ) ;
#11744 = CARTESIAN_POINT ( 'NONE',  ( 0.000000000000000000, 0.000000000000000000, 1.750000000000000000 ) ) ;
#11745 = PRESENTATION_STYLE_ASSIGNMENT (( #3264 ) ) ;
#11746 = UNCERTAINTY_MEASURE_WITH_UNIT (LENGTH_MEASURE( 1.000000000000000082E-05 ), #1235, 'distance_accuracy_value', 'NONE');
#11747 =( NAMED_UNIT ( * ) PLANE_ANGLE_UNIT ( ) SI_UNIT ( $, .RADIAN. ) );
#11748 = EDGE_CURVE ( 'NONE', #1823, #5987, #443, .T. ) ;
#11749 = ORIENTED_EDGE ( 'NONE', *, *, #4482, .T. ) ;
#11750 = COLOUR_RGB ( '',1.000000000000000000, 1.000000000000000000, 1.000000000000000000 ) ;
#11751 = EDGE_CURVE ( 'NONE', #9563, #4805, #1656, .T. ) ;
#11752 = CARTESIAN_POINT ( 'NONE',  ( -0.1845599917712082982, 2.151000000000000689, -0.1522376013544926854 ) ) ;
#11753 = ADVANCED_FACE ( 'NONE', ( #4690 ), #10230, .F. ) ;
#11754 = PLANE ( 'NONE',  #11707 ) ;
#11755 = CARTESIAN_POINT ( 'NONE',  ( -0.2826435448981357568, 2.151000000000000689, -0.2943438779887761481 ) ) ;
#11756 = CARTESIAN_POINT ( 'NONE',  ( 0.3878605918180507706, 2.150000000000000355, -0.04271421969628785842 ) ) ;
#11757 = AXIS2_PLACEMENT_3D ( 'NONE', #10313, #9462, #4771 ) ;
#11758 = AXIS2_PLACEMENT_3D ( 'NONE', #4509, #3816, #102 ) ;
#11759 = DIRECTION ( 'NONE',  ( 1.188166764367676342E-16, -1.000000000000000000, -0.000000000000000000 ) ) ;
#11760 = ORIENTED_EDGE ( 'NONE', *, *, #5752, .T. ) ;
#11761 = PRESENTATION_STYLE_ASSIGNMENT (( #11648 ) ) ;
#11762 = VERTEX_POINT ( 'NONE', #9376 ) ;
#11763 = EDGE_LOOP ( 'NONE', ( #2732, #1528, #571, #696 ) ) ;
#11764 = CARTESIAN_POINT ( 'NONE',  ( -0.4423626509208923308, 2.151000000000000689, 0.2346052543110218880 ) ) ;
#11765 = ADVANCED_FACE ( 'NONE', ( #2625 ), #7447, .F. ) ;
#11766 = VECTOR ( 'NONE', #6040, 1000.000000000000000 ) ;
#11767 = STYLED_ITEM ( 'NONE', ( #1575 ), #7180 ) ;
#11768 = EDGE_LOOP ( 'NONE', ( #7444, #51, #7192, #4952, #9618, #7884 ) ) ;
#11769 = DIRECTION ( 'NONE',  ( 1.188166764367676342E-16, -1.000000000000000000, 0.000000000000000000 ) ) ;
#11770 = CARTESIAN_POINT ( 'NONE',  ( 3.650000000000000355, 2.150000000000000799, -1.750000000000000000 ) ) ;
#11771 = FILL_AREA_STYLE_COLOUR ( '', #565 ) ;
#11772 = CARTESIAN_POINT ( 'NONE',  ( -0.04702081642280614426, 2.150000000000000355, -0.09750528818997297731 ) ) ;
#11773 = CARTESIAN_POINT ( 'NONE',  ( -0.2837832810866014466, 2.150000000000000355, 0.2548619826234490571 ) ) ;
#11774 = EDGE_CURVE ( 'NONE', #7388, #6261, #8237, .T. ) ;
#11775 = DIRECTION ( 'NONE',  ( -0.007092178509965519663, -8.426690792503697397E-19, 0.9999748501857348426 ) ) ;
#11776 = VECTOR ( 'NONE', #11380, 1000.000000000000000 ) ;
#11777 =( NAMED_UNIT ( * ) PLANE_ANGLE_UNIT ( ) SI_UNIT ( $, .RADIAN. ) );
#11778 = B_SPLINE_CURVE_WITH_KNOTS ( 'NONE', 3,
 ( #9511, #7751, #8494, #927 ),
 .UNSPECIFIED., .F., .F.,
 ( 4, 4 ),
 ( 7.000000000000000000, 8.000000000000000000 ),
 .UNSPECIFIED. ) ;
#11779 = CARTESIAN_POINT ( 'NONE',  ( -0.01303748500803551813, 2.150000000000000355, 0.1761989432650036547 ) ) ;
#11780 = CARTESIAN_POINT ( 'NONE',  ( -0.03483757275802218389, 2.151000000000000689, 0.2371836323838299454 ) ) ;
#11781 =( NAMED_UNIT ( * ) PLANE_ANGLE_UNIT ( ) SI_UNIT ( $, .RADIAN. ) );
#11782 = VERTEX_POINT ( 'NONE', #5506 ) ;
#11783 = AXIS2_PLACEMENT_3D ( 'NONE', #10569, #5839, #4969 ) ;
#11784 =( LENGTH_UNIT ( ) NAMED_UNIT ( * ) SI_UNIT ( .MILLI., .METRE. ) );
#11785 = SURFACE_SIDE_STYLE ('',( #3369 ) ) ;
#11786 = CARTESIAN_POINT ( 'NONE',  ( -0.2419391697635986105, 2.151000000000000689, -0.1839420553702129646 ) ) ;
#11787 = CARTESIAN_POINT ( 'NONE',  ( -0.01938205406612970860, 2.151000000000000689, 0.1324830145157349925 ) ) ;
#11788 = CARTESIAN_POINT ( 'NONE',  ( 1.670000000000000373, -1.800000000000000044, -1.750000000000001110 ) ) ;
#11789 = CARTESIAN_POINT ( 'NONE',  ( -0.6563943592070254907, 2.151000000000000245, 0.07223266993481067266 ) ) ;
#11790 = CARTESIAN_POINT ( 'NONE',  ( -0.2052835327084571171, 2.150000000000000355, 0.2554187308540484813 ) ) ;
#11791 = ORIENTED_EDGE ( 'NONE', *, *, #6756, .T. ) ;
#11792 = SURFACE_STYLE_USAGE ( .BOTH. , #5239 ) ;
#11793 = MECHANICAL_DESIGN_GEOMETRIC_PRESENTATION_REPRESENTATION (  '', ( #1965 ), #11394 ) ;
#11794 = ORIENTED_EDGE ( 'NONE', *, *, #1895, .T. ) ;
#11795 = EDGE_CURVE ( 'NONE', #8730, #8168, #804, .T. ) ;
#11796 = FACE_OUTER_BOUND ( 'NONE', #2639, .T. ) ;
#11797 = EDGE_LOOP ( 'NONE', ( #12170, #1149, #5856, #2913 ) ) ;
#11798 = B_SPLINE_SURFACE_WITH_KNOTS ( 'NONE', 3, 1, ( 
 ( #10704, #11480 ),
 ( #2299, #7067 ),
 ( #3169, #10638 ),
 ( #2187, #10837 ) ),
 .UNSPECIFIED., .F., .F., .F.,
 ( 4, 4 ),
 ( 2, 2 ),
 ( 2.000000000000000000, 3.000000000000000000 ),
 ( 0.000000000000000000, 1.000000000000000000 ),
 .UNSPECIFIED. ) ;
#11799 = SURFACE_SIDE_STYLE ('',( #12029 ) ) ;
#11800 = CARTESIAN_POINT ( 'NONE',  ( -0.5396921636882440199, 2.150000000000000355, -0.2263974476531024627 ) ) ;
#11801 = CARTESIAN_POINT ( 'NONE',  ( -0.09041529494550032409, 2.151000000000000689, 0.2593527695899005003 ) ) ;
#11802 = VERTEX_POINT ( 'NONE', #4574 ) ;
#11803 = VECTOR ( 'NONE', #11890, 1000.000000000000000 ) ;
#11804 =( LENGTH_UNIT ( ) NAMED_UNIT ( * ) SI_UNIT ( .MILLI., .METRE. ) );
#11805 = CARTESIAN_POINT ( 'NONE',  ( 0.1316323761467816933, 2.150000000000000355, -0.04144159567560272428 ) ) ;
#11806 = FILL_AREA_STYLE ('',( #438 ) ) ;
#11807 = FACE_OUTER_BOUND ( 'NONE', #1228, .T. ) ;
#11808 = B_SPLINE_CURVE_WITH_KNOTS ( 'NONE', 3,
 ( #5894, #1254, #204, #5022 ),
 .UNSPECIFIED., .F., .F.,
 ( 4, 4 ),
 ( 4.000000000000000000, 5.000000000000000000 ),
 .UNSPECIFIED. ) ;
#11809 = PRESENTATION_STYLE_ASSIGNMENT (( #5059 ) ) ;
#11810 = ORIENTED_EDGE ( 'NONE', *, *, #7922, .F. ) ;
#11811 = VECTOR ( 'NONE', #935, 1000.000000000000114 ) ;
#11812 = CARTESIAN_POINT ( 'NONE',  ( -0.1882794288555473261, 2.151000000000000689, -0.1555912899434750696 ) ) ;
#11813 = PRESENTATION_STYLE_ASSIGNMENT (( #4333 ) ) ;
#11814 = FACE_OUTER_BOUND ( 'NONE', #246, .T. ) ;
#11815 = B_SPLINE_CURVE_WITH_KNOTS ( 'NONE', 3,
 ( #2640, #10187, #4584, #4642 ),
 .UNSPECIFIED., .F., .F.,
 ( 4, 4 ),
 ( 16.00000000000000000, 17.00000000000000000 ),
 .UNSPECIFIED. ) ;
#11816 = EDGE_CURVE ( 'NONE', #2831, #6936, #8299, .T. ) ;
#11817 = PRESENTATION_LAYER_ASSIGNMENT (  '', '', ( #8682 ) ) ;
#11818 = CARTESIAN_POINT ( 'NONE',  ( -0.3368784740510142872, 2.151000000000000689, -0.2122736549726954025 ) ) ;
#11819 = VECTOR ( 'NONE', #6703, 1000.000000000000000 ) ;
#11820 = CARTESIAN_POINT ( 'NONE',  ( -0.2092171180314622569, 2.150000000000000355, -0.1648898872949465522 ) ) ;
#11821 = CARTESIAN_POINT ( 'NONE',  ( 0.6044249904573867349, 2.150000000000000355, 0.005094551709259199229 ) ) ;
#11822 = ORIENTED_EDGE ( 'NONE', *, *, #3723, .T. ) ;
#11823 = VERTEX_POINT ( 'NONE', #2687 ) ;
#11824 = SURFACE_STYLE_USAGE ( .BOTH. , #3525 ) ;
#11825 = ORIENTED_EDGE ( 'NONE', *, *, #5394, .T. ) ;
#11826 = VECTOR ( 'NONE', #829, 1000.000000000000000 ) ;
#11827 = VECTOR ( 'NONE', #9961, 1000.000000000000000 ) ;
#11828 =( NAMED_UNIT ( * ) SI_UNIT ( $, .STERADIAN. ) SOLID_ANGLE_UNIT ( ) );
#11829 = CARTESIAN_POINT ( 'NONE',  ( -0.5513600750315996724, 2.151000000000000689, 0.1286060581314242834 ) ) ;
#11830 = ORIENTED_EDGE ( 'NONE', *, *, #11748, .F. ) ;
#11831 = UNCERTAINTY_MEASURE_WITH_UNIT (LENGTH_MEASURE( 1.000000000000000082E-05 ), #4224, 'distance_accuracy_value', 'NONE');
#11832 = EDGE_CURVE ( 'NONE', #8119, #10378, #7280, .T. ) ;
#11833 = EDGE_CURVE ( 'NONE', #10784, #5015, #9948, .T. ) ;
#11834 = CARTESIAN_POINT ( 'NONE',  ( 0.02353053427882507986, 2.151000000000000689, -0.2224028712754021475 ) ) ;
#11835 = EDGE_CURVE ( 'NONE', #10789, #4063, #6502, .T. ) ;
#11836 = CARTESIAN_POINT ( 'NONE',  ( 0.7633360605537860000, 2.151000000000000689, -0.1774233946009065033 ) ) ;
#11837 = PRESENTATION_LAYER_ASSIGNMENT (  '', '', ( #7329 ) ) ;
#11838 = PRESENTATION_STYLE_ASSIGNMENT (( #2425 ) ) ;
#11839 = COLOUR_RGB ( '',1.000000000000000000, 1.000000000000000000, 1.000000000000000000 ) ;
#11840 = CARTESIAN_POINT ( 'NONE',  ( 0.2982013754879659362, 2.151000000000000689, -0.04190405822187966839 ) ) ;
#11841 = FILL_AREA_STYLE_COLOUR ( '', #10354 ) ;
#11842 = SURFACE_STYLE_FILL_AREA ( #3660 ) ;
#11843 = DIRECTION ( 'NONE',  ( -0.9999748501857348426, -0.000000000000000000, -0.007092178509965256852 ) ) ;
#11844 = SURFACE_SIDE_STYLE ('',( #4111 ) ) ;
#11845 = DIRECTION ( 'NONE',  ( 1.188166764367676342E-16, -1.000000000000000000, -0.000000000000000000 ) ) ;
#11846 = CARTESIAN_POINT ( 'NONE',  ( -0.4571401131533228135, 2.150000000000000355, 0.2217111032554541228 ) ) ;
#11847 = CARTESIAN_POINT ( 'NONE',  ( -0.1529152799644944716, 2.151000000000000689, -0.1278901754188175866 ) ) ;
#11848 = VERTEX_POINT ( 'NONE', #10469 ) ;
#11849 = EDGE_CURVE ( 'NONE', #6991, #9612, #514, .T. ) ;
#11850 = LINE ( 'NONE', #4547, #5881 ) ;
#11851 = ORIENTED_EDGE ( 'NONE', *, *, #8534, .F. ) ;
#11852 = CARTESIAN_POINT ( 'NONE',  ( -0.7130530573381530512, 2.150000000000000355, -0.2223240862405151952 ) ) ;
#11853 = DIRECTION ( 'NONE',  ( 0.000000000000000000, 0.000000000000000000, -1.000000000000000000 ) ) ;
#11854 = ORIENTED_EDGE ( 'NONE', *, *, #5085, .F. ) ;
#11855 = CARTESIAN_POINT ( 'NONE',  ( -0.1372865267956300261, 2.151000000000000689, 0.1094993932969439976 ) ) ;
#11856 = ORIENTED_EDGE ( 'NONE', *, *, #7942, .T. ) ;
#11857 = SURFACE_STYLE_FILL_AREA ( #6303 ) ;
#11858 = COLOUR_RGB ( '',1.000000000000000000, 1.000000000000000000, 1.000000000000000000 ) ;
#11859 = CARTESIAN_POINT ( 'NONE',  ( 1.090469624761132295, 2.151000000000000689, -0.2242680689654359683 ) ) ;
#11860 = LINE ( 'NONE', #11627, #2660 ) ;
#11861 = LINE ( 'NONE', #790, #11215 ) ;
#11862 = ORIENTED_EDGE ( 'NONE', *, *, #9289, .F. ) ;
#11863 = MECHANICAL_DESIGN_GEOMETRIC_PRESENTATION_REPRESENTATION (  '', ( #3223 ), #11662 ) ;
#11864 = CARTESIAN_POINT ( 'NONE',  ( 0.9073055194178603067, 2.151000000000000689, 0.1156944538472038930 ) ) ;
#11865 = EDGE_CURVE ( 'NONE', #10903, #5560, #235, .T. ) ;
#11866 = DIRECTION ( 'NONE',  ( 0.9999748501857348426, -0.000000000000000000, 0.007092178509963196001 ) ) ;
#11867 =( GEOMETRIC_REPRESENTATION_CONTEXT ( 3 ) GLOBAL_UNCERTAINTY_ASSIGNED_CONTEXT ( ( #2169 ) ) GLOBAL_UNIT_ASSIGNED_CONTEXT ( ( #2501, #5368, #7148 ) ) REPRESENTATION_CONTEXT ( 'NONE', 'WORKASPACE' ) );
#11868 = FILL_AREA_STYLE ('',( #4511 ) ) ;
#11869 = FILL_AREA_STYLE_COLOUR ( '', #4900 ) ;
#11870 = UNCERTAINTY_MEASURE_WITH_UNIT (LENGTH_MEASURE( 1.000000000000000082E-05 ), #9265, 'distance_accuracy_value', 'NONE');
#11871 = DIRECTION ( 'NONE',  ( -0.3962797719141813446, 0.000000000000000000, 0.9181298069290879660 ) ) ;
#11872 = ORIENTED_EDGE ( 'NONE', *, *, #1153, .F. ) ;
#11873 = CARTESIAN_POINT ( 'NONE',  ( -0.1693673788884486608, 2.150000000000000355, -0.1099146168151994701 ) ) ;
#11874 = FACE_OUTER_BOUND ( 'NONE', #10404, .T. ) ;
#11875 = CARTESIAN_POINT ( 'NONE',  ( 3.669999999999997708, -1.600000000000000089, -0.3999999999999996336 ) ) ;
#11876 = CARTESIAN_POINT ( 'NONE',  ( -0.09208247626273287356, 2.151000000000000689, -0.2239506888535458817 ) ) ;
#11877 = VECTOR ( 'NONE', #1914, 1000.000000000000000 ) ;
#11878 = AXIS2_PLACEMENT_3D ( 'NONE', #11744, #681, #10122 ) ;
#11879 =( NAMED_UNIT ( * ) SI_UNIT ( $, .STERADIAN. ) SOLID_ANGLE_UNIT ( ) );
#11880 = DIRECTION ( 'NONE',  ( 1.188166764367676342E-16, -1.000000000000000000, -0.000000000000000000 ) ) ;
#11881 = SURFACE_STYLE_USAGE ( .BOTH. , #7223 ) ;
#11882 = CARTESIAN_POINT ( 'NONE',  ( -0.06465014829889578762, 2.151000000000000689, -0.2287470925135225430 ) ) ;
#11883 = ORIENTED_EDGE ( 'NONE', *, *, #559, .T. ) ;
#11884 = ORIENTED_EDGE ( 'NONE', *, *, #4117, .F. ) ;
#11885 = DIRECTION ( 'NONE',  ( 0.9999748501857348426, -0.000000000000000000, 0.007092178509963855196 ) ) ;
#11886 = STYLED_ITEM ( 'NONE', ( #4250 ), #1941 ) ;
#11887 = DIRECTION ( 'NONE',  ( 1.188166764367676342E-16, -1.000000000000000000, -0.000000000000000000 ) ) ;
#11888 =( LENGTH_UNIT ( ) NAMED_UNIT ( * ) SI_UNIT ( .MILLI., .METRE. ) );
#11889 = ORIENTED_EDGE ( 'NONE', *, *, #8008, .T. ) ;
#11890 = DIRECTION ( 'NONE',  ( -0.000000000000000000, -0.000000000000000000, -1.000000000000000000 ) ) ;
#11891 = UNCERTAINTY_MEASURE_WITH_UNIT (LENGTH_MEASURE( 1.000000000000000082E-05 ), #9222, 'distance_accuracy_value', 'NONE');
#11892 = CARTESIAN_POINT ( 'NONE',  ( 0.7133942629646764511, 2.151000000000000689, 0.3398987606843663634 ) ) ;
#11893 = B_SPLINE_SURFACE_WITH_KNOTS ( 'NONE', 3, 1, ( 
 ( #7085, #362 ),
 ( #4132, #7872 ),
 ( #9687, #8923 ),
 ( #10855, #1223 ) ),
 .UNSPECIFIED., .F., .F., .F.,
 ( 4, 4 ),
 ( 2, 2 ),
 ( 6.000000000000000000, 7.000000000000000000 ),
 ( 0.000000000000000000, 1.000000000000000000 ),
 .UNSPECIFIED. ) ;
#11894 = DIRECTION ( 'NONE',  ( 0.3451999324527416091, 0.000000000000000000, -0.9385291719678311440 ) ) ;
#11895 = EDGE_LOOP ( 'NONE', ( #8540, #8141, #284, #3920 ) ) ;
#11896 = FACE_OUTER_BOUND ( 'NONE', #11456, .T. ) ;
#11898 = ADVANCED_FACE ( 'NONE', ( #9685 ), #1873, .F. ) ;
#11897 = PRESENTATION_LAYER_ASSIGNMENT (  '', '', ( #1293 ) ) ;
#11899 = ADVANCED_FACE ( 'NONE', ( #8549 ), #5986, .F. ) ;
#11900 = EDGE_CURVE ( 'NONE', #5367, #164, #490, .T. ) ;
#11901 = VECTOR ( 'NONE', #4477, 1000.000000000000114 ) ;
#11902 = CARTESIAN_POINT ( 'NONE',  ( 0.1043688906615769102, 2.150000000000000355, 0.1008154590923211608 ) ) ;
#11903 =( LENGTH_UNIT ( ) NAMED_UNIT ( * ) SI_UNIT ( .MILLI., .METRE. ) );
#11904 = CARTESIAN_POINT ( 'NONE',  ( -0.4423626509208923308, 2.150000000000000355, 0.2346052543110218880 ) ) ;
#11905 = VERTEX_POINT ( 'NONE', #1405 ) ;
#11906 = VECTOR ( 'NONE', #7068, 1000.000000000000000 ) ;
#11907 = FACE_OUTER_BOUND ( 'NONE', #10147, .T. ) ;
#11908 = PRESENTATION_STYLE_ASSIGNMENT (( #1001 ) ) ;
#11909 =( NAMED_UNIT ( * ) PLANE_ANGLE_UNIT ( ) SI_UNIT ( $, .RADIAN. ) );
#11910 =( LENGTH_UNIT ( ) NAMED_UNIT ( * ) SI_UNIT ( .MILLI., .METRE. ) );
#11911 = ORIENTED_EDGE ( 'NONE', *, *, #7975, .T. ) ;
#11912 = CARTESIAN_POINT ( 'NONE',  ( 1.220523129028157072, 2.150000000000000355, -0.007888209064190274816 ) ) ;
#11913 = CARTESIAN_POINT ( 'NONE',  ( 3.649999999999997691, -1.600000000000000089, -0.3999999999999996336 ) ) ;
#11914 = ADVANCED_FACE ( 'NONE', ( #10909 ), #3185, .F. ) ;
#11915 = PLANE ( 'NONE',  #10358 ) ;
#11916 = ORIENTED_EDGE ( 'NONE', *, *, #1184, .F. ) ;
#11917 = CARTESIAN_POINT ( 'NONE',  ( 0.9846177179837275473, 2.150000000000000355, 0.2246944621440921941 ) ) ;
#11918 = VERTEX_POINT ( 'NONE', #1343 ) ;
#11919 = CARTESIAN_POINT ( 'NONE',  ( -0.5361773789580540628, 2.151000000000000689, -0.06957308228797348670 ) ) ;
#11920 = CARTESIAN_POINT ( 'NONE',  ( -0.4572160088688755342, 2.151000000000000689, -0.1341035426471292313 ) ) ;
#11921 = FACE_OUTER_BOUND ( 'NONE', #11924, .T. ) ;
#11922 = FACE_OUTER_BOUND ( 'NONE', #11314, .T. ) ;
#11923 = PRESENTATION_STYLE_ASSIGNMENT (( #6322 ) ) ;
#11924 = EDGE_LOOP ( 'NONE', ( #11737, #6982, #7088, #10672 ) ) ;
#11925 = CARTESIAN_POINT ( 'NONE',  ( -0.2927898087705994579, 2.150000000000000355, -0.1025756786078747124 ) ) ;
#11926 = EDGE_CURVE ( 'NONE', #1167, #3686, #5111, .T. ) ;
#11927 = PRESENTATION_STYLE_ASSIGNMENT (( #7335 ) ) ;
#11928 = SURFACE_SIDE_STYLE ('',( #9488 ) ) ;
#11929 = COLOUR_RGB ( '',1.000000000000000000, 1.000000000000000000, 1.000000000000000000 ) ;
#11930 =( NAMED_UNIT ( * ) SI_UNIT ( $, .STERADIAN. ) SOLID_ANGLE_UNIT ( ) );
#11931 = CARTESIAN_POINT ( 'NONE',  ( -0.06340580595147962684, 2.151000000000000689, -0.1183131993103883756 ) ) ;
#11932 = AXIS2_PLACEMENT_3D ( 'NONE', #8910, #3367, #10777 ) ;
#11933 = PLANE ( 'NONE',  #10428 ) ;
#11934 = ORIENTED_EDGE ( 'NONE', *, *, #370, .T. ) ;
#11935 = SURFACE_STYLE_FILL_AREA ( #11059 ) ;
#11936 = EDGE_LOOP ( 'NONE', ( #618, #6145, #2376, #6017 ) ) ;
#11937 = CARTESIAN_POINT ( 'NONE',  ( 1.043594103507980542, 2.150000000000000355, -0.1392851160962098322 ) ) ;
#11938 =( LENGTH_UNIT ( ) NAMED_UNIT ( * ) SI_UNIT ( .MILLI., .METRE. ) );
#11939 = ADVANCED_FACE ( 'NONE', ( #10852 ), #8922, .T. ) ;
#11940 = PRESENTATION_STYLE_ASSIGNMENT (( #8021 ) ) ;
#11941 =( NAMED_UNIT ( * ) PLANE_ANGLE_UNIT ( ) SI_UNIT ( $, .RADIAN. ) );
#11942 =( LENGTH_UNIT ( ) NAMED_UNIT ( * ) SI_UNIT ( .MILLI., .METRE. ) );
#11943 = COLOUR_RGB ( '',1.000000000000000000, 1.000000000000000000, 1.000000000000000000 ) ;
#11944 = ORIENTED_EDGE ( 'NONE', *, *, #1513, .F. ) ;
#11945 = UNCERTAINTY_MEASURE_WITH_UNIT (LENGTH_MEASURE( 1.000000000000000082E-05 ), #4818, 'distance_accuracy_value', 'NONE');
#11946 = AXIS2_PLACEMENT_3D ( 'NONE', #7560, #5926, #3817 ) ;
#11947 = LINE ( 'NONE', #3653, #4752 ) ;
#11948 = EDGE_CURVE ( 'NONE', #2685, #6871, #6175, .T. ) ;
#11949 = SURFACE_SIDE_STYLE ('',( #8205 ) ) ;
#11950 = DIRECTION ( 'NONE',  ( 1.188166764367676342E-16, -1.000000000000000000, -0.000000000000000000 ) ) ;
#11951 = CARTESIAN_POINT ( 'NONE',  ( 0.5718859439593659832, 2.150000000000000355, 0.3114206863113233026 ) ) ;
#11952 = B_SPLINE_CURVE_WITH_KNOTS ( 'NONE', 3,
 ( #1147, #912, #4679, #3869 ),
 .UNSPECIFIED., .F., .F.,
 ( 4, 4 ),
 ( 5.000000000000000000, 6.000000000000000000 ),
 .UNSPECIFIED. ) ;
#11953 = LINE ( 'NONE', #6350, #11826 ) ;
#11954 =( GEOMETRIC_REPRESENTATION_CONTEXT ( 3 ) GLOBAL_UNCERTAINTY_ASSIGNED_CONTEXT ( ( #10156 ) ) GLOBAL_UNIT_ASSIGNED_CONTEXT ( ( #11108, #2523, #10019 ) ) REPRESENTATION_CONTEXT ( 'NONE', 'WORKASPACE' ) );
#11955 = CARTESIAN_POINT ( 'NONE',  ( -0.1528238405200043337, 2.150000000000000355, -0.1407828493238073297 ) ) ;
#11956 = AXIS2_PLACEMENT_3D ( 'NONE', #1306, #5332, #2469 ) ;
#11957 = PRESENTATION_STYLE_ASSIGNMENT (( #7303 ) ) ;
#11958 = COLOUR_RGB ( '',1.000000000000000000, 1.000000000000000000, 1.000000000000000000 ) ;
#11959 = UNCERTAINTY_MEASURE_WITH_UNIT (LENGTH_MEASURE( 1.000000000000000082E-05 ), #221, 'distance_accuracy_value', 'NONE');
#11960 = ADVANCED_FACE ( 'NONE', ( #11796 ), #2186, .F. ) ;
#11961 = SURFACE_STYLE_USAGE ( .BOTH. , #5421 ) ;
#11962 = CARTESIAN_POINT ( 'NONE',  ( -0.4421085987332931677, 2.151000000000000689, 0.1181512406698030926 ) ) ;
#11963 = CARTESIAN_POINT ( 'NONE',  ( -0.7838126987322984185, 2.151000000000000245, -0.2513160222968941482 ) ) ;
#11964 = EDGE_CURVE ( 'NONE', #8018, #6410, #2554, .T. ) ;
#11965 = DIRECTION ( 'NONE',  ( -0.9999748501857348426, -0.000000000000000000, -0.007092178509964672251 ) ) ;
#11966 = PRESENTATION_STYLE_ASSIGNMENT (( #11137 ) ) ;
#11967 = CARTESIAN_POINT ( 'NONE',  ( -0.01540638968073652915, 2.151000000000000689, 0.2536460551153438825 ) ) ;
#11968 = ORIENTED_EDGE ( 'NONE', *, *, #10431, .F. ) ;
#11969 =( NAMED_UNIT ( * ) PLANE_ANGLE_UNIT ( ) SI_UNIT ( $, .RADIAN. ) );
#11970 = FILL_AREA_STYLE_COLOUR ( '', #8936 ) ;
#11971 = AXIS2_PLACEMENT_3D ( 'NONE', #2153, #1231, #1418 ) ;
#11972 = B_SPLINE_CURVE_WITH_KNOTS ( 'NONE', 3,
 ( #10501, #1129, #137, #8520 ),
 .UNSPECIFIED., .F., .F.,
 ( 4, 4 ),
 ( 23.00000000000000000, 24.00000000000000000 ),
 .UNSPECIFIED. ) ;
#11973 = DIRECTION ( 'NONE',  ( 1.000000000000000000, 0.000000000000000000, 0.000000000000000000 ) ) ;
#11974 = CARTESIAN_POINT ( 'NONE',  ( -0.5363432973049192531, 2.151000000000000689, -0.04617911753983044293 ) ) ;
#11975 = FILL_AREA_STYLE_COLOUR ( '', #4803 ) ;
#11976 = VERTEX_POINT ( 'NONE', #8405 ) ;
#11977 = LINE ( 'NONE', #11091, #7331 ) ;
#11978 = ORIENTED_EDGE ( 'NONE', *, *, #4133, .F. ) ;
#11979 =( GEOMETRIC_REPRESENTATION_CONTEXT ( 3 ) GLOBAL_UNCERTAINTY_ASSIGNED_CONTEXT ( ( #1240 ) ) GLOBAL_UNIT_ASSIGNED_CONTEXT ( ( #5039, #5915, #6894 ) ) REPRESENTATION_CONTEXT ( 'NONE', 'WORKASPACE' ) );
#11980 = EDGE_CURVE ( 'NONE', #5744, #3966, #6366, .T. ) ;
#11981 = CARTESIAN_POINT ( 'NONE',  ( -0.1372865267956300261, 2.150000000000000355, 0.1094993932969439976 ) ) ;
#11982 = SURFACE_STYLE_USAGE ( .BOTH. , #12098 ) ;
#11983 = EDGE_CURVE ( 'NONE', #4493, #3190, #10504, .T. ) ;
#11984 = SURFACE_STYLE_FILL_AREA ( #6319 ) ;
#11985 = PRESENTATION_STYLE_ASSIGNMENT (( #3820 ) ) ;
#11986 = ORIENTED_EDGE ( 'NONE', *, *, #5326, .F. ) ;
#11987 = CARTESIAN_POINT ( 'NONE',  ( -0.1693673788884486608, 2.151000000000000689, -0.1099146168151994701 ) ) ;
#11988 = CARTESIAN_POINT ( 'NONE',  ( 0.4847187952808544864, 2.150000000000000355, -0.2430245054082204315 ) ) ;
#11989 = PRESENTATION_LAYER_ASSIGNMENT (  '', '', ( #5737 ) ) ;
#11990 = VECTOR ( 'NONE', #202, 1000.000000000000000 ) ;
#11991 = B_SPLINE_SURFACE_WITH_KNOTS ( 'NONE', 3, 1, ( 
 ( #10705, #11779 ),
 ( #416, #2188 ),
 ( #10773, #1327 ),
 ( #5162, #5097 ) ),
 .UNSPECIFIED., .F., .F., .F.,
 ( 4, 4 ),
 ( 2, 2 ),
 ( 9.000000000000000000, 10.00000000000000000 ),
 ( 0.000000000000000000, 1.000000000000000000 ),
 .UNSPECIFIED. ) ;
#11992 =( NAMED_UNIT ( * ) PLANE_ANGLE_UNIT ( ) SI_UNIT ( $, .RADIAN. ) );
#11993 = EDGE_CURVE ( 'NONE', #9202, #2226, #785, .T. ) ;
#11994 = FACE_OUTER_BOUND ( 'NONE', #1715, .T. ) ;
#11995 =( GEOMETRIC_REPRESENTATION_CONTEXT ( 3 ) GLOBAL_UNCERTAINTY_ASSIGNED_CONTEXT ( ( #4122 ) ) GLOBAL_UNIT_ASSIGNED_CONTEXT ( ( #6383, #5626, #7212 ) ) REPRESENTATION_CONTEXT ( 'NONE', 'WORKASPACE' ) );
#11996 = UNCERTAINTY_MEASURE_WITH_UNIT (LENGTH_MEASURE( 1.000000000000000082E-05 ), #11617, 'distance_accuracy_value', 'NONE');
#11997 = ORIENTED_EDGE ( 'NONE', *, *, #5394, .F. ) ;
#11998 =( NAMED_UNIT ( * ) PLANE_ANGLE_UNIT ( ) SI_UNIT ( $, .RADIAN. ) );
#11999 = ORIENTED_EDGE ( 'NONE', *, *, #9149, .T. ) ;
#12000 = CARTESIAN_POINT ( 'NONE',  ( 1.022961100079244678, 2.151000000000000689, -0.08448254173514643806 ) ) ;
#12001 = PRESENTATION_STYLE_ASSIGNMENT (( #8253 ) ) ;
#12002 =( GEOMETRIC_REPRESENTATION_CONTEXT ( 3 ) GLOBAL_UNCERTAINTY_ASSIGNED_CONTEXT ( ( #7413 ) ) GLOBAL_UNIT_ASSIGNED_CONTEXT ( ( #12091, #6486, #29 ) ) REPRESENTATION_CONTEXT ( 'NONE', 'WORKASPACE' ) );
#12003 = VECTOR ( 'NONE', #18, 1000.000000000000114 ) ;
#12004 = ORIENTED_EDGE ( 'NONE', *, *, #8061, .F. ) ;
#12005 = EDGE_CURVE ( 'NONE', #4572, #8410, #7857, .T. ) ;
#12006 =( LENGTH_UNIT ( ) NAMED_UNIT ( * ) SI_UNIT ( .MILLI., .METRE. ) );
#12007 = PLANE ( 'NONE',  #10210 ) ;
#12008 = ORIENTED_EDGE ( 'NONE', *, *, #2650, .T. ) ;
#12009 = CARTESIAN_POINT ( 'NONE',  ( 3.650000000000000355, 1.800000000000000044, 0.000000000000000000 ) ) ;
#12010 =( GEOMETRIC_REPRESENTATION_CONTEXT ( 3 ) GLOBAL_UNCERTAINTY_ASSIGNED_CONTEXT ( ( #4712 ) ) GLOBAL_UNIT_ASSIGNED_CONTEXT ( ( #5034, #5091, #3358 ) ) REPRESENTATION_CONTEXT ( 'NONE', 'WORKASPACE' ) );
#12011 = FILL_AREA_STYLE ('',( #11072 ) ) ;
#12012 =( GEOMETRIC_REPRESENTATION_CONTEXT ( 3 ) GLOBAL_UNCERTAINTY_ASSIGNED_CONTEXT ( ( #11645 ) ) GLOBAL_UNIT_ASSIGNED_CONTEXT ( ( #11888, #4590, #11166 ) ) REPRESENTATION_CONTEXT ( 'NONE', 'WORKASPACE' ) );
#12013 = PRESENTATION_STYLE_ASSIGNMENT (( #7239 ) ) ;
#12014 = CARTESIAN_POINT ( 'NONE',  ( 1.129346224478604999, 2.150000000000000355, -0.2008559877067254973 ) ) ;
#12015 = PLANE ( 'NONE',  #7130 ) ;
#12016 = VECTOR ( 'NONE', #9578, 1000.000000000000000 ) ;
#12017 = VECTOR ( 'NONE', #2505, 1000.000000000000114 ) ;
#12018 = DIRECTION ( 'NONE',  ( 0.9999748501857348426, -0.000000000000000000, 0.007092178509964200406 ) ) ;
#12019 = CARTESIAN_POINT ( 'NONE',  ( -0.4073350982703292655, 2.151000000000000689, 0.09718627178516882348 ) ) ;
#12020 = LINE ( 'NONE', #6478, #1746 ) ;
#12021 = LINE ( 'NONE', #10213, #1872 ) ;
#12022 = DIRECTION ( 'NONE',  ( 0.000000000000000000, -1.000000000000000000, 0.000000000000000000 ) ) ;
#12023 = CARTESIAN_POINT ( 'NONE',  ( -0.1790932907537494401, 2.150000000000000355, -0.1386816366930572753 ) ) ;
#12024 = DIRECTION ( 'NONE',  ( -0.007092178509964231631, 0.000000000000000000, 0.9999748501857348426 ) ) ;
#12025 = ORIENTED_EDGE ( 'NONE', *, *, #11128, .F. ) ;
#12026 = CARTESIAN_POINT ( 'NONE',  ( 0.7125636461717117509, 2.151000000000000689, 0.2531314573857857964 ) ) ;
#12027 = LINE ( 'NONE', #1939, #9059 ) ;
#12028 = MECHANICAL_DESIGN_GEOMETRIC_PRESENTATION_REPRESENTATION (  '', ( #8305 ), #8908 ) ;
#12029 = SURFACE_STYLE_FILL_AREA ( #788 ) ;
#12030 = LINE ( 'NONE', #789, #4466 ) ;
#12031 = FACE_OUTER_BOUND ( 'NONE', #7897, .T. ) ;
#12032 = ORIENTED_EDGE ( 'NONE', *, *, #7630, .F. ) ;
#12033 = FILL_AREA_STYLE_COLOUR ( '', #11259 ) ;
#12034 = VERTEX_POINT ( 'NONE', #10333 ) ;
#12035 = STYLED_ITEM ( 'NONE', ( #8685 ), #11605 ) ;
#12036 = SURFACE_STYLE_FILL_AREA ( #8291 ) ;
#12037 = CARTESIAN_POINT ( 'NONE',  ( -0.03407650490992446268, 2.151000000000000689, -0.2219796137038109185 ) ) ;
#12038 = CARTESIAN_POINT ( 'NONE',  ( 0.9691737913716207409, 2.151000000000000689, -0.04437537249888652557 ) ) ;
#12039 = CARTESIAN_POINT ( 'NONE',  ( -0.8456435830242839957, 2.149999999999999911, -0.08050211321131045539 ) ) ;
#12040 = B_SPLINE_CURVE_WITH_KNOTS ( 'NONE', 3,
 ( #5817, #10615, #11327, #7765 ),
 .UNSPECIFIED., .F., .F.,
 ( 4, 4 ),
 ( 5.000000000000000000, 6.000000000000000000 ),
 .UNSPECIFIED. ) ;
#12041 = ORIENTED_EDGE ( 'NONE', *, *, #3949, .T. ) ;
#12042 = CARTESIAN_POINT ( 'NONE',  ( -0.02681460799178941867, 2.151000000000000689, -0.2049796294520373485 ) ) ;
#12043 = DIRECTION ( 'NONE',  ( 1.188166764367676342E-16, -1.000000000000000000, -0.000000000000000000 ) ) ;
#12044 = EDGE_LOOP ( 'NONE', ( #1884, #3095, #12056, #11529 ) ) ;
#12045 = DIRECTION ( 'NONE',  ( 1.188166764367676342E-16, -1.000000000000000000, -0.000000000000000000 ) ) ;
#12046 = EDGE_CURVE ( 'NONE', #2253, #387, #9174, .T. ) ;
#12047 =( GEOMETRIC_REPRESENTATION_CONTEXT ( 3 ) GLOBAL_UNCERTAINTY_ASSIGNED_CONTEXT ( ( #9781 ) ) GLOBAL_UNIT_ASSIGNED_CONTEXT ( ( #3881, #7564, #2070 ) ) REPRESENTATION_CONTEXT ( 'NONE', 'WORKASPACE' ) );
#12048 = FACE_OUTER_BOUND ( 'NONE', #1709, .T. ) ;
#12049 = EDGE_CURVE ( 'NONE', #4371, #4050, #4497, .T. ) ;
#12050 = ADVANCED_FACE ( 'NONE', ( #6430 ), #323, .T. ) ;
#12051 = AXIS2_PLACEMENT_3D ( 'NONE', #7228, #1842, #7290 ) ;
#12052 = CARTESIAN_POINT ( 'NONE',  ( -0.1912972168460800315, 2.151000000000000689, -0.2505449784619278031 ) ) ;
#12053 =( LENGTH_UNIT ( ) NAMED_UNIT ( * ) SI_UNIT ( .MILLI., .METRE. ) );
#12054 = DIRECTION ( 'NONE',  ( -1.000000000000000000, 0.000000000000000000, -0.000000000000000000 ) ) ;
#12055 = LINE ( 'NONE', #2524, #186 ) ;
#12056 = ORIENTED_EDGE ( 'NONE', *, *, #6612, .T. ) ;
#12057 = DIRECTION ( 'NONE',  ( 0.9999748501857348426, 0.000000000000000000, 0.007092178509964671383 ) ) ;
#12058 = ORIENTED_EDGE ( 'NONE', *, *, #10900, .T. ) ;
#12059 = CARTESIAN_POINT ( 'NONE',  ( 1.043594103507980542, 2.151000000000000689, -0.1392851160962098322 ) ) ;
#12060 = CARTESIAN_POINT ( 'NONE',  ( -0.03514691713765505376, 2.150000000000000355, 0.2734699023309143939 ) ) ;
#12061 = AXIS2_PLACEMENT_3D ( 'NONE', #7023, #8735, #6847 ) ;
#12062 = ADVANCED_FACE ( 'NONE', ( #150 ), #3168, .T. ) ;
#12063 = CARTESIAN_POINT ( 'NONE',  ( -1.669999999999997931, 1.800000000000000044, -1.750000000000000222 ) ) ;
#12064 = VECTOR ( 'NONE', #4888, 1000.000000000000000 ) ;
#12065 = EDGE_LOOP ( 'NONE', ( #8665, #6529, #7111, #1799 ) ) ;
#12066 = UNCERTAINTY_MEASURE_WITH_UNIT (LENGTH_MEASURE( 1.000000000000000082E-05 ), #2200, 'distance_accuracy_value', 'NONE');
#12067 = MECHANICAL_DESIGN_GEOMETRIC_PRESENTATION_REPRESENTATION (  '', ( #3237 ), #4623 ) ;
#12068 = CARTESIAN_POINT ( 'NONE',  ( -0.1519518509115981297, 2.151000000000000689, -0.2417396977382124668 ) ) ;
#12069 = CARTESIAN_POINT ( 'NONE',  ( 0.7133942629646764511, 2.151000000000000689, 0.3398987606843663634 ) ) ;
#12070 = ORIENTED_EDGE ( 'NONE', *, *, #3355, .T. ) ;
#12071 = CARTESIAN_POINT ( 'NONE',  ( 0.5172782460321342368, 2.151000000000000689, 0.2633146077990298206 ) ) ;
#12072 = ORIENTED_EDGE ( 'NONE', *, *, #11601, .F. ) ;
#12073 = MECHANICAL_DESIGN_GEOMETRIC_PRESENTATION_REPRESENTATION (  '', ( #11886 ), #5815 ) ;
#12074 = FILL_AREA_STYLE_COLOUR ( '', #7318 ) ;
#12075 =( LENGTH_UNIT ( ) NAMED_UNIT ( * ) SI_UNIT ( .MILLI., .METRE. ) );
#12076 = CARTESIAN_POINT ( 'NONE',  ( 0.4998448380643135125, 2.150000000000000355, 0.07086983745883435049 ) ) ;
#12077 = CARTESIAN_POINT ( 'NONE',  ( -0.6945026966040518390, 2.151000000000000245, -0.2062838242416129286 ) ) ;
#12078 = EDGE_CURVE ( 'NONE', #9451, #10337, #92, .T. ) ;
#12079 = SURFACE_SIDE_STYLE ('',( #3730 ) ) ;
#12080 = LINE ( 'NONE', #7424, #6650 ) ;
#12081 = UNCERTAINTY_MEASURE_WITH_UNIT (LENGTH_MEASURE( 1.000000000000000082E-05 ), #1994, 'distance_accuracy_value', 'NONE');
#12082 =( NAMED_UNIT ( * ) PLANE_ANGLE_UNIT ( ) SI_UNIT ( $, .RADIAN. ) );
#12083 = SURFACE_SIDE_STYLE ('',( #716 ) ) ;
#12084 = CARTESIAN_POINT ( 'NONE',  ( 1.045727199617881409, 2.150000000000000355, -0.2361535754825709321 ) ) ;
#12085 = CARTESIAN_POINT ( 'NONE',  ( -3.669999999999997708, 1.800000000000000044, -1.770000000000000018 ) ) ;
#12086 = CARTESIAN_POINT ( 'NONE',  ( -0.2844641781314494744, 2.151000000000000689, -0.3161922559700406365 ) ) ;
#12087 = FACE_OUTER_BOUND ( 'NONE', #533, .T. ) ;
#12088 = DIRECTION ( 'NONE',  ( 1.188166764367676342E-16, -1.000000000000000000, -0.000000000000000000 ) ) ;
#12089 =( NAMED_UNIT ( * ) PLANE_ANGLE_UNIT ( ) SI_UNIT ( $, .RADIAN. ) );
#12090 = DIRECTION ( 'NONE',  ( 1.188166764367676342E-16, -1.000000000000000000, -0.000000000000000000 ) ) ;
#12091 =( LENGTH_UNIT ( ) NAMED_UNIT ( * ) SI_UNIT ( .MILLI., .METRE. ) );
#12092 = CARTESIAN_POINT ( 'NONE',  ( -0.08300474975170571423, 2.150000000000000355, -0.1184522020143185111 ) ) ;
#12093 = ORIENTED_EDGE ( 'NONE', *, *, #784, .F. ) ;
#12094 = COLOUR_RGB ( '',1.000000000000000000, 1.000000000000000000, 1.000000000000000000 ) ;
#12095 = ORIENTED_EDGE ( 'NONE', *, *, #5326, .T. ) ;
#12096 = VECTOR ( 'NONE', #776, 1000.000000000000000 ) ;
#12097 = CARTESIAN_POINT ( 'NONE',  ( 1.129407673365080189, 2.150000000000000355, -0.005642319124506672140 ) ) ;
#12098 = SURFACE_SIDE_STYLE ('',( #9311 ) ) ;
#12099 = LINE ( 'NONE', #9250, #82 ) ;
#12100 = ADVANCED_FACE ( 'NONE', ( #4970, #964 ), #11348, .F. ) ;
#12101 = EDGE_LOOP ( 'NONE', ( #11825, #325, #11205, #2925 ) ) ;
#12102 = DIRECTION ( 'NONE',  ( 0.9999748501857348426, 0.000000000000000000, 0.007092178509965255985 ) ) ;
#12103 = VECTOR ( 'NONE', #363, 1000.000000000000000 ) ;
#12104 = VERTEX_POINT ( 'NONE', #7065 ) ;
#12105 = DIRECTION ( 'NONE',  ( 1.188166764367676342E-16, -1.000000000000000000, -0.000000000000000000 ) ) ;
#12106 = VECTOR ( 'NONE', #5186, 1000.000000000000114 ) ;
#12107 = FILL_AREA_STYLE ('',( #7512 ) ) ;
#12108 = FILL_AREA_STYLE ('',( #5447 ) ) ;
#12109 =( GEOMETRIC_REPRESENTATION_CONTEXT ( 3 ) GLOBAL_UNCERTAINTY_ASSIGNED_CONTEXT ( ( #6821 ) ) GLOBAL_UNIT_ASSIGNED_CONTEXT ( ( #12138, #4722, #17 ) ) REPRESENTATION_CONTEXT ( 'NONE', 'WORKASPACE' ) );
#12110 = FILL_AREA_STYLE_COLOUR ( '', #6329 ) ;
#12111 = EDGE_CURVE ( 'NONE', #105, #3432, #2365, .T. ) ;
#12112 = SURFACE_SIDE_STYLE ('',( #9263 ) ) ;
#12113 = FILL_AREA_STYLE_COLOUR ( '', #7453 ) ;
#12114 = EDGE_CURVE ( 'NONE', #4460, #6374, #3457, .T. ) ;
#12115 = LINE ( 'NONE', #748, #7089 ) ;
#12116 = PLANE ( 'NONE',  #1045 ) ;
#12117 = EDGE_LOOP ( 'NONE', ( #10137, #5302, #2604, #1421 ) ) ;
#12118 =( NAMED_UNIT ( * ) PLANE_ANGLE_UNIT ( ) SI_UNIT ( $, .RADIAN. ) );
#12119 = CARTESIAN_POINT ( 'NONE',  ( -0.3850111271474130348, 2.151000000000000689, 0.2775391801131213976 ) ) ;
#12120 = CARTESIAN_POINT ( 'NONE',  ( -1.188166764367676267E-19, 2.151000000000000245, 0.000000000000000000 ) ) ;
#12121 = LINE ( 'NONE', #3715, #5370 ) ;
#12122 = ORIENTED_EDGE ( 'NONE', *, *, #2531, .F. ) ;
#12123 = VECTOR ( 'NONE', #4856, 999.9999999999998863 ) ;
#12124 = CARTESIAN_POINT ( 'NONE',  ( -0.8037541729023482961, 2.149999999999999911, -0.1958290067813817925 ) ) ;
#12125 = FACE_OUTER_BOUND ( 'NONE', #435, .T. ) ;
#12126 = CARTESIAN_POINT ( 'NONE',  ( 0.6114702059353005481, 2.151000000000000689, -0.1727164755469565993 ) ) ;
#12127 = UNCERTAINTY_MEASURE_WITH_UNIT (LENGTH_MEASURE( 1.000000000000000082E-05 ), #2122, 'distance_accuracy_value', 'NONE');
#12128 = ORIENTED_EDGE ( 'NONE', *, *, #712, .T. ) ;
#12129 = CARTESIAN_POINT ( 'NONE',  ( -0.09041529494550032409, 2.150000000000000355, 0.2593527695899005003 ) ) ;
#12130 = ADVANCED_FACE ( 'NONE', ( #1506 ), #6934, .T. ) ;
#12131 = ORIENTED_EDGE ( 'NONE', *, *, #6682, .F. ) ;
#12132 = CARTESIAN_POINT ( 'NONE',  ( -0.6280992883290097417, 2.149999999999999911, 0.1510410241179897528 ) ) ;
#12133 = FILL_AREA_STYLE_COLOUR ( '', #10463 ) ;
#12134 =( GEOMETRIC_REPRESENTATION_CONTEXT ( 3 ) GLOBAL_UNCERTAINTY_ASSIGNED_CONTEXT ( ( #12081 ) ) GLOBAL_UNIT_ASSIGNED_CONTEXT ( ( #1994, #9479, #2728 ) ) REPRESENTATION_CONTEXT ( 'NONE', 'WORKASPACE' ) );
#12135 = PLANE ( 'NONE',  #10791 ) ;
#12136 = B_SPLINE_CURVE_WITH_KNOTS ( 'NONE', 3,
 ( #740, #10232, #1838, #5509 ),
 .UNSPECIFIED., .F., .F.,
 ( 4, 4 ),
 ( 5.000000000000000000, 6.000000000000000000 ),
 .UNSPECIFIED. ) ;
#12137 = STYLED_ITEM ( 'NONE', ( #737 ), #10207 ) ;
#12138 =( LENGTH_UNIT ( ) NAMED_UNIT ( * ) SI_UNIT ( .MILLI., .METRE. ) );
#12139 = LINE ( 'NONE', #2842, #2770 ) ;
#12140 = PRESENTATION_LAYER_ASSIGNMENT (  '', '', ( #10208 ) ) ;
#12141 = CARTESIAN_POINT ( 'NONE',  ( 0.5700298596376437432, 2.150000000000000355, -0.2424194488938677117 ) ) ;
#12142 =( LENGTH_UNIT ( ) NAMED_UNIT ( * ) SI_UNIT ( .MILLI., .METRE. ) );
#12143 = COLOUR_RGB ( '',1.000000000000000000, 1.000000000000000000, 1.000000000000000000 ) ;
#12144 = CARTESIAN_POINT ( 'NONE',  ( -0.1521384168749578825, 2.150000000000000355, -0.2154344840441428932 ) ) ;
#12145 = ADVANCED_FACE ( 'NONE', ( #8031 ), #5094, .F. ) ;
#12146 = SURFACE_SIDE_STYLE ('',( #1935 ) ) ;
#12147 = CARTESIAN_POINT ( 'NONE',  ( -0.3241358466668658456, 2.150000000000000355, -0.3009808390072817308 ) ) ;
#12148 = DIRECTION ( 'NONE',  ( -0.000000000000000000, -1.000000000000000000, -0.000000000000000000 ) ) ;
#12149 = CARTESIAN_POINT ( 'NONE',  ( -0.2680511645167065748, 2.151000000000000689, -0.3139962808861923027 ) ) ;
#12150 = ORIENTED_EDGE ( 'NONE', *, *, #5919, .T. ) ;
#12151 =( LENGTH_UNIT ( ) NAMED_UNIT ( * ) SI_UNIT ( .MILLI., .METRE. ) );
#12152 = CARTESIAN_POINT ( 'NONE',  ( -0.3530814033311270306, 2.151000000000000689, 0.2543704956092782132 ) ) ;
#12153 = CARTESIAN_POINT ( 'NONE',  ( -0.5779458089475173477, 2.150000000000000355, -0.2498559408444721019 ) ) ;
#12154 = LINE ( 'NONE', #2614, #5458 ) ;
#12155 = AXIS2_PLACEMENT_3D ( 'NONE', #9170, #4552, #3675 ) ;
#12156 = CARTESIAN_POINT ( 'NONE',  ( 0.6118086270373731539, 2.150000000000000355, -0.2204327858977469246 ) ) ;
#12157 = VERTEX_POINT ( 'NONE', #3236 ) ;
#12158 = SURFACE_STYLE_FILL_AREA ( #6609 ) ;
#12159 = ORIENTED_EDGE ( 'NONE', *, *, #6690, .T. ) ;
#12160 = FILL_AREA_STYLE ('',( #3053 ) ) ;
#12161 = ORIENTED_EDGE ( 'NONE', *, *, #9956, .T. ) ;
#12162 = FILL_AREA_STYLE ('',( #8418 ) ) ;
#12163 = EDGE_CURVE ( 'NONE', #5744, #6826, #8903, .T. ) ;
#12164 = VECTOR ( 'NONE', #8943, 1000.000000000000000 ) ;
#12165 = CARTESIAN_POINT ( 'NONE',  ( 0.9069978902406599097, 2.151000000000000689, -0.04481634617913134166 ) ) ;
#12167 = ORIENTED_EDGE ( 'NONE', *, *, #7920, .T. ) ;
#12166 = PRESENTATION_LAYER_ASSIGNMENT (  '', '', ( #10622 ) ) ;
#12168 = SURFACE_SIDE_STYLE ('',( #5678 ) ) ;
#12169 = DIRECTION ( 'NONE',  ( 0.007092178509965372211, 0.000000000000000000, -0.9999748501857348426 ) ) ;
#12170 = ORIENTED_EDGE ( 'NONE', *, *, #6680, .F. ) ;
#12171 = FILL_AREA_STYLE_COLOUR ( '', #3574 ) ;
#12172 = CARTESIAN_POINT ( 'NONE',  ( -0.5793881924429503671, 2.150000000000000355, -0.04648440729807277322 ) ) ;
#12173 = STYLED_ITEM ( 'NONE', ( #3861 ), #3021 ) ;
#12174 = SURFACE_STYLE_FILL_AREA ( #2937 ) ;
#12175 = MECHANICAL_DESIGN_GEOMETRIC_PRESENTATION_REPRESENTATION (  '', ( #2929 ), #4732 ) ;
#12176 = COLOUR_RGB ( '',1.000000000000000000, 1.000000000000000000, 1.000000000000000000 ) ;
#12177 = SURFACE_STYLE_FILL_AREA ( #7572 ) ;
#12178 = CARTESIAN_POINT ( 'NONE',  ( -0.2052835327084573114, 2.150000000000000355, 0.2554187308540485368 ) ) ;
#12179 = CARTESIAN_POINT ( 'NONE',  ( 0.1316323761467816933, 2.151000000000000689, -0.04144159567560272428 ) ) ;
#12180 = CARTESIAN_POINT ( 'NONE',  ( -0.01104944699464593776, 2.151000000000000689, 0.1011406335244480204 ) ) ;
#12181 = VERTEX_POINT ( 'NONE', #12076 ) ;
#12182 = STYLED_ITEM ( 'NONE', ( #281 ), #6106 ) ;
#12183 = CARTESIAN_POINT ( 'NONE',  ( -0.1521384168749586041, 2.151000000000000689, -0.2154344840441428377 ) ) ;
#12184 = PLANE ( 'NONE',  #133 ) ;
#12185 = ORIENTED_EDGE ( 'NONE', *, *, #7022, .T. ) ;
ENDSEC;
END-ISO-10303-21;
