ISO-10303-21;
HEADER;
FILE_DESCRIPTION (( 'STEP AP214' ),
    '1' );
FILE_NAME ('S5971.STEP',
    '2020-04-27T16:46:38',
    ( '' ),
    ( '' ),
    'SwSTEP 2.0',
    'SolidWorks 2017',
    '' );
FILE_SCHEMA (( 'AUTOMOTIVE_DESIGN' ));
ENDSEC;

DATA;
#1 = CARTESIAN_POINT ( 'NONE',  ( 0.0000000000000000000, 0.0000000000000000000, 0.0000000000000000000 ) ) ;
#2 = DIRECTION ( 'NONE',  ( 0.0000000000000000000, 1.000000000000000000, -0.0000000000000000000 ) ) ;
#3 = DIRECTION ( 'NONE',  ( -0.7071067811865461300, 0.0000000000000000000, -0.7071067811865489100 ) ) ;
#4 = DIRECTION ( 'NONE',  ( 0.0000000000000000000, 0.0000000000000000000, 1.000000000000000000 ) ) ;
#5 = CARTESIAN_POINT ( 'NONE',  ( 0.0000000000000000000, 0.0000000000000000000, 0.0000000000000000000 ) ) ;
#6 = DIRECTION ( 'NONE',  ( -0.0000000000000000000, 1.000000000000000000, -0.0000000000000000000 ) ) ;
#7 = VERTEX_POINT ( 'NONE', #498 ) ;
#8 = VECTOR ( 'NONE', #68, 1000.000000000000000 ) ;
#9 = CIRCLE ( 'NONE', #1415, 1.500000000000000200 ) ;
#10 = CIRCLE ( 'NONE', #218, 0.3175000000000001200 ) ;
#11 = VECTOR ( 'NONE', #479, 1000.000000000000000 ) ;
#12 = AXIS2_PLACEMENT_3D ( 'NONE', #126, #2, #999 ) ;
#13 = AXIS2_PLACEMENT_3D ( 'NONE', #440, #1018, #1266 ) ;
#14 = DIRECTION ( 'NONE',  ( 0.0000000000000000000, 1.000000000000000000, 0.0000000000000000000 ) ) ;
#15 = FILL_AREA_STYLE ('',( #908 ) ) ;
#16 = ORIENTED_EDGE ( 'NONE', *, *, #343, .F. ) ;
#17 = CARTESIAN_POINT ( 'NONE',  ( 0.0000000000000000000, 3.600000000000000100, 1.700000000000000400 ) ) ;
#18 = CLOSED_SHELL ( 'NONE', ( #1318, #1448, #393, #510 ) ) ;
#19 = DIRECTION ( 'NONE',  ( 0.0000000000000000000, -1.000000000000000000, 0.0000000000000000000 ) ) ;
#20 = SURFACE_SIDE_STYLE ('',( #1431 ) ) ;
#21 = EDGE_CURVE ( 'NONE', #632, #1206, #884, .T. ) ;
#22 = CARTESIAN_POINT ( 'NONE',  ( 1.270000000000023100, 0.2999999999999999900, 0.0000000000000000000 ) ) ;
#23 = DIRECTION ( 'NONE',  ( 0.0000000000000000000, -1.000000000000000000, 0.0000000000000000000 ) ) ;
#24 = AXIS2_PLACEMENT_3D ( 'NONE', #1228, #624, #743 ) ;
#25 = EDGE_CURVE ( 'NONE', #141, #927, #839, .T. ) ;
#26 = DIRECTION ( 'NONE',  ( 1.000000000000000000, 0.0000000000000000000, 1.224646799147353200E-016 ) ) ;
#27 = EDGE_LOOP ( 'NONE', ( #1383, #1090, #693, #607 ) ) ;
#28 =( NAMED_UNIT ( * ) PLANE_ANGLE_UNIT ( ) SI_UNIT ( $, .RADIAN. ) );
#29 = VECTOR ( 'NONE', #209, 1000.000000000000000 ) ;
#30 = CYLINDRICAL_SURFACE ( 'NONE', #1168, 0.2249999999999999500 ) ;
#31 = AXIS2_PLACEMENT_3D ( 'NONE', #711, #710, #1185 ) ;
#32 = ORIENTED_EDGE ( 'NONE', *, *, #252, .F. ) ;
#33 = CARTESIAN_POINT ( 'NONE',  ( 2.877919977996279800E-016, 0.2999999999999999900, 2.350000000000000100 ) ) ;
#34 = ORIENTED_EDGE ( 'NONE', *, *, #539, .T. ) ;
#35 = EDGE_CURVE ( 'NONE', #1022, #57, #592, .T. ) ;
#36 = DIRECTION ( 'NONE',  ( 0.0000000000000000000, 1.000000000000000000, -0.0000000000000000000 ) ) ;
#37 = DIRECTION ( 'NONE',  ( 0.0000000000000000000, 0.0000000000000000000, 1.000000000000000000 ) ) ;
#38 = EDGE_CURVE ( 'NONE', #394, #1392, #182, .T. ) ;
#39 = CARTESIAN_POINT ( 'NONE',  ( 1.270000000000023100, 0.0000000000000000000, 0.3175000000000001200 ) ) ;
#40 = ORIENTED_EDGE ( 'NONE', *, *, #262, .T. ) ;
#41 = CYLINDRICAL_SURFACE ( 'NONE', #444, 0.2249999999999999500 ) ;
#42 = COLOUR_RGB ( '',1.000000000000000000, 0.8117647058823529400, 0.5019607843137254800 ) ;
#43 = CIRCLE ( 'NONE', #115, 1.500000000000000200 ) ;
#44 = MANIFOLD_SOLID_BREP ( 'Housing', #752 ) ;
#45 = CIRCLE ( 'NONE', #194, 0.2249999999999999500 ) ;
#46 = EDGE_CURVE ( 'NONE', #1163, #1476, #269, .T. ) ;
#47 = CARTESIAN_POINT ( 'NONE',  ( 0.0000000000000000000, 0.2999999999999999900, 0.0000000000000000000 ) ) ;
#48 = PRESENTATION_LAYER_ASSIGNMENT (  '', '', ( #635 ) ) ;
#49 = AXIS2_PLACEMENT_3D ( 'NONE', #1119, #1016, #330 ) ;
#50 = VERTEX_POINT ( 'NONE', #160 ) ;
#51 = CARTESIAN_POINT ( 'NONE',  ( 0.0000000000000000000, 3.399999999999999900, 0.0000000000000000000 ) ) ;
#52 = CIRCLE ( 'NONE', #1380, 1.950000000000000200 ) ;
#53 = CARTESIAN_POINT ( 'NONE',  ( 0.0000000000000000000, 0.2999999999999999900, 0.0000000000000000000 ) ) ;
#54 = AXIS2_PLACEMENT_3D ( 'NONE', #1028, #1145, #1270 ) ;
#55 = DIRECTION ( 'NONE',  ( 0.0000000000000000000, 0.0000000000000000000, -1.000000000000000000 ) ) ;
#56 = VERTEX_POINT ( 'NONE', #39 ) ;
#57 = VERTEX_POINT ( 'NONE', #256 ) ;
#58 = PLANE ( 'NONE',  #1456 ) ;
#59 = CYLINDRICAL_SURFACE ( 'NONE', #1089, 0.2249999999999998700 ) ;
#60 = CARTESIAN_POINT ( 'NONE',  ( 0.0000000000000000000, 0.2999999999999999900, 0.0000000000000000000 ) ) ;
#61 = CARTESIAN_POINT ( 'NONE',  ( 1.270000000000022900, -13.00000000000000000, 0.2249999999999998700 ) ) ;
#62 = ORIENTED_EDGE ( 'NONE', *, *, #1447, .T. ) ;
#63 = CARTESIAN_POINT ( 'NONE',  ( 1.270000000000023100, 0.2999999999999999900, 0.0000000000000000000 ) ) ;
#64 = EDGE_CURVE ( 'NONE', #587, #1265, #1253, .T. ) ;
#65 = ORIENTED_EDGE ( 'NONE', *, *, #175, .T. ) ;
#66 = DIRECTION ( 'NONE',  ( 0.0000000000000000000, 1.000000000000000000, -0.0000000000000000000 ) ) ;
#67 = ADVANCED_FACE ( 'NONE', ( #348 ), #1173, .T. ) ;
#68 = DIRECTION ( 'NONE',  ( -0.0000000000000000000, -1.000000000000000000, -0.0000000000000000000 ) ) ;
#69 = VECTOR ( 'NONE', #951, 1000.000000000000000 ) ;
#70 = DIRECTION ( 'NONE',  ( -0.0000000000000000000, -1.000000000000000000, -0.0000000000000000000 ) ) ;
#71 = AXIS2_PLACEMENT_3D ( 'NONE', #772, #201, #448 ) ;
#72 = ORIENTED_EDGE ( 'NONE', *, *, #1366, .F. ) ;
#73 = ADVANCED_FACE ( 'NONE', ( #987 ), #1093, .T. ) ;
#74 = DIRECTION ( 'NONE',  ( -0.0000000000000000000, 1.000000000000000000, -0.0000000000000000000 ) ) ;
#75 = CARTESIAN_POINT ( 'NONE',  ( -2.669328098979213000, 1.876168479503616200, -2.138998013089310900 ) ) ;
#76 = FACE_OUTER_BOUND ( 'NONE', #1316, .T. ) ;
#77 = CIRCLE ( 'NONE', #595, 0.5000000000000001100 ) ;
#78 = CARTESIAN_POINT ( 'NONE',  ( 1.270000000000023100, 0.2999999999999999900, 0.0000000000000000000 ) ) ;
#79 = SURFACE_STYLE_USAGE ( .BOTH. , #748 ) ;
#80 = ADVANCED_FACE ( 'NONE', ( #680 ), #1232, .T. ) ;
#81 = AXIS2_PLACEMENT_3D ( 'NONE', #1465, #985, #306 ) ;
#82 = ORIENTED_EDGE ( 'NONE', *, *, #21, .T. ) ;
#83 =( GEOMETRIC_REPRESENTATION_CONTEXT ( 3 ) GLOBAL_UNCERTAINTY_ASSIGNED_CONTEXT ( ( #1461 ) ) GLOBAL_UNIT_ASSIGNED_CONTEXT ( ( #1165, #864, #1148 ) ) REPRESENTATION_CONTEXT ( 'NONE', 'WORKASPACE' ) );
#84 = EDGE_LOOP ( 'NONE', ( #960, #1464, #278, #1116 ) ) ;
#85 = DIRECTION ( 'NONE',  ( -0.0000000000000000000, -1.000000000000000000, -0.0000000000000000000 ) ) ;
#86 = DIRECTION ( 'NONE',  ( 0.0000000000000000000, 0.0000000000000000000, -1.000000000000000000 ) ) ;
#87 = ADVANCED_FACE ( 'NONE', ( #233 ), #58, .F. ) ;
#88 = PRESENTATION_STYLE_ASSIGNMENT (( #1006 ) ) ;
#89 = DIRECTION ( 'NONE',  ( -0.0000000000000000000, 1.000000000000000000, -0.0000000000000000000 ) ) ;
#90 = APPLICATION_CONTEXT ( 'automotive_design' ) ;
#91 = ORIENTED_EDGE ( 'NONE', *, *, #279, .T. ) ;
#92 = ORIENTED_EDGE ( 'NONE', *, *, #1158, .F. ) ;
#93 = AXIS2_PLACEMENT_3D ( 'NONE', #630, #183, #1343 ) ;
#94 = EDGE_CURVE ( 'NONE', #1392, #394, #1304, .T. ) ;
#95 = CIRCLE ( 'NONE', #797, 2.350000000000000100 ) ;
#96 = CYLINDRICAL_SURFACE ( 'NONE', #723, 2.350000000000000100 ) ;
#97 = CARTESIAN_POINT ( 'NONE',  ( 1.836970198721030200E-016, 3.399999999999999900, 1.500000000000000200 ) ) ;
#98 = ORIENTED_EDGE ( 'NONE', *, *, #798, .F. ) ;
#99 = CARTESIAN_POINT ( 'NONE',  ( 2.877919977996279800E-016, 0.0000000000000000000, 2.350000000000000100 ) ) ;
#100 = ORIENTED_EDGE ( 'NONE', *, *, #35, .F. ) ;
#101 = MECHANICAL_DESIGN_GEOMETRIC_PRESENTATION_REPRESENTATION (  '', ( #351 ), #83 ) ;
#102 = DIRECTION ( 'NONE',  ( 0.0000000000000000000, -0.0000000000000000000, 1.000000000000000000 ) ) ;
#103 = DIRECTION ( 'NONE',  ( 0.0000000000000000000, 1.000000000000000000, 0.0000000000000000000 ) ) ;
#104 = CARTESIAN_POINT ( 'NONE',  ( 0.0000000000000000000, 3.799999999999999800, 0.0000000000000000000 ) ) ;
#105 = VERTEX_POINT ( 'NONE', #658 ) ;
#106 = FILL_AREA_STYLE ('',( #454 ) ) ;
#107 = CARTESIAN_POINT ( 'NONE',  ( -1.270000000000000000, 0.0000000000000000000, -0.5000000000000001100 ) ) ;
#108 = LINE ( 'NONE', #657, #1202 ) ;
#109 = EDGE_CURVE ( 'NONE', #738, #1442, #52, .T. ) ;
#110 = CARTESIAN_POINT ( 'NONE',  ( 1.270000000000023100, 0.0000000000000000000, 0.3175000000000001200 ) ) ;
#111 = CARTESIAN_POINT ( 'NONE',  ( 2.877919977996279300E-016, 3.399999999999999900, 2.350000000000000100 ) ) ;
#112 = VERTEX_POINT ( 'NONE', #564 ) ;
#113 = EDGE_CURVE ( 'NONE', #691, #1022, #1450, .T. ) ;
#114 = ORIENTED_EDGE ( 'NONE', *, *, #1027, .F. ) ;
#115 = AXIS2_PLACEMENT_3D ( 'NONE', #557, #103, #437 ) ;
#116 = MECHANICAL_DESIGN_GEOMETRIC_PRESENTATION_REPRESENTATION (  '', ( #636 ), #931 ) ;
#117 =( LENGTH_UNIT ( ) NAMED_UNIT ( * ) SI_UNIT ( .MILLI., .METRE. ) );
#118 = DIRECTION ( 'NONE',  ( 0.0000000000000000000, -1.000000000000000000, 0.0000000000000000000 ) ) ;
#119 = EDGE_LOOP ( 'NONE', ( #1085, #1263 ) ) ;
#120 = ORIENTED_EDGE ( 'NONE', *, *, #1074, .F. ) ;
#121 = FACE_OUTER_BOUND ( 'NONE', #1308, .T. ) ;
#122 = LINE ( 'NONE', #1102, #317 ) ;
#123 = LINE ( 'NONE', #33, #11 ) ;
#124 = AXIS2_PLACEMENT_3D ( 'NONE', #128, #238, #582 ) ;
#125 = CARTESIAN_POINT ( 'NONE',  ( 0.0000000000000000000, 0.2999999999999999900, -2.350000000000000100 ) ) ;
#126 = CARTESIAN_POINT ( 'NONE',  ( 1.270000000000023100, 0.2999999999999999900, 0.0000000000000000000 ) ) ;
#127 = ORIENTED_EDGE ( 'NONE', *, *, #64, .T. ) ;
#128 = CARTESIAN_POINT ( 'NONE',  ( 0.0000000000000000000, 0.4000000000000000200, 0.0000000000000000000 ) ) ;
#129 = ORIENTED_EDGE ( 'NONE', *, *, #1074, .T. ) ;
#130 = EDGE_LOOP ( 'NONE', ( #533, #480, #1314, #1104 ) ) ;
#131 = EDGE_CURVE ( 'NONE', #7, #820, #1135, .T. ) ;
#132 = CIRCLE ( 'NONE', #571, 1.500000000000000200 ) ;
#133 = CYLINDRICAL_SURFACE ( 'NONE', #529, 2.699999999999999700 ) ;
#134 = SURFACE_SIDE_STYLE ('',( #418 ) ) ;
#135 = VECTOR ( 'NONE', #197, 1000.000000000000000 ) ;
#136 = DIRECTION ( 'NONE',  ( -0.0000000000000000000, -1.000000000000000000, 0.0000000000000000000 ) ) ;
#137 = AXIS2_PLACEMENT_3D ( 'NONE', #22, #578, #1389 ) ;
#138 = AXIS2_PLACEMENT_3D ( 'NONE', #919, #118, #917 ) ;
#139 = MANIFOLD_SOLID_BREP ( 'Pin 3', #18 ) ;
#140 = EDGE_LOOP ( 'NONE', ( #913, #458, #1047, #1394 ) ) ;
#141 = VERTEX_POINT ( 'NONE', #111 ) ;
#142 = DIRECTION ( 'NONE',  ( 0.0000000000000000000, -0.0000000000000000000, 1.000000000000000000 ) ) ;
#143 = ORIENTED_EDGE ( 'NONE', *, *, #406, .T. ) ;
#144 = DIRECTION ( 'NONE',  ( 1.224646799147353200E-016, 0.0000000000000000000, -1.000000000000000000 ) ) ;
#145 = DIRECTION ( 'NONE',  ( 0.0000000000000000000, 0.0000000000000000000, 1.000000000000000000 ) ) ;
#146 = DIRECTION ( 'NONE',  ( 0.0000000000000000000, 0.0000000000000000000, 1.000000000000000000 ) ) ;
#147 = ORIENTED_EDGE ( 'NONE', *, *, #841, .T. ) ;
#148 = DIRECTION ( 'NONE',  ( 0.0000000000000000000, 1.000000000000000000, -0.0000000000000000000 ) ) ;
#149 = VERTEX_POINT ( 'NONE', #792 ) ;
#150 = FACE_OUTER_BOUND ( 'NONE', #1354, .T. ) ;
#151 = FACE_OUTER_BOUND ( 'NONE', #897, .T. ) ;
#152 = CYLINDRICAL_SURFACE ( 'NONE', #1192, 2.350000000000000100 ) ;
#153 = EDGE_CURVE ( 'NONE', #331, #705, #1113, .T. ) ;
#154 = DIRECTION ( 'NONE',  ( 0.0000000000000000000, 1.000000000000000000, -0.0000000000000000000 ) ) ;
#155 = AXIS2_PLACEMENT_3D ( 'NONE', #484, #36, #823 ) ;
#156 = ORIENTED_EDGE ( 'NONE', *, *, #707, .T. ) ;
#157 = EDGE_CURVE ( 'NONE', #1324, #149, #450, .T. ) ;
#158 = ORIENTED_EDGE ( 'NONE', *, *, #588, .T. ) ;
#159 = ADVANCED_FACE ( 'NONE', ( #328 ), #524, .T. ) ;
#160 = CARTESIAN_POINT ( 'NONE',  ( -1.625519356948370800, 0.3999999999999999700, -2.155849442838287700 ) ) ;
#161 = VERTEX_POINT ( 'NONE', #1021 ) ;
#162 = CARTESIAN_POINT ( 'NONE',  ( 0.0000000000000000000, 0.2999999999999999900, 0.0000000000000000000 ) ) ;
#163 = FACE_OUTER_BOUND ( 'NONE', #1276, .T. ) ;
#164 = CARTESIAN_POINT ( 'NONE',  ( 1.270000000000022900, 0.0000000000000000000, 0.2249999999999998700 ) ) ;
#165 = AXIS2_PLACEMENT_3D ( 'NONE', #1217, #74, #739 ) ;
#166 = CARTESIAN_POINT ( 'NONE',  ( 1.091594087384859800E-014, 0.05000000000000000300, 0.7700000000000112300 ) ) ;
#167 = VERTEX_POINT ( 'NONE', #1478 ) ;
#168 = CIRCLE ( 'NONE', #940, 1.700000000000000400 ) ;
#169 = VECTOR ( 'NONE', #1004, 1000.000000000000100 ) ;
#170 = ADVANCED_FACE ( 'NONE', ( #482 ), #216, .T. ) ;
#171 = ADVANCED_FACE ( 'NONE', ( #253, #199 ), #911, .T. ) ;
#172 = EDGE_LOOP ( 'NONE', ( #1275, #779, #753, #1344 ) ) ;
#173 = DIRECTION ( 'NONE',  ( 0.0000000000000000000, 0.0000000000000000000, -1.000000000000000000 ) ) ;
#174 = CLOSED_SHELL ( 'NONE', ( #520, #424, #629, #413 ) ) ;
#175 = EDGE_CURVE ( 'NONE', #587, #421, #502, .T. ) ;
#176 = ORIENTED_EDGE ( 'NONE', *, *, #1211, .T. ) ;
#177 =( NAMED_UNIT ( * ) SI_UNIT ( $, .STERADIAN. ) SOLID_ANGLE_UNIT ( ) );
#178 = ADVANCED_FACE ( 'NONE', ( #163 ), #898, .T. ) ;
#179 = EDGE_CURVE ( 'NONE', #641, #50, #808, .T. ) ;
#180 = CARTESIAN_POINT ( 'NONE',  ( 0.0000000000000000000, 0.0000000000000000000, 0.0000000000000000000 ) ) ;
#181 = CARTESIAN_POINT ( 'NONE',  ( -1.270000000000000000, 0.05000000000000002400, 0.0000000000000000000 ) ) ;
#182 = CIRCLE ( 'NONE', #775, 0.2249999999999998700 ) ;
#183 = DIRECTION ( 'NONE',  ( 0.0000000000000000000, 1.000000000000000000, -0.0000000000000000000 ) ) ;
#184 =( GEOMETRIC_REPRESENTATION_CONTEXT ( 3 ) GLOBAL_UNCERTAINTY_ASSIGNED_CONTEXT ( ( #803 ) ) GLOBAL_UNIT_ASSIGNED_CONTEXT ( ( #525, #989, #177 ) ) REPRESENTATION_CONTEXT ( 'NONE', 'WORKASPACE' ) );
#185 = AXIS2_PLACEMENT_3D ( 'NONE', #1250, #553, #664 ) ;
#186 = CYLINDRICAL_SURFACE ( 'NONE', #670, 0.3175000000000001200 ) ;
#187 = VERTEX_POINT ( 'NONE', #1390 ) ;
#188 = CARTESIAN_POINT ( 'NONE',  ( 1.836970198721030200E-016, 3.399999999999999900, -1.500000000000000200 ) ) ;
#189 = VECTOR ( 'NONE', #315, 1000.000000000000000 ) ;
#190 = CIRCLE ( 'NONE', #1260, 0.2249999999999999500 ) ;
#191 = ORIENTED_EDGE ( 'NONE', *, *, #713, .T. ) ;
#192 = DIRECTION ( 'NONE',  ( 0.0000000000000000000, -0.0000000000000000000, 1.000000000000000000 ) ) ;
#193 = ORIENTED_EDGE ( 'NONE', *, *, #1274, .F. ) ;
#194 = AXIS2_PLACEMENT_3D ( 'NONE', #1400, #474, #1288 ) ;
#195 = ADVANCED_FACE ( 'NONE', ( #1396 ), #353, .T. ) ;
#196 = ORIENTED_EDGE ( 'NONE', *, *, #64, .F. ) ;
#197 = DIRECTION ( 'NONE',  ( -0.7071067811865465700, 0.0000000000000000000, -0.7071067811865484600 ) ) ;
#198 = CARTESIAN_POINT ( 'NONE',  ( 1.270000000000023100, 0.0000000000000000000, -0.3175000000000001200 ) ) ;
#199 = FACE_OUTER_BOUND ( 'NONE', #382, .T. ) ;
#200 = CARTESIAN_POINT ( 'NONE',  ( -1.270000000000000000, 0.05000000000000000300, 0.0000000000000000000 ) ) ;
#201 = DIRECTION ( 'NONE',  ( 0.0000000000000000000, 1.000000000000000000, -0.0000000000000000000 ) ) ;
#202 = EDGE_CURVE ( 'NONE', #1172, #1236, #902, .T. ) ;
#203 = CIRCLE ( 'NONE', #1337, 1.950000000000000200 ) ;
#204 = LINE ( 'NONE', #906, #370 ) ;
#205 = DIRECTION ( 'NONE',  ( -0.0000000000000000000, -1.000000000000000000, -0.0000000000000000000 ) ) ;
#206 = CARTESIAN_POINT ( 'NONE',  ( 0.0000000000000000000, 3.399999999999999900, -2.350000000000000100 ) ) ;
#207 = ORIENTED_EDGE ( 'NONE', *, *, #728, .T. ) ;
#208 = DIRECTION ( 'NONE',  ( 0.0000000000000000000, 0.0000000000000000000, 1.000000000000000000 ) ) ;
#209 = DIRECTION ( 'NONE',  ( -0.0000000000000000000, -1.000000000000000000, -0.0000000000000000000 ) ) ;
#210 = EDGE_LOOP ( 'NONE', ( #574, #191, #935, #505 ) ) ;
#211 = CARTESIAN_POINT ( 'NONE',  ( 0.0000000000000000000, 3.399999999999999900, 1.500000000000000200 ) ) ;
#212 = ORIENTED_EDGE ( 'NONE', *, *, #157, .T. ) ;
#213 = EDGE_CURVE ( 'NONE', #705, #927, #1075, .T. ) ;
#214 = DIRECTION ( 'NONE',  ( -0.0000000000000000000, -1.000000000000000000, -0.0000000000000000000 ) ) ;
#215 = DIRECTION ( 'NONE',  ( -0.0000000000000000000, -1.000000000000000000, -0.0000000000000000000 ) ) ;
#216 = CYLINDRICAL_SURFACE ( 'NONE', #1336, 1.500000000000000200 ) ;
#217 = DIRECTION ( 'NONE',  ( 0.0000000000000000000, 0.0000000000000000000, 1.000000000000000000 ) ) ;
#218 = AXIS2_PLACEMENT_3D ( 'NONE', #1229, #1123, #756 ) ;
#219 = AXIS2_PLACEMENT_3D ( 'NONE', #289, #1439, #747 ) ;
#220 = CIRCLE ( 'NONE', #888, 0.2249999999999999500 ) ;
#221 = FACE_OUTER_BOUND ( 'NONE', #1429, .T. ) ;
#222 = CYLINDRICAL_SURFACE ( 'NONE', #24, 0.2249999999999998700 ) ;
#223 = CARTESIAN_POINT ( 'NONE',  ( 0.0000000000000000000, 0.2999999999999999900, -2.350000000000000100 ) ) ;
#224 = CARTESIAN_POINT ( 'NONE',  ( 0.2651650429449555800, 0.3999999999999999700, -0.2651650429449546300 ) ) ;
#225 = EDGE_LOOP ( 'NONE', ( #1109, #1215, #1413, #912 ) ) ;
#226 = ORIENTED_EDGE ( 'NONE', *, *, #731, .F. ) ;
#227 = EDGE_CURVE ( 'NONE', #1227, #894, #1153, .T. ) ;
#228 = SURFACE_STYLE_USAGE ( .BOTH. , #1475 ) ;
#229 = ORIENTED_EDGE ( 'NONE', *, *, #1424, .T. ) ;
#230 = AXIS2_PLACEMENT_3D ( 'NONE', #434, #14, #787 ) ;
#231 = EDGE_CURVE ( 'NONE', #247, #1227, #1181, .T. ) ;
#232 = CARTESIAN_POINT ( 'NONE',  ( -1.270000000000000000, 0.05000000000000000300, 0.0000000000000000000 ) ) ;
#233 = FACE_OUTER_BOUND ( 'NONE', #235, .T. ) ;
#234 = VERTEX_POINT ( 'NONE', #1356 ) ;
#235 = EDGE_LOOP ( 'NONE', ( #579, #1235 ) ) ;
#236 = DIRECTION ( 'NONE',  ( 0.0000000000000000000, 0.0000000000000000000, -1.000000000000000000 ) ) ;
#237 = LINE ( 'NONE', #164, #294 ) ;
#238 = DIRECTION ( 'NONE',  ( -0.0000000000000000000, -1.000000000000000000, -0.0000000000000000000 ) ) ;
#239 = CYLINDRICAL_SURFACE ( 'NONE', #124, 2.699999999999999700 ) ;
#240 = AXIS2_PLACEMENT_3D ( 'NONE', #800, #459, #1279 ) ;
#241 = CIRCLE ( 'NONE', #556, 0.2249999999999999500 ) ;
#242 = CARTESIAN_POINT ( 'NONE',  ( 2.081899558550500800E-016, 3.600000000000000100, -1.700000000000000400 ) ) ;
#243 = CARTESIAN_POINT ( 'NONE',  ( 2.877919977996279800E-016, 0.2999999999999999900, 2.350000000000000100 ) ) ;
#244 = CLOSED_SHELL ( 'NONE', ( #170, #975, #304, #87 ) ) ;
#245 = DIRECTION ( 'NONE',  ( 0.0000000000000000000, 0.0000000000000000000, 1.000000000000000000 ) ) ;
#246 = DIRECTION ( 'NONE',  ( 0.0000000000000000000, 1.000000000000000000, -0.0000000000000000000 ) ) ;
#247 = VERTEX_POINT ( 'NONE', #639 ) ;
#248 = VERTEX_POINT ( 'NONE', #892 ) ;
#249 = PRESENTATION_LAYER_ASSIGNMENT (  '', '', ( #671 ) ) ;
#250 = DIRECTION ( 'NONE',  ( 0.0000000000000000000, 0.0000000000000000000, 1.000000000000000000 ) ) ;
#251 = DIRECTION ( 'NONE',  ( 0.0000000000000000000, 0.0000000000000000000, 1.000000000000000000 ) ) ;
#252 = EDGE_CURVE ( 'NONE', #894, #1405, #735, .T. ) ;
#253 = FACE_BOUND ( 'NONE', #835, .T. ) ;
#254 = CARTESIAN_POINT ( 'NONE',  ( 1.270000000000023100, 0.2999999999999999900, 0.0000000000000000000 ) ) ;
#255 = PLANE ( 'NONE',  #375 ) ;
#256 = CARTESIAN_POINT ( 'NONE',  ( 1.836970198721030200E-016, 3.600000000000000100, -1.500000000000000200 ) ) ;
#257 = SURFACE_STYLE_FILL_AREA ( #650 ) ;
#258 = CIRCLE ( 'NONE', #1388, 0.3999999999999999700 ) ;
#259 = CARTESIAN_POINT ( 'NONE',  ( -1.270000000000000000, 0.05000000000000000300, 0.0000000000000000000 ) ) ;
#260 = DIRECTION ( 'NONE',  ( 0.0000000000000000000, 0.0000000000000000000, 1.000000000000000000 ) ) ;
#261 = AXIS2_PLACEMENT_3D ( 'NONE', #1143, #1267, #1030 ) ;
#262 = EDGE_CURVE ( 'NONE', #161, #263, #10, .T. ) ;
#263 = VERTEX_POINT ( 'NONE', #436 ) ;
#264 = DIRECTION ( 'NONE',  ( -0.0000000000000000000, -1.000000000000000000, -0.0000000000000000000 ) ) ;
#265 = ORIENTED_EDGE ( 'NONE', *, *, #895, .T. ) ;
#266 = CARTESIAN_POINT ( 'NONE',  ( 0.0000000000000000000, 0.0000000000000000000, 0.0000000000000000000 ) ) ;
#267 = ADVANCED_FACE ( 'NONE', ( #1079 ), #275, .F. ) ;
#268 = AXIS2_PLACEMENT_3D ( 'NONE', #1056, #605, #371 ) ;
#269 = CIRCLE ( 'NONE', #1408, 0.2249999999999998700 ) ;
#270 = ORIENTED_EDGE ( 'NONE', *, *, #561, .F. ) ;
#271 = VERTEX_POINT ( 'NONE', #97 ) ;
#272 = SURFACE_STYLE_FILL_AREA ( #400 ) ;
#273 = CYLINDRICAL_SURFACE ( 'NONE', #388, 2.350000000000000100 ) ;
#274 = VECTOR ( 'NONE', #358, 1000.000000000000000 ) ;
#275 = CYLINDRICAL_SURFACE ( 'NONE', #329, 0.5000000000000001100 ) ;
#276 = ADVANCED_FACE ( 'NONE', ( #1385 ), #491, .F. ) ;
#277 = CARTESIAN_POINT ( 'NONE',  ( 0.0000000000000000000, 3.799999999999999800, 1.950000000000000200 ) ) ;
#278 = ORIENTED_EDGE ( 'NONE', *, *, #690, .T. ) ;
#279 = EDGE_CURVE ( 'NONE', #247, #540, #1457, .T. ) ;
#280 = CARTESIAN_POINT ( 'NONE',  ( 0.0000000000000000000, 3.399999999999999900, 0.0000000000000000000 ) ) ;
#281 = ORIENTED_EDGE ( 'NONE', *, *, #588, .F. ) ;
#282 = ORIENTED_EDGE ( 'NONE', *, *, #202, .F. ) ;
#283 = CARTESIAN_POINT ( 'NONE',  ( 1.091594087384859800E-014, 0.05000000000000000300, 1.270000000000011300 ) ) ;
#284 =( NAMED_UNIT ( * ) SI_UNIT ( $, .STERADIAN. ) SOLID_ANGLE_UNIT ( ) );
#285 = SURFACE_STYLE_USAGE ( .BOTH. , #634 ) ;
#286 = AXIS2_PLACEMENT_3D ( 'NONE', #682, #916, #352 ) ;
#287 = AXIS2_PLACEMENT_3D ( 'NONE', #51, #246, #1051 ) ;
#288 = CARTESIAN_POINT ( 'NONE',  ( 0.0000000000000000000, 0.4000000000000001900, 0.0000000000000000000 ) ) ;
#289 = CARTESIAN_POINT ( 'NONE',  ( -0.2651650429449546900, 1.876168479503616200, 0.2651650429449539700 ) ) ;
#290 = CARTESIAN_POINT ( 'NONE',  ( -2.138998013089302500, 0.3999999999999999700, -2.669328098979220100 ) ) ;
#291 = ORIENTED_EDGE ( 'NONE', *, *, #411, .T. ) ;
#292 = ADVANCED_FACE ( 'NONE', ( #297 ), #996, .F. ) ;
#293 = MANIFOLD_SOLID_BREP ( 'Pin 1', #475 ) ;
#294 = VECTOR ( 'NONE', #948, 1000.000000000000000 ) ;
#295 = FACE_OUTER_BOUND ( 'NONE', #324, .T. ) ;
#296 = CARTESIAN_POINT ( 'NONE',  ( 0.0000000000000000000, 3.399999999999999900, 0.0000000000000000000 ) ) ;
#297 = FACE_OUTER_BOUND ( 'NONE', #684, .T. ) ;
#298 = VECTOR ( 'NONE', #472, 1000.000000000000000 ) ;
#299 = CARTESIAN_POINT ( 'NONE',  ( -1.270000000000000000, 0.05000000000000000300, 0.5000000000000001100 ) ) ;
#300 = PLANE ( 'NONE',  #949 ) ;
#301 = AXIS2_PLACEMENT_3D ( 'NONE', #716, #481, #55 ) ;
#302 = AXIS2_PLACEMENT_3D ( 'NONE', #254, #471, #145 ) ;
#303 = ORIENTED_EDGE ( 'NONE', *, *, #1447, .F. ) ;
#304 = ADVANCED_FACE ( 'NONE', ( #1121 ), #1245, .T. ) ;
#305 = ORIENTED_EDGE ( 'NONE', *, *, #1188, .F. ) ;
#306 = DIRECTION ( 'NONE',  ( 0.0000000000000000000, 0.0000000000000000000, 1.000000000000000000 ) ) ;
#307 = PRODUCT_CONTEXT ( 'NONE', #613, 'mechanical' ) ;
#308 = CARTESIAN_POINT ( 'NONE',  ( 0.0000000000000000000, 3.600000000000000100, 0.0000000000000000000 ) ) ;
#309 = PLANE ( 'NONE',  #621 ) ;
#310 = CARTESIAN_POINT ( 'NONE',  ( 1.091594087384859800E-014, -13.00000000000000000, 1.270000000000011300 ) ) ;
#311 = PRESENTATION_LAYER_ASSIGNMENT (  '', '', ( #1301 ) ) ;
#312 = EDGE_CURVE ( 'NONE', #50, #247, #544, .T. ) ;
#313 = ORIENTED_EDGE ( 'NONE', *, *, #789, .T. ) ;
#314 = ORIENTED_EDGE ( 'NONE', *, *, #968, .T. ) ;
#315 = DIRECTION ( 'NONE',  ( -0.0000000000000000000, -1.000000000000000000, -0.0000000000000000000 ) ) ;
#316 = PLANE ( 'NONE',  #522 ) ;
#317 = VECTOR ( 'NONE', #1335, 1000.000000000000000 ) ;
#318 = LINE ( 'NONE', #243, #29 ) ;
#319 = PRESENTATION_STYLE_ASSIGNMENT (( #749 ) ) ;
#320 = VERTEX_POINT ( 'NONE', #426 ) ;
#321 = PLANE ( 'NONE',  #1019 ) ;
#322 = DIRECTION ( 'NONE',  ( 0.0000000000000000000, 1.000000000000000000, -0.0000000000000000000 ) ) ;
#323 = AXIS2_PLACEMENT_3D ( 'NONE', #17, #794, #549 ) ;
#324 = EDGE_LOOP ( 'NONE', ( #391, #580, #460, #193 ) ) ;
#325 = CARTESIAN_POINT ( 'NONE',  ( 3.306546357697853200E-016, 0.4000000000000000200, 2.699999999999999700 ) ) ;
#326 = DIRECTION ( 'NONE',  ( 0.0000000000000000000, 0.0000000000000000000, 1.000000000000000000 ) ) ;
#327 = CARTESIAN_POINT ( 'NONE',  ( 0.0000000000000000000, 0.4000000000000000200, 0.0000000000000000000 ) ) ;
#328 = FACE_OUTER_BOUND ( 'NONE', #554, .T. ) ;
#329 = AXIS2_PLACEMENT_3D ( 'NONE', #1467, #992, #530 ) ;
#330 = DIRECTION ( 'NONE',  ( 0.0000000000000000000, 0.0000000000000000000, 1.000000000000000000 ) ) ;
#331 = VERTEX_POINT ( 'NONE', #206 ) ;
#332 = EDGE_CURVE ( 'NONE', #640, #57, #453, .T. ) ;
#333 = CIRCLE ( 'NONE', #489, 0.2249999999999998700 ) ;
#334 = FACE_OUTER_BOUND ( 'NONE', #871, .T. ) ;
#335 = FACE_OUTER_BOUND ( 'NONE', #515, .T. ) ;
#336 = CIRCLE ( 'NONE', #93, 0.3175000000000001200 ) ;
#337 = CARTESIAN_POINT ( 'NONE',  ( 1.270000000000023100, 0.0000000000000000000, 0.0000000000000000000 ) ) ;
#338 = DIRECTION ( 'NONE',  ( 0.0000000000000000000, 1.000000000000000000, -0.0000000000000000000 ) ) ;
#339 = VERTEX_POINT ( 'NONE', #419 ) ;
#340 = CARTESIAN_POINT ( 'NONE',  ( 0.0000000000000000000, 0.4000000000000000200, 0.0000000000000000000 ) ) ;
#341 = EDGE_LOOP ( 'NONE', ( #997, #548 ) ) ;
#342 = AXIS2_PLACEMENT_3D ( 'NONE', #296, #1454, #403 ) ;
#343 = EDGE_CURVE ( 'NONE', #56, #920, #1473, .T. ) ;
#344 = UNCERTAINTY_MEASURE_WITH_UNIT (LENGTH_MEASURE( 1.000000000000000100E-005 ), #117, 'distance_accuracy_value', 'NONE');
#345 = CARTESIAN_POINT ( 'NONE',  ( 0.0000000000000000000, 3.399999999999999900, 0.0000000000000000000 ) ) ;
#346 = CARTESIAN_POINT ( 'NONE',  ( 1.091594087384859800E-014, 0.0000000000000000000, 1.270000000000011300 ) ) ;
#347 = DIRECTION ( 'NONE',  ( 0.0000000000000000000, 0.0000000000000000000, 1.000000000000000000 ) ) ;
#348 = FACE_OUTER_BOUND ( 'NONE', #172, .T. ) ;
#349 = DIRECTION ( 'NONE',  ( 0.0000000000000000000, 1.000000000000000000, 0.0000000000000000000 ) ) ;
#350 = EDGE_LOOP ( 'NONE', ( #1342, #40, #143, #16 ) ) ;
#351 = STYLED_ITEM ( 'NONE', ( #733 ), #1373 ) ;
#352 = DIRECTION ( 'NONE',  ( 0.0000000000000000000, -0.0000000000000000000, -1.000000000000000000 ) ) ;
#353 = PLANE ( 'NONE',  #138 ) ;
#354 = ORIENTED_EDGE ( 'NONE', *, *, #113, .F. ) ;
#355 = CIRCLE ( 'NONE', #1273, 0.2249999999999998700 ) ;
#356 = CIRCLE ( 'NONE', #302, 0.3175000000000001200 ) ;
#357 = EDGE_LOOP ( 'NONE', ( #65, #1377, #844, #196 ) ) ;
#358 = DIRECTION ( 'NONE',  ( -0.0000000000000000000, -1.000000000000000000, -0.0000000000000000000 ) ) ;
#359 = ORIENTED_EDGE ( 'NONE', *, *, #814, .F. ) ;
#360 = CARTESIAN_POINT ( 'NONE',  ( 2.877919977996279300E-016, 0.4000000000000001900, 2.350000000000000100 ) ) ;
#361 = DIRECTION ( 'NONE',  ( -1.000000000000000000, 0.0000000000000000000, 0.0000000000000000000 ) ) ;
#362 = VERTEX_POINT ( 'NONE', #1107 ) ;
#363 = EDGE_CURVE ( 'NONE', #876, #497, #401, .T. ) ;
#364 = DIRECTION ( 'NONE',  ( 0.0000000000000000000, -1.000000000000000000, 0.0000000000000000000 ) ) ;
#365 = ORIENTED_EDGE ( 'NONE', *, *, #1244, .F. ) ;
#366 = FACE_OUTER_BOUND ( 'NONE', #27, .T. ) ;
#367 = CYLINDRICAL_SURFACE ( 'NONE', #13, 0.2249999999999998700 ) ;
#368 = AXIS2_PLACEMENT_3D ( 'NONE', #283, #1205, #953 ) ;
#369 = AXIS2_PLACEMENT_3D ( 'NONE', #1272, #23, #802 ) ;
#370 = VECTOR ( 'NONE', #447, 1000.000000000000000 ) ;
#371 = DIRECTION ( 'NONE',  ( -0.7071067811865463500, 0.0000000000000000000, -0.7071067811865487900 ) ) ;
#372 = ORIENTED_EDGE ( 'NONE', *, *, #332, .F. ) ;
#373 = ORIENTED_EDGE ( 'NONE', *, *, #731, .T. ) ;
#374 = DIRECTION ( 'NONE',  ( 0.0000000000000000000, 1.000000000000000000, -0.0000000000000000000 ) ) ;
#375 = AXIS2_PLACEMENT_3D ( 'NONE', #380, #486, #142 ) ;
#376 = PLANE ( 'NONE',  #31 ) ;
#377 = EDGE_LOOP ( 'NONE', ( #398, #661, #513, #1313 ) ) ;
#378 = CARTESIAN_POINT ( 'NONE',  ( -1.270000000000000000, 0.0000000000000000000, -0.2249999999999998700 ) ) ;
#379 = CARTESIAN_POINT ( 'NONE',  ( -1.270000000000000000, 0.0000000000000000000, 0.2249999999999998700 ) ) ;
#380 = CARTESIAN_POINT ( 'NONE',  ( 1.270000000000022900, -13.00000000000000000, 0.0000000000000000000 ) ) ;
#381 = UNCERTAINTY_MEASURE_WITH_UNIT (LENGTH_MEASURE( 1.000000000000000100E-005 ), #986, 'distance_accuracy_value', 'NONE');
#382 = EDGE_LOOP ( 'NONE', ( #392, #414 ) ) ;
#383 = ADVANCED_FACE ( 'NONE', ( #221 ), #309, .F. ) ;
#384 = EDGE_CURVE ( 'NONE', #1167, #819, #241, .T. ) ;
#385 = ORIENTED_EDGE ( 'NONE', *, *, #1269, .T. ) ;
#386 = CIRCLE ( 'NONE', #1114, 0.5000000000000001100 ) ;
#387 = DIRECTION ( 'NONE',  ( 0.0000000000000000000, -1.000000000000000000, 0.0000000000000000000 ) ) ;
#388 = AXIS2_PLACEMENT_3D ( 'NONE', #1241, #1470, #575 ) ;
#389 = EDGE_CURVE ( 'NONE', #234, #105, #1328, .T. ) ;
#390 = ORIENTED_EDGE ( 'NONE', *, *, #343, .T. ) ;
#391 = ORIENTED_EDGE ( 'NONE', *, *, #1211, .F. ) ;
#392 = ORIENTED_EDGE ( 'NONE', *, *, #109, .T. ) ;
#393 = ADVANCED_FACE ( 'NONE', ( #1440 ), #321, .F. ) ;
#394 = VERTEX_POINT ( 'NONE', #674 ) ;
#395 = DIRECTION ( 'NONE',  ( -0.0000000000000000000, -1.000000000000000000, -0.0000000000000000000 ) ) ;
#396 = ADVANCED_FACE ( 'NONE', ( #566 ), #813, .F. ) ;
#397 = DIRECTION ( 'NONE',  ( 0.0000000000000000000, 1.000000000000000000, 0.0000000000000000000 ) ) ;
#398 = ORIENTED_EDGE ( 'NONE', *, *, #1023, .F. ) ;
#399 = SHAPE_DEFINITION_REPRESENTATION ( #586, #1189 ) ;
#400 = FILL_AREA_STYLE ('',( #734 ) ) ;
#401 = CIRCLE ( 'NONE', #701, 2.699999999999999700 ) ;
#402 = AXIS2_PLACEMENT_3D ( 'NONE', #1067, #374, #1183 ) ;
#403 = DIRECTION ( 'NONE',  ( 0.0000000000000000000, 0.0000000000000000000, 1.000000000000000000 ) ) ;
#404 = ADVANCED_FACE ( 'NONE', ( #1013, #335 ), #1379, .F. ) ;
#405 = EDGE_LOOP ( 'NONE', ( #834, #730, #373, #714 ) ) ;
#406 = EDGE_CURVE ( 'NONE', #263, #920, #108, .T. ) ;
#407 = CARTESIAN_POINT ( 'NONE',  ( 1.091594087384859800E-014, 0.05000000000000002400, 1.270000000000011300 ) ) ;
#408 = DIRECTION ( 'NONE',  ( 0.0000000000000000000, 1.000000000000000000, -0.0000000000000000000 ) ) ;
#409 = EDGE_LOOP ( 'NONE', ( #854, #1029, #129, #1055 ) ) ;
#410 = ORIENTED_EDGE ( 'NONE', *, *, #626, .T. ) ;
#411 = EDGE_CURVE ( 'NONE', #1463, #271, #43, .T. ) ;
#412 = DIRECTION ( 'NONE',  ( -0.0000000000000000000, -1.000000000000000000, -0.0000000000000000000 ) ) ;
#413 = ADVANCED_FACE ( 'NONE', ( #76 ), #316, .F. ) ;
#414 = ORIENTED_EDGE ( 'NONE', *, *, #1128, .T. ) ;
#415 = CARTESIAN_POINT ( 'NONE',  ( 0.0000000000000000000, 0.2999999999999999900, -2.350000000000000100 ) ) ;
#416 = AXIS2_PLACEMENT_3D ( 'NONE', #337, #767, #1375 ) ;
#417 = AXIS2_PLACEMENT_3D ( 'NONE', #558, #1133, #1025 ) ;
#418 = SURFACE_STYLE_FILL_AREA ( #1169 ) ;
#419 = CARTESIAN_POINT ( 'NONE',  ( 3.306546357697853200E-016, 0.4000000000000000200, 2.699999999999999700 ) ) ;
#420 = DIRECTION ( 'NONE',  ( -0.0000000000000000000, -1.000000000000000000, -0.0000000000000000000 ) ) ;
#421 = VERTEX_POINT ( 'NONE', #1261 ) ;
#422 = FACE_OUTER_BOUND ( 'NONE', #665, .T. ) ;
#423 = CYLINDRICAL_SURFACE ( 'NONE', #137, 0.3175000000000001200 ) ;
#424 = ADVANCED_FACE ( 'NONE', ( #938 ), #30, .T. ) ;
#425 = FACE_OUTER_BOUND ( 'NONE', #210, .T. ) ;
#426 = CARTESIAN_POINT ( 'NONE',  ( -1.270000000000000000, 0.0000000000000000000, 0.5000000000000001100 ) ) ;
#427 = CARTESIAN_POINT ( 'NONE',  ( 1.270000000000022900, 0.0000000000000000000, 0.0000000000000000000 ) ) ;
#428 = AXIS2_PLACEMENT_3D ( 'NONE', #345, #783, #904 ) ;
#429 = EDGE_LOOP ( 'NONE', ( #602, #962 ) ) ;
#430 = VERTEX_POINT ( 'NONE', #110 ) ;
#431 =( NAMED_UNIT ( * ) PLANE_ANGLE_UNIT ( ) SI_UNIT ( $, .RADIAN. ) );
#432 = ORIENTED_EDGE ( 'NONE', *, *, #910, .F. ) ;
#433 = DIRECTION ( 'NONE',  ( -0.7071067811865465700, 0.0000000000000000000, -0.7071067811865484600 ) ) ;
#434 = CARTESIAN_POINT ( 'NONE',  ( -1.270000000000000000, -13.00000000000000000, 0.0000000000000000000 ) ) ;
#435 = EDGE_CURVE ( 'NONE', #632, #1463, #509, .T. ) ;
#436 = CARTESIAN_POINT ( 'NONE',  ( 1.270000000000023100, 0.2999999999999999900, -0.3175000000000001200 ) ) ;
#437 = DIRECTION ( 'NONE',  ( 0.0000000000000000000, 0.0000000000000000000, 1.000000000000000000 ) ) ;
#438 = FACE_OUTER_BOUND ( 'NONE', #350, .T. ) ;
#439 = FACE_OUTER_BOUND ( 'NONE', #357, .T. ) ;
#440 = CARTESIAN_POINT ( 'NONE',  ( -1.270000000000000000, 0.0000000000000000000, 0.0000000000000000000 ) ) ;
#441 = CARTESIAN_POINT ( 'NONE',  ( 0.0000000000000000000, 0.0000000000000000000, 0.0000000000000000000 ) ) ;
#442 = EDGE_LOOP ( 'NONE', ( #542, #314, #703, #1187 ) ) ;
#443 = DIRECTION ( 'NONE',  ( 0.0000000000000000000, 0.0000000000000000000, 1.000000000000000000 ) ) ;
#444 = AXIS2_PLACEMENT_3D ( 'NONE', #1395, #1038, #807 ) ;
#445 = ORIENTED_EDGE ( 'NONE', *, *, #478, .T. ) ;
#446 = ORIENTED_EDGE ( 'NONE', *, *, #384, .F. ) ;
#447 = DIRECTION ( 'NONE',  ( -0.0000000000000000000, -1.000000000000000000, -0.0000000000000000000 ) ) ;
#448 = DIRECTION ( 'NONE',  ( 0.0000000000000000000, 0.0000000000000000000, 1.000000000000000000 ) ) ;
#449 = CARTESIAN_POINT ( 'NONE',  ( 0.0000000000000000000, 3.600000000000000100, 0.0000000000000000000 ) ) ;
#450 = LINE ( 'NONE', #211, #1195 ) ;
#451 = FILL_AREA_STYLE ('',( #1281 ) ) ;
#452 = VERTEX_POINT ( 'NONE', #107 ) ;
#453 = LINE ( 'NONE', #535, #1098 ) ;
#454 = FILL_AREA_STYLE_COLOUR ( '', #42 ) ;
#455 = FACE_OUTER_BOUND ( 'NONE', #442, .T. ) ;
#456 = DIRECTION ( 'NONE',  ( 0.0000000000000000000, 0.0000000000000000000, -1.000000000000000000 ) ) ;
#457 = EDGE_CURVE ( 'NONE', #167, #1265, #1160, .T. ) ;
#458 = ORIENTED_EDGE ( 'NONE', *, *, #35, .T. ) ;
#459 = DIRECTION ( 'NONE',  ( 0.0000000000000000000, -1.000000000000000000, 0.0000000000000000000 ) ) ;
#460 = ORIENTED_EDGE ( 'NONE', *, *, #798, .T. ) ;
#461 = CARTESIAN_POINT ( 'NONE',  ( -1.270000000000000000, 0.05000000000000000300, 0.5000000000000001100 ) ) ;
#462 = DIRECTION ( 'NONE',  ( 0.7071067811865463500, 0.0000000000000000000, 0.7071067811865487900 ) ) ;
#463 = AXIS2_PLACEMENT_3D ( 'NONE', #1125, #1117, #326 ) ;
#464 = EDGE_CURVE ( 'NONE', #430, #465, #974, .T. ) ;
#465 = VERTEX_POINT ( 'NONE', #198 ) ;
#466 = CARTESIAN_POINT ( 'NONE',  ( 0.0000000000000000000, 0.4000000000000000200, 0.0000000000000000000 ) ) ;
#467 = DIRECTION ( 'NONE',  ( 0.0000000000000000000, 1.000000000000000000, -0.0000000000000000000 ) ) ;
#468 = AXIS2_PLACEMENT_3D ( 'NONE', #280, #727, #855 ) ;
#469 = ORIENTED_EDGE ( 'NONE', *, *, #1259, .T. ) ;
#470 = CIRCLE ( 'NONE', #1178, 2.699999999999999700 ) ;
#471 = DIRECTION ( 'NONE',  ( 0.0000000000000000000, 1.000000000000000000, -0.0000000000000000000 ) ) ;
#472 = DIRECTION ( 'NONE',  ( 0.0000000000000000000, -1.000000000000000000, 0.0000000000000000000 ) ) ;
#473 = EDGE_LOOP ( 'NONE', ( #763, #226 ) ) ;
#474 = DIRECTION ( 'NONE',  ( 0.0000000000000000000, -1.000000000000000000, 0.0000000000000000000 ) ) ;
#475 = CLOSED_SHELL ( 'NONE', ( #965, #872, #637, #1210 ) ) ;
#476 = CARTESIAN_POINT ( 'NONE',  ( 0.0000000000000000000, 3.799999999999999800, 0.0000000000000000000 ) ) ;
#477 = EDGE_LOOP ( 'NONE', ( #1071, #1391, #1444, #551 ) ) ;
#478 = EDGE_CURVE ( 'NONE', #1206, #271, #1420, .T. ) ;
#479 = DIRECTION ( 'NONE',  ( 0.0000000000000000000, -1.000000000000000000, 0.0000000000000000000 ) ) ;
#480 = ORIENTED_EDGE ( 'NONE', *, *, #38, .F. ) ;
#481 = DIRECTION ( 'NONE',  ( -0.0000000000000000000, -1.000000000000000000, -0.0000000000000000000 ) ) ;
#482 = FACE_OUTER_BOUND ( 'NONE', #887, .T. ) ;
#483 = EDGE_CURVE ( 'NONE', #161, #56, #204, .T. ) ;
#484 = CARTESIAN_POINT ( 'NONE',  ( 0.0000000000000000000, 0.0000000000000000000, 0.0000000000000000000 ) ) ;
#485 = LINE ( 'NONE', #721, #8 ) ;
#486 = DIRECTION ( 'NONE',  ( 0.0000000000000000000, 1.000000000000000000, 0.0000000000000000000 ) ) ;
#487 = ORIENTED_EDGE ( 'NONE', *, *, #950, .F. ) ;
#488 = LINE ( 'NONE', #843, #991 ) ;
#489 = AXIS2_PLACEMENT_3D ( 'NONE', #181, #1353, #982 ) ;
#490 = EDGE_CURVE ( 'NONE', #1236, #1172, #1258, .T. ) ;
#491 = CYLINDRICAL_SURFACE ( 'NONE', #523, 0.5000000000000001100 ) ;
#492 = FACE_OUTER_BOUND ( 'NONE', #584, .T. ) ;
#493 = MANIFOLD_SOLID_BREP ( 'Window', #244 ) ;
#494 = CARTESIAN_POINT ( 'NONE',  ( 0.0000000000000000000, 0.0000000000000000000, -2.350000000000000100 ) ) ;
#495 = DIRECTION ( 'NONE',  ( 0.0000000000000000000, 1.000000000000000000, -0.0000000000000000000 ) ) ;
#496 = ORIENTED_EDGE ( 'NONE', *, *, #435, .T. ) ;
#497 = VERTEX_POINT ( 'NONE', #652 ) ;
#498 = CARTESIAN_POINT ( 'NONE',  ( 2.877919977996279800E-016, 0.2999999999999999900, 2.350000000000000100 ) ) ;
#499 = VERTEX_POINT ( 'NONE', #99 ) ;
#500 = AXIS2_PLACEMENT_3D ( 'NONE', #1367, #660, #777 ) ;
#501 = ADVANCED_FACE ( 'NONE', ( #1216 ), #273, .T. ) ;
#502 = CIRCLE ( 'NONE', #185, 0.2249999999999998700 ) ;
#503 = CARTESIAN_POINT ( 'NONE',  ( 0.0000000000000000000, 0.4000000000000001900, -2.350000000000000100 ) ) ;
#504 =( LENGTH_UNIT ( ) NAMED_UNIT ( * ) SI_UNIT ( .MILLI., .METRE. ) );
#505 = ORIENTED_EDGE ( 'NONE', *, *, #874, .F. ) ;
#506 = CIRCLE ( 'NONE', #609, 2.699999999999999700 ) ;
#507 = CYLINDRICAL_SURFACE ( 'NONE', #1042, 0.3175000000000001200 ) ;
#508 = DIRECTION ( 'NONE',  ( 0.0000000000000000000, 1.000000000000000000, -0.0000000000000000000 ) ) ;
#509 = LINE ( 'NONE', #1005, #1295 ) ;
#510 = ADVANCED_FACE ( 'NONE', ( #151 ), #796, .F. ) ;
#511 = EDGE_CURVE ( 'NONE', #817, #499, #1035, .T. ) ;
#512 = DIRECTION ( 'NONE',  ( 0.0000000000000000000, 0.0000000000000000000, -1.000000000000000000 ) ) ;
#513 = ORIENTED_EDGE ( 'NONE', *, *, #1302, .T. ) ;
#514 = DIRECTION ( 'NONE',  ( 0.0000000000000000000, 0.0000000000000000000, -1.000000000000000000 ) ) ;
#515 = EDGE_LOOP ( 'NONE', ( #741, #698 ) ) ;
#516 = ORIENTED_EDGE ( 'NONE', *, *, #1193, .F. ) ;
#517 = ADVANCED_FACE ( 'NONE', ( #956 ), #423, .F. ) ;
#518 = CARTESIAN_POINT ( 'NONE',  ( 0.0000000000000000000, 3.399999999999999900, -1.500000000000000200 ) ) ;
#519 = DIRECTION ( 'NONE',  ( 0.0000000000000000000, 1.000000000000000000, 0.0000000000000000000 ) ) ;
#520 = ADVANCED_FACE ( 'NONE', ( #1325 ), #41, .T. ) ;
#521 = CARTESIAN_POINT ( 'NONE',  ( -2.669328098979213000, 0.0000000000000000000, -2.138998013089310900 ) ) ;
#522 = AXIS2_PLACEMENT_3D ( 'NONE', #200, #771, #1369 ) ;
#523 = AXIS2_PLACEMENT_3D ( 'NONE', #761, #1007, #885 ) ;
#524 = TOROIDAL_SURFACE ( 'NONE', #785, 1.950000000000000200, 0.4000000000000000200 ) ;
#525 =( LENGTH_UNIT ( ) NAMED_UNIT ( * ) SI_UNIT ( .MILLI., .METRE. ) );
#526 = DIRECTION ( 'NONE',  ( 0.0000000000000000000, 0.0000000000000000000, 1.000000000000000000 ) ) ;
#527 = FACE_OUTER_BOUND ( 'NONE', #980, .T. ) ;
#528 = AXIS2_PLACEMENT_3D ( 'NONE', #288, #736, #1101 ) ;
#529 = AXIS2_PLACEMENT_3D ( 'NONE', #1248, #1134, #672 ) ;
#530 = DIRECTION ( 'NONE',  ( 0.0000000000000000000, 0.0000000000000000000, -1.000000000000000000 ) ) ;
#531 = VERTEX_POINT ( 'NONE', #125 ) ;
#532 = ORIENTED_EDGE ( 'NONE', *, *, #157, .F. ) ;
#533 = ORIENTED_EDGE ( 'NONE', *, *, #713, .F. ) ;
#534 = EDGE_CURVE ( 'NONE', #362, #339, #506, .T. ) ;
#535 = CARTESIAN_POINT ( 'NONE',  ( 1.836970198721030200E-016, 3.399999999999999900, -1.500000000000000200 ) ) ;
#536 = CARTESIAN_POINT ( 'NONE',  ( 0.0000000000000000000, 0.0000000000000000000, 0.0000000000000000000 ) ) ;
#537 = PRODUCT_DEFINITION_CONTEXT ( 'detailed design', #90, 'design' ) ;
#538 =( GEOMETRIC_REPRESENTATION_CONTEXT ( 3 ) GLOBAL_UNCERTAINTY_ASSIGNED_CONTEXT ( ( #344 ) ) GLOBAL_UNIT_ASSIGNED_CONTEXT ( ( #117, #28, #791 ) ) REPRESENTATION_CONTEXT ( 'NONE', 'WORKASPACE' ) );
#539 = EDGE_CURVE ( 'NONE', #1410, #320, #845, .T. ) ;
#540 = VERTEX_POINT ( 'NONE', #1226 ) ;
#541 = CARTESIAN_POINT ( 'NONE',  ( -0.2651650429449546900, 0.0000000000000000000, 0.2651650429449539700 ) ) ;
#542 = ORIENTED_EDGE ( 'NONE', *, *, #1193, .T. ) ;
#543 = FACE_OUTER_BOUND ( 'NONE', #889, .T. ) ;
#544 = CIRCLE ( 'NONE', #81, 2.699999999999999700 ) ;
#545 = DIRECTION ( 'NONE',  ( 0.0000000000000000000, 1.000000000000000000, -0.0000000000000000000 ) ) ;
#546 = DIRECTION ( 'NONE',  ( 0.0000000000000000000, 1.000000000000000000, -0.0000000000000000000 ) ) ;
#547 =( GEOMETRIC_REPRESENTATION_CONTEXT ( 3 ) GLOBAL_UNCERTAINTY_ASSIGNED_CONTEXT ( ( #1412 ) ) GLOBAL_UNIT_ASSIGNED_CONTEXT ( ( #504, #1321, #284 ) ) REPRESENTATION_CONTEXT ( 'NONE', 'WORKASPACE' ) );
#548 = ORIENTED_EDGE ( 'NONE', *, *, #924, .T. ) ;
#549 = DIRECTION ( 'NONE',  ( 0.0000000000000000000, 0.0000000000000000000, 1.000000000000000000 ) ) ;
#550 = DIRECTION ( 'NONE',  ( 0.0000000000000000000, 1.000000000000000000, -0.0000000000000000000 ) ) ;
#551 = ORIENTED_EDGE ( 'NONE', *, *, #279, .F. ) ;
#552 =( NAMED_UNIT ( * ) PLANE_ANGLE_UNIT ( ) SI_UNIT ( $, .RADIAN. ) );
#553 = DIRECTION ( 'NONE',  ( 0.0000000000000000000, -1.000000000000000000, 0.0000000000000000000 ) ) ;
#554 = EDGE_LOOP ( 'NONE', ( #92, #1040, #724, #781 ) ) ;
#555 = CARTESIAN_POINT ( 'NONE',  ( 0.2651650429449555800, 0.0000000000000000000, -0.2651650429449546300 ) ) ;
#556 = AXIS2_PLACEMENT_3D ( 'NONE', #875, #1152, #347 ) ;
#557 = CARTESIAN_POINT ( 'NONE',  ( 0.0000000000000000000, 3.399999999999999900, 0.0000000000000000000 ) ) ;
#558 = CARTESIAN_POINT ( 'NONE',  ( 0.0000000000000000000, 3.799999999999999800, 0.0000000000000000000 ) ) ;
#559 = MANIFOLD_SOLID_BREP ( 'Tab', #842 ) ;
#560 = COLOUR_RGB ( '',1.000000000000000000, 0.8117647058823529400, 0.5019607843137254800 ) ;
#561 = EDGE_CURVE ( 'NONE', #540, #894, #921, .T. ) ;
#562 = CARTESIAN_POINT ( 'NONE',  ( 0.0000000000000000000, 3.799999999999999800, 0.0000000000000000000 ) ) ;
#563 = VECTOR ( 'NONE', #264, 1000.000000000000000 ) ;
#564 = CARTESIAN_POINT ( 'NONE',  ( 0.0000000000000000000, 0.0000000000000000000, -2.350000000000000100 ) ) ;
#565 = CIRCLE ( 'NONE', #500, 0.5000000000000001100 ) ;
#566 = FACE_OUTER_BOUND ( 'NONE', #1122, .T. ) ;
#567 = CIRCLE ( 'NONE', #616, 0.3999999999999999700 ) ;
#568 = CARTESIAN_POINT ( 'NONE',  ( -1.270000000000000000, -13.00000000000000000, -0.2249999999999998700 ) ) ;
#569 = DIRECTION ( 'NONE',  ( 0.0000000000000000000, 1.000000000000000000, -0.0000000000000000000 ) ) ;
#570 =( NAMED_UNIT ( * ) PLANE_ANGLE_UNIT ( ) SI_UNIT ( $, .RADIAN. ) );
#571 = AXIS2_PLACEMENT_3D ( 'NONE', #633, #619, #526 ) ;
#572 = ORIENTED_EDGE ( 'NONE', *, *, #697, .T. ) ;
#573 = STYLED_ITEM ( 'NONE', ( #1059 ), #44 ) ;
#574 = ORIENTED_EDGE ( 'NONE', *, *, #94, .F. ) ;
#575 = DIRECTION ( 'NONE',  ( 0.0000000000000000000, 0.0000000000000000000, -1.000000000000000000 ) ) ;
#576 = CARTESIAN_POINT ( 'NONE',  ( 1.270000000000023100, 0.2999999999999999900, 0.0000000000000000000 ) ) ;
#577 = AXIS2_PLACEMENT_3D ( 'NONE', #449, #655, #208 ) ;
#578 = DIRECTION ( 'NONE',  ( -0.0000000000000000000, -1.000000000000000000, -0.0000000000000000000 ) ) ;
#579 = ORIENTED_EDGE ( 'NONE', *, *, #411, .F. ) ;
#580 = ORIENTED_EDGE ( 'NONE', *, *, #179, .T. ) ;
#581 = LINE ( 'NONE', #1065, #1382 ) ;
#582 = DIRECTION ( 'NONE',  ( 0.0000000000000000000, 0.0000000000000000000, -1.000000000000000000 ) ) ;
#583 = FACE_OUTER_BOUND ( 'NONE', #954, .T. ) ;
#584 = EDGE_LOOP ( 'NONE', ( #782, #1409 ) ) ;
#585 = CARTESIAN_POINT ( 'NONE',  ( 1.270000000000023100, 0.2999999999999999900, -0.3175000000000001200 ) ) ;
#586 = PRODUCT_DEFINITION_SHAPE ( 'NONE', 'NONE',  #1147 ) ;
#587 = VERTEX_POINT ( 'NONE', #740 ) ;
#588 = EDGE_CURVE ( 'NONE', #640, #1324, #132, .T. ) ;
#589 = ORIENTED_EDGE ( 'NONE', *, *, #94, .T. ) ;
#590 = CARTESIAN_POINT ( 'NONE',  ( -1.270000000000000000, 0.0000000000000000000, 0.0000000000000000000 ) ) ;
#591 = DIRECTION ( 'NONE',  ( 0.0000000000000000000, -1.000000000000000000, 0.0000000000000000000 ) ) ;
#592 = CIRCLE ( 'NONE', #825, 0.2000000000000000900 ) ;
#593 = DIRECTION ( 'NONE',  ( 0.0000000000000000000, 0.0000000000000000000, 1.000000000000000000 ) ) ;
#594 = PLANE ( 'NONE',  #268 ) ;
#595 = AXIS2_PLACEMENT_3D ( 'NONE', #590, #364, #1422 ) ;
#596 = AXIS2_PLACEMENT_3D ( 'NONE', #770, #550, #656 ) ;
#597 = ORIENTED_EDGE ( 'NONE', *, *, #1027, .T. ) ;
#598 = FACE_OUTER_BOUND ( 'NONE', #377, .T. ) ;
#599 = LINE ( 'NONE', #833, #1309 ) ;
#600 = CIRCLE ( 'NONE', #1137, 0.5000000000000001100 ) ;
#601 = CARTESIAN_POINT ( 'NONE',  ( 1.091594087384859800E-014, 0.0000000000000000000, 0.7700000000000112300 ) ) ;
#602 = ORIENTED_EDGE ( 'NONE', *, *, #1371, .T. ) ;
#603 =( GEOMETRIC_REPRESENTATION_CONTEXT ( 3 ) GLOBAL_UNCERTAINTY_ASSIGNED_CONTEXT ( ( #1417 ) ) GLOBAL_UNIT_ASSIGNED_CONTEXT ( ( #826, #1294, #1190 ) ) REPRESENTATION_CONTEXT ( 'NONE', 'WORKASPACE' ) );
#604 = EDGE_LOOP ( 'NONE', ( #446, #114 ) ) ;
#605 = DIRECTION ( 'NONE',  ( 0.7071067811865487900, 0.0000000000000000000, -0.7071067811865463500 ) ) ;
#606 = CARTESIAN_POINT ( 'NONE',  ( 0.0000000000000000000, 0.2999999999999999900, 0.0000000000000000000 ) ) ;
#607 = ORIENTED_EDGE ( 'NONE', *, *, #490, .T. ) ;
#608 = ORIENTED_EDGE ( 'NONE', *, *, #464, .F. ) ;
#609 = AXIS2_PLACEMENT_3D ( 'NONE', #340, #569, #1381 ) ;
#610 = EDGE_CURVE ( 'NONE', #1480, #1236, #122, .T. ) ;
#611 = FACE_OUTER_BOUND ( 'NONE', #878, .T. ) ;
#612 = VERTEX_POINT ( 'NONE', #1230 ) ;
#613 = APPLICATION_CONTEXT ( 'automotive_design' ) ;
#614 = ORIENTED_EDGE ( 'NONE', *, *, #1100, .F. ) ;
#615 = CARTESIAN_POINT ( 'NONE',  ( -1.270000000000000000, -13.00000000000000000, 0.0000000000000000000 ) ) ;
#616 = AXIS2_PLACEMENT_3D ( 'NONE', #1044, #361, #251 ) ;
#617 = ADVANCED_FACE ( 'NONE', ( #994, #1437, #623, #1118 ), #300, .F. ) ;
#618 = APPLICATION_PROTOCOL_DEFINITION ( 'draft international standard', 'automotive_design', 1998, #613 ) ;
#619 = DIRECTION ( 'NONE',  ( 0.0000000000000000000, 1.000000000000000000, 0.0000000000000000000 ) ) ;
#620 = EDGE_LOOP ( 'NONE', ( #810, #722 ) ) ;
#621 = AXIS2_PLACEMENT_3D ( 'NONE', #1, #1014, #778 ) ;
#622 = AXIS2_PLACEMENT_3D ( 'NONE', #1297, #1184, #1296 ) ;
#623 = FACE_BOUND ( 'NONE', #758, .T. ) ;
#624 = DIRECTION ( 'NONE',  ( -0.0000000000000000000, -1.000000000000000000, -0.0000000000000000000 ) ) ;
#625 = VECTOR ( 'NONE', #433, 1000.000000000000000 ) ;
#626 = EDGE_CURVE ( 'NONE', #421, #587, #333, .T. ) ;
#627 = DIRECTION ( 'NONE',  ( 0.0000000000000000000, 1.000000000000000000, -0.0000000000000000000 ) ) ;
#628 = DIRECTION ( 'NONE',  ( 0.0000000000000000000, 1.000000000000000000, 0.0000000000000000000 ) ) ;
#629 = ADVANCED_FACE ( 'NONE', ( #890 ), #860, .F. ) ;
#630 = CARTESIAN_POINT ( 'NONE',  ( 1.270000000000023100, 0.2999999999999999900, 0.0000000000000000000 ) ) ;
#631 = ORIENTED_EDGE ( 'NONE', *, *, #789, .F. ) ;
#632 = VERTEX_POINT ( 'NONE', #977 ) ;
#633 = CARTESIAN_POINT ( 'NONE',  ( 0.0000000000000000000, 3.399999999999999900, 0.0000000000000000000 ) ) ;
#634 = SURFACE_SIDE_STYLE ('',( #1179 ) ) ;
#635 = STYLED_ITEM ( 'NONE', ( #1403 ), #493 ) ;
#636 = STYLED_ITEM ( 'NONE', ( #88 ), #139 ) ;
#637 = ADVANCED_FACE ( 'NONE', ( #732 ), #877, .T. ) ;
#638 = UNCERTAINTY_MEASURE_WITH_UNIT (LENGTH_MEASURE( 1.000000000000000100E-005 ), #993, 'distance_accuracy_value', 'NONE');
#639 = CARTESIAN_POINT ( 'NONE',  ( -2.155849442838281500, 0.3999999999999999700, -1.625519356948378100 ) ) ;
#640 = VERTEX_POINT ( 'NONE', #188 ) ;
#641 = VERTEX_POINT ( 'NONE', #290 ) ;
#642 = CIRCLE ( 'NONE', #54, 0.5000000000000001100 ) ;
#643 = CARTESIAN_POINT ( 'NONE',  ( -2.155849442838281500, 1.876168479503616200, -1.625519356948378100 ) ) ;
#644 = DIRECTION ( 'NONE',  ( 1.000000000000000000, 0.0000000000000000000, 0.0000000000000000000 ) ) ;
#645 = DIRECTION ( 'NONE',  ( 0.0000000000000000000, 1.000000000000000000, 0.0000000000000000000 ) ) ;
#646 = LINE ( 'NONE', #1218, #1292 ) ;
#647 = ADVANCED_FACE ( 'NONE', ( #1198 ), #762, .T. ) ;
#648 = FACE_OUTER_BOUND ( 'NONE', #708, .T. ) ;
#649 = AXIS2_PLACEMENT_3D ( 'NONE', #1416, #148, #260 ) ;
#650 = FILL_AREA_STYLE ('',( #1111 ) ) ;
#651 = ORIENTED_EDGE ( 'NONE', *, *, #153, .T. ) ;
#652 = CARTESIAN_POINT ( 'NONE',  ( 0.0000000000000000000, 0.0000000000000000000, -2.699999999999999700 ) ) ;
#653 = ORIENTED_EDGE ( 'NONE', *, *, #924, .F. ) ;
#654 = EDGE_CURVE ( 'NONE', #112, #1124, #95, .T. ) ;
#655 = DIRECTION ( 'NONE',  ( 0.0000000000000000000, 1.000000000000000000, -0.0000000000000000000 ) ) ;
#656 = DIRECTION ( 'NONE',  ( 0.0000000000000000000, 0.0000000000000000000, 1.000000000000000000 ) ) ;
#657 = CARTESIAN_POINT ( 'NONE',  ( 1.270000000000023100, 0.2999999999999999900, -0.3175000000000001200 ) ) ;
#658 = CARTESIAN_POINT ( 'NONE',  ( 1.270000000000023100, 0.2999999999999999900, 0.3175000000000001200 ) ) ;
#659 = EDGE_CURVE ( 'NONE', #1476, #1163, #1278, .T. ) ;
#660 = DIRECTION ( 'NONE',  ( 0.0000000000000000000, -1.000000000000000000, 0.0000000000000000000 ) ) ;
#661 = ORIENTED_EDGE ( 'NONE', *, *, #818, .F. ) ;
#662 = DIRECTION ( 'NONE',  ( 0.0000000000000000000, 0.0000000000000000000, 1.000000000000000000 ) ) ;
#663 = DIRECTION ( 'NONE',  ( -0.0000000000000000000, -1.000000000000000000, -0.0000000000000000000 ) ) ;
#664 = DIRECTION ( 'NONE',  ( 0.0000000000000000000, 0.0000000000000000000, -1.000000000000000000 ) ) ;
#665 = EDGE_LOOP ( 'NONE', ( #359, #410, #127, #156 ) ) ;
#666 = CYLINDRICAL_SURFACE ( 'NONE', #1001, 2.350000000000000100 ) ;
#667 = CIRCLE ( 'NONE', #323, 0.2000000000000000900 ) ;
#668 = CARTESIAN_POINT ( 'NONE',  ( -1.625519356948370800, 0.0000000000000000000, -2.155849442838287700 ) ) ;
#669 = DIRECTION ( 'NONE',  ( 0.0000000000000000000, 0.0000000000000000000, 1.000000000000000000 ) ) ;
#670 = AXIS2_PLACEMENT_3D ( 'NONE', #63, #1080, #959 ) ;
#671 = STYLED_ITEM ( 'NONE', ( #319 ), #293 ) ;
#672 = DIRECTION ( 'NONE',  ( 0.0000000000000000000, 0.0000000000000000000, -1.000000000000000000 ) ) ;
#673 = ORIENTED_EDGE ( 'NONE', *, *, #626, .F. ) ;
#674 = CARTESIAN_POINT ( 'NONE',  ( 1.270000000000022900, 0.0000000000000000000, -0.2249999999999998700 ) ) ;
#675 = EDGE_LOOP ( 'NONE', ( #62, #158 ) ) ;
#676 = CARTESIAN_POINT ( 'NONE',  ( 1.094349542682941200E-014, 0.05000000000000002400, 1.495000000000011200 ) ) ;
#677 = AXIS2_PLACEMENT_3D ( 'NONE', #1451, #849, #1433 ) ;
#678 = SURFACE_STYLE_USAGE ( .BOTH. , #1271 ) ;
#679 = DIRECTION ( 'NONE',  ( 0.0000000000000000000, 0.0000000000000000000, -1.000000000000000000 ) ) ;
#680 = FACE_OUTER_BOUND ( 'NONE', #971, .T. ) ;
#681 = EDGE_LOOP ( 'NONE', ( #365, #1352, #836, #946 ) ) ;
#682 = CARTESIAN_POINT ( 'NONE',  ( -1.270000000000000000, 0.05000000000000000300, 0.0000000000000000000 ) ) ;
#683 = DIRECTION ( 'NONE',  ( -0.7071067811865489100, 0.0000000000000000000, 0.7071067811865461300 ) ) ;
#684 = EDGE_LOOP ( 'NONE', ( #432, #608 ) ) ;
#685 = VECTOR ( 'NONE', #412, 1000.000000000000000 ) ;
#686 = CIRCLE ( 'NONE', #1073, 2.350000000000000100 ) ;
#687 = CIRCLE ( 'NONE', #851, 1.500000000000000200 ) ;
#688 =( GEOMETRIC_REPRESENTATION_CONTEXT ( 3 ) GLOBAL_UNCERTAINTY_ASSIGNED_CONTEXT ( ( #638 ) ) GLOBAL_UNIT_ASSIGNED_CONTEXT ( ( #993, #1088, #1329 ) ) REPRESENTATION_CONTEXT ( 'NONE', 'WORKASPACE' ) );
#689 = ORIENTED_EDGE ( 'NONE', *, *, #1428, .T. ) ;
#690 = EDGE_CURVE ( 'NONE', #248, #1167, #646, .T. ) ;
#691 = VERTEX_POINT ( 'NONE', #1131 ) ;
#692 = DIRECTION ( 'NONE',  ( 0.0000000000000000000, 0.0000000000000000000, 1.000000000000000000 ) ) ;
#693 = ORIENTED_EDGE ( 'NONE', *, *, #610, .T. ) ;
#694 = DIRECTION ( 'NONE',  ( -0.0000000000000000000, -1.000000000000000000, -0.0000000000000000000 ) ) ;
#695 = CARTESIAN_POINT ( 'NONE',  ( 1.270000000000023100, 0.2999999999999999900, 0.3175000000000001200 ) ) ;
#696 = STYLED_ITEM ( 'NONE', ( #1237 ), #1189 ) ;
#697 = EDGE_CURVE ( 'NONE', #331, #141, #972, .T. ) ;
#698 = ORIENTED_EDGE ( 'NONE', *, *, #363, .F. ) ;
#699 = PRESENTATION_STYLE_ASSIGNMENT (( #79 ) ) ;
#700 = COLOUR_RGB ( '',0.7921568627450980000, 0.8196078431372548800, 0.9333333333333333500 ) ;
#701 = AXIS2_PLACEMENT_3D ( 'NONE', #441, #784, #905 ) ;
#702 = DIRECTION ( 'NONE',  ( 0.0000000000000000000, -1.000000000000000000, 0.0000000000000000000 ) ) ;
#703 = ORIENTED_EDGE ( 'NONE', *, *, #511, .F. ) ;
#704 = AXIS2_PLACEMENT_3D ( 'NONE', #47, #1423, #146 ) ;
#705 = VERTEX_POINT ( 'NONE', #503 ) ;
#706 = EDGE_LOOP ( 'NONE', ( #990, #1427, #719, #1106 ) ) ;
#707 = EDGE_CURVE ( 'NONE', #1265, #167, #355, .T. ) ;
#708 = EDGE_LOOP ( 'NONE', ( #1207, #469, #651, #653 ) ) ;
#709 = DIRECTION ( 'NONE',  ( -0.0000000000000000000, -1.000000000000000000, -0.0000000000000000000 ) ) ;
#710 = DIRECTION ( 'NONE',  ( 0.0000000000000000000, -1.000000000000000000, 0.0000000000000000000 ) ) ;
#711 = CARTESIAN_POINT ( 'NONE',  ( -1.270000000000000000, 0.05000000000000000300, 0.0000000000000000000 ) ) ;
#712 = AXIS2_PLACEMENT_3D ( 'NONE', #5, #545, #443 ) ;
#713 = EDGE_CURVE ( 'NONE', #1392, #1476, #237, .T. ) ;
#714 = ORIENTED_EDGE ( 'NONE', *, *, #1302, .F. ) ;
#715 = FACE_OUTER_BOUND ( 'NONE', #1017, .T. ) ;
#716 = CARTESIAN_POINT ( 'NONE',  ( 0.0000000000000000000, 3.799999999999999800, 0.0000000000000000000 ) ) ;
#717 = CIRCLE ( 'NONE', #1057, 2.350000000000000100 ) ;
#718 = DIRECTION ( 'NONE',  ( -0.0000000000000000000, -1.000000000000000000, -0.0000000000000000000 ) ) ;
#719 = ORIENTED_EDGE ( 'NONE', *, *, #1046, .T. ) ;
#720 = CARTESIAN_POINT ( 'NONE',  ( 0.0000000000000000000, 3.399999999999999900, 0.0000000000000000000 ) ) ;
#721 = CARTESIAN_POINT ( 'NONE',  ( -1.270000000000000000, 0.05000000000000000300, -0.5000000000000001100 ) ) ;
#722 = ORIENTED_EDGE ( 'NONE', *, *, #942, .F. ) ;
#723 = AXIS2_PLACEMENT_3D ( 'NONE', #1177, #709, #815 ) ;
#724 = ORIENTED_EDGE ( 'NONE', *, *, #1081, .T. ) ;
#725 = DIRECTION ( 'NONE',  ( 0.0000000000000000000, 0.0000000000000000000, 1.000000000000000000 ) ) ;
#726 = ADVANCED_FACE ( 'NONE', ( #598 ), #666, .T. ) ;
#727 = DIRECTION ( 'NONE',  ( 0.0000000000000000000, 1.000000000000000000, 0.0000000000000000000 ) ) ;
#728 = EDGE_CURVE ( 'NONE', #612, #531, #686, .T. ) ;
#729 = DIRECTION ( 'NONE',  ( 0.7071067811865489100, -0.0000000000000000000, -0.7071067811865461300 ) ) ;
#730 = ORIENTED_EDGE ( 'NONE', *, *, #1023, .T. ) ;
#731 = EDGE_CURVE ( 'NONE', #1124, #112, #1238, .T. ) ;
#732 = FACE_OUTER_BOUND ( 'NONE', #1469, .T. ) ;
#733 = PRESENTATION_STYLE_ASSIGNMENT (( #228 ) ) ;
#734 = FILL_AREA_STYLE_COLOUR ( '', #700 ) ;
#735 = LINE ( 'NONE', #1351, #169 ) ;
#736 = DIRECTION ( 'NONE',  ( -0.0000000000000000000, -1.000000000000000000, 0.0000000000000000000 ) ) ;
#737 = DIRECTION ( 'NONE',  ( 0.0000000000000000000, 0.0000000000000000000, 1.000000000000000000 ) ) ;
#738 = VERTEX_POINT ( 'NONE', #277 ) ;
#739 = DIRECTION ( 'NONE',  ( 0.0000000000000000000, 0.0000000000000000000, 1.000000000000000000 ) ) ;
#740 = CARTESIAN_POINT ( 'NONE',  ( -1.270000000000000000, 0.05000000000000002400, -0.2249999999999998700 ) ) ;
#741 = ORIENTED_EDGE ( 'NONE', *, *, #1176, .F. ) ;
#742 = ORIENTED_EDGE ( 'NONE', *, *, #1105, .T. ) ;
#743 = DIRECTION ( 'NONE',  ( 0.0000000000000000000, 0.0000000000000000000, -1.000000000000000000 ) ) ;
#744 = AXIS2_PLACEMENT_3D ( 'NONE', #1214, #1097, #1462 ) ;
#745 = AXIS2_PLACEMENT_3D ( 'NONE', #104, #322, #1362 ) ;
#746 = ADVANCED_FACE ( 'NONE', ( #366 ), #1471, .F. ) ;
#747 = DIRECTION ( 'NONE',  ( 0.7071067811865465700, 0.0000000000000000000, 0.7071067811865484600 ) ) ;
#748 = SURFACE_SIDE_STYLE ('',( #1310 ) ) ;
#749 = SURFACE_STYLE_USAGE ( .BOTH. , #1459 ) ;
#750 = CARTESIAN_POINT ( 'NONE',  ( 0.0000000000000000000, 0.0000000000000000000, 0.0000000000000000000 ) ) ;
#751 = ADVANCED_FACE ( 'NONE', ( #1401 ), #1095, .T. ) ;
#752 = CLOSED_SHELL ( 'NONE', ( #267, #973, #501, #517, #759, #726, #1441, #617, #276, #1209, #746, #195 ) ) ;
#753 = ORIENTED_EDGE ( 'NONE', *, *, #109, .F. ) ;
#754 = CARTESIAN_POINT ( 'NONE',  ( 1.270000000000022900, 0.0000000000000000000, -0.2249999999999998700 ) ) ;
#755 = CYLINDRICAL_SURFACE ( 'NONE', #1455, 0.3175000000000001200 ) ;
#756 = DIRECTION ( 'NONE',  ( 0.0000000000000000000, 0.0000000000000000000, 1.000000000000000000 ) ) ;
#757 = DIRECTION ( 'NONE',  ( 0.0000000000000000000, -0.0000000000000000000, 1.000000000000000000 ) ) ;
#758 = EDGE_LOOP ( 'NONE', ( #689, #390 ) ) ;
#759 = ADVANCED_FACE ( 'NONE', ( #438 ), #186, .F. ) ;
#760 = ORIENTED_EDGE ( 'NONE', *, *, #490, .F. ) ;
#761 = CARTESIAN_POINT ( 'NONE',  ( -1.270000000000000000, 0.05000000000000000300, 0.0000000000000000000 ) ) ;
#762 = PLANE ( 'NONE',  #1407 ) ;
#763 = ORIENTED_EDGE ( 'NONE', *, *, #654, .F. ) ;
#764 = AXIS2_PLACEMENT_3D ( 'NONE', #427, #1460, #192 ) ;
#765 = EDGE_CURVE ( 'NONE', #540, #641, #581, .T. ) ;
#766 = CARTESIAN_POINT ( 'NONE',  ( 0.0000000000000000000, 3.600000000000000100, 0.0000000000000000000 ) ) ;
#767 = DIRECTION ( 'NONE',  ( 0.0000000000000000000, 1.000000000000000000, -0.0000000000000000000 ) ) ;
#768 = VECTOR ( 'NONE', #462, 1000.000000000000000 ) ;
#769 = ORIENTED_EDGE ( 'NONE', *, *, #881, .F. ) ;
#770 = CARTESIAN_POINT ( 'NONE',  ( 0.0000000000000000000, 0.0000000000000000000, 0.0000000000000000000 ) ) ;
#771 = DIRECTION ( 'NONE',  ( 0.0000000000000000000, -1.000000000000000000, 0.0000000000000000000 ) ) ;
#772 = CARTESIAN_POINT ( 'NONE',  ( 0.0000000000000000000, 0.2999999999999999900, 0.0000000000000000000 ) ) ;
#773 = FACE_BOUND ( 'NONE', #1012, .T. ) ;
#774 = PRESENTATION_LAYER_ASSIGNMENT (  '', '', ( #696 ) ) ;
#775 = AXIS2_PLACEMENT_3D ( 'NONE', #1164, #1174, #1287 ) ;
#776 = COLOUR_RGB ( '',1.000000000000000000, 1.000000000000000000, 1.000000000000000000 ) ;
#777 = DIRECTION ( 'NONE',  ( 0.0000000000000000000, 0.0000000000000000000, -1.000000000000000000 ) ) ;
#778 = DIRECTION ( 'NONE',  ( 0.0000000000000000000, 0.0000000000000000000, 1.000000000000000000 ) ) ;
#779 = ORIENTED_EDGE ( 'NONE', *, *, #1158, .T. ) ;
#780 = CARTESIAN_POINT ( 'NONE',  ( 0.0000000000000000000, 3.399999999999999900, 0.0000000000000000000 ) ) ;
#781 = ORIENTED_EDGE ( 'NONE', *, *, #1128, .F. ) ;
#782 = ORIENTED_EDGE ( 'NONE', *, *, #46, .F. ) ;
#783 = DIRECTION ( 'NONE',  ( -0.0000000000000000000, -1.000000000000000000, 0.0000000000000000000 ) ) ;
#784 = DIRECTION ( 'NONE',  ( 0.0000000000000000000, 1.000000000000000000, -0.0000000000000000000 ) ) ;
#785 = AXIS2_PLACEMENT_3D ( 'NONE', #780, #546, #669 ) ;
#786 = AXIS2_PLACEMENT_3D ( 'NONE', #162, #627, #1323 ) ;
#787 = DIRECTION ( 'NONE',  ( 0.0000000000000000000, 0.0000000000000000000, 1.000000000000000000 ) ) ;
#788 =( NAMED_UNIT ( * ) SI_UNIT ( $, .STERADIAN. ) SOLID_ANGLE_UNIT ( ) );
#789 = EDGE_CURVE ( 'NONE', #1436, #452, #485, .T. ) ;
#790 = COLOUR_RGB ( '',0.2509803921568627400, 0.2509803921568627400, 0.2509803921568627400 ) ;
#791 =( NAMED_UNIT ( * ) SI_UNIT ( $, .STERADIAN. ) SOLID_ANGLE_UNIT ( ) );
#792 = CARTESIAN_POINT ( 'NONE',  ( 0.0000000000000000000, 3.600000000000000100, 1.500000000000000200 ) ) ;
#793 = LINE ( 'NONE', #1094, #685 ) ;
#794 = DIRECTION ( 'NONE',  ( -1.000000000000000000, 0.0000000000000000000, 0.0000000000000000000 ) ) ;
#795 = VECTOR ( 'NONE', #85, 1000.000000000000000 ) ;
#796 = PLANE ( 'NONE',  #286 ) ;
#797 = AXIS2_PLACEMENT_3D ( 'NONE', #750, #408, #1340 ) ;
#798 = EDGE_CURVE ( 'NONE', #50, #1305, #1062, .T. ) ;
#799 = ORIENTED_EDGE ( 'NONE', *, *, #1034, .F. ) ;
#800 = CARTESIAN_POINT ( 'NONE',  ( -1.270000000000000000, 0.05000000000000000300, 0.0000000000000000000 ) ) ;
#801 = ORIENTED_EDGE ( 'NONE', *, *, #478, .F. ) ;
#802 = DIRECTION ( 'NONE',  ( 0.0000000000000000000, 0.0000000000000000000, -1.000000000000000000 ) ) ;
#803 = UNCERTAINTY_MEASURE_WITH_UNIT (LENGTH_MEASURE( 1.000000000000000100E-005 ), #525, 'distance_accuracy_value', 'NONE');
#804 = EDGE_LOOP ( 'NONE', ( #100, #354, #1300, #1284 ) ) ;
#805 = DIRECTION ( 'NONE',  ( 1.224646799147352700E-016, 0.0000000000000000000, -1.000000000000000000 ) ) ;
#806 = AXIS2_PLACEMENT_3D ( 'NONE', #466, #929, #1162 ) ;
#807 = DIRECTION ( 'NONE',  ( 0.0000000000000000000, 0.0000000000000000000, -1.000000000000000000 ) ) ;
#808 = LINE ( 'NONE', #224, #768 ) ;
#809 = DIRECTION ( 'NONE',  ( 0.0000000000000000000, -1.000000000000000000, 0.0000000000000000000 ) ) ;
#810 = ORIENTED_EDGE ( 'NONE', *, *, #895, .F. ) ;
#811 = ORIENTED_EDGE ( 'NONE', *, *, #175, .F. ) ;
#812 = FACE_OUTER_BOUND ( 'NONE', #1443, .T. ) ;
#813 = CYLINDRICAL_SURFACE ( 'NONE', #463, 1.500000000000000200 ) ;
#814 = EDGE_CURVE ( 'NONE', #421, #167, #866, .T. ) ;
#815 = DIRECTION ( 'NONE',  ( 0.0000000000000000000, 0.0000000000000000000, -1.000000000000000000 ) ) ;
#816 = CARTESIAN_POINT ( 'NONE',  ( 1.091594087384859800E-014, -13.00000000000000000, 1.045000000000011500 ) ) ;
#817 = VERTEX_POINT ( 'NONE', #494 ) ;
#818 = EDGE_CURVE ( 'NONE', #820, #7, #1139, .T. ) ;
#819 = VERTEX_POINT ( 'NONE', #1312 ) ;
#820 = VERTEX_POINT ( 'NONE', #1426 ) ;
#821 = ORIENTED_EDGE ( 'NONE', *, *, #252, .T. ) ;
#822 = MANIFOLD_SOLID_BREP ( 'Fillet1', #1115 ) ;
#823 = DIRECTION ( 'NONE',  ( 0.0000000000000000000, 0.0000000000000000000, 1.000000000000000000 ) ) ;
#824 = AXIS2_PLACEMENT_3D ( 'NONE', #1221, #928, #944 ) ;
#825 = AXIS2_PLACEMENT_3D ( 'NONE', #242, #832, #144 ) ;
#826 =( LENGTH_UNIT ( ) NAMED_UNIT ( * ) SI_UNIT ( .MILLI., .METRE. ) );
#827 = CARTESIAN_POINT ( 'NONE',  ( 2.081899558550500800E-016, 3.799999999999999800, -1.700000000000000400 ) ) ;
#828 = PRESENTATION_STYLE_ASSIGNMENT (( #285 ) ) ;
#829 = CARTESIAN_POINT ( 'NONE',  ( 0.0000000000000000000, 0.2999999999999999900, 0.0000000000000000000 ) ) ;
#830 = ORIENTED_EDGE ( 'NONE', *, *, #1188, .T. ) ;
#831 = CIRCLE ( 'NONE', #1201, 1.500000000000000200 ) ;
#832 = DIRECTION ( 'NONE',  ( 1.000000000000000000, 0.0000000000000000000, 1.224646799147353200E-016 ) ) ;
#833 = CARTESIAN_POINT ( 'NONE',  ( -2.138998013089302500, 1.876168479503616200, -2.669328098979220100 ) ) ;
#834 = ORIENTED_EDGE ( 'NONE', *, *, #131, .F. ) ;
#835 = EDGE_LOOP ( 'NONE', ( #1144, #1330 ) ) ;
#836 = ORIENTED_EDGE ( 'NONE', *, *, #363, .T. ) ;
#837 = DIRECTION ( 'NONE',  ( 0.0000000000000000000, 1.000000000000000000, -0.0000000000000000000 ) ) ;
#838 = ADVANCED_FACE ( 'NONE', ( #455 ), #891, .F. ) ;
#839 = LINE ( 'NONE', #1194, #69 ) ;
#840 = AXIS2_PLACEMENT_3D ( 'NONE', #1452, #645, #868 ) ;
#841 = EDGE_CURVE ( 'NONE', #531, #817, #1386, .T. ) ;
#842 = CLOSED_SHELL ( 'NONE', ( #883, #383, #1466, #178, #1220, #1331 ) ) ;
#843 = CARTESIAN_POINT ( 'NONE',  ( 1.094349542682941200E-014, 0.0000000000000000000, 1.495000000000011200 ) ) ;
#844 = ORIENTED_EDGE ( 'NONE', *, *, #457, .T. ) ;
#845 = LINE ( 'NONE', #461, #1256 ) ;
#846 = LINE ( 'NONE', #585, #298 ) ;
#847 = FILL_AREA_STYLE ('',( #1200 ) ) ;
#848 = VECTOR ( 'NONE', #1112, 1000.000000000000000 ) ;
#849 = DIRECTION ( 'NONE',  ( -0.0000000000000000000, -1.000000000000000000, -0.0000000000000000000 ) ) ;
#850 = ORIENTED_EDGE ( 'NONE', *, *, #1052, .T. ) ;
#851 = AXIS2_PLACEMENT_3D ( 'NONE', #308, #519, #4 ) ;
#852 = PRESENTATION_LAYER_ASSIGNMENT (  '', '', ( #636 ) ) ;
#853 = ORIENTED_EDGE ( 'NONE', *, *, #1424, .F. ) ;
#854 = ORIENTED_EDGE ( 'NONE', *, *, #1052, .F. ) ;
#855 = DIRECTION ( 'NONE',  ( 0.0000000000000000000, 0.0000000000000000000, 1.000000000000000000 ) ) ;
#856 = DIRECTION ( 'NONE',  ( 0.0000000000000000000, -0.0000000000000000000, 1.000000000000000000 ) ) ;
#857 = CARTESIAN_POINT ( 'NONE',  ( 0.0000000000000000000, 0.0000000000000000000, 0.0000000000000000000 ) ) ;
#858 = ADVANCED_FACE ( 'NONE', ( #611 ), #152, .F. ) ;
#859 = SURFACE_STYLE_USAGE ( .BOTH. , #1449 ) ;
#860 = PLANE ( 'NONE',  #880 ) ;
#861 = ADVANCED_FACE ( 'NONE', ( #1280 ), #755, .T. ) ;
#862 = ORIENTED_EDGE ( 'NONE', *, *, #262, .F. ) ;
#863 = AXIS2_PLACEMENT_3D ( 'NONE', #259, #694, #1060 ) ;
#864 =( NAMED_UNIT ( * ) PLANE_ANGLE_UNIT ( ) SI_UNIT ( $, .RADIAN. ) );
#865 = EDGE_CURVE ( 'NONE', #271, #1463, #1099, .T. ) ;
#866 = LINE ( 'NONE', #379, #1418 ) ;
#867 = LINE ( 'NONE', #325, #1078 ) ;
#868 = DIRECTION ( 'NONE',  ( 0.0000000000000000000, 0.0000000000000000000, 1.000000000000000000 ) ) ;
#869 = LINE ( 'NONE', #1154, #274 ) ;
#870 = CARTESIAN_POINT ( 'NONE',  ( 3.306546357697853200E-016, 0.0000000000000000000, 2.699999999999999700 ) ) ;
#871 = EDGE_LOOP ( 'NONE', ( #98, #1399, #952, #305 ) ) ;
#872 = ADVANCED_FACE ( 'NONE', ( #957 ), #222, .T. ) ;
#873 = UNCERTAINTY_MEASURE_WITH_UNIT (LENGTH_MEASURE( 1.000000000000000100E-005 ), #1346, 'distance_accuracy_value', 'NONE');
#874 = EDGE_CURVE ( 'NONE', #394, #1163, #1438, .T. ) ;
#875 = CARTESIAN_POINT ( 'NONE',  ( 1.091594087384859800E-014, -13.00000000000000000, 1.270000000000011300 ) ) ;
#876 = VERTEX_POINT ( 'NONE', #870 ) ;
#877 = PLANE ( 'NONE',  #764 ) ;
#878 = EDGE_LOOP ( 'NONE', ( #1146, #207, #147, #1363 ) ) ;
#879 = DIRECTION ( 'NONE',  ( 0.0000000000000000000, -1.000000000000000000, 0.0000000000000000000 ) ) ;
#880 = AXIS2_PLACEMENT_3D ( 'NONE', #310, #628, #757 ) ;
#881 = EDGE_CURVE ( 'NONE', #105, #234, #336, .T. ) ;
#882 = DIRECTION ( 'NONE',  ( 0.0000000000000000000, 0.0000000000000000000, 1.000000000000000000 ) ) ;
#883 = ADVANCED_FACE ( 'NONE', ( #1348 ), #1091, .T. ) ;
#884 = CIRCLE ( 'NONE', #1252, 1.500000000000000200 ) ;
#885 = DIRECTION ( 'NONE',  ( 0.0000000000000000000, 0.0000000000000000000, -1.000000000000000000 ) ) ;
#886 = CARTESIAN_POINT ( 'NONE',  ( -1.270000000000000000, -13.00000000000000000, 0.0000000000000000000 ) ) ;
#887 = EDGE_LOOP ( 'NONE', ( #1247, #445, #1374, #1156 ) ) ;
#888 = AXIS2_PLACEMENT_3D ( 'NONE', #407, #964, #512 ) ;
#889 = EDGE_LOOP ( 'NONE', ( #1282, #1332 ) ) ;
#890 = FACE_OUTER_BOUND ( 'NONE', #604, .T. ) ;
#891 = CYLINDRICAL_SURFACE ( 'NONE', #744, 2.350000000000000100 ) ;
#892 = CARTESIAN_POINT ( 'NONE',  ( 1.091594087384859800E-014, 0.05000000000000002400, 1.045000000000011500 ) ) ;
#893 = DIRECTION ( 'NONE',  ( -0.0000000000000000000, -1.000000000000000000, -0.0000000000000000000 ) ) ;
#894 = VERTEX_POINT ( 'NONE', #521 ) ;
#895 = EDGE_CURVE ( 'NONE', #452, #320, #77, .T. ) ;
#896 = DIRECTION ( 'NONE',  ( 0.0000000000000000000, 0.0000000000000000000, 1.000000000000000000 ) ) ;
#897 = EDGE_LOOP ( 'NONE', ( #811, #673 ) ) ;
#898 = PLANE ( 'NONE',  #1138 ) ;
#899 = ORIENTED_EDGE ( 'NONE', *, *, #942, .T. ) ;
#900 = EDGE_CURVE ( 'NONE', #499, #817, #1036, .T. ) ;
#901 = CARTESIAN_POINT ( 'NONE',  ( 0.0000000000000000000, 3.399999999999999900, 1.500000000000000200 ) ) ;
#902 = CIRCLE ( 'NONE', #369, 0.5000000000000001100 ) ;
#903 = ORIENTED_EDGE ( 'NONE', *, *, #389, .T. ) ;
#904 = DIRECTION ( 'NONE',  ( 0.0000000000000000000, 0.0000000000000000000, 1.000000000000000000 ) ) ;
#905 = DIRECTION ( 'NONE',  ( 0.0000000000000000000, 0.0000000000000000000, 1.000000000000000000 ) ) ;
#906 = CARTESIAN_POINT ( 'NONE',  ( 1.270000000000023100, 0.2999999999999999900, 0.3175000000000001200 ) ) ;
#907 = COLOUR_RGB ( '',1.000000000000000000, 0.8117647058823529400, 0.5019607843137254800 ) ;
#908 = FILL_AREA_STYLE_COLOUR ( '', #560 ) ;
#909 = AXIS2_PLACEMENT_3D ( 'NONE', #933, #467, #250 ) ;
#910 = EDGE_CURVE ( 'NONE', #465, #430, #1182, .T. ) ;
#911 = PLANE ( 'NONE',  #745 ) ;
#912 = ORIENTED_EDGE ( 'NONE', *, *, #406, .F. ) ;
#913 = ORIENTED_EDGE ( 'NONE', *, *, #1291, .F. ) ;
#914 = DIRECTION ( 'NONE',  ( 0.0000000000000000000, 0.0000000000000000000, 1.000000000000000000 ) ) ;
#915 =( GEOMETRIC_REPRESENTATION_CONTEXT ( 3 ) GLOBAL_UNCERTAINTY_ASSIGNED_CONTEXT ( ( #381 ) ) GLOBAL_UNIT_ASSIGNED_CONTEXT ( ( #986, #552, #998 ) ) REPRESENTATION_CONTEXT ( 'NONE', 'WORKASPACE' ) );
#916 = DIRECTION ( 'NONE',  ( 0.0000000000000000000, -1.000000000000000000, 0.0000000000000000000 ) ) ;
#917 = DIRECTION ( 'NONE',  ( 0.0000000000000000000, -0.0000000000000000000, -1.000000000000000000 ) ) ;
#918 = CARTESIAN_POINT ( 'NONE',  ( 1.270000000000022900, -13.00000000000000000, -0.2249999999999998700 ) ) ;
#919 = CARTESIAN_POINT ( 'NONE',  ( 1.091594087384859800E-014, 0.05000000000000000300, 1.270000000000011300 ) ) ;
#920 = VERTEX_POINT ( 'NONE', #1043 ) ;
#921 = LINE ( 'NONE', #75, #1049 ) ;
#922 = FACE_OUTER_BOUND ( 'NONE', #706, .T. ) ;
#923 = AXIS2_PLACEMENT_3D ( 'NONE', #1196, #1208, #1430 ) ;
#924 = EDGE_CURVE ( 'NONE', #927, #705, #717, .T. ) ;
#925 = ORIENTED_EDGE ( 'NONE', *, *, #25, .T. ) ;
#926 = DIRECTION ( 'NONE',  ( 0.0000000000000000000, -1.000000000000000000, 0.0000000000000000000 ) ) ;
#927 = VERTEX_POINT ( 'NONE', #360 ) ;
#928 = DIRECTION ( 'NONE',  ( 0.0000000000000000000, 1.000000000000000000, -0.0000000000000000000 ) ) ;
#929 = DIRECTION ( 'NONE',  ( 0.0000000000000000000, 1.000000000000000000, -0.0000000000000000000 ) ) ;
#930 = MECHANICAL_DESIGN_GEOMETRIC_PRESENTATION_REPRESENTATION (  '', ( #696 ), #915 ) ;
#931 =( GEOMETRIC_REPRESENTATION_CONTEXT ( 3 ) GLOBAL_UNCERTAINTY_ASSIGNED_CONTEXT ( ( #1141 ) ) GLOBAL_UNIT_ASSIGNED_CONTEXT ( ( #1268, #570, #788 ) ) REPRESENTATION_CONTEXT ( 'NONE', 'WORKASPACE' ) );
#932 = SURFACE_STYLE_USAGE ( .BOTH. , #134 ) ;
#933 = CARTESIAN_POINT ( 'NONE',  ( 1.270000000000023100, 0.0000000000000000000, 0.0000000000000000000 ) ) ;
#934 = CARTESIAN_POINT ( 'NONE',  ( 1.091594087384859800E-014, -13.00000000000000000, 1.270000000000011300 ) ) ;
#935 = ORIENTED_EDGE ( 'NONE', *, *, #659, .T. ) ;
#936 = FACE_BOUND ( 'NONE', #1020, .T. ) ;
#937 = DIRECTION ( 'NONE',  ( 0.0000000000000000000, 0.0000000000000000000, 1.000000000000000000 ) ) ;
#938 = FACE_OUTER_BOUND ( 'NONE', #84, .T. ) ;
#939 = CIRCLE ( 'NONE', #1358, 2.699999999999999700 ) ;
#940 = AXIS2_PLACEMENT_3D ( 'NONE', #562, #1378, #896 ) ;
#941 = DIRECTION ( 'NONE',  ( -0.0000000000000000000, -1.000000000000000000, -0.0000000000000000000 ) ) ;
#942 = EDGE_CURVE ( 'NONE', #320, #452, #600, .T. ) ;
#943 = CARTESIAN_POINT ( 'NONE',  ( 1.270000000000022900, -13.00000000000000000, 0.0000000000000000000 ) ) ;
#944 = DIRECTION ( 'NONE',  ( 0.0000000000000000000, 0.0000000000000000000, 1.000000000000000000 ) ) ;
#945 = ORIENTED_EDGE ( 'NONE', *, *, #765, .T. ) ;
#946 = ORIENTED_EDGE ( 'NONE', *, *, #1046, .F. ) ;
#947 = EDGE_CURVE ( 'NONE', #263, #161, #356, .T. ) ;
#948 = DIRECTION ( 'NONE',  ( -0.0000000000000000000, -1.000000000000000000, -0.0000000000000000000 ) ) ;
#949 = AXIS2_PLACEMENT_3D ( 'NONE', #536, #1108, #1347 ) ;
#950 = EDGE_CURVE ( 'NONE', #1370, #248, #45, .T. ) ;
#951 = DIRECTION ( 'NONE',  ( -0.0000000000000000000, -1.000000000000000000, -0.0000000000000000000 ) ) ;
#952 = ORIENTED_EDGE ( 'NONE', *, *, #231, .T. ) ;
#953 = DIRECTION ( 'NONE',  ( 0.0000000000000000000, 0.0000000000000000000, -1.000000000000000000 ) ) ;
#954 = EDGE_LOOP ( 'NONE', ( #801, #1445, #496, #291 ) ) ;
#955 = FACE_OUTER_BOUND ( 'NONE', #804, .T. ) ;
#956 = FACE_OUTER_BOUND ( 'NONE', #225, .T. ) ;
#957 = FACE_OUTER_BOUND ( 'NONE', #130, .T. ) ;
#958 = CARTESIAN_POINT ( 'NONE',  ( 0.0000000000000000000, 3.600000000000000100, 0.0000000000000000000 ) ) ;
#959 = DIRECTION ( 'NONE',  ( 0.0000000000000000000, 0.0000000000000000000, -1.000000000000000000 ) ) ;
#960 = ORIENTED_EDGE ( 'NONE', *, *, #1474, .F. ) ;
#961 = DIRECTION ( 'NONE',  ( -0.0000000000000000000, -1.000000000000000000, -0.0000000000000000000 ) ) ;
#962 = ORIENTED_EDGE ( 'NONE', *, *, #1366, .T. ) ;
#963 = CARTESIAN_POINT ( 'NONE',  ( 0.0000000000000000000, 0.2999999999999999900, 0.0000000000000000000 ) ) ;
#964 = DIRECTION ( 'NONE',  ( 0.0000000000000000000, -1.000000000000000000, 0.0000000000000000000 ) ) ;
#965 = ADVANCED_FACE ( 'NONE', ( #425 ), #59, .T. ) ;
#966 = DIRECTION ( 'NONE',  ( 0.0000000000000000000, 0.0000000000000000000, 1.000000000000000000 ) ) ;
#967 = VECTOR ( 'NONE', #215, 1000.000000000000000 ) ;
#968 = EDGE_CURVE ( 'NONE', #612, #499, #123, .T. ) ;
#969 = CARTESIAN_POINT ( 'NONE',  ( 2.632990618166809700E-016, 3.799999999999999800, -1.950000000000000200 ) ) ;
#970 = DIRECTION ( 'NONE',  ( -0.0000000000000000000, -1.000000000000000000, -0.0000000000000000000 ) ) ;
#971 = EDGE_LOOP ( 'NONE', ( #572, #925, #1041, #1077 ) ) ;
#972 = CIRCLE ( 'NONE', #923, 2.350000000000000100 ) ;
#973 = ADVANCED_FACE ( 'NONE', ( #995 ), #1199, .F. ) ;
#974 = CIRCLE ( 'NONE', #416, 0.3175000000000001200 ) ;
#975 = ADVANCED_FACE ( 'NONE', ( #583 ), #1472, .T. ) ;
#976 = CARTESIAN_POINT ( 'NONE',  ( 1.270000000000022900, 0.0000000000000000000, 0.2249999999999998700 ) ) ;
#977 = CARTESIAN_POINT ( 'NONE',  ( 0.0000000000000000000, 3.600000000000000100, -1.500000000000000200 ) ) ;
#978 = MECHANICAL_DESIGN_GEOMETRIC_PRESENTATION_REPRESENTATION (  '', ( #671 ), #1058 ) ;
#979 = ORIENTED_EDGE ( 'NONE', *, *, #728, .F. ) ;
#980 = EDGE_LOOP ( 'NONE', ( #1186, #1298 ) ) ;
#981 = CARTESIAN_POINT ( 'NONE',  ( -2.138998013089302500, 0.0000000000000000000, -2.669328098979220100 ) ) ;
#982 = DIRECTION ( 'NONE',  ( 0.0000000000000000000, 0.0000000000000000000, -1.000000000000000000 ) ) ;
#983 = ADVANCED_FACE ( 'NONE', ( #648 ), #96, .T. ) ;
#984 = ORIENTED_EDGE ( 'NONE', *, *, #1398, .T. ) ;
#985 = DIRECTION ( 'NONE',  ( 0.0000000000000000000, 1.000000000000000000, -0.0000000000000000000 ) ) ;
#986 =( LENGTH_UNIT ( ) NAMED_UNIT ( * ) SI_UNIT ( .MILLI., .METRE. ) );
#987 = FACE_OUTER_BOUND ( 'NONE', #140, .T. ) ;
#988 = AXIS2_PLACEMENT_3D ( 'NONE', #180, #882, #644 ) ;
#989 =( NAMED_UNIT ( * ) PLANE_ANGLE_UNIT ( ) SI_UNIT ( $, .RADIAN. ) );
#990 = ORIENTED_EDGE ( 'NONE', *, *, #1320, .F. ) ;
#991 = VECTOR ( 'NONE', #961, 1000.000000000000000 ) ;
#992 = DIRECTION ( 'NONE',  ( -0.0000000000000000000, -1.000000000000000000, -0.0000000000000000000 ) ) ;
#993 =( LENGTH_UNIT ( ) NAMED_UNIT ( * ) SI_UNIT ( .MILLI., .METRE. ) );
#994 = FACE_BOUND ( 'NONE', #1434, .T. ) ;
#995 = FACE_OUTER_BOUND ( 'NONE', #1000, .T. ) ;
#996 = PLANE ( 'NONE',  #596 ) ;
#997 = ORIENTED_EDGE ( 'NONE', *, *, #213, .T. ) ;
#998 =( NAMED_UNIT ( * ) SI_UNIT ( $, .STERADIAN. ) SOLID_ANGLE_UNIT ( ) );
#999 = DIRECTION ( 'NONE',  ( 0.0000000000000000000, 0.0000000000000000000, 1.000000000000000000 ) ) ;
#1000 = EDGE_LOOP ( 'NONE', ( #799, #34, #899, #631 ) ) ;
#1001 = AXIS2_PLACEMENT_3D ( 'NONE', #963, #70, #514 ) ;
#1002 = EDGE_CURVE ( 'NONE', #1206, #632, #687, .T. ) ;
#1003 = ORIENTED_EDGE ( 'NONE', *, *, #900, .T. ) ;
#1004 = DIRECTION ( 'NONE',  ( 0.7071067811865489100, 0.0000000000000000000, -0.7071067811865461300 ) ) ;
#1005 = CARTESIAN_POINT ( 'NONE',  ( 0.0000000000000000000, 3.600000000000000100, -1.500000000000000200 ) ) ;
#1006 = SURFACE_STYLE_USAGE ( .BOTH. , #20 ) ;
#1007 = DIRECTION ( 'NONE',  ( -0.0000000000000000000, -1.000000000000000000, -0.0000000000000000000 ) ) ;
#1008 = CARTESIAN_POINT ( 'NONE',  ( 1.091594087384859800E-014, 0.0000000000000000000, 1.270000000000011300 ) ) ;
#1009 = CARTESIAN_POINT ( 'NONE',  ( -2.404163056034256800, 1.876168479503616200, -2.404163056034267100 ) ) ;
#1010 = AXIS2_PLACEMENT_3D ( 'NONE', #1334, #66, #1339 ) ;
#1011 = PRESENTATION_LAYER_ASSIGNMENT (  '', '', ( #573 ) ) ;
#1012 = EDGE_LOOP ( 'NONE', ( #903, #1026 ) ) ;
#1013 = FACE_BOUND ( 'NONE', #1155, .T. ) ;
#1014 = DIRECTION ( 'NONE',  ( 0.0000000000000000000, 1.000000000000000000, -0.0000000000000000000 ) ) ;
#1015 = CARTESIAN_POINT ( 'NONE',  ( 1.836970198721030200E-016, 3.600000000000000100, 1.500000000000000200 ) ) ;
#1016 = DIRECTION ( 'NONE',  ( 0.0000000000000000000, 1.000000000000000000, 0.0000000000000000000 ) ) ;
#1017 = EDGE_LOOP ( 'NONE', ( #1197, #1425 ) ) ;
#1018 = DIRECTION ( 'NONE',  ( -0.0000000000000000000, -1.000000000000000000, -0.0000000000000000000 ) ) ;
#1019 = AXIS2_PLACEMENT_3D ( 'NONE', #886, #1361, #1132 ) ;
#1020 = EDGE_LOOP ( 'NONE', ( #1150, #862 ) ) ;
#1021 = CARTESIAN_POINT ( 'NONE',  ( 1.270000000000023100, 0.2999999999999999900, 0.3175000000000001200 ) ) ;
#1022 = VERTEX_POINT ( 'NONE', #827 ) ;
#1023 = EDGE_CURVE ( 'NONE', #7, #1124, #318, .T. ) ;
#1024 = DIRECTION ( 'NONE',  ( -0.0000000000000000000, -1.000000000000000000, -0.0000000000000000000 ) ) ;
#1025 = DIRECTION ( 'NONE',  ( 0.0000000000000000000, 0.0000000000000000000, 1.000000000000000000 ) ) ;
#1026 = ORIENTED_EDGE ( 'NONE', *, *, #881, .T. ) ;
#1027 = EDGE_CURVE ( 'NONE', #819, #1167, #190, .T. ) ;
#1028 = CARTESIAN_POINT ( 'NONE',  ( 1.091594087384859800E-014, 0.05000000000000000300, 1.270000000000011300 ) ) ;
#1029 = ORIENTED_EDGE ( 'NONE', *, *, #389, .F. ) ;
#1030 = DIRECTION ( 'NONE',  ( 0.0000000000000000000, 0.0000000000000000000, 1.000000000000000000 ) ) ;
#1031 = ORIENTED_EDGE ( 'NONE', *, *, #227, .F. ) ;
#1032 = CYLINDRICAL_SURFACE ( 'NONE', #165, 1.500000000000000200 ) ;
#1033 = AXIS2_PLACEMENT_3D ( 'NONE', #1076, #395, #1322 ) ;
#1034 = EDGE_CURVE ( 'NONE', #1410, #1436, #386, .T. ) ;
#1035 = CIRCLE ( 'NONE', #261, 2.350000000000000100 ) ;
#1036 = CIRCLE ( 'NONE', #155, 2.350000000000000100 ) ;
#1037 = CARTESIAN_POINT ( 'NONE',  ( 1.097717321380596500E-014, 0.0000000000000000000, 1.770000000000011600 ) ) ;
#1038 = DIRECTION ( 'NONE',  ( -0.0000000000000000000, -1.000000000000000000, -0.0000000000000000000 ) ) ;
#1039 = ORIENTED_EDGE ( 'NONE', *, *, #202, .T. ) ;
#1040 = ORIENTED_EDGE ( 'NONE', *, *, #1259, .F. ) ;
#1041 = ORIENTED_EDGE ( 'NONE', *, *, #213, .F. ) ;
#1042 = AXIS2_PLACEMENT_3D ( 'NONE', #576, #591, #1406 ) ;
#1043 = CARTESIAN_POINT ( 'NONE',  ( 1.270000000000023100, 0.0000000000000000000, -0.3175000000000001200 ) ) ;
#1044 = CARTESIAN_POINT ( 'NONE',  ( 0.0000000000000000000, 3.399999999999999900, 1.950000000000000200 ) ) ;
#1045 = DIRECTION ( 'NONE',  ( 0.0000000000000000000, 1.000000000000000000, 0.0000000000000000000 ) ) ;
#1046 = EDGE_CURVE ( 'NONE', #362, #497, #869, .T. ) ;
#1047 = ORIENTED_EDGE ( 'NONE', *, *, #1105, .F. ) ;
#1048 = DIRECTION ( 'NONE',  ( 0.0000000000000000000, 0.0000000000000000000, -1.000000000000000000 ) ) ;
#1049 = VECTOR ( 'NONE', #970, 1000.000000000000000 ) ;
#1050 = DIRECTION ( 'NONE',  ( 0.0000000000000000000, 0.0000000000000000000, -1.000000000000000000 ) ) ;
#1051 = DIRECTION ( 'NONE',  ( 0.0000000000000000000, 0.0000000000000000000, 1.000000000000000000 ) ) ;
#1052 = EDGE_CURVE ( 'NONE', #105, #430, #1120, .T. ) ;
#1053 = EDGE_LOOP ( 'NONE', ( #229, #1127, #597, #1086 ) ) ;
#1054 = ORIENTED_EDGE ( 'NONE', *, *, #511, .T. ) ;
#1055 = ORIENTED_EDGE ( 'NONE', *, *, #910, .T. ) ;
#1056 = CARTESIAN_POINT ( 'NONE',  ( 0.2651650429449555800, 1.876168479503616200, -0.2651650429449546300 ) ) ;
#1057 = AXIS2_PLACEMENT_3D ( 'NONE', #1170, #136, #593 ) ;
#1058 =( GEOMETRIC_REPRESENTATION_CONTEXT ( 3 ) GLOBAL_UNCERTAINTY_ASSIGNED_CONTEXT ( ( #873 ) ) GLOBAL_UNIT_ASSIGNED_CONTEXT ( ( #1346, #431, #1240 ) ) REPRESENTATION_CONTEXT ( 'NONE', 'WORKASPACE' ) );
#1059 = PRESENTATION_STYLE_ASSIGNMENT (( #932 ) ) ;
#1060 = DIRECTION ( 'NONE',  ( 0.0000000000000000000, 0.0000000000000000000, -1.000000000000000000 ) ) ;
#1061 = DIRECTION ( 'NONE',  ( 0.0000000000000000000, 1.000000000000000000, -0.0000000000000000000 ) ) ;
#1062 = LINE ( 'NONE', #1317, #563 ) ;
#1063 = ORIENTED_EDGE ( 'NONE', *, *, #1002, .T. ) ;
#1064 = VECTOR ( 'NONE', #1130, 1000.000000000000000 ) ;
#1065 = CARTESIAN_POINT ( 'NONE',  ( -2.404163056034256800, 0.3999999999999999700, -2.404163056034267100 ) ) ;
#1066 = DIRECTION ( 'NONE',  ( 0.0000000000000000000, 0.0000000000000000000, 1.000000000000000000 ) ) ;
#1067 = CARTESIAN_POINT ( 'NONE',  ( 0.0000000000000000000, 3.600000000000000100, 0.0000000000000000000 ) ) ;
#1068 = EDGE_LOOP ( 'NONE', ( #82, #1063 ) ) ;
#1069 = DIRECTION ( 'NONE',  ( 0.0000000000000000000, 0.0000000000000000000, 1.000000000000000000 ) ) ;
#1070 = ORIENTED_EDGE ( 'NONE', *, *, #332, .T. ) ;
#1071 = ORIENTED_EDGE ( 'NONE', *, *, #312, .F. ) ;
#1072 = DIRECTION ( 'NONE',  ( 0.0000000000000000000, 1.000000000000000000, 0.0000000000000000000 ) ) ;
#1073 = AXIS2_PLACEMENT_3D ( 'NONE', #60, #508, #725 ) ;
#1074 = EDGE_CURVE ( 'NONE', #234, #465, #846, .T. ) ;
#1075 = CIRCLE ( 'NONE', #528, 2.350000000000000100 ) ;
#1076 = CARTESIAN_POINT ( 'NONE',  ( 0.0000000000000000000, 0.4000000000000000200, 0.0000000000000000000 ) ) ;
#1077 = ORIENTED_EDGE ( 'NONE', *, *, #153, .F. ) ;
#1078 = VECTOR ( 'NONE', #205, 1000.000000000000000 ) ;
#1079 = FACE_OUTER_BOUND ( 'NONE', #1243, .T. ) ;
#1080 = DIRECTION ( 'NONE',  ( -0.0000000000000000000, -1.000000000000000000, -0.0000000000000000000 ) ) ;
#1081 = EDGE_CURVE ( 'NONE', #141, #738, #567, .T. ) ;
#1082 = ORIENTED_EDGE ( 'NONE', *, *, #561, .T. ) ;
#1083 = DIRECTION ( 'NONE',  ( 0.0000000000000000000, 1.000000000000000000, 0.0000000000000000000 ) ) ;
#1084 = ADVANCED_FACE ( 'NONE', ( #1311, #543 ), #1387, .T. ) ;
#1085 = ORIENTED_EDGE ( 'NONE', *, *, #707, .F. ) ;
#1086 = ORIENTED_EDGE ( 'NONE', *, *, #690, .F. ) ;
#1087 = PLANE ( 'NONE',  #219 ) ;
#1088 =( NAMED_UNIT ( * ) PLANE_ANGLE_UNIT ( ) SI_UNIT ( $, .RADIAN. ) );
#1089 = AXIS2_PLACEMENT_3D ( 'NONE', #1161, #1285, #1048 ) ;
#1090 = ORIENTED_EDGE ( 'NONE', *, *, #1371, .F. ) ;
#1091 = PLANE ( 'NONE',  #824 ) ;
#1092 = ADVANCED_FACE ( 'NONE', ( #922 ), #239, .T. ) ;
#1093 = TOROIDAL_SURFACE ( 'NONE', #402, 1.700000000000000400, 0.2000000000000000100 ) ;
#1094 = CARTESIAN_POINT ( 'NONE',  ( 1.097717321380596500E-014, 0.05000000000000000300, 1.770000000000011600 ) ) ;
#1095 = CYLINDRICAL_SURFACE ( 'NONE', #1033, 2.699999999999999700 ) ;
#1096 = LINE ( 'NONE', #555, #1064 ) ;
#1097 = DIRECTION ( 'NONE',  ( 0.0000000000000000000, -1.000000000000000000, 0.0000000000000000000 ) ) ;
#1098 = VECTOR ( 'NONE', #89, 1000.000000000000000 ) ;
#1099 = CIRCLE ( 'NONE', #342, 1.500000000000000200 ) ;
#1100 = EDGE_CURVE ( 'NONE', #1436, #1410, #1421, .T. ) ;
#1101 = DIRECTION ( 'NONE',  ( 0.0000000000000000000, 0.0000000000000000000, 1.000000000000000000 ) ) ;
#1102 = CARTESIAN_POINT ( 'NONE',  ( 1.091594087384859800E-014, 0.05000000000000000300, 0.7700000000000112300 ) ) ;
#1103 = AXIS2_PLACEMENT_3D ( 'NONE', #53, #837, #1069 ) ;
#1104 = ORIENTED_EDGE ( 'NONE', *, *, #46, .T. ) ;
#1105 = EDGE_CURVE ( 'NONE', #149, #57, #831, .T. ) ;
#1106 = ORIENTED_EDGE ( 'NONE', *, *, #1176, .T. ) ;
#1107 = CARTESIAN_POINT ( 'NONE',  ( 0.0000000000000000000, 0.4000000000000000200, -2.699999999999999700 ) ) ;
#1108 = DIRECTION ( 'NONE',  ( 0.0000000000000000000, 1.000000000000000000, -0.0000000000000000000 ) ) ;
#1109 = ORIENTED_EDGE ( 'NONE', *, *, #947, .T. ) ;
#1110 = ADVANCED_FACE ( 'NONE', ( #812 ), #507, .T. ) ;
#1111 = FILL_AREA_STYLE_COLOUR ( '', #1365 ) ;
#1112 = DIRECTION ( 'NONE',  ( -0.0000000000000000000, -1.000000000000000000, -0.0000000000000000000 ) ) ;
#1113 = LINE ( 'NONE', #1246, #967 ) ;
#1114 = AXIS2_PLACEMENT_3D ( 'NONE', #232, #926, #1050 ) ;
#1115 = CLOSED_SHELL ( 'NONE', ( #73, #396, #838, #1110, #67, #80, #751, #1092, #1084, #404, #983, #171, #159, #861, #858, #1234, #292, #1432, #647, #1341 ) ) ;
#1116 = ORIENTED_EDGE ( 'NONE', *, *, #384, .T. ) ;
#1117 = DIRECTION ( 'NONE',  ( -0.0000000000000000000, 1.000000000000000000, -0.0000000000000000000 ) ) ;
#1118 = FACE_OUTER_BOUND ( 'NONE', #473, .T. ) ;
#1119 = CARTESIAN_POINT ( 'NONE',  ( 1.270000000000022900, 0.0000000000000000000, 0.0000000000000000000 ) ) ;
#1120 = LINE ( 'NONE', #695, #1159 ) ;
#1121 = FACE_OUTER_BOUND ( 'NONE', #1068, .T. ) ;
#1122 = EDGE_LOOP ( 'NONE', ( #281, #1070, #385, #532 ) ) ;
#1123 = DIRECTION ( 'NONE',  ( 0.0000000000000000000, 1.000000000000000000, -0.0000000000000000000 ) ) ;
#1124 = VERTEX_POINT ( 'NONE', #1286 ) ;
#1125 = CARTESIAN_POINT ( 'NONE',  ( 0.0000000000000000000, 3.399999999999999900, 0.0000000000000000000 ) ) ;
#1126 = CARTESIAN_POINT ( 'NONE',  ( 0.0000000000000000000, 3.600000000000000100, 0.0000000000000000000 ) ) ;
#1127 = ORIENTED_EDGE ( 'NONE', *, *, #1474, .T. ) ;
#1128 = EDGE_CURVE ( 'NONE', #1442, #738, #203, .T. ) ;
#1129 = EDGE_LOOP ( 'NONE', ( #372, #303, #212, #742 ) ) ;
#1130 = DIRECTION ( 'NONE',  ( 0.7071067811865463500, 0.0000000000000000000, 0.7071067811865487900 ) ) ;
#1131 = CARTESIAN_POINT ( 'NONE',  ( 0.0000000000000000000, 3.799999999999999800, 1.700000000000000400 ) ) ;
#1132 = DIRECTION ( 'NONE',  ( 0.0000000000000000000, -0.0000000000000000000, 1.000000000000000000 ) ) ;
#1133 = DIRECTION ( 'NONE',  ( -0.0000000000000000000, -1.000000000000000000, 0.0000000000000000000 ) ) ;
#1134 = DIRECTION ( 'NONE',  ( -0.0000000000000000000, -1.000000000000000000, -0.0000000000000000000 ) ) ;
#1135 = CIRCLE ( 'NONE', #71, 2.350000000000000100 ) ;
#1136 = DIRECTION ( 'NONE',  ( -0.0000000000000000000, -1.000000000000000000, -0.0000000000000000000 ) ) ;
#1137 = AXIS2_PLACEMENT_3D ( 'NONE', #1411, #702, #236 ) ;
#1138 = AXIS2_PLACEMENT_3D ( 'NONE', #1009, #3, #683 ) ;
#1139 = CIRCLE ( 'NONE', #1103, 2.350000000000000100 ) ;
#1140 = SURFACE_STYLE_FILL_AREA ( #106 ) ;
#1141 = UNCERTAINTY_MEASURE_WITH_UNIT (LENGTH_MEASURE( 1.000000000000000100E-005 ), #1268, 'distance_accuracy_value', 'NONE');
#1142 = CIRCLE ( 'NONE', #1283, 2.350000000000000100 ) ;
#1143 = CARTESIAN_POINT ( 'NONE',  ( 0.0000000000000000000, 0.0000000000000000000, 0.0000000000000000000 ) ) ;
#1144 = ORIENTED_EDGE ( 'NONE', *, *, #113, .T. ) ;
#1145 = DIRECTION ( 'NONE',  ( 0.0000000000000000000, -1.000000000000000000, 0.0000000000000000000 ) ) ;
#1146 = ORIENTED_EDGE ( 'NONE', *, *, #968, .F. ) ;
#1147 = PRODUCT_DEFINITION ( 'UNKNOWN', '', #1231, #537 ) ;
#1148 =( NAMED_UNIT ( * ) SI_UNIT ( $, .STERADIAN. ) SOLID_ANGLE_UNIT ( ) );
#1149 = PRODUCT ( 'S5971', 'S5971', '', ( #307 ) ) ;
#1150 = ORIENTED_EDGE ( 'NONE', *, *, #947, .F. ) ;
#1151 = FILL_AREA_STYLE ('',( #1357 ) ) ;
#1152 = DIRECTION ( 'NONE',  ( 0.0000000000000000000, 1.000000000000000000, 0.0000000000000000000 ) ) ;
#1153 = LINE ( 'NONE', #541, #625 ) ;
#1154 = CARTESIAN_POINT ( 'NONE',  ( 0.0000000000000000000, 0.4000000000000000200, -2.699999999999999700 ) ) ;
#1155 = EDGE_LOOP ( 'NONE', ( #1054, #1003 ) ) ;
#1156 = ORIENTED_EDGE ( 'NONE', *, *, #435, .F. ) ;
#1157 = AXIS2_PLACEMENT_3D ( 'NONE', #857, #154, #966 ) ;
#1158 = EDGE_CURVE ( 'NONE', #331, #1442, #258, .T. ) ;
#1159 = VECTOR ( 'NONE', #809, 1000.000000000000000 ) ;
#1160 = CIRCLE ( 'NONE', #230, 0.2249999999999998700 ) ;
#1161 = CARTESIAN_POINT ( 'NONE',  ( 1.270000000000022900, 0.0000000000000000000, 0.0000000000000000000 ) ) ;
#1162 = DIRECTION ( 'NONE',  ( 0.0000000000000000000, 0.0000000000000000000, 1.000000000000000000 ) ) ;
#1163 = VERTEX_POINT ( 'NONE', #918 ) ;
#1164 = CARTESIAN_POINT ( 'NONE',  ( 1.270000000000022900, 0.0000000000000000000, 0.0000000000000000000 ) ) ;
#1165 =( LENGTH_UNIT ( ) NAMED_UNIT ( * ) SI_UNIT ( .MILLI., .METRE. ) );
#1166 = ORIENTED_EDGE ( 'NONE', *, *, #464, .T. ) ;
#1167 = VERTEX_POINT ( 'NONE', #816 ) ;
#1168 = AXIS2_PLACEMENT_3D ( 'NONE', #1008, #1249, #1477 ) ;
#1169 = FILL_AREA_STYLE ('',( #1404 ) ) ;
#1170 = CARTESIAN_POINT ( 'NONE',  ( 0.0000000000000000000, 0.4000000000000001900, 0.0000000000000000000 ) ) ;
#1171 = DIRECTION ( 'NONE',  ( 0.0000000000000000000, 1.000000000000000000, -0.0000000000000000000 ) ) ;
#1172 = VERTEX_POINT ( 'NONE', #1037 ) ;
#1173 = TOROIDAL_SURFACE ( 'NONE', #287, 1.950000000000000200, 0.4000000000000000200 ) ;
#1174 = DIRECTION ( 'NONE',  ( 0.0000000000000000000, 1.000000000000000000, 0.0000000000000000000 ) ) ;
#1175 = ORIENTED_EDGE ( 'NONE', *, *, #231, .F. ) ;
#1176 = EDGE_CURVE ( 'NONE', #497, #876, #939, .T. ) ;
#1177 = CARTESIAN_POINT ( 'NONE',  ( 0.0000000000000000000, 3.799999999999999800, 0.0000000000000000000 ) ) ;
#1178 = AXIS2_PLACEMENT_3D ( 'NONE', #327, #1254, #914 ) ;
#1179 = SURFACE_STYLE_FILL_AREA ( #847 ) ;
#1180 = TOROIDAL_SURFACE ( 'NONE', #577, 1.700000000000000400, 0.2000000000000000100 ) ;
#1181 = LINE ( 'NONE', #643, #189 ) ;
#1182 = CIRCLE ( 'NONE', #909, 0.3175000000000001200 ) ;
#1183 = DIRECTION ( 'NONE',  ( 0.0000000000000000000, 0.0000000000000000000, 1.000000000000000000 ) ) ;
#1184 = DIRECTION ( 'NONE',  ( -0.0000000000000000000, -1.000000000000000000, -0.0000000000000000000 ) ) ;
#1185 = DIRECTION ( 'NONE',  ( 0.0000000000000000000, -0.0000000000000000000, -1.000000000000000000 ) ) ;
#1186 = ORIENTED_EDGE ( 'NONE', *, *, #1100, .T. ) ;
#1187 = ORIENTED_EDGE ( 'NONE', *, *, #841, .F. ) ;
#1188 = EDGE_CURVE ( 'NONE', #1305, #1227, #1458, .T. ) ;
#1189 = ADVANCED_BREP_SHAPE_REPRESENTATION ( 'S5971', ( #293, #44, #139, #1373, #822, #493, #559, #988 ), #547 ) ;
#1190 =( NAMED_UNIT ( * ) SI_UNIT ( $, .STERADIAN. ) SOLID_ANGLE_UNIT ( ) );
#1191 = CARTESIAN_POINT ( 'NONE',  ( 1.836970198721030200E-016, 3.600000000000000100, 1.500000000000000200 ) ) ;
#1192 = AXIS2_PLACEMENT_3D ( 'NONE', #606, #387, #173 ) ;
#1193 = EDGE_CURVE ( 'NONE', #531, #612, #1142, .T. ) ;
#1194 = CARTESIAN_POINT ( 'NONE',  ( 2.877919977996279300E-016, 3.799999999999999800, 2.350000000000000100 ) ) ;
#1195 = VECTOR ( 'NONE', #6, 1000.000000000000000 ) ;
#1196 = CARTESIAN_POINT ( 'NONE',  ( 0.0000000000000000000, 3.399999999999999900, 0.0000000000000000000 ) ) ;
#1197 = ORIENTED_EDGE ( 'NONE', *, *, #818, .T. ) ;
#1198 = FACE_OUTER_BOUND ( 'NONE', #675, .T. ) ;
#1199 = CYLINDRICAL_SURFACE ( 'NONE', #863, 0.5000000000000001100 ) ;
#1200 = FILL_AREA_STYLE_COLOUR ( '', #1453 ) ;
#1201 = AXIS2_PLACEMENT_3D ( 'NONE', #1402, #1171, #245 ) ;
#1202 = VECTOR ( 'NONE', #893, 1000.000000000000000 ) ;
#1203 = DIRECTION ( 'NONE',  ( 0.0000000000000000000, -0.0000000000000000000, 1.000000000000000000 ) ) ;
#1204 = ORIENTED_EDGE ( 'NONE', *, *, #610, .F. ) ;
#1205 = DIRECTION ( 'NONE',  ( -0.0000000000000000000, -1.000000000000000000, -0.0000000000000000000 ) ) ;
#1206 = VERTEX_POINT ( 'NONE', #1191 ) ;
#1207 = ORIENTED_EDGE ( 'NONE', *, *, #25, .F. ) ;
#1208 = DIRECTION ( 'NONE',  ( -0.0000000000000000000, -1.000000000000000000, 0.0000000000000000000 ) ) ;
#1209 = ADVANCED_FACE ( 'NONE', ( #527 ), #376, .T. ) ;
#1210 = ADVANCED_FACE ( 'NONE', ( #492 ), #255, .F. ) ;
#1211 = EDGE_CURVE ( 'NONE', #641, #1405, #599, .T. ) ;
#1212 = PLANE ( 'NONE',  #786 ) ;
#1213 = CARTESIAN_POINT ( 'NONE',  ( 0.0000000000000000000, 3.399999999999999900, 0.0000000000000000000 ) ) ;
#1214 = CARTESIAN_POINT ( 'NONE',  ( 0.0000000000000000000, 0.2999999999999999900, 0.0000000000000000000 ) ) ;
#1215 = ORIENTED_EDGE ( 'NONE', *, *, #483, .T. ) ;
#1216 = FACE_OUTER_BOUND ( 'NONE', #405, .T. ) ;
#1217 = CARTESIAN_POINT ( 'NONE',  ( 0.0000000000000000000, 3.399999999999999900, 0.0000000000000000000 ) ) ;
#1218 = CARTESIAN_POINT ( 'NONE',  ( 1.091594087384859800E-014, 0.0000000000000000000, 1.045000000000011500 ) ) ;
#1219 = SURFACE_STYLE_FILL_AREA ( #1151 ) ;
#1220 = ADVANCED_FACE ( 'NONE', ( #295 ), #594, .T. ) ;
#1221 = CARTESIAN_POINT ( 'NONE',  ( 0.0000000000000000000, 0.4000000000000000200, 0.0000000000000000000 ) ) ;
#1222 = MECHANICAL_DESIGN_GEOMETRIC_PRESENTATION_REPRESENTATION (  '', ( #1349 ), #184 ) ;
#1223 = AXIS2_PLACEMENT_3D ( 'NONE', #766, #1233, #102 ) ;
#1224 = ORIENTED_EDGE ( 'NONE', *, *, #539, .F. ) ;
#1225 = CARTESIAN_POINT ( 'NONE',  ( -1.270000000000000000, 0.05000000000000000300, -0.5000000000000001100 ) ) ;
#1226 = CARTESIAN_POINT ( 'NONE',  ( -2.669328098979213000, 0.3999999999999999700, -2.138998013089310900 ) ) ;
#1227 = VERTEX_POINT ( 'NONE', #1303 ) ;
#1228 = CARTESIAN_POINT ( 'NONE',  ( 1.270000000000022900, 0.0000000000000000000, 0.0000000000000000000 ) ) ;
#1229 = CARTESIAN_POINT ( 'NONE',  ( 1.270000000000023100, 0.2999999999999999900, 0.0000000000000000000 ) ) ;
#1230 = CARTESIAN_POINT ( 'NONE',  ( 2.877919977996279800E-016, 0.2999999999999999900, 2.350000000000000100 ) ) ;
#1231 = PRODUCT_DEFINITION_FORMATION_WITH_SPECIFIED_SOURCE ( 'ANY', '', #1149, .NOT_KNOWN. ) ;
#1232 = CYLINDRICAL_SURFACE ( 'NONE', #301, 2.350000000000000100 ) ;
#1233 = DIRECTION ( 'NONE',  ( 0.0000000000000000000, 1.000000000000000000, 0.0000000000000000000 ) ) ;
#1234 = ADVANCED_FACE ( 'NONE', ( #773, #150 ), #1299, .F. ) ;
#1235 = ORIENTED_EDGE ( 'NONE', *, *, #865, .F. ) ;
#1236 = VERTEX_POINT ( 'NONE', #601 ) ;
#1237 = PRESENTATION_STYLE_ASSIGNMENT (( #859 ) ) ;
#1238 = CIRCLE ( 'NONE', #1157, 2.350000000000000100 ) ;
#1239 = VECTOR ( 'NONE', #879, 1000.000000000000000 ) ;
#1240 =( NAMED_UNIT ( * ) SI_UNIT ( $, .STERADIAN. ) SOLID_ANGLE_UNIT ( ) );
#1241 = CARTESIAN_POINT ( 'NONE',  ( 0.0000000000000000000, 0.2999999999999999900, 0.0000000000000000000 ) ) ;
#1242 = PRESENTATION_LAYER_ASSIGNMENT (  '', '', ( #1349 ) ) ;
#1243 = EDGE_LOOP ( 'NONE', ( #72, #984, #1039, #1204 ) ) ;
#1244 = EDGE_CURVE ( 'NONE', #339, #362, #470, .T. ) ;
#1245 = PLANE ( 'NONE',  #1223 ) ;
#1246 = CARTESIAN_POINT ( 'NONE',  ( 0.0000000000000000000, 3.799999999999999800, -2.350000000000000100 ) ) ;
#1247 = ORIENTED_EDGE ( 'NONE', *, *, #1002, .F. ) ;
#1248 = CARTESIAN_POINT ( 'NONE',  ( 0.0000000000000000000, 1.876168479503616200, 0.0000000000000000000 ) ) ;
#1249 = DIRECTION ( 'NONE',  ( -0.0000000000000000000, -1.000000000000000000, -0.0000000000000000000 ) ) ;
#1250 = CARTESIAN_POINT ( 'NONE',  ( -1.270000000000000000, 0.05000000000000002400, 0.0000000000000000000 ) ) ;
#1251 = AXIS2_PLACEMENT_3D ( 'NONE', #346, #19, #456 ) ;
#1252 = AXIS2_PLACEMENT_3D ( 'NONE', #958, #1072, #1315 ) ;
#1253 = LINE ( 'NONE', #378, #1468 ) ;
#1254 = DIRECTION ( 'NONE',  ( 0.0000000000000000000, 1.000000000000000000, -0.0000000000000000000 ) ) ;
#1255 = CARTESIAN_POINT ( 'NONE',  ( 1.270000000000023100, 0.0000000000000000000, 0.0000000000000000000 ) ) ;
#1256 = VECTOR ( 'NONE', #1024, 1000.000000000000000 ) ;
#1257 = CARTESIAN_POINT ( 'NONE',  ( 0.0000000000000000000, 3.799999999999999800, 0.0000000000000000000 ) ) ;
#1258 = CIRCLE ( 'NONE', #1251, 0.5000000000000001100 ) ;
#1259 = EDGE_CURVE ( 'NONE', #141, #331, #1293, .T. ) ;
#1260 = AXIS2_PLACEMENT_3D ( 'NONE', #934, #349, #692 ) ;
#1261 = CARTESIAN_POINT ( 'NONE',  ( -1.270000000000000000, 0.05000000000000002400, 0.2249999999999998700 ) ) ;
#1262 = DIRECTION ( 'NONE',  ( 0.0000000000000000000, 0.0000000000000000000, 1.000000000000000000 ) ) ;
#1263 = ORIENTED_EDGE ( 'NONE', *, *, #457, .F. ) ;
#1264 = DIRECTION ( 'NONE',  ( 0.0000000000000000000, 1.000000000000000000, 0.0000000000000000000 ) ) ;
#1265 = VERTEX_POINT ( 'NONE', #568 ) ;
#1266 = DIRECTION ( 'NONE',  ( 0.0000000000000000000, 0.0000000000000000000, -1.000000000000000000 ) ) ;
#1267 = DIRECTION ( 'NONE',  ( 0.0000000000000000000, 1.000000000000000000, -0.0000000000000000000 ) ) ;
#1268 =( LENGTH_UNIT ( ) NAMED_UNIT ( * ) SI_UNIT ( .MILLI., .METRE. ) );
#1269 = EDGE_CURVE ( 'NONE', #57, #149, #9, .T. ) ;
#1270 = DIRECTION ( 'NONE',  ( 0.0000000000000000000, 0.0000000000000000000, -1.000000000000000000 ) ) ;
#1271 = SURFACE_SIDE_STYLE ('',( #1219 ) ) ;
#1272 = CARTESIAN_POINT ( 'NONE',  ( 1.091594087384859800E-014, 0.0000000000000000000, 1.270000000000011300 ) ) ;
#1273 = AXIS2_PLACEMENT_3D ( 'NONE', #615, #397, #737 ) ;
#1274 = EDGE_CURVE ( 'NONE', #1405, #1305, #1096, .T. ) ;
#1275 = ORIENTED_EDGE ( 'NONE', *, *, #697, .F. ) ;
#1276 = EDGE_LOOP ( 'NONE', ( #270, #945, #176, #32 ) ) ;
#1277 = CIRCLE ( 'NONE', #468, 1.500000000000000200 ) ;
#1278 = CIRCLE ( 'NONE', #840, 0.2249999999999998700 ) ;
#1279 = DIRECTION ( 'NONE',  ( 0.0000000000000000000, 0.0000000000000000000, -1.000000000000000000 ) ) ;
#1280 = FACE_OUTER_BOUND ( 'NONE', #409, .T. ) ;
#1281 = FILL_AREA_STYLE_COLOUR ( '', #907 ) ;
#1282 = ORIENTED_EDGE ( 'NONE', *, *, #534, .T. ) ;
#1283 = AXIS2_PLACEMENT_3D ( 'NONE', #829, #495, #1307 ) ;
#1284 = ORIENTED_EDGE ( 'NONE', *, *, #1269, .F. ) ;
#1285 = DIRECTION ( 'NONE',  ( -0.0000000000000000000, -1.000000000000000000, -0.0000000000000000000 ) ) ;
#1286 = CARTESIAN_POINT ( 'NONE',  ( 2.877919977996279800E-016, 0.0000000000000000000, 2.350000000000000100 ) ) ;
#1287 = DIRECTION ( 'NONE',  ( 0.0000000000000000000, 0.0000000000000000000, 1.000000000000000000 ) ) ;
#1288 = DIRECTION ( 'NONE',  ( 0.0000000000000000000, 0.0000000000000000000, -1.000000000000000000 ) ) ;
#1289 = CARTESIAN_POINT ( 'NONE',  ( 2.388061258337339100E-016, 3.399999999999999900, -1.950000000000000200 ) ) ;
#1290 = ORIENTED_EDGE ( 'NONE', *, *, #38, .T. ) ;
#1291 = EDGE_CURVE ( 'NONE', #1022, #691, #168, .T. ) ;
#1292 = VECTOR ( 'NONE', #420, 1000.000000000000000 ) ;
#1293 = CIRCLE ( 'NONE', #428, 2.350000000000000100 ) ;
#1294 =( NAMED_UNIT ( * ) PLANE_ANGLE_UNIT ( ) SI_UNIT ( $, .RADIAN. ) );
#1295 = VECTOR ( 'NONE', #663, 1000.000000000000000 ) ;
#1296 = DIRECTION ( 'NONE',  ( 0.0000000000000000000, 0.0000000000000000000, -1.000000000000000000 ) ) ;
#1297 = CARTESIAN_POINT ( 'NONE',  ( 0.0000000000000000000, 3.600000000000000100, 0.0000000000000000000 ) ) ;
#1298 = ORIENTED_EDGE ( 'NONE', *, *, #1034, .T. ) ;
#1299 = PLANE ( 'NONE',  #704 ) ;
#1300 = ORIENTED_EDGE ( 'NONE', *, *, #1350, .T. ) ;
#1301 = STYLED_ITEM ( 'NONE', ( #699 ), #559 ) ;
#1302 = EDGE_CURVE ( 'NONE', #820, #112, #1364, .T. ) ;
#1303 = CARTESIAN_POINT ( 'NONE',  ( -2.155849442838281500, 0.0000000000000000000, -1.625519356948378100 ) ) ;
#1304 = CIRCLE ( 'NONE', #49, 0.2249999999999998700 ) ;
#1305 = VERTEX_POINT ( 'NONE', #668 ) ;
#1306 = PRODUCT_RELATED_PRODUCT_CATEGORY ( 'part', '', ( #1149 ) ) ;
#1307 = DIRECTION ( 'NONE',  ( 0.0000000000000000000, 0.0000000000000000000, 1.000000000000000000 ) ) ;
#1308 = EDGE_LOOP ( 'NONE', ( #1175, #91, #1082, #1031 ) ) ;
#1309 = VECTOR ( 'NONE', #941, 1000.000000000000000 ) ;
#1310 = SURFACE_STYLE_FILL_AREA ( #451 ) ;
#1311 = FACE_BOUND ( 'NONE', #341, .T. ) ;
#1312 = CARTESIAN_POINT ( 'NONE',  ( 1.094349542682941200E-014, -13.00000000000000000, 1.495000000000011200 ) ) ;
#1313 = ORIENTED_EDGE ( 'NONE', *, *, #654, .T. ) ;
#1314 = ORIENTED_EDGE ( 'NONE', *, *, #874, .T. ) ;
#1315 = DIRECTION ( 'NONE',  ( 0.0000000000000000000, 0.0000000000000000000, 1.000000000000000000 ) ) ;
#1316 = EDGE_LOOP ( 'NONE', ( #853, #487 ) ) ;
#1317 = CARTESIAN_POINT ( 'NONE',  ( -1.625519356948370800, 1.876168479503616200, -2.155849442838287700 ) ) ;
#1318 = ADVANCED_FACE ( 'NONE', ( #439 ), #367, .T. ) ;
#1319 = MECHANICAL_DESIGN_GEOMETRIC_PRESENTATION_REPRESENTATION (  '', ( #635 ), #538 ) ;
#1320 = EDGE_CURVE ( 'NONE', #339, #876, #867, .T. ) ;
#1321 =( NAMED_UNIT ( * ) PLANE_ANGLE_UNIT ( ) SI_UNIT ( $, .RADIAN. ) );
#1322 = DIRECTION ( 'NONE',  ( 0.0000000000000000000, 0.0000000000000000000, -1.000000000000000000 ) ) ;
#1323 = DIRECTION ( 'NONE',  ( 0.0000000000000000000, 0.0000000000000000000, 1.000000000000000000 ) ) ;
#1324 = VERTEX_POINT ( 'NONE', #901 ) ;
#1325 = FACE_OUTER_BOUND ( 'NONE', #1053, .T. ) ;
#1326 = CIRCLE ( 'NONE', #1010, 0.3175000000000001200 ) ;
#1327 = MECHANICAL_DESIGN_GEOMETRIC_PRESENTATION_REPRESENTATION (  '', ( #573 ), #603 ) ;
#1328 = CIRCLE ( 'NONE', #12, 0.3175000000000001200 ) ;
#1329 =( NAMED_UNIT ( * ) SI_UNIT ( $, .STERADIAN. ) SOLID_ANGLE_UNIT ( ) );
#1330 = ORIENTED_EDGE ( 'NONE', *, *, #1291, .T. ) ;
#1331 = ADVANCED_FACE ( 'NONE', ( #334 ), #133, .F. ) ;
#1332 = ORIENTED_EDGE ( 'NONE', *, *, #1244, .T. ) ;
#1333 = ORIENTED_EDGE ( 'NONE', *, *, #1274, .T. ) ;
#1334 = CARTESIAN_POINT ( 'NONE',  ( 1.270000000000023100, 0.0000000000000000000, 0.0000000000000000000 ) ) ;
#1335 = DIRECTION ( 'NONE',  ( -0.0000000000000000000, -1.000000000000000000, -0.0000000000000000000 ) ) ;
#1336 = AXIS2_PLACEMENT_3D ( 'NONE', #1126, #1136, #679 ) ;
#1337 = AXIS2_PLACEMENT_3D ( 'NONE', #476, #1393, #37 ) ;
#1338 = DIRECTION ( 'NONE',  ( 0.0000000000000000000, -1.000000000000000000, 0.0000000000000000000 ) ) ;
#1339 = DIRECTION ( 'NONE',  ( 0.0000000000000000000, 0.0000000000000000000, 1.000000000000000000 ) ) ;
#1340 = DIRECTION ( 'NONE',  ( 0.0000000000000000000, 0.0000000000000000000, 1.000000000000000000 ) ) ;
#1341 = ADVANCED_FACE ( 'NONE', ( #955 ), #1180, .T. ) ;
#1342 = ORIENTED_EDGE ( 'NONE', *, *, #483, .F. ) ;
#1343 = DIRECTION ( 'NONE',  ( 0.0000000000000000000, 0.0000000000000000000, 1.000000000000000000 ) ) ;
#1344 = ORIENTED_EDGE ( 'NONE', *, *, #1081, .F. ) ;
#1345 = CYLINDRICAL_SURFACE ( 'NONE', #677, 0.2249999999999998700 ) ;
#1346 =( LENGTH_UNIT ( ) NAMED_UNIT ( * ) SI_UNIT ( .MILLI., .METRE. ) );
#1347 = DIRECTION ( 'NONE',  ( 0.0000000000000000000, 0.0000000000000000000, 1.000000000000000000 ) ) ;
#1348 = FACE_OUTER_BOUND ( 'NONE', #477, .T. ) ;
#1349 = STYLED_ITEM ( 'NONE', ( #828 ), #822 ) ;
#1350 = EDGE_CURVE ( 'NONE', #691, #149, #667, .T. ) ;
#1351 = CARTESIAN_POINT ( 'NONE',  ( -2.404163056034256800, 0.0000000000000000000, -2.404163056034267100 ) ) ;
#1352 = ORIENTED_EDGE ( 'NONE', *, *, #1320, .T. ) ;
#1353 = DIRECTION ( 'NONE',  ( 0.0000000000000000000, -1.000000000000000000, 0.0000000000000000000 ) ) ;
#1354 = EDGE_LOOP ( 'NONE', ( #516, #979 ) ) ;
#1355 = EDGE_LOOP ( 'NONE', ( #1224, #614, #313, #265 ) ) ;
#1356 = CARTESIAN_POINT ( 'NONE',  ( 1.270000000000023100, 0.2999999999999999900, -0.3175000000000001200 ) ) ;
#1357 = FILL_AREA_STYLE_COLOUR ( '', #776 ) ;
#1358 = AXIS2_PLACEMENT_3D ( 'NONE', #266, #1061, #1066 ) ;
#1359 = CARTESIAN_POINT ( 'NONE',  ( -0.2651650429449546900, 0.3999999999999999700, 0.2651650429449539700 ) ) ;
#1360 = APPLICATION_PROTOCOL_DEFINITION ( 'draft international standard', 'automotive_design', 1998, #90 ) ;
#1361 = DIRECTION ( 'NONE',  ( 0.0000000000000000000, 1.000000000000000000, 0.0000000000000000000 ) ) ;
#1362 = DIRECTION ( 'NONE',  ( 0.0000000000000000000, 0.0000000000000000000, 1.000000000000000000 ) ) ;
#1363 = ORIENTED_EDGE ( 'NONE', *, *, #900, .F. ) ;
#1364 = LINE ( 'NONE', #223, #1384 ) ;
#1365 = COLOUR_RGB ( '',1.000000000000000000, 0.8117647058823529400, 0.5019607843137254800 ) ;
#1366 = EDGE_CURVE ( 'NONE', #187, #1480, #642, .T. ) ;
#1367 = CARTESIAN_POINT ( 'NONE',  ( 1.091594087384859800E-014, 0.05000000000000000300, 1.270000000000011300 ) ) ;
#1368 = DIRECTION ( 'NONE',  ( 0.0000000000000000000, 1.000000000000000000, -0.0000000000000000000 ) ) ;
#1369 = DIRECTION ( 'NONE',  ( 0.0000000000000000000, -0.0000000000000000000, -1.000000000000000000 ) ) ;
#1370 = VERTEX_POINT ( 'NONE', #676 ) ;
#1371 = EDGE_CURVE ( 'NONE', #1480, #187, #565, .T. ) ;
#1372 = CARTESIAN_POINT ( 'NONE',  ( 0.0000000000000000000, 3.600000000000000100, 0.0000000000000000000 ) ) ;
#1373 = MANIFOLD_SOLID_BREP ( 'Pin 2', #174 ) ;
#1374 = ORIENTED_EDGE ( 'NONE', *, *, #865, .T. ) ;
#1375 = DIRECTION ( 'NONE',  ( 0.0000000000000000000, 0.0000000000000000000, 1.000000000000000000 ) ) ;
#1376 = DIRECTION ( 'NONE',  ( 0.0000000000000000000, 1.000000000000000000, -0.0000000000000000000 ) ) ;
#1377 = ORIENTED_EDGE ( 'NONE', *, *, #814, .T. ) ;
#1378 = DIRECTION ( 'NONE',  ( -0.0000000000000000000, -1.000000000000000000, 0.0000000000000000000 ) ) ;
#1379 = PLANE ( 'NONE',  #712 ) ;
#1380 = AXIS2_PLACEMENT_3D ( 'NONE', #1257, #1376, #1262 ) ;
#1381 = DIRECTION ( 'NONE',  ( 0.0000000000000000000, 0.0000000000000000000, 1.000000000000000000 ) ) ;
#1382 = VECTOR ( 'NONE', #729, 1000.000000000000100 ) ;
#1383 = ORIENTED_EDGE ( 'NONE', *, *, #1398, .F. ) ;
#1384 = VECTOR ( 'NONE', #214, 1000.000000000000000 ) ;
#1385 = FACE_OUTER_BOUND ( 'NONE', #1355, .T. ) ;
#1386 = LINE ( 'NONE', #415, #1239 ) ;
#1387 = PLANE ( 'NONE',  #806 ) ;
#1388 = AXIS2_PLACEMENT_3D ( 'NONE', #1289, #26, #805 ) ;
#1389 = DIRECTION ( 'NONE',  ( 0.0000000000000000000, 0.0000000000000000000, -1.000000000000000000 ) ) ;
#1390 = CARTESIAN_POINT ( 'NONE',  ( 1.097717321380596500E-014, 0.05000000000000000300, 1.770000000000011600 ) ) ;
#1391 = ORIENTED_EDGE ( 'NONE', *, *, #179, .F. ) ;
#1392 = VERTEX_POINT ( 'NONE', #976 ) ;
#1393 = DIRECTION ( 'NONE',  ( 0.0000000000000000000, 1.000000000000000000, -0.0000000000000000000 ) ) ;
#1394 = ORIENTED_EDGE ( 'NONE', *, *, #1350, .F. ) ;
#1395 = CARTESIAN_POINT ( 'NONE',  ( 1.091594087384859800E-014, 0.0000000000000000000, 1.270000000000011300 ) ) ;
#1396 = FACE_OUTER_BOUND ( 'NONE', #429, .T. ) ;
#1397 = MECHANICAL_DESIGN_GEOMETRIC_PRESENTATION_REPRESENTATION (  '', ( #1301 ), #688 ) ;
#1398 = EDGE_CURVE ( 'NONE', #187, #1172, #793, .T. ) ;
#1399 = ORIENTED_EDGE ( 'NONE', *, *, #312, .T. ) ;
#1400 = CARTESIAN_POINT ( 'NONE',  ( 1.091594087384859800E-014, 0.05000000000000002400, 1.270000000000011300 ) ) ;
#1401 = FACE_OUTER_BOUND ( 'NONE', #681, .T. ) ;
#1402 = CARTESIAN_POINT ( 'NONE',  ( 0.0000000000000000000, 3.600000000000000100, 0.0000000000000000000 ) ) ;
#1403 = PRESENTATION_STYLE_ASSIGNMENT (( #678 ) ) ;
#1404 = FILL_AREA_STYLE_COLOUR ( '', #790 ) ;
#1405 = VERTEX_POINT ( 'NONE', #981 ) ;
#1406 = DIRECTION ( 'NONE',  ( 0.0000000000000000000, 0.0000000000000000000, -1.000000000000000000 ) ) ;
#1407 = AXIS2_PLACEMENT_3D ( 'NONE', #1213, #1083, #856 ) ;
#1408 = AXIS2_PLACEMENT_3D ( 'NONE', #943, #1045, #937 ) ;
#1409 = ORIENTED_EDGE ( 'NONE', *, *, #659, .F. ) ;
#1410 = VERTEX_POINT ( 'NONE', #299 ) ;
#1411 = CARTESIAN_POINT ( 'NONE',  ( -1.270000000000000000, 0.0000000000000000000, 0.0000000000000000000 ) ) ;
#1412 = UNCERTAINTY_MEASURE_WITH_UNIT (LENGTH_MEASURE( 1.000000000000000100E-005 ), #504, 'distance_accuracy_value', 'NONE');
#1413 = ORIENTED_EDGE ( 'NONE', *, *, #1428, .F. ) ;
#1414 = AXIS2_PLACEMENT_3D ( 'NONE', #1255, #1368, #662 ) ;
#1415 = AXIS2_PLACEMENT_3D ( 'NONE', #1372, #338, #217 ) ;
#1416 = CARTESIAN_POINT ( 'NONE',  ( 0.0000000000000000000, 0.0000000000000000000, 0.0000000000000000000 ) ) ;
#1417 = UNCERTAINTY_MEASURE_WITH_UNIT (LENGTH_MEASURE( 1.000000000000000100E-005 ), #826, 'distance_accuracy_value', 'NONE');
#1418 = VECTOR ( 'NONE', #1446, 1000.000000000000000 ) ;
#1419 = FACE_OUTER_BOUND ( 'NONE', #1129, .T. ) ;
#1420 = LINE ( 'NONE', #1015, #848 ) ;
#1421 = CIRCLE ( 'NONE', #240, 0.5000000000000001100 ) ;
#1422 = DIRECTION ( 'NONE',  ( 0.0000000000000000000, 0.0000000000000000000, -1.000000000000000000 ) ) ;
#1423 = DIRECTION ( 'NONE',  ( 0.0000000000000000000, 1.000000000000000000, -0.0000000000000000000 ) ) ;
#1424 = EDGE_CURVE ( 'NONE', #248, #1370, #220, .T. ) ;
#1425 = ORIENTED_EDGE ( 'NONE', *, *, #131, .T. ) ;
#1426 = CARTESIAN_POINT ( 'NONE',  ( 0.0000000000000000000, 0.2999999999999999900, -2.350000000000000100 ) ) ;
#1427 = ORIENTED_EDGE ( 'NONE', *, *, #534, .F. ) ;
#1428 = EDGE_CURVE ( 'NONE', #920, #56, #1326, .T. ) ;
#1429 = EDGE_LOOP ( 'NONE', ( #830, #1479, #821, #1333 ) ) ;
#1430 = DIRECTION ( 'NONE',  ( 0.0000000000000000000, 0.0000000000000000000, 1.000000000000000000 ) ) ;
#1431 = SURFACE_STYLE_FILL_AREA ( #15 ) ;
#1432 = ADVANCED_FACE ( 'NONE', ( #1419 ), #1032, .F. ) ;
#1433 = DIRECTION ( 'NONE',  ( 0.0000000000000000000, 0.0000000000000000000, -1.000000000000000000 ) ) ;
#1434 = EDGE_LOOP ( 'NONE', ( #760, #282 ) ) ;
#1435 = PRESENTATION_LAYER_ASSIGNMENT (  '', '', ( #351 ) ) ;
#1436 = VERTEX_POINT ( 'NONE', #1225 ) ;
#1437 = FACE_BOUND ( 'NONE', #620, .T. ) ;
#1438 = LINE ( 'NONE', #754, #795 ) ;
#1439 = DIRECTION ( 'NONE',  ( -0.7071067811865484600, 0.0000000000000000000, 0.7071067811865465700 ) ) ;
#1440 = FACE_OUTER_BOUND ( 'NONE', #119, .T. ) ;
#1441 = ADVANCED_FACE ( 'NONE', ( #936, #715 ), #1212, .T. ) ;
#1442 = VERTEX_POINT ( 'NONE', #969 ) ;
#1443 = EDGE_LOOP ( 'NONE', ( #769, #850, #1166, #120 ) ) ;
#1444 = ORIENTED_EDGE ( 'NONE', *, *, #765, .F. ) ;
#1445 = ORIENTED_EDGE ( 'NONE', *, *, #21, .F. ) ;
#1446 = DIRECTION ( 'NONE',  ( -0.0000000000000000000, -1.000000000000000000, -0.0000000000000000000 ) ) ;
#1447 = EDGE_CURVE ( 'NONE', #1324, #640, #1277, .T. ) ;
#1448 = ADVANCED_FACE ( 'NONE', ( #422 ), #1345, .T. ) ;
#1449 = SURFACE_SIDE_STYLE ('',( #272 ) ) ;
#1450 = CIRCLE ( 'NONE', #417, 1.700000000000000400 ) ;
#1451 = CARTESIAN_POINT ( 'NONE',  ( -1.270000000000000000, 0.0000000000000000000, 0.0000000000000000000 ) ) ;
#1452 = CARTESIAN_POINT ( 'NONE',  ( 1.270000000000022900, -13.00000000000000000, 0.0000000000000000000 ) ) ;
#1453 = COLOUR_RGB ( '',0.7921568627450980000, 0.8196078431372548800, 0.9333333333333333500 ) ;
#1454 = DIRECTION ( 'NONE',  ( 0.0000000000000000000, 1.000000000000000000, 0.0000000000000000000 ) ) ;
#1455 = AXIS2_PLACEMENT_3D ( 'NONE', #78, #1338, #86 ) ;
#1456 = AXIS2_PLACEMENT_3D ( 'NONE', #720, #1264, #1203 ) ;
#1457 = LINE ( 'NONE', #1359, #135 ) ;
#1458 = CIRCLE ( 'NONE', #649, 2.699999999999999700 ) ;
#1459 = SURFACE_SIDE_STYLE ('',( #257 ) ) ;
#1460 = DIRECTION ( 'NONE',  ( 0.0000000000000000000, 1.000000000000000000, 0.0000000000000000000 ) ) ;
#1462 = DIRECTION ( 'NONE',  ( 0.0000000000000000000, 0.0000000000000000000, -1.000000000000000000 ) ) ;
#1461 = UNCERTAINTY_MEASURE_WITH_UNIT (LENGTH_MEASURE( 1.000000000000000100E-005 ), #1165, 'distance_accuracy_value', 'NONE');
#1463 = VERTEX_POINT ( 'NONE', #518 ) ;
#1464 = ORIENTED_EDGE ( 'NONE', *, *, #950, .T. ) ;
#1465 = CARTESIAN_POINT ( 'NONE',  ( 0.0000000000000000000, 0.3999999999999999700, 0.0000000000000000000 ) ) ;
#1466 = ADVANCED_FACE ( 'NONE', ( #121 ), #1087, .T. ) ;
#1467 = CARTESIAN_POINT ( 'NONE',  ( 1.091594087384859800E-014, 0.05000000000000000300, 1.270000000000011300 ) ) ;
#1468 = VECTOR ( 'NONE', #718, 1000.000000000000000 ) ;
#1469 = EDGE_LOOP ( 'NONE', ( #1290, #589 ) ) ;
#1470 = DIRECTION ( 'NONE',  ( -0.0000000000000000000, -1.000000000000000000, -0.0000000000000000000 ) ) ;
#1471 = CYLINDRICAL_SURFACE ( 'NONE', #368, 0.5000000000000001100 ) ;
#1472 = CYLINDRICAL_SURFACE ( 'NONE', #622, 1.500000000000000200 ) ;
#1473 = CIRCLE ( 'NONE', #1414, 0.3175000000000001200 ) ;
#1474 = EDGE_CURVE ( 'NONE', #1370, #819, #488, .T. ) ;
#1475 = SURFACE_SIDE_STYLE ('',( #1140 ) ) ;
#1476 = VERTEX_POINT ( 'NONE', #61 ) ;
#1477 = DIRECTION ( 'NONE',  ( 0.0000000000000000000, 0.0000000000000000000, -1.000000000000000000 ) ) ;
#1478 = CARTESIAN_POINT ( 'NONE',  ( -1.270000000000000000, -13.00000000000000000, 0.2249999999999998700 ) ) ;
#1479 = ORIENTED_EDGE ( 'NONE', *, *, #227, .T. ) ;
#1480 = VERTEX_POINT ( 'NONE', #166 ) ;
ENDSEC;
END-ISO-10303-21;
